version,run_number,test_name,test_path,phase,duration_sec,total_test_time
before,1,Test the plotting of the CHS profile shapes.,tests/structural_sections/steel/steel_cross_sections/test_chs_profile.py::Test suite for CHSSteelProfile.::Test the plotting of the CHS profile shapes.,call,25.35,71.18
before,1,Test the plot method (ensure it runs without errors).,tests/structural_sections/steel/steel_cross_sections/test_rhs_profile.py::Test suite for RHSSteelProfile.::Test the plot method (ensure it runs without errors).,call,24.04,71.18
before,1,Test the plot method (ensure it runs without errors).,tests/structural_sections/steel/steel_cross_sections/test_i_profile.py::Test suite for ISteelProfile.::Test the plot method (ensure it runs without errors).,call,21.76,71.18
before,1,Test the plotting of the CHS profile shapes.,tests/structural_sections/steel/steel_cross_sections/test_chs_profile.py::Test suite for CHSSteelProfile.::Test the plotting of the CHS profile shapes.,setup,0.0,71.18
before,1,Test the plot method (ensure it runs without errors).,tests/structural_sections/steel/steel_cross_sections/test_rhs_profile.py::Test suite for RHSSteelProfile.::Test the plot method (ensure it runs without errors).,setup,0.0,71.18
before,1,Test the plot method (ensure it runs without errors).,tests/structural_sections/steel/steel_cross_sections/test_i_profile.py::Test suite for ISteelProfile.::Test the plot method (ensure it runs without errors).,setup,0.0,71.18
before,1,Test the plot method (ensure it runs without errors).,tests/structural_sections/steel/steel_cross_sections/test_rhs_profile.py::Test suite for RHSSteelProfile.::Test the plot method (ensure it runs without errors).,teardown,0.0,71.18
before,1,Test the plotting of the CHS profile shapes.,tests/structural_sections/steel/steel_cross_sections/test_chs_profile.py::Test suite for CHSSteelProfile.::Test the plotting of the CHS profile shapes.,teardown,0.0,71.18
before,1,Test the plot method (ensure it runs without errors).,tests/structural_sections/steel/steel_cross_sections/test_i_profile.py::Test suite for ISteelProfile.::Test the plot method (ensure it runs without errors).,teardown,0.0,71.18
before,2,Test the plotting of the CHS profile shapes.,tests/structural_sections/steel/steel_cross_sections/test_chs_profile.py::Test suite for CHSSteelProfile.::Test the plotting of the CHS profile shapes.,call,25.23,71.27
before,2,Test the plot method (ensure it runs without errors).,tests/structural_sections/steel/steel_cross_sections/test_rhs_profile.py::Test suite for RHSSteelProfile.::Test the plot method (ensure it runs without errors).,call,24.26,71.27
before,2,Test the plot method (ensure it runs without errors).,tests/structural_sections/steel/steel_cross_sections/test_i_profile.py::Test suite for ISteelProfile.::Test the plot method (ensure it runs without errors).,call,21.75,71.27
before,2,Test the plotting of the CHS profile shapes.,tests/structural_sections/steel/steel_cross_sections/test_chs_profile.py::Test suite for CHSSteelProfile.::Test the plotting of the CHS profile shapes.,setup,0.0,71.27
before,2,Test the plot method (ensure it runs without errors).,tests/structural_sections/steel/steel_cross_sections/test_i_profile.py::Test suite for ISteelProfile.::Test the plot method (ensure it runs without errors).,setup,0.0,71.27
before,2,Test the plot method (ensure it runs without errors).,tests/structural_sections/steel/steel_cross_sections/test_rhs_profile.py::Test suite for RHSSteelProfile.::Test the plot method (ensure it runs without errors).,setup,0.0,71.27
before,2,Test the plotting of the CHS profile shapes.,tests/structural_sections/steel/steel_cross_sections/test_chs_profile.py::Test suite for CHSSteelProfile.::Test the plotting of the CHS profile shapes.,teardown,0.0,71.27
before,2,Test the plot method (ensure it runs without errors).,tests/structural_sections/steel/steel_cross_sections/test_rhs_profile.py::Test suite for RHSSteelProfile.::Test the plot method (ensure it runs without errors).,teardown,0.0,71.27
before,2,Test the plot method (ensure it runs without errors).,tests/structural_sections/steel/steel_cross_sections/test_i_profile.py::Test suite for ISteelProfile.::Test the plot method (ensure it runs without errors).,teardown,0.0,71.27
before,3,Test the plotting of the CHS profile shapes.,tests/structural_sections/steel/steel_cross_sections/test_chs_profile.py::Test suite for CHSSteelProfile.::Test the plotting of the CHS profile shapes.,call,25.26,70.52
before,3,Test the plot method (ensure it runs without errors).,tests/structural_sections/steel/steel_cross_sections/test_rhs_profile.py::Test suite for RHSSteelProfile.::Test the plot method (ensure it runs without errors).,call,23.39,70.52
before,3,Test the plot method (ensure it runs without errors).,tests/structural_sections/steel/steel_cross_sections/test_i_profile.py::Test suite for ISteelProfile.::Test the plot method (ensure it runs without errors).,call,21.85,70.52
before,3,Test the plotting of the CHS profile shapes.,tests/structural_sections/steel/steel_cross_sections/test_chs_profile.py::Test suite for CHSSteelProfile.::Test the plotting of the CHS profile shapes.,setup,0.0,70.52
before,3,Test the plot method (ensure it runs without errors).,tests/structural_sections/steel/steel_cross_sections/test_rhs_profile.py::Test suite for RHSSteelProfile.::Test the plot method (ensure it runs without errors).,setup,0.0,70.52
before,3,Test the plot method (ensure it runs without errors).,tests/structural_sections/steel/steel_cross_sections/test_i_profile.py::Test suite for ISteelProfile.::Test the plot method (ensure it runs without errors).,setup,0.0,70.52
before,3,Test the plotting of the CHS profile shapes.,tests/structural_sections/steel/steel_cross_sections/test_chs_profile.py::Test suite for CHSSteelProfile.::Test the plotting of the CHS profile shapes.,teardown,0.0,70.52
before,3,Test the plot method (ensure it runs without errors).,tests/structural_sections/steel/steel_cross_sections/test_rhs_profile.py::Test suite for RHSSteelProfile.::Test the plot method (ensure it runs without errors).,teardown,0.0,70.52
before,3,Test the plot method (ensure it runs without errors).,tests/structural_sections/steel/steel_cross_sections/test_i_profile.py::Test suite for ISteelProfile.::Test the plot method (ensure it runs without errors).,teardown,0.0,70.52
before,4,Test the plotting of the CHS profile shapes.,tests/structural_sections/steel/steel_cross_sections/test_chs_profile.py::Test suite for CHSSteelProfile.::Test the plotting of the CHS profile shapes.,call,25.16,71.1
before,4,Test the plot method (ensure it runs without errors).,tests/structural_sections/steel/steel_cross_sections/test_rhs_profile.py::Test suite for RHSSteelProfile.::Test the plot method (ensure it runs without errors).,call,24.11,71.1
before,4,Test the plot method (ensure it runs without errors).,tests/structural_sections/steel/steel_cross_sections/test_i_profile.py::Test suite for ISteelProfile.::Test the plot method (ensure it runs without errors).,call,21.8,71.1
before,4,Test the plotting of the CHS profile shapes.,tests/structural_sections/steel/steel_cross_sections/test_chs_profile.py::Test suite for CHSSteelProfile.::Test the plotting of the CHS profile shapes.,setup,0.0,71.1
before,4,Test the plot method (ensure it runs without errors).,tests/structural_sections/steel/steel_cross_sections/test_rhs_profile.py::Test suite for RHSSteelProfile.::Test the plot method (ensure it runs without errors).,setup,0.0,71.1
before,4,Test the plot method (ensure it runs without errors).,tests/structural_sections/steel/steel_cross_sections/test_i_profile.py::Test suite for ISteelProfile.::Test the plot method (ensure it runs without errors).,setup,0.0,71.1
before,4,Test the plot method (ensure it runs without errors).,tests/structural_sections/steel/steel_cross_sections/test_rhs_profile.py::Test suite for RHSSteelProfile.::Test the plot method (ensure it runs without errors).,teardown,0.0,71.1
before,4,Test the plot method (ensure it runs without errors).,tests/structural_sections/steel/steel_cross_sections/test_i_profile.py::Test suite for ISteelProfile.::Test the plot method (ensure it runs without errors).,teardown,0.0,71.1
before,4,Test the plotting of the CHS profile shapes.,tests/structural_sections/steel/steel_cross_sections/test_chs_profile.py::Test suite for CHSSteelProfile.::Test the plotting of the CHS profile shapes.,teardown,0.0,71.1
before,5,Test the plotting of the CHS profile shapes.,tests/structural_sections/steel/steel_cross_sections/test_chs_profile.py::Test suite for CHSSteelProfile.::Test the plotting of the CHS profile shapes.,call,25.32,70.5
before,5,Test the plot method (ensure it runs without errors).,tests/structural_sections/steel/steel_cross_sections/test_rhs_profile.py::Test suite for RHSSteelProfile.::Test the plot method (ensure it runs without errors).,call,23.43,70.5
before,5,Test the plot method (ensure it runs without errors).,tests/structural_sections/steel/steel_cross_sections/test_i_profile.py::Test suite for ISteelProfile.::Test the plot method (ensure it runs without errors).,call,21.73,70.5
before,5,Test the plotting of the CHS profile shapes.,tests/structural_sections/steel/steel_cross_sections/test_chs_profile.py::Test suite for CHSSteelProfile.::Test the plotting of the CHS profile shapes.,setup,0.0,70.5
before,5,Test the plot method (ensure it runs without errors).,tests/structural_sections/steel/steel_cross_sections/test_i_profile.py::Test suite for ISteelProfile.::Test the plot method (ensure it runs without errors).,setup,0.0,70.5
before,5,Test the plot method (ensure it runs without errors).,tests/structural_sections/steel/steel_cross_sections/test_rhs_profile.py::Test suite for RHSSteelProfile.::Test the plot method (ensure it runs without errors).,setup,0.0,70.5
before,5,Test the plot method (ensure it runs without errors).,tests/structural_sections/steel/steel_cross_sections/test_rhs_profile.py::Test suite for RHSSteelProfile.::Test the plot method (ensure it runs without errors).,teardown,0.0,70.5
before,5,Test the plotting of the CHS profile shapes.,tests/structural_sections/steel/steel_cross_sections/test_chs_profile.py::Test suite for CHSSteelProfile.::Test the plotting of the CHS profile shapes.,teardown,0.0,70.5
before,5,Test the plot method (ensure it runs without errors).,tests/structural_sections/steel/steel_cross_sections/test_i_profile.py::Test suite for ISteelProfile.::Test the plot method (ensure it runs without errors).,teardown,0.0,70.5
before,6,Test the plotting of the CHS profile shapes.,tests/structural_sections/steel/steel_cross_sections/test_chs_profile.py::Test suite for CHSSteelProfile.::Test the plotting of the CHS profile shapes.,call,25.23,71.5
before,6,Test the plot method (ensure it runs without errors).,tests/structural_sections/steel/steel_cross_sections/test_rhs_profile.py::Test suite for RHSSteelProfile.::Test the plot method (ensure it runs without errors).,call,24.44,71.5
before,6,Test the plot method (ensure it runs without errors).,tests/structural_sections/steel/steel_cross_sections/test_i_profile.py::Test suite for ISteelProfile.::Test the plot method (ensure it runs without errors).,call,21.81,71.5
before,6,Test the plotting of the CHS profile shapes.,tests/structural_sections/steel/steel_cross_sections/test_chs_profile.py::Test suite for CHSSteelProfile.::Test the plotting of the CHS profile shapes.,setup,0.0,71.5
before,6,Test the plot method (ensure it runs without errors).,tests/structural_sections/steel/steel_cross_sections/test_rhs_profile.py::Test suite for RHSSteelProfile.::Test the plot method (ensure it runs without errors).,setup,0.0,71.5
before,6,Test the plot method (ensure it runs without errors).,tests/structural_sections/steel/steel_cross_sections/test_i_profile.py::Test suite for ISteelProfile.::Test the plot method (ensure it runs without errors).,setup,0.0,71.5
before,6,Test the plot method (ensure it runs without errors).,tests/structural_sections/steel/steel_cross_sections/test_i_profile.py::Test suite for ISteelProfile.::Test the plot method (ensure it runs without errors).,teardown,0.0,71.5
before,6,Test the plotting of the CHS profile shapes.,tests/structural_sections/steel/steel_cross_sections/test_chs_profile.py::Test suite for CHSSteelProfile.::Test the plotting of the CHS profile shapes.,teardown,0.0,71.5
before,6,Test the plot method (ensure it runs without errors).,tests/structural_sections/steel/steel_cross_sections/test_rhs_profile.py::Test suite for RHSSteelProfile.::Test the plot method (ensure it runs without errors).,teardown,0.0,71.5
before,7,Test the plotting of the CHS profile shapes.,tests/structural_sections/steel/steel_cross_sections/test_chs_profile.py::Test suite for CHSSteelProfile.::Test the plotting of the CHS profile shapes.,call,25.12,69.02
before,7,Test the plot method (ensure it runs without errors).,tests/structural_sections/steel/steel_cross_sections/test_rhs_profile.py::Test suite for RHSSteelProfile.::Test the plot method (ensure it runs without errors).,call,22.18,69.02
before,7,Test the plot method (ensure it runs without errors).,tests/structural_sections/steel/steel_cross_sections/test_i_profile.py::Test suite for ISteelProfile.::Test the plot method (ensure it runs without errors).,call,21.7,69.02
before,7,Test the plotting of the CHS profile shapes.,tests/structural_sections/steel/steel_cross_sections/test_chs_profile.py::Test suite for CHSSteelProfile.::Test the plotting of the CHS profile shapes.,setup,0.0,69.02
before,7,Test the plot method (ensure it runs without errors).,tests/structural_sections/steel/steel_cross_sections/test_rhs_profile.py::Test suite for RHSSteelProfile.::Test the plot method (ensure it runs without errors).,setup,0.0,69.02
before,7,Test the plot method (ensure it runs without errors).,tests/structural_sections/steel/steel_cross_sections/test_i_profile.py::Test suite for ISteelProfile.::Test the plot method (ensure it runs without errors).,setup,0.0,69.02
before,7,Test the plot method (ensure it runs without errors).,tests/structural_sections/steel/steel_cross_sections/test_rhs_profile.py::Test suite for RHSSteelProfile.::Test the plot method (ensure it runs without errors).,teardown,0.0,69.02
before,7,Test the plotting of the CHS profile shapes.,tests/structural_sections/steel/steel_cross_sections/test_chs_profile.py::Test suite for CHSSteelProfile.::Test the plotting of the CHS profile shapes.,teardown,0.0,69.02
before,7,Test the plot method (ensure it runs without errors).,tests/structural_sections/steel/steel_cross_sections/test_i_profile.py::Test suite for ISteelProfile.::Test the plot method (ensure it runs without errors).,teardown,0.0,69.02
before,8,Test the plotting of the CHS profile shapes.,tests/structural_sections/steel/steel_cross_sections/test_chs_profile.py::Test suite for CHSSteelProfile.::Test the plotting of the CHS profile shapes.,call,25.39,70.29
before,8,Test the plot method (ensure it runs without errors).,tests/structural_sections/steel/steel_cross_sections/test_rhs_profile.py::Test suite for RHSSteelProfile.::Test the plot method (ensure it runs without errors).,call,23.1,70.29
before,8,Test the plot method (ensure it runs without errors).,tests/structural_sections/steel/steel_cross_sections/test_i_profile.py::Test suite for ISteelProfile.::Test the plot method (ensure it runs without errors).,call,21.78,70.29
before,8,Test the plotting of the CHS profile shapes.,tests/structural_sections/steel/steel_cross_sections/test_chs_profile.py::Test suite for CHSSteelProfile.::Test the plotting of the CHS profile shapes.,setup,0.0,70.29
before,8,Test the plot method (ensure it runs without errors).,tests/structural_sections/steel/steel_cross_sections/test_rhs_profile.py::Test suite for RHSSteelProfile.::Test the plot method (ensure it runs without errors).,setup,0.0,70.29
before,8,Test the plot method (ensure it runs without errors).,tests/structural_sections/steel/steel_cross_sections/test_i_profile.py::Test suite for ISteelProfile.::Test the plot method (ensure it runs without errors).,setup,0.0,70.29
before,8,Test the plotting of the CHS profile shapes.,tests/structural_sections/steel/steel_cross_sections/test_chs_profile.py::Test suite for CHSSteelProfile.::Test the plotting of the CHS profile shapes.,teardown,0.0,70.29
before,8,Test the plot method (ensure it runs without errors).,tests/structural_sections/steel/steel_cross_sections/test_rhs_profile.py::Test suite for RHSSteelProfile.::Test the plot method (ensure it runs without errors).,teardown,0.0,70.29
before,8,Test the plot method (ensure it runs without errors).,tests/structural_sections/steel/steel_cross_sections/test_i_profile.py::Test suite for ISteelProfile.::Test the plot method (ensure it runs without errors).,teardown,0.0,70.29
before,9,Test the plotting of the CHS profile shapes.,tests/structural_sections/steel/steel_cross_sections/test_chs_profile.py::Test suite for CHSSteelProfile.::Test the plotting of the CHS profile shapes.,call,25.28,71.4
before,9,Test the plot method (ensure it runs without errors).,tests/structural_sections/steel/steel_cross_sections/test_rhs_profile.py::Test suite for RHSSteelProfile.::Test the plot method (ensure it runs without errors).,call,24.19,71.4
before,9,Test the plot method (ensure it runs without errors).,tests/structural_sections/steel/steel_cross_sections/test_i_profile.py::Test suite for ISteelProfile.::Test the plot method (ensure it runs without errors).,call,21.9,71.4
before,9,Test the plotting of the CHS profile shapes.,tests/structural_sections/steel/steel_cross_sections/test_chs_profile.py::Test suite for CHSSteelProfile.::Test the plotting of the CHS profile shapes.,setup,0.0,71.4
before,9,Test the plot method (ensure it runs without errors).,tests/structural_sections/steel/steel_cross_sections/test_rhs_profile.py::Test suite for RHSSteelProfile.::Test the plot method (ensure it runs without errors).,setup,0.0,71.4
before,9,Test the plot method (ensure it runs without errors).,tests/structural_sections/steel/steel_cross_sections/test_i_profile.py::Test suite for ISteelProfile.::Test the plot method (ensure it runs without errors).,setup,0.0,71.4
before,9,Test the plot method (ensure it runs without errors).,tests/structural_sections/steel/steel_cross_sections/test_rhs_profile.py::Test suite for RHSSteelProfile.::Test the plot method (ensure it runs without errors).,teardown,0.0,71.4
before,9,Test the plotting of the CHS profile shapes.,tests/structural_sections/steel/steel_cross_sections/test_chs_profile.py::Test suite for CHSSteelProfile.::Test the plotting of the CHS profile shapes.,teardown,0.0,71.4
before,9,Test the plot method (ensure it runs without errors).,tests/structural_sections/steel/steel_cross_sections/test_i_profile.py::Test suite for ISteelProfile.::Test the plot method (ensure it runs without errors).,teardown,0.0,71.4
before,10,Test the plotting of the CHS profile shapes.,tests/structural_sections/steel/steel_cross_sections/test_chs_profile.py::Test suite for CHSSteelProfile.::Test the plotting of the CHS profile shapes.,call,25.44,71.61
before,10,Test the plot method (ensure it runs without errors).,tests/structural_sections/steel/steel_cross_sections/test_rhs_profile.py::Test suite for RHSSteelProfile.::Test the plot method (ensure it runs without errors).,call,24.26,71.61
before,10,Test the plot method (ensure it runs without errors).,tests/structural_sections/steel/steel_cross_sections/test_i_profile.py::Test suite for ISteelProfile.::Test the plot method (ensure it runs without errors).,call,21.89,71.61
before,10,Test the plotting of the CHS profile shapes.,tests/structural_sections/steel/steel_cross_sections/test_chs_profile.py::Test suite for CHSSteelProfile.::Test the plotting of the CHS profile shapes.,setup,0.0,71.61
before,10,Test the plot method (ensure it runs without errors).,tests/structural_sections/steel/steel_cross_sections/test_rhs_profile.py::Test suite for RHSSteelProfile.::Test the plot method (ensure it runs without errors).,setup,0.0,71.61
before,10,Test the plot method (ensure it runs without errors).,tests/structural_sections/steel/steel_cross_sections/test_i_profile.py::Test suite for ISteelProfile.::Test the plot method (ensure it runs without errors).,setup,0.0,71.61
before,10,Test the plot method (ensure it runs without errors).,tests/structural_sections/steel/steel_cross_sections/test_rhs_profile.py::Test suite for RHSSteelProfile.::Test the plot method (ensure it runs without errors).,teardown,0.0,71.61
before,10,Test the plotting of the CHS profile shapes.,tests/structural_sections/steel/steel_cross_sections/test_chs_profile.py::Test suite for CHSSteelProfile.::Test the plotting of the CHS profile shapes.,teardown,0.0,71.61
before,10,Test the plot method (ensure it runs without errors).,tests/structural_sections/steel/steel_cross_sections/test_i_profile.py::Test suite for ISteelProfile.::Test the plot method (ensure it runs without errors).,teardown,0.0,71.61
before,11,Test the plotting of the CHS profile shapes.,tests/structural_sections/steel/steel_cross_sections/test_chs_profile.py::Test suite for CHSSteelProfile.::Test the plotting of the CHS profile shapes.,call,25.2,70.02
before,11,Test the plot method (ensure it runs without errors).,tests/structural_sections/steel/steel_cross_sections/test_rhs_profile.py::Test suite for RHSSteelProfile.::Test the plot method (ensure it runs without errors).,call,23.15,70.02
before,11,Test the plot method (ensure it runs without errors).,tests/structural_sections/steel/steel_cross_sections/test_i_profile.py::Test suite for ISteelProfile.::Test the plot method (ensure it runs without errors).,call,21.65,70.02
before,11,Test the plotting of the CHS profile shapes.,tests/structural_sections/steel/steel_cross_sections/test_chs_profile.py::Test suite for CHSSteelProfile.::Test the plotting of the CHS profile shapes.,setup,0.0,70.02
before,11,Test the plot method (ensure it runs without errors).,tests/structural_sections/steel/steel_cross_sections/test_rhs_profile.py::Test suite for RHSSteelProfile.::Test the plot method (ensure it runs without errors).,setup,0.0,70.02
before,11,Test the plot method (ensure it runs without errors).,tests/structural_sections/steel/steel_cross_sections/test_i_profile.py::Test suite for ISteelProfile.::Test the plot method (ensure it runs without errors).,setup,0.0,70.02
before,11,Test the plotting of the CHS profile shapes.,tests/structural_sections/steel/steel_cross_sections/test_chs_profile.py::Test suite for CHSSteelProfile.::Test the plotting of the CHS profile shapes.,teardown,0.0,70.02
before,11,Test the plot method (ensure it runs without errors).,tests/structural_sections/steel/steel_cross_sections/test_rhs_profile.py::Test suite for RHSSteelProfile.::Test the plot method (ensure it runs without errors).,teardown,0.0,70.02
before,11,Test the plot method (ensure it runs without errors).,tests/structural_sections/steel/steel_cross_sections/test_i_profile.py::Test suite for ISteelProfile.::Test the plot method (ensure it runs without errors).,teardown,0.0,70.02
before,12,Test the plotting of the CHS profile shapes.,tests/structural_sections/steel/steel_cross_sections/test_chs_profile.py::Test suite for CHSSteelProfile.::Test the plotting of the CHS profile shapes.,call,25.33,70.1
before,12,Test the plot method (ensure it runs without errors).,tests/structural_sections/steel/steel_cross_sections/test_rhs_profile.py::Test suite for RHSSteelProfile.::Test the plot method (ensure it runs without errors).,call,23.01,70.1
before,12,Test the plot method (ensure it runs without errors).,tests/structural_sections/steel/steel_cross_sections/test_i_profile.py::Test suite for ISteelProfile.::Test the plot method (ensure it runs without errors).,call,21.75,70.1
before,12,Test the plotting of the CHS profile shapes.,tests/structural_sections/steel/steel_cross_sections/test_chs_profile.py::Test suite for CHSSteelProfile.::Test the plotting of the CHS profile shapes.,setup,0.0,70.1
before,12,Test the plot method (ensure it runs without errors).,tests/structural_sections/steel/steel_cross_sections/test_rhs_profile.py::Test suite for RHSSteelProfile.::Test the plot method (ensure it runs without errors).,setup,0.0,70.1
before,12,Test the plot method (ensure it runs without errors).,tests/structural_sections/steel/steel_cross_sections/test_i_profile.py::Test suite for ISteelProfile.::Test the plot method (ensure it runs without errors).,setup,0.0,70.1
before,12,Test the plot method (ensure it runs without errors).,tests/structural_sections/steel/steel_cross_sections/test_rhs_profile.py::Test suite for RHSSteelProfile.::Test the plot method (ensure it runs without errors).,teardown,0.0,70.1
before,12,Test the plotting of the CHS profile shapes.,tests/structural_sections/steel/steel_cross_sections/test_chs_profile.py::Test suite for CHSSteelProfile.::Test the plotting of the CHS profile shapes.,teardown,0.0,70.1
before,12,Test the plot method (ensure it runs without errors).,tests/structural_sections/steel/steel_cross_sections/test_i_profile.py::Test suite for ISteelProfile.::Test the plot method (ensure it runs without errors).,teardown,0.0,70.1
before,13,Test the plotting of the CHS profile shapes.,tests/structural_sections/steel/steel_cross_sections/test_chs_profile.py::Test suite for CHSSteelProfile.::Test the plotting of the CHS profile shapes.,call,25.48,71.03
before,13,Test the plot method (ensure it runs without errors).,tests/structural_sections/steel/steel_cross_sections/test_rhs_profile.py::Test suite for RHSSteelProfile.::Test the plot method (ensure it runs without errors).,call,23.58,71.03
before,13,Test the plot method (ensure it runs without errors).,tests/structural_sections/steel/steel_cross_sections/test_i_profile.py::Test suite for ISteelProfile.::Test the plot method (ensure it runs without errors).,call,21.95,71.03
before,13,Test the plotting of the CHS profile shapes.,tests/structural_sections/steel/steel_cross_sections/test_chs_profile.py::Test suite for CHSSteelProfile.::Test the plotting of the CHS profile shapes.,setup,0.0,71.03
before,13,Test the plot method (ensure it runs without errors).,tests/structural_sections/steel/steel_cross_sections/test_rhs_profile.py::Test suite for RHSSteelProfile.::Test the plot method (ensure it runs without errors).,setup,0.0,71.03
before,13,Test the plot method (ensure it runs without errors).,tests/structural_sections/steel/steel_cross_sections/test_i_profile.py::Test suite for ISteelProfile.::Test the plot method (ensure it runs without errors).,setup,0.0,71.03
before,13,Test the plot method (ensure it runs without errors).,tests/structural_sections/steel/steel_cross_sections/test_rhs_profile.py::Test suite for RHSSteelProfile.::Test the plot method (ensure it runs without errors).,teardown,0.0,71.03
before,13,Test the plotting of the CHS profile shapes.,tests/structural_sections/steel/steel_cross_sections/test_chs_profile.py::Test suite for CHSSteelProfile.::Test the plotting of the CHS profile shapes.,teardown,0.0,71.03
before,13,Test the plot method (ensure it runs without errors).,tests/structural_sections/steel/steel_cross_sections/test_i_profile.py::Test suite for ISteelProfile.::Test the plot method (ensure it runs without errors).,teardown,0.0,71.03
before,14,Test the plotting of the CHS profile shapes.,tests/structural_sections/steel/steel_cross_sections/test_chs_profile.py::Test suite for CHSSteelProfile.::Test the plotting of the CHS profile shapes.,call,25.33,70.48
before,14,Test the plot method (ensure it runs without errors).,tests/structural_sections/steel/steel_cross_sections/test_rhs_profile.py::Test suite for RHSSteelProfile.::Test the plot method (ensure it runs without errors).,call,23.35,70.48
before,14,Test the plot method (ensure it runs without errors).,tests/structural_sections/steel/steel_cross_sections/test_i_profile.py::Test suite for ISteelProfile.::Test the plot method (ensure it runs without errors).,call,21.78,70.48
before,14,Test the plotting of the CHS profile shapes.,tests/structural_sections/steel/steel_cross_sections/test_chs_profile.py::Test suite for CHSSteelProfile.::Test the plotting of the CHS profile shapes.,setup,0.0,70.48
before,14,Test the plot method (ensure it runs without errors).,tests/structural_sections/steel/steel_cross_sections/test_i_profile.py::Test suite for ISteelProfile.::Test the plot method (ensure it runs without errors).,setup,0.0,70.48
before,14,Test the plot method (ensure it runs without errors).,tests/structural_sections/steel/steel_cross_sections/test_rhs_profile.py::Test suite for RHSSteelProfile.::Test the plot method (ensure it runs without errors).,setup,0.0,70.48
before,14,Test the plot method (ensure it runs without errors).,tests/structural_sections/steel/steel_cross_sections/test_rhs_profile.py::Test suite for RHSSteelProfile.::Test the plot method (ensure it runs without errors).,teardown,0.0,70.48
before,14,Test the plotting of the CHS profile shapes.,tests/structural_sections/steel/steel_cross_sections/test_chs_profile.py::Test suite for CHSSteelProfile.::Test the plotting of the CHS profile shapes.,teardown,0.0,70.48
before,14,Test the plot method (ensure it runs without errors).,tests/structural_sections/steel/steel_cross_sections/test_i_profile.py::Test suite for ISteelProfile.::Test the plot method (ensure it runs without errors).,teardown,0.0,70.48
before,15,Test the plotting of the CHS profile shapes.,tests/structural_sections/steel/steel_cross_sections/test_chs_profile.py::Test suite for CHSSteelProfile.::Test the plotting of the CHS profile shapes.,call,25.36,71.53
before,15,Test the plot method (ensure it runs without errors).,tests/structural_sections/steel/steel_cross_sections/test_rhs_profile.py::Test suite for RHSSteelProfile.::Test the plot method (ensure it runs without errors).,call,24.36,71.53
before,15,Test the plot method (ensure it runs without errors).,tests/structural_sections/steel/steel_cross_sections/test_i_profile.py::Test suite for ISteelProfile.::Test the plot method (ensure it runs without errors).,call,21.78,71.53
before,15,Test the plotting of the CHS profile shapes.,tests/structural_sections/steel/steel_cross_sections/test_chs_profile.py::Test suite for CHSSteelProfile.::Test the plotting of the CHS profile shapes.,setup,0.0,71.53
before,15,Test the plot method (ensure it runs without errors).,tests/structural_sections/steel/steel_cross_sections/test_rhs_profile.py::Test suite for RHSSteelProfile.::Test the plot method (ensure it runs without errors).,setup,0.0,71.53
before,15,Test the plot method (ensure it runs without errors).,tests/structural_sections/steel/steel_cross_sections/test_i_profile.py::Test suite for ISteelProfile.::Test the plot method (ensure it runs without errors).,setup,0.0,71.53
before,15,Test the plotting of the CHS profile shapes.,tests/structural_sections/steel/steel_cross_sections/test_chs_profile.py::Test suite for CHSSteelProfile.::Test the plotting of the CHS profile shapes.,teardown,0.0,71.53
before,15,Test the plot method (ensure it runs without errors).,tests/structural_sections/steel/steel_cross_sections/test_rhs_profile.py::Test suite for RHSSteelProfile.::Test the plot method (ensure it runs without errors).,teardown,0.0,71.53
before,15,Test the plot method (ensure it runs without errors).,tests/structural_sections/steel/steel_cross_sections/test_i_profile.py::Test suite for ISteelProfile.::Test the plot method (ensure it runs without errors).,teardown,0.0,71.53
before,16,Test the plotting of the CHS profile shapes.,tests/structural_sections/steel/steel_cross_sections/test_chs_profile.py::Test suite for CHSSteelProfile.::Test the plotting of the CHS profile shapes.,call,25.13,69.6
before,16,Test the plot method (ensure it runs without errors).,tests/structural_sections/steel/steel_cross_sections/test_rhs_profile.py::Test suite for RHSSteelProfile.::Test the plot method (ensure it runs without errors).,call,22.88,69.6
before,16,Test the plot method (ensure it runs without errors).,tests/structural_sections/steel/steel_cross_sections/test_i_profile.py::Test suite for ISteelProfile.::Test the plot method (ensure it runs without errors).,call,21.57,69.6
before,16,Test the plotting of the CHS profile shapes.,tests/structural_sections/steel/steel_cross_sections/test_chs_profile.py::Test suite for CHSSteelProfile.::Test the plotting of the CHS profile shapes.,setup,0.0,69.6
before,16,Test the plot method (ensure it runs without errors).,tests/structural_sections/steel/steel_cross_sections/test_rhs_profile.py::Test suite for RHSSteelProfile.::Test the plot method (ensure it runs without errors).,setup,0.0,69.6
before,16,Test the plot method (ensure it runs without errors).,tests/structural_sections/steel/steel_cross_sections/test_i_profile.py::Test suite for ISteelProfile.::Test the plot method (ensure it runs without errors).,setup,0.0,69.6
before,16,Test the plotting of the CHS profile shapes.,tests/structural_sections/steel/steel_cross_sections/test_chs_profile.py::Test suite for CHSSteelProfile.::Test the plotting of the CHS profile shapes.,teardown,0.0,69.6
before,16,Test the plot method (ensure it runs without errors).,tests/structural_sections/steel/steel_cross_sections/test_rhs_profile.py::Test suite for RHSSteelProfile.::Test the plot method (ensure it runs without errors).,teardown,0.0,69.6
before,16,Test the plot method (ensure it runs without errors).,tests/structural_sections/steel/steel_cross_sections/test_i_profile.py::Test suite for ISteelProfile.::Test the plot method (ensure it runs without errors).,teardown,0.0,69.6
before,17,Test the plotting of the CHS profile shapes.,tests/structural_sections/steel/steel_cross_sections/test_chs_profile.py::Test suite for CHSSteelProfile.::Test the plotting of the CHS profile shapes.,call,25.15,71.16
before,17,Test the plot method (ensure it runs without errors).,tests/structural_sections/steel/steel_cross_sections/test_rhs_profile.py::Test suite for RHSSteelProfile.::Test the plot method (ensure it runs without errors).,call,24.21,71.16
before,17,Test the plot method (ensure it runs without errors).,tests/structural_sections/steel/steel_cross_sections/test_i_profile.py::Test suite for ISteelProfile.::Test the plot method (ensure it runs without errors).,call,21.78,71.16
before,17,Test the plotting of the CHS profile shapes.,tests/structural_sections/steel/steel_cross_sections/test_chs_profile.py::Test suite for CHSSteelProfile.::Test the plotting of the CHS profile shapes.,setup,0.0,71.16
before,17,Test the plot method (ensure it runs without errors).,tests/structural_sections/steel/steel_cross_sections/test_rhs_profile.py::Test suite for RHSSteelProfile.::Test the plot method (ensure it runs without errors).,setup,0.0,71.16
before,17,Test the plot method (ensure it runs without errors).,tests/structural_sections/steel/steel_cross_sections/test_i_profile.py::Test suite for ISteelProfile.::Test the plot method (ensure it runs without errors).,setup,0.0,71.16
before,17,Test the plotting of the CHS profile shapes.,tests/structural_sections/steel/steel_cross_sections/test_chs_profile.py::Test suite for CHSSteelProfile.::Test the plotting of the CHS profile shapes.,teardown,0.0,71.16
before,17,Test the plot method (ensure it runs without errors).,tests/structural_sections/steel/steel_cross_sections/test_rhs_profile.py::Test suite for RHSSteelProfile.::Test the plot method (ensure it runs without errors).,teardown,0.0,71.16
before,17,Test the plot method (ensure it runs without errors).,tests/structural_sections/steel/steel_cross_sections/test_i_profile.py::Test suite for ISteelProfile.::Test the plot method (ensure it runs without errors).,teardown,0.0,71.16
before,18,Test the plotting of the CHS profile shapes.,tests/structural_sections/steel/steel_cross_sections/test_chs_profile.py::Test suite for CHSSteelProfile.::Test the plotting of the CHS profile shapes.,call,25.25,70.24
before,18,Test the plot method (ensure it runs without errors).,tests/structural_sections/steel/steel_cross_sections/test_rhs_profile.py::Test suite for RHSSteelProfile.::Test the plot method (ensure it runs without errors).,call,23.15,70.24
before,18,Test the plot method (ensure it runs without errors).,tests/structural_sections/steel/steel_cross_sections/test_i_profile.py::Test suite for ISteelProfile.::Test the plot method (ensure it runs without errors).,call,21.81,70.24
before,18,Test the plotting of the CHS profile shapes.,tests/structural_sections/steel/steel_cross_sections/test_chs_profile.py::Test suite for CHSSteelProfile.::Test the plotting of the CHS profile shapes.,setup,0.0,70.24
before,18,Test the plot method (ensure it runs without errors).,tests/structural_sections/steel/steel_cross_sections/test_i_profile.py::Test suite for ISteelProfile.::Test the plot method (ensure it runs without errors).,setup,0.0,70.24
before,18,Test the plot method (ensure it runs without errors).,tests/structural_sections/steel/steel_cross_sections/test_rhs_profile.py::Test suite for RHSSteelProfile.::Test the plot method (ensure it runs without errors).,setup,0.0,70.24
before,18,Test the plot method (ensure it runs without errors).,tests/structural_sections/steel/steel_cross_sections/test_rhs_profile.py::Test suite for RHSSteelProfile.::Test the plot method (ensure it runs without errors).,teardown,0.0,70.24
before,18,Test the plotting of the CHS profile shapes.,tests/structural_sections/steel/steel_cross_sections/test_chs_profile.py::Test suite for CHSSteelProfile.::Test the plotting of the CHS profile shapes.,teardown,0.0,70.24
before,18,Test the plot method (ensure it runs without errors).,tests/structural_sections/steel/steel_cross_sections/test_i_profile.py::Test suite for ISteelProfile.::Test the plot method (ensure it runs without errors).,teardown,0.0,70.24
before,19,Test the plotting of the CHS profile shapes.,tests/structural_sections/steel/steel_cross_sections/test_chs_profile.py::Test suite for CHSSteelProfile.::Test the plotting of the CHS profile shapes.,call,25.62,71.17
before,19,Test the plot method (ensure it runs without errors).,tests/structural_sections/steel/steel_cross_sections/test_rhs_profile.py::Test suite for RHSSteelProfile.::Test the plot method (ensure it runs without errors).,call,23.55,71.17
before,19,Test the plot method (ensure it runs without errors).,tests/structural_sections/steel/steel_cross_sections/test_i_profile.py::Test suite for ISteelProfile.::Test the plot method (ensure it runs without errors).,call,21.98,71.17
before,19,Test the plotting of the CHS profile shapes.,tests/structural_sections/steel/steel_cross_sections/test_chs_profile.py::Test suite for CHSSteelProfile.::Test the plotting of the CHS profile shapes.,setup,0.0,71.17
before,19,Test the plot method (ensure it runs without errors).,tests/structural_sections/steel/steel_cross_sections/test_rhs_profile.py::Test suite for RHSSteelProfile.::Test the plot method (ensure it runs without errors).,setup,0.0,71.17
before,19,Test the plot method (ensure it runs without errors).,tests/structural_sections/steel/steel_cross_sections/test_i_profile.py::Test suite for ISteelProfile.::Test the plot method (ensure it runs without errors).,setup,0.0,71.17
before,19,Test the plotting of the CHS profile shapes.,tests/structural_sections/steel/steel_cross_sections/test_chs_profile.py::Test suite for CHSSteelProfile.::Test the plotting of the CHS profile shapes.,teardown,0.0,71.17
before,19,Test the plot method (ensure it runs without errors).,tests/structural_sections/steel/steel_cross_sections/test_rhs_profile.py::Test suite for RHSSteelProfile.::Test the plot method (ensure it runs without errors).,teardown,0.0,71.17
before,19,Test the plot method (ensure it runs without errors).,tests/structural_sections/steel/steel_cross_sections/test_i_profile.py::Test suite for ISteelProfile.::Test the plot method (ensure it runs without errors).,teardown,0.0,71.17
before,20,Test the plotting of the CHS profile shapes.,tests/structural_sections/steel/steel_cross_sections/test_chs_profile.py::Test suite for CHSSteelProfile.::Test the plotting of the CHS profile shapes.,call,25.43,71.74
before,20,Test the plot method (ensure it runs without errors).,tests/structural_sections/steel/steel_cross_sections/test_rhs_profile.py::Test suite for RHSSteelProfile.::Test the plot method (ensure it runs without errors).,call,24.44,71.74
before,20,Test the plot method (ensure it runs without errors).,tests/structural_sections/steel/steel_cross_sections/test_i_profile.py::Test suite for ISteelProfile.::Test the plot method (ensure it runs without errors).,call,21.86,71.74
before,20,Test the plotting of the CHS profile shapes.,tests/structural_sections/steel/steel_cross_sections/test_chs_profile.py::Test suite for CHSSteelProfile.::Test the plotting of the CHS profile shapes.,setup,0.0,71.74
before,20,Test the plot method (ensure it runs without errors).,tests/structural_sections/steel/steel_cross_sections/test_rhs_profile.py::Test suite for RHSSteelProfile.::Test the plot method (ensure it runs without errors).,setup,0.0,71.74
before,20,Test the plot method (ensure it runs without errors).,tests/structural_sections/steel/steel_cross_sections/test_i_profile.py::Test suite for ISteelProfile.::Test the plot method (ensure it runs without errors).,setup,0.0,71.74
before,20,Test the plotting of the CHS profile shapes.,tests/structural_sections/steel/steel_cross_sections/test_chs_profile.py::Test suite for CHSSteelProfile.::Test the plotting of the CHS profile shapes.,teardown,0.0,71.74
before,20,Test the plot method (ensure it runs without errors).,tests/structural_sections/steel/steel_cross_sections/test_rhs_profile.py::Test suite for RHSSteelProfile.::Test the plot method (ensure it runs without errors).,teardown,0.0,71.74
before,20,Test the plot method (ensure it runs without errors).,tests/structural_sections/steel/steel_cross_sections/test_i_profile.py::Test suite for ISteelProfile.::Test the plot method (ensure it runs without errors).,teardown,0.0,71.74
before,21,Test the plotting of the CHS profile shapes.,tests/structural_sections/steel/steel_cross_sections/test_chs_profile.py::Test suite for CHSSteelProfile.::Test the plotting of the CHS profile shapes.,call,25.18,68.89
before,21,Test the plot method (ensure it runs without errors).,tests/structural_sections/steel/steel_cross_sections/test_rhs_profile.py::Test suite for RHSSteelProfile.::Test the plot method (ensure it runs without errors).,call,22.0,68.89
before,21,Test the plot method (ensure it runs without errors).,tests/structural_sections/steel/steel_cross_sections/test_i_profile.py::Test suite for ISteelProfile.::Test the plot method (ensure it runs without errors).,call,21.7,68.89
before,21,Test the plotting of the CHS profile shapes.,tests/structural_sections/steel/steel_cross_sections/test_chs_profile.py::Test suite for CHSSteelProfile.::Test the plotting of the CHS profile shapes.,setup,0.0,68.89
before,21,Test the plot method (ensure it runs without errors).,tests/structural_sections/steel/steel_cross_sections/test_rhs_profile.py::Test suite for RHSSteelProfile.::Test the plot method (ensure it runs without errors).,setup,0.0,68.89
before,21,Test the plot method (ensure it runs without errors).,tests/structural_sections/steel/steel_cross_sections/test_i_profile.py::Test suite for ISteelProfile.::Test the plot method (ensure it runs without errors).,setup,0.0,68.89
before,21,Test the plotting of the CHS profile shapes.,tests/structural_sections/steel/steel_cross_sections/test_chs_profile.py::Test suite for CHSSteelProfile.::Test the plotting of the CHS profile shapes.,teardown,0.0,68.89
before,21,Test the plot method (ensure it runs without errors).,tests/structural_sections/steel/steel_cross_sections/test_rhs_profile.py::Test suite for RHSSteelProfile.::Test the plot method (ensure it runs without errors).,teardown,0.0,68.89
before,21,Test the plot method (ensure it runs without errors).,tests/structural_sections/steel/steel_cross_sections/test_i_profile.py::Test suite for ISteelProfile.::Test the plot method (ensure it runs without errors).,teardown,0.0,68.89
before,22,Test the plotting of the CHS profile shapes.,tests/structural_sections/steel/steel_cross_sections/test_chs_profile.py::Test suite for CHSSteelProfile.::Test the plotting of the CHS profile shapes.,call,25.29,71.14
before,22,Test the plot method (ensure it runs without errors).,tests/structural_sections/steel/steel_cross_sections/test_rhs_profile.py::Test suite for RHSSteelProfile.::Test the plot method (ensure it runs without errors).,call,24.06,71.14
before,22,Test the plot method (ensure it runs without errors).,tests/structural_sections/steel/steel_cross_sections/test_i_profile.py::Test suite for ISteelProfile.::Test the plot method (ensure it runs without errors).,call,21.76,71.14
before,22,Test the plotting of the CHS profile shapes.,tests/structural_sections/steel/steel_cross_sections/test_chs_profile.py::Test suite for CHSSteelProfile.::Test the plotting of the CHS profile shapes.,setup,0.0,71.14
before,22,Test the plot method (ensure it runs without errors).,tests/structural_sections/steel/steel_cross_sections/test_rhs_profile.py::Test suite for RHSSteelProfile.::Test the plot method (ensure it runs without errors).,setup,0.0,71.14
before,22,Test the plot method (ensure it runs without errors).,tests/structural_sections/steel/steel_cross_sections/test_i_profile.py::Test suite for ISteelProfile.::Test the plot method (ensure it runs without errors).,setup,0.0,71.14
before,22,Test the plotting of the CHS profile shapes.,tests/structural_sections/steel/steel_cross_sections/test_chs_profile.py::Test suite for CHSSteelProfile.::Test the plotting of the CHS profile shapes.,teardown,0.0,71.14
before,22,Test the plot method (ensure it runs without errors).,tests/structural_sections/steel/steel_cross_sections/test_rhs_profile.py::Test suite for RHSSteelProfile.::Test the plot method (ensure it runs without errors).,teardown,0.0,71.14
before,22,Test the plot method (ensure it runs without errors).,tests/structural_sections/steel/steel_cross_sections/test_i_profile.py::Test suite for ISteelProfile.::Test the plot method (ensure it runs without errors).,teardown,0.0,71.14
before,23,Test the plotting of the CHS profile shapes.,tests/structural_sections/steel/steel_cross_sections/test_chs_profile.py::Test suite for CHSSteelProfile.::Test the plotting of the CHS profile shapes.,call,25.25,70.04
before,23,Test the plot method (ensure it runs without errors).,tests/structural_sections/steel/steel_cross_sections/test_rhs_profile.py::Test suite for RHSSteelProfile.::Test the plot method (ensure it runs without errors).,call,23.06,70.04
before,23,Test the plot method (ensure it runs without errors).,tests/structural_sections/steel/steel_cross_sections/test_i_profile.py::Test suite for ISteelProfile.::Test the plot method (ensure it runs without errors).,call,21.71,70.04
before,23,Test the plotting of the CHS profile shapes.,tests/structural_sections/steel/steel_cross_sections/test_chs_profile.py::Test suite for CHSSteelProfile.::Test the plotting of the CHS profile shapes.,setup,0.0,70.04
before,23,Test the plot method (ensure it runs without errors).,tests/structural_sections/steel/steel_cross_sections/test_rhs_profile.py::Test suite for RHSSteelProfile.::Test the plot method (ensure it runs without errors).,setup,0.0,70.04
before,23,Test the plot method (ensure it runs without errors).,tests/structural_sections/steel/steel_cross_sections/test_i_profile.py::Test suite for ISteelProfile.::Test the plot method (ensure it runs without errors).,setup,0.0,70.04
before,23,Test the plot method (ensure it runs without errors).,tests/structural_sections/steel/steel_cross_sections/test_i_profile.py::Test suite for ISteelProfile.::Test the plot method (ensure it runs without errors).,teardown,0.0,70.04
before,23,Test the plotting of the CHS profile shapes.,tests/structural_sections/steel/steel_cross_sections/test_chs_profile.py::Test suite for CHSSteelProfile.::Test the plotting of the CHS profile shapes.,teardown,0.0,70.04
before,23,Test the plot method (ensure it runs without errors).,tests/structural_sections/steel/steel_cross_sections/test_rhs_profile.py::Test suite for RHSSteelProfile.::Test the plot method (ensure it runs without errors).,teardown,0.0,70.04
before,24,Test the plotting of the CHS profile shapes.,tests/structural_sections/steel/steel_cross_sections/test_chs_profile.py::Test suite for CHSSteelProfile.::Test the plotting of the CHS profile shapes.,call,25.28,70.09
before,24,Test the plot method (ensure it runs without errors).,tests/structural_sections/steel/steel_cross_sections/test_rhs_profile.py::Test suite for RHSSteelProfile.::Test the plot method (ensure it runs without errors).,call,22.98,70.09
before,24,Test the plot method (ensure it runs without errors).,tests/structural_sections/steel/steel_cross_sections/test_i_profile.py::Test suite for ISteelProfile.::Test the plot method (ensure it runs without errors).,call,21.81,70.09
before,24,Test the plotting of the CHS profile shapes.,tests/structural_sections/steel/steel_cross_sections/test_chs_profile.py::Test suite for CHSSteelProfile.::Test the plotting of the CHS profile shapes.,setup,0.0,70.09
before,24,Test the plot method (ensure it runs without errors).,tests/structural_sections/steel/steel_cross_sections/test_rhs_profile.py::Test suite for RHSSteelProfile.::Test the plot method (ensure it runs without errors).,setup,0.0,70.09
before,24,Test the plot method (ensure it runs without errors).,tests/structural_sections/steel/steel_cross_sections/test_i_profile.py::Test suite for ISteelProfile.::Test the plot method (ensure it runs without errors).,setup,0.0,70.09
before,24,Test the plotting of the CHS profile shapes.,tests/structural_sections/steel/steel_cross_sections/test_chs_profile.py::Test suite for CHSSteelProfile.::Test the plotting of the CHS profile shapes.,teardown,0.0,70.09
before,24,Test the plot method (ensure it runs without errors).,tests/structural_sections/steel/steel_cross_sections/test_rhs_profile.py::Test suite for RHSSteelProfile.::Test the plot method (ensure it runs without errors).,teardown,0.0,70.09
before,24,Test the plot method (ensure it runs without errors).,tests/structural_sections/steel/steel_cross_sections/test_i_profile.py::Test suite for ISteelProfile.::Test the plot method (ensure it runs without errors).,teardown,0.0,70.09
before,25,Test the plotting of the CHS profile shapes.,tests/structural_sections/steel/steel_cross_sections/test_chs_profile.py::Test suite for CHSSteelProfile.::Test the plotting of the CHS profile shapes.,call,25.41,70.11
before,25,Test the plot method (ensure it runs without errors).,tests/structural_sections/steel/steel_cross_sections/test_rhs_profile.py::Test suite for RHSSteelProfile.::Test the plot method (ensure it runs without errors).,call,22.93,70.11
before,25,Test the plot method (ensure it runs without errors).,tests/structural_sections/steel/steel_cross_sections/test_i_profile.py::Test suite for ISteelProfile.::Test the plot method (ensure it runs without errors).,call,21.75,70.11
before,25,Test the plotting of the CHS profile shapes.,tests/structural_sections/steel/steel_cross_sections/test_chs_profile.py::Test suite for CHSSteelProfile.::Test the plotting of the CHS profile shapes.,setup,0.0,70.11
before,25,Test the plot method (ensure it runs without errors).,tests/structural_sections/steel/steel_cross_sections/test_rhs_profile.py::Test suite for RHSSteelProfile.::Test the plot method (ensure it runs without errors).,setup,0.0,70.11
before,25,Test the plot method (ensure it runs without errors).,tests/structural_sections/steel/steel_cross_sections/test_i_profile.py::Test suite for ISteelProfile.::Test the plot method (ensure it runs without errors).,setup,0.0,70.11
before,25,Test the plot method (ensure it runs without errors).,tests/structural_sections/steel/steel_cross_sections/test_rhs_profile.py::Test suite for RHSSteelProfile.::Test the plot method (ensure it runs without errors).,teardown,0.0,70.11
before,25,Test the plotting of the CHS profile shapes.,tests/structural_sections/steel/steel_cross_sections/test_chs_profile.py::Test suite for CHSSteelProfile.::Test the plotting of the CHS profile shapes.,teardown,0.0,70.11
before,25,Test the plot method (ensure it runs without errors).,tests/structural_sections/steel/steel_cross_sections/test_i_profile.py::Test suite for ISteelProfile.::Test the plot method (ensure it runs without errors).,teardown,0.0,70.11
before,26,Test the plotting of the CHS profile shapes.,tests/structural_sections/steel/steel_cross_sections/test_chs_profile.py::Test suite for CHSSteelProfile.::Test the plotting of the CHS profile shapes.,call,25.43,70.23
before,26,Test the plot method (ensure it runs without errors).,tests/structural_sections/steel/steel_cross_sections/test_rhs_profile.py::Test suite for RHSSteelProfile.::Test the plot method (ensure it runs without errors).,call,23.03,70.23
before,26,Test the plot method (ensure it runs without errors).,tests/structural_sections/steel/steel_cross_sections/test_i_profile.py::Test suite for ISteelProfile.::Test the plot method (ensure it runs without errors).,call,21.76,70.23
before,26,Test the plotting of the CHS profile shapes.,tests/structural_sections/steel/steel_cross_sections/test_chs_profile.py::Test suite for CHSSteelProfile.::Test the plotting of the CHS profile shapes.,setup,0.0,70.23
before,26,Test the plot method (ensure it runs without errors).,tests/structural_sections/steel/steel_cross_sections/test_rhs_profile.py::Test suite for RHSSteelProfile.::Test the plot method (ensure it runs without errors).,setup,0.0,70.23
before,26,Test the plot method (ensure it runs without errors).,tests/structural_sections/steel/steel_cross_sections/test_i_profile.py::Test suite for ISteelProfile.::Test the plot method (ensure it runs without errors).,setup,0.0,70.23
before,26,Test the plotting of the CHS profile shapes.,tests/structural_sections/steel/steel_cross_sections/test_chs_profile.py::Test suite for CHSSteelProfile.::Test the plotting of the CHS profile shapes.,teardown,0.0,70.23
before,26,Test the plot method (ensure it runs without errors).,tests/structural_sections/steel/steel_cross_sections/test_rhs_profile.py::Test suite for RHSSteelProfile.::Test the plot method (ensure it runs without errors).,teardown,0.0,70.23
before,26,Test the plot method (ensure it runs without errors).,tests/structural_sections/steel/steel_cross_sections/test_i_profile.py::Test suite for ISteelProfile.::Test the plot method (ensure it runs without errors).,teardown,0.0,70.23
before,27,Test the plotting of the CHS profile shapes.,tests/structural_sections/steel/steel_cross_sections/test_chs_profile.py::Test suite for CHSSteelProfile.::Test the plotting of the CHS profile shapes.,call,25.47,70.52
before,27,Test the plot method (ensure it runs without errors).,tests/structural_sections/steel/steel_cross_sections/test_rhs_profile.py::Test suite for RHSSteelProfile.::Test the plot method (ensure it runs without errors).,call,23.22,70.52
before,27,Test the plot method (ensure it runs without errors).,tests/structural_sections/steel/steel_cross_sections/test_i_profile.py::Test suite for ISteelProfile.::Test the plot method (ensure it runs without errors).,call,21.81,70.52
before,27,Test the plotting of the CHS profile shapes.,tests/structural_sections/steel/steel_cross_sections/test_chs_profile.py::Test suite for CHSSteelProfile.::Test the plotting of the CHS profile shapes.,setup,0.0,70.52
before,27,Test the plot method (ensure it runs without errors).,tests/structural_sections/steel/steel_cross_sections/test_i_profile.py::Test suite for ISteelProfile.::Test the plot method (ensure it runs without errors).,setup,0.0,70.52
before,27,Test the plot method (ensure it runs without errors).,tests/structural_sections/steel/steel_cross_sections/test_rhs_profile.py::Test suite for RHSSteelProfile.::Test the plot method (ensure it runs without errors).,setup,0.0,70.52
before,27,Test the plotting of the CHS profile shapes.,tests/structural_sections/steel/steel_cross_sections/test_chs_profile.py::Test suite for CHSSteelProfile.::Test the plotting of the CHS profile shapes.,teardown,0.0,70.52
before,27,Test the plot method (ensure it runs without errors).,tests/structural_sections/steel/steel_cross_sections/test_rhs_profile.py::Test suite for RHSSteelProfile.::Test the plot method (ensure it runs without errors).,teardown,0.0,70.52
before,27,Test the plot method (ensure it runs without errors).,tests/structural_sections/steel/steel_cross_sections/test_i_profile.py::Test suite for ISteelProfile.::Test the plot method (ensure it runs without errors).,teardown,0.0,70.52
before,28,Test the plotting of the CHS profile shapes.,tests/structural_sections/steel/steel_cross_sections/test_chs_profile.py::Test suite for CHSSteelProfile.::Test the plotting of the CHS profile shapes.,call,25.4,71.58
before,28,Test the plot method (ensure it runs without errors).,tests/structural_sections/steel/steel_cross_sections/test_rhs_profile.py::Test suite for RHSSteelProfile.::Test the plot method (ensure it runs without errors).,call,24.46,71.58
before,28,Test the plot method (ensure it runs without errors).,tests/structural_sections/steel/steel_cross_sections/test_i_profile.py::Test suite for ISteelProfile.::Test the plot method (ensure it runs without errors).,call,21.71,71.58
before,28,Test the plotting of the CHS profile shapes.,tests/structural_sections/steel/steel_cross_sections/test_chs_profile.py::Test suite for CHSSteelProfile.::Test the plotting of the CHS profile shapes.,setup,0.0,71.58
before,28,Test the plot method (ensure it runs without errors).,tests/structural_sections/steel/steel_cross_sections/test_rhs_profile.py::Test suite for RHSSteelProfile.::Test the plot method (ensure it runs without errors).,setup,0.0,71.58
before,28,Test the plot method (ensure it runs without errors).,tests/structural_sections/steel/steel_cross_sections/test_i_profile.py::Test suite for ISteelProfile.::Test the plot method (ensure it runs without errors).,setup,0.0,71.58
before,28,Test the plotting of the CHS profile shapes.,tests/structural_sections/steel/steel_cross_sections/test_chs_profile.py::Test suite for CHSSteelProfile.::Test the plotting of the CHS profile shapes.,teardown,0.0,71.58
before,28,Test the plot method (ensure it runs without errors).,tests/structural_sections/steel/steel_cross_sections/test_i_profile.py::Test suite for ISteelProfile.::Test the plot method (ensure it runs without errors).,teardown,0.0,71.58
before,28,Test the plot method (ensure it runs without errors).,tests/structural_sections/steel/steel_cross_sections/test_rhs_profile.py::Test suite for RHSSteelProfile.::Test the plot method (ensure it runs without errors).,teardown,0.0,71.58
before,29,Test the plotting of the CHS profile shapes.,tests/structural_sections/steel/steel_cross_sections/test_chs_profile.py::Test suite for CHSSteelProfile.::Test the plotting of the CHS profile shapes.,call,25.21,69.04
before,29,Test the plot method (ensure it runs without errors).,tests/structural_sections/steel/steel_cross_sections/test_rhs_profile.py::Test suite for RHSSteelProfile.::Test the plot method (ensure it runs without errors).,call,22.11,69.04
before,29,Test the plot method (ensure it runs without errors).,tests/structural_sections/steel/steel_cross_sections/test_i_profile.py::Test suite for ISteelProfile.::Test the plot method (ensure it runs without errors).,call,21.69,69.04
before,29,Test the plotting of the CHS profile shapes.,tests/structural_sections/steel/steel_cross_sections/test_chs_profile.py::Test suite for CHSSteelProfile.::Test the plotting of the CHS profile shapes.,setup,0.0,69.04
before,29,Test the plot method (ensure it runs without errors).,tests/structural_sections/steel/steel_cross_sections/test_rhs_profile.py::Test suite for RHSSteelProfile.::Test the plot method (ensure it runs without errors).,setup,0.0,69.04
before,29,Test the plot method (ensure it runs without errors).,tests/structural_sections/steel/steel_cross_sections/test_i_profile.py::Test suite for ISteelProfile.::Test the plot method (ensure it runs without errors).,setup,0.0,69.04
before,29,Test the plotting of the CHS profile shapes.,tests/structural_sections/steel/steel_cross_sections/test_chs_profile.py::Test suite for CHSSteelProfile.::Test the plotting of the CHS profile shapes.,teardown,0.0,69.04
before,29,Test the plot method (ensure it runs without errors).,tests/structural_sections/steel/steel_cross_sections/test_rhs_profile.py::Test suite for RHSSteelProfile.::Test the plot method (ensure it runs without errors).,teardown,0.0,69.04
before,29,Test the plot method (ensure it runs without errors).,tests/structural_sections/steel/steel_cross_sections/test_i_profile.py::Test suite for ISteelProfile.::Test the plot method (ensure it runs without errors).,teardown,0.0,69.04
before,30,Test the plotting of the CHS profile shapes.,tests/structural_sections/steel/steel_cross_sections/test_chs_profile.py::Test suite for CHSSteelProfile.::Test the plotting of the CHS profile shapes.,call,25.37,70.31
before,30,Test the plot method (ensure it runs without errors).,tests/structural_sections/steel/steel_cross_sections/test_rhs_profile.py::Test suite for RHSSteelProfile.::Test the plot method (ensure it runs without errors).,call,23.11,70.31
before,30,Test the plot method (ensure it runs without errors).,tests/structural_sections/steel/steel_cross_sections/test_i_profile.py::Test suite for ISteelProfile.::Test the plot method (ensure it runs without errors).,call,21.81,70.31
before,30,Test the plotting of the CHS profile shapes.,tests/structural_sections/steel/steel_cross_sections/test_chs_profile.py::Test suite for CHSSteelProfile.::Test the plotting of the CHS profile shapes.,setup,0.0,70.31
before,30,Test the plot method (ensure it runs without errors).,tests/structural_sections/steel/steel_cross_sections/test_rhs_profile.py::Test suite for RHSSteelProfile.::Test the plot method (ensure it runs without errors).,setup,0.0,70.31
before,30,Test the plot method (ensure it runs without errors).,tests/structural_sections/steel/steel_cross_sections/test_i_profile.py::Test suite for ISteelProfile.::Test the plot method (ensure it runs without errors).,setup,0.0,70.31
before,30,Test the plotting of the CHS profile shapes.,tests/structural_sections/steel/steel_cross_sections/test_chs_profile.py::Test suite for CHSSteelProfile.::Test the plotting of the CHS profile shapes.,teardown,0.0,70.31
before,30,Test the plot method (ensure it runs without errors).,tests/structural_sections/steel/steel_cross_sections/test_rhs_profile.py::Test suite for RHSSteelProfile.::Test the plot method (ensure it runs without errors).,teardown,0.0,70.31
before,30,Test the plot method (ensure it runs without errors).,tests/structural_sections/steel/steel_cross_sections/test_i_profile.py::Test suite for ISteelProfile.::Test the plot method (ensure it runs without errors).,teardown,0.0,70.31
before,31,Test the plotting of the CHS profile shapes.,tests/structural_sections/steel/steel_cross_sections/test_chs_profile.py::Test suite for CHSSteelProfile.::Test the plotting of the CHS profile shapes.,call,25.35,71.15
before,31,Test the plot method (ensure it runs without errors).,tests/structural_sections/steel/steel_cross_sections/test_rhs_profile.py::Test suite for RHSSteelProfile.::Test the plot method (ensure it runs without errors).,call,24.07,71.15
before,31,Test the plot method (ensure it runs without errors).,tests/structural_sections/steel/steel_cross_sections/test_i_profile.py::Test suite for ISteelProfile.::Test the plot method (ensure it runs without errors).,call,21.72,71.15
before,31,Test the plotting of the CHS profile shapes.,tests/structural_sections/steel/steel_cross_sections/test_chs_profile.py::Test suite for CHSSteelProfile.::Test the plotting of the CHS profile shapes.,setup,0.0,71.15
before,31,Test the plot method (ensure it runs without errors).,tests/structural_sections/steel/steel_cross_sections/test_rhs_profile.py::Test suite for RHSSteelProfile.::Test the plot method (ensure it runs without errors).,setup,0.0,71.15
before,31,Test the plot method (ensure it runs without errors).,tests/structural_sections/steel/steel_cross_sections/test_i_profile.py::Test suite for ISteelProfile.::Test the plot method (ensure it runs without errors).,setup,0.0,71.15
before,31,Test the plotting of the CHS profile shapes.,tests/structural_sections/steel/steel_cross_sections/test_chs_profile.py::Test suite for CHSSteelProfile.::Test the plotting of the CHS profile shapes.,teardown,0.0,71.15
before,31,Test the plot method (ensure it runs without errors).,tests/structural_sections/steel/steel_cross_sections/test_rhs_profile.py::Test suite for RHSSteelProfile.::Test the plot method (ensure it runs without errors).,teardown,0.0,71.15
before,31,Test the plot method (ensure it runs without errors).,tests/structural_sections/steel/steel_cross_sections/test_i_profile.py::Test suite for ISteelProfile.::Test the plot method (ensure it runs without errors).,teardown,0.0,71.15
before,32,Test the plotting of the CHS profile shapes.,tests/structural_sections/steel/steel_cross_sections/test_chs_profile.py::Test suite for CHSSteelProfile.::Test the plotting of the CHS profile shapes.,call,25.37,71.79
before,32,Test the plot method (ensure it runs without errors).,tests/structural_sections/steel/steel_cross_sections/test_rhs_profile.py::Test suite for RHSSteelProfile.::Test the plot method (ensure it runs without errors).,call,24.42,71.79
before,32,Test the plot method (ensure it runs without errors).,tests/structural_sections/steel/steel_cross_sections/test_i_profile.py::Test suite for ISteelProfile.::Test the plot method (ensure it runs without errors).,call,21.97,71.79
before,32,Test the plotting of the CHS profile shapes.,tests/structural_sections/steel/steel_cross_sections/test_chs_profile.py::Test suite for CHSSteelProfile.::Test the plotting of the CHS profile shapes.,setup,0.0,71.79
before,32,Test the plot method (ensure it runs without errors).,tests/structural_sections/steel/steel_cross_sections/test_i_profile.py::Test suite for ISteelProfile.::Test the plot method (ensure it runs without errors).,setup,0.0,71.79
before,32,Test the plot method (ensure it runs without errors).,tests/structural_sections/steel/steel_cross_sections/test_rhs_profile.py::Test suite for RHSSteelProfile.::Test the plot method (ensure it runs without errors).,setup,0.0,71.79
before,32,Test the plotting of the CHS profile shapes.,tests/structural_sections/steel/steel_cross_sections/test_chs_profile.py::Test suite for CHSSteelProfile.::Test the plotting of the CHS profile shapes.,teardown,0.0,71.79
before,32,Test the plot method (ensure it runs without errors).,tests/structural_sections/steel/steel_cross_sections/test_i_profile.py::Test suite for ISteelProfile.::Test the plot method (ensure it runs without errors).,teardown,0.0,71.79
before,32,Test the plot method (ensure it runs without errors).,tests/structural_sections/steel/steel_cross_sections/test_rhs_profile.py::Test suite for RHSSteelProfile.::Test the plot method (ensure it runs without errors).,teardown,0.0,71.79
before,33,Test the plotting of the CHS profile shapes.,tests/structural_sections/steel/steel_cross_sections/test_chs_profile.py::Test suite for CHSSteelProfile.::Test the plotting of the CHS profile shapes.,call,25.06,70.11
before,33,Test the plot method (ensure it runs without errors).,tests/structural_sections/steel/steel_cross_sections/test_rhs_profile.py::Test suite for RHSSteelProfile.::Test the plot method (ensure it runs without errors).,call,23.32,70.11
before,33,Test the plot method (ensure it runs without errors).,tests/structural_sections/steel/steel_cross_sections/test_i_profile.py::Test suite for ISteelProfile.::Test the plot method (ensure it runs without errors).,call,21.71,70.11
before,33,Test the plotting of the CHS profile shapes.,tests/structural_sections/steel/steel_cross_sections/test_chs_profile.py::Test suite for CHSSteelProfile.::Test the plotting of the CHS profile shapes.,setup,0.0,70.11
before,33,Test the plot method (ensure it runs without errors).,tests/structural_sections/steel/steel_cross_sections/test_i_profile.py::Test suite for ISteelProfile.::Test the plot method (ensure it runs without errors).,setup,0.0,70.11
before,33,Test the plot method (ensure it runs without errors).,tests/structural_sections/steel/steel_cross_sections/test_rhs_profile.py::Test suite for RHSSteelProfile.::Test the plot method (ensure it runs without errors).,setup,0.0,70.11
before,33,Test the plotting of the CHS profile shapes.,tests/structural_sections/steel/steel_cross_sections/test_chs_profile.py::Test suite for CHSSteelProfile.::Test the plotting of the CHS profile shapes.,teardown,0.0,70.11
before,33,Test the plot method (ensure it runs without errors).,tests/structural_sections/steel/steel_cross_sections/test_i_profile.py::Test suite for ISteelProfile.::Test the plot method (ensure it runs without errors).,teardown,0.0,70.11
before,33,Test the plot method (ensure it runs without errors).,tests/structural_sections/steel/steel_cross_sections/test_rhs_profile.py::Test suite for RHSSteelProfile.::Test the plot method (ensure it runs without errors).,teardown,0.0,70.11
before,34,Test the plotting of the CHS profile shapes.,tests/structural_sections/steel/steel_cross_sections/test_chs_profile.py::Test suite for CHSSteelProfile.::Test the plotting of the CHS profile shapes.,call,25.39,70.64
before,34,Test the plot method (ensure it runs without errors).,tests/structural_sections/steel/steel_cross_sections/test_rhs_profile.py::Test suite for RHSSteelProfile.::Test the plot method (ensure it runs without errors).,call,23.38,70.64
before,34,Test the plot method (ensure it runs without errors).,tests/structural_sections/steel/steel_cross_sections/test_i_profile.py::Test suite for ISteelProfile.::Test the plot method (ensure it runs without errors).,call,21.85,70.64
before,34,Test the plotting of the CHS profile shapes.,tests/structural_sections/steel/steel_cross_sections/test_chs_profile.py::Test suite for CHSSteelProfile.::Test the plotting of the CHS profile shapes.,setup,0.0,70.64
before,34,Test the plot method (ensure it runs without errors).,tests/structural_sections/steel/steel_cross_sections/test_rhs_profile.py::Test suite for RHSSteelProfile.::Test the plot method (ensure it runs without errors).,setup,0.0,70.64
before,34,Test the plot method (ensure it runs without errors).,tests/structural_sections/steel/steel_cross_sections/test_i_profile.py::Test suite for ISteelProfile.::Test the plot method (ensure it runs without errors).,setup,0.0,70.64
before,34,Test the plotting of the CHS profile shapes.,tests/structural_sections/steel/steel_cross_sections/test_chs_profile.py::Test suite for CHSSteelProfile.::Test the plotting of the CHS profile shapes.,teardown,0.0,70.64
before,34,Test the plot method (ensure it runs without errors).,tests/structural_sections/steel/steel_cross_sections/test_rhs_profile.py::Test suite for RHSSteelProfile.::Test the plot method (ensure it runs without errors).,teardown,0.0,70.64
before,34,Test the plot method (ensure it runs without errors).,tests/structural_sections/steel/steel_cross_sections/test_i_profile.py::Test suite for ISteelProfile.::Test the plot method (ensure it runs without errors).,teardown,0.0,70.64
before,35,Test the plotting of the CHS profile shapes.,tests/structural_sections/steel/steel_cross_sections/test_chs_profile.py::Test suite for CHSSteelProfile.::Test the plotting of the CHS profile shapes.,call,25.27,70.53
before,35,Test the plot method (ensure it runs without errors).,tests/structural_sections/steel/steel_cross_sections/test_rhs_profile.py::Test suite for RHSSteelProfile.::Test the plot method (ensure it runs without errors).,call,23.41,70.53
before,35,Test the plot method (ensure it runs without errors).,tests/structural_sections/steel/steel_cross_sections/test_i_profile.py::Test suite for ISteelProfile.::Test the plot method (ensure it runs without errors).,call,21.83,70.53
before,35,Test the plotting of the CHS profile shapes.,tests/structural_sections/steel/steel_cross_sections/test_chs_profile.py::Test suite for CHSSteelProfile.::Test the plotting of the CHS profile shapes.,setup,0.0,70.53
before,35,Test the plot method (ensure it runs without errors).,tests/structural_sections/steel/steel_cross_sections/test_rhs_profile.py::Test suite for RHSSteelProfile.::Test the plot method (ensure it runs without errors).,setup,0.0,70.53
before,35,Test the plot method (ensure it runs without errors).,tests/structural_sections/steel/steel_cross_sections/test_i_profile.py::Test suite for ISteelProfile.::Test the plot method (ensure it runs without errors).,setup,0.0,70.53
before,35,Test the plotting of the CHS profile shapes.,tests/structural_sections/steel/steel_cross_sections/test_chs_profile.py::Test suite for CHSSteelProfile.::Test the plotting of the CHS profile shapes.,teardown,0.0,70.53
before,35,Test the plot method (ensure it runs without errors).,tests/structural_sections/steel/steel_cross_sections/test_rhs_profile.py::Test suite for RHSSteelProfile.::Test the plot method (ensure it runs without errors).,teardown,0.0,70.53
before,35,Test the plot method (ensure it runs without errors).,tests/structural_sections/steel/steel_cross_sections/test_i_profile.py::Test suite for ISteelProfile.::Test the plot method (ensure it runs without errors).,teardown,0.0,70.53
before,36,Test the plotting of the CHS profile shapes.,tests/structural_sections/steel/steel_cross_sections/test_chs_profile.py::Test suite for CHSSteelProfile.::Test the plotting of the CHS profile shapes.,call,25.39,70.57
before,36,Test the plot method (ensure it runs without errors).,tests/structural_sections/steel/steel_cross_sections/test_rhs_profile.py::Test suite for RHSSteelProfile.::Test the plot method (ensure it runs without errors).,call,23.4,70.57
before,36,Test the plot method (ensure it runs without errors).,tests/structural_sections/steel/steel_cross_sections/test_i_profile.py::Test suite for ISteelProfile.::Test the plot method (ensure it runs without errors).,call,21.76,70.57
before,36,Test the plotting of the CHS profile shapes.,tests/structural_sections/steel/steel_cross_sections/test_chs_profile.py::Test suite for CHSSteelProfile.::Test the plotting of the CHS profile shapes.,setup,0.0,70.57
before,36,Test the plot method (ensure it runs without errors).,tests/structural_sections/steel/steel_cross_sections/test_i_profile.py::Test suite for ISteelProfile.::Test the plot method (ensure it runs without errors).,setup,0.0,70.57
before,36,Test the plot method (ensure it runs without errors).,tests/structural_sections/steel/steel_cross_sections/test_rhs_profile.py::Test suite for RHSSteelProfile.::Test the plot method (ensure it runs without errors).,setup,0.0,70.57
before,36,Test the plotting of the CHS profile shapes.,tests/structural_sections/steel/steel_cross_sections/test_chs_profile.py::Test suite for CHSSteelProfile.::Test the plotting of the CHS profile shapes.,teardown,0.0,70.57
before,36,Test the plot method (ensure it runs without errors).,tests/structural_sections/steel/steel_cross_sections/test_rhs_profile.py::Test suite for RHSSteelProfile.::Test the plot method (ensure it runs without errors).,teardown,0.0,70.57
before,36,Test the plot method (ensure it runs without errors).,tests/structural_sections/steel/steel_cross_sections/test_i_profile.py::Test suite for ISteelProfile.::Test the plot method (ensure it runs without errors).,teardown,0.0,70.57
before,37,Test the plotting of the CHS profile shapes.,tests/structural_sections/steel/steel_cross_sections/test_chs_profile.py::Test suite for CHSSteelProfile.::Test the plotting of the CHS profile shapes.,call,25.47,70.67
before,37,Test the plot method (ensure it runs without errors).,tests/structural_sections/steel/steel_cross_sections/test_rhs_profile.py::Test suite for RHSSteelProfile.::Test the plot method (ensure it runs without errors).,call,23.31,70.67
before,37,Test the plot method (ensure it runs without errors).,tests/structural_sections/steel/steel_cross_sections/test_i_profile.py::Test suite for ISteelProfile.::Test the plot method (ensure it runs without errors).,call,21.88,70.67
before,37,Test the plotting of the CHS profile shapes.,tests/structural_sections/steel/steel_cross_sections/test_chs_profile.py::Test suite for CHSSteelProfile.::Test the plotting of the CHS profile shapes.,setup,0.0,70.67
before,37,Test the plot method (ensure it runs without errors).,tests/structural_sections/steel/steel_cross_sections/test_i_profile.py::Test suite for ISteelProfile.::Test the plot method (ensure it runs without errors).,setup,0.0,70.67
before,37,Test the plot method (ensure it runs without errors).,tests/structural_sections/steel/steel_cross_sections/test_rhs_profile.py::Test suite for RHSSteelProfile.::Test the plot method (ensure it runs without errors).,setup,0.0,70.67
before,37,Test the plot method (ensure it runs without errors).,tests/structural_sections/steel/steel_cross_sections/test_rhs_profile.py::Test suite for RHSSteelProfile.::Test the plot method (ensure it runs without errors).,teardown,0.0,70.67
before,37,Test the plotting of the CHS profile shapes.,tests/structural_sections/steel/steel_cross_sections/test_chs_profile.py::Test suite for CHSSteelProfile.::Test the plotting of the CHS profile shapes.,teardown,0.0,70.67
before,37,Test the plot method (ensure it runs without errors).,tests/structural_sections/steel/steel_cross_sections/test_i_profile.py::Test suite for ISteelProfile.::Test the plot method (ensure it runs without errors).,teardown,0.0,70.67
before,38,Test the plotting of the CHS profile shapes.,tests/structural_sections/steel/steel_cross_sections/test_chs_profile.py::Test suite for CHSSteelProfile.::Test the plotting of the CHS profile shapes.,call,25.4,71.36
before,38,Test the plot method (ensure it runs without errors).,tests/structural_sections/steel/steel_cross_sections/test_rhs_profile.py::Test suite for RHSSteelProfile.::Test the plot method (ensure it runs without errors).,call,24.18,71.36
before,38,Test the plot method (ensure it runs without errors).,tests/structural_sections/steel/steel_cross_sections/test_i_profile.py::Test suite for ISteelProfile.::Test the plot method (ensure it runs without errors).,call,21.77,71.36
before,38,Test the plotting of the CHS profile shapes.,tests/structural_sections/steel/steel_cross_sections/test_chs_profile.py::Test suite for CHSSteelProfile.::Test the plotting of the CHS profile shapes.,setup,0.0,71.36
before,38,Test the plot method (ensure it runs without errors).,tests/structural_sections/steel/steel_cross_sections/test_rhs_profile.py::Test suite for RHSSteelProfile.::Test the plot method (ensure it runs without errors).,setup,0.0,71.36
before,38,Test the plot method (ensure it runs without errors).,tests/structural_sections/steel/steel_cross_sections/test_i_profile.py::Test suite for ISteelProfile.::Test the plot method (ensure it runs without errors).,setup,0.0,71.36
before,38,Test the plot method (ensure it runs without errors).,tests/structural_sections/steel/steel_cross_sections/test_rhs_profile.py::Test suite for RHSSteelProfile.::Test the plot method (ensure it runs without errors).,teardown,0.0,71.36
before,38,Test the plotting of the CHS profile shapes.,tests/structural_sections/steel/steel_cross_sections/test_chs_profile.py::Test suite for CHSSteelProfile.::Test the plotting of the CHS profile shapes.,teardown,0.0,71.36
before,38,Test the plot method (ensure it runs without errors).,tests/structural_sections/steel/steel_cross_sections/test_i_profile.py::Test suite for ISteelProfile.::Test the plot method (ensure it runs without errors).,teardown,0.0,71.36
before,39,Test the plotting of the CHS profile shapes.,tests/structural_sections/steel/steel_cross_sections/test_chs_profile.py::Test suite for CHSSteelProfile.::Test the plotting of the CHS profile shapes.,call,25.22,68.99
before,39,Test the plot method (ensure it runs without errors).,tests/structural_sections/steel/steel_cross_sections/test_rhs_profile.py::Test suite for RHSSteelProfile.::Test the plot method (ensure it runs without errors).,call,22.1,68.99
before,39,Test the plot method (ensure it runs without errors).,tests/structural_sections/steel/steel_cross_sections/test_i_profile.py::Test suite for ISteelProfile.::Test the plot method (ensure it runs without errors).,call,21.64,68.99
before,39,Test the plotting of the CHS profile shapes.,tests/structural_sections/steel/steel_cross_sections/test_chs_profile.py::Test suite for CHSSteelProfile.::Test the plotting of the CHS profile shapes.,setup,0.0,68.99
before,39,Test the plot method (ensure it runs without errors).,tests/structural_sections/steel/steel_cross_sections/test_rhs_profile.py::Test suite for RHSSteelProfile.::Test the plot method (ensure it runs without errors).,setup,0.0,68.99
before,39,Test the plot method (ensure it runs without errors).,tests/structural_sections/steel/steel_cross_sections/test_i_profile.py::Test suite for ISteelProfile.::Test the plot method (ensure it runs without errors).,setup,0.0,68.99
before,39,Test the plotting of the CHS profile shapes.,tests/structural_sections/steel/steel_cross_sections/test_chs_profile.py::Test suite for CHSSteelProfile.::Test the plotting of the CHS profile shapes.,teardown,0.0,68.99
before,39,Test the plot method (ensure it runs without errors).,tests/structural_sections/steel/steel_cross_sections/test_rhs_profile.py::Test suite for RHSSteelProfile.::Test the plot method (ensure it runs without errors).,teardown,0.0,68.99
before,39,Test the plot method (ensure it runs without errors).,tests/structural_sections/steel/steel_cross_sections/test_i_profile.py::Test suite for ISteelProfile.::Test the plot method (ensure it runs without errors).,teardown,0.0,68.99
before,40,Test the plotting of the CHS profile shapes.,tests/structural_sections/steel/steel_cross_sections/test_chs_profile.py::Test suite for CHSSteelProfile.::Test the plotting of the CHS profile shapes.,call,25.24,70.28
before,40,Test the plot method (ensure it runs without errors).,tests/structural_sections/steel/steel_cross_sections/test_rhs_profile.py::Test suite for RHSSteelProfile.::Test the plot method (ensure it runs without errors).,call,23.26,70.28
before,40,Test the plot method (ensure it runs without errors).,tests/structural_sections/steel/steel_cross_sections/test_i_profile.py::Test suite for ISteelProfile.::Test the plot method (ensure it runs without errors).,call,21.75,70.28
before,40,Test the plotting of the CHS profile shapes.,tests/structural_sections/steel/steel_cross_sections/test_chs_profile.py::Test suite for CHSSteelProfile.::Test the plotting of the CHS profile shapes.,setup,0.0,70.28
before,40,Test the plot method (ensure it runs without errors).,tests/structural_sections/steel/steel_cross_sections/test_rhs_profile.py::Test suite for RHSSteelProfile.::Test the plot method (ensure it runs without errors).,setup,0.0,70.28
before,40,Test the plot method (ensure it runs without errors).,tests/structural_sections/steel/steel_cross_sections/test_i_profile.py::Test suite for ISteelProfile.::Test the plot method (ensure it runs without errors).,setup,0.0,70.28
before,40,Test the plotting of the CHS profile shapes.,tests/structural_sections/steel/steel_cross_sections/test_chs_profile.py::Test suite for CHSSteelProfile.::Test the plotting of the CHS profile shapes.,teardown,0.0,70.28
before,40,Test the plot method (ensure it runs without errors).,tests/structural_sections/steel/steel_cross_sections/test_rhs_profile.py::Test suite for RHSSteelProfile.::Test the plot method (ensure it runs without errors).,teardown,0.0,70.28
before,40,Test the plot method (ensure it runs without errors).,tests/structural_sections/steel/steel_cross_sections/test_i_profile.py::Test suite for ISteelProfile.::Test the plot method (ensure it runs without errors).,teardown,0.0,70.28
after_careful_mock,1,Test the plot method (ensure it runs without errors).,tests/structural_sections/steel/steel_cross_sections/test_rhs_profile.py::Test suite for RHSSteelProfile.::Test the plot method (ensure it runs without errors).,call,0.03,0.1
after_careful_mock,1,Test the plot method (ensure it runs without errors).,tests/structural_sections/steel/steel_cross_sections/test_i_profile.py::Test suite for ISteelProfile.::Test the plot method (ensure it runs without errors).,call,0.03,0.1
after_careful_mock,1,Test the plotting of the CHS profile shapes.,tests/structural_sections/steel/steel_cross_sections/test_chs_profile.py::Test suite for CHSSteelProfile.::Test the plotting of the CHS profile shapes.,call,0.02,0.1
after_careful_mock,1,Test the plotting of the CHS profile shapes.,tests/structural_sections/steel/steel_cross_sections/test_chs_profile.py::Test suite for CHSSteelProfile.::Test the plotting of the CHS profile shapes.,setup,0.0,0.1
after_careful_mock,1,Test the plot method (ensure it runs without errors).,tests/structural_sections/steel/steel_cross_sections/test_rhs_profile.py::Test suite for RHSSteelProfile.::Test the plot method (ensure it runs without errors).,setup,0.0,0.1
after_careful_mock,1,Test the plot method (ensure it runs without errors).,tests/structural_sections/steel/steel_cross_sections/test_i_profile.py::Test suite for ISteelProfile.::Test the plot method (ensure it runs without errors).,setup,0.0,0.1
after_careful_mock,1,Test the plotting of the CHS profile shapes.,tests/structural_sections/steel/steel_cross_sections/test_chs_profile.py::Test suite for CHSSteelProfile.::Test the plotting of the CHS profile shapes.,teardown,0.0,0.1
after_careful_mock,1,Test the plot method (ensure it runs without errors).,tests/structural_sections/steel/steel_cross_sections/test_rhs_profile.py::Test suite for RHSSteelProfile.::Test the plot method (ensure it runs without errors).,teardown,0.0,0.1
after_careful_mock,1,Test the plot method (ensure it runs without errors).,tests/structural_sections/steel/steel_cross_sections/test_i_profile.py::Test suite for ISteelProfile.::Test the plot method (ensure it runs without errors).,teardown,0.0,0.1
after_careful_mock,2,Test the plot method (ensure it runs without errors).,tests/structural_sections/steel/steel_cross_sections/test_i_profile.py::Test suite for ISteelProfile.::Test the plot method (ensure it runs without errors).,call,0.03,0.1
after_careful_mock,2,Test the plot method (ensure it runs without errors).,tests/structural_sections/steel/steel_cross_sections/test_rhs_profile.py::Test suite for RHSSteelProfile.::Test the plot method (ensure it runs without errors).,call,0.03,0.1
after_careful_mock,2,Test the plotting of the CHS profile shapes.,tests/structural_sections/steel/steel_cross_sections/test_chs_profile.py::Test suite for CHSSteelProfile.::Test the plotting of the CHS profile shapes.,call,0.02,0.1
after_careful_mock,2,Test the plotting of the CHS profile shapes.,tests/structural_sections/steel/steel_cross_sections/test_chs_profile.py::Test suite for CHSSteelProfile.::Test the plotting of the CHS profile shapes.,setup,0.0,0.1
after_careful_mock,2,Test the plot method (ensure it runs without errors).,tests/structural_sections/steel/steel_cross_sections/test_rhs_profile.py::Test suite for RHSSteelProfile.::Test the plot method (ensure it runs without errors).,setup,0.0,0.1
after_careful_mock,2,Test the plot method (ensure it runs without errors).,tests/structural_sections/steel/steel_cross_sections/test_i_profile.py::Test suite for ISteelProfile.::Test the plot method (ensure it runs without errors).,setup,0.0,0.1
after_careful_mock,2,Test the plotting of the CHS profile shapes.,tests/structural_sections/steel/steel_cross_sections/test_chs_profile.py::Test suite for CHSSteelProfile.::Test the plotting of the CHS profile shapes.,teardown,0.0,0.1
after_careful_mock,2,Test the plot method (ensure it runs without errors).,tests/structural_sections/steel/steel_cross_sections/test_i_profile.py::Test suite for ISteelProfile.::Test the plot method (ensure it runs without errors).,teardown,0.0,0.1
after_careful_mock,2,Test the plot method (ensure it runs without errors).,tests/structural_sections/steel/steel_cross_sections/test_rhs_profile.py::Test suite for RHSSteelProfile.::Test the plot method (ensure it runs without errors).,teardown,0.0,0.1
after_careful_mock,3,Test the plot method (ensure it runs without errors).,tests/structural_sections/steel/steel_cross_sections/test_rhs_profile.py::Test suite for RHSSteelProfile.::Test the plot method (ensure it runs without errors).,call,0.03,0.1
after_careful_mock,3,Test the plot method (ensure it runs without errors).,tests/structural_sections/steel/steel_cross_sections/test_i_profile.py::Test suite for ISteelProfile.::Test the plot method (ensure it runs without errors).,call,0.03,0.1
after_careful_mock,3,Test the plotting of the CHS profile shapes.,tests/structural_sections/steel/steel_cross_sections/test_chs_profile.py::Test suite for CHSSteelProfile.::Test the plotting of the CHS profile shapes.,call,0.02,0.1
after_careful_mock,3,Test the plotting of the CHS profile shapes.,tests/structural_sections/steel/steel_cross_sections/test_chs_profile.py::Test suite for CHSSteelProfile.::Test the plotting of the CHS profile shapes.,setup,0.0,0.1
after_careful_mock,3,Test the plot method (ensure it runs without errors).,tests/structural_sections/steel/steel_cross_sections/test_rhs_profile.py::Test suite for RHSSteelProfile.::Test the plot method (ensure it runs without errors).,setup,0.0,0.1
after_careful_mock,3,Test the plot method (ensure it runs without errors).,tests/structural_sections/steel/steel_cross_sections/test_i_profile.py::Test suite for ISteelProfile.::Test the plot method (ensure it runs without errors).,setup,0.0,0.1
after_careful_mock,3,Test the plotting of the CHS profile shapes.,tests/structural_sections/steel/steel_cross_sections/test_chs_profile.py::Test suite for CHSSteelProfile.::Test the plotting of the CHS profile shapes.,teardown,0.0,0.1
after_careful_mock,3,Test the plot method (ensure it runs without errors).,tests/structural_sections/steel/steel_cross_sections/test_rhs_profile.py::Test suite for RHSSteelProfile.::Test the plot method (ensure it runs without errors).,teardown,0.0,0.1
after_careful_mock,3,Test the plot method (ensure it runs without errors).,tests/structural_sections/steel/steel_cross_sections/test_i_profile.py::Test suite for ISteelProfile.::Test the plot method (ensure it runs without errors).,teardown,0.0,0.1
after_careful_mock,4,Test the plot method (ensure it runs without errors).,tests/structural_sections/steel/steel_cross_sections/test_rhs_profile.py::Test suite for RHSSteelProfile.::Test the plot method (ensure it runs without errors).,call,0.03,0.1
after_careful_mock,4,Test the plot method (ensure it runs without errors).,tests/structural_sections/steel/steel_cross_sections/test_i_profile.py::Test suite for ISteelProfile.::Test the plot method (ensure it runs without errors).,call,0.03,0.1
after_careful_mock,4,Test the plotting of the CHS profile shapes.,tests/structural_sections/steel/steel_cross_sections/test_chs_profile.py::Test suite for CHSSteelProfile.::Test the plotting of the CHS profile shapes.,call,0.02,0.1
after_careful_mock,4,Test the plotting of the CHS profile shapes.,tests/structural_sections/steel/steel_cross_sections/test_chs_profile.py::Test suite for CHSSteelProfile.::Test the plotting of the CHS profile shapes.,setup,0.0,0.1
after_careful_mock,4,Test the plot method (ensure it runs without errors).,tests/structural_sections/steel/steel_cross_sections/test_rhs_profile.py::Test suite for RHSSteelProfile.::Test the plot method (ensure it runs without errors).,setup,0.0,0.1
after_careful_mock,4,Test the plot method (ensure it runs without errors).,tests/structural_sections/steel/steel_cross_sections/test_i_profile.py::Test suite for ISteelProfile.::Test the plot method (ensure it runs without errors).,setup,0.0,0.1
after_careful_mock,4,Test the plot method (ensure it runs without errors).,tests/structural_sections/steel/steel_cross_sections/test_i_profile.py::Test suite for ISteelProfile.::Test the plot method (ensure it runs without errors).,teardown,0.0,0.1
after_careful_mock,4,Test the plotting of the CHS profile shapes.,tests/structural_sections/steel/steel_cross_sections/test_chs_profile.py::Test suite for CHSSteelProfile.::Test the plotting of the CHS profile shapes.,teardown,0.0,0.1
after_careful_mock,4,Test the plot method (ensure it runs without errors).,tests/structural_sections/steel/steel_cross_sections/test_rhs_profile.py::Test suite for RHSSteelProfile.::Test the plot method (ensure it runs without errors).,teardown,0.0,0.1
after_careful_mock,5,Test the plot method (ensure it runs without errors).,tests/structural_sections/steel/steel_cross_sections/test_i_profile.py::Test suite for ISteelProfile.::Test the plot method (ensure it runs without errors).,call,0.03,0.1
after_careful_mock,5,Test the plot method (ensure it runs without errors).,tests/structural_sections/steel/steel_cross_sections/test_rhs_profile.py::Test suite for RHSSteelProfile.::Test the plot method (ensure it runs without errors).,call,0.03,0.1
after_careful_mock,5,Test the plotting of the CHS profile shapes.,tests/structural_sections/steel/steel_cross_sections/test_chs_profile.py::Test suite for CHSSteelProfile.::Test the plotting of the CHS profile shapes.,call,0.02,0.1
after_careful_mock,5,Test the plotting of the CHS profile shapes.,tests/structural_sections/steel/steel_cross_sections/test_chs_profile.py::Test suite for CHSSteelProfile.::Test the plotting of the CHS profile shapes.,setup,0.0,0.1
after_careful_mock,5,Test the plot method (ensure it runs without errors).,tests/structural_sections/steel/steel_cross_sections/test_i_profile.py::Test suite for ISteelProfile.::Test the plot method (ensure it runs without errors).,setup,0.0,0.1
after_careful_mock,5,Test the plot method (ensure it runs without errors).,tests/structural_sections/steel/steel_cross_sections/test_rhs_profile.py::Test suite for RHSSteelProfile.::Test the plot method (ensure it runs without errors).,setup,0.0,0.1
after_careful_mock,5,Test the plotting of the CHS profile shapes.,tests/structural_sections/steel/steel_cross_sections/test_chs_profile.py::Test suite for CHSSteelProfile.::Test the plotting of the CHS profile shapes.,teardown,0.0,0.1
after_careful_mock,5,Test the plot method (ensure it runs without errors).,tests/structural_sections/steel/steel_cross_sections/test_rhs_profile.py::Test suite for RHSSteelProfile.::Test the plot method (ensure it runs without errors).,teardown,0.0,0.1
after_careful_mock,5,Test the plot method (ensure it runs without errors).,tests/structural_sections/steel/steel_cross_sections/test_i_profile.py::Test suite for ISteelProfile.::Test the plot method (ensure it runs without errors).,teardown,0.0,0.1
after_careful_mock,6,Test the plot method (ensure it runs without errors).,tests/structural_sections/steel/steel_cross_sections/test_i_profile.py::Test suite for ISteelProfile.::Test the plot method (ensure it runs without errors).,call,0.03,0.1
after_careful_mock,6,Test the plot method (ensure it runs without errors).,tests/structural_sections/steel/steel_cross_sections/test_rhs_profile.py::Test suite for RHSSteelProfile.::Test the plot method (ensure it runs without errors).,call,0.03,0.1
after_careful_mock,6,Test the plotting of the CHS profile shapes.,tests/structural_sections/steel/steel_cross_sections/test_chs_profile.py::Test suite for CHSSteelProfile.::Test the plotting of the CHS profile shapes.,call,0.02,0.1
after_careful_mock,6,Test the plotting of the CHS profile shapes.,tests/structural_sections/steel/steel_cross_sections/test_chs_profile.py::Test suite for CHSSteelProfile.::Test the plotting of the CHS profile shapes.,setup,0.0,0.1
after_careful_mock,6,Test the plot method (ensure it runs without errors).,tests/structural_sections/steel/steel_cross_sections/test_rhs_profile.py::Test suite for RHSSteelProfile.::Test the plot method (ensure it runs without errors).,setup,0.0,0.1
after_careful_mock,6,Test the plot method (ensure it runs without errors).,tests/structural_sections/steel/steel_cross_sections/test_i_profile.py::Test suite for ISteelProfile.::Test the plot method (ensure it runs without errors).,setup,0.0,0.1
after_careful_mock,6,Test the plotting of the CHS profile shapes.,tests/structural_sections/steel/steel_cross_sections/test_chs_profile.py::Test suite for CHSSteelProfile.::Test the plotting of the CHS profile shapes.,teardown,0.0,0.1
after_careful_mock,6,Test the plot method (ensure it runs without errors).,tests/structural_sections/steel/steel_cross_sections/test_i_profile.py::Test suite for ISteelProfile.::Test the plot method (ensure it runs without errors).,teardown,0.0,0.1
after_careful_mock,6,Test the plot method (ensure it runs without errors).,tests/structural_sections/steel/steel_cross_sections/test_rhs_profile.py::Test suite for RHSSteelProfile.::Test the plot method (ensure it runs without errors).,teardown,0.0,0.1
after_careful_mock,7,Test the plot method (ensure it runs without errors).,tests/structural_sections/steel/steel_cross_sections/test_i_profile.py::Test suite for ISteelProfile.::Test the plot method (ensure it runs without errors).,call,0.03,0.1
after_careful_mock,7,Test the plot method (ensure it runs without errors).,tests/structural_sections/steel/steel_cross_sections/test_rhs_profile.py::Test suite for RHSSteelProfile.::Test the plot method (ensure it runs without errors).,call,0.03,0.1
after_careful_mock,7,Test the plotting of the CHS profile shapes.,tests/structural_sections/steel/steel_cross_sections/test_chs_profile.py::Test suite for CHSSteelProfile.::Test the plotting of the CHS profile shapes.,call,0.02,0.1
after_careful_mock,7,Test the plotting of the CHS profile shapes.,tests/structural_sections/steel/steel_cross_sections/test_chs_profile.py::Test suite for CHSSteelProfile.::Test the plotting of the CHS profile shapes.,setup,0.0,0.1
after_careful_mock,7,Test the plot method (ensure it runs without errors).,tests/structural_sections/steel/steel_cross_sections/test_i_profile.py::Test suite for ISteelProfile.::Test the plot method (ensure it runs without errors).,setup,0.0,0.1
after_careful_mock,7,Test the plot method (ensure it runs without errors).,tests/structural_sections/steel/steel_cross_sections/test_rhs_profile.py::Test suite for RHSSteelProfile.::Test the plot method (ensure it runs without errors).,setup,0.0,0.1
after_careful_mock,7,Test the plot method (ensure it runs without errors).,tests/structural_sections/steel/steel_cross_sections/test_i_profile.py::Test suite for ISteelProfile.::Test the plot method (ensure it runs without errors).,teardown,0.0,0.1
after_careful_mock,7,Test the plotting of the CHS profile shapes.,tests/structural_sections/steel/steel_cross_sections/test_chs_profile.py::Test suite for CHSSteelProfile.::Test the plotting of the CHS profile shapes.,teardown,0.0,0.1
after_careful_mock,7,Test the plot method (ensure it runs without errors).,tests/structural_sections/steel/steel_cross_sections/test_rhs_profile.py::Test suite for RHSSteelProfile.::Test the plot method (ensure it runs without errors).,teardown,0.0,0.1
after_careful_mock,8,Test the plot method (ensure it runs without errors).,tests/structural_sections/steel/steel_cross_sections/test_rhs_profile.py::Test suite for RHSSteelProfile.::Test the plot method (ensure it runs without errors).,call,0.03,0.1
after_careful_mock,8,Test the plot method (ensure it runs without errors).,tests/structural_sections/steel/steel_cross_sections/test_i_profile.py::Test suite for ISteelProfile.::Test the plot method (ensure it runs without errors).,call,0.03,0.1
after_careful_mock,8,Test the plotting of the CHS profile shapes.,tests/structural_sections/steel/steel_cross_sections/test_chs_profile.py::Test suite for CHSSteelProfile.::Test the plotting of the CHS profile shapes.,call,0.02,0.1
after_careful_mock,8,Test the plotting of the CHS profile shapes.,tests/structural_sections/steel/steel_cross_sections/test_chs_profile.py::Test suite for CHSSteelProfile.::Test the plotting of the CHS profile shapes.,setup,0.0,0.1
after_careful_mock,8,Test the plot method (ensure it runs without errors).,tests/structural_sections/steel/steel_cross_sections/test_rhs_profile.py::Test suite for RHSSteelProfile.::Test the plot method (ensure it runs without errors).,setup,0.0,0.1
after_careful_mock,8,Test the plot method (ensure it runs without errors).,tests/structural_sections/steel/steel_cross_sections/test_i_profile.py::Test suite for ISteelProfile.::Test the plot method (ensure it runs without errors).,setup,0.0,0.1
after_careful_mock,8,Test the plotting of the CHS profile shapes.,tests/structural_sections/steel/steel_cross_sections/test_chs_profile.py::Test suite for CHSSteelProfile.::Test the plotting of the CHS profile shapes.,teardown,0.0,0.1
after_careful_mock,8,Test the plot method (ensure it runs without errors).,tests/structural_sections/steel/steel_cross_sections/test_i_profile.py::Test suite for ISteelProfile.::Test the plot method (ensure it runs without errors).,teardown,0.0,0.1
after_careful_mock,8,Test the plot method (ensure it runs without errors).,tests/structural_sections/steel/steel_cross_sections/test_rhs_profile.py::Test suite for RHSSteelProfile.::Test the plot method (ensure it runs without errors).,teardown,0.0,0.1
after_careful_mock,9,Test the plot method (ensure it runs without errors).,tests/structural_sections/steel/steel_cross_sections/test_rhs_profile.py::Test suite for RHSSteelProfile.::Test the plot method (ensure it runs without errors).,call,0.03,0.1
after_careful_mock,9,Test the plot method (ensure it runs without errors).,tests/structural_sections/steel/steel_cross_sections/test_i_profile.py::Test suite for ISteelProfile.::Test the plot method (ensure it runs without errors).,call,0.03,0.1
after_careful_mock,9,Test the plotting of the CHS profile shapes.,tests/structural_sections/steel/steel_cross_sections/test_chs_profile.py::Test suite for CHSSteelProfile.::Test the plotting of the CHS profile shapes.,call,0.02,0.1
after_careful_mock,9,Test the plotting of the CHS profile shapes.,tests/structural_sections/steel/steel_cross_sections/test_chs_profile.py::Test suite for CHSSteelProfile.::Test the plotting of the CHS profile shapes.,setup,0.0,0.1
after_careful_mock,9,Test the plot method (ensure it runs without errors).,tests/structural_sections/steel/steel_cross_sections/test_rhs_profile.py::Test suite for RHSSteelProfile.::Test the plot method (ensure it runs without errors).,setup,0.0,0.1
after_careful_mock,9,Test the plot method (ensure it runs without errors).,tests/structural_sections/steel/steel_cross_sections/test_i_profile.py::Test suite for ISteelProfile.::Test the plot method (ensure it runs without errors).,setup,0.0,0.1
after_careful_mock,9,Test the plotting of the CHS profile shapes.,tests/structural_sections/steel/steel_cross_sections/test_chs_profile.py::Test suite for CHSSteelProfile.::Test the plotting of the CHS profile shapes.,teardown,0.0,0.1
after_careful_mock,9,Test the plot method (ensure it runs without errors).,tests/structural_sections/steel/steel_cross_sections/test_rhs_profile.py::Test suite for RHSSteelProfile.::Test the plot method (ensure it runs without errors).,teardown,0.0,0.1
after_careful_mock,9,Test the plot method (ensure it runs without errors).,tests/structural_sections/steel/steel_cross_sections/test_i_profile.py::Test suite for ISteelProfile.::Test the plot method (ensure it runs without errors).,teardown,0.0,0.1
after_careful_mock,10,Test the plot method (ensure it runs without errors).,tests/structural_sections/steel/steel_cross_sections/test_i_profile.py::Test suite for ISteelProfile.::Test the plot method (ensure it runs without errors).,call,0.03,0.1
after_careful_mock,10,Test the plot method (ensure it runs without errors).,tests/structural_sections/steel/steel_cross_sections/test_rhs_profile.py::Test suite for RHSSteelProfile.::Test the plot method (ensure it runs without errors).,call,0.03,0.1
after_careful_mock,10,Test the plotting of the CHS profile shapes.,tests/structural_sections/steel/steel_cross_sections/test_chs_profile.py::Test suite for CHSSteelProfile.::Test the plotting of the CHS profile shapes.,call,0.02,0.1
after_careful_mock,10,Test the plotting of the CHS profile shapes.,tests/structural_sections/steel/steel_cross_sections/test_chs_profile.py::Test suite for CHSSteelProfile.::Test the plotting of the CHS profile shapes.,setup,0.0,0.1
after_careful_mock,10,Test the plot method (ensure it runs without errors).,tests/structural_sections/steel/steel_cross_sections/test_rhs_profile.py::Test suite for RHSSteelProfile.::Test the plot method (ensure it runs without errors).,setup,0.0,0.1
after_careful_mock,10,Test the plot method (ensure it runs without errors).,tests/structural_sections/steel/steel_cross_sections/test_i_profile.py::Test suite for ISteelProfile.::Test the plot method (ensure it runs without errors).,setup,0.0,0.1
after_careful_mock,10,Test the plotting of the CHS profile shapes.,tests/structural_sections/steel/steel_cross_sections/test_chs_profile.py::Test suite for CHSSteelProfile.::Test the plotting of the CHS profile shapes.,teardown,0.0,0.1
after_careful_mock,10,Test the plot method (ensure it runs without errors).,tests/structural_sections/steel/steel_cross_sections/test_rhs_profile.py::Test suite for RHSSteelProfile.::Test the plot method (ensure it runs without errors).,teardown,0.0,0.1
after_careful_mock,10,Test the plot method (ensure it runs without errors).,tests/structural_sections/steel/steel_cross_sections/test_i_profile.py::Test suite for ISteelProfile.::Test the plot method (ensure it runs without errors).,teardown,0.0,0.1
after_careful_mock,11,Test the plot method (ensure it runs without errors).,tests/structural_sections/steel/steel_cross_sections/test_rhs_profile.py::Test suite for RHSSteelProfile.::Test the plot method (ensure it runs without errors).,call,0.03,0.1
after_careful_mock,11,Test the plot method (ensure it runs without errors).,tests/structural_sections/steel/steel_cross_sections/test_i_profile.py::Test suite for ISteelProfile.::Test the plot method (ensure it runs without errors).,call,0.03,0.1
after_careful_mock,11,Test the plotting of the CHS profile shapes.,tests/structural_sections/steel/steel_cross_sections/test_chs_profile.py::Test suite for CHSSteelProfile.::Test the plotting of the CHS profile shapes.,call,0.02,0.1
after_careful_mock,11,Test the plotting of the CHS profile shapes.,tests/structural_sections/steel/steel_cross_sections/test_chs_profile.py::Test suite for CHSSteelProfile.::Test the plotting of the CHS profile shapes.,setup,0.0,0.1
after_careful_mock,11,Test the plot method (ensure it runs without errors).,tests/structural_sections/steel/steel_cross_sections/test_rhs_profile.py::Test suite for RHSSteelProfile.::Test the plot method (ensure it runs without errors).,setup,0.0,0.1
after_careful_mock,11,Test the plot method (ensure it runs without errors).,tests/structural_sections/steel/steel_cross_sections/test_i_profile.py::Test suite for ISteelProfile.::Test the plot method (ensure it runs without errors).,setup,0.0,0.1
after_careful_mock,11,Test the plotting of the CHS profile shapes.,tests/structural_sections/steel/steel_cross_sections/test_chs_profile.py::Test suite for CHSSteelProfile.::Test the plotting of the CHS profile shapes.,teardown,0.0,0.1
after_careful_mock,11,Test the plot method (ensure it runs without errors).,tests/structural_sections/steel/steel_cross_sections/test_i_profile.py::Test suite for ISteelProfile.::Test the plot method (ensure it runs without errors).,teardown,0.0,0.1
after_careful_mock,11,Test the plot method (ensure it runs without errors).,tests/structural_sections/steel/steel_cross_sections/test_rhs_profile.py::Test suite for RHSSteelProfile.::Test the plot method (ensure it runs without errors).,teardown,0.0,0.1
after_careful_mock,12,Test the plot method (ensure it runs without errors).,tests/structural_sections/steel/steel_cross_sections/test_i_profile.py::Test suite for ISteelProfile.::Test the plot method (ensure it runs without errors).,call,0.03,0.1
after_careful_mock,12,Test the plot method (ensure it runs without errors).,tests/structural_sections/steel/steel_cross_sections/test_rhs_profile.py::Test suite for RHSSteelProfile.::Test the plot method (ensure it runs without errors).,call,0.03,0.1
after_careful_mock,12,Test the plotting of the CHS profile shapes.,tests/structural_sections/steel/steel_cross_sections/test_chs_profile.py::Test suite for CHSSteelProfile.::Test the plotting of the CHS profile shapes.,call,0.02,0.1
after_careful_mock,12,Test the plotting of the CHS profile shapes.,tests/structural_sections/steel/steel_cross_sections/test_chs_profile.py::Test suite for CHSSteelProfile.::Test the plotting of the CHS profile shapes.,setup,0.0,0.1
after_careful_mock,12,Test the plot method (ensure it runs without errors).,tests/structural_sections/steel/steel_cross_sections/test_rhs_profile.py::Test suite for RHSSteelProfile.::Test the plot method (ensure it runs without errors).,setup,0.0,0.1
after_careful_mock,12,Test the plot method (ensure it runs without errors).,tests/structural_sections/steel/steel_cross_sections/test_i_profile.py::Test suite for ISteelProfile.::Test the plot method (ensure it runs without errors).,setup,0.0,0.1
after_careful_mock,12,Test the plotting of the CHS profile shapes.,tests/structural_sections/steel/steel_cross_sections/test_chs_profile.py::Test suite for CHSSteelProfile.::Test the plotting of the CHS profile shapes.,teardown,0.0,0.1
after_careful_mock,12,Test the plot method (ensure it runs without errors).,tests/structural_sections/steel/steel_cross_sections/test_rhs_profile.py::Test suite for RHSSteelProfile.::Test the plot method (ensure it runs without errors).,teardown,0.0,0.1
after_careful_mock,12,Test the plot method (ensure it runs without errors).,tests/structural_sections/steel/steel_cross_sections/test_i_profile.py::Test suite for ISteelProfile.::Test the plot method (ensure it runs without errors).,teardown,0.0,0.1
after_careful_mock,13,Test the plot method (ensure it runs without errors).,tests/structural_sections/steel/steel_cross_sections/test_rhs_profile.py::Test suite for RHSSteelProfile.::Test the plot method (ensure it runs without errors).,call,0.03,0.1
after_careful_mock,13,Test the plot method (ensure it runs without errors).,tests/structural_sections/steel/steel_cross_sections/test_i_profile.py::Test suite for ISteelProfile.::Test the plot method (ensure it runs without errors).,call,0.03,0.1
after_careful_mock,13,Test the plotting of the CHS profile shapes.,tests/structural_sections/steel/steel_cross_sections/test_chs_profile.py::Test suite for CHSSteelProfile.::Test the plotting of the CHS profile shapes.,call,0.02,0.1
after_careful_mock,13,Test the plotting of the CHS profile shapes.,tests/structural_sections/steel/steel_cross_sections/test_chs_profile.py::Test suite for CHSSteelProfile.::Test the plotting of the CHS profile shapes.,setup,0.0,0.1
after_careful_mock,13,Test the plot method (ensure it runs without errors).,tests/structural_sections/steel/steel_cross_sections/test_rhs_profile.py::Test suite for RHSSteelProfile.::Test the plot method (ensure it runs without errors).,setup,0.0,0.1
after_careful_mock,13,Test the plot method (ensure it runs without errors).,tests/structural_sections/steel/steel_cross_sections/test_i_profile.py::Test suite for ISteelProfile.::Test the plot method (ensure it runs without errors).,setup,0.0,0.1
after_careful_mock,13,Test the plot method (ensure it runs without errors).,tests/structural_sections/steel/steel_cross_sections/test_rhs_profile.py::Test suite for RHSSteelProfile.::Test the plot method (ensure it runs without errors).,teardown,0.0,0.1
after_careful_mock,13,Test the plotting of the CHS profile shapes.,tests/structural_sections/steel/steel_cross_sections/test_chs_profile.py::Test suite for CHSSteelProfile.::Test the plotting of the CHS profile shapes.,teardown,0.0,0.1
after_careful_mock,13,Test the plot method (ensure it runs without errors).,tests/structural_sections/steel/steel_cross_sections/test_i_profile.py::Test suite for ISteelProfile.::Test the plot method (ensure it runs without errors).,teardown,0.0,0.1
after_careful_mock,14,Test the plot method (ensure it runs without errors).,tests/structural_sections/steel/steel_cross_sections/test_rhs_profile.py::Test suite for RHSSteelProfile.::Test the plot method (ensure it runs without errors).,call,0.03,0.1
after_careful_mock,14,Test the plot method (ensure it runs without errors).,tests/structural_sections/steel/steel_cross_sections/test_i_profile.py::Test suite for ISteelProfile.::Test the plot method (ensure it runs without errors).,call,0.03,0.1
after_careful_mock,14,Test the plotting of the CHS profile shapes.,tests/structural_sections/steel/steel_cross_sections/test_chs_profile.py::Test suite for CHSSteelProfile.::Test the plotting of the CHS profile shapes.,call,0.02,0.1
after_careful_mock,14,Test the plotting of the CHS profile shapes.,tests/structural_sections/steel/steel_cross_sections/test_chs_profile.py::Test suite for CHSSteelProfile.::Test the plotting of the CHS profile shapes.,setup,0.0,0.1
after_careful_mock,14,Test the plot method (ensure it runs without errors).,tests/structural_sections/steel/steel_cross_sections/test_rhs_profile.py::Test suite for RHSSteelProfile.::Test the plot method (ensure it runs without errors).,setup,0.0,0.1
after_careful_mock,14,Test the plot method (ensure it runs without errors).,tests/structural_sections/steel/steel_cross_sections/test_i_profile.py::Test suite for ISteelProfile.::Test the plot method (ensure it runs without errors).,setup,0.0,0.1
after_careful_mock,14,Test the plotting of the CHS profile shapes.,tests/structural_sections/steel/steel_cross_sections/test_chs_profile.py::Test suite for CHSSteelProfile.::Test the plotting of the CHS profile shapes.,teardown,0.0,0.1
after_careful_mock,14,Test the plot method (ensure it runs without errors).,tests/structural_sections/steel/steel_cross_sections/test_rhs_profile.py::Test suite for RHSSteelProfile.::Test the plot method (ensure it runs without errors).,teardown,0.0,0.1
after_careful_mock,14,Test the plot method (ensure it runs without errors).,tests/structural_sections/steel/steel_cross_sections/test_i_profile.py::Test suite for ISteelProfile.::Test the plot method (ensure it runs without errors).,teardown,0.0,0.1
after_careful_mock,15,Test the plot method (ensure it runs without errors).,tests/structural_sections/steel/steel_cross_sections/test_rhs_profile.py::Test suite for RHSSteelProfile.::Test the plot method (ensure it runs without errors).,call,0.03,0.1
after_careful_mock,15,Test the plot method (ensure it runs without errors).,tests/structural_sections/steel/steel_cross_sections/test_i_profile.py::Test suite for ISteelProfile.::Test the plot method (ensure it runs without errors).,call,0.03,0.1
after_careful_mock,15,Test the plotting of the CHS profile shapes.,tests/structural_sections/steel/steel_cross_sections/test_chs_profile.py::Test suite for CHSSteelProfile.::Test the plotting of the CHS profile shapes.,call,0.02,0.1
after_careful_mock,15,Test the plotting of the CHS profile shapes.,tests/structural_sections/steel/steel_cross_sections/test_chs_profile.py::Test suite for CHSSteelProfile.::Test the plotting of the CHS profile shapes.,setup,0.0,0.1
after_careful_mock,15,Test the plot method (ensure it runs without errors).,tests/structural_sections/steel/steel_cross_sections/test_rhs_profile.py::Test suite for RHSSteelProfile.::Test the plot method (ensure it runs without errors).,setup,0.0,0.1
after_careful_mock,15,Test the plot method (ensure it runs without errors).,tests/structural_sections/steel/steel_cross_sections/test_i_profile.py::Test suite for ISteelProfile.::Test the plot method (ensure it runs without errors).,setup,0.0,0.1
after_careful_mock,15,Test the plotting of the CHS profile shapes.,tests/structural_sections/steel/steel_cross_sections/test_chs_profile.py::Test suite for CHSSteelProfile.::Test the plotting of the CHS profile shapes.,teardown,0.0,0.1
after_careful_mock,15,Test the plot method (ensure it runs without errors).,tests/structural_sections/steel/steel_cross_sections/test_rhs_profile.py::Test suite for RHSSteelProfile.::Test the plot method (ensure it runs without errors).,teardown,0.0,0.1
after_careful_mock,15,Test the plot method (ensure it runs without errors).,tests/structural_sections/steel/steel_cross_sections/test_i_profile.py::Test suite for ISteelProfile.::Test the plot method (ensure it runs without errors).,teardown,0.0,0.1
after_careful_mock,16,Test the plot method (ensure it runs without errors).,tests/structural_sections/steel/steel_cross_sections/test_rhs_profile.py::Test suite for RHSSteelProfile.::Test the plot method (ensure it runs without errors).,call,0.03,0.1
after_careful_mock,16,Test the plot method (ensure it runs without errors).,tests/structural_sections/steel/steel_cross_sections/test_i_profile.py::Test suite for ISteelProfile.::Test the plot method (ensure it runs without errors).,call,0.03,0.1
after_careful_mock,16,Test the plotting of the CHS profile shapes.,tests/structural_sections/steel/steel_cross_sections/test_chs_profile.py::Test suite for CHSSteelProfile.::Test the plotting of the CHS profile shapes.,call,0.02,0.1
after_careful_mock,16,Test the plotting of the CHS profile shapes.,tests/structural_sections/steel/steel_cross_sections/test_chs_profile.py::Test suite for CHSSteelProfile.::Test the plotting of the CHS profile shapes.,setup,0.0,0.1
after_careful_mock,16,Test the plot method (ensure it runs without errors).,tests/structural_sections/steel/steel_cross_sections/test_rhs_profile.py::Test suite for RHSSteelProfile.::Test the plot method (ensure it runs without errors).,setup,0.0,0.1
after_careful_mock,16,Test the plot method (ensure it runs without errors).,tests/structural_sections/steel/steel_cross_sections/test_i_profile.py::Test suite for ISteelProfile.::Test the plot method (ensure it runs without errors).,setup,0.0,0.1
after_careful_mock,16,Test the plotting of the CHS profile shapes.,tests/structural_sections/steel/steel_cross_sections/test_chs_profile.py::Test suite for CHSSteelProfile.::Test the plotting of the CHS profile shapes.,teardown,0.0,0.1
after_careful_mock,16,Test the plot method (ensure it runs without errors).,tests/structural_sections/steel/steel_cross_sections/test_rhs_profile.py::Test suite for RHSSteelProfile.::Test the plot method (ensure it runs without errors).,teardown,0.0,0.1
after_careful_mock,16,Test the plot method (ensure it runs without errors).,tests/structural_sections/steel/steel_cross_sections/test_i_profile.py::Test suite for ISteelProfile.::Test the plot method (ensure it runs without errors).,teardown,0.0,0.1
after_careful_mock,17,Test the plot method (ensure it runs without errors).,tests/structural_sections/steel/steel_cross_sections/test_i_profile.py::Test suite for ISteelProfile.::Test the plot method (ensure it runs without errors).,call,0.03,0.11
after_careful_mock,17,Test the plot method (ensure it runs without errors).,tests/structural_sections/steel/steel_cross_sections/test_rhs_profile.py::Test suite for RHSSteelProfile.::Test the plot method (ensure it runs without errors).,call,0.03,0.11
after_careful_mock,17,Test the plotting of the CHS profile shapes.,tests/structural_sections/steel/steel_cross_sections/test_chs_profile.py::Test suite for CHSSteelProfile.::Test the plotting of the CHS profile shapes.,call,0.02,0.11
after_careful_mock,17,Test the plotting of the CHS profile shapes.,tests/structural_sections/steel/steel_cross_sections/test_chs_profile.py::Test suite for CHSSteelProfile.::Test the plotting of the CHS profile shapes.,setup,0.0,0.11
after_careful_mock,17,Test the plot method (ensure it runs without errors).,tests/structural_sections/steel/steel_cross_sections/test_i_profile.py::Test suite for ISteelProfile.::Test the plot method (ensure it runs without errors).,setup,0.0,0.11
after_careful_mock,17,Test the plot method (ensure it runs without errors).,tests/structural_sections/steel/steel_cross_sections/test_rhs_profile.py::Test suite for RHSSteelProfile.::Test the plot method (ensure it runs without errors).,setup,0.0,0.11
after_careful_mock,17,Test the plot method (ensure it runs without errors).,tests/structural_sections/steel/steel_cross_sections/test_i_profile.py::Test suite for ISteelProfile.::Test the plot method (ensure it runs without errors).,teardown,0.0,0.11
after_careful_mock,17,Test the plot method (ensure it runs without errors).,tests/structural_sections/steel/steel_cross_sections/test_rhs_profile.py::Test suite for RHSSteelProfile.::Test the plot method (ensure it runs without errors).,teardown,0.0,0.11
after_careful_mock,17,Test the plotting of the CHS profile shapes.,tests/structural_sections/steel/steel_cross_sections/test_chs_profile.py::Test suite for CHSSteelProfile.::Test the plotting of the CHS profile shapes.,teardown,0.0,0.11
after_careful_mock,18,Test the plot method (ensure it runs without errors).,tests/structural_sections/steel/steel_cross_sections/test_rhs_profile.py::Test suite for RHSSteelProfile.::Test the plot method (ensure it runs without errors).,call,0.03,0.12
after_careful_mock,18,Test the plot method (ensure it runs without errors).,tests/structural_sections/steel/steel_cross_sections/test_i_profile.py::Test suite for ISteelProfile.::Test the plot method (ensure it runs without errors).,call,0.03,0.12
after_careful_mock,18,Test the plotting of the CHS profile shapes.,tests/structural_sections/steel/steel_cross_sections/test_chs_profile.py::Test suite for CHSSteelProfile.::Test the plotting of the CHS profile shapes.,call,0.03,0.12
after_careful_mock,18,Test the plotting of the CHS profile shapes.,tests/structural_sections/steel/steel_cross_sections/test_chs_profile.py::Test suite for CHSSteelProfile.::Test the plotting of the CHS profile shapes.,setup,0.0,0.12
after_careful_mock,18,Test the plot method (ensure it runs without errors).,tests/structural_sections/steel/steel_cross_sections/test_rhs_profile.py::Test suite for RHSSteelProfile.::Test the plot method (ensure it runs without errors).,setup,0.0,0.12
after_careful_mock,18,Test the plot method (ensure it runs without errors).,tests/structural_sections/steel/steel_cross_sections/test_i_profile.py::Test suite for ISteelProfile.::Test the plot method (ensure it runs without errors).,setup,0.0,0.12
after_careful_mock,18,Test the plot method (ensure it runs without errors).,tests/structural_sections/steel/steel_cross_sections/test_rhs_profile.py::Test suite for RHSSteelProfile.::Test the plot method (ensure it runs without errors).,teardown,0.0,0.12
after_careful_mock,18,Test the plotting of the CHS profile shapes.,tests/structural_sections/steel/steel_cross_sections/test_chs_profile.py::Test suite for CHSSteelProfile.::Test the plotting of the CHS profile shapes.,teardown,0.0,0.12
after_careful_mock,18,Test the plot method (ensure it runs without errors).,tests/structural_sections/steel/steel_cross_sections/test_i_profile.py::Test suite for ISteelProfile.::Test the plot method (ensure it runs without errors).,teardown,0.0,0.12
after_careful_mock,19,Test the plot method (ensure it runs without errors).,tests/structural_sections/steel/steel_cross_sections/test_i_profile.py::Test suite for ISteelProfile.::Test the plot method (ensure it runs without errors).,call,0.03,0.1
after_careful_mock,19,Test the plot method (ensure it runs without errors).,tests/structural_sections/steel/steel_cross_sections/test_rhs_profile.py::Test suite for RHSSteelProfile.::Test the plot method (ensure it runs without errors).,call,0.03,0.1
after_careful_mock,19,Test the plotting of the CHS profile shapes.,tests/structural_sections/steel/steel_cross_sections/test_chs_profile.py::Test suite for CHSSteelProfile.::Test the plotting of the CHS profile shapes.,call,0.02,0.1
after_careful_mock,19,Test the plotting of the CHS profile shapes.,tests/structural_sections/steel/steel_cross_sections/test_chs_profile.py::Test suite for CHSSteelProfile.::Test the plotting of the CHS profile shapes.,setup,0.0,0.1
after_careful_mock,19,Test the plot method (ensure it runs without errors).,tests/structural_sections/steel/steel_cross_sections/test_rhs_profile.py::Test suite for RHSSteelProfile.::Test the plot method (ensure it runs without errors).,setup,0.0,0.1
after_careful_mock,19,Test the plot method (ensure it runs without errors).,tests/structural_sections/steel/steel_cross_sections/test_i_profile.py::Test suite for ISteelProfile.::Test the plot method (ensure it runs without errors).,setup,0.0,0.1
after_careful_mock,19,Test the plotting of the CHS profile shapes.,tests/structural_sections/steel/steel_cross_sections/test_chs_profile.py::Test suite for CHSSteelProfile.::Test the plotting of the CHS profile shapes.,teardown,0.0,0.1
after_careful_mock,19,Test the plot method (ensure it runs without errors).,tests/structural_sections/steel/steel_cross_sections/test_i_profile.py::Test suite for ISteelProfile.::Test the plot method (ensure it runs without errors).,teardown,0.0,0.1
after_careful_mock,19,Test the plot method (ensure it runs without errors).,tests/structural_sections/steel/steel_cross_sections/test_rhs_profile.py::Test suite for RHSSteelProfile.::Test the plot method (ensure it runs without errors).,teardown,0.0,0.1
after_careful_mock,20,Test the plot method (ensure it runs without errors).,tests/structural_sections/steel/steel_cross_sections/test_i_profile.py::Test suite for ISteelProfile.::Test the plot method (ensure it runs without errors).,call,0.03,0.1
after_careful_mock,20,Test the plot method (ensure it runs without errors).,tests/structural_sections/steel/steel_cross_sections/test_rhs_profile.py::Test suite for RHSSteelProfile.::Test the plot method (ensure it runs without errors).,call,0.03,0.1
after_careful_mock,20,Test the plotting of the CHS profile shapes.,tests/structural_sections/steel/steel_cross_sections/test_chs_profile.py::Test suite for CHSSteelProfile.::Test the plotting of the CHS profile shapes.,call,0.02,0.1
after_careful_mock,20,Test the plotting of the CHS profile shapes.,tests/structural_sections/steel/steel_cross_sections/test_chs_profile.py::Test suite for CHSSteelProfile.::Test the plotting of the CHS profile shapes.,setup,0.0,0.1
after_careful_mock,20,Test the plot method (ensure it runs without errors).,tests/structural_sections/steel/steel_cross_sections/test_rhs_profile.py::Test suite for RHSSteelProfile.::Test the plot method (ensure it runs without errors).,setup,0.0,0.1
after_careful_mock,20,Test the plot method (ensure it runs without errors).,tests/structural_sections/steel/steel_cross_sections/test_i_profile.py::Test suite for ISteelProfile.::Test the plot method (ensure it runs without errors).,setup,0.0,0.1
after_careful_mock,20,Test the plotting of the CHS profile shapes.,tests/structural_sections/steel/steel_cross_sections/test_chs_profile.py::Test suite for CHSSteelProfile.::Test the plotting of the CHS profile shapes.,teardown,0.0,0.1
after_careful_mock,20,Test the plot method (ensure it runs without errors).,tests/structural_sections/steel/steel_cross_sections/test_rhs_profile.py::Test suite for RHSSteelProfile.::Test the plot method (ensure it runs without errors).,teardown,0.0,0.1
after_careful_mock,20,Test the plot method (ensure it runs without errors).,tests/structural_sections/steel/steel_cross_sections/test_i_profile.py::Test suite for ISteelProfile.::Test the plot method (ensure it runs without errors).,teardown,0.0,0.1
after_careful_mock,21,Test the plot method (ensure it runs without errors).,tests/structural_sections/steel/steel_cross_sections/test_i_profile.py::Test suite for ISteelProfile.::Test the plot method (ensure it runs without errors).,call,0.03,0.1
after_careful_mock,21,Test the plot method (ensure it runs without errors).,tests/structural_sections/steel/steel_cross_sections/test_rhs_profile.py::Test suite for RHSSteelProfile.::Test the plot method (ensure it runs without errors).,call,0.03,0.1
after_careful_mock,21,Test the plotting of the CHS profile shapes.,tests/structural_sections/steel/steel_cross_sections/test_chs_profile.py::Test suite for CHSSteelProfile.::Test the plotting of the CHS profile shapes.,call,0.02,0.1
after_careful_mock,21,Test the plotting of the CHS profile shapes.,tests/structural_sections/steel/steel_cross_sections/test_chs_profile.py::Test suite for CHSSteelProfile.::Test the plotting of the CHS profile shapes.,setup,0.0,0.1
after_careful_mock,21,Test the plot method (ensure it runs without errors).,tests/structural_sections/steel/steel_cross_sections/test_rhs_profile.py::Test suite for RHSSteelProfile.::Test the plot method (ensure it runs without errors).,setup,0.0,0.1
after_careful_mock,21,Test the plot method (ensure it runs without errors).,tests/structural_sections/steel/steel_cross_sections/test_i_profile.py::Test suite for ISteelProfile.::Test the plot method (ensure it runs without errors).,setup,0.0,0.1
after_careful_mock,21,Test the plotting of the CHS profile shapes.,tests/structural_sections/steel/steel_cross_sections/test_chs_profile.py::Test suite for CHSSteelProfile.::Test the plotting of the CHS profile shapes.,teardown,0.0,0.1
after_careful_mock,21,Test the plot method (ensure it runs without errors).,tests/structural_sections/steel/steel_cross_sections/test_rhs_profile.py::Test suite for RHSSteelProfile.::Test the plot method (ensure it runs without errors).,teardown,0.0,0.1
after_careful_mock,21,Test the plot method (ensure it runs without errors).,tests/structural_sections/steel/steel_cross_sections/test_i_profile.py::Test suite for ISteelProfile.::Test the plot method (ensure it runs without errors).,teardown,0.0,0.1
after_careful_mock,22,Test the plot method (ensure it runs without errors).,tests/structural_sections/steel/steel_cross_sections/test_i_profile.py::Test suite for ISteelProfile.::Test the plot method (ensure it runs without errors).,call,0.03,0.1
after_careful_mock,22,Test the plot method (ensure it runs without errors).,tests/structural_sections/steel/steel_cross_sections/test_rhs_profile.py::Test suite for RHSSteelProfile.::Test the plot method (ensure it runs without errors).,call,0.03,0.1
after_careful_mock,22,Test the plotting of the CHS profile shapes.,tests/structural_sections/steel/steel_cross_sections/test_chs_profile.py::Test suite for CHSSteelProfile.::Test the plotting of the CHS profile shapes.,call,0.02,0.1
after_careful_mock,22,Test the plotting of the CHS profile shapes.,tests/structural_sections/steel/steel_cross_sections/test_chs_profile.py::Test suite for CHSSteelProfile.::Test the plotting of the CHS profile shapes.,setup,0.0,0.1
after_careful_mock,22,Test the plot method (ensure it runs without errors).,tests/structural_sections/steel/steel_cross_sections/test_rhs_profile.py::Test suite for RHSSteelProfile.::Test the plot method (ensure it runs without errors).,setup,0.0,0.1
after_careful_mock,22,Test the plot method (ensure it runs without errors).,tests/structural_sections/steel/steel_cross_sections/test_i_profile.py::Test suite for ISteelProfile.::Test the plot method (ensure it runs without errors).,setup,0.0,0.1
after_careful_mock,22,Test the plotting of the CHS profile shapes.,tests/structural_sections/steel/steel_cross_sections/test_chs_profile.py::Test suite for CHSSteelProfile.::Test the plotting of the CHS profile shapes.,teardown,0.0,0.1
after_careful_mock,22,Test the plot method (ensure it runs without errors).,tests/structural_sections/steel/steel_cross_sections/test_rhs_profile.py::Test suite for RHSSteelProfile.::Test the plot method (ensure it runs without errors).,teardown,0.0,0.1
after_careful_mock,22,Test the plot method (ensure it runs without errors).,tests/structural_sections/steel/steel_cross_sections/test_i_profile.py::Test suite for ISteelProfile.::Test the plot method (ensure it runs without errors).,teardown,0.0,0.1
after_careful_mock,23,Test the plot method (ensure it runs without errors).,tests/structural_sections/steel/steel_cross_sections/test_i_profile.py::Test suite for ISteelProfile.::Test the plot method (ensure it runs without errors).,call,0.03,0.1
after_careful_mock,23,Test the plot method (ensure it runs without errors).,tests/structural_sections/steel/steel_cross_sections/test_rhs_profile.py::Test suite for RHSSteelProfile.::Test the plot method (ensure it runs without errors).,call,0.03,0.1
after_careful_mock,23,Test the plotting of the CHS profile shapes.,tests/structural_sections/steel/steel_cross_sections/test_chs_profile.py::Test suite for CHSSteelProfile.::Test the plotting of the CHS profile shapes.,call,0.02,0.1
after_careful_mock,23,Test the plotting of the CHS profile shapes.,tests/structural_sections/steel/steel_cross_sections/test_chs_profile.py::Test suite for CHSSteelProfile.::Test the plotting of the CHS profile shapes.,setup,0.0,0.1
after_careful_mock,23,Test the plot method (ensure it runs without errors).,tests/structural_sections/steel/steel_cross_sections/test_rhs_profile.py::Test suite for RHSSteelProfile.::Test the plot method (ensure it runs without errors).,setup,0.0,0.1
after_careful_mock,23,Test the plot method (ensure it runs without errors).,tests/structural_sections/steel/steel_cross_sections/test_i_profile.py::Test suite for ISteelProfile.::Test the plot method (ensure it runs without errors).,setup,0.0,0.1
after_careful_mock,23,Test the plotting of the CHS profile shapes.,tests/structural_sections/steel/steel_cross_sections/test_chs_profile.py::Test suite for CHSSteelProfile.::Test the plotting of the CHS profile shapes.,teardown,0.0,0.1
after_careful_mock,23,Test the plot method (ensure it runs without errors).,tests/structural_sections/steel/steel_cross_sections/test_rhs_profile.py::Test suite for RHSSteelProfile.::Test the plot method (ensure it runs without errors).,teardown,0.0,0.1
after_careful_mock,23,Test the plot method (ensure it runs without errors).,tests/structural_sections/steel/steel_cross_sections/test_i_profile.py::Test suite for ISteelProfile.::Test the plot method (ensure it runs without errors).,teardown,0.0,0.1
after_careful_mock,24,Test the plot method (ensure it runs without errors).,tests/structural_sections/steel/steel_cross_sections/test_i_profile.py::Test suite for ISteelProfile.::Test the plot method (ensure it runs without errors).,call,0.03,0.1
after_careful_mock,24,Test the plot method (ensure it runs without errors).,tests/structural_sections/steel/steel_cross_sections/test_rhs_profile.py::Test suite for RHSSteelProfile.::Test the plot method (ensure it runs without errors).,call,0.03,0.1
after_careful_mock,24,Test the plotting of the CHS profile shapes.,tests/structural_sections/steel/steel_cross_sections/test_chs_profile.py::Test suite for CHSSteelProfile.::Test the plotting of the CHS profile shapes.,call,0.02,0.1
after_careful_mock,24,Test the plotting of the CHS profile shapes.,tests/structural_sections/steel/steel_cross_sections/test_chs_profile.py::Test suite for CHSSteelProfile.::Test the plotting of the CHS profile shapes.,setup,0.0,0.1
after_careful_mock,24,Test the plot method (ensure it runs without errors).,tests/structural_sections/steel/steel_cross_sections/test_rhs_profile.py::Test suite for RHSSteelProfile.::Test the plot method (ensure it runs without errors).,setup,0.0,0.1
after_careful_mock,24,Test the plot method (ensure it runs without errors).,tests/structural_sections/steel/steel_cross_sections/test_i_profile.py::Test suite for ISteelProfile.::Test the plot method (ensure it runs without errors).,setup,0.0,0.1
after_careful_mock,24,Test the plotting of the CHS profile shapes.,tests/structural_sections/steel/steel_cross_sections/test_chs_profile.py::Test suite for CHSSteelProfile.::Test the plotting of the CHS profile shapes.,teardown,0.0,0.1
after_careful_mock,24,Test the plot method (ensure it runs without errors).,tests/structural_sections/steel/steel_cross_sections/test_rhs_profile.py::Test suite for RHSSteelProfile.::Test the plot method (ensure it runs without errors).,teardown,0.0,0.1
after_careful_mock,24,Test the plot method (ensure it runs without errors).,tests/structural_sections/steel/steel_cross_sections/test_i_profile.py::Test suite for ISteelProfile.::Test the plot method (ensure it runs without errors).,teardown,0.0,0.1
after_careful_mock,25,Test the plot method (ensure it runs without errors).,tests/structural_sections/steel/steel_cross_sections/test_rhs_profile.py::Test suite for RHSSteelProfile.::Test the plot method (ensure it runs without errors).,call,0.03,0.1
after_careful_mock,25,Test the plot method (ensure it runs without errors).,tests/structural_sections/steel/steel_cross_sections/test_i_profile.py::Test suite for ISteelProfile.::Test the plot method (ensure it runs without errors).,call,0.03,0.1
after_careful_mock,25,Test the plotting of the CHS profile shapes.,tests/structural_sections/steel/steel_cross_sections/test_chs_profile.py::Test suite for CHSSteelProfile.::Test the plotting of the CHS profile shapes.,call,0.02,0.1
after_careful_mock,25,Test the plotting of the CHS profile shapes.,tests/structural_sections/steel/steel_cross_sections/test_chs_profile.py::Test suite for CHSSteelProfile.::Test the plotting of the CHS profile shapes.,setup,0.0,0.1
after_careful_mock,25,Test the plot method (ensure it runs without errors).,tests/structural_sections/steel/steel_cross_sections/test_rhs_profile.py::Test suite for RHSSteelProfile.::Test the plot method (ensure it runs without errors).,setup,0.0,0.1
after_careful_mock,25,Test the plot method (ensure it runs without errors).,tests/structural_sections/steel/steel_cross_sections/test_i_profile.py::Test suite for ISteelProfile.::Test the plot method (ensure it runs without errors).,setup,0.0,0.1
after_careful_mock,25,Test the plotting of the CHS profile shapes.,tests/structural_sections/steel/steel_cross_sections/test_chs_profile.py::Test suite for CHSSteelProfile.::Test the plotting of the CHS profile shapes.,teardown,0.0,0.1
after_careful_mock,25,Test the plot method (ensure it runs without errors).,tests/structural_sections/steel/steel_cross_sections/test_rhs_profile.py::Test suite for RHSSteelProfile.::Test the plot method (ensure it runs without errors).,teardown,0.0,0.1
after_careful_mock,25,Test the plot method (ensure it runs without errors).,tests/structural_sections/steel/steel_cross_sections/test_i_profile.py::Test suite for ISteelProfile.::Test the plot method (ensure it runs without errors).,teardown,0.0,0.1
after_careful_mock,26,Test the plot method (ensure it runs without errors).,tests/structural_sections/steel/steel_cross_sections/test_i_profile.py::Test suite for ISteelProfile.::Test the plot method (ensure it runs without errors).,call,0.03,0.1
after_careful_mock,26,Test the plot method (ensure it runs without errors).,tests/structural_sections/steel/steel_cross_sections/test_rhs_profile.py::Test suite for RHSSteelProfile.::Test the plot method (ensure it runs without errors).,call,0.03,0.1
after_careful_mock,26,Test the plotting of the CHS profile shapes.,tests/structural_sections/steel/steel_cross_sections/test_chs_profile.py::Test suite for CHSSteelProfile.::Test the plotting of the CHS profile shapes.,call,0.02,0.1
after_careful_mock,26,Test the plotting of the CHS profile shapes.,tests/structural_sections/steel/steel_cross_sections/test_chs_profile.py::Test suite for CHSSteelProfile.::Test the plotting of the CHS profile shapes.,setup,0.0,0.1
after_careful_mock,26,Test the plot method (ensure it runs without errors).,tests/structural_sections/steel/steel_cross_sections/test_i_profile.py::Test suite for ISteelProfile.::Test the plot method (ensure it runs without errors).,setup,0.0,0.1
after_careful_mock,26,Test the plot method (ensure it runs without errors).,tests/structural_sections/steel/steel_cross_sections/test_rhs_profile.py::Test suite for RHSSteelProfile.::Test the plot method (ensure it runs without errors).,setup,0.0,0.1
after_careful_mock,26,Test the plot method (ensure it runs without errors).,tests/structural_sections/steel/steel_cross_sections/test_rhs_profile.py::Test suite for RHSSteelProfile.::Test the plot method (ensure it runs without errors).,teardown,0.0,0.1
after_careful_mock,26,Test the plotting of the CHS profile shapes.,tests/structural_sections/steel/steel_cross_sections/test_chs_profile.py::Test suite for CHSSteelProfile.::Test the plotting of the CHS profile shapes.,teardown,0.0,0.1
after_careful_mock,26,Test the plot method (ensure it runs without errors).,tests/structural_sections/steel/steel_cross_sections/test_i_profile.py::Test suite for ISteelProfile.::Test the plot method (ensure it runs without errors).,teardown,0.0,0.1
after_careful_mock,27,Test the plot method (ensure it runs without errors).,tests/structural_sections/steel/steel_cross_sections/test_rhs_profile.py::Test suite for RHSSteelProfile.::Test the plot method (ensure it runs without errors).,call,0.03,0.1
after_careful_mock,27,Test the plot method (ensure it runs without errors).,tests/structural_sections/steel/steel_cross_sections/test_i_profile.py::Test suite for ISteelProfile.::Test the plot method (ensure it runs without errors).,call,0.03,0.1
after_careful_mock,27,Test the plotting of the CHS profile shapes.,tests/structural_sections/steel/steel_cross_sections/test_chs_profile.py::Test suite for CHSSteelProfile.::Test the plotting of the CHS profile shapes.,call,0.02,0.1
after_careful_mock,27,Test the plotting of the CHS profile shapes.,tests/structural_sections/steel/steel_cross_sections/test_chs_profile.py::Test suite for CHSSteelProfile.::Test the plotting of the CHS profile shapes.,setup,0.0,0.1
after_careful_mock,27,Test the plot method (ensure it runs without errors).,tests/structural_sections/steel/steel_cross_sections/test_rhs_profile.py::Test suite for RHSSteelProfile.::Test the plot method (ensure it runs without errors).,setup,0.0,0.1
after_careful_mock,27,Test the plot method (ensure it runs without errors).,tests/structural_sections/steel/steel_cross_sections/test_i_profile.py::Test suite for ISteelProfile.::Test the plot method (ensure it runs without errors).,setup,0.0,0.1
after_careful_mock,27,Test the plotting of the CHS profile shapes.,tests/structural_sections/steel/steel_cross_sections/test_chs_profile.py::Test suite for CHSSteelProfile.::Test the plotting of the CHS profile shapes.,teardown,0.0,0.1
after_careful_mock,27,Test the plot method (ensure it runs without errors).,tests/structural_sections/steel/steel_cross_sections/test_rhs_profile.py::Test suite for RHSSteelProfile.::Test the plot method (ensure it runs without errors).,teardown,0.0,0.1
after_careful_mock,27,Test the plot method (ensure it runs without errors).,tests/structural_sections/steel/steel_cross_sections/test_i_profile.py::Test suite for ISteelProfile.::Test the plot method (ensure it runs without errors).,teardown,0.0,0.1
after_careful_mock,28,Test the plot method (ensure it runs without errors).,tests/structural_sections/steel/steel_cross_sections/test_i_profile.py::Test suite for ISteelProfile.::Test the plot method (ensure it runs without errors).,call,0.03,0.1
after_careful_mock,28,Test the plot method (ensure it runs without errors).,tests/structural_sections/steel/steel_cross_sections/test_rhs_profile.py::Test suite for RHSSteelProfile.::Test the plot method (ensure it runs without errors).,call,0.03,0.1
after_careful_mock,28,Test the plotting of the CHS profile shapes.,tests/structural_sections/steel/steel_cross_sections/test_chs_profile.py::Test suite for CHSSteelProfile.::Test the plotting of the CHS profile shapes.,call,0.02,0.1
after_careful_mock,28,Test the plotting of the CHS profile shapes.,tests/structural_sections/steel/steel_cross_sections/test_chs_profile.py::Test suite for CHSSteelProfile.::Test the plotting of the CHS profile shapes.,setup,0.0,0.1
after_careful_mock,28,Test the plot method (ensure it runs without errors).,tests/structural_sections/steel/steel_cross_sections/test_rhs_profile.py::Test suite for RHSSteelProfile.::Test the plot method (ensure it runs without errors).,setup,0.0,0.1
after_careful_mock,28,Test the plot method (ensure it runs without errors).,tests/structural_sections/steel/steel_cross_sections/test_i_profile.py::Test suite for ISteelProfile.::Test the plot method (ensure it runs without errors).,setup,0.0,0.1
after_careful_mock,28,Test the plotting of the CHS profile shapes.,tests/structural_sections/steel/steel_cross_sections/test_chs_profile.py::Test suite for CHSSteelProfile.::Test the plotting of the CHS profile shapes.,teardown,0.0,0.1
after_careful_mock,28,Test the plot method (ensure it runs without errors).,tests/structural_sections/steel/steel_cross_sections/test_rhs_profile.py::Test suite for RHSSteelProfile.::Test the plot method (ensure it runs without errors).,teardown,0.0,0.1
after_careful_mock,28,Test the plot method (ensure it runs without errors).,tests/structural_sections/steel/steel_cross_sections/test_i_profile.py::Test suite for ISteelProfile.::Test the plot method (ensure it runs without errors).,teardown,0.0,0.1
after_careful_mock,29,Test the plot method (ensure it runs without errors).,tests/structural_sections/steel/steel_cross_sections/test_rhs_profile.py::Test suite for RHSSteelProfile.::Test the plot method (ensure it runs without errors).,call,0.03,0.1
after_careful_mock,29,Test the plot method (ensure it runs without errors).,tests/structural_sections/steel/steel_cross_sections/test_i_profile.py::Test suite for ISteelProfile.::Test the plot method (ensure it runs without errors).,call,0.03,0.1
after_careful_mock,29,Test the plotting of the CHS profile shapes.,tests/structural_sections/steel/steel_cross_sections/test_chs_profile.py::Test suite for CHSSteelProfile.::Test the plotting of the CHS profile shapes.,call,0.02,0.1
after_careful_mock,29,Test the plotting of the CHS profile shapes.,tests/structural_sections/steel/steel_cross_sections/test_chs_profile.py::Test suite for CHSSteelProfile.::Test the plotting of the CHS profile shapes.,setup,0.0,0.1
after_careful_mock,29,Test the plot method (ensure it runs without errors).,tests/structural_sections/steel/steel_cross_sections/test_rhs_profile.py::Test suite for RHSSteelProfile.::Test the plot method (ensure it runs without errors).,setup,0.0,0.1
after_careful_mock,29,Test the plot method (ensure it runs without errors).,tests/structural_sections/steel/steel_cross_sections/test_i_profile.py::Test suite for ISteelProfile.::Test the plot method (ensure it runs without errors).,setup,0.0,0.1
after_careful_mock,29,Test the plotting of the CHS profile shapes.,tests/structural_sections/steel/steel_cross_sections/test_chs_profile.py::Test suite for CHSSteelProfile.::Test the plotting of the CHS profile shapes.,teardown,0.0,0.1
after_careful_mock,29,Test the plot method (ensure it runs without errors).,tests/structural_sections/steel/steel_cross_sections/test_rhs_profile.py::Test suite for RHSSteelProfile.::Test the plot method (ensure it runs without errors).,teardown,0.0,0.1
after_careful_mock,29,Test the plot method (ensure it runs without errors).,tests/structural_sections/steel/steel_cross_sections/test_i_profile.py::Test suite for ISteelProfile.::Test the plot method (ensure it runs without errors).,teardown,0.0,0.1
after_careful_mock,30,Test the plot method (ensure it runs without errors).,tests/structural_sections/steel/steel_cross_sections/test_rhs_profile.py::Test suite for RHSSteelProfile.::Test the plot method (ensure it runs without errors).,call,0.03,0.1
after_careful_mock,30,Test the plot method (ensure it runs without errors).,tests/structural_sections/steel/steel_cross_sections/test_i_profile.py::Test suite for ISteelProfile.::Test the plot method (ensure it runs without errors).,call,0.03,0.1
after_careful_mock,30,Test the plotting of the CHS profile shapes.,tests/structural_sections/steel/steel_cross_sections/test_chs_profile.py::Test suite for CHSSteelProfile.::Test the plotting of the CHS profile shapes.,call,0.02,0.1
after_careful_mock,30,Test the plotting of the CHS profile shapes.,tests/structural_sections/steel/steel_cross_sections/test_chs_profile.py::Test suite for CHSSteelProfile.::Test the plotting of the CHS profile shapes.,setup,0.0,0.1
after_careful_mock,30,Test the plot method (ensure it runs without errors).,tests/structural_sections/steel/steel_cross_sections/test_i_profile.py::Test suite for ISteelProfile.::Test the plot method (ensure it runs without errors).,setup,0.0,0.1
after_careful_mock,30,Test the plot method (ensure it runs without errors).,tests/structural_sections/steel/steel_cross_sections/test_rhs_profile.py::Test suite for RHSSteelProfile.::Test the plot method (ensure it runs without errors).,setup,0.0,0.1
after_careful_mock,30,Test the plotting of the CHS profile shapes.,tests/structural_sections/steel/steel_cross_sections/test_chs_profile.py::Test suite for CHSSteelProfile.::Test the plotting of the CHS profile shapes.,teardown,0.0,0.1
after_careful_mock,30,Test the plot method (ensure it runs without errors).,tests/structural_sections/steel/steel_cross_sections/test_rhs_profile.py::Test suite for RHSSteelProfile.::Test the plot method (ensure it runs without errors).,teardown,0.0,0.1
after_careful_mock,30,Test the plot method (ensure it runs without errors).,tests/structural_sections/steel/steel_cross_sections/test_i_profile.py::Test suite for ISteelProfile.::Test the plot method (ensure it runs without errors).,teardown,0.0,0.1
after_careful_mock,31,Test the plot method (ensure it runs without errors).,tests/structural_sections/steel/steel_cross_sections/test_i_profile.py::Test suite for ISteelProfile.::Test the plot method (ensure it runs without errors).,call,0.03,0.1
after_careful_mock,31,Test the plot method (ensure it runs without errors).,tests/structural_sections/steel/steel_cross_sections/test_rhs_profile.py::Test suite for RHSSteelProfile.::Test the plot method (ensure it runs without errors).,call,0.03,0.1
after_careful_mock,31,Test the plotting of the CHS profile shapes.,tests/structural_sections/steel/steel_cross_sections/test_chs_profile.py::Test suite for CHSSteelProfile.::Test the plotting of the CHS profile shapes.,call,0.02,0.1
after_careful_mock,31,Test the plotting of the CHS profile shapes.,tests/structural_sections/steel/steel_cross_sections/test_chs_profile.py::Test suite for CHSSteelProfile.::Test the plotting of the CHS profile shapes.,setup,0.0,0.1
after_careful_mock,31,Test the plot method (ensure it runs without errors).,tests/structural_sections/steel/steel_cross_sections/test_rhs_profile.py::Test suite for RHSSteelProfile.::Test the plot method (ensure it runs without errors).,setup,0.0,0.1
after_careful_mock,31,Test the plot method (ensure it runs without errors).,tests/structural_sections/steel/steel_cross_sections/test_i_profile.py::Test suite for ISteelProfile.::Test the plot method (ensure it runs without errors).,setup,0.0,0.1
after_careful_mock,31,Test the plotting of the CHS profile shapes.,tests/structural_sections/steel/steel_cross_sections/test_chs_profile.py::Test suite for CHSSteelProfile.::Test the plotting of the CHS profile shapes.,teardown,0.0,0.1
after_careful_mock,31,Test the plot method (ensure it runs without errors).,tests/structural_sections/steel/steel_cross_sections/test_rhs_profile.py::Test suite for RHSSteelProfile.::Test the plot method (ensure it runs without errors).,teardown,0.0,0.1
after_careful_mock,31,Test the plot method (ensure it runs without errors).,tests/structural_sections/steel/steel_cross_sections/test_i_profile.py::Test suite for ISteelProfile.::Test the plot method (ensure it runs without errors).,teardown,0.0,0.1
after_careful_mock,32,Test the plot method (ensure it runs without errors).,tests/structural_sections/steel/steel_cross_sections/test_rhs_profile.py::Test suite for RHSSteelProfile.::Test the plot method (ensure it runs without errors).,call,0.03,0.1
after_careful_mock,32,Test the plot method (ensure it runs without errors).,tests/structural_sections/steel/steel_cross_sections/test_i_profile.py::Test suite for ISteelProfile.::Test the plot method (ensure it runs without errors).,call,0.03,0.1
after_careful_mock,32,Test the plotting of the CHS profile shapes.,tests/structural_sections/steel/steel_cross_sections/test_chs_profile.py::Test suite for CHSSteelProfile.::Test the plotting of the CHS profile shapes.,call,0.02,0.1
after_careful_mock,32,Test the plotting of the CHS profile shapes.,tests/structural_sections/steel/steel_cross_sections/test_chs_profile.py::Test suite for CHSSteelProfile.::Test the plotting of the CHS profile shapes.,setup,0.0,0.1
after_careful_mock,32,Test the plot method (ensure it runs without errors).,tests/structural_sections/steel/steel_cross_sections/test_rhs_profile.py::Test suite for RHSSteelProfile.::Test the plot method (ensure it runs without errors).,setup,0.0,0.1
after_careful_mock,32,Test the plot method (ensure it runs without errors).,tests/structural_sections/steel/steel_cross_sections/test_i_profile.py::Test suite for ISteelProfile.::Test the plot method (ensure it runs without errors).,setup,0.0,0.1
after_careful_mock,32,Test the plot method (ensure it runs without errors).,tests/structural_sections/steel/steel_cross_sections/test_rhs_profile.py::Test suite for RHSSteelProfile.::Test the plot method (ensure it runs without errors).,teardown,0.0,0.1
after_careful_mock,32,Test the plotting of the CHS profile shapes.,tests/structural_sections/steel/steel_cross_sections/test_chs_profile.py::Test suite for CHSSteelProfile.::Test the plotting of the CHS profile shapes.,teardown,0.0,0.1
after_careful_mock,32,Test the plot method (ensure it runs without errors).,tests/structural_sections/steel/steel_cross_sections/test_i_profile.py::Test suite for ISteelProfile.::Test the plot method (ensure it runs without errors).,teardown,0.0,0.1
after_careful_mock,33,Test the plot method (ensure it runs without errors).,tests/structural_sections/steel/steel_cross_sections/test_rhs_profile.py::Test suite for RHSSteelProfile.::Test the plot method (ensure it runs without errors).,call,0.03,0.1
after_careful_mock,33,Test the plot method (ensure it runs without errors).,tests/structural_sections/steel/steel_cross_sections/test_i_profile.py::Test suite for ISteelProfile.::Test the plot method (ensure it runs without errors).,call,0.03,0.1
after_careful_mock,33,Test the plotting of the CHS profile shapes.,tests/structural_sections/steel/steel_cross_sections/test_chs_profile.py::Test suite for CHSSteelProfile.::Test the plotting of the CHS profile shapes.,call,0.02,0.1
after_careful_mock,33,Test the plotting of the CHS profile shapes.,tests/structural_sections/steel/steel_cross_sections/test_chs_profile.py::Test suite for CHSSteelProfile.::Test the plotting of the CHS profile shapes.,setup,0.0,0.1
after_careful_mock,33,Test the plot method (ensure it runs without errors).,tests/structural_sections/steel/steel_cross_sections/test_rhs_profile.py::Test suite for RHSSteelProfile.::Test the plot method (ensure it runs without errors).,setup,0.0,0.1
after_careful_mock,33,Test the plot method (ensure it runs without errors).,tests/structural_sections/steel/steel_cross_sections/test_i_profile.py::Test suite for ISteelProfile.::Test the plot method (ensure it runs without errors).,setup,0.0,0.1
after_careful_mock,33,Test the plotting of the CHS profile shapes.,tests/structural_sections/steel/steel_cross_sections/test_chs_profile.py::Test suite for CHSSteelProfile.::Test the plotting of the CHS profile shapes.,teardown,0.0,0.1
after_careful_mock,33,Test the plot method (ensure it runs without errors).,tests/structural_sections/steel/steel_cross_sections/test_rhs_profile.py::Test suite for RHSSteelProfile.::Test the plot method (ensure it runs without errors).,teardown,0.0,0.1
after_careful_mock,33,Test the plot method (ensure it runs without errors).,tests/structural_sections/steel/steel_cross_sections/test_i_profile.py::Test suite for ISteelProfile.::Test the plot method (ensure it runs without errors).,teardown,0.0,0.1
after_careful_mock,34,Test the plot method (ensure it runs without errors).,tests/structural_sections/steel/steel_cross_sections/test_rhs_profile.py::Test suite for RHSSteelProfile.::Test the plot method (ensure it runs without errors).,call,0.03,0.1
after_careful_mock,34,Test the plot method (ensure it runs without errors).,tests/structural_sections/steel/steel_cross_sections/test_i_profile.py::Test suite for ISteelProfile.::Test the plot method (ensure it runs without errors).,call,0.03,0.1
after_careful_mock,34,Test the plotting of the CHS profile shapes.,tests/structural_sections/steel/steel_cross_sections/test_chs_profile.py::Test suite for CHSSteelProfile.::Test the plotting of the CHS profile shapes.,call,0.02,0.1
after_careful_mock,34,Test the plotting of the CHS profile shapes.,tests/structural_sections/steel/steel_cross_sections/test_chs_profile.py::Test suite for CHSSteelProfile.::Test the plotting of the CHS profile shapes.,setup,0.0,0.1
after_careful_mock,34,Test the plot method (ensure it runs without errors).,tests/structural_sections/steel/steel_cross_sections/test_rhs_profile.py::Test suite for RHSSteelProfile.::Test the plot method (ensure it runs without errors).,setup,0.0,0.1
after_careful_mock,34,Test the plot method (ensure it runs without errors).,tests/structural_sections/steel/steel_cross_sections/test_i_profile.py::Test suite for ISteelProfile.::Test the plot method (ensure it runs without errors).,setup,0.0,0.1
after_careful_mock,34,Test the plotting of the CHS profile shapes.,tests/structural_sections/steel/steel_cross_sections/test_chs_profile.py::Test suite for CHSSteelProfile.::Test the plotting of the CHS profile shapes.,teardown,0.0,0.1
after_careful_mock,34,Test the plot method (ensure it runs without errors).,tests/structural_sections/steel/steel_cross_sections/test_rhs_profile.py::Test suite for RHSSteelProfile.::Test the plot method (ensure it runs without errors).,teardown,0.0,0.1
after_careful_mock,34,Test the plot method (ensure it runs without errors).,tests/structural_sections/steel/steel_cross_sections/test_i_profile.py::Test suite for ISteelProfile.::Test the plot method (ensure it runs without errors).,teardown,0.0,0.1
after_careful_mock,35,Test the plot method (ensure it runs without errors).,tests/structural_sections/steel/steel_cross_sections/test_i_profile.py::Test suite for ISteelProfile.::Test the plot method (ensure it runs without errors).,call,0.03,0.1
after_careful_mock,35,Test the plot method (ensure it runs without errors).,tests/structural_sections/steel/steel_cross_sections/test_rhs_profile.py::Test suite for RHSSteelProfile.::Test the plot method (ensure it runs without errors).,call,0.03,0.1
after_careful_mock,35,Test the plotting of the CHS profile shapes.,tests/structural_sections/steel/steel_cross_sections/test_chs_profile.py::Test suite for CHSSteelProfile.::Test the plotting of the CHS profile shapes.,call,0.02,0.1
after_careful_mock,35,Test the plotting of the CHS profile shapes.,tests/structural_sections/steel/steel_cross_sections/test_chs_profile.py::Test suite for CHSSteelProfile.::Test the plotting of the CHS profile shapes.,setup,0.0,0.1
after_careful_mock,35,Test the plot method (ensure it runs without errors).,tests/structural_sections/steel/steel_cross_sections/test_i_profile.py::Test suite for ISteelProfile.::Test the plot method (ensure it runs without errors).,setup,0.0,0.1
after_careful_mock,35,Test the plot method (ensure it runs without errors).,tests/structural_sections/steel/steel_cross_sections/test_rhs_profile.py::Test suite for RHSSteelProfile.::Test the plot method (ensure it runs without errors).,setup,0.0,0.1
after_careful_mock,35,Test the plot method (ensure it runs without errors).,tests/structural_sections/steel/steel_cross_sections/test_i_profile.py::Test suite for ISteelProfile.::Test the plot method (ensure it runs without errors).,teardown,0.0,0.1
after_careful_mock,35,Test the plot method (ensure it runs without errors).,tests/structural_sections/steel/steel_cross_sections/test_rhs_profile.py::Test suite for RHSSteelProfile.::Test the plot method (ensure it runs without errors).,teardown,0.0,0.1
after_careful_mock,35,Test the plotting of the CHS profile shapes.,tests/structural_sections/steel/steel_cross_sections/test_chs_profile.py::Test suite for CHSSteelProfile.::Test the plotting of the CHS profile shapes.,teardown,0.0,0.1
after_careful_mock,36,Test the plot method (ensure it runs without errors).,tests/structural_sections/steel/steel_cross_sections/test_rhs_profile.py::Test suite for RHSSteelProfile.::Test the plot method (ensure it runs without errors).,call,0.03,0.1
after_careful_mock,36,Test the plot method (ensure it runs without errors).,tests/structural_sections/steel/steel_cross_sections/test_i_profile.py::Test suite for ISteelProfile.::Test the plot method (ensure it runs without errors).,call,0.03,0.1
after_careful_mock,36,Test the plotting of the CHS profile shapes.,tests/structural_sections/steel/steel_cross_sections/test_chs_profile.py::Test suite for CHSSteelProfile.::Test the plotting of the CHS profile shapes.,call,0.02,0.1
after_careful_mock,36,Test the plotting of the CHS profile shapes.,tests/structural_sections/steel/steel_cross_sections/test_chs_profile.py::Test suite for CHSSteelProfile.::Test the plotting of the CHS profile shapes.,setup,0.0,0.1
after_careful_mock,36,Test the plot method (ensure it runs without errors).,tests/structural_sections/steel/steel_cross_sections/test_rhs_profile.py::Test suite for RHSSteelProfile.::Test the plot method (ensure it runs without errors).,setup,0.0,0.1
after_careful_mock,36,Test the plot method (ensure it runs without errors).,tests/structural_sections/steel/steel_cross_sections/test_i_profile.py::Test suite for ISteelProfile.::Test the plot method (ensure it runs without errors).,setup,0.0,0.1
after_careful_mock,36,Test the plot method (ensure it runs without errors).,tests/structural_sections/steel/steel_cross_sections/test_rhs_profile.py::Test suite for RHSSteelProfile.::Test the plot method (ensure it runs without errors).,teardown,0.0,0.1
after_careful_mock,36,Test the plotting of the CHS profile shapes.,tests/structural_sections/steel/steel_cross_sections/test_chs_profile.py::Test suite for CHSSteelProfile.::Test the plotting of the CHS profile shapes.,teardown,0.0,0.1
after_careful_mock,36,Test the plot method (ensure it runs without errors).,tests/structural_sections/steel/steel_cross_sections/test_i_profile.py::Test suite for ISteelProfile.::Test the plot method (ensure it runs without errors).,teardown,0.0,0.1
after_careful_mock,37,Test the plot method (ensure it runs without errors).,tests/structural_sections/steel/steel_cross_sections/test_i_profile.py::Test suite for ISteelProfile.::Test the plot method (ensure it runs without errors).,call,0.03,0.1
after_careful_mock,37,Test the plot method (ensure it runs without errors).,tests/structural_sections/steel/steel_cross_sections/test_rhs_profile.py::Test suite for RHSSteelProfile.::Test the plot method (ensure it runs without errors).,call,0.03,0.1
after_careful_mock,37,Test the plotting of the CHS profile shapes.,tests/structural_sections/steel/steel_cross_sections/test_chs_profile.py::Test suite for CHSSteelProfile.::Test the plotting of the CHS profile shapes.,call,0.02,0.1
after_careful_mock,37,Test the plotting of the CHS profile shapes.,tests/structural_sections/steel/steel_cross_sections/test_chs_profile.py::Test suite for CHSSteelProfile.::Test the plotting of the CHS profile shapes.,setup,0.0,0.1
after_careful_mock,37,Test the plot method (ensure it runs without errors).,tests/structural_sections/steel/steel_cross_sections/test_rhs_profile.py::Test suite for RHSSteelProfile.::Test the plot method (ensure it runs without errors).,setup,0.0,0.1
after_careful_mock,37,Test the plot method (ensure it runs without errors).,tests/structural_sections/steel/steel_cross_sections/test_i_profile.py::Test suite for ISteelProfile.::Test the plot method (ensure it runs without errors).,setup,0.0,0.1
after_careful_mock,37,Test the plotting of the CHS profile shapes.,tests/structural_sections/steel/steel_cross_sections/test_chs_profile.py::Test suite for CHSSteelProfile.::Test the plotting of the CHS profile shapes.,teardown,0.0,0.1
after_careful_mock,37,Test the plot method (ensure it runs without errors).,tests/structural_sections/steel/steel_cross_sections/test_rhs_profile.py::Test suite for RHSSteelProfile.::Test the plot method (ensure it runs without errors).,teardown,0.0,0.1
after_careful_mock,37,Test the plot method (ensure it runs without errors).,tests/structural_sections/steel/steel_cross_sections/test_i_profile.py::Test suite for ISteelProfile.::Test the plot method (ensure it runs without errors).,teardown,0.0,0.1
after_careful_mock,38,Test the plot method (ensure it runs without errors).,tests/structural_sections/steel/steel_cross_sections/test_i_profile.py::Test suite for ISteelProfile.::Test the plot method (ensure it runs without errors).,call,0.03,0.1
after_careful_mock,38,Test the plot method (ensure it runs without errors).,tests/structural_sections/steel/steel_cross_sections/test_rhs_profile.py::Test suite for RHSSteelProfile.::Test the plot method (ensure it runs without errors).,call,0.03,0.1
after_careful_mock,38,Test the plotting of the CHS profile shapes.,tests/structural_sections/steel/steel_cross_sections/test_chs_profile.py::Test suite for CHSSteelProfile.::Test the plotting of the CHS profile shapes.,call,0.02,0.1
after_careful_mock,38,Test the plotting of the CHS profile shapes.,tests/structural_sections/steel/steel_cross_sections/test_chs_profile.py::Test suite for CHSSteelProfile.::Test the plotting of the CHS profile shapes.,setup,0.0,0.1
after_careful_mock,38,Test the plot method (ensure it runs without errors).,tests/structural_sections/steel/steel_cross_sections/test_rhs_profile.py::Test suite for RHSSteelProfile.::Test the plot method (ensure it runs without errors).,setup,0.0,0.1
after_careful_mock,38,Test the plot method (ensure it runs without errors).,tests/structural_sections/steel/steel_cross_sections/test_i_profile.py::Test suite for ISteelProfile.::Test the plot method (ensure it runs without errors).,setup,0.0,0.1
after_careful_mock,38,Test the plotting of the CHS profile shapes.,tests/structural_sections/steel/steel_cross_sections/test_chs_profile.py::Test suite for CHSSteelProfile.::Test the plotting of the CHS profile shapes.,teardown,0.0,0.1
after_careful_mock,38,Test the plot method (ensure it runs without errors).,tests/structural_sections/steel/steel_cross_sections/test_i_profile.py::Test suite for ISteelProfile.::Test the plot method (ensure it runs without errors).,teardown,0.0,0.1
after_careful_mock,38,Test the plot method (ensure it runs without errors).,tests/structural_sections/steel/steel_cross_sections/test_rhs_profile.py::Test suite for RHSSteelProfile.::Test the plot method (ensure it runs without errors).,teardown,0.0,0.1
after_careful_mock,39,Test the plot method (ensure it runs without errors).,tests/structural_sections/steel/steel_cross_sections/test_rhs_profile.py::Test suite for RHSSteelProfile.::Test the plot method (ensure it runs without errors).,call,0.03,0.1
after_careful_mock,39,Test the plot method (ensure it runs without errors).,tests/structural_sections/steel/steel_cross_sections/test_i_profile.py::Test suite for ISteelProfile.::Test the plot method (ensure it runs without errors).,call,0.03,0.1
after_careful_mock,39,Test the plotting of the CHS profile shapes.,tests/structural_sections/steel/steel_cross_sections/test_chs_profile.py::Test suite for CHSSteelProfile.::Test the plotting of the CHS profile shapes.,call,0.02,0.1
after_careful_mock,39,Test the plotting of the CHS profile shapes.,tests/structural_sections/steel/steel_cross_sections/test_chs_profile.py::Test suite for CHSSteelProfile.::Test the plotting of the CHS profile shapes.,setup,0.0,0.1
after_careful_mock,39,Test the plot method (ensure it runs without errors).,tests/structural_sections/steel/steel_cross_sections/test_rhs_profile.py::Test suite for RHSSteelProfile.::Test the plot method (ensure it runs without errors).,setup,0.0,0.1
after_careful_mock,39,Test the plot method (ensure it runs without errors).,tests/structural_sections/steel/steel_cross_sections/test_i_profile.py::Test suite for ISteelProfile.::Test the plot method (ensure it runs without errors).,setup,0.0,0.1
after_careful_mock,39,Test the plotting of the CHS profile shapes.,tests/structural_sections/steel/steel_cross_sections/test_chs_profile.py::Test suite for CHSSteelProfile.::Test the plotting of the CHS profile shapes.,teardown,0.0,0.1
after_careful_mock,39,Test the plot method (ensure it runs without errors).,tests/structural_sections/steel/steel_cross_sections/test_rhs_profile.py::Test suite for RHSSteelProfile.::Test the plot method (ensure it runs without errors).,teardown,0.0,0.1
after_careful_mock,39,Test the plot method (ensure it runs without errors).,tests/structural_sections/steel/steel_cross_sections/test_i_profile.py::Test suite for ISteelProfile.::Test the plot method (ensure it runs without errors).,teardown,0.0,0.1
after_careful_mock,40,Test the plot method (ensure it runs without errors).,tests/structural_sections/steel/steel_cross_sections/test_i_profile.py::Test suite for ISteelProfile.::Test the plot method (ensure it runs without errors).,call,0.03,0.1
after_careful_mock,40,Test the plot method (ensure it runs without errors).,tests/structural_sections/steel/steel_cross_sections/test_rhs_profile.py::Test suite for RHSSteelProfile.::Test the plot method (ensure it runs without errors).,call,0.03,0.1
after_careful_mock,40,Test the plotting of the CHS profile shapes.,tests/structural_sections/steel/steel_cross_sections/test_chs_profile.py::Test suite for CHSSteelProfile.::Test the plotting of the CHS profile shapes.,call,0.02,0.1
after_careful_mock,40,Test the plotting of the CHS profile shapes.,tests/structural_sections/steel/steel_cross_sections/test_chs_profile.py::Test suite for CHSSteelProfile.::Test the plotting of the CHS profile shapes.,setup,0.0,0.1
after_careful_mock,40,Test the plot method (ensure it runs without errors).,tests/structural_sections/steel/steel_cross_sections/test_rhs_profile.py::Test suite for RHSSteelProfile.::Test the plot method (ensure it runs without errors).,setup,0.0,0.1
after_careful_mock,40,Test the plot method (ensure it runs without errors).,tests/structural_sections/steel/steel_cross_sections/test_i_profile.py::Test suite for ISteelProfile.::Test the plot method (ensure it runs without errors).,setup,0.0,0.1
after_careful_mock,40,Test the plotting of the CHS profile shapes.,tests/structural_sections/steel/steel_cross_sections/test_chs_profile.py::Test suite for CHSSteelProfile.::Test the plotting of the CHS profile shapes.,teardown,0.0,0.1
after_careful_mock,40,Test the plot method (ensure it runs without errors).,tests/structural_sections/steel/steel_cross_sections/test_i_profile.py::Test suite for ISteelProfile.::Test the plot method (ensure it runs without errors).,teardown,0.0,0.1
after_careful_mock,40,Test the plot method (ensure it runs without errors).,tests/structural_sections/steel/steel_cross_sections/test_rhs_profile.py::Test suite for RHSSteelProfile.::Test the plot method (ensure it runs without errors).,teardown,0.0,0.1
