version,run_number,test_name,test_path,phase,duration_sec,total_test_time
before,1,test_attrs_dataarray_conservative,tests/test_regrid.py::test_attrs_dataarray_conservative,call,17.46,138.59
before,1,test_attrs_dataset_conservative,tests/test_regrid.py::test_attrs_dataset_conservative,call,14.84,138.59
before,1,test_conservative_original[True],tests/test_regrid.py::TestCoordOrder::test_conservative_original[True],call,12.45,138.59
before,1,test_conservative_original[False],tests/test_regrid.py::TestCoordOrder::test_conservative_original[False],call,12.13,138.59
before,1,test_conservative_reversed[True-latitude],tests/test_regrid.py::TestCoordOrder::test_conservative_reversed[True-latitude],call,11.82,138.59
before,1,test_conservative_reversed[False-latitude],tests/test_regrid.py::TestCoordOrder::test_conservative_reversed[False-latitude],call,11.08,138.59
before,1,test_conservative_reversed[False-longitude],tests/test_regrid.py::TestCoordOrder::test_conservative_reversed[False-longitude],call,11.03,138.59
before,1,test_conservative_reversed[True-longitude],tests/test_regrid.py::TestCoordOrder::test_conservative_reversed[True-longitude],call,10.93,138.59
before,1,test_reversed[False-cubic-longitude],tests/test_regrid.py::TestCoordOrder::test_reversed[False-cubic-longitude],call,4.07,138.59
before,1,test_reversed[True-cubic-longitude],tests/test_regrid.py::TestCoordOrder::test_reversed[True-cubic-longitude],call,4.04,138.59
before,1,test_reversed[False-cubic-latitude],tests/test_regrid.py::TestCoordOrder::test_reversed[False-cubic-latitude],call,4.03,138.59
before,1,test_reversed[True-cubic-latitude],tests/test_regrid.py::TestCoordOrder::test_reversed[True-cubic-latitude],call,4.01,138.59
before,1,test_attrs_dataset[cubic],tests/test_regrid.py::test_attrs_dataset[cubic],call,4.0,138.59
before,1,test_original[True-cubic],tests/test_regrid.py::TestCoordOrder::test_original[True-cubic],call,3.99,138.59
before,1,test_original[False-cubic],tests/test_regrid.py::TestCoordOrder::test_original[False-cubic],call,3.96,138.59
before,1,test_attrs_dataarray[cubic],tests/test_regrid.py::test_attrs_dataarray[cubic],call,3.96,138.59
before,1,test_conservative_regridder,tests/test_regrid.py::test_conservative_regridder,call,0.84,138.59
before,1,test_conservative_nans,tests/test_regrid.py::test_conservative_nans,call,0.63,138.59
before,1,test_basic_regridders_ds[linear-cdo_file0],tests/test_regrid.py::test_basic_regridders_ds[linear-cdo_file0],call,0.17,138.59
before,1,test_reversed[True-linear-longitude],tests/test_regrid.py::TestCoordOrder::test_reversed[True-linear-longitude],call,0.13,138.59
before,1,test_reversed[False-linear-longitude],tests/test_regrid.py::TestCoordOrder::test_reversed[False-linear-longitude],call,0.13,138.59
before,1,test_basic_regridders_da[linear-cdo_file0],tests/test_regrid.py::test_basic_regridders_da[linear-cdo_file0],call,0.12,138.59
before,1,test_basic_regridders_ds[linear-cdo_file0],tests/test_regrid.py::test_basic_regridders_ds[linear-cdo_file0],setup,0.12,138.59
before,1,test_attrs_dataarray[linear],tests/test_regrid.py::test_attrs_dataarray[linear],call,0.11,138.59
before,1,test_reversed[True-linear-latitude],tests/test_regrid.py::TestCoordOrder::test_reversed[True-linear-latitude],call,0.11,138.59
before,1,test_reversed[True-nearest-longitude],tests/test_regrid.py::TestCoordOrder::test_reversed[True-nearest-longitude],call,0.11,138.59
before,1,test_reversed[False-linear-latitude],tests/test_regrid.py::TestCoordOrder::test_reversed[False-linear-latitude],call,0.11,138.59
before,1,test_reversed[False-nearest-longitude],tests/test_regrid.py::TestCoordOrder::test_reversed[False-nearest-longitude],call,0.11,138.59
before,1,test_basic_regridders_da[nearest-cdo_file1],tests/test_regrid.py::test_basic_regridders_da[nearest-cdo_file1],call,0.11,138.59
before,1,test_basic_regridders_ds[nearest-cdo_file1],tests/test_regrid.py::test_basic_regridders_ds[nearest-cdo_file1],call,0.1,138.59
before,1,test_reversed[False-nearest-latitude],tests/test_regrid.py::TestCoordOrder::test_reversed[False-nearest-latitude],call,0.1,138.59
before,1,test_reversed[True-nearest-latitude],tests/test_regrid.py::TestCoordOrder::test_reversed[True-nearest-latitude],call,0.1,138.59
before,1,test_conservative_regridder,tests/test_regrid.py::test_conservative_regridder,setup,0.09,138.59
before,1,test_original[True-linear],tests/test_regrid.py::TestCoordOrder::test_original[True-linear],call,0.09,138.59
before,1,test_original[False-linear],tests/test_regrid.py::TestCoordOrder::test_original[False-linear],call,0.09,138.59
before,1,test_attrs_dataset[linear],tests/test_regrid.py::test_attrs_dataset[linear],call,0.09,138.59
before,1,test_original[True-nearest],tests/test_regrid.py::TestCoordOrder::test_original[True-nearest],call,0.08,138.59
before,1,test_original[False-nearest],tests/test_regrid.py::TestCoordOrder::test_original[False-nearest],call,0.08,138.59
before,1,test_attrs_dataarray[nearest],tests/test_regrid.py::test_attrs_dataarray[nearest],call,0.07,138.59
before,1,test_attrs_dataset[nearest],tests/test_regrid.py::test_attrs_dataset[nearest],call,0.07,138.59
before,1,test_conservative_nan_thresholds_against_coarsen[0],tests/test_regrid.py::test_conservative_nan_thresholds_against_coarsen[0],call,0.02,138.59
before,1,test_conservative_reversed[True-latitude],tests/test_regrid.py::TestCoordOrder::test_conservative_reversed[True-latitude],setup,0.02,138.59
before,1,test_conservative_original[False],tests/test_regrid.py::TestCoordOrder::test_conservative_original[False],setup,0.02,138.59
before,1,test_attrs_dataset[linear],tests/test_regrid.py::test_attrs_dataset[linear],setup,0.02,138.59
before,1,test_attrs_dataarray[linear],tests/test_regrid.py::test_attrs_dataarray[linear],setup,0.02,138.59
before,1,test_reversed[False-cubic-longitude],tests/test_regrid.py::TestCoordOrder::test_reversed[False-cubic-longitude],setup,0.02,138.59
before,1,test_conservative_reversed[False-latitude],tests/test_regrid.py::TestCoordOrder::test_conservative_reversed[False-latitude],setup,0.02,138.59
before,1,test_conservative_reversed[True-longitude],tests/test_regrid.py::TestCoordOrder::test_conservative_reversed[True-longitude],setup,0.02,138.59
before,1,test_conservative_reversed[False-longitude],tests/test_regrid.py::TestCoordOrder::test_conservative_reversed[False-longitude],setup,0.02,138.59
before,1,test_attrs_dataset_conservative,tests/test_regrid.py::test_attrs_dataset_conservative,setup,0.02,138.59
before,1,test_conservative_nans,tests/test_regrid.py::test_conservative_nans,setup,0.02,138.59
before,1,test_reversed[False-nearest-longitude],tests/test_regrid.py::TestCoordOrder::test_reversed[False-nearest-longitude],setup,0.02,138.59
before,1,test_reversed[True-cubic-longitude],tests/test_regrid.py::TestCoordOrder::test_reversed[True-cubic-longitude],setup,0.02,138.59
before,1,test_reversed[False-cubic-latitude],tests/test_regrid.py::TestCoordOrder::test_reversed[False-cubic-latitude],setup,0.02,138.59
before,1,test_basic_regridders_da[linear-cdo_file0],tests/test_regrid.py::test_basic_regridders_da[linear-cdo_file0],setup,0.02,138.59
before,1,test_original[True-cubic],tests/test_regrid.py::TestCoordOrder::test_original[True-cubic],setup,0.02,138.59
before,1,test_original[False-cubic],tests/test_regrid.py::TestCoordOrder::test_original[False-cubic],setup,0.02,138.59
before,1,test_attrs_dataset[nearest],tests/test_regrid.py::test_attrs_dataset[nearest],setup,0.02,138.59
before,1,test_reversed[True-linear-latitude],tests/test_regrid.py::TestCoordOrder::test_reversed[True-linear-latitude],setup,0.02,138.59
before,1,test_reversed[False-linear-longitude],tests/test_regrid.py::TestCoordOrder::test_reversed[False-linear-longitude],setup,0.02,138.59
before,1,test_original[False-linear],tests/test_regrid.py::TestCoordOrder::test_original[False-linear],setup,0.02,138.59
before,1,test_reversed[False-linear-latitude],tests/test_regrid.py::TestCoordOrder::test_reversed[False-linear-latitude],setup,0.01,138.59
before,1,test_conservative_nan_aggregation_over_dims,tests/test_regrid.py::test_conservative_nan_aggregation_over_dims,call,0.01,138.59
before,1,test_conservative_original[True],tests/test_regrid.py::TestCoordOrder::test_conservative_original[True],setup,0.01,138.59
before,1,test_original[True-nearest],tests/test_regrid.py::TestCoordOrder::test_original[True-nearest],setup,0.01,138.59
before,1,test_attrs_dataarray_conservative,tests/test_regrid.py::test_attrs_dataarray_conservative,setup,0.01,138.59
before,1,test_attrs_dataarray[nearest],tests/test_regrid.py::test_attrs_dataarray[nearest],setup,0.01,138.59
before,1,test_reversed[True-cubic-latitude],tests/test_regrid.py::TestCoordOrder::test_reversed[True-cubic-latitude],setup,0.01,138.59
before,1,test_reversed[True-nearest-longitude],tests/test_regrid.py::TestCoordOrder::test_reversed[True-nearest-longitude],setup,0.01,138.59
before,1,test_attrs_dataset[cubic],tests/test_regrid.py::test_attrs_dataset[cubic],setup,0.01,138.59
before,1,test_original[True-linear],tests/test_regrid.py::TestCoordOrder::test_original[True-linear],setup,0.01,138.59
before,1,test_basic_regridders_da[nearest-cdo_file1],tests/test_regrid.py::test_basic_regridders_da[nearest-cdo_file1],setup,0.01,138.59
before,1,test_attrs_dataarray[cubic],tests/test_regrid.py::test_attrs_dataarray[cubic],setup,0.01,138.59
before,1,test_original[False-nearest],tests/test_regrid.py::TestCoordOrder::test_original[False-nearest],setup,0.01,138.59
before,1,test_reversed[False-nearest-latitude],tests/test_regrid.py::TestCoordOrder::test_reversed[False-nearest-latitude],setup,0.01,138.59
before,1,test_basic_regridders_ds[nearest-cdo_file1],tests/test_regrid.py::test_basic_regridders_ds[nearest-cdo_file1],setup,0.01,138.59
before,1,test_reversed[True-linear-longitude],tests/test_regrid.py::TestCoordOrder::test_reversed[True-linear-longitude],setup,0.01,138.59
before,1,test_reversed[True-nearest-latitude],tests/test_regrid.py::TestCoordOrder::test_reversed[True-nearest-latitude],setup,0.01,138.59
before,1,test_conservative_nan_thresholds_against_coarsen[1],tests/test_regrid.py::test_conservative_nan_thresholds_against_coarsen[1],call,0.01,138.59
before,2,test_attrs_dataset_conservative,tests/test_regrid.py::test_attrs_dataset_conservative,call,11.07,123.6
before,2,test_conservative_reversed[True-latitude],tests/test_regrid.py::TestCoordOrder::test_conservative_reversed[True-latitude],call,10.98,123.6
before,2,test_attrs_dataarray_conservative,tests/test_regrid.py::test_attrs_dataarray_conservative,call,10.87,123.6
before,2,test_conservative_original[False],tests/test_regrid.py::TestCoordOrder::test_conservative_original[False],call,10.79,123.6
before,2,test_conservative_reversed[False-longitude],tests/test_regrid.py::TestCoordOrder::test_conservative_reversed[False-longitude],call,10.78,123.6
before,2,test_conservative_reversed[True-longitude],tests/test_regrid.py::TestCoordOrder::test_conservative_reversed[True-longitude],call,10.72,123.6
before,2,test_conservative_reversed[False-latitude],tests/test_regrid.py::TestCoordOrder::test_conservative_reversed[False-latitude],call,10.71,123.6
before,2,test_conservative_original[True],tests/test_regrid.py::TestCoordOrder::test_conservative_original[True],call,10.68,123.6
before,2,test_reversed[False-cubic-longitude],tests/test_regrid.py::TestCoordOrder::test_reversed[False-cubic-longitude],call,4.08,123.6
before,2,test_attrs_dataset[cubic],tests/test_regrid.py::test_attrs_dataset[cubic],call,4.04,123.6
before,2,test_reversed[False-cubic-latitude],tests/test_regrid.py::TestCoordOrder::test_reversed[False-cubic-latitude],call,4.03,123.6
before,2,test_reversed[True-cubic-longitude],tests/test_regrid.py::TestCoordOrder::test_reversed[True-cubic-longitude],call,4.02,123.6
before,2,test_reversed[True-cubic-latitude],tests/test_regrid.py::TestCoordOrder::test_reversed[True-cubic-latitude],call,4.02,123.6
before,2,test_original[False-cubic],tests/test_regrid.py::TestCoordOrder::test_original[False-cubic],call,4.01,123.6
before,2,test_original[True-cubic],tests/test_regrid.py::TestCoordOrder::test_original[True-cubic],call,3.99,123.6
before,2,test_attrs_dataarray[cubic],tests/test_regrid.py::test_attrs_dataarray[cubic],call,3.98,123.6
before,2,test_conservative_nans,tests/test_regrid.py::test_conservative_nans,call,0.69,123.6
before,2,test_conservative_regridder,tests/test_regrid.py::test_conservative_regridder,call,0.58,123.6
before,2,test_basic_regridders_ds[linear-cdo_file0],tests/test_regrid.py::test_basic_regridders_ds[linear-cdo_file0],call,0.22,123.6
before,2,test_reversed[True-linear-longitude],tests/test_regrid.py::TestCoordOrder::test_reversed[True-linear-longitude],call,0.13,123.6
before,2,test_reversed[False-linear-longitude],tests/test_regrid.py::TestCoordOrder::test_reversed[False-linear-longitude],call,0.13,123.6
before,2,test_basic_regridders_da[linear-cdo_file0],tests/test_regrid.py::test_basic_regridders_da[linear-cdo_file0],call,0.12,123.6
before,2,test_basic_regridders_ds[nearest-cdo_file1],tests/test_regrid.py::test_basic_regridders_ds[nearest-cdo_file1],call,0.12,123.6
before,2,test_basic_regridders_ds[linear-cdo_file0],tests/test_regrid.py::test_basic_regridders_ds[linear-cdo_file0],setup,0.12,123.6
before,2,test_reversed[False-linear-latitude],tests/test_regrid.py::TestCoordOrder::test_reversed[False-linear-latitude],call,0.12,123.6
before,2,test_attrs_dataarray[linear],tests/test_regrid.py::test_attrs_dataarray[linear],call,0.12,123.6
before,2,test_reversed[True-linear-latitude],tests/test_regrid.py::TestCoordOrder::test_reversed[True-linear-latitude],call,0.11,123.6
before,2,test_reversed[True-nearest-longitude],tests/test_regrid.py::TestCoordOrder::test_reversed[True-nearest-longitude],call,0.11,123.6
before,2,test_reversed[False-nearest-longitude],tests/test_regrid.py::TestCoordOrder::test_reversed[False-nearest-longitude],call,0.11,123.6
before,2,test_attrs_dataset[linear],tests/test_regrid.py::test_attrs_dataset[linear],call,0.11,123.6
before,2,test_basic_regridders_da[nearest-cdo_file1],tests/test_regrid.py::test_basic_regridders_da[nearest-cdo_file1],call,0.1,123.6
before,2,test_reversed[False-nearest-latitude],tests/test_regrid.py::TestCoordOrder::test_reversed[False-nearest-latitude],call,0.1,123.6
before,2,test_reversed[True-nearest-latitude],tests/test_regrid.py::TestCoordOrder::test_reversed[True-nearest-latitude],call,0.1,123.6
before,2,test_conservative_regridder,tests/test_regrid.py::test_conservative_regridder,setup,0.09,123.6
before,2,test_original[False-linear],tests/test_regrid.py::TestCoordOrder::test_original[False-linear],call,0.09,123.6
before,2,test_original[True-linear],tests/test_regrid.py::TestCoordOrder::test_original[True-linear],call,0.09,123.6
before,2,test_original[True-nearest],tests/test_regrid.py::TestCoordOrder::test_original[True-nearest],call,0.08,123.6
before,2,test_original[False-nearest],tests/test_regrid.py::TestCoordOrder::test_original[False-nearest],call,0.07,123.6
before,2,test_attrs_dataarray[nearest],tests/test_regrid.py::test_attrs_dataarray[nearest],call,0.07,123.6
before,2,test_attrs_dataset[nearest],tests/test_regrid.py::test_attrs_dataset[nearest],call,0.07,123.6
before,2,test_conservative_nan_aggregation_over_dims,tests/test_regrid.py::test_conservative_nan_aggregation_over_dims,call,0.02,123.6
before,2,test_conservative_nan_thresholds_against_coarsen[0],tests/test_regrid.py::test_conservative_nan_thresholds_against_coarsen[0],call,0.02,123.6
before,2,test_conservative_reversed[False-latitude],tests/test_regrid.py::TestCoordOrder::test_conservative_reversed[False-latitude],setup,0.02,123.6
before,2,test_conservative_reversed[True-latitude],tests/test_regrid.py::TestCoordOrder::test_conservative_reversed[True-latitude],setup,0.02,123.6
before,2,test_conservative_nan_thresholds_against_coarsen[1],tests/test_regrid.py::test_conservative_nan_thresholds_against_coarsen[1],call,0.02,123.6
before,2,test_conservative_reversed[False-longitude],tests/test_regrid.py::TestCoordOrder::test_conservative_reversed[False-longitude],setup,0.02,123.6
before,2,test_conservative_original[False],tests/test_regrid.py::TestCoordOrder::test_conservative_original[False],setup,0.02,123.6
before,2,test_original[True-linear],tests/test_regrid.py::TestCoordOrder::test_original[True-linear],setup,0.02,123.6
before,2,test_conservative_reversed[True-longitude],tests/test_regrid.py::TestCoordOrder::test_conservative_reversed[True-longitude],setup,0.02,123.6
before,2,test_conservative_nans,tests/test_regrid.py::test_conservative_nans,setup,0.02,123.6
before,2,test_attrs_dataarray[linear],tests/test_regrid.py::test_attrs_dataarray[linear],setup,0.02,123.6
before,2,test_attrs_dataset[linear],tests/test_regrid.py::test_attrs_dataset[linear],setup,0.02,123.6
before,2,test_attrs_dataset_conservative,tests/test_regrid.py::test_attrs_dataset_conservative,setup,0.02,123.6
before,2,test_attrs_dataarray_conservative,tests/test_regrid.py::test_attrs_dataarray_conservative,setup,0.02,123.6
before,2,test_reversed[False-cubic-longitude],tests/test_regrid.py::TestCoordOrder::test_reversed[False-cubic-longitude],setup,0.02,123.6
before,2,test_reversed[False-cubic-latitude],tests/test_regrid.py::TestCoordOrder::test_reversed[False-cubic-latitude],setup,0.02,123.6
before,2,test_reversed[True-cubic-longitude],tests/test_regrid.py::TestCoordOrder::test_reversed[True-cubic-longitude],setup,0.02,123.6
before,2,test_conservative_original[True],tests/test_regrid.py::TestCoordOrder::test_conservative_original[True],setup,0.02,123.6
before,2,test_reversed[False-nearest-longitude],tests/test_regrid.py::TestCoordOrder::test_reversed[False-nearest-longitude],setup,0.02,123.6
before,2,test_attrs_dataarray[nearest],tests/test_regrid.py::test_attrs_dataarray[nearest],setup,0.02,123.6
before,2,test_original[True-cubic],tests/test_regrid.py::TestCoordOrder::test_original[True-cubic],setup,0.02,123.6
before,2,test_original[False-cubic],tests/test_regrid.py::TestCoordOrder::test_original[False-cubic],setup,0.02,123.6
before,2,test_basic_regridders_da[linear-cdo_file0],tests/test_regrid.py::test_basic_regridders_da[linear-cdo_file0],setup,0.02,123.6
before,2,test_attrs_dataset[nearest],tests/test_regrid.py::test_attrs_dataset[nearest],setup,0.02,123.6
before,2,test_original[True-nearest],tests/test_regrid.py::TestCoordOrder::test_original[True-nearest],setup,0.02,123.6
before,2,test_reversed[True-linear-latitude],tests/test_regrid.py::TestCoordOrder::test_reversed[True-linear-latitude],setup,0.02,123.6
before,2,test_reversed[False-linear-latitude],tests/test_regrid.py::TestCoordOrder::test_reversed[False-linear-latitude],setup,0.02,123.6
before,2,test_reversed[False-linear-longitude],tests/test_regrid.py::TestCoordOrder::test_reversed[False-linear-longitude],setup,0.02,123.6
before,2,test_original[False-linear],tests/test_regrid.py::TestCoordOrder::test_original[False-linear],setup,0.01,123.6
before,2,test_reversed[True-cubic-latitude],tests/test_regrid.py::TestCoordOrder::test_reversed[True-cubic-latitude],setup,0.01,123.6
before,2,test_attrs_dataset[cubic],tests/test_regrid.py::test_attrs_dataset[cubic],setup,0.01,123.6
before,2,test_reversed[True-nearest-longitude],tests/test_regrid.py::TestCoordOrder::test_reversed[True-nearest-longitude],setup,0.01,123.6
before,2,test_attrs_dataarray[cubic],tests/test_regrid.py::test_attrs_dataarray[cubic],setup,0.01,123.6
before,2,test_reversed[False-nearest-latitude],tests/test_regrid.py::TestCoordOrder::test_reversed[False-nearest-latitude],setup,0.01,123.6
before,2,test_basic_regridders_da[nearest-cdo_file1],tests/test_regrid.py::test_basic_regridders_da[nearest-cdo_file1],setup,0.01,123.6
before,2,test_reversed[True-nearest-latitude],tests/test_regrid.py::TestCoordOrder::test_reversed[True-nearest-latitude],setup,0.01,123.6
before,2,test_basic_regridders_ds[nearest-cdo_file1],tests/test_regrid.py::test_basic_regridders_ds[nearest-cdo_file1],setup,0.01,123.6
before,2,test_reversed[True-linear-longitude],tests/test_regrid.py::TestCoordOrder::test_reversed[True-linear-longitude],setup,0.01,123.6
before,2,test_original[False-nearest],tests/test_regrid.py::TestCoordOrder::test_original[False-nearest],setup,0.01,123.6
before,3,test_conservative_reversed[True-latitude],tests/test_regrid.py::TestCoordOrder::test_conservative_reversed[True-latitude],call,10.84,122.74
before,3,test_attrs_dataset_conservative,tests/test_regrid.py::test_attrs_dataset_conservative,call,10.83,122.74
before,3,test_conservative_reversed[True-longitude],tests/test_regrid.py::TestCoordOrder::test_conservative_reversed[True-longitude],call,10.75,122.74
before,3,test_conservative_original[False],tests/test_regrid.py::TestCoordOrder::test_conservative_original[False],call,10.73,122.74
before,3,test_conservative_reversed[False-longitude],tests/test_regrid.py::TestCoordOrder::test_conservative_reversed[False-longitude],call,10.73,122.74
before,3,test_conservative_reversed[False-latitude],tests/test_regrid.py::TestCoordOrder::test_conservative_reversed[False-latitude],call,10.71,122.74
before,3,test_conservative_original[True],tests/test_regrid.py::TestCoordOrder::test_conservative_original[True],call,10.68,122.74
before,3,test_attrs_dataarray_conservative,tests/test_regrid.py::test_attrs_dataarray_conservative,call,10.66,122.74
before,3,test_reversed[False-cubic-longitude],tests/test_regrid.py::TestCoordOrder::test_reversed[False-cubic-longitude],call,4.11,122.74
before,3,test_reversed[True-cubic-longitude],tests/test_regrid.py::TestCoordOrder::test_reversed[True-cubic-longitude],call,4.1,122.74
before,3,test_attrs_dataarray[cubic],tests/test_regrid.py::test_attrs_dataarray[cubic],call,4.02,122.74
before,3,test_reversed[True-cubic-latitude],tests/test_regrid.py::TestCoordOrder::test_reversed[True-cubic-latitude],call,4.02,122.74
before,3,test_reversed[False-cubic-latitude],tests/test_regrid.py::TestCoordOrder::test_reversed[False-cubic-latitude],call,4.01,122.74
before,3,test_original[True-cubic],tests/test_regrid.py::TestCoordOrder::test_original[True-cubic],call,4.0,122.74
before,3,test_original[False-cubic],tests/test_regrid.py::TestCoordOrder::test_original[False-cubic],call,3.99,122.74
before,3,test_attrs_dataset[cubic],tests/test_regrid.py::test_attrs_dataset[cubic],call,3.98,122.74
before,3,test_conservative_nans,tests/test_regrid.py::test_conservative_nans,call,0.68,122.74
before,3,test_conservative_regridder,tests/test_regrid.py::test_conservative_regridder,call,0.54,122.74
before,3,test_basic_regridders_ds[linear-cdo_file0],tests/test_regrid.py::test_basic_regridders_ds[linear-cdo_file0],call,0.17,122.74
before,3,test_reversed[True-linear-longitude],tests/test_regrid.py::TestCoordOrder::test_reversed[True-linear-longitude],call,0.14,122.74
before,3,test_reversed[False-linear-longitude],tests/test_regrid.py::TestCoordOrder::test_reversed[False-linear-longitude],call,0.13,122.74
before,3,test_basic_regridders_da[linear-cdo_file0],tests/test_regrid.py::test_basic_regridders_da[linear-cdo_file0],call,0.12,122.74
before,3,test_basic_regridders_ds[linear-cdo_file0],tests/test_regrid.py::test_basic_regridders_ds[linear-cdo_file0],setup,0.12,122.74
before,3,test_attrs_dataarray[linear],tests/test_regrid.py::test_attrs_dataarray[linear],call,0.12,122.74
before,3,test_reversed[True-linear-latitude],tests/test_regrid.py::TestCoordOrder::test_reversed[True-linear-latitude],call,0.11,122.74
before,3,test_reversed[True-nearest-longitude],tests/test_regrid.py::TestCoordOrder::test_reversed[True-nearest-longitude],call,0.11,122.74
before,3,test_reversed[False-linear-latitude],tests/test_regrid.py::TestCoordOrder::test_reversed[False-linear-latitude],call,0.11,122.74
before,3,test_reversed[False-nearest-longitude],tests/test_regrid.py::TestCoordOrder::test_reversed[False-nearest-longitude],call,0.11,122.74
before,3,test_attrs_dataset[linear],tests/test_regrid.py::test_attrs_dataset[linear],call,0.11,122.74
before,3,test_basic_regridders_ds[nearest-cdo_file1],tests/test_regrid.py::test_basic_regridders_ds[nearest-cdo_file1],call,0.1,122.74
before,3,test_basic_regridders_da[nearest-cdo_file1],tests/test_regrid.py::test_basic_regridders_da[nearest-cdo_file1],call,0.1,122.74
before,3,test_reversed[False-nearest-latitude],tests/test_regrid.py::TestCoordOrder::test_reversed[False-nearest-latitude],call,0.1,122.74
before,3,test_reversed[True-nearest-latitude],tests/test_regrid.py::TestCoordOrder::test_reversed[True-nearest-latitude],call,0.1,122.74
before,3,test_original[True-linear],tests/test_regrid.py::TestCoordOrder::test_original[True-linear],call,0.09,122.74
before,3,test_conservative_regridder,tests/test_regrid.py::test_conservative_regridder,setup,0.09,122.74
before,3,test_original[False-linear],tests/test_regrid.py::TestCoordOrder::test_original[False-linear],call,0.09,122.74
before,3,test_original[False-nearest],tests/test_regrid.py::TestCoordOrder::test_original[False-nearest],call,0.07,122.74
before,3,test_attrs_dataarray[nearest],tests/test_regrid.py::test_attrs_dataarray[nearest],call,0.07,122.74
before,3,test_original[True-nearest],tests/test_regrid.py::TestCoordOrder::test_original[True-nearest],call,0.07,122.74
before,3,test_attrs_dataset[nearest],tests/test_regrid.py::test_attrs_dataset[nearest],call,0.07,122.74
before,3,test_conservative_nan_aggregation_over_dims,tests/test_regrid.py::test_conservative_nan_aggregation_over_dims,call,0.02,122.74
before,3,test_conservative_nan_thresholds_against_coarsen[0],tests/test_regrid.py::test_conservative_nan_thresholds_against_coarsen[0],call,0.02,122.74
before,3,test_conservative_nan_thresholds_against_coarsen[1],tests/test_regrid.py::test_conservative_nan_thresholds_against_coarsen[1],call,0.02,122.74
before,3,test_conservative_reversed[False-latitude],tests/test_regrid.py::TestCoordOrder::test_conservative_reversed[False-latitude],setup,0.02,122.74
before,3,test_original[True-linear],tests/test_regrid.py::TestCoordOrder::test_original[True-linear],setup,0.02,122.74
before,3,test_conservative_reversed[True-latitude],tests/test_regrid.py::TestCoordOrder::test_conservative_reversed[True-latitude],setup,0.02,122.74
before,3,test_conservative_original[False],tests/test_regrid.py::TestCoordOrder::test_conservative_original[False],setup,0.02,122.74
before,3,test_conservative_reversed[True-longitude],tests/test_regrid.py::TestCoordOrder::test_conservative_reversed[True-longitude],setup,0.02,122.74
before,3,test_attrs_dataset[linear],tests/test_regrid.py::test_attrs_dataset[linear],setup,0.02,122.74
before,3,test_conservative_reversed[False-longitude],tests/test_regrid.py::TestCoordOrder::test_conservative_reversed[False-longitude],setup,0.02,122.74
before,3,test_conservative_nans,tests/test_regrid.py::test_conservative_nans,setup,0.02,122.74
before,3,test_attrs_dataarray[linear],tests/test_regrid.py::test_attrs_dataarray[linear],setup,0.02,122.74
before,3,test_reversed[False-cubic-longitude],tests/test_regrid.py::TestCoordOrder::test_reversed[False-cubic-longitude],setup,0.02,122.74
before,3,test_original[False-linear],tests/test_regrid.py::TestCoordOrder::test_original[False-linear],setup,0.02,122.74
before,3,test_attrs_dataarray_conservative,tests/test_regrid.py::test_attrs_dataarray_conservative,setup,0.02,122.74
before,3,test_reversed[True-linear-latitude],tests/test_regrid.py::TestCoordOrder::test_reversed[True-linear-latitude],setup,0.02,122.74
before,3,test_reversed[False-nearest-longitude],tests/test_regrid.py::TestCoordOrder::test_reversed[False-nearest-longitude],setup,0.02,122.74
before,3,test_reversed[False-linear-latitude],tests/test_regrid.py::TestCoordOrder::test_reversed[False-linear-latitude],setup,0.02,122.74
before,3,test_original[True-nearest],tests/test_regrid.py::TestCoordOrder::test_original[True-nearest],setup,0.02,122.74
before,3,test_reversed[True-cubic-longitude],tests/test_regrid.py::TestCoordOrder::test_reversed[True-cubic-longitude],setup,0.02,122.74
before,3,test_conservative_original[True],tests/test_regrid.py::TestCoordOrder::test_conservative_original[True],setup,0.02,122.74
before,3,test_basic_regridders_da[linear-cdo_file0],tests/test_regrid.py::test_basic_regridders_da[linear-cdo_file0],setup,0.02,122.74
before,3,test_original[False-cubic],tests/test_regrid.py::TestCoordOrder::test_original[False-cubic],setup,0.02,122.74
before,3,test_reversed[False-cubic-latitude],tests/test_regrid.py::TestCoordOrder::test_reversed[False-cubic-latitude],setup,0.02,122.74
before,3,test_reversed[False-linear-longitude],tests/test_regrid.py::TestCoordOrder::test_reversed[False-linear-longitude],setup,0.02,122.74
before,3,test_attrs_dataarray[nearest],tests/test_regrid.py::test_attrs_dataarray[nearest],setup,0.01,122.74
before,3,test_original[True-cubic],tests/test_regrid.py::TestCoordOrder::test_original[True-cubic],setup,0.01,122.74
before,3,test_reversed[True-cubic-latitude],tests/test_regrid.py::TestCoordOrder::test_reversed[True-cubic-latitude],setup,0.01,122.74
before,3,test_attrs_dataset[nearest],tests/test_regrid.py::test_attrs_dataset[nearest],setup,0.01,122.74
before,3,test_attrs_dataset_conservative,tests/test_regrid.py::test_attrs_dataset_conservative,setup,0.01,122.74
before,3,test_attrs_dataarray[cubic],tests/test_regrid.py::test_attrs_dataarray[cubic],setup,0.01,122.74
before,3,test_reversed[True-nearest-longitude],tests/test_regrid.py::TestCoordOrder::test_reversed[True-nearest-longitude],setup,0.01,122.74
before,3,test_basic_regridders_da[nearest-cdo_file1],tests/test_regrid.py::test_basic_regridders_da[nearest-cdo_file1],setup,0.01,122.74
before,3,test_attrs_dataset[cubic],tests/test_regrid.py::test_attrs_dataset[cubic],setup,0.01,122.74
before,3,test_basic_regridders_ds[nearest-cdo_file1],tests/test_regrid.py::test_basic_regridders_ds[nearest-cdo_file1],setup,0.01,122.74
before,3,test_original[False-nearest],tests/test_regrid.py::TestCoordOrder::test_original[False-nearest],setup,0.01,122.74
before,3,test_reversed[False-nearest-latitude],tests/test_regrid.py::TestCoordOrder::test_reversed[False-nearest-latitude],setup,0.01,122.74
before,3,test_reversed[True-nearest-latitude],tests/test_regrid.py::TestCoordOrder::test_reversed[True-nearest-latitude],setup,0.01,122.74
before,3,test_reversed[True-linear-longitude],tests/test_regrid.py::TestCoordOrder::test_reversed[True-linear-longitude],setup,0.01,122.74
before,4,test_conservative_reversed[True-longitude],tests/test_regrid.py::TestCoordOrder::test_conservative_reversed[True-longitude],call,10.77,122.25
before,4,test_attrs_dataset_conservative,tests/test_regrid.py::test_attrs_dataset_conservative,call,10.74,122.25
before,4,test_conservative_reversed[False-longitude],tests/test_regrid.py::TestCoordOrder::test_conservative_reversed[False-longitude],call,10.73,122.25
before,4,test_conservative_reversed[True-latitude],tests/test_regrid.py::TestCoordOrder::test_conservative_reversed[True-latitude],call,10.72,122.25
before,4,test_conservative_reversed[False-latitude],tests/test_regrid.py::TestCoordOrder::test_conservative_reversed[False-latitude],call,10.7,122.25
before,4,test_conservative_original[False],tests/test_regrid.py::TestCoordOrder::test_conservative_original[False],call,10.7,122.25
before,4,test_conservative_original[True],tests/test_regrid.py::TestCoordOrder::test_conservative_original[True],call,10.66,122.25
before,4,test_attrs_dataarray_conservative,tests/test_regrid.py::test_attrs_dataarray_conservative,call,10.66,122.25
before,4,test_reversed[False-cubic-longitude],tests/test_regrid.py::TestCoordOrder::test_reversed[False-cubic-longitude],call,4.12,122.25
before,4,test_reversed[False-cubic-latitude],tests/test_regrid.py::TestCoordOrder::test_reversed[False-cubic-latitude],call,4.03,122.25
before,4,test_reversed[True-cubic-longitude],tests/test_regrid.py::TestCoordOrder::test_reversed[True-cubic-longitude],call,4.0,122.25
before,4,test_attrs_dataarray[cubic],tests/test_regrid.py::test_attrs_dataarray[cubic],call,3.99,122.25
before,4,test_attrs_dataset[cubic],tests/test_regrid.py::test_attrs_dataset[cubic],call,3.98,122.25
before,4,test_reversed[True-cubic-latitude],tests/test_regrid.py::TestCoordOrder::test_reversed[True-cubic-latitude],call,3.97,122.25
before,4,test_original[True-cubic],tests/test_regrid.py::TestCoordOrder::test_original[True-cubic],call,3.96,122.25
before,4,test_original[False-cubic],tests/test_regrid.py::TestCoordOrder::test_original[False-cubic],call,3.96,122.25
before,4,test_conservative_nans,tests/test_regrid.py::test_conservative_nans,call,0.63,122.25
before,4,test_conservative_regridder,tests/test_regrid.py::test_conservative_regridder,call,0.57,122.25
before,4,test_basic_regridders_ds[linear-cdo_file0],tests/test_regrid.py::test_basic_regridders_ds[linear-cdo_file0],call,0.18,122.25
before,4,test_reversed[True-linear-longitude],tests/test_regrid.py::TestCoordOrder::test_reversed[True-linear-longitude],call,0.13,122.25
before,4,test_reversed[False-linear-longitude],tests/test_regrid.py::TestCoordOrder::test_reversed[False-linear-longitude],call,0.13,122.25
before,4,test_basic_regridders_da[linear-cdo_file0],tests/test_regrid.py::test_basic_regridders_da[linear-cdo_file0],call,0.12,122.25
before,4,test_basic_regridders_ds[linear-cdo_file0],tests/test_regrid.py::test_basic_regridders_ds[linear-cdo_file0],setup,0.12,122.25
before,4,test_attrs_dataarray[linear],tests/test_regrid.py::test_attrs_dataarray[linear],call,0.11,122.25
before,4,test_reversed[True-nearest-longitude],tests/test_regrid.py::TestCoordOrder::test_reversed[True-nearest-longitude],call,0.11,122.25
before,4,test_reversed[False-nearest-longitude],tests/test_regrid.py::TestCoordOrder::test_reversed[False-nearest-longitude],call,0.11,122.25
before,4,test_reversed[True-linear-latitude],tests/test_regrid.py::TestCoordOrder::test_reversed[True-linear-latitude],call,0.11,122.25
before,4,test_reversed[False-linear-latitude],tests/test_regrid.py::TestCoordOrder::test_reversed[False-linear-latitude],call,0.11,122.25
before,4,test_attrs_dataset[linear],tests/test_regrid.py::test_attrs_dataset[linear],call,0.11,122.25
before,4,test_basic_regridders_ds[nearest-cdo_file1],tests/test_regrid.py::test_basic_regridders_ds[nearest-cdo_file1],call,0.1,122.25
before,4,test_basic_regridders_da[nearest-cdo_file1],tests/test_regrid.py::test_basic_regridders_da[nearest-cdo_file1],call,0.1,122.25
before,4,test_reversed[False-nearest-latitude],tests/test_regrid.py::TestCoordOrder::test_reversed[False-nearest-latitude],call,0.1,122.25
before,4,test_reversed[True-nearest-latitude],tests/test_regrid.py::TestCoordOrder::test_reversed[True-nearest-latitude],call,0.1,122.25
before,4,test_conservative_regridder,tests/test_regrid.py::test_conservative_regridder,setup,0.09,122.25
before,4,test_original[False-linear],tests/test_regrid.py::TestCoordOrder::test_original[False-linear],call,0.09,122.25
before,4,test_original[True-linear],tests/test_regrid.py::TestCoordOrder::test_original[True-linear],call,0.09,122.25
before,4,test_original[True-nearest],tests/test_regrid.py::TestCoordOrder::test_original[True-nearest],call,0.08,122.25
before,4,test_original[False-nearest],tests/test_regrid.py::TestCoordOrder::test_original[False-nearest],call,0.08,122.25
before,4,test_attrs_dataarray[nearest],tests/test_regrid.py::test_attrs_dataarray[nearest],call,0.07,122.25
before,4,test_attrs_dataset[nearest],tests/test_regrid.py::test_attrs_dataset[nearest],call,0.07,122.25
before,4,test_conservative_nan_aggregation_over_dims,tests/test_regrid.py::test_conservative_nan_aggregation_over_dims,call,0.02,122.25
before,4,test_conservative_nan_thresholds_against_coarsen[0],tests/test_regrid.py::test_conservative_nan_thresholds_against_coarsen[0],call,0.02,122.25
before,4,test_conservative_nan_thresholds_against_coarsen[1],tests/test_regrid.py::test_conservative_nan_thresholds_against_coarsen[1],call,0.02,122.25
before,4,test_conservative_reversed[True-latitude],tests/test_regrid.py::TestCoordOrder::test_conservative_reversed[True-latitude],setup,0.02,122.25
before,4,test_original[True-linear],tests/test_regrid.py::TestCoordOrder::test_original[True-linear],setup,0.02,122.25
before,4,test_conservative_nans,tests/test_regrid.py::test_conservative_nans,setup,0.02,122.25
before,4,test_reversed[True-cubic-longitude],tests/test_regrid.py::TestCoordOrder::test_reversed[True-cubic-longitude],setup,0.02,122.25
before,4,test_attrs_dataset[linear],tests/test_regrid.py::test_attrs_dataset[linear],setup,0.02,122.25
before,4,test_conservative_reversed[False-latitude],tests/test_regrid.py::TestCoordOrder::test_conservative_reversed[False-latitude],setup,0.02,122.25
before,4,test_conservative_reversed[False-longitude],tests/test_regrid.py::TestCoordOrder::test_conservative_reversed[False-longitude],setup,0.02,122.25
before,4,test_conservative_original[False],tests/test_regrid.py::TestCoordOrder::test_conservative_original[False],setup,0.02,122.25
before,4,test_conservative_reversed[True-longitude],tests/test_regrid.py::TestCoordOrder::test_conservative_reversed[True-longitude],setup,0.02,122.25
before,4,test_attrs_dataarray[linear],tests/test_regrid.py::test_attrs_dataarray[linear],setup,0.02,122.25
before,4,test_reversed[False-cubic-longitude],tests/test_regrid.py::TestCoordOrder::test_reversed[False-cubic-longitude],setup,0.02,122.25
before,4,test_original[False-linear],tests/test_regrid.py::TestCoordOrder::test_original[False-linear],setup,0.02,122.25
before,4,test_attrs_dataset_conservative,tests/test_regrid.py::test_attrs_dataset_conservative,setup,0.02,122.25
before,4,test_reversed[False-linear-latitude],tests/test_regrid.py::TestCoordOrder::test_reversed[False-linear-latitude],setup,0.02,122.25
before,4,test_original[False-cubic],tests/test_regrid.py::TestCoordOrder::test_original[False-cubic],setup,0.02,122.25
before,4,test_basic_regridders_da[linear-cdo_file0],tests/test_regrid.py::test_basic_regridders_da[linear-cdo_file0],setup,0.02,122.25
before,4,test_reversed[False-nearest-longitude],tests/test_regrid.py::TestCoordOrder::test_reversed[False-nearest-longitude],setup,0.02,122.25
before,4,test_original[True-cubic],tests/test_regrid.py::TestCoordOrder::test_original[True-cubic],setup,0.02,122.25
before,4,test_reversed[False-cubic-latitude],tests/test_regrid.py::TestCoordOrder::test_reversed[False-cubic-latitude],setup,0.02,122.25
before,4,test_reversed[True-linear-latitude],tests/test_regrid.py::TestCoordOrder::test_reversed[True-linear-latitude],setup,0.02,122.25
before,4,test_attrs_dataarray[nearest],tests/test_regrid.py::test_attrs_dataarray[nearest],setup,0.01,122.25
before,4,test_original[True-nearest],tests/test_regrid.py::TestCoordOrder::test_original[True-nearest],setup,0.01,122.25
before,4,test_reversed[False-linear-longitude],tests/test_regrid.py::TestCoordOrder::test_reversed[False-linear-longitude],setup,0.01,122.25
before,4,test_attrs_dataarray_conservative,tests/test_regrid.py::test_attrs_dataarray_conservative,setup,0.01,122.25
before,4,test_conservative_original[True],tests/test_regrid.py::TestCoordOrder::test_conservative_original[True],setup,0.01,122.25
before,4,test_attrs_dataset[nearest],tests/test_regrid.py::test_attrs_dataset[nearest],setup,0.01,122.25
before,4,test_basic_regridders_da[nearest-cdo_file1],tests/test_regrid.py::test_basic_regridders_da[nearest-cdo_file1],setup,0.01,122.25
before,4,test_reversed[True-nearest-longitude],tests/test_regrid.py::TestCoordOrder::test_reversed[True-nearest-longitude],setup,0.01,122.25
before,4,test_attrs_dataset[cubic],tests/test_regrid.py::test_attrs_dataset[cubic],setup,0.01,122.25
before,4,test_basic_regridders_ds[nearest-cdo_file1],tests/test_regrid.py::test_basic_regridders_ds[nearest-cdo_file1],setup,0.01,122.25
before,4,test_attrs_dataarray[cubic],tests/test_regrid.py::test_attrs_dataarray[cubic],setup,0.01,122.25
before,4,test_reversed[True-linear-longitude],tests/test_regrid.py::TestCoordOrder::test_reversed[True-linear-longitude],setup,0.01,122.25
before,4,test_reversed[True-cubic-latitude],tests/test_regrid.py::TestCoordOrder::test_reversed[True-cubic-latitude],setup,0.01,122.25
before,4,test_original[False-nearest],tests/test_regrid.py::TestCoordOrder::test_original[False-nearest],setup,0.01,122.25
before,4,test_reversed[False-nearest-latitude],tests/test_regrid.py::TestCoordOrder::test_reversed[False-nearest-latitude],setup,0.01,122.25
before,4,test_reversed[True-nearest-latitude],tests/test_regrid.py::TestCoordOrder::test_reversed[True-nearest-latitude],setup,0.01,122.25
before,5,test_conservative_reversed[False-latitude],tests/test_regrid.py::TestCoordOrder::test_conservative_reversed[False-latitude],call,10.74,122.13
before,5,test_conservative_reversed[False-longitude],tests/test_regrid.py::TestCoordOrder::test_conservative_reversed[False-longitude],call,10.72,122.13
before,5,test_conservative_reversed[True-longitude],tests/test_regrid.py::TestCoordOrder::test_conservative_reversed[True-longitude],call,10.72,122.13
before,5,test_conservative_reversed[True-latitude],tests/test_regrid.py::TestCoordOrder::test_conservative_reversed[True-latitude],call,10.72,122.13
before,5,test_attrs_dataset_conservative,tests/test_regrid.py::test_attrs_dataset_conservative,call,10.69,122.13
before,5,test_conservative_original[False],tests/test_regrid.py::TestCoordOrder::test_conservative_original[False],call,10.68,122.13
before,5,test_conservative_original[True],tests/test_regrid.py::TestCoordOrder::test_conservative_original[True],call,10.66,122.13
before,5,test_attrs_dataarray_conservative,tests/test_regrid.py::test_attrs_dataarray_conservative,call,10.65,122.13
before,5,test_reversed[False-cubic-longitude],tests/test_regrid.py::TestCoordOrder::test_reversed[False-cubic-longitude],call,4.07,122.13
before,5,test_reversed[True-cubic-longitude],tests/test_regrid.py::TestCoordOrder::test_reversed[True-cubic-longitude],call,4.01,122.13
before,5,test_reversed[False-cubic-latitude],tests/test_regrid.py::TestCoordOrder::test_reversed[False-cubic-latitude],call,4.01,122.13
before,5,test_original[False-cubic],tests/test_regrid.py::TestCoordOrder::test_original[False-cubic],call,4.0,122.13
before,5,test_attrs_dataset[cubic],tests/test_regrid.py::test_attrs_dataset[cubic],call,4.0,122.13
before,5,test_attrs_dataarray[cubic],tests/test_regrid.py::test_attrs_dataarray[cubic],call,3.97,122.13
before,5,test_reversed[True-cubic-latitude],tests/test_regrid.py::TestCoordOrder::test_reversed[True-cubic-latitude],call,3.97,122.13
before,5,test_original[True-cubic],tests/test_regrid.py::TestCoordOrder::test_original[True-cubic],call,3.96,122.13
before,5,test_conservative_nans,tests/test_regrid.py::test_conservative_nans,call,0.63,122.13
before,5,test_conservative_regridder,tests/test_regrid.py::test_conservative_regridder,call,0.59,122.13
before,5,test_basic_regridders_ds[linear-cdo_file0],tests/test_regrid.py::test_basic_regridders_ds[linear-cdo_file0],call,0.17,122.13
before,5,test_reversed[False-linear-longitude],tests/test_regrid.py::TestCoordOrder::test_reversed[False-linear-longitude],call,0.14,122.13
before,5,test_reversed[True-linear-longitude],tests/test_regrid.py::TestCoordOrder::test_reversed[True-linear-longitude],call,0.14,122.13
before,5,test_basic_regridders_da[linear-cdo_file0],tests/test_regrid.py::test_basic_regridders_da[linear-cdo_file0],call,0.12,122.13
before,5,test_basic_regridders_ds[linear-cdo_file0],tests/test_regrid.py::test_basic_regridders_ds[linear-cdo_file0],setup,0.12,122.13
before,5,test_attrs_dataarray[linear],tests/test_regrid.py::test_attrs_dataarray[linear],call,0.11,122.13
before,5,test_reversed[True-nearest-longitude],tests/test_regrid.py::TestCoordOrder::test_reversed[True-nearest-longitude],call,0.11,122.13
before,5,test_reversed[True-linear-latitude],tests/test_regrid.py::TestCoordOrder::test_reversed[True-linear-latitude],call,0.11,122.13
before,5,test_reversed[False-linear-latitude],tests/test_regrid.py::TestCoordOrder::test_reversed[False-linear-latitude],call,0.11,122.13
before,5,test_attrs_dataset[linear],tests/test_regrid.py::test_attrs_dataset[linear],call,0.11,122.13
before,5,test_reversed[False-nearest-longitude],tests/test_regrid.py::TestCoordOrder::test_reversed[False-nearest-longitude],call,0.11,122.13
before,5,test_basic_regridders_ds[nearest-cdo_file1],tests/test_regrid.py::test_basic_regridders_ds[nearest-cdo_file1],call,0.1,122.13
before,5,test_basic_regridders_da[nearest-cdo_file1],tests/test_regrid.py::test_basic_regridders_da[nearest-cdo_file1],call,0.1,122.13
before,5,test_reversed[False-nearest-latitude],tests/test_regrid.py::TestCoordOrder::test_reversed[False-nearest-latitude],call,0.1,122.13
before,5,test_reversed[True-nearest-latitude],tests/test_regrid.py::TestCoordOrder::test_reversed[True-nearest-latitude],call,0.1,122.13
before,5,test_conservative_regridder,tests/test_regrid.py::test_conservative_regridder,setup,0.09,122.13
before,5,test_original[False-linear],tests/test_regrid.py::TestCoordOrder::test_original[False-linear],call,0.09,122.13
before,5,test_original[True-linear],tests/test_regrid.py::TestCoordOrder::test_original[True-linear],call,0.09,122.13
before,5,test_original[False-nearest],tests/test_regrid.py::TestCoordOrder::test_original[False-nearest],call,0.07,122.13
before,5,test_original[True-nearest],tests/test_regrid.py::TestCoordOrder::test_original[True-nearest],call,0.07,122.13
before,5,test_attrs_dataarray[nearest],tests/test_regrid.py::test_attrs_dataarray[nearest],call,0.07,122.13
before,5,test_attrs_dataset[nearest],tests/test_regrid.py::test_attrs_dataset[nearest],call,0.07,122.13
before,5,test_conservative_nan_aggregation_over_dims,tests/test_regrid.py::test_conservative_nan_aggregation_over_dims,call,0.02,122.13
before,5,test_conservative_nan_thresholds_against_coarsen[0],tests/test_regrid.py::test_conservative_nan_thresholds_against_coarsen[0],call,0.02,122.13
before,5,test_conservative_nan_thresholds_against_coarsen[1],tests/test_regrid.py::test_conservative_nan_thresholds_against_coarsen[1],call,0.02,122.13
before,5,test_conservative_reversed[True-latitude],tests/test_regrid.py::TestCoordOrder::test_conservative_reversed[True-latitude],setup,0.02,122.13
before,5,test_conservative_reversed[False-latitude],tests/test_regrid.py::TestCoordOrder::test_conservative_reversed[False-latitude],setup,0.02,122.13
before,5,test_conservative_nans,tests/test_regrid.py::test_conservative_nans,setup,0.02,122.13
before,5,test_original[True-linear],tests/test_regrid.py::TestCoordOrder::test_original[True-linear],setup,0.02,122.13
before,5,test_reversed[True-cubic-longitude],tests/test_regrid.py::TestCoordOrder::test_reversed[True-cubic-longitude],setup,0.02,122.13
before,5,test_attrs_dataset[linear],tests/test_regrid.py::test_attrs_dataset[linear],setup,0.02,122.13
before,5,test_conservative_original[False],tests/test_regrid.py::TestCoordOrder::test_conservative_original[False],setup,0.02,122.13
before,5,test_conservative_reversed[False-longitude],tests/test_regrid.py::TestCoordOrder::test_conservative_reversed[False-longitude],setup,0.02,122.13
before,5,test_conservative_reversed[True-longitude],tests/test_regrid.py::TestCoordOrder::test_conservative_reversed[True-longitude],setup,0.02,122.13
before,5,test_attrs_dataarray[linear],tests/test_regrid.py::test_attrs_dataarray[linear],setup,0.02,122.13
before,5,test_reversed[False-cubic-longitude],tests/test_regrid.py::TestCoordOrder::test_reversed[False-cubic-longitude],setup,0.02,122.13
before,5,test_attrs_dataset_conservative,tests/test_regrid.py::test_attrs_dataset_conservative,setup,0.02,122.13
before,5,test_attrs_dataset[nearest],tests/test_regrid.py::test_attrs_dataset[nearest],setup,0.02,122.13
before,5,test_attrs_dataarray_conservative,tests/test_regrid.py::test_attrs_dataarray_conservative,setup,0.02,122.13
before,5,test_reversed[False-nearest-longitude],tests/test_regrid.py::TestCoordOrder::test_reversed[False-nearest-longitude],setup,0.02,122.13
before,5,test_conservative_original[True],tests/test_regrid.py::TestCoordOrder::test_conservative_original[True],setup,0.02,122.13
before,5,test_basic_regridders_da[linear-cdo_file0],tests/test_regrid.py::test_basic_regridders_da[linear-cdo_file0],setup,0.02,122.13
before,5,test_original[False-cubic],tests/test_regrid.py::TestCoordOrder::test_original[False-cubic],setup,0.02,122.13
before,5,test_reversed[False-cubic-latitude],tests/test_regrid.py::TestCoordOrder::test_reversed[False-cubic-latitude],setup,0.02,122.13
before,5,test_reversed[True-nearest-longitude],tests/test_regrid.py::TestCoordOrder::test_reversed[True-nearest-longitude],setup,0.02,122.13
before,5,test_original[False-linear],tests/test_regrid.py::TestCoordOrder::test_original[False-linear],setup,0.02,122.13
before,5,test_attrs_dataarray[nearest],tests/test_regrid.py::test_attrs_dataarray[nearest],setup,0.01,122.13
before,5,test_reversed[False-linear-latitude],tests/test_regrid.py::TestCoordOrder::test_reversed[False-linear-latitude],setup,0.01,122.13
before,5,test_reversed[True-linear-latitude],tests/test_regrid.py::TestCoordOrder::test_reversed[True-linear-latitude],setup,0.01,122.13
before,5,test_original[True-nearest],tests/test_regrid.py::TestCoordOrder::test_original[True-nearest],setup,0.01,122.13
before,5,test_reversed[False-linear-longitude],tests/test_regrid.py::TestCoordOrder::test_reversed[False-linear-longitude],setup,0.01,122.13
before,5,test_attrs_dataarray[cubic],tests/test_regrid.py::test_attrs_dataarray[cubic],setup,0.01,122.13
before,5,test_attrs_dataset[cubic],tests/test_regrid.py::test_attrs_dataset[cubic],setup,0.01,122.13
before,5,test_basic_regridders_da[nearest-cdo_file1],tests/test_regrid.py::test_basic_regridders_da[nearest-cdo_file1],setup,0.01,122.13
before,5,test_reversed[True-cubic-latitude],tests/test_regrid.py::TestCoordOrder::test_reversed[True-cubic-latitude],setup,0.01,122.13
before,5,test_original[False-nearest],tests/test_regrid.py::TestCoordOrder::test_original[False-nearest],setup,0.01,122.13
before,5,test_original[True-cubic],tests/test_regrid.py::TestCoordOrder::test_original[True-cubic],setup,0.01,122.13
before,5,test_basic_regridders_ds[nearest-cdo_file1],tests/test_regrid.py::test_basic_regridders_ds[nearest-cdo_file1],setup,0.01,122.13
before,5,test_reversed[False-nearest-latitude],tests/test_regrid.py::TestCoordOrder::test_reversed[False-nearest-latitude],setup,0.01,122.13
before,5,test_reversed[True-nearest-latitude],tests/test_regrid.py::TestCoordOrder::test_reversed[True-nearest-latitude],setup,0.01,122.13
before,5,test_reversed[True-linear-longitude],tests/test_regrid.py::TestCoordOrder::test_reversed[True-linear-longitude],setup,0.01,122.13
before,6,test_conservative_reversed[True-longitude],tests/test_regrid.py::TestCoordOrder::test_conservative_reversed[True-longitude],call,10.74,122.75
before,6,test_conservative_reversed[False-longitude],tests/test_regrid.py::TestCoordOrder::test_conservative_reversed[False-longitude],call,10.72,122.75
before,6,test_conservative_reversed[False-latitude],tests/test_regrid.py::TestCoordOrder::test_conservative_reversed[False-latitude],call,10.7,122.75
before,6,test_conservative_reversed[True-latitude],tests/test_regrid.py::TestCoordOrder::test_conservative_reversed[True-latitude],call,10.69,122.75
before,6,test_conservative_original[False],tests/test_regrid.py::TestCoordOrder::test_conservative_original[False],call,10.68,122.75
before,6,test_attrs_dataset_conservative,tests/test_regrid.py::test_attrs_dataset_conservative,call,10.67,122.75
before,6,test_conservative_original[True],tests/test_regrid.py::TestCoordOrder::test_conservative_original[True],call,10.66,122.75
before,6,test_attrs_dataarray_conservative,tests/test_regrid.py::test_attrs_dataarray_conservative,call,10.65,122.75
before,6,test_reversed[False-cubic-longitude],tests/test_regrid.py::TestCoordOrder::test_reversed[False-cubic-longitude],call,4.08,122.75
before,6,test_reversed[True-cubic-longitude],tests/test_regrid.py::TestCoordOrder::test_reversed[True-cubic-longitude],call,4.02,122.75
before,6,test_reversed[False-cubic-latitude],tests/test_regrid.py::TestCoordOrder::test_reversed[False-cubic-latitude],call,4.01,122.75
before,6,test_reversed[True-cubic-latitude],tests/test_regrid.py::TestCoordOrder::test_reversed[True-cubic-latitude],call,4.01,122.75
before,6,test_original[False-cubic],tests/test_regrid.py::TestCoordOrder::test_original[False-cubic],call,4.01,122.75
before,6,test_original[True-cubic],tests/test_regrid.py::TestCoordOrder::test_original[True-cubic],call,4.0,122.75
before,6,test_attrs_dataset[cubic],tests/test_regrid.py::test_attrs_dataset[cubic],call,3.97,122.75
before,6,test_attrs_dataarray[cubic],tests/test_regrid.py::test_attrs_dataarray[cubic],call,3.94,122.75
before,6,test_conservative_nans,tests/test_regrid.py::test_conservative_nans,call,0.93,122.75
before,6,test_conservative_regridder,tests/test_regrid.py::test_conservative_regridder,call,0.9,122.75
before,6,test_basic_regridders_ds[linear-cdo_file0],tests/test_regrid.py::test_basic_regridders_ds[linear-cdo_file0],call,0.17,122.75
before,6,test_reversed[True-linear-longitude],tests/test_regrid.py::TestCoordOrder::test_reversed[True-linear-longitude],call,0.14,122.75
before,6,test_reversed[False-linear-longitude],tests/test_regrid.py::TestCoordOrder::test_reversed[False-linear-longitude],call,0.14,122.75
before,6,test_basic_regridders_da[linear-cdo_file0],tests/test_regrid.py::test_basic_regridders_da[linear-cdo_file0],call,0.12,122.75
before,6,test_basic_regridders_ds[linear-cdo_file0],tests/test_regrid.py::test_basic_regridders_ds[linear-cdo_file0],setup,0.12,122.75
before,6,test_attrs_dataarray[linear],tests/test_regrid.py::test_attrs_dataarray[linear],call,0.12,122.75
before,6,test_reversed[True-linear-latitude],tests/test_regrid.py::TestCoordOrder::test_reversed[True-linear-latitude],call,0.11,122.75
before,6,test_reversed[True-nearest-longitude],tests/test_regrid.py::TestCoordOrder::test_reversed[True-nearest-longitude],call,0.11,122.75
before,6,test_reversed[False-nearest-longitude],tests/test_regrid.py::TestCoordOrder::test_reversed[False-nearest-longitude],call,0.11,122.75
before,6,test_reversed[False-linear-latitude],tests/test_regrid.py::TestCoordOrder::test_reversed[False-linear-latitude],call,0.11,122.75
before,6,test_attrs_dataset[linear],tests/test_regrid.py::test_attrs_dataset[linear],call,0.11,122.75
before,6,test_basic_regridders_ds[nearest-cdo_file1],tests/test_regrid.py::test_basic_regridders_ds[nearest-cdo_file1],call,0.11,122.75
before,6,test_basic_regridders_da[nearest-cdo_file1],tests/test_regrid.py::test_basic_regridders_da[nearest-cdo_file1],call,0.1,122.75
before,6,test_reversed[True-nearest-latitude],tests/test_regrid.py::TestCoordOrder::test_reversed[True-nearest-latitude],call,0.1,122.75
before,6,test_reversed[False-nearest-latitude],tests/test_regrid.py::TestCoordOrder::test_reversed[False-nearest-latitude],call,0.1,122.75
before,6,test_conservative_regridder,tests/test_regrid.py::test_conservative_regridder,setup,0.09,122.75
before,6,test_original[True-linear],tests/test_regrid.py::TestCoordOrder::test_original[True-linear],call,0.09,122.75
before,6,test_original[False-linear],tests/test_regrid.py::TestCoordOrder::test_original[False-linear],call,0.09,122.75
before,6,test_original[True-nearest],tests/test_regrid.py::TestCoordOrder::test_original[True-nearest],call,0.08,122.75
before,6,test_original[False-nearest],tests/test_regrid.py::TestCoordOrder::test_original[False-nearest],call,0.08,122.75
before,6,test_attrs_dataset[nearest],tests/test_regrid.py::test_attrs_dataset[nearest],call,0.07,122.75
before,6,test_attrs_dataarray[nearest],tests/test_regrid.py::test_attrs_dataarray[nearest],call,0.07,122.75
before,6,test_conservative_nan_aggregation_over_dims,tests/test_regrid.py::test_conservative_nan_aggregation_over_dims,call,0.02,122.75
before,6,test_conservative_nan_thresholds_against_coarsen[0],tests/test_regrid.py::test_conservative_nan_thresholds_against_coarsen[0],call,0.02,122.75
before,6,test_original[True-linear],tests/test_regrid.py::TestCoordOrder::test_original[True-linear],setup,0.02,122.75
before,6,test_conservative_nan_thresholds_against_coarsen[1],tests/test_regrid.py::test_conservative_nan_thresholds_against_coarsen[1],call,0.02,122.75
before,6,test_conservative_nans,tests/test_regrid.py::test_conservative_nans,setup,0.02,122.75
before,6,test_conservative_reversed[False-latitude],tests/test_regrid.py::TestCoordOrder::test_conservative_reversed[False-latitude],setup,0.02,122.75
before,6,test_conservative_reversed[True-latitude],tests/test_regrid.py::TestCoordOrder::test_conservative_reversed[True-latitude],setup,0.02,122.75
before,6,test_conservative_original[False],tests/test_regrid.py::TestCoordOrder::test_conservative_original[False],setup,0.02,122.75
before,6,test_conservative_reversed[False-longitude],tests/test_regrid.py::TestCoordOrder::test_conservative_reversed[False-longitude],setup,0.02,122.75
before,6,test_attrs_dataarray[linear],tests/test_regrid.py::test_attrs_dataarray[linear],setup,0.02,122.75
before,6,test_attrs_dataset[linear],tests/test_regrid.py::test_attrs_dataset[linear],setup,0.02,122.75
before,6,test_conservative_reversed[True-longitude],tests/test_regrid.py::TestCoordOrder::test_conservative_reversed[True-longitude],setup,0.02,122.75
before,6,test_original[True-nearest],tests/test_regrid.py::TestCoordOrder::test_original[True-nearest],setup,0.02,122.75
before,6,test_conservative_original[True],tests/test_regrid.py::TestCoordOrder::test_conservative_original[True],setup,0.02,122.75
before,6,test_attrs_dataset_conservative,tests/test_regrid.py::test_attrs_dataset_conservative,setup,0.02,122.75
before,6,test_attrs_dataset[nearest],tests/test_regrid.py::test_attrs_dataset[nearest],setup,0.02,122.75
before,6,test_reversed[True-cubic-longitude],tests/test_regrid.py::TestCoordOrder::test_reversed[True-cubic-longitude],setup,0.02,122.75
before,6,test_reversed[False-cubic-longitude],tests/test_regrid.py::TestCoordOrder::test_reversed[False-cubic-longitude],setup,0.02,122.75
before,6,test_attrs_dataarray_conservative,tests/test_regrid.py::test_attrs_dataarray_conservative,setup,0.02,122.75
before,6,test_reversed[False-cubic-latitude],tests/test_regrid.py::TestCoordOrder::test_reversed[False-cubic-latitude],setup,0.02,122.75
before,6,test_basic_regridders_da[linear-cdo_file0],tests/test_regrid.py::test_basic_regridders_da[linear-cdo_file0],setup,0.02,122.75
before,6,test_reversed[False-nearest-longitude],tests/test_regrid.py::TestCoordOrder::test_reversed[False-nearest-longitude],setup,0.02,122.75
before,6,test_original[False-cubic],tests/test_regrid.py::TestCoordOrder::test_original[False-cubic],setup,0.02,122.75
before,6,test_reversed[False-linear-longitude],tests/test_regrid.py::TestCoordOrder::test_reversed[False-linear-longitude],setup,0.02,122.75
before,6,test_attrs_dataarray[nearest],tests/test_regrid.py::test_attrs_dataarray[nearest],setup,0.01,122.75
before,6,test_reversed[False-linear-latitude],tests/test_regrid.py::TestCoordOrder::test_reversed[False-linear-latitude],setup,0.01,122.75
before,6,test_reversed[True-linear-latitude],tests/test_regrid.py::TestCoordOrder::test_reversed[True-linear-latitude],setup,0.01,122.75
before,6,test_attrs_dataset[cubic],tests/test_regrid.py::test_attrs_dataset[cubic],setup,0.01,122.75
before,6,test_original[True-cubic],tests/test_regrid.py::TestCoordOrder::test_original[True-cubic],setup,0.01,122.75
before,6,test_original[False-linear],tests/test_regrid.py::TestCoordOrder::test_original[False-linear],setup,0.01,122.75
before,6,test_reversed[True-nearest-longitude],tests/test_regrid.py::TestCoordOrder::test_reversed[True-nearest-longitude],setup,0.01,122.75
before,6,test_attrs_dataarray[cubic],tests/test_regrid.py::test_attrs_dataarray[cubic],setup,0.01,122.75
before,6,test_basic_regridders_ds[nearest-cdo_file1],tests/test_regrid.py::test_basic_regridders_ds[nearest-cdo_file1],setup,0.01,122.75
before,6,test_reversed[True-cubic-latitude],tests/test_regrid.py::TestCoordOrder::test_reversed[True-cubic-latitude],setup,0.01,122.75
before,6,test_basic_regridders_da[nearest-cdo_file1],tests/test_regrid.py::test_basic_regridders_da[nearest-cdo_file1],setup,0.01,122.75
before,6,test_reversed[False-nearest-latitude],tests/test_regrid.py::TestCoordOrder::test_reversed[False-nearest-latitude],setup,0.01,122.75
before,6,test_original[False-nearest],tests/test_regrid.py::TestCoordOrder::test_original[False-nearest],setup,0.01,122.75
before,6,test_reversed[True-linear-longitude],tests/test_regrid.py::TestCoordOrder::test_reversed[True-linear-longitude],setup,0.01,122.75
before,6,test_reversed[True-nearest-latitude],tests/test_regrid.py::TestCoordOrder::test_reversed[True-nearest-latitude],setup,0.01,122.75
before,7,test_conservative_reversed[False-longitude],tests/test_regrid.py::TestCoordOrder::test_conservative_reversed[False-longitude],call,10.73,123.44
before,7,test_conservative_reversed[True-longitude],tests/test_regrid.py::TestCoordOrder::test_conservative_reversed[True-longitude],call,10.73,123.44
before,7,test_conservative_reversed[True-latitude],tests/test_regrid.py::TestCoordOrder::test_conservative_reversed[True-latitude],call,10.71,123.44
before,7,test_attrs_dataset_conservative,tests/test_regrid.py::test_attrs_dataset_conservative,call,10.7,123.44
before,7,test_conservative_reversed[False-latitude],tests/test_regrid.py::TestCoordOrder::test_conservative_reversed[False-latitude],call,10.69,123.44
before,7,test_conservative_original[False],tests/test_regrid.py::TestCoordOrder::test_conservative_original[False],call,10.69,123.44
before,7,test_conservative_original[True],tests/test_regrid.py::TestCoordOrder::test_conservative_original[True],call,10.67,123.44
before,7,test_attrs_dataarray_conservative,tests/test_regrid.py::test_attrs_dataarray_conservative,call,10.64,123.44
before,7,test_reversed[False-cubic-longitude],tests/test_regrid.py::TestCoordOrder::test_reversed[False-cubic-longitude],call,4.26,123.44
before,7,test_reversed[True-cubic-longitude],tests/test_regrid.py::TestCoordOrder::test_reversed[True-cubic-longitude],call,4.2,123.44
before,7,test_reversed[False-cubic-latitude],tests/test_regrid.py::TestCoordOrder::test_reversed[False-cubic-latitude],call,4.18,123.44
before,7,test_reversed[True-cubic-latitude],tests/test_regrid.py::TestCoordOrder::test_reversed[True-cubic-latitude],call,4.17,123.44
before,7,test_original[True-cubic],tests/test_regrid.py::TestCoordOrder::test_original[True-cubic],call,4.15,123.44
before,7,test_original[False-cubic],tests/test_regrid.py::TestCoordOrder::test_original[False-cubic],call,4.14,123.44
before,7,test_attrs_dataarray[cubic],tests/test_regrid.py::test_attrs_dataarray[cubic],call,4.13,123.44
before,7,test_attrs_dataset[cubic],tests/test_regrid.py::test_attrs_dataset[cubic],call,4.12,123.44
before,7,test_conservative_nans,tests/test_regrid.py::test_conservative_nans,call,0.62,123.44
before,7,test_conservative_regridder,tests/test_regrid.py::test_conservative_regridder,call,0.55,123.44
before,7,test_basic_regridders_ds[linear-cdo_file0],tests/test_regrid.py::test_basic_regridders_ds[linear-cdo_file0],call,0.17,123.44
before,7,test_reversed[False-linear-longitude],tests/test_regrid.py::TestCoordOrder::test_reversed[False-linear-longitude],call,0.14,123.44
before,7,test_reversed[True-linear-longitude],tests/test_regrid.py::TestCoordOrder::test_reversed[True-linear-longitude],call,0.13,123.44
before,7,test_basic_regridders_ds[linear-cdo_file0],tests/test_regrid.py::test_basic_regridders_ds[linear-cdo_file0],setup,0.12,123.44
before,7,test_basic_regridders_da[linear-cdo_file0],tests/test_regrid.py::test_basic_regridders_da[linear-cdo_file0],call,0.12,123.44
before,7,test_attrs_dataarray[linear],tests/test_regrid.py::test_attrs_dataarray[linear],call,0.12,123.44
before,7,test_reversed[False-nearest-longitude],tests/test_regrid.py::TestCoordOrder::test_reversed[False-nearest-longitude],call,0.11,123.44
before,7,test_reversed[False-linear-latitude],tests/test_regrid.py::TestCoordOrder::test_reversed[False-linear-latitude],call,0.11,123.44
before,7,test_reversed[True-nearest-longitude],tests/test_regrid.py::TestCoordOrder::test_reversed[True-nearest-longitude],call,0.11,123.44
before,7,test_reversed[True-linear-latitude],tests/test_regrid.py::TestCoordOrder::test_reversed[True-linear-latitude],call,0.11,123.44
before,7,test_attrs_dataset[linear],tests/test_regrid.py::test_attrs_dataset[linear],call,0.11,123.44
before,7,test_basic_regridders_ds[nearest-cdo_file1],tests/test_regrid.py::test_basic_regridders_ds[nearest-cdo_file1],call,0.1,123.44
before,7,test_basic_regridders_da[nearest-cdo_file1],tests/test_regrid.py::test_basic_regridders_da[nearest-cdo_file1],call,0.1,123.44
before,7,test_reversed[False-nearest-latitude],tests/test_regrid.py::TestCoordOrder::test_reversed[False-nearest-latitude],call,0.1,123.44
before,7,test_reversed[True-nearest-latitude],tests/test_regrid.py::TestCoordOrder::test_reversed[True-nearest-latitude],call,0.1,123.44
before,7,test_conservative_regridder,tests/test_regrid.py::test_conservative_regridder,setup,0.09,123.44
before,7,test_original[False-linear],tests/test_regrid.py::TestCoordOrder::test_original[False-linear],call,0.09,123.44
before,7,test_original[True-linear],tests/test_regrid.py::TestCoordOrder::test_original[True-linear],call,0.09,123.44
before,7,test_attrs_dataarray[nearest],tests/test_regrid.py::test_attrs_dataarray[nearest],call,0.08,123.44
before,7,test_original[True-nearest],tests/test_regrid.py::TestCoordOrder::test_original[True-nearest],call,0.08,123.44
before,7,test_original[False-nearest],tests/test_regrid.py::TestCoordOrder::test_original[False-nearest],call,0.08,123.44
before,7,test_attrs_dataset[nearest],tests/test_regrid.py::test_attrs_dataset[nearest],call,0.07,123.44
before,7,test_conservative_nan_aggregation_over_dims,tests/test_regrid.py::test_conservative_nan_aggregation_over_dims,call,0.02,123.44
before,7,test_conservative_nan_thresholds_against_coarsen[0],tests/test_regrid.py::test_conservative_nan_thresholds_against_coarsen[0],call,0.02,123.44
before,7,test_conservative_nan_thresholds_against_coarsen[1],tests/test_regrid.py::test_conservative_nan_thresholds_against_coarsen[1],call,0.02,123.44
before,7,test_original[True-linear],tests/test_regrid.py::TestCoordOrder::test_original[True-linear],setup,0.02,123.44
before,7,test_conservative_nans,tests/test_regrid.py::test_conservative_nans,setup,0.02,123.44
before,7,test_conservative_reversed[False-latitude],tests/test_regrid.py::TestCoordOrder::test_conservative_reversed[False-latitude],setup,0.02,123.44
before,7,test_conservative_reversed[True-latitude],tests/test_regrid.py::TestCoordOrder::test_conservative_reversed[True-latitude],setup,0.02,123.44
before,7,test_attrs_dataarray_conservative,tests/test_regrid.py::test_attrs_dataarray_conservative,setup,0.02,123.44
before,7,test_conservative_reversed[False-longitude],tests/test_regrid.py::TestCoordOrder::test_conservative_reversed[False-longitude],setup,0.02,123.44
before,7,test_conservative_original[False],tests/test_regrid.py::TestCoordOrder::test_conservative_original[False],setup,0.02,123.44
before,7,test_attrs_dataset[linear],tests/test_regrid.py::test_attrs_dataset[linear],setup,0.02,123.44
before,7,test_conservative_reversed[True-longitude],tests/test_regrid.py::TestCoordOrder::test_conservative_reversed[True-longitude],setup,0.02,123.44
before,7,test_attrs_dataarray[linear],tests/test_regrid.py::test_attrs_dataarray[linear],setup,0.02,123.44
before,7,test_reversed[True-linear-latitude],tests/test_regrid.py::TestCoordOrder::test_reversed[True-linear-latitude],setup,0.02,123.44
before,7,test_reversed[True-cubic-longitude],tests/test_regrid.py::TestCoordOrder::test_reversed[True-cubic-longitude],setup,0.02,123.44
before,7,test_conservative_original[True],tests/test_regrid.py::TestCoordOrder::test_conservative_original[True],setup,0.02,123.44
before,7,test_reversed[False-nearest-longitude],tests/test_regrid.py::TestCoordOrder::test_reversed[False-nearest-longitude],setup,0.02,123.44
before,7,test_basic_regridders_da[linear-cdo_file0],tests/test_regrid.py::test_basic_regridders_da[linear-cdo_file0],setup,0.02,123.44
before,7,test_reversed[False-cubic-longitude],tests/test_regrid.py::TestCoordOrder::test_reversed[False-cubic-longitude],setup,0.02,123.44
before,7,test_original[False-cubic],tests/test_regrid.py::TestCoordOrder::test_original[False-cubic],setup,0.02,123.44
before,7,test_attrs_dataarray[nearest],tests/test_regrid.py::test_attrs_dataarray[nearest],setup,0.02,123.44
before,7,test_reversed[False-cubic-latitude],tests/test_regrid.py::TestCoordOrder::test_reversed[False-cubic-latitude],setup,0.02,123.44
before,7,test_original[True-nearest],tests/test_regrid.py::TestCoordOrder::test_original[True-nearest],setup,0.02,123.44
before,7,test_attrs_dataarray[cubic],tests/test_regrid.py::test_attrs_dataarray[cubic],setup,0.01,123.44
before,7,test_reversed[False-linear-longitude],tests/test_regrid.py::TestCoordOrder::test_reversed[False-linear-longitude],setup,0.01,123.44
before,7,test_original[False-linear],tests/test_regrid.py::TestCoordOrder::test_original[False-linear],setup,0.01,123.44
before,7,test_reversed[False-linear-latitude],tests/test_regrid.py::TestCoordOrder::test_reversed[False-linear-latitude],setup,0.01,123.44
before,7,test_attrs_dataset[nearest],tests/test_regrid.py::test_attrs_dataset[nearest],setup,0.01,123.44
before,7,test_reversed[True-cubic-latitude],tests/test_regrid.py::TestCoordOrder::test_reversed[True-cubic-latitude],setup,0.01,123.44
before,7,test_attrs_dataset_conservative,tests/test_regrid.py::test_attrs_dataset_conservative,setup,0.01,123.44
before,7,test_reversed[True-nearest-longitude],tests/test_regrid.py::TestCoordOrder::test_reversed[True-nearest-longitude],setup,0.01,123.44
before,7,test_attrs_dataset[cubic],tests/test_regrid.py::test_attrs_dataset[cubic],setup,0.01,123.44
before,7,test_original[True-cubic],tests/test_regrid.py::TestCoordOrder::test_original[True-cubic],setup,0.01,123.44
before,7,test_reversed[True-nearest-latitude],tests/test_regrid.py::TestCoordOrder::test_reversed[True-nearest-latitude],setup,0.01,123.44
before,7,test_reversed[True-linear-longitude],tests/test_regrid.py::TestCoordOrder::test_reversed[True-linear-longitude],setup,0.01,123.44
before,7,test_basic_regridders_ds[nearest-cdo_file1],tests/test_regrid.py::test_basic_regridders_ds[nearest-cdo_file1],setup,0.01,123.44
before,7,test_basic_regridders_da[nearest-cdo_file1],tests/test_regrid.py::test_basic_regridders_da[nearest-cdo_file1],setup,0.01,123.44
before,7,test_original[False-nearest],tests/test_regrid.py::TestCoordOrder::test_original[False-nearest],setup,0.01,123.44
before,7,test_reversed[False-nearest-latitude],tests/test_regrid.py::TestCoordOrder::test_reversed[False-nearest-latitude],setup,0.01,123.44
before,8,test_conservative_reversed[True-latitude],tests/test_regrid.py::TestCoordOrder::test_conservative_reversed[True-latitude],call,10.74,123.62
before,8,test_conservative_reversed[False-longitude],tests/test_regrid.py::TestCoordOrder::test_conservative_reversed[False-longitude],call,10.73,123.62
before,8,test_conservative_reversed[True-longitude],tests/test_regrid.py::TestCoordOrder::test_conservative_reversed[True-longitude],call,10.72,123.62
before,8,test_attrs_dataset_conservative,tests/test_regrid.py::test_attrs_dataset_conservative,call,10.7,123.62
before,8,test_attrs_dataarray_conservative,tests/test_regrid.py::test_attrs_dataarray_conservative,call,10.7,123.62
before,8,test_conservative_original[False],tests/test_regrid.py::TestCoordOrder::test_conservative_original[False],call,10.69,123.62
before,8,test_conservative_reversed[False-latitude],tests/test_regrid.py::TestCoordOrder::test_conservative_reversed[False-latitude],call,10.69,123.62
before,8,test_conservative_original[True],tests/test_regrid.py::TestCoordOrder::test_conservative_original[True],call,10.64,123.62
before,8,test_reversed[False-cubic-longitude],tests/test_regrid.py::TestCoordOrder::test_reversed[False-cubic-longitude],call,4.27,123.62
before,8,test_reversed[False-cubic-latitude],tests/test_regrid.py::TestCoordOrder::test_reversed[False-cubic-latitude],call,4.2,123.62
before,8,test_reversed[True-cubic-longitude],tests/test_regrid.py::TestCoordOrder::test_reversed[True-cubic-longitude],call,4.2,123.62
before,8,test_original[True-cubic],tests/test_regrid.py::TestCoordOrder::test_original[True-cubic],call,4.19,123.62
before,8,test_original[False-cubic],tests/test_regrid.py::TestCoordOrder::test_original[False-cubic],call,4.18,123.62
before,8,test_reversed[True-cubic-latitude],tests/test_regrid.py::TestCoordOrder::test_reversed[True-cubic-latitude],call,4.18,123.62
before,8,test_attrs_dataarray[cubic],tests/test_regrid.py::test_attrs_dataarray[cubic],call,4.15,123.62
before,8,test_attrs_dataset[cubic],tests/test_regrid.py::test_attrs_dataset[cubic],call,4.15,123.62
before,8,test_conservative_nans,tests/test_regrid.py::test_conservative_nans,call,0.62,123.62
before,8,test_conservative_regridder,tests/test_regrid.py::test_conservative_regridder,call,0.57,123.62
before,8,test_basic_regridders_ds[linear-cdo_file0],tests/test_regrid.py::test_basic_regridders_ds[linear-cdo_file0],call,0.17,123.62
before,8,test_reversed[True-linear-longitude],tests/test_regrid.py::TestCoordOrder::test_reversed[True-linear-longitude],call,0.13,123.62
before,8,test_reversed[False-linear-longitude],tests/test_regrid.py::TestCoordOrder::test_reversed[False-linear-longitude],call,0.13,123.62
before,8,test_basic_regridders_ds[linear-cdo_file0],tests/test_regrid.py::test_basic_regridders_ds[linear-cdo_file0],setup,0.12,123.62
before,8,test_attrs_dataarray[linear],tests/test_regrid.py::test_attrs_dataarray[linear],call,0.11,123.62
before,8,test_reversed[True-nearest-longitude],tests/test_regrid.py::TestCoordOrder::test_reversed[True-nearest-longitude],call,0.11,123.62
before,8,test_attrs_dataset[linear],tests/test_regrid.py::test_attrs_dataset[linear],call,0.11,123.62
before,8,test_reversed[False-nearest-longitude],tests/test_regrid.py::TestCoordOrder::test_reversed[False-nearest-longitude],call,0.11,123.62
before,8,test_reversed[False-linear-latitude],tests/test_regrid.py::TestCoordOrder::test_reversed[False-linear-latitude],call,0.11,123.62
before,8,test_reversed[True-linear-latitude],tests/test_regrid.py::TestCoordOrder::test_reversed[True-linear-latitude],call,0.11,123.62
before,8,test_basic_regridders_da[linear-cdo_file0],tests/test_regrid.py::test_basic_regridders_da[linear-cdo_file0],call,0.11,123.62
before,8,test_basic_regridders_da[nearest-cdo_file1],tests/test_regrid.py::test_basic_regridders_da[nearest-cdo_file1],call,0.1,123.62
before,8,test_reversed[False-nearest-latitude],tests/test_regrid.py::TestCoordOrder::test_reversed[False-nearest-latitude],call,0.1,123.62
before,8,test_reversed[True-nearest-latitude],tests/test_regrid.py::TestCoordOrder::test_reversed[True-nearest-latitude],call,0.09,123.62
before,8,test_basic_regridders_ds[nearest-cdo_file1],tests/test_regrid.py::test_basic_regridders_ds[nearest-cdo_file1],call,0.09,123.62
before,8,test_original[True-linear],tests/test_regrid.py::TestCoordOrder::test_original[True-linear],call,0.09,123.62
before,8,test_original[False-linear],tests/test_regrid.py::TestCoordOrder::test_original[False-linear],call,0.09,123.62
before,8,test_conservative_regridder,tests/test_regrid.py::test_conservative_regridder,setup,0.09,123.62
before,8,test_original[True-nearest],tests/test_regrid.py::TestCoordOrder::test_original[True-nearest],call,0.07,123.62
before,8,test_original[False-nearest],tests/test_regrid.py::TestCoordOrder::test_original[False-nearest],call,0.07,123.62
before,8,test_attrs_dataarray[nearest],tests/test_regrid.py::test_attrs_dataarray[nearest],call,0.07,123.62
before,8,test_attrs_dataset[nearest],tests/test_regrid.py::test_attrs_dataset[nearest],call,0.07,123.62
before,8,test_conservative_nan_aggregation_over_dims,tests/test_regrid.py::test_conservative_nan_aggregation_over_dims,call,0.02,123.62
before,8,test_conservative_nan_thresholds_against_coarsen[0],tests/test_regrid.py::test_conservative_nan_thresholds_against_coarsen[0],call,0.02,123.62
before,8,test_conservative_nan_thresholds_against_coarsen[1],tests/test_regrid.py::test_conservative_nan_thresholds_against_coarsen[1],call,0.02,123.62
before,8,test_conservative_reversed[True-latitude],tests/test_regrid.py::TestCoordOrder::test_conservative_reversed[True-latitude],setup,0.02,123.62
before,8,test_conservative_reversed[False-latitude],tests/test_regrid.py::TestCoordOrder::test_conservative_reversed[False-latitude],setup,0.02,123.62
before,8,test_original[True-linear],tests/test_regrid.py::TestCoordOrder::test_original[True-linear],setup,0.02,123.62
before,8,test_attrs_dataarray[linear],tests/test_regrid.py::test_attrs_dataarray[linear],setup,0.02,123.62
before,8,test_conservative_nans,tests/test_regrid.py::test_conservative_nans,setup,0.02,123.62
before,8,test_conservative_original[False],tests/test_regrid.py::TestCoordOrder::test_conservative_original[False],setup,0.02,123.62
before,8,test_conservative_reversed[True-longitude],tests/test_regrid.py::TestCoordOrder::test_conservative_reversed[True-longitude],setup,0.02,123.62
before,8,test_conservative_reversed[False-longitude],tests/test_regrid.py::TestCoordOrder::test_conservative_reversed[False-longitude],setup,0.02,123.62
before,8,test_attrs_dataset[linear],tests/test_regrid.py::test_attrs_dataset[linear],setup,0.02,123.62
before,8,test_attrs_dataarray_conservative,tests/test_regrid.py::test_attrs_dataarray_conservative,setup,0.02,123.62
before,8,test_attrs_dataset_conservative,tests/test_regrid.py::test_attrs_dataset_conservative,setup,0.02,123.62
before,8,test_reversed[False-linear-latitude],tests/test_regrid.py::TestCoordOrder::test_reversed[False-linear-latitude],setup,0.02,123.62
before,8,test_conservative_original[True],tests/test_regrid.py::TestCoordOrder::test_conservative_original[True],setup,0.02,123.62
before,8,test_original[False-linear],tests/test_regrid.py::TestCoordOrder::test_original[False-linear],setup,0.02,123.62
before,8,test_reversed[True-cubic-longitude],tests/test_regrid.py::TestCoordOrder::test_reversed[True-cubic-longitude],setup,0.02,123.62
before,8,test_reversed[False-nearest-longitude],tests/test_regrid.py::TestCoordOrder::test_reversed[False-nearest-longitude],setup,0.02,123.62
before,8,test_reversed[False-cubic-longitude],tests/test_regrid.py::TestCoordOrder::test_reversed[False-cubic-longitude],setup,0.02,123.62
before,8,test_original[False-cubic],tests/test_regrid.py::TestCoordOrder::test_original[False-cubic],setup,0.02,123.62
before,8,test_attrs_dataset[nearest],tests/test_regrid.py::test_attrs_dataset[nearest],setup,0.02,123.62
before,8,test_reversed[False-cubic-latitude],tests/test_regrid.py::TestCoordOrder::test_reversed[False-cubic-latitude],setup,0.02,123.62
before,8,test_basic_regridders_da[linear-cdo_file0],tests/test_regrid.py::test_basic_regridders_da[linear-cdo_file0],setup,0.02,123.62
before,8,test_original[True-nearest],tests/test_regrid.py::TestCoordOrder::test_original[True-nearest],setup,0.01,123.62
before,8,test_reversed[True-linear-latitude],tests/test_regrid.py::TestCoordOrder::test_reversed[True-linear-latitude],setup,0.01,123.62
before,8,test_reversed[False-linear-longitude],tests/test_regrid.py::TestCoordOrder::test_reversed[False-linear-longitude],setup,0.01,123.62
before,8,test_attrs_dataarray[nearest],tests/test_regrid.py::test_attrs_dataarray[nearest],setup,0.01,123.62
before,8,test_attrs_dataset[cubic],tests/test_regrid.py::test_attrs_dataset[cubic],setup,0.01,123.62
before,8,test_reversed[True-nearest-longitude],tests/test_regrid.py::TestCoordOrder::test_reversed[True-nearest-longitude],setup,0.01,123.62
before,8,test_original[True-cubic],tests/test_regrid.py::TestCoordOrder::test_original[True-cubic],setup,0.01,123.62
before,8,test_basic_regridders_da[nearest-cdo_file1],tests/test_regrid.py::test_basic_regridders_da[nearest-cdo_file1],setup,0.01,123.62
before,8,test_attrs_dataarray[cubic],tests/test_regrid.py::test_attrs_dataarray[cubic],setup,0.01,123.62
before,8,test_reversed[True-cubic-latitude],tests/test_regrid.py::TestCoordOrder::test_reversed[True-cubic-latitude],setup,0.01,123.62
before,8,test_reversed[False-nearest-latitude],tests/test_regrid.py::TestCoordOrder::test_reversed[False-nearest-latitude],setup,0.01,123.62
before,8,test_reversed[True-linear-longitude],tests/test_regrid.py::TestCoordOrder::test_reversed[True-linear-longitude],setup,0.01,123.62
before,8,test_basic_regridders_ds[nearest-cdo_file1],tests/test_regrid.py::test_basic_regridders_ds[nearest-cdo_file1],setup,0.01,123.62
before,8,test_reversed[True-nearest-latitude],tests/test_regrid.py::TestCoordOrder::test_reversed[True-nearest-latitude],setup,0.01,123.62
before,8,test_original[False-nearest],tests/test_regrid.py::TestCoordOrder::test_original[False-nearest],setup,0.01,123.62
before,9,test_attrs_dataset_conservative,tests/test_regrid.py::test_attrs_dataset_conservative,call,10.75,123.68
before,9,test_conservative_original[False],tests/test_regrid.py::TestCoordOrder::test_conservative_original[False],call,10.75,123.68
before,9,test_conservative_reversed[True-latitude],tests/test_regrid.py::TestCoordOrder::test_conservative_reversed[True-latitude],call,10.73,123.68
before,9,test_conservative_reversed[False-longitude],tests/test_regrid.py::TestCoordOrder::test_conservative_reversed[False-longitude],call,10.72,123.68
before,9,test_conservative_reversed[False-latitude],tests/test_regrid.py::TestCoordOrder::test_conservative_reversed[False-latitude],call,10.71,123.68
before,9,test_conservative_reversed[True-longitude],tests/test_regrid.py::TestCoordOrder::test_conservative_reversed[True-longitude],call,10.71,123.68
before,9,test_attrs_dataarray_conservative,tests/test_regrid.py::test_attrs_dataarray_conservative,call,10.67,123.68
before,9,test_conservative_original[True],tests/test_regrid.py::TestCoordOrder::test_conservative_original[True],call,10.66,123.68
before,9,test_reversed[False-cubic-longitude],tests/test_regrid.py::TestCoordOrder::test_reversed[False-cubic-longitude],call,4.28,123.68
before,9,test_reversed[True-cubic-longitude],tests/test_regrid.py::TestCoordOrder::test_reversed[True-cubic-longitude],call,4.22,123.68
before,9,test_reversed[False-cubic-latitude],tests/test_regrid.py::TestCoordOrder::test_reversed[False-cubic-latitude],call,4.21,123.68
before,9,test_original[True-cubic],tests/test_regrid.py::TestCoordOrder::test_original[True-cubic],call,4.17,123.68
before,9,test_attrs_dataset[cubic],tests/test_regrid.py::test_attrs_dataset[cubic],call,4.17,123.68
before,9,test_reversed[True-cubic-latitude],tests/test_regrid.py::TestCoordOrder::test_reversed[True-cubic-latitude],call,4.16,123.68
before,9,test_original[False-cubic],tests/test_regrid.py::TestCoordOrder::test_original[False-cubic],call,4.16,123.68
before,9,test_attrs_dataarray[cubic],tests/test_regrid.py::test_attrs_dataarray[cubic],call,4.12,123.68
before,9,test_conservative_nans,tests/test_regrid.py::test_conservative_nans,call,0.64,123.68
before,9,test_conservative_regridder,tests/test_regrid.py::test_conservative_regridder,call,0.55,123.68
before,9,test_basic_regridders_ds[linear-cdo_file0],tests/test_regrid.py::test_basic_regridders_ds[linear-cdo_file0],call,0.17,123.68
before,9,test_reversed[True-linear-longitude],tests/test_regrid.py::TestCoordOrder::test_reversed[True-linear-longitude],call,0.13,123.68
before,9,test_reversed[False-linear-longitude],tests/test_regrid.py::TestCoordOrder::test_reversed[False-linear-longitude],call,0.13,123.68
before,9,test_basic_regridders_ds[linear-cdo_file0],tests/test_regrid.py::test_basic_regridders_ds[linear-cdo_file0],setup,0.12,123.68
before,9,test_reversed[True-nearest-longitude],tests/test_regrid.py::TestCoordOrder::test_reversed[True-nearest-longitude],call,0.11,123.68
before,9,test_attrs_dataarray[linear],tests/test_regrid.py::test_attrs_dataarray[linear],call,0.11,123.68
before,9,test_reversed[False-nearest-longitude],tests/test_regrid.py::TestCoordOrder::test_reversed[False-nearest-longitude],call,0.11,123.68
before,9,test_attrs_dataset[linear],tests/test_regrid.py::test_attrs_dataset[linear],call,0.11,123.68
before,9,test_reversed[False-linear-latitude],tests/test_regrid.py::TestCoordOrder::test_reversed[False-linear-latitude],call,0.11,123.68
before,9,test_reversed[True-linear-latitude],tests/test_regrid.py::TestCoordOrder::test_reversed[True-linear-latitude],call,0.11,123.68
before,9,test_basic_regridders_da[linear-cdo_file0],tests/test_regrid.py::test_basic_regridders_da[linear-cdo_file0],call,0.11,123.68
before,9,test_basic_regridders_da[nearest-cdo_file1],tests/test_regrid.py::test_basic_regridders_da[nearest-cdo_file1],call,0.1,123.68
before,9,test_reversed[False-nearest-latitude],tests/test_regrid.py::TestCoordOrder::test_reversed[False-nearest-latitude],call,0.1,123.68
before,9,test_basic_regridders_ds[nearest-cdo_file1],tests/test_regrid.py::test_basic_regridders_ds[nearest-cdo_file1],call,0.09,123.68
before,9,test_reversed[True-nearest-latitude],tests/test_regrid.py::TestCoordOrder::test_reversed[True-nearest-latitude],call,0.09,123.68
before,9,test_original[True-linear],tests/test_regrid.py::TestCoordOrder::test_original[True-linear],call,0.09,123.68
before,9,test_original[False-linear],tests/test_regrid.py::TestCoordOrder::test_original[False-linear],call,0.09,123.68
before,9,test_conservative_regridder,tests/test_regrid.py::test_conservative_regridder,setup,0.09,123.68
before,9,test_original[True-nearest],tests/test_regrid.py::TestCoordOrder::test_original[True-nearest],call,0.07,123.68
before,9,test_original[False-nearest],tests/test_regrid.py::TestCoordOrder::test_original[False-nearest],call,0.07,123.68
before,9,test_attrs_dataarray[nearest],tests/test_regrid.py::test_attrs_dataarray[nearest],call,0.07,123.68
before,9,test_attrs_dataset[nearest],tests/test_regrid.py::test_attrs_dataset[nearest],call,0.07,123.68
before,9,test_conservative_nan_aggregation_over_dims,tests/test_regrid.py::test_conservative_nan_aggregation_over_dims,call,0.02,123.68
before,9,test_conservative_nan_thresholds_against_coarsen[0],tests/test_regrid.py::test_conservative_nan_thresholds_against_coarsen[0],call,0.02,123.68
before,9,test_conservative_nan_thresholds_against_coarsen[1],tests/test_regrid.py::test_conservative_nan_thresholds_against_coarsen[1],call,0.02,123.68
before,9,test_conservative_reversed[True-latitude],tests/test_regrid.py::TestCoordOrder::test_conservative_reversed[True-latitude],setup,0.02,123.68
before,9,test_conservative_reversed[False-latitude],tests/test_regrid.py::TestCoordOrder::test_conservative_reversed[False-latitude],setup,0.02,123.68
before,9,test_original[True-linear],tests/test_regrid.py::TestCoordOrder::test_original[True-linear],setup,0.02,123.68
before,9,test_conservative_original[False],tests/test_regrid.py::TestCoordOrder::test_conservative_original[False],setup,0.02,123.68
before,9,test_conservative_reversed[False-longitude],tests/test_regrid.py::TestCoordOrder::test_conservative_reversed[False-longitude],setup,0.02,123.68
before,9,test_conservative_reversed[True-longitude],tests/test_regrid.py::TestCoordOrder::test_conservative_reversed[True-longitude],setup,0.02,123.68
before,9,test_attrs_dataset[linear],tests/test_regrid.py::test_attrs_dataset[linear],setup,0.02,123.68
before,9,test_attrs_dataarray[linear],tests/test_regrid.py::test_attrs_dataarray[linear],setup,0.02,123.68
before,9,test_conservative_nans,tests/test_regrid.py::test_conservative_nans,setup,0.02,123.68
before,9,test_attrs_dataarray_conservative,tests/test_regrid.py::test_attrs_dataarray_conservative,setup,0.02,123.68
before,9,test_conservative_original[True],tests/test_regrid.py::TestCoordOrder::test_conservative_original[True],setup,0.02,123.68
before,9,test_reversed[True-linear-latitude],tests/test_regrid.py::TestCoordOrder::test_reversed[True-linear-latitude],setup,0.02,123.68
before,9,test_reversed[False-cubic-longitude],tests/test_regrid.py::TestCoordOrder::test_reversed[False-cubic-longitude],setup,0.02,123.68
before,9,test_original[False-cubic],tests/test_regrid.py::TestCoordOrder::test_original[False-cubic],setup,0.02,123.68
before,9,test_reversed[True-cubic-longitude],tests/test_regrid.py::TestCoordOrder::test_reversed[True-cubic-longitude],setup,0.02,123.68
before,9,test_reversed[False-cubic-latitude],tests/test_regrid.py::TestCoordOrder::test_reversed[False-cubic-latitude],setup,0.02,123.68
before,9,test_reversed[False-nearest-longitude],tests/test_regrid.py::TestCoordOrder::test_reversed[False-nearest-longitude],setup,0.02,123.68
before,9,test_reversed[False-linear-longitude],tests/test_regrid.py::TestCoordOrder::test_reversed[False-linear-longitude],setup,0.02,123.68
before,9,test_attrs_dataset[nearest],tests/test_regrid.py::test_attrs_dataset[nearest],setup,0.02,123.68
before,9,test_basic_regridders_da[linear-cdo_file0],tests/test_regrid.py::test_basic_regridders_da[linear-cdo_file0],setup,0.02,123.68
before,9,test_attrs_dataarray[nearest],tests/test_regrid.py::test_attrs_dataarray[nearest],setup,0.02,123.68
before,9,test_original[True-nearest],tests/test_regrid.py::TestCoordOrder::test_original[True-nearest],setup,0.01,123.68
before,9,test_reversed[False-linear-latitude],tests/test_regrid.py::TestCoordOrder::test_reversed[False-linear-latitude],setup,0.01,123.68
before,9,test_original[False-linear],tests/test_regrid.py::TestCoordOrder::test_original[False-linear],setup,0.01,123.68
before,9,test_attrs_dataset_conservative,tests/test_regrid.py::test_attrs_dataset_conservative,setup,0.01,123.68
before,9,test_reversed[True-nearest-longitude],tests/test_regrid.py::TestCoordOrder::test_reversed[True-nearest-longitude],setup,0.01,123.68
before,9,test_reversed[True-cubic-latitude],tests/test_regrid.py::TestCoordOrder::test_reversed[True-cubic-latitude],setup,0.01,123.68
before,9,test_basic_regridders_da[nearest-cdo_file1],tests/test_regrid.py::test_basic_regridders_da[nearest-cdo_file1],setup,0.01,123.68
before,9,test_attrs_dataset[cubic],tests/test_regrid.py::test_attrs_dataset[cubic],setup,0.01,123.68
before,9,test_attrs_dataarray[cubic],tests/test_regrid.py::test_attrs_dataarray[cubic],setup,0.01,123.68
before,9,test_original[True-cubic],tests/test_regrid.py::TestCoordOrder::test_original[True-cubic],setup,0.01,123.68
before,9,test_basic_regridders_ds[nearest-cdo_file1],tests/test_regrid.py::test_basic_regridders_ds[nearest-cdo_file1],setup,0.01,123.68
before,9,test_reversed[True-linear-longitude],tests/test_regrid.py::TestCoordOrder::test_reversed[True-linear-longitude],setup,0.01,123.68
before,9,test_reversed[False-nearest-latitude],tests/test_regrid.py::TestCoordOrder::test_reversed[False-nearest-latitude],setup,0.01,123.68
before,9,test_reversed[True-nearest-latitude],tests/test_regrid.py::TestCoordOrder::test_reversed[True-nearest-latitude],setup,0.01,123.68
before,9,test_original[False-nearest],tests/test_regrid.py::TestCoordOrder::test_original[False-nearest],setup,0.01,123.68
before,10,test_conservative_reversed[True-latitude],tests/test_regrid.py::TestCoordOrder::test_conservative_reversed[True-latitude],call,10.76,124.74
before,10,test_attrs_dataset_conservative,tests/test_regrid.py::test_attrs_dataset_conservative,call,10.74,124.74
before,10,test_conservative_reversed[True-longitude],tests/test_regrid.py::TestCoordOrder::test_conservative_reversed[True-longitude],call,10.72,124.74
before,10,test_attrs_dataarray_conservative,tests/test_regrid.py::test_attrs_dataarray_conservative,call,10.71,124.74
before,10,test_conservative_reversed[False-longitude],tests/test_regrid.py::TestCoordOrder::test_conservative_reversed[False-longitude],call,10.71,124.74
before,10,test_conservative_reversed[False-latitude],tests/test_regrid.py::TestCoordOrder::test_conservative_reversed[False-latitude],call,10.69,124.74
before,10,test_conservative_original[True],tests/test_regrid.py::TestCoordOrder::test_conservative_original[True],call,10.67,124.74
before,10,test_conservative_original[False],tests/test_regrid.py::TestCoordOrder::test_conservative_original[False],call,10.65,124.74
before,10,test_reversed[True-cubic-latitude],tests/test_regrid.py::TestCoordOrder::test_reversed[True-cubic-latitude],call,4.31,124.74
before,10,test_reversed[False-cubic-longitude],tests/test_regrid.py::TestCoordOrder::test_reversed[False-cubic-longitude],call,4.26,124.74
before,10,test_original[True-cubic],tests/test_regrid.py::TestCoordOrder::test_original[True-cubic],call,4.25,124.74
before,10,test_attrs_dataset[cubic],tests/test_regrid.py::test_attrs_dataset[cubic],call,4.24,124.74
before,10,test_reversed[True-cubic-longitude],tests/test_regrid.py::TestCoordOrder::test_reversed[True-cubic-longitude],call,4.23,124.74
before,10,test_original[False-cubic],tests/test_regrid.py::TestCoordOrder::test_original[False-cubic],call,4.22,124.74
before,10,test_attrs_dataarray[cubic],tests/test_regrid.py::test_attrs_dataarray[cubic],call,4.21,124.74
before,10,test_reversed[False-cubic-latitude],tests/test_regrid.py::TestCoordOrder::test_reversed[False-cubic-latitude],call,4.2,124.74
before,10,test_conservative_nans,tests/test_regrid.py::test_conservative_nans,call,0.95,124.74
before,10,test_conservative_regridder,tests/test_regrid.py::test_conservative_regridder,call,0.88,124.74
before,10,test_basic_regridders_ds[linear-cdo_file0],tests/test_regrid.py::test_basic_regridders_ds[linear-cdo_file0],call,0.17,124.74
before,10,test_reversed[True-linear-longitude],tests/test_regrid.py::TestCoordOrder::test_reversed[True-linear-longitude],call,0.13,124.74
before,10,test_reversed[False-linear-longitude],tests/test_regrid.py::TestCoordOrder::test_reversed[False-linear-longitude],call,0.13,124.74
before,10,test_basic_regridders_ds[linear-cdo_file0],tests/test_regrid.py::test_basic_regridders_ds[linear-cdo_file0],setup,0.12,124.74
before,10,test_attrs_dataarray[linear],tests/test_regrid.py::test_attrs_dataarray[linear],call,0.11,124.74
before,10,test_reversed[True-nearest-longitude],tests/test_regrid.py::TestCoordOrder::test_reversed[True-nearest-longitude],call,0.11,124.74
before,10,test_attrs_dataset[linear],tests/test_regrid.py::test_attrs_dataset[linear],call,0.11,124.74
before,10,test_reversed[True-linear-latitude],tests/test_regrid.py::TestCoordOrder::test_reversed[True-linear-latitude],call,0.11,124.74
before,10,test_reversed[False-linear-latitude],tests/test_regrid.py::TestCoordOrder::test_reversed[False-linear-latitude],call,0.11,124.74
before,10,test_reversed[False-nearest-longitude],tests/test_regrid.py::TestCoordOrder::test_reversed[False-nearest-longitude],call,0.11,124.74
before,10,test_basic_regridders_da[linear-cdo_file0],tests/test_regrid.py::test_basic_regridders_da[linear-cdo_file0],call,0.11,124.74
before,10,test_basic_regridders_da[nearest-cdo_file1],tests/test_regrid.py::test_basic_regridders_da[nearest-cdo_file1],call,0.1,124.74
before,10,test_basic_regridders_ds[nearest-cdo_file1],tests/test_regrid.py::test_basic_regridders_ds[nearest-cdo_file1],call,0.1,124.74
before,10,test_reversed[False-nearest-latitude],tests/test_regrid.py::TestCoordOrder::test_reversed[False-nearest-latitude],call,0.09,124.74
before,10,test_reversed[True-nearest-latitude],tests/test_regrid.py::TestCoordOrder::test_reversed[True-nearest-latitude],call,0.09,124.74
before,10,test_original[False-linear],tests/test_regrid.py::TestCoordOrder::test_original[False-linear],call,0.09,124.74
before,10,test_original[True-linear],tests/test_regrid.py::TestCoordOrder::test_original[True-linear],call,0.09,124.74
before,10,test_conservative_regridder,tests/test_regrid.py::test_conservative_regridder,setup,0.09,124.74
before,10,test_original[True-nearest],tests/test_regrid.py::TestCoordOrder::test_original[True-nearest],call,0.07,124.74
before,10,test_original[False-nearest],tests/test_regrid.py::TestCoordOrder::test_original[False-nearest],call,0.07,124.74
before,10,test_attrs_dataarray[nearest],tests/test_regrid.py::test_attrs_dataarray[nearest],call,0.07,124.74
before,10,test_attrs_dataset[nearest],tests/test_regrid.py::test_attrs_dataset[nearest],call,0.07,124.74
before,10,test_conservative_nan_aggregation_over_dims,tests/test_regrid.py::test_conservative_nan_aggregation_over_dims,call,0.02,124.74
before,10,test_conservative_nan_thresholds_against_coarsen[0],tests/test_regrid.py::test_conservative_nan_thresholds_against_coarsen[0],call,0.02,124.74
before,10,test_original[True-linear],tests/test_regrid.py::TestCoordOrder::test_original[True-linear],setup,0.02,124.74
before,10,test_conservative_nan_thresholds_against_coarsen[1],tests/test_regrid.py::test_conservative_nan_thresholds_against_coarsen[1],call,0.02,124.74
before,10,test_attrs_dataarray[linear],tests/test_regrid.py::test_attrs_dataarray[linear],setup,0.02,124.74
before,10,test_conservative_reversed[True-latitude],tests/test_regrid.py::TestCoordOrder::test_conservative_reversed[True-latitude],setup,0.02,124.74
before,10,test_conservative_nans,tests/test_regrid.py::test_conservative_nans,setup,0.02,124.74
before,10,test_conservative_reversed[False-latitude],tests/test_regrid.py::TestCoordOrder::test_conservative_reversed[False-latitude],setup,0.02,124.74
before,10,test_attrs_dataset[linear],tests/test_regrid.py::test_attrs_dataset[linear],setup,0.02,124.74
before,10,test_conservative_reversed[True-longitude],tests/test_regrid.py::TestCoordOrder::test_conservative_reversed[True-longitude],setup,0.02,124.74
before,10,test_conservative_original[False],tests/test_regrid.py::TestCoordOrder::test_conservative_original[False],setup,0.02,124.74
before,10,test_reversed[False-cubic-longitude],tests/test_regrid.py::TestCoordOrder::test_reversed[False-cubic-longitude],setup,0.02,124.74
before,10,test_conservative_reversed[False-longitude],tests/test_regrid.py::TestCoordOrder::test_conservative_reversed[False-longitude],setup,0.02,124.74
before,10,test_reversed[True-linear-latitude],tests/test_regrid.py::TestCoordOrder::test_reversed[True-linear-latitude],setup,0.02,124.74
before,10,test_attrs_dataarray_conservative,tests/test_regrid.py::test_attrs_dataarray_conservative,setup,0.02,124.74
before,10,test_original[False-linear],tests/test_regrid.py::TestCoordOrder::test_original[False-linear],setup,0.02,124.74
before,10,test_reversed[True-cubic-longitude],tests/test_regrid.py::TestCoordOrder::test_reversed[True-cubic-longitude],setup,0.02,124.74
before,10,test_attrs_dataset_conservative,tests/test_regrid.py::test_attrs_dataset_conservative,setup,0.02,124.74
before,10,test_reversed[False-linear-longitude],tests/test_regrid.py::TestCoordOrder::test_reversed[False-linear-longitude],setup,0.02,124.74
before,10,test_original[True-cubic],tests/test_regrid.py::TestCoordOrder::test_original[True-cubic],setup,0.02,124.74
before,10,test_reversed[False-nearest-longitude],tests/test_regrid.py::TestCoordOrder::test_reversed[False-nearest-longitude],setup,0.02,124.74
before,10,test_original[False-cubic],tests/test_regrid.py::TestCoordOrder::test_original[False-cubic],setup,0.02,124.74
before,10,test_reversed[False-cubic-latitude],tests/test_regrid.py::TestCoordOrder::test_reversed[False-cubic-latitude],setup,0.02,124.74
before,10,test_attrs_dataarray[nearest],tests/test_regrid.py::test_attrs_dataarray[nearest],setup,0.02,124.74
before,10,test_reversed[False-linear-latitude],tests/test_regrid.py::TestCoordOrder::test_reversed[False-linear-latitude],setup,0.02,124.74
before,10,test_basic_regridders_da[linear-cdo_file0],tests/test_regrid.py::test_basic_regridders_da[linear-cdo_file0],setup,0.01,124.74
before,10,test_original[True-nearest],tests/test_regrid.py::TestCoordOrder::test_original[True-nearest],setup,0.01,124.74
before,10,test_conservative_original[True],tests/test_regrid.py::TestCoordOrder::test_conservative_original[True],setup,0.01,124.74
before,10,test_attrs_dataset[nearest],tests/test_regrid.py::test_attrs_dataset[nearest],setup,0.01,124.74
before,10,test_reversed[True-nearest-longitude],tests/test_regrid.py::TestCoordOrder::test_reversed[True-nearest-longitude],setup,0.01,124.74
before,10,test_attrs_dataarray[cubic],tests/test_regrid.py::test_attrs_dataarray[cubic],setup,0.01,124.74
before,10,test_basic_regridders_da[nearest-cdo_file1],tests/test_regrid.py::test_basic_regridders_da[nearest-cdo_file1],setup,0.01,124.74
before,10,test_attrs_dataset[cubic],tests/test_regrid.py::test_attrs_dataset[cubic],setup,0.01,124.74
before,10,test_original[False-nearest],tests/test_regrid.py::TestCoordOrder::test_original[False-nearest],setup,0.01,124.74
before,10,test_basic_regridders_ds[nearest-cdo_file1],tests/test_regrid.py::test_basic_regridders_ds[nearest-cdo_file1],setup,0.01,124.74
before,10,test_reversed[True-linear-longitude],tests/test_regrid.py::TestCoordOrder::test_reversed[True-linear-longitude],setup,0.01,124.74
before,10,test_reversed[True-cubic-latitude],tests/test_regrid.py::TestCoordOrder::test_reversed[True-cubic-latitude],setup,0.01,124.74
before,10,test_reversed[True-nearest-latitude],tests/test_regrid.py::TestCoordOrder::test_reversed[True-nearest-latitude],setup,0.01,124.74
before,10,test_reversed[False-nearest-latitude],tests/test_regrid.py::TestCoordOrder::test_reversed[False-nearest-latitude],setup,0.01,124.74
before,11,test_conservative_reversed[True-latitude],tests/test_regrid.py::TestCoordOrder::test_conservative_reversed[True-latitude],call,10.74,123.55
before,11,test_conservative_reversed[False-longitude],tests/test_regrid.py::TestCoordOrder::test_conservative_reversed[False-longitude],call,10.72,123.55
before,11,test_conservative_reversed[True-longitude],tests/test_regrid.py::TestCoordOrder::test_conservative_reversed[True-longitude],call,10.71,123.55
before,11,test_conservative_reversed[False-latitude],tests/test_regrid.py::TestCoordOrder::test_conservative_reversed[False-latitude],call,10.7,123.55
before,11,test_conservative_original[False],tests/test_regrid.py::TestCoordOrder::test_conservative_original[False],call,10.69,123.55
before,11,test_conservative_original[True],tests/test_regrid.py::TestCoordOrder::test_conservative_original[True],call,10.68,123.55
before,11,test_attrs_dataarray_conservative,tests/test_regrid.py::test_attrs_dataarray_conservative,call,10.68,123.55
before,11,test_attrs_dataset_conservative,tests/test_regrid.py::test_attrs_dataset_conservative,call,10.67,123.55
before,11,test_reversed[False-cubic-longitude],tests/test_regrid.py::TestCoordOrder::test_reversed[False-cubic-longitude],call,4.27,123.55
before,11,test_reversed[True-cubic-longitude],tests/test_regrid.py::TestCoordOrder::test_reversed[True-cubic-longitude],call,4.23,123.55
before,11,test_reversed[False-cubic-latitude],tests/test_regrid.py::TestCoordOrder::test_reversed[False-cubic-latitude],call,4.23,123.55
before,11,test_reversed[True-cubic-latitude],tests/test_regrid.py::TestCoordOrder::test_reversed[True-cubic-latitude],call,4.17,123.55
before,11,test_attrs_dataset[cubic],tests/test_regrid.py::test_attrs_dataset[cubic],call,4.14,123.55
before,11,test_original[False-cubic],tests/test_regrid.py::TestCoordOrder::test_original[False-cubic],call,4.13,123.55
before,11,test_original[True-cubic],tests/test_regrid.py::TestCoordOrder::test_original[True-cubic],call,4.12,123.55
before,11,test_attrs_dataarray[cubic],tests/test_regrid.py::test_attrs_dataarray[cubic],call,4.12,123.55
before,11,test_conservative_nans,tests/test_regrid.py::test_conservative_nans,call,0.68,123.55
before,11,test_conservative_regridder,tests/test_regrid.py::test_conservative_regridder,call,0.56,123.55
before,11,test_basic_regridders_ds[linear-cdo_file0],tests/test_regrid.py::test_basic_regridders_ds[linear-cdo_file0],call,0.17,123.55
before,11,test_reversed[True-linear-longitude],tests/test_regrid.py::TestCoordOrder::test_reversed[True-linear-longitude],call,0.13,123.55
before,11,test_reversed[False-linear-longitude],tests/test_regrid.py::TestCoordOrder::test_reversed[False-linear-longitude],call,0.13,123.55
before,11,test_basic_regridders_ds[linear-cdo_file0],tests/test_regrid.py::test_basic_regridders_ds[linear-cdo_file0],setup,0.12,123.55
before,11,test_attrs_dataarray[linear],tests/test_regrid.py::test_attrs_dataarray[linear],call,0.11,123.55
before,11,test_attrs_dataset[linear],tests/test_regrid.py::test_attrs_dataset[linear],call,0.11,123.55
before,11,test_reversed[False-nearest-longitude],tests/test_regrid.py::TestCoordOrder::test_reversed[False-nearest-longitude],call,0.11,123.55
before,11,test_reversed[True-linear-latitude],tests/test_regrid.py::TestCoordOrder::test_reversed[True-linear-latitude],call,0.11,123.55
before,11,test_basic_regridders_da[linear-cdo_file0],tests/test_regrid.py::test_basic_regridders_da[linear-cdo_file0],call,0.11,123.55
before,11,test_reversed[True-nearest-longitude],tests/test_regrid.py::TestCoordOrder::test_reversed[True-nearest-longitude],call,0.11,123.55
before,11,test_reversed[False-linear-latitude],tests/test_regrid.py::TestCoordOrder::test_reversed[False-linear-latitude],call,0.11,123.55
before,11,test_basic_regridders_ds[nearest-cdo_file1],tests/test_regrid.py::test_basic_regridders_ds[nearest-cdo_file1],call,0.1,123.55
before,11,test_basic_regridders_da[nearest-cdo_file1],tests/test_regrid.py::test_basic_regridders_da[nearest-cdo_file1],call,0.1,123.55
before,11,test_original[True-linear],tests/test_regrid.py::TestCoordOrder::test_original[True-linear],call,0.09,123.55
before,11,test_reversed[False-nearest-latitude],tests/test_regrid.py::TestCoordOrder::test_reversed[False-nearest-latitude],call,0.09,123.55
before,11,test_reversed[True-nearest-latitude],tests/test_regrid.py::TestCoordOrder::test_reversed[True-nearest-latitude],call,0.09,123.55
before,11,test_original[False-linear],tests/test_regrid.py::TestCoordOrder::test_original[False-linear],call,0.09,123.55
before,11,test_conservative_regridder,tests/test_regrid.py::test_conservative_regridder,setup,0.09,123.55
before,11,test_original[True-nearest],tests/test_regrid.py::TestCoordOrder::test_original[True-nearest],call,0.07,123.55
before,11,test_original[False-nearest],tests/test_regrid.py::TestCoordOrder::test_original[False-nearest],call,0.07,123.55
before,11,test_attrs_dataarray[nearest],tests/test_regrid.py::test_attrs_dataarray[nearest],call,0.07,123.55
before,11,test_attrs_dataset[nearest],tests/test_regrid.py::test_attrs_dataset[nearest],call,0.07,123.55
before,11,test_conservative_nan_aggregation_over_dims,tests/test_regrid.py::test_conservative_nan_aggregation_over_dims,call,0.02,123.55
before,11,test_conservative_nan_thresholds_against_coarsen[0],tests/test_regrid.py::test_conservative_nan_thresholds_against_coarsen[0],call,0.02,123.55
before,11,test_conservative_nan_thresholds_against_coarsen[1],tests/test_regrid.py::test_conservative_nan_thresholds_against_coarsen[1],call,0.02,123.55
before,11,test_original[True-linear],tests/test_regrid.py::TestCoordOrder::test_original[True-linear],setup,0.02,123.55
before,11,test_conservative_reversed[True-latitude],tests/test_regrid.py::TestCoordOrder::test_conservative_reversed[True-latitude],setup,0.02,123.55
before,11,test_conservative_reversed[False-latitude],tests/test_regrid.py::TestCoordOrder::test_conservative_reversed[False-latitude],setup,0.02,123.55
before,11,test_conservative_original[False],tests/test_regrid.py::TestCoordOrder::test_conservative_original[False],setup,0.02,123.55
before,11,test_conservative_reversed[False-longitude],tests/test_regrid.py::TestCoordOrder::test_conservative_reversed[False-longitude],setup,0.02,123.55
before,11,test_attrs_dataset[linear],tests/test_regrid.py::test_attrs_dataset[linear],setup,0.02,123.55
before,11,test_conservative_reversed[True-longitude],tests/test_regrid.py::TestCoordOrder::test_conservative_reversed[True-longitude],setup,0.02,123.55
before,11,test_attrs_dataarray_conservative,tests/test_regrid.py::test_attrs_dataarray_conservative,setup,0.02,123.55
before,11,test_conservative_nans,tests/test_regrid.py::test_conservative_nans,setup,0.02,123.55
before,11,test_attrs_dataarray[linear],tests/test_regrid.py::test_attrs_dataarray[linear],setup,0.02,123.55
before,11,test_original[False-linear],tests/test_regrid.py::TestCoordOrder::test_original[False-linear],setup,0.02,123.55
before,11,test_reversed[False-cubic-longitude],tests/test_regrid.py::TestCoordOrder::test_reversed[False-cubic-longitude],setup,0.02,123.55
before,11,test_reversed[True-cubic-longitude],tests/test_regrid.py::TestCoordOrder::test_reversed[True-cubic-longitude],setup,0.02,123.55
before,11,test_conservative_original[True],tests/test_regrid.py::TestCoordOrder::test_conservative_original[True],setup,0.02,123.55
before,11,test_original[False-cubic],tests/test_regrid.py::TestCoordOrder::test_original[False-cubic],setup,0.02,123.55
before,11,test_reversed[False-nearest-longitude],tests/test_regrid.py::TestCoordOrder::test_reversed[False-nearest-longitude],setup,0.02,123.55
before,11,test_reversed[False-cubic-latitude],tests/test_regrid.py::TestCoordOrder::test_reversed[False-cubic-latitude],setup,0.02,123.55
before,11,test_original[True-nearest],tests/test_regrid.py::TestCoordOrder::test_original[True-nearest],setup,0.02,123.55
before,11,test_reversed[False-linear-latitude],tests/test_regrid.py::TestCoordOrder::test_reversed[False-linear-latitude],setup,0.02,123.55
before,11,test_attrs_dataset_conservative,tests/test_regrid.py::test_attrs_dataset_conservative,setup,0.01,123.55
before,11,test_basic_regridders_da[linear-cdo_file0],tests/test_regrid.py::test_basic_regridders_da[linear-cdo_file0],setup,0.01,123.55
before,11,test_attrs_dataarray[nearest],tests/test_regrid.py::test_attrs_dataarray[nearest],setup,0.01,123.55
before,11,test_reversed[True-linear-latitude],tests/test_regrid.py::TestCoordOrder::test_reversed[True-linear-latitude],setup,0.01,123.55
before,11,test_attrs_dataarray[cubic],tests/test_regrid.py::test_attrs_dataarray[cubic],setup,0.01,123.55
before,11,test_original[True-cubic],tests/test_regrid.py::TestCoordOrder::test_original[True-cubic],setup,0.01,123.55
before,11,test_reversed[True-cubic-latitude],tests/test_regrid.py::TestCoordOrder::test_reversed[True-cubic-latitude],setup,0.01,123.55
before,11,test_reversed[False-linear-longitude],tests/test_regrid.py::TestCoordOrder::test_reversed[False-linear-longitude],setup,0.01,123.55
before,11,test_reversed[True-nearest-longitude],tests/test_regrid.py::TestCoordOrder::test_reversed[True-nearest-longitude],setup,0.01,123.55
before,11,test_attrs_dataset[nearest],tests/test_regrid.py::test_attrs_dataset[nearest],setup,0.01,123.55
before,11,test_basic_regridders_ds[nearest-cdo_file1],tests/test_regrid.py::test_basic_regridders_ds[nearest-cdo_file1],setup,0.01,123.55
before,11,test_basic_regridders_da[nearest-cdo_file1],tests/test_regrid.py::test_basic_regridders_da[nearest-cdo_file1],setup,0.01,123.55
before,11,test_original[False-nearest],tests/test_regrid.py::TestCoordOrder::test_original[False-nearest],setup,0.01,123.55
before,11,test_attrs_dataset[cubic],tests/test_regrid.py::test_attrs_dataset[cubic],setup,0.01,123.55
before,11,test_reversed[True-linear-longitude],tests/test_regrid.py::TestCoordOrder::test_reversed[True-linear-longitude],setup,0.01,123.55
before,11,test_reversed[True-nearest-latitude],tests/test_regrid.py::TestCoordOrder::test_reversed[True-nearest-latitude],setup,0.01,123.55
before,11,test_reversed[False-nearest-latitude],tests/test_regrid.py::TestCoordOrder::test_reversed[False-nearest-latitude],setup,0.01,123.55
before,12,test_conservative_reversed[False-longitude],tests/test_regrid.py::TestCoordOrder::test_conservative_reversed[False-longitude],call,10.81,123.72
before,12,test_conservative_reversed[True-longitude],tests/test_regrid.py::TestCoordOrder::test_conservative_reversed[True-longitude],call,10.73,123.72
before,12,test_conservative_reversed[True-latitude],tests/test_regrid.py::TestCoordOrder::test_conservative_reversed[True-latitude],call,10.71,123.72
before,12,test_conservative_reversed[False-latitude],tests/test_regrid.py::TestCoordOrder::test_conservative_reversed[False-latitude],call,10.71,123.72
before,12,test_conservative_original[True],tests/test_regrid.py::TestCoordOrder::test_conservative_original[True],call,10.7,123.72
before,12,test_attrs_dataset_conservative,tests/test_regrid.py::test_attrs_dataset_conservative,call,10.69,123.72
before,12,test_conservative_original[False],tests/test_regrid.py::TestCoordOrder::test_conservative_original[False],call,10.68,123.72
before,12,test_attrs_dataarray_conservative,tests/test_regrid.py::test_attrs_dataarray_conservative,call,10.68,123.72
before,12,test_reversed[False-cubic-longitude],tests/test_regrid.py::TestCoordOrder::test_reversed[False-cubic-longitude],call,4.25,123.72
before,12,test_reversed[True-cubic-latitude],tests/test_regrid.py::TestCoordOrder::test_reversed[True-cubic-latitude],call,4.21,123.72
before,12,test_attrs_dataarray[cubic],tests/test_regrid.py::test_attrs_dataarray[cubic],call,4.18,123.72
before,12,test_attrs_dataset[cubic],tests/test_regrid.py::test_attrs_dataset[cubic],call,4.18,123.72
before,12,test_original[False-cubic],tests/test_regrid.py::TestCoordOrder::test_original[False-cubic],call,4.17,123.72
before,12,test_reversed[False-cubic-latitude],tests/test_regrid.py::TestCoordOrder::test_reversed[False-cubic-latitude],call,4.16,123.72
before,12,test_original[True-cubic],tests/test_regrid.py::TestCoordOrder::test_original[True-cubic],call,4.16,123.72
before,12,test_reversed[True-cubic-longitude],tests/test_regrid.py::TestCoordOrder::test_reversed[True-cubic-longitude],call,4.15,123.72
before,12,test_conservative_nans,tests/test_regrid.py::test_conservative_nans,call,0.62,123.72
before,12,test_conservative_regridder,tests/test_regrid.py::test_conservative_regridder,call,0.56,123.72
before,12,test_basic_regridders_ds[linear-cdo_file0],tests/test_regrid.py::test_basic_regridders_ds[linear-cdo_file0],call,0.17,123.72
before,12,test_reversed[True-linear-longitude],tests/test_regrid.py::TestCoordOrder::test_reversed[True-linear-longitude],call,0.14,123.72
before,12,test_reversed[False-linear-longitude],tests/test_regrid.py::TestCoordOrder::test_reversed[False-linear-longitude],call,0.14,123.72
before,12,test_reversed[False-nearest-longitude],tests/test_regrid.py::TestCoordOrder::test_reversed[False-nearest-longitude],call,0.12,123.72
before,12,test_basic_regridders_da[linear-cdo_file0],tests/test_regrid.py::test_basic_regridders_da[linear-cdo_file0],call,0.12,123.72
before,12,test_basic_regridders_ds[linear-cdo_file0],tests/test_regrid.py::test_basic_regridders_ds[linear-cdo_file0],setup,0.12,123.72
before,12,test_attrs_dataarray[linear],tests/test_regrid.py::test_attrs_dataarray[linear],call,0.12,123.72
before,12,test_reversed[True-nearest-longitude],tests/test_regrid.py::TestCoordOrder::test_reversed[True-nearest-longitude],call,0.11,123.72
before,12,test_reversed[False-linear-latitude],tests/test_regrid.py::TestCoordOrder::test_reversed[False-linear-latitude],call,0.11,123.72
before,12,test_reversed[True-linear-latitude],tests/test_regrid.py::TestCoordOrder::test_reversed[True-linear-latitude],call,0.11,123.72
before,12,test_attrs_dataset[linear],tests/test_regrid.py::test_attrs_dataset[linear],call,0.11,123.72
before,12,test_basic_regridders_da[nearest-cdo_file1],tests/test_regrid.py::test_basic_regridders_da[nearest-cdo_file1],call,0.1,123.72
before,12,test_basic_regridders_ds[nearest-cdo_file1],tests/test_regrid.py::test_basic_regridders_ds[nearest-cdo_file1],call,0.1,123.72
before,12,test_reversed[False-nearest-latitude],tests/test_regrid.py::TestCoordOrder::test_reversed[False-nearest-latitude],call,0.1,123.72
before,12,test_reversed[True-nearest-latitude],tests/test_regrid.py::TestCoordOrder::test_reversed[True-nearest-latitude],call,0.1,123.72
before,12,test_conservative_regridder,tests/test_regrid.py::test_conservative_regridder,setup,0.09,123.72
before,12,test_original[False-linear],tests/test_regrid.py::TestCoordOrder::test_original[False-linear],call,0.09,123.72
before,12,test_original[True-linear],tests/test_regrid.py::TestCoordOrder::test_original[True-linear],call,0.09,123.72
before,12,test_original[True-nearest],tests/test_regrid.py::TestCoordOrder::test_original[True-nearest],call,0.08,123.72
before,12,test_original[False-nearest],tests/test_regrid.py::TestCoordOrder::test_original[False-nearest],call,0.08,123.72
before,12,test_attrs_dataset[nearest],tests/test_regrid.py::test_attrs_dataset[nearest],call,0.07,123.72
before,12,test_attrs_dataarray[nearest],tests/test_regrid.py::test_attrs_dataarray[nearest],call,0.07,123.72
before,12,test_conservative_nan_aggregation_over_dims,tests/test_regrid.py::test_conservative_nan_aggregation_over_dims,call,0.02,123.72
before,12,test_conservative_nan_thresholds_against_coarsen[0],tests/test_regrid.py::test_conservative_nan_thresholds_against_coarsen[0],call,0.02,123.72
before,12,test_original[True-linear],tests/test_regrid.py::TestCoordOrder::test_original[True-linear],setup,0.02,123.72
before,12,test_conservative_nan_thresholds_against_coarsen[1],tests/test_regrid.py::test_conservative_nan_thresholds_against_coarsen[1],call,0.02,123.72
before,12,test_conservative_reversed[True-latitude],tests/test_regrid.py::TestCoordOrder::test_conservative_reversed[True-latitude],setup,0.02,123.72
before,12,test_conservative_nans,tests/test_regrid.py::test_conservative_nans,setup,0.02,123.72
before,12,test_attrs_dataset[linear],tests/test_regrid.py::test_attrs_dataset[linear],setup,0.02,123.72
before,12,test_conservative_original[False],tests/test_regrid.py::TestCoordOrder::test_conservative_original[False],setup,0.02,123.72
before,12,test_conservative_reversed[True-longitude],tests/test_regrid.py::TestCoordOrder::test_conservative_reversed[True-longitude],setup,0.02,123.72
before,12,test_conservative_reversed[False-longitude],tests/test_regrid.py::TestCoordOrder::test_conservative_reversed[False-longitude],setup,0.02,123.72
before,12,test_conservative_reversed[False-latitude],tests/test_regrid.py::TestCoordOrder::test_conservative_reversed[False-latitude],setup,0.02,123.72
before,12,test_attrs_dataarray[linear],tests/test_regrid.py::test_attrs_dataarray[linear],setup,0.02,123.72
before,12,test_reversed[False-nearest-longitude],tests/test_regrid.py::TestCoordOrder::test_reversed[False-nearest-longitude],setup,0.02,123.72
before,12,test_attrs_dataset_conservative,tests/test_regrid.py::test_attrs_dataset_conservative,setup,0.02,123.72
before,12,test_reversed[False-linear-latitude],tests/test_regrid.py::TestCoordOrder::test_reversed[False-linear-latitude],setup,0.02,123.72
before,12,test_reversed[True-cubic-longitude],tests/test_regrid.py::TestCoordOrder::test_reversed[True-cubic-longitude],setup,0.02,123.72
before,12,test_conservative_original[True],tests/test_regrid.py::TestCoordOrder::test_conservative_original[True],setup,0.02,123.72
before,12,test_reversed[False-cubic-longitude],tests/test_regrid.py::TestCoordOrder::test_reversed[False-cubic-longitude],setup,0.02,123.72
before,12,test_original[False-cubic],tests/test_regrid.py::TestCoordOrder::test_original[False-cubic],setup,0.02,123.72
before,12,test_original[True-cubic],tests/test_regrid.py::TestCoordOrder::test_original[True-cubic],setup,0.02,123.72
before,12,test_basic_regridders_da[linear-cdo_file0],tests/test_regrid.py::test_basic_regridders_da[linear-cdo_file0],setup,0.02,123.72
before,12,test_reversed[False-cubic-latitude],tests/test_regrid.py::TestCoordOrder::test_reversed[False-cubic-latitude],setup,0.02,123.72
before,12,test_attrs_dataset[nearest],tests/test_regrid.py::test_attrs_dataset[nearest],setup,0.02,123.72
before,12,test_original[True-nearest],tests/test_regrid.py::TestCoordOrder::test_original[True-nearest],setup,0.02,123.72
before,12,test_attrs_dataarray[nearest],tests/test_regrid.py::test_attrs_dataarray[nearest],setup,0.02,123.72
before,12,test_reversed[True-linear-latitude],tests/test_regrid.py::TestCoordOrder::test_reversed[True-linear-latitude],setup,0.01,123.72
before,12,test_reversed[False-linear-longitude],tests/test_regrid.py::TestCoordOrder::test_reversed[False-linear-longitude],setup,0.01,123.72
before,12,test_original[False-linear],tests/test_regrid.py::TestCoordOrder::test_original[False-linear],setup,0.01,123.72
before,12,test_attrs_dataset[cubic],tests/test_regrid.py::test_attrs_dataset[cubic],setup,0.01,123.72
before,12,test_attrs_dataarray_conservative,tests/test_regrid.py::test_attrs_dataarray_conservative,setup,0.01,123.72
before,12,test_attrs_dataarray[cubic],tests/test_regrid.py::test_attrs_dataarray[cubic],setup,0.01,123.72
before,12,test_reversed[True-nearest-longitude],tests/test_regrid.py::TestCoordOrder::test_reversed[True-nearest-longitude],setup,0.01,123.72
before,12,test_reversed[False-nearest-latitude],tests/test_regrid.py::TestCoordOrder::test_reversed[False-nearest-latitude],setup,0.01,123.72
before,12,test_basic_regridders_da[nearest-cdo_file1],tests/test_regrid.py::test_basic_regridders_da[nearest-cdo_file1],setup,0.01,123.72
before,12,test_reversed[True-cubic-latitude],tests/test_regrid.py::TestCoordOrder::test_reversed[True-cubic-latitude],setup,0.01,123.72
before,12,test_reversed[True-linear-longitude],tests/test_regrid.py::TestCoordOrder::test_reversed[True-linear-longitude],setup,0.01,123.72
before,12,test_reversed[True-nearest-latitude],tests/test_regrid.py::TestCoordOrder::test_reversed[True-nearest-latitude],setup,0.01,123.72
before,12,test_basic_regridders_ds[nearest-cdo_file1],tests/test_regrid.py::test_basic_regridders_ds[nearest-cdo_file1],setup,0.01,123.72
before,12,test_original[False-nearest],tests/test_regrid.py::TestCoordOrder::test_original[False-nearest],setup,0.01,123.72
before,13,test_conservative_reversed[True-latitude],tests/test_regrid.py::TestCoordOrder::test_conservative_reversed[True-latitude],call,10.81,122.37
before,13,test_conservative_reversed[True-longitude],tests/test_regrid.py::TestCoordOrder::test_conservative_reversed[True-longitude],call,10.73,122.37
before,13,test_conservative_original[True],tests/test_regrid.py::TestCoordOrder::test_conservative_original[True],call,10.72,122.37
before,13,test_conservative_reversed[False-latitude],tests/test_regrid.py::TestCoordOrder::test_conservative_reversed[False-latitude],call,10.72,122.37
before,13,test_conservative_reversed[False-longitude],tests/test_regrid.py::TestCoordOrder::test_conservative_reversed[False-longitude],call,10.72,122.37
before,13,test_conservative_original[False],tests/test_regrid.py::TestCoordOrder::test_conservative_original[False],call,10.72,122.37
before,13,test_attrs_dataarray_conservative,tests/test_regrid.py::test_attrs_dataarray_conservative,call,10.7,122.37
before,13,test_attrs_dataset_conservative,tests/test_regrid.py::test_attrs_dataset_conservative,call,10.68,122.37
before,13,test_reversed[False-cubic-longitude],tests/test_regrid.py::TestCoordOrder::test_reversed[False-cubic-longitude],call,4.07,122.37
before,13,test_reversed[True-cubic-longitude],tests/test_regrid.py::TestCoordOrder::test_reversed[True-cubic-longitude],call,4.03,122.37
before,13,test_reversed[False-cubic-latitude],tests/test_regrid.py::TestCoordOrder::test_reversed[False-cubic-latitude],call,4.02,122.37
before,13,test_reversed[True-cubic-latitude],tests/test_regrid.py::TestCoordOrder::test_reversed[True-cubic-latitude],call,4.0,122.37
before,13,test_original[False-cubic],tests/test_regrid.py::TestCoordOrder::test_original[False-cubic],call,4.0,122.37
before,13,test_attrs_dataset[cubic],tests/test_regrid.py::test_attrs_dataset[cubic],call,3.96,122.37
before,13,test_original[True-cubic],tests/test_regrid.py::TestCoordOrder::test_original[True-cubic],call,3.96,122.37
before,13,test_attrs_dataarray[cubic],tests/test_regrid.py::test_attrs_dataarray[cubic],call,3.94,122.37
before,13,test_conservative_nans,tests/test_regrid.py::test_conservative_nans,call,0.63,122.37
before,13,test_conservative_regridder,tests/test_regrid.py::test_conservative_regridder,call,0.56,122.37
before,13,test_basic_regridders_ds[linear-cdo_file0],tests/test_regrid.py::test_basic_regridders_ds[linear-cdo_file0],call,0.17,122.37
before,13,test_reversed[True-linear-longitude],tests/test_regrid.py::TestCoordOrder::test_reversed[True-linear-longitude],call,0.14,122.37
before,13,test_reversed[False-linear-longitude],tests/test_regrid.py::TestCoordOrder::test_reversed[False-linear-longitude],call,0.14,122.37
before,13,test_basic_regridders_da[linear-cdo_file0],tests/test_regrid.py::test_basic_regridders_da[linear-cdo_file0],call,0.12,122.37
before,13,test_basic_regridders_ds[linear-cdo_file0],tests/test_regrid.py::test_basic_regridders_ds[linear-cdo_file0],setup,0.12,122.37
before,13,test_attrs_dataarray[linear],tests/test_regrid.py::test_attrs_dataarray[linear],call,0.12,122.37
before,13,test_reversed[False-nearest-longitude],tests/test_regrid.py::TestCoordOrder::test_reversed[False-nearest-longitude],call,0.11,122.37
before,13,test_reversed[True-linear-latitude],tests/test_regrid.py::TestCoordOrder::test_reversed[True-linear-latitude],call,0.11,122.37
before,13,test_reversed[True-nearest-longitude],tests/test_regrid.py::TestCoordOrder::test_reversed[True-nearest-longitude],call,0.11,122.37
before,13,test_reversed[False-linear-latitude],tests/test_regrid.py::TestCoordOrder::test_reversed[False-linear-latitude],call,0.11,122.37
before,13,test_attrs_dataset[linear],tests/test_regrid.py::test_attrs_dataset[linear],call,0.11,122.37
before,13,test_basic_regridders_ds[nearest-cdo_file1],tests/test_regrid.py::test_basic_regridders_ds[nearest-cdo_file1],call,0.1,122.37
before,13,test_basic_regridders_da[nearest-cdo_file1],tests/test_regrid.py::test_basic_regridders_da[nearest-cdo_file1],call,0.1,122.37
before,13,test_reversed[False-nearest-latitude],tests/test_regrid.py::TestCoordOrder::test_reversed[False-nearest-latitude],call,0.1,122.37
before,13,test_reversed[True-nearest-latitude],tests/test_regrid.py::TestCoordOrder::test_reversed[True-nearest-latitude],call,0.1,122.37
before,13,test_conservative_regridder,tests/test_regrid.py::test_conservative_regridder,setup,0.09,122.37
before,13,test_original[False-linear],tests/test_regrid.py::TestCoordOrder::test_original[False-linear],call,0.09,122.37
before,13,test_original[True-linear],tests/test_regrid.py::TestCoordOrder::test_original[True-linear],call,0.09,122.37
before,13,test_original[False-nearest],tests/test_regrid.py::TestCoordOrder::test_original[False-nearest],call,0.08,122.37
before,13,test_attrs_dataarray[nearest],tests/test_regrid.py::test_attrs_dataarray[nearest],call,0.08,122.37
before,13,test_original[True-nearest],tests/test_regrid.py::TestCoordOrder::test_original[True-nearest],call,0.08,122.37
before,13,test_attrs_dataset[nearest],tests/test_regrid.py::test_attrs_dataset[nearest],call,0.07,122.37
before,13,test_conservative_nan_aggregation_over_dims,tests/test_regrid.py::test_conservative_nan_aggregation_over_dims,call,0.02,122.37
before,13,test_conservative_nan_thresholds_against_coarsen[0],tests/test_regrid.py::test_conservative_nan_thresholds_against_coarsen[0],call,0.02,122.37
before,13,test_conservative_nan_thresholds_against_coarsen[1],tests/test_regrid.py::test_conservative_nan_thresholds_against_coarsen[1],call,0.02,122.37
before,13,test_conservative_reversed[True-latitude],tests/test_regrid.py::TestCoordOrder::test_conservative_reversed[True-latitude],setup,0.02,122.37
before,13,test_conservative_reversed[False-latitude],tests/test_regrid.py::TestCoordOrder::test_conservative_reversed[False-latitude],setup,0.02,122.37
before,13,test_original[True-linear],tests/test_regrid.py::TestCoordOrder::test_original[True-linear],setup,0.02,122.37
before,13,test_conservative_reversed[False-longitude],tests/test_regrid.py::TestCoordOrder::test_conservative_reversed[False-longitude],setup,0.02,122.37
before,13,test_conservative_original[False],tests/test_regrid.py::TestCoordOrder::test_conservative_original[False],setup,0.02,122.37
before,13,test_conservative_reversed[True-longitude],tests/test_regrid.py::TestCoordOrder::test_conservative_reversed[True-longitude],setup,0.02,122.37
before,13,test_conservative_nans,tests/test_regrid.py::test_conservative_nans,setup,0.02,122.37
before,13,test_attrs_dataset[linear],tests/test_regrid.py::test_attrs_dataset[linear],setup,0.02,122.37
before,13,test_attrs_dataarray[linear],tests/test_regrid.py::test_attrs_dataarray[linear],setup,0.02,122.37
before,13,test_reversed[True-cubic-longitude],tests/test_regrid.py::TestCoordOrder::test_reversed[True-cubic-longitude],setup,0.02,122.37
before,13,test_attrs_dataset_conservative,tests/test_regrid.py::test_attrs_dataset_conservative,setup,0.02,122.37
before,13,test_reversed[True-linear-latitude],tests/test_regrid.py::TestCoordOrder::test_reversed[True-linear-latitude],setup,0.02,122.37
before,13,test_attrs_dataarray_conservative,tests/test_regrid.py::test_attrs_dataarray_conservative,setup,0.02,122.37
before,13,test_reversed[False-cubic-longitude],tests/test_regrid.py::TestCoordOrder::test_reversed[False-cubic-longitude],setup,0.02,122.37
before,13,test_reversed[False-nearest-longitude],tests/test_regrid.py::TestCoordOrder::test_reversed[False-nearest-longitude],setup,0.02,122.37
before,13,test_conservative_original[True],tests/test_regrid.py::TestCoordOrder::test_conservative_original[True],setup,0.02,122.37
before,13,test_original[False-cubic],tests/test_regrid.py::TestCoordOrder::test_original[False-cubic],setup,0.02,122.37
before,13,test_basic_regridders_da[linear-cdo_file0],tests/test_regrid.py::test_basic_regridders_da[linear-cdo_file0],setup,0.02,122.37
before,13,test_attrs_dataset[nearest],tests/test_regrid.py::test_attrs_dataset[nearest],setup,0.02,122.37
before,13,test_reversed[False-cubic-latitude],tests/test_regrid.py::TestCoordOrder::test_reversed[False-cubic-latitude],setup,0.02,122.37
before,13,test_original[True-nearest],tests/test_regrid.py::TestCoordOrder::test_original[True-nearest],setup,0.02,122.37
before,13,test_attrs_dataarray[nearest],tests/test_regrid.py::test_attrs_dataarray[nearest],setup,0.02,122.37
before,13,test_attrs_dataset[cubic],tests/test_regrid.py::test_attrs_dataset[cubic],setup,0.02,122.37
before,13,test_reversed[False-linear-longitude],tests/test_regrid.py::TestCoordOrder::test_reversed[False-linear-longitude],setup,0.01,122.37
before,13,test_reversed[False-linear-latitude],tests/test_regrid.py::TestCoordOrder::test_reversed[False-linear-latitude],setup,0.01,122.37
before,13,test_original[False-linear],tests/test_regrid.py::TestCoordOrder::test_original[False-linear],setup,0.01,122.37
before,13,test_reversed[True-nearest-longitude],tests/test_regrid.py::TestCoordOrder::test_reversed[True-nearest-longitude],setup,0.01,122.37
before,13,test_attrs_dataarray[cubic],tests/test_regrid.py::test_attrs_dataarray[cubic],setup,0.01,122.37
before,13,test_original[True-cubic],tests/test_regrid.py::TestCoordOrder::test_original[True-cubic],setup,0.01,122.37
before,13,test_original[False-nearest],tests/test_regrid.py::TestCoordOrder::test_original[False-nearest],setup,0.01,122.37
before,13,test_reversed[True-cubic-latitude],tests/test_regrid.py::TestCoordOrder::test_reversed[True-cubic-latitude],setup,0.01,122.37
before,13,test_reversed[False-nearest-latitude],tests/test_regrid.py::TestCoordOrder::test_reversed[False-nearest-latitude],setup,0.01,122.37
before,13,test_basic_regridders_da[nearest-cdo_file1],tests/test_regrid.py::test_basic_regridders_da[nearest-cdo_file1],setup,0.01,122.37
before,13,test_basic_regridders_ds[nearest-cdo_file1],tests/test_regrid.py::test_basic_regridders_ds[nearest-cdo_file1],setup,0.01,122.37
before,13,test_reversed[True-linear-longitude],tests/test_regrid.py::TestCoordOrder::test_reversed[True-linear-longitude],setup,0.01,122.37
before,13,test_reversed[True-nearest-latitude],tests/test_regrid.py::TestCoordOrder::test_reversed[True-nearest-latitude],setup,0.01,122.37
before,14,test_conservative_reversed[True-latitude],tests/test_regrid.py::TestCoordOrder::test_conservative_reversed[True-latitude],call,10.78,123.64
before,14,test_conservative_reversed[False-longitude],tests/test_regrid.py::TestCoordOrder::test_conservative_reversed[False-longitude],call,10.76,123.64
before,14,test_conservative_reversed[True-longitude],tests/test_regrid.py::TestCoordOrder::test_conservative_reversed[True-longitude],call,10.76,123.64
before,14,test_conservative_reversed[False-latitude],tests/test_regrid.py::TestCoordOrder::test_conservative_reversed[False-latitude],call,10.7,123.64
before,14,test_attrs_dataset_conservative,tests/test_regrid.py::test_attrs_dataset_conservative,call,10.69,123.64
before,14,test_conservative_original[False],tests/test_regrid.py::TestCoordOrder::test_conservative_original[False],call,10.67,123.64
before,14,test_conservative_original[True],tests/test_regrid.py::TestCoordOrder::test_conservative_original[True],call,10.66,123.64
before,14,test_attrs_dataarray_conservative,tests/test_regrid.py::test_attrs_dataarray_conservative,call,10.64,123.64
before,14,test_reversed[False-cubic-longitude],tests/test_regrid.py::TestCoordOrder::test_reversed[False-cubic-longitude],call,4.28,123.64
before,14,test_reversed[False-cubic-latitude],tests/test_regrid.py::TestCoordOrder::test_reversed[False-cubic-latitude],call,4.22,123.64
before,14,test_reversed[True-cubic-longitude],tests/test_regrid.py::TestCoordOrder::test_reversed[True-cubic-longitude],call,4.19,123.64
before,14,test_reversed[True-cubic-latitude],tests/test_regrid.py::TestCoordOrder::test_reversed[True-cubic-latitude],call,4.16,123.64
before,14,test_attrs_dataset[cubic],tests/test_regrid.py::test_attrs_dataset[cubic],call,4.15,123.64
before,14,test_original[False-cubic],tests/test_regrid.py::TestCoordOrder::test_original[False-cubic],call,4.15,123.64
before,14,test_attrs_dataarray[cubic],tests/test_regrid.py::test_attrs_dataarray[cubic],call,4.13,123.64
before,14,test_original[True-cubic],tests/test_regrid.py::TestCoordOrder::test_original[True-cubic],call,4.13,123.64
before,14,test_conservative_regridder,tests/test_regrid.py::test_conservative_regridder,call,0.63,123.64
before,14,test_conservative_nans,tests/test_regrid.py::test_conservative_nans,call,0.62,123.64
before,14,test_basic_regridders_ds[linear-cdo_file0],tests/test_regrid.py::test_basic_regridders_ds[linear-cdo_file0],call,0.17,123.64
before,14,test_reversed[True-linear-longitude],tests/test_regrid.py::TestCoordOrder::test_reversed[True-linear-longitude],call,0.13,123.64
before,14,test_reversed[False-linear-longitude],tests/test_regrid.py::TestCoordOrder::test_reversed[False-linear-longitude],call,0.13,123.64
before,14,test_basic_regridders_ds[linear-cdo_file0],tests/test_regrid.py::test_basic_regridders_ds[linear-cdo_file0],setup,0.12,123.64
before,14,test_reversed[False-nearest-longitude],tests/test_regrid.py::TestCoordOrder::test_reversed[False-nearest-longitude],call,0.11,123.64
before,14,test_attrs_dataarray[linear],tests/test_regrid.py::test_attrs_dataarray[linear],call,0.11,123.64
before,14,test_attrs_dataset[linear],tests/test_regrid.py::test_attrs_dataset[linear],call,0.11,123.64
before,14,test_reversed[True-linear-latitude],tests/test_regrid.py::TestCoordOrder::test_reversed[True-linear-latitude],call,0.11,123.64
before,14,test_basic_regridders_da[linear-cdo_file0],tests/test_regrid.py::test_basic_regridders_da[linear-cdo_file0],call,0.11,123.64
before,14,test_reversed[True-nearest-longitude],tests/test_regrid.py::TestCoordOrder::test_reversed[True-nearest-longitude],call,0.11,123.64
before,14,test_reversed[False-linear-latitude],tests/test_regrid.py::TestCoordOrder::test_reversed[False-linear-latitude],call,0.11,123.64
before,14,test_basic_regridders_da[nearest-cdo_file1],tests/test_regrid.py::test_basic_regridders_da[nearest-cdo_file1],call,0.1,123.64
before,14,test_basic_regridders_ds[nearest-cdo_file1],tests/test_regrid.py::test_basic_regridders_ds[nearest-cdo_file1],call,0.1,123.64
before,14,test_reversed[False-nearest-latitude],tests/test_regrid.py::TestCoordOrder::test_reversed[False-nearest-latitude],call,0.09,123.64
before,14,test_reversed[True-nearest-latitude],tests/test_regrid.py::TestCoordOrder::test_reversed[True-nearest-latitude],call,0.09,123.64
before,14,test_original[False-linear],tests/test_regrid.py::TestCoordOrder::test_original[False-linear],call,0.09,123.64
before,14,test_original[True-linear],tests/test_regrid.py::TestCoordOrder::test_original[True-linear],call,0.09,123.64
before,14,test_conservative_regridder,tests/test_regrid.py::test_conservative_regridder,setup,0.09,123.64
before,14,test_original[False-nearest],tests/test_regrid.py::TestCoordOrder::test_original[False-nearest],call,0.08,123.64
before,14,test_original[True-nearest],tests/test_regrid.py::TestCoordOrder::test_original[True-nearest],call,0.07,123.64
before,14,test_attrs_dataset[nearest],tests/test_regrid.py::test_attrs_dataset[nearest],call,0.07,123.64
before,14,test_attrs_dataarray[nearest],tests/test_regrid.py::test_attrs_dataarray[nearest],call,0.07,123.64
before,14,test_conservative_nan_aggregation_over_dims,tests/test_regrid.py::test_conservative_nan_aggregation_over_dims,call,0.02,123.64
before,14,test_conservative_nan_thresholds_against_coarsen[0],tests/test_regrid.py::test_conservative_nan_thresholds_against_coarsen[0],call,0.02,123.64
before,14,test_original[True-linear],tests/test_regrid.py::TestCoordOrder::test_original[True-linear],setup,0.02,123.64
before,14,test_conservative_nan_thresholds_against_coarsen[1],tests/test_regrid.py::test_conservative_nan_thresholds_against_coarsen[1],call,0.02,123.64
before,14,test_conservative_reversed[True-latitude],tests/test_regrid.py::TestCoordOrder::test_conservative_reversed[True-latitude],setup,0.02,123.64
before,14,test_conservative_reversed[False-latitude],tests/test_regrid.py::TestCoordOrder::test_conservative_reversed[False-latitude],setup,0.02,123.64
before,14,test_conservative_reversed[True-longitude],tests/test_regrid.py::TestCoordOrder::test_conservative_reversed[True-longitude],setup,0.02,123.64
before,14,test_attrs_dataset[linear],tests/test_regrid.py::test_attrs_dataset[linear],setup,0.02,123.64
before,14,test_conservative_original[False],tests/test_regrid.py::TestCoordOrder::test_conservative_original[False],setup,0.02,123.64
before,14,test_conservative_reversed[False-longitude],tests/test_regrid.py::TestCoordOrder::test_conservative_reversed[False-longitude],setup,0.02,123.64
before,14,test_attrs_dataarray[linear],tests/test_regrid.py::test_attrs_dataarray[linear],setup,0.02,123.64
before,14,test_conservative_nans,tests/test_regrid.py::test_conservative_nans,setup,0.02,123.64
before,14,test_reversed[True-cubic-longitude],tests/test_regrid.py::TestCoordOrder::test_reversed[True-cubic-longitude],setup,0.02,123.64
before,14,test_original[False-linear],tests/test_regrid.py::TestCoordOrder::test_original[False-linear],setup,0.02,123.64
before,14,test_reversed[True-linear-latitude],tests/test_regrid.py::TestCoordOrder::test_reversed[True-linear-latitude],setup,0.02,123.64
before,14,test_reversed[False-cubic-longitude],tests/test_regrid.py::TestCoordOrder::test_reversed[False-cubic-longitude],setup,0.02,123.64
before,14,test_attrs_dataset_conservative,tests/test_regrid.py::test_attrs_dataset_conservative,setup,0.02,123.64
before,14,test_original[False-cubic],tests/test_regrid.py::TestCoordOrder::test_original[False-cubic],setup,0.02,123.64
before,14,test_reversed[False-nearest-longitude],tests/test_regrid.py::TestCoordOrder::test_reversed[False-nearest-longitude],setup,0.02,123.64
before,14,test_attrs_dataarray_conservative,tests/test_regrid.py::test_attrs_dataarray_conservative,setup,0.02,123.64
before,14,test_conservative_original[True],tests/test_regrid.py::TestCoordOrder::test_conservative_original[True],setup,0.02,123.64
before,14,test_basic_regridders_da[linear-cdo_file0],tests/test_regrid.py::test_basic_regridders_da[linear-cdo_file0],setup,0.02,123.64
before,14,test_original[True-cubic],tests/test_regrid.py::TestCoordOrder::test_original[True-cubic],setup,0.02,123.64
before,14,test_reversed[False-cubic-latitude],tests/test_regrid.py::TestCoordOrder::test_reversed[False-cubic-latitude],setup,0.02,123.64
before,14,test_attrs_dataarray[nearest],tests/test_regrid.py::test_attrs_dataarray[nearest],setup,0.02,123.64
before,14,test_original[True-nearest],tests/test_regrid.py::TestCoordOrder::test_original[True-nearest],setup,0.02,123.64
before,14,test_reversed[False-linear-longitude],tests/test_regrid.py::TestCoordOrder::test_reversed[False-linear-longitude],setup,0.01,123.64
before,14,test_attrs_dataarray[cubic],tests/test_regrid.py::test_attrs_dataarray[cubic],setup,0.01,123.64
before,14,test_reversed[False-linear-latitude],tests/test_regrid.py::TestCoordOrder::test_reversed[False-linear-latitude],setup,0.01,123.64
before,14,test_attrs_dataset[nearest],tests/test_regrid.py::test_attrs_dataset[nearest],setup,0.01,123.64
before,14,test_reversed[True-nearest-longitude],tests/test_regrid.py::TestCoordOrder::test_reversed[True-nearest-longitude],setup,0.01,123.64
before,14,test_basic_regridders_da[nearest-cdo_file1],tests/test_regrid.py::test_basic_regridders_da[nearest-cdo_file1],setup,0.01,123.64
before,14,test_reversed[True-cubic-latitude],tests/test_regrid.py::TestCoordOrder::test_reversed[True-cubic-latitude],setup,0.01,123.64
before,14,test_original[False-nearest],tests/test_regrid.py::TestCoordOrder::test_original[False-nearest],setup,0.01,123.64
before,14,test_reversed[False-nearest-latitude],tests/test_regrid.py::TestCoordOrder::test_reversed[False-nearest-latitude],setup,0.01,123.64
before,14,test_attrs_dataset[cubic],tests/test_regrid.py::test_attrs_dataset[cubic],setup,0.01,123.64
before,14,test_basic_regridders_ds[nearest-cdo_file1],tests/test_regrid.py::test_basic_regridders_ds[nearest-cdo_file1],setup,0.01,123.64
before,14,test_reversed[True-linear-longitude],tests/test_regrid.py::TestCoordOrder::test_reversed[True-linear-longitude],setup,0.01,123.64
before,14,test_reversed[True-nearest-latitude],tests/test_regrid.py::TestCoordOrder::test_reversed[True-nearest-latitude],setup,0.01,123.64
before,15,test_attrs_dataarray_conservative,tests/test_regrid.py::test_attrs_dataarray_conservative,call,10.77,122.3
before,15,test_conservative_reversed[False-longitude],tests/test_regrid.py::TestCoordOrder::test_conservative_reversed[False-longitude],call,10.74,122.3
before,15,test_conservative_reversed[True-latitude],tests/test_regrid.py::TestCoordOrder::test_conservative_reversed[True-latitude],call,10.7,122.3
before,15,test_conservative_reversed[True-longitude],tests/test_regrid.py::TestCoordOrder::test_conservative_reversed[True-longitude],call,10.7,122.3
before,15,test_conservative_reversed[False-latitude],tests/test_regrid.py::TestCoordOrder::test_conservative_reversed[False-latitude],call,10.69,122.3
before,15,test_conservative_original[False],tests/test_regrid.py::TestCoordOrder::test_conservative_original[False],call,10.69,122.3
before,15,test_attrs_dataset_conservative,tests/test_regrid.py::test_attrs_dataset_conservative,call,10.68,122.3
before,15,test_conservative_original[True],tests/test_regrid.py::TestCoordOrder::test_conservative_original[True],call,10.66,122.3
before,15,test_reversed[False-cubic-longitude],tests/test_regrid.py::TestCoordOrder::test_reversed[False-cubic-longitude],call,4.05,122.3
before,15,test_reversed[True-cubic-latitude],tests/test_regrid.py::TestCoordOrder::test_reversed[True-cubic-latitude],call,4.04,122.3
before,15,test_reversed[True-cubic-longitude],tests/test_regrid.py::TestCoordOrder::test_reversed[True-cubic-longitude],call,4.02,122.3
before,15,test_attrs_dataarray[cubic],tests/test_regrid.py::test_attrs_dataarray[cubic],call,4.0,122.3
before,15,test_attrs_dataset[cubic],tests/test_regrid.py::test_attrs_dataset[cubic],call,3.99,122.3
before,15,test_original[False-cubic],tests/test_regrid.py::TestCoordOrder::test_original[False-cubic],call,3.99,122.3
before,15,test_original[True-cubic],tests/test_regrid.py::TestCoordOrder::test_original[True-cubic],call,3.99,122.3
before,15,test_reversed[False-cubic-latitude],tests/test_regrid.py::TestCoordOrder::test_reversed[False-cubic-latitude],call,3.98,122.3
before,15,test_conservative_regridder,tests/test_regrid.py::test_conservative_regridder,call,0.62,122.3
before,15,test_conservative_nans,tests/test_regrid.py::test_conservative_nans,call,0.62,122.3
before,15,test_basic_regridders_ds[linear-cdo_file0],tests/test_regrid.py::test_basic_regridders_ds[linear-cdo_file0],call,0.17,122.3
before,15,test_reversed[False-linear-longitude],tests/test_regrid.py::TestCoordOrder::test_reversed[False-linear-longitude],call,0.14,122.3
before,15,test_reversed[True-linear-longitude],tests/test_regrid.py::TestCoordOrder::test_reversed[True-linear-longitude],call,0.14,122.3
before,15,test_basic_regridders_da[linear-cdo_file0],tests/test_regrid.py::test_basic_regridders_da[linear-cdo_file0],call,0.12,122.3
before,15,test_basic_regridders_ds[linear-cdo_file0],tests/test_regrid.py::test_basic_regridders_ds[linear-cdo_file0],setup,0.12,122.3
before,15,test_reversed[False-nearest-longitude],tests/test_regrid.py::TestCoordOrder::test_reversed[False-nearest-longitude],call,0.12,122.3
before,15,test_attrs_dataarray[linear],tests/test_regrid.py::test_attrs_dataarray[linear],call,0.11,122.3
before,15,test_reversed[True-nearest-longitude],tests/test_regrid.py::TestCoordOrder::test_reversed[True-nearest-longitude],call,0.11,122.3
before,15,test_reversed[False-linear-latitude],tests/test_regrid.py::TestCoordOrder::test_reversed[False-linear-latitude],call,0.11,122.3
before,15,test_attrs_dataset[linear],tests/test_regrid.py::test_attrs_dataset[linear],call,0.11,122.3
before,15,test_reversed[True-linear-latitude],tests/test_regrid.py::TestCoordOrder::test_reversed[True-linear-latitude],call,0.11,122.3
before,15,test_basic_regridders_ds[nearest-cdo_file1],tests/test_regrid.py::test_basic_regridders_ds[nearest-cdo_file1],call,0.11,122.3
before,15,test_basic_regridders_da[nearest-cdo_file1],tests/test_regrid.py::test_basic_regridders_da[nearest-cdo_file1],call,0.1,122.3
before,15,test_reversed[False-nearest-latitude],tests/test_regrid.py::TestCoordOrder::test_reversed[False-nearest-latitude],call,0.1,122.3
before,15,test_reversed[True-nearest-latitude],tests/test_regrid.py::TestCoordOrder::test_reversed[True-nearest-latitude],call,0.1,122.3
before,15,test_conservative_regridder,tests/test_regrid.py::test_conservative_regridder,setup,0.09,122.3
before,15,test_original[False-linear],tests/test_regrid.py::TestCoordOrder::test_original[False-linear],call,0.09,122.3
before,15,test_original[True-linear],tests/test_regrid.py::TestCoordOrder::test_original[True-linear],call,0.09,122.3
before,15,test_original[True-nearest],tests/test_regrid.py::TestCoordOrder::test_original[True-nearest],call,0.08,122.3
before,15,test_original[False-nearest],tests/test_regrid.py::TestCoordOrder::test_original[False-nearest],call,0.07,122.3
before,15,test_attrs_dataarray[nearest],tests/test_regrid.py::test_attrs_dataarray[nearest],call,0.07,122.3
before,15,test_attrs_dataset[nearest],tests/test_regrid.py::test_attrs_dataset[nearest],call,0.07,122.3
before,15,test_conservative_nan_aggregation_over_dims,tests/test_regrid.py::test_conservative_nan_aggregation_over_dims,call,0.02,122.3
before,15,test_conservative_nan_thresholds_against_coarsen[0],tests/test_regrid.py::test_conservative_nan_thresholds_against_coarsen[0],call,0.02,122.3
before,15,test_conservative_nan_thresholds_against_coarsen[1],tests/test_regrid.py::test_conservative_nan_thresholds_against_coarsen[1],call,0.02,122.3
before,15,test_original[True-linear],tests/test_regrid.py::TestCoordOrder::test_original[True-linear],setup,0.02,122.3
before,15,test_conservative_reversed[True-latitude],tests/test_regrid.py::TestCoordOrder::test_conservative_reversed[True-latitude],setup,0.02,122.3
before,15,test_conservative_original[False],tests/test_regrid.py::TestCoordOrder::test_conservative_original[False],setup,0.02,122.3
before,15,test_attrs_dataset[linear],tests/test_regrid.py::test_attrs_dataset[linear],setup,0.02,122.3
before,15,test_conservative_reversed[False-longitude],tests/test_regrid.py::TestCoordOrder::test_conservative_reversed[False-longitude],setup,0.02,122.3
before,15,test_attrs_dataarray[linear],tests/test_regrid.py::test_attrs_dataarray[linear],setup,0.02,122.3
before,15,test_conservative_reversed[False-latitude],tests/test_regrid.py::TestCoordOrder::test_conservative_reversed[False-latitude],setup,0.02,122.3
before,15,test_conservative_reversed[True-longitude],tests/test_regrid.py::TestCoordOrder::test_conservative_reversed[True-longitude],setup,0.02,122.3
before,15,test_conservative_nans,tests/test_regrid.py::test_conservative_nans,setup,0.02,122.3
before,15,test_attrs_dataset_conservative,tests/test_regrid.py::test_attrs_dataset_conservative,setup,0.02,122.3
before,15,test_reversed[False-cubic-longitude],tests/test_regrid.py::TestCoordOrder::test_reversed[False-cubic-longitude],setup,0.02,122.3
before,15,test_original[True-cubic],tests/test_regrid.py::TestCoordOrder::test_original[True-cubic],setup,0.02,122.3
before,15,test_attrs_dataarray[nearest],tests/test_regrid.py::test_attrs_dataarray[nearest],setup,0.02,122.3
before,15,test_reversed[True-cubic-longitude],tests/test_regrid.py::TestCoordOrder::test_reversed[True-cubic-longitude],setup,0.02,122.3
before,15,test_original[False-cubic],tests/test_regrid.py::TestCoordOrder::test_original[False-cubic],setup,0.02,122.3
before,15,test_reversed[False-cubic-latitude],tests/test_regrid.py::TestCoordOrder::test_reversed[False-cubic-latitude],setup,0.02,122.3
before,15,test_basic_regridders_da[linear-cdo_file0],tests/test_regrid.py::test_basic_regridders_da[linear-cdo_file0],setup,0.02,122.3
before,15,test_reversed[False-nearest-longitude],tests/test_regrid.py::TestCoordOrder::test_reversed[False-nearest-longitude],setup,0.02,122.3
before,15,test_original[False-linear],tests/test_regrid.py::TestCoordOrder::test_original[False-linear],setup,0.02,122.3
before,15,test_reversed[False-linear-longitude],tests/test_regrid.py::TestCoordOrder::test_reversed[False-linear-longitude],setup,0.02,122.3
before,15,test_reversed[True-linear-latitude],tests/test_regrid.py::TestCoordOrder::test_reversed[True-linear-latitude],setup,0.02,122.3
before,15,test_reversed[False-linear-latitude],tests/test_regrid.py::TestCoordOrder::test_reversed[False-linear-latitude],setup,0.02,122.3
before,15,test_attrs_dataset[nearest],tests/test_regrid.py::test_attrs_dataset[nearest],setup,0.01,122.3
before,15,test_original[True-nearest],tests/test_regrid.py::TestCoordOrder::test_original[True-nearest],setup,0.01,122.3
before,15,test_attrs_dataarray_conservative,tests/test_regrid.py::test_attrs_dataarray_conservative,setup,0.01,122.3
before,15,test_attrs_dataset[cubic],tests/test_regrid.py::test_attrs_dataset[cubic],setup,0.01,122.3
before,15,test_conservative_original[True],tests/test_regrid.py::TestCoordOrder::test_conservative_original[True],setup,0.01,122.3
before,15,test_reversed[True-nearest-longitude],tests/test_regrid.py::TestCoordOrder::test_reversed[True-nearest-longitude],setup,0.01,122.3
before,15,test_basic_regridders_ds[nearest-cdo_file1],tests/test_regrid.py::test_basic_regridders_ds[nearest-cdo_file1],setup,0.01,122.3
before,15,test_reversed[True-cubic-latitude],tests/test_regrid.py::TestCoordOrder::test_reversed[True-cubic-latitude],setup,0.01,122.3
before,15,test_attrs_dataarray[cubic],tests/test_regrid.py::test_attrs_dataarray[cubic],setup,0.01,122.3
before,15,test_reversed[True-nearest-latitude],tests/test_regrid.py::TestCoordOrder::test_reversed[True-nearest-latitude],setup,0.01,122.3
before,15,test_basic_regridders_da[nearest-cdo_file1],tests/test_regrid.py::test_basic_regridders_da[nearest-cdo_file1],setup,0.01,122.3
before,15,test_reversed[True-linear-longitude],tests/test_regrid.py::TestCoordOrder::test_reversed[True-linear-longitude],setup,0.01,122.3
before,15,test_original[False-nearest],tests/test_regrid.py::TestCoordOrder::test_original[False-nearest],setup,0.01,122.3
before,15,test_reversed[False-nearest-latitude],tests/test_regrid.py::TestCoordOrder::test_reversed[False-nearest-latitude],setup,0.01,122.3
before,16,test_conservative_reversed[True-longitude],tests/test_regrid.py::TestCoordOrder::test_conservative_reversed[True-longitude],call,10.71,124.12
before,16,test_conservative_reversed[True-latitude],tests/test_regrid.py::TestCoordOrder::test_conservative_reversed[True-latitude],call,10.7,124.12
before,16,test_conservative_reversed[False-longitude],tests/test_regrid.py::TestCoordOrder::test_conservative_reversed[False-longitude],call,10.7,124.12
before,16,test_conservative_original[True],tests/test_regrid.py::TestCoordOrder::test_conservative_original[True],call,10.69,124.12
before,16,test_attrs_dataset_conservative,tests/test_regrid.py::test_attrs_dataset_conservative,call,10.68,124.12
before,16,test_conservative_reversed[False-latitude],tests/test_regrid.py::TestCoordOrder::test_conservative_reversed[False-latitude],call,10.67,124.12
before,16,test_conservative_original[False],tests/test_regrid.py::TestCoordOrder::test_conservative_original[False],call,10.67,124.12
before,16,test_attrs_dataarray_conservative,tests/test_regrid.py::test_attrs_dataarray_conservative,call,10.65,124.12
before,16,test_reversed[False-cubic-longitude],tests/test_regrid.py::TestCoordOrder::test_reversed[False-cubic-longitude],call,4.3,124.12
before,16,test_reversed[True-cubic-longitude],tests/test_regrid.py::TestCoordOrder::test_reversed[True-cubic-longitude],call,4.27,124.12
before,16,test_reversed[False-cubic-latitude],tests/test_regrid.py::TestCoordOrder::test_reversed[False-cubic-latitude],call,4.26,124.12
before,16,test_reversed[True-cubic-latitude],tests/test_regrid.py::TestCoordOrder::test_reversed[True-cubic-latitude],call,4.2,124.12
before,16,test_original[False-cubic],tests/test_regrid.py::TestCoordOrder::test_original[False-cubic],call,4.19,124.12
before,16,test_original[True-cubic],tests/test_regrid.py::TestCoordOrder::test_original[True-cubic],call,4.17,124.12
before,16,test_attrs_dataarray[cubic],tests/test_regrid.py::test_attrs_dataarray[cubic],call,4.15,124.12
before,16,test_attrs_dataset[cubic],tests/test_regrid.py::test_attrs_dataset[cubic],call,4.14,124.12
before,16,test_conservative_nans,tests/test_regrid.py::test_conservative_nans,call,0.97,124.12
before,16,test_conservative_regridder,tests/test_regrid.py::test_conservative_regridder,call,0.68,124.12
before,16,test_basic_regridders_ds[linear-cdo_file0],tests/test_regrid.py::test_basic_regridders_ds[linear-cdo_file0],call,0.17,124.12
before,16,test_reversed[False-linear-longitude],tests/test_regrid.py::TestCoordOrder::test_reversed[False-linear-longitude],call,0.13,124.12
before,16,test_reversed[True-linear-longitude],tests/test_regrid.py::TestCoordOrder::test_reversed[True-linear-longitude],call,0.13,124.12
before,16,test_basic_regridders_ds[linear-cdo_file0],tests/test_regrid.py::test_basic_regridders_ds[linear-cdo_file0],setup,0.12,124.12
before,16,test_attrs_dataset[linear],tests/test_regrid.py::test_attrs_dataset[linear],call,0.11,124.12
before,16,test_reversed[False-nearest-longitude],tests/test_regrid.py::TestCoordOrder::test_reversed[False-nearest-longitude],call,0.11,124.12
before,16,test_attrs_dataarray[linear],tests/test_regrid.py::test_attrs_dataarray[linear],call,0.11,124.12
before,16,test_reversed[True-nearest-longitude],tests/test_regrid.py::TestCoordOrder::test_reversed[True-nearest-longitude],call,0.11,124.12
before,16,test_reversed[False-linear-latitude],tests/test_regrid.py::TestCoordOrder::test_reversed[False-linear-latitude],call,0.11,124.12
before,16,test_basic_regridders_da[linear-cdo_file0],tests/test_regrid.py::test_basic_regridders_da[linear-cdo_file0],call,0.11,124.12
before,16,test_reversed[True-linear-latitude],tests/test_regrid.py::TestCoordOrder::test_reversed[True-linear-latitude],call,0.11,124.12
before,16,test_basic_regridders_da[nearest-cdo_file1],tests/test_regrid.py::test_basic_regridders_da[nearest-cdo_file1],call,0.1,124.12
before,16,test_reversed[False-nearest-latitude],tests/test_regrid.py::TestCoordOrder::test_reversed[False-nearest-latitude],call,0.1,124.12
before,16,test_basic_regridders_ds[nearest-cdo_file1],tests/test_regrid.py::test_basic_regridders_ds[nearest-cdo_file1],call,0.1,124.12
before,16,test_reversed[True-nearest-latitude],tests/test_regrid.py::TestCoordOrder::test_reversed[True-nearest-latitude],call,0.09,124.12
before,16,test_original[True-linear],tests/test_regrid.py::TestCoordOrder::test_original[True-linear],call,0.09,124.12
before,16,test_original[False-linear],tests/test_regrid.py::TestCoordOrder::test_original[False-linear],call,0.09,124.12
before,16,test_conservative_regridder,tests/test_regrid.py::test_conservative_regridder,setup,0.09,124.12
before,16,test_original[True-nearest],tests/test_regrid.py::TestCoordOrder::test_original[True-nearest],call,0.07,124.12
before,16,test_original[False-nearest],tests/test_regrid.py::TestCoordOrder::test_original[False-nearest],call,0.07,124.12
before,16,test_attrs_dataset[nearest],tests/test_regrid.py::test_attrs_dataset[nearest],call,0.07,124.12
before,16,test_attrs_dataarray[nearest],tests/test_regrid.py::test_attrs_dataarray[nearest],call,0.07,124.12
before,16,test_conservative_nan_aggregation_over_dims,tests/test_regrid.py::test_conservative_nan_aggregation_over_dims,call,0.02,124.12
before,16,test_conservative_nan_thresholds_against_coarsen[0],tests/test_regrid.py::test_conservative_nan_thresholds_against_coarsen[0],call,0.02,124.12
before,16,test_conservative_nan_thresholds_against_coarsen[1],tests/test_regrid.py::test_conservative_nan_thresholds_against_coarsen[1],call,0.02,124.12
before,16,test_original[True-linear],tests/test_regrid.py::TestCoordOrder::test_original[True-linear],setup,0.02,124.12
before,16,test_conservative_reversed[True-latitude],tests/test_regrid.py::TestCoordOrder::test_conservative_reversed[True-latitude],setup,0.02,124.12
before,16,test_attrs_dataarray[linear],tests/test_regrid.py::test_attrs_dataarray[linear],setup,0.02,124.12
before,16,test_reversed[True-cubic-longitude],tests/test_regrid.py::TestCoordOrder::test_reversed[True-cubic-longitude],setup,0.02,124.12
before,16,test_attrs_dataset[linear],tests/test_regrid.py::test_attrs_dataset[linear],setup,0.02,124.12
before,16,test_conservative_original[False],tests/test_regrid.py::TestCoordOrder::test_conservative_original[False],setup,0.02,124.12
before,16,test_conservative_reversed[False-latitude],tests/test_regrid.py::TestCoordOrder::test_conservative_reversed[False-latitude],setup,0.02,124.12
before,16,test_conservative_reversed[False-longitude],tests/test_regrid.py::TestCoordOrder::test_conservative_reversed[False-longitude],setup,0.02,124.12
before,16,test_conservative_reversed[True-longitude],tests/test_regrid.py::TestCoordOrder::test_conservative_reversed[True-longitude],setup,0.02,124.12
before,16,test_conservative_nans,tests/test_regrid.py::test_conservative_nans,setup,0.02,124.12
before,16,test_attrs_dataset_conservative,tests/test_regrid.py::test_attrs_dataset_conservative,setup,0.02,124.12
before,16,test_attrs_dataarray[nearest],tests/test_regrid.py::test_attrs_dataarray[nearest],setup,0.02,124.12
before,16,test_reversed[False-cubic-longitude],tests/test_regrid.py::TestCoordOrder::test_reversed[False-cubic-longitude],setup,0.02,124.12
before,16,test_reversed[False-cubic-latitude],tests/test_regrid.py::TestCoordOrder::test_reversed[False-cubic-latitude],setup,0.02,124.12
before,16,test_original[False-cubic],tests/test_regrid.py::TestCoordOrder::test_original[False-cubic],setup,0.02,124.12
before,16,test_reversed[False-nearest-longitude],tests/test_regrid.py::TestCoordOrder::test_reversed[False-nearest-longitude],setup,0.02,124.12
before,16,test_attrs_dataset[nearest],tests/test_regrid.py::test_attrs_dataset[nearest],setup,0.02,124.12
before,16,test_original[True-cubic],tests/test_regrid.py::TestCoordOrder::test_original[True-cubic],setup,0.02,124.12
before,16,test_basic_regridders_da[linear-cdo_file0],tests/test_regrid.py::test_basic_regridders_da[linear-cdo_file0],setup,0.02,124.12
before,16,test_conservative_original[True],tests/test_regrid.py::TestCoordOrder::test_conservative_original[True],setup,0.02,124.12
before,16,test_reversed[False-linear-latitude],tests/test_regrid.py::TestCoordOrder::test_reversed[False-linear-latitude],setup,0.01,124.12
before,16,test_reversed[True-nearest-longitude],tests/test_regrid.py::TestCoordOrder::test_reversed[True-nearest-longitude],setup,0.01,124.12
before,16,test_reversed[True-linear-latitude],tests/test_regrid.py::TestCoordOrder::test_reversed[True-linear-latitude],setup,0.01,124.12
before,16,test_reversed[False-linear-longitude],tests/test_regrid.py::TestCoordOrder::test_reversed[False-linear-longitude],setup,0.01,124.12
before,16,test_original[False-linear],tests/test_regrid.py::TestCoordOrder::test_original[False-linear],setup,0.01,124.12
before,16,test_original[True-nearest],tests/test_regrid.py::TestCoordOrder::test_original[True-nearest],setup,0.01,124.12
before,16,test_attrs_dataarray_conservative,tests/test_regrid.py::test_attrs_dataarray_conservative,setup,0.01,124.12
before,16,test_attrs_dataset[cubic],tests/test_regrid.py::test_attrs_dataset[cubic],setup,0.01,124.12
before,16,test_attrs_dataarray[cubic],tests/test_regrid.py::test_attrs_dataarray[cubic],setup,0.01,124.12
before,16,test_reversed[True-cubic-latitude],tests/test_regrid.py::TestCoordOrder::test_reversed[True-cubic-latitude],setup,0.01,124.12
before,16,test_basic_regridders_da[nearest-cdo_file1],tests/test_regrid.py::test_basic_regridders_da[nearest-cdo_file1],setup,0.01,124.12
before,16,test_reversed[False-nearest-latitude],tests/test_regrid.py::TestCoordOrder::test_reversed[False-nearest-latitude],setup,0.01,124.12
before,16,test_basic_regridders_ds[nearest-cdo_file1],tests/test_regrid.py::test_basic_regridders_ds[nearest-cdo_file1],setup,0.01,124.12
before,16,test_original[False-nearest],tests/test_regrid.py::TestCoordOrder::test_original[False-nearest],setup,0.01,124.12
before,16,test_reversed[True-linear-longitude],tests/test_regrid.py::TestCoordOrder::test_reversed[True-linear-longitude],setup,0.01,124.12
before,16,test_reversed[True-nearest-latitude],tests/test_regrid.py::TestCoordOrder::test_reversed[True-nearest-latitude],setup,0.01,124.12
before,17,test_conservative_reversed[True-longitude],tests/test_regrid.py::TestCoordOrder::test_conservative_reversed[True-longitude],call,10.8,122.51
before,17,test_conservative_reversed[False-longitude],tests/test_regrid.py::TestCoordOrder::test_conservative_reversed[False-longitude],call,10.79,122.51
before,17,test_conservative_reversed[True-latitude],tests/test_regrid.py::TestCoordOrder::test_conservative_reversed[True-latitude],call,10.77,122.51
before,17,test_conservative_reversed[False-latitude],tests/test_regrid.py::TestCoordOrder::test_conservative_reversed[False-latitude],call,10.75,122.51
before,17,test_conservative_original[True],tests/test_regrid.py::TestCoordOrder::test_conservative_original[True],call,10.74,122.51
before,17,test_conservative_original[False],tests/test_regrid.py::TestCoordOrder::test_conservative_original[False],call,10.71,122.51
before,17,test_attrs_dataset_conservative,tests/test_regrid.py::test_attrs_dataset_conservative,call,10.68,122.51
before,17,test_attrs_dataarray_conservative,tests/test_regrid.py::test_attrs_dataarray_conservative,call,10.64,122.51
before,17,test_reversed[False-cubic-longitude],tests/test_regrid.py::TestCoordOrder::test_reversed[False-cubic-longitude],call,4.1,122.51
before,17,test_reversed[False-cubic-latitude],tests/test_regrid.py::TestCoordOrder::test_reversed[False-cubic-latitude],call,4.04,122.51
before,17,test_attrs_dataset[cubic],tests/test_regrid.py::test_attrs_dataset[cubic],call,4.02,122.51
before,17,test_reversed[True-cubic-latitude],tests/test_regrid.py::TestCoordOrder::test_reversed[True-cubic-latitude],call,3.99,122.51
before,17,test_original[True-cubic],tests/test_regrid.py::TestCoordOrder::test_original[True-cubic],call,3.98,122.51
before,17,test_reversed[True-cubic-longitude],tests/test_regrid.py::TestCoordOrder::test_reversed[True-cubic-longitude],call,3.98,122.51
before,17,test_original[False-cubic],tests/test_regrid.py::TestCoordOrder::test_original[False-cubic],call,3.97,122.51
before,17,test_attrs_dataarray[cubic],tests/test_regrid.py::test_attrs_dataarray[cubic],call,3.97,122.51
before,17,test_conservative_nans,tests/test_regrid.py::test_conservative_nans,call,0.65,122.51
before,17,test_conservative_regridder,tests/test_regrid.py::test_conservative_regridder,call,0.55,122.51
before,17,test_basic_regridders_ds[linear-cdo_file0],tests/test_regrid.py::test_basic_regridders_ds[linear-cdo_file0],call,0.17,122.51
before,17,test_reversed[False-linear-longitude],tests/test_regrid.py::TestCoordOrder::test_reversed[False-linear-longitude],call,0.13,122.51
before,17,test_reversed[True-linear-longitude],tests/test_regrid.py::TestCoordOrder::test_reversed[True-linear-longitude],call,0.13,122.51
before,17,test_basic_regridders_da[linear-cdo_file0],tests/test_regrid.py::test_basic_regridders_da[linear-cdo_file0],call,0.12,122.51
before,17,test_basic_regridders_ds[linear-cdo_file0],tests/test_regrid.py::test_basic_regridders_ds[linear-cdo_file0],setup,0.12,122.51
before,17,test_attrs_dataarray[linear],tests/test_regrid.py::test_attrs_dataarray[linear],call,0.11,122.51
before,17,test_reversed[True-linear-latitude],tests/test_regrid.py::TestCoordOrder::test_reversed[True-linear-latitude],call,0.11,122.51
before,17,test_attrs_dataset[linear],tests/test_regrid.py::test_attrs_dataset[linear],call,0.11,122.51
before,17,test_reversed[False-linear-latitude],tests/test_regrid.py::TestCoordOrder::test_reversed[False-linear-latitude],call,0.11,122.51
before,17,test_reversed[True-nearest-longitude],tests/test_regrid.py::TestCoordOrder::test_reversed[True-nearest-longitude],call,0.11,122.51
before,17,test_reversed[False-nearest-longitude],tests/test_regrid.py::TestCoordOrder::test_reversed[False-nearest-longitude],call,0.11,122.51
before,17,test_basic_regridders_ds[nearest-cdo_file1],tests/test_regrid.py::test_basic_regridders_ds[nearest-cdo_file1],call,0.1,122.51
before,17,test_basic_regridders_da[nearest-cdo_file1],tests/test_regrid.py::test_basic_regridders_da[nearest-cdo_file1],call,0.1,122.51
before,17,test_reversed[True-nearest-latitude],tests/test_regrid.py::TestCoordOrder::test_reversed[True-nearest-latitude],call,0.1,122.51
before,17,test_reversed[False-nearest-latitude],tests/test_regrid.py::TestCoordOrder::test_reversed[False-nearest-latitude],call,0.1,122.51
before,17,test_conservative_regridder,tests/test_regrid.py::test_conservative_regridder,setup,0.09,122.51
before,17,test_original[True-linear],tests/test_regrid.py::TestCoordOrder::test_original[True-linear],call,0.09,122.51
before,17,test_original[False-linear],tests/test_regrid.py::TestCoordOrder::test_original[False-linear],call,0.09,122.51
before,17,test_original[True-nearest],tests/test_regrid.py::TestCoordOrder::test_original[True-nearest],call,0.08,122.51
before,17,test_original[False-nearest],tests/test_regrid.py::TestCoordOrder::test_original[False-nearest],call,0.08,122.51
before,17,test_attrs_dataarray[nearest],tests/test_regrid.py::test_attrs_dataarray[nearest],call,0.07,122.51
before,17,test_attrs_dataset[nearest],tests/test_regrid.py::test_attrs_dataset[nearest],call,0.07,122.51
before,17,test_conservative_nan_aggregation_over_dims,tests/test_regrid.py::test_conservative_nan_aggregation_over_dims,call,0.02,122.51
before,17,test_conservative_nan_thresholds_against_coarsen[0],tests/test_regrid.py::test_conservative_nan_thresholds_against_coarsen[0],call,0.02,122.51
before,17,test_conservative_nan_thresholds_against_coarsen[1],tests/test_regrid.py::test_conservative_nan_thresholds_against_coarsen[1],call,0.02,122.51
before,17,test_conservative_reversed[True-latitude],tests/test_regrid.py::TestCoordOrder::test_conservative_reversed[True-latitude],setup,0.02,122.51
before,17,test_original[True-linear],tests/test_regrid.py::TestCoordOrder::test_original[True-linear],setup,0.02,122.51
before,17,test_attrs_dataarray[linear],tests/test_regrid.py::test_attrs_dataarray[linear],setup,0.02,122.51
before,17,test_attrs_dataset_conservative,tests/test_regrid.py::test_attrs_dataset_conservative,setup,0.02,122.51
before,17,test_conservative_original[False],tests/test_regrid.py::TestCoordOrder::test_conservative_original[False],setup,0.02,122.51
before,17,test_conservative_reversed[True-longitude],tests/test_regrid.py::TestCoordOrder::test_conservative_reversed[True-longitude],setup,0.02,122.51
before,17,test_attrs_dataset[linear],tests/test_regrid.py::test_attrs_dataset[linear],setup,0.02,122.51
before,17,test_conservative_reversed[False-latitude],tests/test_regrid.py::TestCoordOrder::test_conservative_reversed[False-latitude],setup,0.02,122.51
before,17,test_conservative_reversed[False-longitude],tests/test_regrid.py::TestCoordOrder::test_conservative_reversed[False-longitude],setup,0.02,122.51
before,17,test_conservative_nans,tests/test_regrid.py::test_conservative_nans,setup,0.02,122.51
before,17,test_reversed[False-cubic-longitude],tests/test_regrid.py::TestCoordOrder::test_reversed[False-cubic-longitude],setup,0.02,122.51
before,17,test_original[False-linear],tests/test_regrid.py::TestCoordOrder::test_original[False-linear],setup,0.02,122.51
before,17,test_reversed[False-nearest-longitude],tests/test_regrid.py::TestCoordOrder::test_reversed[False-nearest-longitude],setup,0.02,122.51
before,17,test_reversed[True-cubic-longitude],tests/test_regrid.py::TestCoordOrder::test_reversed[True-cubic-longitude],setup,0.02,122.51
before,17,test_reversed[False-cubic-latitude],tests/test_regrid.py::TestCoordOrder::test_reversed[False-cubic-latitude],setup,0.02,122.51
before,17,test_basic_regridders_da[linear-cdo_file0],tests/test_regrid.py::test_basic_regridders_da[linear-cdo_file0],setup,0.02,122.51
before,17,test_original[True-cubic],tests/test_regrid.py::TestCoordOrder::test_original[True-cubic],setup,0.02,122.51
before,17,test_original[False-cubic],tests/test_regrid.py::TestCoordOrder::test_original[False-cubic],setup,0.02,122.51
before,17,test_reversed[False-linear-longitude],tests/test_regrid.py::TestCoordOrder::test_reversed[False-linear-longitude],setup,0.02,122.51
before,17,test_attrs_dataarray[nearest],tests/test_regrid.py::test_attrs_dataarray[nearest],setup,0.02,122.51
before,17,test_attrs_dataset[nearest],tests/test_regrid.py::test_attrs_dataset[nearest],setup,0.02,122.51
before,17,test_reversed[True-nearest-longitude],tests/test_regrid.py::TestCoordOrder::test_reversed[True-nearest-longitude],setup,0.01,122.51
before,17,test_reversed[True-linear-latitude],tests/test_regrid.py::TestCoordOrder::test_reversed[True-linear-latitude],setup,0.01,122.51
before,17,test_original[True-nearest],tests/test_regrid.py::TestCoordOrder::test_original[True-nearest],setup,0.01,122.51
before,17,test_attrs_dataset[cubic],tests/test_regrid.py::test_attrs_dataset[cubic],setup,0.01,122.51
before,17,test_attrs_dataarray_conservative,tests/test_regrid.py::test_attrs_dataarray_conservative,setup,0.01,122.51
before,17,test_conservative_original[True],tests/test_regrid.py::TestCoordOrder::test_conservative_original[True],setup,0.01,122.51
before,17,test_reversed[False-linear-latitude],tests/test_regrid.py::TestCoordOrder::test_reversed[False-linear-latitude],setup,0.01,122.51
before,17,test_reversed[True-nearest-latitude],tests/test_regrid.py::TestCoordOrder::test_reversed[True-nearest-latitude],setup,0.01,122.51
before,17,test_reversed[True-cubic-latitude],tests/test_regrid.py::TestCoordOrder::test_reversed[True-cubic-latitude],setup,0.01,122.51
before,17,test_attrs_dataarray[cubic],tests/test_regrid.py::test_attrs_dataarray[cubic],setup,0.01,122.51
before,17,test_original[False-nearest],tests/test_regrid.py::TestCoordOrder::test_original[False-nearest],setup,0.01,122.51
before,17,test_basic_regridders_da[nearest-cdo_file1],tests/test_regrid.py::test_basic_regridders_da[nearest-cdo_file1],setup,0.01,122.51
before,17,test_reversed[True-linear-longitude],tests/test_regrid.py::TestCoordOrder::test_reversed[True-linear-longitude],setup,0.01,122.51
before,17,test_basic_regridders_ds[nearest-cdo_file1],tests/test_regrid.py::test_basic_regridders_ds[nearest-cdo_file1],setup,0.01,122.51
before,17,test_reversed[False-nearest-latitude],tests/test_regrid.py::TestCoordOrder::test_reversed[False-nearest-latitude],setup,0.01,122.51
before,18,test_conservative_reversed[False-longitude],tests/test_regrid.py::TestCoordOrder::test_conservative_reversed[False-longitude],call,10.74,122.02
before,18,test_conservative_reversed[True-longitude],tests/test_regrid.py::TestCoordOrder::test_conservative_reversed[True-longitude],call,10.71,122.02
before,18,test_conservative_original[False],tests/test_regrid.py::TestCoordOrder::test_conservative_original[False],call,10.71,122.02
before,18,test_conservative_reversed[False-latitude],tests/test_regrid.py::TestCoordOrder::test_conservative_reversed[False-latitude],call,10.71,122.02
before,18,test_conservative_reversed[True-latitude],tests/test_regrid.py::TestCoordOrder::test_conservative_reversed[True-latitude],call,10.7,122.02
before,18,test_conservative_original[True],tests/test_regrid.py::TestCoordOrder::test_conservative_original[True],call,10.66,122.02
before,18,test_attrs_dataset_conservative,tests/test_regrid.py::test_attrs_dataset_conservative,call,10.65,122.02
before,18,test_attrs_dataarray_conservative,tests/test_regrid.py::test_attrs_dataarray_conservative,call,10.65,122.02
before,18,test_reversed[False-cubic-longitude],tests/test_regrid.py::TestCoordOrder::test_reversed[False-cubic-longitude],call,4.08,122.02
before,18,test_original[False-cubic],tests/test_regrid.py::TestCoordOrder::test_original[False-cubic],call,4.01,122.02
before,18,test_reversed[False-cubic-latitude],tests/test_regrid.py::TestCoordOrder::test_reversed[False-cubic-latitude],call,4.0,122.02
before,18,test_reversed[True-cubic-longitude],tests/test_regrid.py::TestCoordOrder::test_reversed[True-cubic-longitude],call,4.0,122.02
before,18,test_reversed[True-cubic-latitude],tests/test_regrid.py::TestCoordOrder::test_reversed[True-cubic-latitude],call,3.99,122.02
before,18,test_attrs_dataset[cubic],tests/test_regrid.py::test_attrs_dataset[cubic],call,3.98,122.02
before,18,test_attrs_dataarray[cubic],tests/test_regrid.py::test_attrs_dataarray[cubic],call,3.97,122.02
before,18,test_original[True-cubic],tests/test_regrid.py::TestCoordOrder::test_original[True-cubic],call,3.95,122.02
before,18,test_conservative_nans,tests/test_regrid.py::test_conservative_nans,call,0.63,122.02
before,18,test_conservative_regridder,tests/test_regrid.py::test_conservative_regridder,call,0.54,122.02
before,18,test_basic_regridders_ds[linear-cdo_file0],tests/test_regrid.py::test_basic_regridders_ds[linear-cdo_file0],call,0.17,122.02
before,18,test_reversed[True-linear-longitude],tests/test_regrid.py::TestCoordOrder::test_reversed[True-linear-longitude],call,0.13,122.02
before,18,test_reversed[False-linear-longitude],tests/test_regrid.py::TestCoordOrder::test_reversed[False-linear-longitude],call,0.13,122.02
before,18,test_basic_regridders_da[linear-cdo_file0],tests/test_regrid.py::test_basic_regridders_da[linear-cdo_file0],call,0.12,122.02
before,18,test_basic_regridders_ds[linear-cdo_file0],tests/test_regrid.py::test_basic_regridders_ds[linear-cdo_file0],setup,0.12,122.02
before,18,test_attrs_dataarray[linear],tests/test_regrid.py::test_attrs_dataarray[linear],call,0.12,122.02
before,18,test_reversed[True-nearest-longitude],tests/test_regrid.py::TestCoordOrder::test_reversed[True-nearest-longitude],call,0.11,122.02
before,18,test_reversed[False-linear-latitude],tests/test_regrid.py::TestCoordOrder::test_reversed[False-linear-latitude],call,0.11,122.02
before,18,test_reversed[True-linear-latitude],tests/test_regrid.py::TestCoordOrder::test_reversed[True-linear-latitude],call,0.11,122.02
before,18,test_reversed[False-nearest-longitude],tests/test_regrid.py::TestCoordOrder::test_reversed[False-nearest-longitude],call,0.11,122.02
before,18,test_attrs_dataset[linear],tests/test_regrid.py::test_attrs_dataset[linear],call,0.11,122.02
before,18,test_basic_regridders_ds[nearest-cdo_file1],tests/test_regrid.py::test_basic_regridders_ds[nearest-cdo_file1],call,0.1,122.02
before,18,test_basic_regridders_da[nearest-cdo_file1],tests/test_regrid.py::test_basic_regridders_da[nearest-cdo_file1],call,0.1,122.02
before,18,test_reversed[False-nearest-latitude],tests/test_regrid.py::TestCoordOrder::test_reversed[False-nearest-latitude],call,0.1,122.02
before,18,test_reversed[True-nearest-latitude],tests/test_regrid.py::TestCoordOrder::test_reversed[True-nearest-latitude],call,0.1,122.02
before,18,test_conservative_regridder,tests/test_regrid.py::test_conservative_regridder,setup,0.09,122.02
before,18,test_original[False-linear],tests/test_regrid.py::TestCoordOrder::test_original[False-linear],call,0.09,122.02
before,18,test_original[True-linear],tests/test_regrid.py::TestCoordOrder::test_original[True-linear],call,0.09,122.02
before,18,test_original[True-nearest],tests/test_regrid.py::TestCoordOrder::test_original[True-nearest],call,0.08,122.02
before,18,test_original[False-nearest],tests/test_regrid.py::TestCoordOrder::test_original[False-nearest],call,0.08,122.02
before,18,test_attrs_dataset[nearest],tests/test_regrid.py::test_attrs_dataset[nearest],call,0.08,122.02
before,18,test_attrs_dataarray[nearest],tests/test_regrid.py::test_attrs_dataarray[nearest],call,0.07,122.02
before,18,test_conservative_nan_aggregation_over_dims,tests/test_regrid.py::test_conservative_nan_aggregation_over_dims,call,0.02,122.02
before,18,test_conservative_nan_thresholds_against_coarsen[0],tests/test_regrid.py::test_conservative_nan_thresholds_against_coarsen[0],call,0.02,122.02
before,18,test_conservative_nan_thresholds_against_coarsen[1],tests/test_regrid.py::test_conservative_nan_thresholds_against_coarsen[1],call,0.02,122.02
before,18,test_conservative_reversed[False-latitude],tests/test_regrid.py::TestCoordOrder::test_conservative_reversed[False-latitude],setup,0.02,122.02
before,18,test_original[True-linear],tests/test_regrid.py::TestCoordOrder::test_original[True-linear],setup,0.02,122.02
before,18,test_conservative_reversed[True-latitude],tests/test_regrid.py::TestCoordOrder::test_conservative_reversed[True-latitude],setup,0.02,122.02
before,18,test_conservative_nans,tests/test_regrid.py::test_conservative_nans,setup,0.02,122.02
before,18,test_conservative_original[False],tests/test_regrid.py::TestCoordOrder::test_conservative_original[False],setup,0.02,122.02
before,18,test_conservative_original[True],tests/test_regrid.py::TestCoordOrder::test_conservative_original[True],setup,0.02,122.02
before,18,test_attrs_dataset[linear],tests/test_regrid.py::test_attrs_dataset[linear],setup,0.02,122.02
before,18,test_conservative_reversed[True-longitude],tests/test_regrid.py::TestCoordOrder::test_conservative_reversed[True-longitude],setup,0.02,122.02
before,18,test_conservative_reversed[False-longitude],tests/test_regrid.py::TestCoordOrder::test_conservative_reversed[False-longitude],setup,0.02,122.02
before,18,test_attrs_dataarray[linear],tests/test_regrid.py::test_attrs_dataarray[linear],setup,0.02,122.02
before,18,test_reversed[True-linear-latitude],tests/test_regrid.py::TestCoordOrder::test_reversed[True-linear-latitude],setup,0.02,122.02
before,18,test_reversed[True-cubic-longitude],tests/test_regrid.py::TestCoordOrder::test_reversed[True-cubic-longitude],setup,0.02,122.02
before,18,test_original[True-nearest],tests/test_regrid.py::TestCoordOrder::test_original[True-nearest],setup,0.02,122.02
before,18,test_reversed[False-cubic-longitude],tests/test_regrid.py::TestCoordOrder::test_reversed[False-cubic-longitude],setup,0.02,122.02
before,18,test_reversed[False-nearest-longitude],tests/test_regrid.py::TestCoordOrder::test_reversed[False-nearest-longitude],setup,0.02,122.02
before,18,test_attrs_dataarray_conservative,tests/test_regrid.py::test_attrs_dataarray_conservative,setup,0.02,122.02
before,18,test_basic_regridders_da[linear-cdo_file0],tests/test_regrid.py::test_basic_regridders_da[linear-cdo_file0],setup,0.02,122.02
before,18,test_reversed[False-cubic-latitude],tests/test_regrid.py::TestCoordOrder::test_reversed[False-cubic-latitude],setup,0.02,122.02
before,18,test_original[False-cubic],tests/test_regrid.py::TestCoordOrder::test_original[False-cubic],setup,0.02,122.02
before,18,test_reversed[False-linear-longitude],tests/test_regrid.py::TestCoordOrder::test_reversed[False-linear-longitude],setup,0.02,122.02
before,18,test_reversed[False-linear-latitude],tests/test_regrid.py::TestCoordOrder::test_reversed[False-linear-latitude],setup,0.02,122.02
before,18,test_attrs_dataset[nearest],tests/test_regrid.py::test_attrs_dataset[nearest],setup,0.02,122.02
before,18,test_attrs_dataarray[nearest],tests/test_regrid.py::test_attrs_dataarray[nearest],setup,0.01,122.02
before,18,test_attrs_dataset_conservative,tests/test_regrid.py::test_attrs_dataset_conservative,setup,0.01,122.02
before,18,test_original[False-linear],tests/test_regrid.py::TestCoordOrder::test_original[False-linear],setup,0.01,122.02
before,18,test_original[True-cubic],tests/test_regrid.py::TestCoordOrder::test_original[True-cubic],setup,0.01,122.02
before,18,test_attrs_dataset[cubic],tests/test_regrid.py::test_attrs_dataset[cubic],setup,0.01,122.02
before,18,test_attrs_dataarray[cubic],tests/test_regrid.py::test_attrs_dataarray[cubic],setup,0.01,122.02
before,18,test_basic_regridders_ds[nearest-cdo_file1],tests/test_regrid.py::test_basic_regridders_ds[nearest-cdo_file1],setup,0.01,122.02
before,18,test_reversed[True-nearest-longitude],tests/test_regrid.py::TestCoordOrder::test_reversed[True-nearest-longitude],setup,0.01,122.02
before,18,test_reversed[True-cubic-latitude],tests/test_regrid.py::TestCoordOrder::test_reversed[True-cubic-latitude],setup,0.01,122.02
before,18,test_basic_regridders_da[nearest-cdo_file1],tests/test_regrid.py::test_basic_regridders_da[nearest-cdo_file1],setup,0.01,122.02
before,18,test_original[False-nearest],tests/test_regrid.py::TestCoordOrder::test_original[False-nearest],setup,0.01,122.02
before,18,test_reversed[True-linear-longitude],tests/test_regrid.py::TestCoordOrder::test_reversed[True-linear-longitude],setup,0.01,122.02
before,18,test_reversed[False-nearest-latitude],tests/test_regrid.py::TestCoordOrder::test_reversed[False-nearest-latitude],setup,0.01,122.02
before,18,test_reversed[True-nearest-latitude],tests/test_regrid.py::TestCoordOrder::test_reversed[True-nearest-latitude],setup,0.01,122.02
before,19,test_attrs_dataset_conservative,tests/test_regrid.py::test_attrs_dataset_conservative,call,10.76,123.51
before,19,test_conservative_reversed[True-latitude],tests/test_regrid.py::TestCoordOrder::test_conservative_reversed[True-latitude],call,10.74,123.51
before,19,test_conservative_reversed[True-longitude],tests/test_regrid.py::TestCoordOrder::test_conservative_reversed[True-longitude],call,10.73,123.51
before,19,test_conservative_reversed[False-longitude],tests/test_regrid.py::TestCoordOrder::test_conservative_reversed[False-longitude],call,10.72,123.51
before,19,test_conservative_original[False],tests/test_regrid.py::TestCoordOrder::test_conservative_original[False],call,10.69,123.51
before,19,test_conservative_reversed[False-latitude],tests/test_regrid.py::TestCoordOrder::test_conservative_reversed[False-latitude],call,10.69,123.51
before,19,test_attrs_dataarray_conservative,tests/test_regrid.py::test_attrs_dataarray_conservative,call,10.65,123.51
before,19,test_conservative_original[True],tests/test_regrid.py::TestCoordOrder::test_conservative_original[True],call,10.65,123.51
before,19,test_reversed[False-cubic-longitude],tests/test_regrid.py::TestCoordOrder::test_reversed[False-cubic-longitude],call,4.27,123.51
before,19,test_reversed[False-cubic-latitude],tests/test_regrid.py::TestCoordOrder::test_reversed[False-cubic-latitude],call,4.22,123.51
before,19,test_reversed[True-cubic-latitude],tests/test_regrid.py::TestCoordOrder::test_reversed[True-cubic-latitude],call,4.19,123.51
before,19,test_reversed[True-cubic-longitude],tests/test_regrid.py::TestCoordOrder::test_reversed[True-cubic-longitude],call,4.18,123.51
before,19,test_original[True-cubic],tests/test_regrid.py::TestCoordOrder::test_original[True-cubic],call,4.17,123.51
before,19,test_original[False-cubic],tests/test_regrid.py::TestCoordOrder::test_original[False-cubic],call,4.15,123.51
before,19,test_attrs_dataset[cubic],tests/test_regrid.py::test_attrs_dataset[cubic],call,4.14,123.51
before,19,test_attrs_dataarray[cubic],tests/test_regrid.py::test_attrs_dataarray[cubic],call,4.12,123.51
before,19,test_conservative_nans,tests/test_regrid.py::test_conservative_nans,call,0.62,123.51
before,19,test_conservative_regridder,tests/test_regrid.py::test_conservative_regridder,call,0.55,123.51
before,19,test_basic_regridders_ds[linear-cdo_file0],tests/test_regrid.py::test_basic_regridders_ds[linear-cdo_file0],call,0.17,123.51
before,19,test_reversed[False-linear-longitude],tests/test_regrid.py::TestCoordOrder::test_reversed[False-linear-longitude],call,0.13,123.51
before,19,test_reversed[True-linear-longitude],tests/test_regrid.py::TestCoordOrder::test_reversed[True-linear-longitude],call,0.13,123.51
before,19,test_basic_regridders_ds[linear-cdo_file0],tests/test_regrid.py::test_basic_regridders_ds[linear-cdo_file0],setup,0.12,123.51
before,19,test_attrs_dataarray[linear],tests/test_regrid.py::test_attrs_dataarray[linear],call,0.11,123.51
before,19,test_attrs_dataset[linear],tests/test_regrid.py::test_attrs_dataset[linear],call,0.11,123.51
before,19,test_reversed[True-linear-latitude],tests/test_regrid.py::TestCoordOrder::test_reversed[True-linear-latitude],call,0.11,123.51
before,19,test_reversed[False-nearest-longitude],tests/test_regrid.py::TestCoordOrder::test_reversed[False-nearest-longitude],call,0.11,123.51
before,19,test_reversed[False-linear-latitude],tests/test_regrid.py::TestCoordOrder::test_reversed[False-linear-latitude],call,0.11,123.51
before,19,test_reversed[True-nearest-longitude],tests/test_regrid.py::TestCoordOrder::test_reversed[True-nearest-longitude],call,0.11,123.51
before,19,test_basic_regridders_da[linear-cdo_file0],tests/test_regrid.py::test_basic_regridders_da[linear-cdo_file0],call,0.11,123.51
before,19,test_basic_regridders_da[nearest-cdo_file1],tests/test_regrid.py::test_basic_regridders_da[nearest-cdo_file1],call,0.1,123.51
before,19,test_basic_regridders_ds[nearest-cdo_file1],tests/test_regrid.py::test_basic_regridders_ds[nearest-cdo_file1],call,0.1,123.51
before,19,test_reversed[False-nearest-latitude],tests/test_regrid.py::TestCoordOrder::test_reversed[False-nearest-latitude],call,0.09,123.51
before,19,test_reversed[True-nearest-latitude],tests/test_regrid.py::TestCoordOrder::test_reversed[True-nearest-latitude],call,0.09,123.51
before,19,test_original[True-linear],tests/test_regrid.py::TestCoordOrder::test_original[True-linear],call,0.09,123.51
before,19,test_original[False-linear],tests/test_regrid.py::TestCoordOrder::test_original[False-linear],call,0.09,123.51
before,19,test_conservative_regridder,tests/test_regrid.py::test_conservative_regridder,setup,0.09,123.51
before,19,test_original[True-nearest],tests/test_regrid.py::TestCoordOrder::test_original[True-nearest],call,0.07,123.51
before,19,test_original[False-nearest],tests/test_regrid.py::TestCoordOrder::test_original[False-nearest],call,0.07,123.51
before,19,test_attrs_dataarray[nearest],tests/test_regrid.py::test_attrs_dataarray[nearest],call,0.07,123.51
before,19,test_attrs_dataset[nearest],tests/test_regrid.py::test_attrs_dataset[nearest],call,0.07,123.51
before,19,test_conservative_nan_aggregation_over_dims,tests/test_regrid.py::test_conservative_nan_aggregation_over_dims,call,0.02,123.51
before,19,test_conservative_nan_thresholds_against_coarsen[0],tests/test_regrid.py::test_conservative_nan_thresholds_against_coarsen[0],call,0.02,123.51
before,19,test_conservative_nan_thresholds_against_coarsen[1],tests/test_regrid.py::test_conservative_nan_thresholds_against_coarsen[1],call,0.02,123.51
before,19,test_conservative_reversed[False-latitude],tests/test_regrid.py::TestCoordOrder::test_conservative_reversed[False-latitude],setup,0.02,123.51
before,19,test_original[True-linear],tests/test_regrid.py::TestCoordOrder::test_original[True-linear],setup,0.02,123.51
before,19,test_conservative_reversed[True-latitude],tests/test_regrid.py::TestCoordOrder::test_conservative_reversed[True-latitude],setup,0.02,123.51
before,19,test_attrs_dataarray[linear],tests/test_regrid.py::test_attrs_dataarray[linear],setup,0.02,123.51
before,19,test_attrs_dataset[linear],tests/test_regrid.py::test_attrs_dataset[linear],setup,0.02,123.51
before,19,test_conservative_reversed[False-longitude],tests/test_regrid.py::TestCoordOrder::test_conservative_reversed[False-longitude],setup,0.02,123.51
before,19,test_conservative_reversed[True-longitude],tests/test_regrid.py::TestCoordOrder::test_conservative_reversed[True-longitude],setup,0.02,123.51
before,19,test_conservative_original[False],tests/test_regrid.py::TestCoordOrder::test_conservative_original[False],setup,0.02,123.51
before,19,test_conservative_nans,tests/test_regrid.py::test_conservative_nans,setup,0.02,123.51
before,19,test_attrs_dataarray_conservative,tests/test_regrid.py::test_attrs_dataarray_conservative,setup,0.02,123.51
before,19,test_reversed[True-linear-latitude],tests/test_regrid.py::TestCoordOrder::test_reversed[True-linear-latitude],setup,0.02,123.51
before,19,test_original[False-linear],tests/test_regrid.py::TestCoordOrder::test_original[False-linear],setup,0.02,123.51
before,19,test_reversed[False-cubic-latitude],tests/test_regrid.py::TestCoordOrder::test_reversed[False-cubic-latitude],setup,0.02,123.51
before,19,test_attrs_dataset_conservative,tests/test_regrid.py::test_attrs_dataset_conservative,setup,0.02,123.51
before,19,test_reversed[True-cubic-longitude],tests/test_regrid.py::TestCoordOrder::test_reversed[True-cubic-longitude],setup,0.02,123.51
before,19,test_reversed[False-cubic-longitude],tests/test_regrid.py::TestCoordOrder::test_reversed[False-cubic-longitude],setup,0.02,123.51
before,19,test_conservative_original[True],tests/test_regrid.py::TestCoordOrder::test_conservative_original[True],setup,0.02,123.51
before,19,test_original[False-cubic],tests/test_regrid.py::TestCoordOrder::test_original[False-cubic],setup,0.02,123.51
before,19,test_reversed[False-nearest-longitude],tests/test_regrid.py::TestCoordOrder::test_reversed[False-nearest-longitude],setup,0.02,123.51
before,19,test_basic_regridders_da[linear-cdo_file0],tests/test_regrid.py::test_basic_regridders_da[linear-cdo_file0],setup,0.02,123.51
before,19,test_attrs_dataarray[nearest],tests/test_regrid.py::test_attrs_dataarray[nearest],setup,0.01,123.51
before,19,test_reversed[False-linear-latitude],tests/test_regrid.py::TestCoordOrder::test_reversed[False-linear-latitude],setup,0.01,123.51
before,19,test_reversed[False-linear-longitude],tests/test_regrid.py::TestCoordOrder::test_reversed[False-linear-longitude],setup,0.01,123.51
before,19,test_attrs_dataset[nearest],tests/test_regrid.py::test_attrs_dataset[nearest],setup,0.01,123.51
before,19,test_basic_regridders_da[nearest-cdo_file1],tests/test_regrid.py::test_basic_regridders_da[nearest-cdo_file1],setup,0.01,123.51
before,19,test_original[True-nearest],tests/test_regrid.py::TestCoordOrder::test_original[True-nearest],setup,0.01,123.51
before,19,test_original[True-cubic],tests/test_regrid.py::TestCoordOrder::test_original[True-cubic],setup,0.01,123.51
before,19,test_original[False-nearest],tests/test_regrid.py::TestCoordOrder::test_original[False-nearest],setup,0.01,123.51
before,19,test_attrs_dataarray[cubic],tests/test_regrid.py::test_attrs_dataarray[cubic],setup,0.01,123.51
before,19,test_reversed[True-cubic-latitude],tests/test_regrid.py::TestCoordOrder::test_reversed[True-cubic-latitude],setup,0.01,123.51
before,19,test_attrs_dataset[cubic],tests/test_regrid.py::test_attrs_dataset[cubic],setup,0.01,123.51
before,19,test_reversed[True-nearest-longitude],tests/test_regrid.py::TestCoordOrder::test_reversed[True-nearest-longitude],setup,0.01,123.51
before,19,test_reversed[False-nearest-latitude],tests/test_regrid.py::TestCoordOrder::test_reversed[False-nearest-latitude],setup,0.01,123.51
before,19,test_reversed[True-linear-longitude],tests/test_regrid.py::TestCoordOrder::test_reversed[True-linear-longitude],setup,0.01,123.51
before,19,test_basic_regridders_ds[nearest-cdo_file1],tests/test_regrid.py::test_basic_regridders_ds[nearest-cdo_file1],setup,0.01,123.51
before,19,test_reversed[True-nearest-latitude],tests/test_regrid.py::TestCoordOrder::test_reversed[True-nearest-latitude],setup,0.01,123.51
before,20,test_attrs_dataarray_conservative,tests/test_regrid.py::test_attrs_dataarray_conservative,call,11.6,123.32
before,20,test_conservative_reversed[True-latitude],tests/test_regrid.py::TestCoordOrder::test_conservative_reversed[True-latitude],call,10.82,123.32
before,20,test_conservative_reversed[True-longitude],tests/test_regrid.py::TestCoordOrder::test_conservative_reversed[True-longitude],call,10.81,123.32
before,20,test_conservative_reversed[False-longitude],tests/test_regrid.py::TestCoordOrder::test_conservative_reversed[False-longitude],call,10.78,123.32
before,20,test_conservative_original[False],tests/test_regrid.py::TestCoordOrder::test_conservative_original[False],call,10.76,123.32
before,20,test_attrs_dataset_conservative,tests/test_regrid.py::test_attrs_dataset_conservative,call,10.75,123.32
before,20,test_conservative_reversed[False-latitude],tests/test_regrid.py::TestCoordOrder::test_conservative_reversed[False-latitude],call,10.71,123.32
before,20,test_conservative_original[True],tests/test_regrid.py::TestCoordOrder::test_conservative_original[True],call,10.68,123.32
before,20,test_reversed[False-cubic-longitude],tests/test_regrid.py::TestCoordOrder::test_reversed[False-cubic-longitude],call,4.06,123.32
before,20,test_reversed[False-cubic-latitude],tests/test_regrid.py::TestCoordOrder::test_reversed[False-cubic-latitude],call,4.01,123.32
before,20,test_reversed[True-cubic-longitude],tests/test_regrid.py::TestCoordOrder::test_reversed[True-cubic-longitude],call,3.98,123.32
before,20,test_attrs_dataarray[cubic],tests/test_regrid.py::test_attrs_dataarray[cubic],call,3.97,123.32
before,20,test_original[True-cubic],tests/test_regrid.py::TestCoordOrder::test_original[True-cubic],call,3.96,123.32
before,20,test_reversed[True-cubic-latitude],tests/test_regrid.py::TestCoordOrder::test_reversed[True-cubic-latitude],call,3.96,123.32
before,20,test_attrs_dataset[cubic],tests/test_regrid.py::test_attrs_dataset[cubic],call,3.95,123.32
before,20,test_original[False-cubic],tests/test_regrid.py::TestCoordOrder::test_original[False-cubic],call,3.94,123.32
before,20,test_conservative_nans,tests/test_regrid.py::test_conservative_nans,call,0.63,123.32
before,20,test_conservative_regridder,tests/test_regrid.py::test_conservative_regridder,call,0.58,123.32
before,20,test_basic_regridders_ds[linear-cdo_file0],tests/test_regrid.py::test_basic_regridders_ds[linear-cdo_file0],call,0.17,123.32
before,20,test_reversed[True-linear-longitude],tests/test_regrid.py::TestCoordOrder::test_reversed[True-linear-longitude],call,0.14,123.32
before,20,test_reversed[False-linear-longitude],tests/test_regrid.py::TestCoordOrder::test_reversed[False-linear-longitude],call,0.13,123.32
before,20,test_basic_regridders_da[linear-cdo_file0],tests/test_regrid.py::test_basic_regridders_da[linear-cdo_file0],call,0.12,123.32
before,20,test_basic_regridders_ds[linear-cdo_file0],tests/test_regrid.py::test_basic_regridders_ds[linear-cdo_file0],setup,0.12,123.32
before,20,test_attrs_dataarray[linear],tests/test_regrid.py::test_attrs_dataarray[linear],call,0.12,123.32
before,20,test_reversed[True-linear-latitude],tests/test_regrid.py::TestCoordOrder::test_reversed[True-linear-latitude],call,0.11,123.32
before,20,test_reversed[False-nearest-longitude],tests/test_regrid.py::TestCoordOrder::test_reversed[False-nearest-longitude],call,0.11,123.32
before,20,test_attrs_dataset[linear],tests/test_regrid.py::test_attrs_dataset[linear],call,0.11,123.32
before,20,test_reversed[False-linear-latitude],tests/test_regrid.py::TestCoordOrder::test_reversed[False-linear-latitude],call,0.11,123.32
before,20,test_reversed[True-nearest-longitude],tests/test_regrid.py::TestCoordOrder::test_reversed[True-nearest-longitude],call,0.11,123.32
before,20,test_basic_regridders_da[nearest-cdo_file1],tests/test_regrid.py::test_basic_regridders_da[nearest-cdo_file1],call,0.1,123.32
before,20,test_basic_regridders_ds[nearest-cdo_file1],tests/test_regrid.py::test_basic_regridders_ds[nearest-cdo_file1],call,0.1,123.32
before,20,test_reversed[True-nearest-latitude],tests/test_regrid.py::TestCoordOrder::test_reversed[True-nearest-latitude],call,0.1,123.32
before,20,test_reversed[False-nearest-latitude],tests/test_regrid.py::TestCoordOrder::test_reversed[False-nearest-latitude],call,0.1,123.32
before,20,test_conservative_regridder,tests/test_regrid.py::test_conservative_regridder,setup,0.1,123.32
before,20,test_original[True-linear],tests/test_regrid.py::TestCoordOrder::test_original[True-linear],call,0.09,123.32
before,20,test_original[False-linear],tests/test_regrid.py::TestCoordOrder::test_original[False-linear],call,0.09,123.32
before,20,test_original[True-nearest],tests/test_regrid.py::TestCoordOrder::test_original[True-nearest],call,0.08,123.32
before,20,test_original[False-nearest],tests/test_regrid.py::TestCoordOrder::test_original[False-nearest],call,0.07,123.32
before,20,test_attrs_dataset[nearest],tests/test_regrid.py::test_attrs_dataset[nearest],call,0.07,123.32
before,20,test_attrs_dataarray[nearest],tests/test_regrid.py::test_attrs_dataarray[nearest],call,0.07,123.32
before,20,test_conservative_nan_aggregation_over_dims,tests/test_regrid.py::test_conservative_nan_aggregation_over_dims,call,0.02,123.32
before,20,test_conservative_nan_thresholds_against_coarsen[0],tests/test_regrid.py::test_conservative_nan_thresholds_against_coarsen[0],call,0.02,123.32
before,20,test_original[True-linear],tests/test_regrid.py::TestCoordOrder::test_original[True-linear],setup,0.02,123.32
before,20,test_conservative_nan_thresholds_against_coarsen[1],tests/test_regrid.py::test_conservative_nan_thresholds_against_coarsen[1],call,0.02,123.32
before,20,test_conservative_reversed[True-latitude],tests/test_regrid.py::TestCoordOrder::test_conservative_reversed[True-latitude],setup,0.02,123.32
before,20,test_conservative_reversed[False-latitude],tests/test_regrid.py::TestCoordOrder::test_conservative_reversed[False-latitude],setup,0.02,123.32
before,20,test_conservative_nans,tests/test_regrid.py::test_conservative_nans,setup,0.02,123.32
before,20,test_conservative_reversed[True-longitude],tests/test_regrid.py::TestCoordOrder::test_conservative_reversed[True-longitude],setup,0.02,123.32
before,20,test_conservative_original[False],tests/test_regrid.py::TestCoordOrder::test_conservative_original[False],setup,0.02,123.32
before,20,test_attrs_dataset[linear],tests/test_regrid.py::test_attrs_dataset[linear],setup,0.02,123.32
before,20,test_conservative_reversed[False-longitude],tests/test_regrid.py::TestCoordOrder::test_conservative_reversed[False-longitude],setup,0.02,123.32
before,20,test_attrs_dataarray[linear],tests/test_regrid.py::test_attrs_dataarray[linear],setup,0.02,123.32
before,20,test_reversed[True-linear-latitude],tests/test_regrid.py::TestCoordOrder::test_reversed[True-linear-latitude],setup,0.02,123.32
before,20,test_original[True-nearest],tests/test_regrid.py::TestCoordOrder::test_original[True-nearest],setup,0.02,123.32
before,20,test_reversed[True-cubic-longitude],tests/test_regrid.py::TestCoordOrder::test_reversed[True-cubic-longitude],setup,0.02,123.32
before,20,test_attrs_dataarray_conservative,tests/test_regrid.py::test_attrs_dataarray_conservative,setup,0.02,123.32
before,20,test_reversed[False-nearest-longitude],tests/test_regrid.py::TestCoordOrder::test_reversed[False-nearest-longitude],setup,0.02,123.32
before,20,test_conservative_original[True],tests/test_regrid.py::TestCoordOrder::test_conservative_original[True],setup,0.02,123.32
before,20,test_attrs_dataset_conservative,tests/test_regrid.py::test_attrs_dataset_conservative,setup,0.02,123.32
before,20,test_reversed[False-cubic-longitude],tests/test_regrid.py::TestCoordOrder::test_reversed[False-cubic-longitude],setup,0.02,123.32
before,20,test_reversed[False-linear-latitude],tests/test_regrid.py::TestCoordOrder::test_reversed[False-linear-latitude],setup,0.02,123.32
before,20,test_original[False-cubic],tests/test_regrid.py::TestCoordOrder::test_original[False-cubic],setup,0.02,123.32
before,20,test_basic_regridders_da[linear-cdo_file0],tests/test_regrid.py::test_basic_regridders_da[linear-cdo_file0],setup,0.02,123.32
before,20,test_reversed[False-cubic-latitude],tests/test_regrid.py::TestCoordOrder::test_reversed[False-cubic-latitude],setup,0.02,123.32
before,20,test_reversed[False-linear-longitude],tests/test_regrid.py::TestCoordOrder::test_reversed[False-linear-longitude],setup,0.02,123.32
before,20,test_attrs_dataset[nearest],tests/test_regrid.py::test_attrs_dataset[nearest],setup,0.01,123.32
before,20,test_reversed[True-cubic-latitude],tests/test_regrid.py::TestCoordOrder::test_reversed[True-cubic-latitude],setup,0.01,123.32
before,20,test_attrs_dataarray[cubic],tests/test_regrid.py::test_attrs_dataarray[cubic],setup,0.01,123.32
before,20,test_reversed[True-nearest-latitude],tests/test_regrid.py::TestCoordOrder::test_reversed[True-nearest-latitude],setup,0.01,123.32
before,20,test_attrs_dataarray[nearest],tests/test_regrid.py::test_attrs_dataarray[nearest],setup,0.01,123.32
before,20,test_attrs_dataset[cubic],tests/test_regrid.py::test_attrs_dataset[cubic],setup,0.01,123.32
before,20,test_original[False-linear],tests/test_regrid.py::TestCoordOrder::test_original[False-linear],setup,0.01,123.32
before,20,test_reversed[True-nearest-longitude],tests/test_regrid.py::TestCoordOrder::test_reversed[True-nearest-longitude],setup,0.01,123.32
before,20,test_original[True-cubic],tests/test_regrid.py::TestCoordOrder::test_original[True-cubic],setup,0.01,123.32
before,20,test_basic_regridders_ds[nearest-cdo_file1],tests/test_regrid.py::test_basic_regridders_ds[nearest-cdo_file1],setup,0.01,123.32
before,20,test_basic_regridders_da[nearest-cdo_file1],tests/test_regrid.py::test_basic_regridders_da[nearest-cdo_file1],setup,0.01,123.32
before,20,test_reversed[True-linear-longitude],tests/test_regrid.py::TestCoordOrder::test_reversed[True-linear-longitude],setup,0.01,123.32
before,20,test_reversed[False-nearest-latitude],tests/test_regrid.py::TestCoordOrder::test_reversed[False-nearest-latitude],setup,0.01,123.32
before,20,test_original[False-nearest],tests/test_regrid.py::TestCoordOrder::test_original[False-nearest],setup,0.01,123.32
before,21,test_conservative_reversed[True-latitude],tests/test_regrid.py::TestCoordOrder::test_conservative_reversed[True-latitude],call,10.78,122.06
before,21,test_attrs_dataset_conservative,tests/test_regrid.py::test_attrs_dataset_conservative,call,10.75,122.06
before,21,test_conservative_reversed[False-longitude],tests/test_regrid.py::TestCoordOrder::test_conservative_reversed[False-longitude],call,10.73,122.06
before,21,test_conservative_reversed[True-longitude],tests/test_regrid.py::TestCoordOrder::test_conservative_reversed[True-longitude],call,10.72,122.06
before,21,test_conservative_reversed[False-latitude],tests/test_regrid.py::TestCoordOrder::test_conservative_reversed[False-latitude],call,10.68,122.06
before,21,test_conservative_original[False],tests/test_regrid.py::TestCoordOrder::test_conservative_original[False],call,10.68,122.06
before,21,test_conservative_original[True],tests/test_regrid.py::TestCoordOrder::test_conservative_original[True],call,10.66,122.06
before,21,test_attrs_dataarray_conservative,tests/test_regrid.py::test_attrs_dataarray_conservative,call,10.64,122.06
before,21,test_reversed[False-cubic-longitude],tests/test_regrid.py::TestCoordOrder::test_reversed[False-cubic-longitude],call,4.08,122.06
before,21,test_reversed[True-cubic-longitude],tests/test_regrid.py::TestCoordOrder::test_reversed[True-cubic-longitude],call,4.0,122.06
before,21,test_original[True-cubic],tests/test_regrid.py::TestCoordOrder::test_original[True-cubic],call,3.98,122.06
before,21,test_reversed[True-cubic-latitude],tests/test_regrid.py::TestCoordOrder::test_reversed[True-cubic-latitude],call,3.98,122.06
before,21,test_reversed[False-cubic-latitude],tests/test_regrid.py::TestCoordOrder::test_reversed[False-cubic-latitude],call,3.98,122.06
before,21,test_attrs_dataarray[cubic],tests/test_regrid.py::test_attrs_dataarray[cubic],call,3.97,122.06
before,21,test_original[False-cubic],tests/test_regrid.py::TestCoordOrder::test_original[False-cubic],call,3.96,122.06
before,21,test_attrs_dataset[cubic],tests/test_regrid.py::test_attrs_dataset[cubic],call,3.96,122.06
before,21,test_conservative_nans,tests/test_regrid.py::test_conservative_nans,call,0.62,122.06
before,21,test_conservative_regridder,tests/test_regrid.py::test_conservative_regridder,call,0.57,122.06
before,21,test_basic_regridders_ds[linear-cdo_file0],tests/test_regrid.py::test_basic_regridders_ds[linear-cdo_file0],call,0.17,122.06
before,21,test_reversed[True-linear-longitude],tests/test_regrid.py::TestCoordOrder::test_reversed[True-linear-longitude],call,0.14,122.06
before,21,test_reversed[False-linear-longitude],tests/test_regrid.py::TestCoordOrder::test_reversed[False-linear-longitude],call,0.13,122.06
before,21,test_basic_regridders_ds[linear-cdo_file0],tests/test_regrid.py::test_basic_regridders_ds[linear-cdo_file0],setup,0.12,122.06
before,21,test_basic_regridders_da[linear-cdo_file0],tests/test_regrid.py::test_basic_regridders_da[linear-cdo_file0],call,0.12,122.06
before,21,test_attrs_dataarray[linear],tests/test_regrid.py::test_attrs_dataarray[linear],call,0.11,122.06
before,21,test_reversed[False-linear-latitude],tests/test_regrid.py::TestCoordOrder::test_reversed[False-linear-latitude],call,0.11,122.06
before,21,test_reversed[False-nearest-longitude],tests/test_regrid.py::TestCoordOrder::test_reversed[False-nearest-longitude],call,0.11,122.06
before,21,test_reversed[True-linear-latitude],tests/test_regrid.py::TestCoordOrder::test_reversed[True-linear-latitude],call,0.11,122.06
before,21,test_reversed[True-nearest-longitude],tests/test_regrid.py::TestCoordOrder::test_reversed[True-nearest-longitude],call,0.11,122.06
before,21,test_attrs_dataset[linear],tests/test_regrid.py::test_attrs_dataset[linear],call,0.11,122.06
before,21,test_basic_regridders_ds[nearest-cdo_file1],tests/test_regrid.py::test_basic_regridders_ds[nearest-cdo_file1],call,0.1,122.06
before,21,test_basic_regridders_da[nearest-cdo_file1],tests/test_regrid.py::test_basic_regridders_da[nearest-cdo_file1],call,0.1,122.06
before,21,test_reversed[False-nearest-latitude],tests/test_regrid.py::TestCoordOrder::test_reversed[False-nearest-latitude],call,0.1,122.06
before,21,test_reversed[True-nearest-latitude],tests/test_regrid.py::TestCoordOrder::test_reversed[True-nearest-latitude],call,0.09,122.06
before,21,test_conservative_regridder,tests/test_regrid.py::test_conservative_regridder,setup,0.09,122.06
before,21,test_original[False-linear],tests/test_regrid.py::TestCoordOrder::test_original[False-linear],call,0.09,122.06
before,21,test_original[True-linear],tests/test_regrid.py::TestCoordOrder::test_original[True-linear],call,0.09,122.06
before,21,test_original[True-nearest],tests/test_regrid.py::TestCoordOrder::test_original[True-nearest],call,0.08,122.06
before,21,test_original[False-nearest],tests/test_regrid.py::TestCoordOrder::test_original[False-nearest],call,0.08,122.06
before,21,test_attrs_dataset[nearest],tests/test_regrid.py::test_attrs_dataset[nearest],call,0.07,122.06
before,21,test_attrs_dataarray[nearest],tests/test_regrid.py::test_attrs_dataarray[nearest],call,0.07,122.06
before,21,test_conservative_nan_aggregation_over_dims,tests/test_regrid.py::test_conservative_nan_aggregation_over_dims,call,0.02,122.06
before,21,test_conservative_nan_thresholds_against_coarsen[0],tests/test_regrid.py::test_conservative_nan_thresholds_against_coarsen[0],call,0.02,122.06
before,21,test_conservative_nan_thresholds_against_coarsen[1],tests/test_regrid.py::test_conservative_nan_thresholds_against_coarsen[1],call,0.02,122.06
before,21,test_original[True-linear],tests/test_regrid.py::TestCoordOrder::test_original[True-linear],setup,0.02,122.06
before,21,test_conservative_reversed[True-latitude],tests/test_regrid.py::TestCoordOrder::test_conservative_reversed[True-latitude],setup,0.02,122.06
before,21,test_attrs_dataset[linear],tests/test_regrid.py::test_attrs_dataset[linear],setup,0.02,122.06
before,21,test_conservative_original[False],tests/test_regrid.py::TestCoordOrder::test_conservative_original[False],setup,0.02,122.06
before,21,test_conservative_reversed[False-longitude],tests/test_regrid.py::TestCoordOrder::test_conservative_reversed[False-longitude],setup,0.02,122.06
before,21,test_conservative_reversed[False-latitude],tests/test_regrid.py::TestCoordOrder::test_conservative_reversed[False-latitude],setup,0.02,122.06
before,21,test_conservative_reversed[True-longitude],tests/test_regrid.py::TestCoordOrder::test_conservative_reversed[True-longitude],setup,0.02,122.06
before,21,test_conservative_nans,tests/test_regrid.py::test_conservative_nans,setup,0.02,122.06
before,21,test_attrs_dataarray[linear],tests/test_regrid.py::test_attrs_dataarray[linear],setup,0.02,122.06
before,21,test_basic_regridders_da[linear-cdo_file0],tests/test_regrid.py::test_basic_regridders_da[linear-cdo_file0],setup,0.02,122.06
before,21,test_reversed[False-cubic-longitude],tests/test_regrid.py::TestCoordOrder::test_reversed[False-cubic-longitude],setup,0.02,122.06
before,21,test_reversed[True-cubic-longitude],tests/test_regrid.py::TestCoordOrder::test_reversed[True-cubic-longitude],setup,0.02,122.06
before,21,test_reversed[False-nearest-longitude],tests/test_regrid.py::TestCoordOrder::test_reversed[False-nearest-longitude],setup,0.02,122.06
before,21,test_attrs_dataarray_conservative,tests/test_regrid.py::test_attrs_dataarray_conservative,setup,0.02,122.06
before,21,test_original[False-cubic],tests/test_regrid.py::TestCoordOrder::test_original[False-cubic],setup,0.02,122.06
before,21,test_reversed[False-cubic-latitude],tests/test_regrid.py::TestCoordOrder::test_reversed[False-cubic-latitude],setup,0.02,122.06
before,21,test_conservative_original[True],tests/test_regrid.py::TestCoordOrder::test_conservative_original[True],setup,0.02,122.06
before,21,test_original[True-nearest],tests/test_regrid.py::TestCoordOrder::test_original[True-nearest],setup,0.02,122.06
before,21,test_reversed[False-linear-latitude],tests/test_regrid.py::TestCoordOrder::test_reversed[False-linear-latitude],setup,0.02,122.06
before,21,test_attrs_dataset[nearest],tests/test_regrid.py::test_attrs_dataset[nearest],setup,0.02,122.06
before,21,test_reversed[True-linear-latitude],tests/test_regrid.py::TestCoordOrder::test_reversed[True-linear-latitude],setup,0.01,122.06
before,21,test_original[False-linear],tests/test_regrid.py::TestCoordOrder::test_original[False-linear],setup,0.01,122.06
before,21,test_attrs_dataset_conservative,tests/test_regrid.py::test_attrs_dataset_conservative,setup,0.01,122.06
before,21,test_original[True-cubic],tests/test_regrid.py::TestCoordOrder::test_original[True-cubic],setup,0.01,122.06
before,21,test_attrs_dataarray[nearest],tests/test_regrid.py::test_attrs_dataarray[nearest],setup,0.01,122.06
before,21,test_reversed[False-linear-longitude],tests/test_regrid.py::TestCoordOrder::test_reversed[False-linear-longitude],setup,0.01,122.06
before,21,test_basic_regridders_ds[nearest-cdo_file1],tests/test_regrid.py::test_basic_regridders_ds[nearest-cdo_file1],setup,0.01,122.06
before,21,test_reversed[True-nearest-longitude],tests/test_regrid.py::TestCoordOrder::test_reversed[True-nearest-longitude],setup,0.01,122.06
before,21,test_attrs_dataset[cubic],tests/test_regrid.py::test_attrs_dataset[cubic],setup,0.01,122.06
before,21,test_reversed[True-cubic-latitude],tests/test_regrid.py::TestCoordOrder::test_reversed[True-cubic-latitude],setup,0.01,122.06
before,21,test_reversed[True-linear-longitude],tests/test_regrid.py::TestCoordOrder::test_reversed[True-linear-longitude],setup,0.01,122.06
before,21,test_attrs_dataarray[cubic],tests/test_regrid.py::test_attrs_dataarray[cubic],setup,0.01,122.06
before,21,test_basic_regridders_da[nearest-cdo_file1],tests/test_regrid.py::test_basic_regridders_da[nearest-cdo_file1],setup,0.01,122.06
before,21,test_reversed[True-nearest-latitude],tests/test_regrid.py::TestCoordOrder::test_reversed[True-nearest-latitude],setup,0.01,122.06
before,21,test_reversed[False-nearest-latitude],tests/test_regrid.py::TestCoordOrder::test_reversed[False-nearest-latitude],setup,0.01,122.06
before,21,test_original[False-nearest],tests/test_regrid.py::TestCoordOrder::test_original[False-nearest],setup,0.01,122.06
before,22,test_conservative_reversed[True-latitude],tests/test_regrid.py::TestCoordOrder::test_conservative_reversed[True-latitude],call,10.87,123.78
before,22,test_attrs_dataset_conservative,tests/test_regrid.py::test_attrs_dataset_conservative,call,10.78,123.78
before,22,test_attrs_dataarray_conservative,tests/test_regrid.py::test_attrs_dataarray_conservative,call,10.74,123.78
before,22,test_conservative_reversed[False-latitude],tests/test_regrid.py::TestCoordOrder::test_conservative_reversed[False-latitude],call,10.72,123.78
before,22,test_conservative_reversed[True-longitude],tests/test_regrid.py::TestCoordOrder::test_conservative_reversed[True-longitude],call,10.71,123.78
before,22,test_conservative_reversed[False-longitude],tests/test_regrid.py::TestCoordOrder::test_conservative_reversed[False-longitude],call,10.71,123.78
before,22,test_conservative_original[False],tests/test_regrid.py::TestCoordOrder::test_conservative_original[False],call,10.69,123.78
before,22,test_conservative_original[True],tests/test_regrid.py::TestCoordOrder::test_conservative_original[True],call,10.65,123.78
before,22,test_reversed[True-cubic-longitude],tests/test_regrid.py::TestCoordOrder::test_reversed[True-cubic-longitude],call,4.22,123.78
before,22,test_reversed[False-cubic-longitude],tests/test_regrid.py::TestCoordOrder::test_reversed[False-cubic-longitude],call,4.22,123.78
before,22,test_reversed[True-cubic-latitude],tests/test_regrid.py::TestCoordOrder::test_reversed[True-cubic-latitude],call,4.2,123.78
before,22,test_reversed[False-cubic-latitude],tests/test_regrid.py::TestCoordOrder::test_reversed[False-cubic-latitude],call,4.19,123.78
before,22,test_original[False-cubic],tests/test_regrid.py::TestCoordOrder::test_original[False-cubic],call,4.17,123.78
before,22,test_attrs_dataarray[cubic],tests/test_regrid.py::test_attrs_dataarray[cubic],call,4.16,123.78
before,22,test_original[True-cubic],tests/test_regrid.py::TestCoordOrder::test_original[True-cubic],call,4.15,123.78
before,22,test_attrs_dataset[cubic],tests/test_regrid.py::test_attrs_dataset[cubic],call,4.12,123.78
before,22,test_conservative_nans,tests/test_regrid.py::test_conservative_nans,call,0.62,123.78
before,22,test_conservative_regridder,tests/test_regrid.py::test_conservative_regridder,call,0.55,123.78
before,22,test_basic_regridders_ds[linear-cdo_file0],tests/test_regrid.py::test_basic_regridders_ds[linear-cdo_file0],call,0.17,123.78
before,22,test_reversed[False-linear-longitude],tests/test_regrid.py::TestCoordOrder::test_reversed[False-linear-longitude],call,0.13,123.78
before,22,test_reversed[True-linear-longitude],tests/test_regrid.py::TestCoordOrder::test_reversed[True-linear-longitude],call,0.13,123.78
before,22,test_basic_regridders_ds[linear-cdo_file0],tests/test_regrid.py::test_basic_regridders_ds[linear-cdo_file0],setup,0.12,123.78
before,22,test_attrs_dataarray[linear],tests/test_regrid.py::test_attrs_dataarray[linear],call,0.12,123.78
before,22,test_reversed[False-nearest-longitude],tests/test_regrid.py::TestCoordOrder::test_reversed[False-nearest-longitude],call,0.11,123.78
before,22,test_reversed[True-nearest-longitude],tests/test_regrid.py::TestCoordOrder::test_reversed[True-nearest-longitude],call,0.11,123.78
before,22,test_attrs_dataset[linear],tests/test_regrid.py::test_attrs_dataset[linear],call,0.11,123.78
before,22,test_reversed[False-linear-latitude],tests/test_regrid.py::TestCoordOrder::test_reversed[False-linear-latitude],call,0.11,123.78
before,22,test_reversed[True-linear-latitude],tests/test_regrid.py::TestCoordOrder::test_reversed[True-linear-latitude],call,0.11,123.78
before,22,test_basic_regridders_da[linear-cdo_file0],tests/test_regrid.py::test_basic_regridders_da[linear-cdo_file0],call,0.11,123.78
before,22,test_basic_regridders_da[nearest-cdo_file1],tests/test_regrid.py::test_basic_regridders_da[nearest-cdo_file1],call,0.1,123.78
before,22,test_basic_regridders_ds[nearest-cdo_file1],tests/test_regrid.py::test_basic_regridders_ds[nearest-cdo_file1],call,0.1,123.78
before,22,test_reversed[False-nearest-latitude],tests/test_regrid.py::TestCoordOrder::test_reversed[False-nearest-latitude],call,0.1,123.78
before,22,test_reversed[True-nearest-latitude],tests/test_regrid.py::TestCoordOrder::test_reversed[True-nearest-latitude],call,0.09,123.78
before,22,test_original[True-linear],tests/test_regrid.py::TestCoordOrder::test_original[True-linear],call,0.09,123.78
before,22,test_original[False-linear],tests/test_regrid.py::TestCoordOrder::test_original[False-linear],call,0.09,123.78
before,22,test_conservative_regridder,tests/test_regrid.py::test_conservative_regridder,setup,0.09,123.78
before,22,test_original[True-nearest],tests/test_regrid.py::TestCoordOrder::test_original[True-nearest],call,0.07,123.78
before,22,test_original[False-nearest],tests/test_regrid.py::TestCoordOrder::test_original[False-nearest],call,0.07,123.78
before,22,test_attrs_dataset[nearest],tests/test_regrid.py::test_attrs_dataset[nearest],call,0.07,123.78
before,22,test_attrs_dataarray[nearest],tests/test_regrid.py::test_attrs_dataarray[nearest],call,0.07,123.78
before,22,test_conservative_nan_aggregation_over_dims,tests/test_regrid.py::test_conservative_nan_aggregation_over_dims,call,0.02,123.78
before,22,test_conservative_nan_thresholds_against_coarsen[0],tests/test_regrid.py::test_conservative_nan_thresholds_against_coarsen[0],call,0.02,123.78
before,22,test_conservative_nan_thresholds_against_coarsen[1],tests/test_regrid.py::test_conservative_nan_thresholds_against_coarsen[1],call,0.02,123.78
before,22,test_original[True-linear],tests/test_regrid.py::TestCoordOrder::test_original[True-linear],setup,0.02,123.78
before,22,test_conservative_reversed[True-latitude],tests/test_regrid.py::TestCoordOrder::test_conservative_reversed[True-latitude],setup,0.02,123.78
before,22,test_attrs_dataarray[linear],tests/test_regrid.py::test_attrs_dataarray[linear],setup,0.02,123.78
before,22,test_conservative_reversed[False-longitude],tests/test_regrid.py::TestCoordOrder::test_conservative_reversed[False-longitude],setup,0.02,123.78
before,22,test_conservative_reversed[False-latitude],tests/test_regrid.py::TestCoordOrder::test_conservative_reversed[False-latitude],setup,0.02,123.78
before,22,test_attrs_dataset[linear],tests/test_regrid.py::test_attrs_dataset[linear],setup,0.02,123.78
before,22,test_conservative_original[False],tests/test_regrid.py::TestCoordOrder::test_conservative_original[False],setup,0.02,123.78
before,22,test_conservative_reversed[True-longitude],tests/test_regrid.py::TestCoordOrder::test_conservative_reversed[True-longitude],setup,0.02,123.78
before,22,test_conservative_nans,tests/test_regrid.py::test_conservative_nans,setup,0.02,123.78
before,22,test_reversed[False-cubic-longitude],tests/test_regrid.py::TestCoordOrder::test_reversed[False-cubic-longitude],setup,0.02,123.78
before,22,test_reversed[True-cubic-longitude],tests/test_regrid.py::TestCoordOrder::test_reversed[True-cubic-longitude],setup,0.02,123.78
before,22,test_attrs_dataset_conservative,tests/test_regrid.py::test_attrs_dataset_conservative,setup,0.02,123.78
before,22,test_reversed[False-cubic-latitude],tests/test_regrid.py::TestCoordOrder::test_reversed[False-cubic-latitude],setup,0.02,123.78
before,22,test_original[False-cubic],tests/test_regrid.py::TestCoordOrder::test_original[False-cubic],setup,0.02,123.78
before,22,test_basic_regridders_da[linear-cdo_file0],tests/test_regrid.py::test_basic_regridders_da[linear-cdo_file0],setup,0.02,123.78
before,22,test_reversed[False-nearest-longitude],tests/test_regrid.py::TestCoordOrder::test_reversed[False-nearest-longitude],setup,0.02,123.78
before,22,test_reversed[True-linear-latitude],tests/test_regrid.py::TestCoordOrder::test_reversed[True-linear-latitude],setup,0.02,123.78
before,22,test_original[True-cubic],tests/test_regrid.py::TestCoordOrder::test_original[True-cubic],setup,0.02,123.78
before,22,test_conservative_original[True],tests/test_regrid.py::TestCoordOrder::test_conservative_original[True],setup,0.02,123.78
before,22,test_reversed[False-linear-latitude],tests/test_regrid.py::TestCoordOrder::test_reversed[False-linear-latitude],setup,0.02,123.78
before,22,test_attrs_dataarray_conservative,tests/test_regrid.py::test_attrs_dataarray_conservative,setup,0.02,123.78
before,22,test_original[False-linear],tests/test_regrid.py::TestCoordOrder::test_original[False-linear],setup,0.01,123.78
before,22,test_attrs_dataarray[nearest],tests/test_regrid.py::test_attrs_dataarray[nearest],setup,0.01,123.78
before,22,test_attrs_dataset[cubic],tests/test_regrid.py::test_attrs_dataset[cubic],setup,0.01,123.78
before,22,test_attrs_dataset[nearest],tests/test_regrid.py::test_attrs_dataset[nearest],setup,0.01,123.78
before,22,test_original[True-nearest],tests/test_regrid.py::TestCoordOrder::test_original[True-nearest],setup,0.01,123.78
before,22,test_reversed[False-linear-longitude],tests/test_regrid.py::TestCoordOrder::test_reversed[False-linear-longitude],setup,0.01,123.78
before,22,test_reversed[True-nearest-longitude],tests/test_regrid.py::TestCoordOrder::test_reversed[True-nearest-longitude],setup,0.01,123.78
before,22,test_basic_regridders_da[nearest-cdo_file1],tests/test_regrid.py::test_basic_regridders_da[nearest-cdo_file1],setup,0.01,123.78
before,22,test_attrs_dataarray[cubic],tests/test_regrid.py::test_attrs_dataarray[cubic],setup,0.01,123.78
before,22,test_original[False-nearest],tests/test_regrid.py::TestCoordOrder::test_original[False-nearest],setup,0.01,123.78
before,22,test_reversed[True-cubic-latitude],tests/test_regrid.py::TestCoordOrder::test_reversed[True-cubic-latitude],setup,0.01,123.78
before,22,test_basic_regridders_ds[nearest-cdo_file1],tests/test_regrid.py::test_basic_regridders_ds[nearest-cdo_file1],setup,0.01,123.78
before,22,test_reversed[True-linear-longitude],tests/test_regrid.py::TestCoordOrder::test_reversed[True-linear-longitude],setup,0.01,123.78
before,22,test_reversed[True-nearest-latitude],tests/test_regrid.py::TestCoordOrder::test_reversed[True-nearest-latitude],setup,0.01,123.78
before,22,test_reversed[False-nearest-latitude],tests/test_regrid.py::TestCoordOrder::test_reversed[False-nearest-latitude],setup,0.01,123.78
before,23,test_conservative_reversed[True-latitude],tests/test_regrid.py::TestCoordOrder::test_conservative_reversed[True-latitude],call,10.77,123.05
before,23,test_conservative_reversed[False-longitude],tests/test_regrid.py::TestCoordOrder::test_conservative_reversed[False-longitude],call,10.76,123.05
before,23,test_attrs_dataset_conservative,tests/test_regrid.py::test_attrs_dataset_conservative,call,10.75,123.05
before,23,test_conservative_reversed[True-longitude],tests/test_regrid.py::TestCoordOrder::test_conservative_reversed[True-longitude],call,10.75,123.05
before,23,test_conservative_original[False],tests/test_regrid.py::TestCoordOrder::test_conservative_original[False],call,10.72,123.05
before,23,test_conservative_original[True],tests/test_regrid.py::TestCoordOrder::test_conservative_original[True],call,10.71,123.05
before,23,test_conservative_reversed[False-latitude],tests/test_regrid.py::TestCoordOrder::test_conservative_reversed[False-latitude],call,10.7,123.05
before,23,test_attrs_dataarray_conservative,tests/test_regrid.py::test_attrs_dataarray_conservative,call,10.66,123.05
before,23,test_reversed[False-cubic-longitude],tests/test_regrid.py::TestCoordOrder::test_reversed[False-cubic-longitude],call,4.11,123.05
before,23,test_reversed[False-cubic-latitude],tests/test_regrid.py::TestCoordOrder::test_reversed[False-cubic-latitude],call,4.03,123.05
before,23,test_reversed[True-cubic-longitude],tests/test_regrid.py::TestCoordOrder::test_reversed[True-cubic-longitude],call,4.01,123.05
before,23,test_original[True-cubic],tests/test_regrid.py::TestCoordOrder::test_original[True-cubic],call,3.99,123.05
before,23,test_reversed[True-cubic-latitude],tests/test_regrid.py::TestCoordOrder::test_reversed[True-cubic-latitude],call,3.99,123.05
before,23,test_attrs_dataarray[cubic],tests/test_regrid.py::test_attrs_dataarray[cubic],call,3.98,123.05
before,23,test_attrs_dataset[cubic],tests/test_regrid.py::test_attrs_dataset[cubic],call,3.94,123.05
before,23,test_original[False-cubic],tests/test_regrid.py::TestCoordOrder::test_original[False-cubic],call,3.94,123.05
before,23,test_conservative_nans,tests/test_regrid.py::test_conservative_nans,call,0.98,123.05
before,23,test_conservative_regridder,tests/test_regrid.py::test_conservative_regridder,call,0.89,123.05
before,23,test_basic_regridders_ds[linear-cdo_file0],tests/test_regrid.py::test_basic_regridders_ds[linear-cdo_file0],call,0.17,123.05
before,23,test_reversed[True-linear-longitude],tests/test_regrid.py::TestCoordOrder::test_reversed[True-linear-longitude],call,0.14,123.05
before,23,test_reversed[False-linear-longitude],tests/test_regrid.py::TestCoordOrder::test_reversed[False-linear-longitude],call,0.13,123.05
before,23,test_basic_regridders_da[linear-cdo_file0],tests/test_regrid.py::test_basic_regridders_da[linear-cdo_file0],call,0.13,123.05
before,23,test_basic_regridders_ds[linear-cdo_file0],tests/test_regrid.py::test_basic_regridders_ds[linear-cdo_file0],setup,0.12,123.05
before,23,test_attrs_dataarray[linear],tests/test_regrid.py::test_attrs_dataarray[linear],call,0.11,123.05
before,23,test_reversed[True-linear-latitude],tests/test_regrid.py::TestCoordOrder::test_reversed[True-linear-latitude],call,0.11,123.05
before,23,test_reversed[False-nearest-longitude],tests/test_regrid.py::TestCoordOrder::test_reversed[False-nearest-longitude],call,0.11,123.05
before,23,test_reversed[False-linear-latitude],tests/test_regrid.py::TestCoordOrder::test_reversed[False-linear-latitude],call,0.11,123.05
before,23,test_reversed[True-nearest-longitude],tests/test_regrid.py::TestCoordOrder::test_reversed[True-nearest-longitude],call,0.11,123.05
before,23,test_attrs_dataset[linear],tests/test_regrid.py::test_attrs_dataset[linear],call,0.11,123.05
before,23,test_basic_regridders_ds[nearest-cdo_file1],tests/test_regrid.py::test_basic_regridders_ds[nearest-cdo_file1],call,0.11,123.05
before,23,test_basic_regridders_da[nearest-cdo_file1],tests/test_regrid.py::test_basic_regridders_da[nearest-cdo_file1],call,0.1,123.05
before,23,test_reversed[False-nearest-latitude],tests/test_regrid.py::TestCoordOrder::test_reversed[False-nearest-latitude],call,0.1,123.05
before,23,test_reversed[True-nearest-latitude],tests/test_regrid.py::TestCoordOrder::test_reversed[True-nearest-latitude],call,0.1,123.05
before,23,test_conservative_regridder,tests/test_regrid.py::test_conservative_regridder,setup,0.09,123.05
before,23,test_original[False-linear],tests/test_regrid.py::TestCoordOrder::test_original[False-linear],call,0.09,123.05
before,23,test_original[True-linear],tests/test_regrid.py::TestCoordOrder::test_original[True-linear],call,0.09,123.05
before,23,test_original[False-nearest],tests/test_regrid.py::TestCoordOrder::test_original[False-nearest],call,0.08,123.05
before,23,test_original[True-nearest],tests/test_regrid.py::TestCoordOrder::test_original[True-nearest],call,0.07,123.05
before,23,test_attrs_dataset[nearest],tests/test_regrid.py::test_attrs_dataset[nearest],call,0.07,123.05
before,23,test_attrs_dataarray[nearest],tests/test_regrid.py::test_attrs_dataarray[nearest],call,0.07,123.05
before,23,test_conservative_nan_aggregation_over_dims,tests/test_regrid.py::test_conservative_nan_aggregation_over_dims,call,0.02,123.05
before,23,test_conservative_nan_thresholds_against_coarsen[0],tests/test_regrid.py::test_conservative_nan_thresholds_against_coarsen[0],call,0.02,123.05
before,23,test_conservative_nan_thresholds_against_coarsen[1],tests/test_regrid.py::test_conservative_nan_thresholds_against_coarsen[1],call,0.02,123.05
before,23,test_conservative_reversed[True-latitude],tests/test_regrid.py::TestCoordOrder::test_conservative_reversed[True-latitude],setup,0.02,123.05
before,23,test_conservative_reversed[False-latitude],tests/test_regrid.py::TestCoordOrder::test_conservative_reversed[False-latitude],setup,0.02,123.05
before,23,test_original[True-linear],tests/test_regrid.py::TestCoordOrder::test_original[True-linear],setup,0.02,123.05
before,23,test_conservative_nans,tests/test_regrid.py::test_conservative_nans,setup,0.02,123.05
before,23,test_attrs_dataarray[linear],tests/test_regrid.py::test_attrs_dataarray[linear],setup,0.02,123.05
before,23,test_conservative_original[False],tests/test_regrid.py::TestCoordOrder::test_conservative_original[False],setup,0.02,123.05
before,23,test_attrs_dataset[linear],tests/test_regrid.py::test_attrs_dataset[linear],setup,0.02,123.05
before,23,test_conservative_reversed[False-longitude],tests/test_regrid.py::TestCoordOrder::test_conservative_reversed[False-longitude],setup,0.02,123.05
before,23,test_conservative_reversed[True-longitude],tests/test_regrid.py::TestCoordOrder::test_conservative_reversed[True-longitude],setup,0.02,123.05
before,23,test_conservative_original[True],tests/test_regrid.py::TestCoordOrder::test_conservative_original[True],setup,0.02,123.05
before,23,test_original[False-linear],tests/test_regrid.py::TestCoordOrder::test_original[False-linear],setup,0.02,123.05
before,23,test_attrs_dataarray_conservative,tests/test_regrid.py::test_attrs_dataarray_conservative,setup,0.02,123.05
before,23,test_attrs_dataset_conservative,tests/test_regrid.py::test_attrs_dataset_conservative,setup,0.02,123.05
before,23,test_reversed[True-linear-latitude],tests/test_regrid.py::TestCoordOrder::test_reversed[True-linear-latitude],setup,0.02,123.05
before,23,test_reversed[False-nearest-longitude],tests/test_regrid.py::TestCoordOrder::test_reversed[False-nearest-longitude],setup,0.02,123.05
before,23,test_reversed[True-cubic-longitude],tests/test_regrid.py::TestCoordOrder::test_reversed[True-cubic-longitude],setup,0.02,123.05
before,23,test_basic_regridders_da[linear-cdo_file0],tests/test_regrid.py::test_basic_regridders_da[linear-cdo_file0],setup,0.02,123.05
before,23,test_reversed[False-cubic-longitude],tests/test_regrid.py::TestCoordOrder::test_reversed[False-cubic-longitude],setup,0.02,123.05
before,23,test_original[False-cubic],tests/test_regrid.py::TestCoordOrder::test_original[False-cubic],setup,0.02,123.05
before,23,test_reversed[False-linear-latitude],tests/test_regrid.py::TestCoordOrder::test_reversed[False-linear-latitude],setup,0.02,123.05
before,23,test_reversed[False-cubic-latitude],tests/test_regrid.py::TestCoordOrder::test_reversed[False-cubic-latitude],setup,0.02,123.05
before,23,test_attrs_dataset[nearest],tests/test_regrid.py::test_attrs_dataset[nearest],setup,0.02,123.05
before,23,test_original[True-nearest],tests/test_regrid.py::TestCoordOrder::test_original[True-nearest],setup,0.02,123.05
before,23,test_reversed[False-linear-longitude],tests/test_regrid.py::TestCoordOrder::test_reversed[False-linear-longitude],setup,0.02,123.05
before,23,test_reversed[True-nearest-longitude],tests/test_regrid.py::TestCoordOrder::test_reversed[True-nearest-longitude],setup,0.01,123.05
before,23,test_basic_regridders_ds[nearest-cdo_file1],tests/test_regrid.py::test_basic_regridders_ds[nearest-cdo_file1],setup,0.01,123.05
before,23,test_original[False-nearest],tests/test_regrid.py::TestCoordOrder::test_original[False-nearest],setup,0.01,123.05
before,23,test_attrs_dataset[cubic],tests/test_regrid.py::test_attrs_dataset[cubic],setup,0.01,123.05
before,23,test_attrs_dataarray[nearest],tests/test_regrid.py::test_attrs_dataarray[nearest],setup,0.01,123.05
before,23,test_original[True-cubic],tests/test_regrid.py::TestCoordOrder::test_original[True-cubic],setup,0.01,123.05
before,23,test_reversed[True-linear-longitude],tests/test_regrid.py::TestCoordOrder::test_reversed[True-linear-longitude],setup,0.01,123.05
before,23,test_basic_regridders_da[nearest-cdo_file1],tests/test_regrid.py::test_basic_regridders_da[nearest-cdo_file1],setup,0.01,123.05
before,23,test_attrs_dataarray[cubic],tests/test_regrid.py::test_attrs_dataarray[cubic],setup,0.01,123.05
before,23,test_reversed[True-cubic-latitude],tests/test_regrid.py::TestCoordOrder::test_reversed[True-cubic-latitude],setup,0.01,123.05
before,23,test_reversed[True-nearest-latitude],tests/test_regrid.py::TestCoordOrder::test_reversed[True-nearest-latitude],setup,0.01,123.05
before,23,test_reversed[False-nearest-latitude],tests/test_regrid.py::TestCoordOrder::test_reversed[False-nearest-latitude],setup,0.01,123.05
before,24,test_conservative_reversed[True-latitude],tests/test_regrid.py::TestCoordOrder::test_conservative_reversed[True-latitude],call,10.85,124.35
before,24,test_attrs_dataset_conservative,tests/test_regrid.py::test_attrs_dataset_conservative,call,10.8,124.35
before,24,test_conservative_reversed[False-latitude],tests/test_regrid.py::TestCoordOrder::test_conservative_reversed[False-latitude],call,10.78,124.35
before,24,test_conservative_reversed[False-longitude],tests/test_regrid.py::TestCoordOrder::test_conservative_reversed[False-longitude],call,10.77,124.35
before,24,test_conservative_reversed[True-longitude],tests/test_regrid.py::TestCoordOrder::test_conservative_reversed[True-longitude],call,10.77,124.35
before,24,test_conservative_original[False],tests/test_regrid.py::TestCoordOrder::test_conservative_original[False],call,10.71,124.35
before,24,test_conservative_original[True],tests/test_regrid.py::TestCoordOrder::test_conservative_original[True],call,10.68,124.35
before,24,test_attrs_dataarray_conservative,tests/test_regrid.py::test_attrs_dataarray_conservative,call,10.65,124.35
before,24,test_reversed[False-cubic-longitude],tests/test_regrid.py::TestCoordOrder::test_reversed[False-cubic-longitude],call,4.23,124.35
before,24,test_reversed[False-cubic-latitude],tests/test_regrid.py::TestCoordOrder::test_reversed[False-cubic-latitude],call,4.19,124.35
before,24,test_original[False-cubic],tests/test_regrid.py::TestCoordOrder::test_original[False-cubic],call,4.19,124.35
before,24,test_reversed[True-cubic-longitude],tests/test_regrid.py::TestCoordOrder::test_reversed[True-cubic-longitude],call,4.19,124.35
before,24,test_reversed[True-cubic-latitude],tests/test_regrid.py::TestCoordOrder::test_reversed[True-cubic-latitude],call,4.19,124.35
before,24,test_attrs_dataset[cubic],tests/test_regrid.py::test_attrs_dataset[cubic],call,4.15,124.35
before,24,test_original[True-cubic],tests/test_regrid.py::TestCoordOrder::test_original[True-cubic],call,4.1,124.35
before,24,test_attrs_dataarray[cubic],tests/test_regrid.py::test_attrs_dataarray[cubic],call,4.1,124.35
before,24,test_conservative_nans,tests/test_regrid.py::test_conservative_nans,call,0.97,124.35
before,24,test_conservative_regridder,tests/test_regrid.py::test_conservative_regridder,call,0.72,124.35
before,24,test_basic_regridders_ds[linear-cdo_file0],tests/test_regrid.py::test_basic_regridders_ds[linear-cdo_file0],call,0.17,124.35
before,24,test_reversed[True-linear-longitude],tests/test_regrid.py::TestCoordOrder::test_reversed[True-linear-longitude],call,0.13,124.35
before,24,test_reversed[False-linear-longitude],tests/test_regrid.py::TestCoordOrder::test_reversed[False-linear-longitude],call,0.13,124.35
before,24,test_basic_regridders_ds[linear-cdo_file0],tests/test_regrid.py::test_basic_regridders_ds[linear-cdo_file0],setup,0.12,124.35
before,24,test_attrs_dataarray[linear],tests/test_regrid.py::test_attrs_dataarray[linear],call,0.11,124.35
before,24,test_attrs_dataset[linear],tests/test_regrid.py::test_attrs_dataset[linear],call,0.11,124.35
before,24,test_reversed[False-nearest-longitude],tests/test_regrid.py::TestCoordOrder::test_reversed[False-nearest-longitude],call,0.11,124.35
before,24,test_reversed[True-nearest-longitude],tests/test_regrid.py::TestCoordOrder::test_reversed[True-nearest-longitude],call,0.11,124.35
before,24,test_reversed[False-linear-latitude],tests/test_regrid.py::TestCoordOrder::test_reversed[False-linear-latitude],call,0.11,124.35
before,24,test_reversed[True-linear-latitude],tests/test_regrid.py::TestCoordOrder::test_reversed[True-linear-latitude],call,0.11,124.35
before,24,test_basic_regridders_da[linear-cdo_file0],tests/test_regrid.py::test_basic_regridders_da[linear-cdo_file0],call,0.11,124.35
before,24,test_basic_regridders_da[nearest-cdo_file1],tests/test_regrid.py::test_basic_regridders_da[nearest-cdo_file1],call,0.1,124.35
before,24,test_basic_regridders_ds[nearest-cdo_file1],tests/test_regrid.py::test_basic_regridders_ds[nearest-cdo_file1],call,0.1,124.35
before,24,test_reversed[False-nearest-latitude],tests/test_regrid.py::TestCoordOrder::test_reversed[False-nearest-latitude],call,0.1,124.35
before,24,test_reversed[True-nearest-latitude],tests/test_regrid.py::TestCoordOrder::test_reversed[True-nearest-latitude],call,0.09,124.35
before,24,test_original[True-linear],tests/test_regrid.py::TestCoordOrder::test_original[True-linear],call,0.09,124.35
before,24,test_conservative_regridder,tests/test_regrid.py::test_conservative_regridder,setup,0.09,124.35
before,24,test_original[False-linear],tests/test_regrid.py::TestCoordOrder::test_original[False-linear],call,0.09,124.35
before,24,test_original[False-nearest],tests/test_regrid.py::TestCoordOrder::test_original[False-nearest],call,0.07,124.35
before,24,test_original[True-nearest],tests/test_regrid.py::TestCoordOrder::test_original[True-nearest],call,0.07,124.35
before,24,test_attrs_dataarray[nearest],tests/test_regrid.py::test_attrs_dataarray[nearest],call,0.07,124.35
before,24,test_attrs_dataset[nearest],tests/test_regrid.py::test_attrs_dataset[nearest],call,0.07,124.35
before,24,test_conservative_nan_aggregation_over_dims,tests/test_regrid.py::test_conservative_nan_aggregation_over_dims,call,0.02,124.35
before,24,test_conservative_nan_thresholds_against_coarsen[0],tests/test_regrid.py::test_conservative_nan_thresholds_against_coarsen[0],call,0.02,124.35
before,24,test_conservative_nan_thresholds_against_coarsen[1],tests/test_regrid.py::test_conservative_nan_thresholds_against_coarsen[1],call,0.02,124.35
before,24,test_conservative_reversed[True-latitude],tests/test_regrid.py::TestCoordOrder::test_conservative_reversed[True-latitude],setup,0.02,124.35
before,24,test_attrs_dataarray[linear],tests/test_regrid.py::test_attrs_dataarray[linear],setup,0.02,124.35
before,24,test_conservative_reversed[False-latitude],tests/test_regrid.py::TestCoordOrder::test_conservative_reversed[False-latitude],setup,0.02,124.35
before,24,test_original[True-linear],tests/test_regrid.py::TestCoordOrder::test_original[True-linear],setup,0.02,124.35
before,24,test_conservative_reversed[True-longitude],tests/test_regrid.py::TestCoordOrder::test_conservative_reversed[True-longitude],setup,0.02,124.35
before,24,test_conservative_original[False],tests/test_regrid.py::TestCoordOrder::test_conservative_original[False],setup,0.02,124.35
before,24,test_conservative_nans,tests/test_regrid.py::test_conservative_nans,setup,0.02,124.35
before,24,test_attrs_dataset[linear],tests/test_regrid.py::test_attrs_dataset[linear],setup,0.02,124.35
before,24,test_conservative_reversed[False-longitude],tests/test_regrid.py::TestCoordOrder::test_conservative_reversed[False-longitude],setup,0.02,124.35
before,24,test_reversed[True-cubic-longitude],tests/test_regrid.py::TestCoordOrder::test_reversed[True-cubic-longitude],setup,0.02,124.35
before,24,test_reversed[False-linear-latitude],tests/test_regrid.py::TestCoordOrder::test_reversed[False-linear-latitude],setup,0.02,124.35
before,24,test_reversed[False-cubic-longitude],tests/test_regrid.py::TestCoordOrder::test_reversed[False-cubic-longitude],setup,0.02,124.35
before,24,test_conservative_original[True],tests/test_regrid.py::TestCoordOrder::test_conservative_original[True],setup,0.02,124.35
before,24,test_reversed[False-cubic-latitude],tests/test_regrid.py::TestCoordOrder::test_reversed[False-cubic-latitude],setup,0.02,124.35
before,24,test_attrs_dataarray_conservative,tests/test_regrid.py::test_attrs_dataarray_conservative,setup,0.02,124.35
before,24,test_reversed[False-nearest-longitude],tests/test_regrid.py::TestCoordOrder::test_reversed[False-nearest-longitude],setup,0.02,124.35
before,24,test_original[False-cubic],tests/test_regrid.py::TestCoordOrder::test_original[False-cubic],setup,0.02,124.35
before,24,test_basic_regridders_da[linear-cdo_file0],tests/test_regrid.py::test_basic_regridders_da[linear-cdo_file0],setup,0.02,124.35
before,24,test_attrs_dataset[nearest],tests/test_regrid.py::test_attrs_dataset[nearest],setup,0.02,124.35
before,24,test_original[True-nearest],tests/test_regrid.py::TestCoordOrder::test_original[True-nearest],setup,0.01,124.35
before,24,test_attrs_dataarray[nearest],tests/test_regrid.py::test_attrs_dataarray[nearest],setup,0.01,124.35
before,24,test_original[False-linear],tests/test_regrid.py::TestCoordOrder::test_original[False-linear],setup,0.01,124.35
before,24,test_reversed[False-linear-longitude],tests/test_regrid.py::TestCoordOrder::test_reversed[False-linear-longitude],setup,0.01,124.35
before,24,test_reversed[True-linear-latitude],tests/test_regrid.py::TestCoordOrder::test_reversed[True-linear-latitude],setup,0.01,124.35
before,24,test_attrs_dataset_conservative,tests/test_regrid.py::test_attrs_dataset_conservative,setup,0.01,124.35
before,24,test_original[True-cubic],tests/test_regrid.py::TestCoordOrder::test_original[True-cubic],setup,0.01,124.35
before,24,test_basic_regridders_da[nearest-cdo_file1],tests/test_regrid.py::test_basic_regridders_da[nearest-cdo_file1],setup,0.01,124.35
before,24,test_reversed[True-nearest-longitude],tests/test_regrid.py::TestCoordOrder::test_reversed[True-nearest-longitude],setup,0.01,124.35
before,24,test_attrs_dataarray[cubic],tests/test_regrid.py::test_attrs_dataarray[cubic],setup,0.01,124.35
before,24,test_attrs_dataset[cubic],tests/test_regrid.py::test_attrs_dataset[cubic],setup,0.01,124.35
before,24,test_reversed[True-cubic-latitude],tests/test_regrid.py::TestCoordOrder::test_reversed[True-cubic-latitude],setup,0.01,124.35
before,24,test_reversed[False-nearest-latitude],tests/test_regrid.py::TestCoordOrder::test_reversed[False-nearest-latitude],setup,0.01,124.35
before,24,test_original[False-nearest],tests/test_regrid.py::TestCoordOrder::test_original[False-nearest],setup,0.01,124.35
before,24,test_basic_regridders_ds[nearest-cdo_file1],tests/test_regrid.py::test_basic_regridders_ds[nearest-cdo_file1],setup,0.01,124.35
before,24,test_reversed[True-linear-longitude],tests/test_regrid.py::TestCoordOrder::test_reversed[True-linear-longitude],setup,0.01,124.35
before,24,test_reversed[True-nearest-latitude],tests/test_regrid.py::TestCoordOrder::test_reversed[True-nearest-latitude],setup,0.01,124.35
before,25,test_conservative_reversed[True-latitude],tests/test_regrid.py::TestCoordOrder::test_conservative_reversed[True-latitude],call,10.79,122.53
before,25,test_attrs_dataset_conservative,tests/test_regrid.py::test_attrs_dataset_conservative,call,10.79,122.53
before,25,test_conservative_reversed[True-longitude],tests/test_regrid.py::TestCoordOrder::test_conservative_reversed[True-longitude],call,10.71,122.53
before,25,test_conservative_reversed[False-latitude],tests/test_regrid.py::TestCoordOrder::test_conservative_reversed[False-latitude],call,10.7,122.53
before,25,test_conservative_reversed[False-longitude],tests/test_regrid.py::TestCoordOrder::test_conservative_reversed[False-longitude],call,10.7,122.53
before,25,test_attrs_dataarray_conservative,tests/test_regrid.py::test_attrs_dataarray_conservative,call,10.69,122.53
before,25,test_conservative_original[False],tests/test_regrid.py::TestCoordOrder::test_conservative_original[False],call,10.69,122.53
before,25,test_conservative_original[True],tests/test_regrid.py::TestCoordOrder::test_conservative_original[True],call,10.66,122.53
before,25,test_reversed[False-cubic-longitude],tests/test_regrid.py::TestCoordOrder::test_reversed[False-cubic-longitude],call,4.1,122.53
before,25,test_attrs_dataarray[cubic],tests/test_regrid.py::test_attrs_dataarray[cubic],call,4.09,122.53
before,25,test_reversed[False-cubic-latitude],tests/test_regrid.py::TestCoordOrder::test_reversed[False-cubic-latitude],call,4.04,122.53
before,25,test_attrs_dataset[cubic],tests/test_regrid.py::test_attrs_dataset[cubic],call,4.01,122.53
before,25,test_reversed[True-cubic-longitude],tests/test_regrid.py::TestCoordOrder::test_reversed[True-cubic-longitude],call,3.99,122.53
before,25,test_reversed[True-cubic-latitude],tests/test_regrid.py::TestCoordOrder::test_reversed[True-cubic-latitude],call,3.99,122.53
before,25,test_original[True-cubic],tests/test_regrid.py::TestCoordOrder::test_original[True-cubic],call,3.98,122.53
before,25,test_original[False-cubic],tests/test_regrid.py::TestCoordOrder::test_original[False-cubic],call,3.97,122.53
before,25,test_conservative_nans,tests/test_regrid.py::test_conservative_nans,call,0.68,122.53
before,25,test_conservative_regridder,tests/test_regrid.py::test_conservative_regridder,call,0.58,122.53
before,25,test_basic_regridders_ds[linear-cdo_file0],tests/test_regrid.py::test_basic_regridders_ds[linear-cdo_file0],call,0.17,122.53
before,25,test_reversed[True-linear-longitude],tests/test_regrid.py::TestCoordOrder::test_reversed[True-linear-longitude],call,0.14,122.53
before,25,test_reversed[False-linear-longitude],tests/test_regrid.py::TestCoordOrder::test_reversed[False-linear-longitude],call,0.13,122.53
before,25,test_basic_regridders_da[linear-cdo_file0],tests/test_regrid.py::test_basic_regridders_da[linear-cdo_file0],call,0.12,122.53
before,25,test_basic_regridders_ds[linear-cdo_file0],tests/test_regrid.py::test_basic_regridders_ds[linear-cdo_file0],setup,0.12,122.53
before,25,test_attrs_dataarray[linear],tests/test_regrid.py::test_attrs_dataarray[linear],call,0.12,122.53
before,25,test_reversed[False-linear-latitude],tests/test_regrid.py::TestCoordOrder::test_reversed[False-linear-latitude],call,0.11,122.53
before,25,test_reversed[True-nearest-longitude],tests/test_regrid.py::TestCoordOrder::test_reversed[True-nearest-longitude],call,0.11,122.53
before,25,test_reversed[True-linear-latitude],tests/test_regrid.py::TestCoordOrder::test_reversed[True-linear-latitude],call,0.11,122.53
before,25,test_reversed[False-nearest-longitude],tests/test_regrid.py::TestCoordOrder::test_reversed[False-nearest-longitude],call,0.11,122.53
before,25,test_attrs_dataset[linear],tests/test_regrid.py::test_attrs_dataset[linear],call,0.11,122.53
before,25,test_basic_regridders_da[nearest-cdo_file1],tests/test_regrid.py::test_basic_regridders_da[nearest-cdo_file1],call,0.11,122.53
before,25,test_basic_regridders_ds[nearest-cdo_file1],tests/test_regrid.py::test_basic_regridders_ds[nearest-cdo_file1],call,0.1,122.53
before,25,test_reversed[False-nearest-latitude],tests/test_regrid.py::TestCoordOrder::test_reversed[False-nearest-latitude],call,0.1,122.53
before,25,test_reversed[True-nearest-latitude],tests/test_regrid.py::TestCoordOrder::test_reversed[True-nearest-latitude],call,0.1,122.53
before,25,test_conservative_regridder,tests/test_regrid.py::test_conservative_regridder,setup,0.1,122.53
before,25,test_original[False-linear],tests/test_regrid.py::TestCoordOrder::test_original[False-linear],call,0.09,122.53
before,25,test_original[True-linear],tests/test_regrid.py::TestCoordOrder::test_original[True-linear],call,0.09,122.53
before,25,test_original[False-nearest],tests/test_regrid.py::TestCoordOrder::test_original[False-nearest],call,0.08,122.53
before,25,test_original[True-nearest],tests/test_regrid.py::TestCoordOrder::test_original[True-nearest],call,0.08,122.53
before,25,test_attrs_dataset[nearest],tests/test_regrid.py::test_attrs_dataset[nearest],call,0.07,122.53
before,25,test_attrs_dataarray[nearest],tests/test_regrid.py::test_attrs_dataarray[nearest],call,0.07,122.53
before,25,test_conservative_nan_aggregation_over_dims,tests/test_regrid.py::test_conservative_nan_aggregation_over_dims,call,0.02,122.53
before,25,test_conservative_nan_thresholds_against_coarsen[0],tests/test_regrid.py::test_conservative_nan_thresholds_against_coarsen[0],call,0.02,122.53
before,25,test_attrs_dataarray[linear],tests/test_regrid.py::test_attrs_dataarray[linear],setup,0.02,122.53
before,25,test_conservative_nan_thresholds_against_coarsen[1],tests/test_regrid.py::test_conservative_nan_thresholds_against_coarsen[1],call,0.02,122.53
before,25,test_original[True-linear],tests/test_regrid.py::TestCoordOrder::test_original[True-linear],setup,0.02,122.53
before,25,test_conservative_reversed[False-latitude],tests/test_regrid.py::TestCoordOrder::test_conservative_reversed[False-latitude],setup,0.02,122.53
before,25,test_conservative_reversed[True-latitude],tests/test_regrid.py::TestCoordOrder::test_conservative_reversed[True-latitude],setup,0.02,122.53
before,25,test_attrs_dataset[linear],tests/test_regrid.py::test_attrs_dataset[linear],setup,0.02,122.53
before,25,test_conservative_original[False],tests/test_regrid.py::TestCoordOrder::test_conservative_original[False],setup,0.02,122.53
before,25,test_conservative_reversed[False-longitude],tests/test_regrid.py::TestCoordOrder::test_conservative_reversed[False-longitude],setup,0.02,122.53
before,25,test_conservative_nans,tests/test_regrid.py::test_conservative_nans,setup,0.02,122.53
before,25,test_conservative_reversed[True-longitude],tests/test_regrid.py::TestCoordOrder::test_conservative_reversed[True-longitude],setup,0.02,122.53
before,25,test_reversed[True-linear-latitude],tests/test_regrid.py::TestCoordOrder::test_reversed[True-linear-latitude],setup,0.02,122.53
before,25,test_attrs_dataarray_conservative,tests/test_regrid.py::test_attrs_dataarray_conservative,setup,0.02,122.53
before,25,test_reversed[True-cubic-longitude],tests/test_regrid.py::TestCoordOrder::test_reversed[True-cubic-longitude],setup,0.02,122.53
before,25,test_reversed[False-cubic-longitude],tests/test_regrid.py::TestCoordOrder::test_reversed[False-cubic-longitude],setup,0.02,122.53
before,25,test_original[False-cubic],tests/test_regrid.py::TestCoordOrder::test_original[False-cubic],setup,0.02,122.53
before,25,test_reversed[False-cubic-latitude],tests/test_regrid.py::TestCoordOrder::test_reversed[False-cubic-latitude],setup,0.02,122.53
before,25,test_basic_regridders_da[linear-cdo_file0],tests/test_regrid.py::test_basic_regridders_da[linear-cdo_file0],setup,0.02,122.53
before,25,test_reversed[False-nearest-longitude],tests/test_regrid.py::TestCoordOrder::test_reversed[False-nearest-longitude],setup,0.02,122.53
before,25,test_conservative_original[True],tests/test_regrid.py::TestCoordOrder::test_conservative_original[True],setup,0.02,122.53
before,25,test_reversed[False-linear-latitude],tests/test_regrid.py::TestCoordOrder::test_reversed[False-linear-latitude],setup,0.02,122.53
before,25,test_reversed[True-nearest-longitude],tests/test_regrid.py::TestCoordOrder::test_reversed[True-nearest-longitude],setup,0.02,122.53
before,25,test_reversed[False-linear-longitude],tests/test_regrid.py::TestCoordOrder::test_reversed[False-linear-longitude],setup,0.02,122.53
before,25,test_attrs_dataset_conservative,tests/test_regrid.py::test_attrs_dataset_conservative,setup,0.02,122.53
before,25,test_attrs_dataarray[nearest],tests/test_regrid.py::test_attrs_dataarray[nearest],setup,0.01,122.53
before,25,test_original[True-nearest],tests/test_regrid.py::TestCoordOrder::test_original[True-nearest],setup,0.01,122.53
before,25,test_attrs_dataset[nearest],tests/test_regrid.py::test_attrs_dataset[nearest],setup,0.01,122.53
before,25,test_original[False-linear],tests/test_regrid.py::TestCoordOrder::test_original[False-linear],setup,0.01,122.53
before,25,test_attrs_dataarray[cubic],tests/test_regrid.py::test_attrs_dataarray[cubic],setup,0.01,122.53
before,25,test_reversed[False-nearest-latitude],tests/test_regrid.py::TestCoordOrder::test_reversed[False-nearest-latitude],setup,0.01,122.53
before,25,test_basic_regridders_da[nearest-cdo_file1],tests/test_regrid.py::test_basic_regridders_da[nearest-cdo_file1],setup,0.01,122.53
before,25,test_original[True-cubic],tests/test_regrid.py::TestCoordOrder::test_original[True-cubic],setup,0.01,122.53
before,25,test_attrs_dataset[cubic],tests/test_regrid.py::test_attrs_dataset[cubic],setup,0.01,122.53
before,25,test_reversed[True-cubic-latitude],tests/test_regrid.py::TestCoordOrder::test_reversed[True-cubic-latitude],setup,0.01,122.53
before,25,test_original[False-nearest],tests/test_regrid.py::TestCoordOrder::test_original[False-nearest],setup,0.01,122.53
before,25,test_basic_regridders_ds[nearest-cdo_file1],tests/test_regrid.py::test_basic_regridders_ds[nearest-cdo_file1],setup,0.01,122.53
before,25,test_reversed[True-linear-longitude],tests/test_regrid.py::TestCoordOrder::test_reversed[True-linear-longitude],setup,0.01,122.53
before,25,test_reversed[True-nearest-latitude],tests/test_regrid.py::TestCoordOrder::test_reversed[True-nearest-latitude],setup,0.01,122.53
before,26,test_attrs_dataset_conservative,tests/test_regrid.py::test_attrs_dataset_conservative,call,10.78,122.93
before,26,test_conservative_reversed[True-latitude],tests/test_regrid.py::TestCoordOrder::test_conservative_reversed[True-latitude],call,10.77,122.93
before,26,test_conservative_reversed[True-longitude],tests/test_regrid.py::TestCoordOrder::test_conservative_reversed[True-longitude],call,10.73,122.93
before,26,test_conservative_reversed[False-longitude],tests/test_regrid.py::TestCoordOrder::test_conservative_reversed[False-longitude],call,10.73,122.93
before,26,test_conservative_reversed[False-latitude],tests/test_regrid.py::TestCoordOrder::test_conservative_reversed[False-latitude],call,10.71,122.93
before,26,test_attrs_dataarray_conservative,tests/test_regrid.py::test_attrs_dataarray_conservative,call,10.7,122.93
before,26,test_conservative_original[False],tests/test_regrid.py::TestCoordOrder::test_conservative_original[False],call,10.7,122.93
before,26,test_conservative_original[True],tests/test_regrid.py::TestCoordOrder::test_conservative_original[True],call,10.66,122.93
before,26,test_reversed[False-cubic-longitude],tests/test_regrid.py::TestCoordOrder::test_reversed[False-cubic-longitude],call,4.09,122.93
before,26,test_reversed[False-cubic-latitude],tests/test_regrid.py::TestCoordOrder::test_reversed[False-cubic-latitude],call,4.02,122.93
before,26,test_original[True-cubic],tests/test_regrid.py::TestCoordOrder::test_original[True-cubic],call,4.02,122.93
before,26,test_reversed[True-cubic-latitude],tests/test_regrid.py::TestCoordOrder::test_reversed[True-cubic-latitude],call,4.0,122.93
before,26,test_reversed[True-cubic-longitude],tests/test_regrid.py::TestCoordOrder::test_reversed[True-cubic-longitude],call,4.0,122.93
before,26,test_attrs_dataarray[cubic],tests/test_regrid.py::test_attrs_dataarray[cubic],call,4.0,122.93
before,26,test_original[False-cubic],tests/test_regrid.py::TestCoordOrder::test_original[False-cubic],call,4.0,122.93
before,26,test_attrs_dataset[cubic],tests/test_regrid.py::test_attrs_dataset[cubic],call,3.99,122.93
before,26,test_conservative_regridder,tests/test_regrid.py::test_conservative_regridder,call,0.88,122.93
before,26,test_conservative_nans,tests/test_regrid.py::test_conservative_nans,call,0.78,122.93
before,26,test_basic_regridders_ds[linear-cdo_file0],tests/test_regrid.py::test_basic_regridders_ds[linear-cdo_file0],call,0.17,122.93
before,26,test_reversed[True-linear-longitude],tests/test_regrid.py::TestCoordOrder::test_reversed[True-linear-longitude],call,0.13,122.93
before,26,test_reversed[False-linear-longitude],tests/test_regrid.py::TestCoordOrder::test_reversed[False-linear-longitude],call,0.13,122.93
before,26,test_basic_regridders_da[linear-cdo_file0],tests/test_regrid.py::test_basic_regridders_da[linear-cdo_file0],call,0.12,122.93
before,26,test_basic_regridders_ds[linear-cdo_file0],tests/test_regrid.py::test_basic_regridders_ds[linear-cdo_file0],setup,0.12,122.93
before,26,test_attrs_dataarray[linear],tests/test_regrid.py::test_attrs_dataarray[linear],call,0.11,122.93
before,26,test_attrs_dataset[linear],tests/test_regrid.py::test_attrs_dataset[linear],call,0.11,122.93
before,26,test_reversed[False-nearest-longitude],tests/test_regrid.py::TestCoordOrder::test_reversed[False-nearest-longitude],call,0.11,122.93
before,26,test_reversed[False-linear-latitude],tests/test_regrid.py::TestCoordOrder::test_reversed[False-linear-latitude],call,0.11,122.93
before,26,test_reversed[True-linear-latitude],tests/test_regrid.py::TestCoordOrder::test_reversed[True-linear-latitude],call,0.11,122.93
before,26,test_reversed[True-nearest-longitude],tests/test_regrid.py::TestCoordOrder::test_reversed[True-nearest-longitude],call,0.11,122.93
before,26,test_basic_regridders_ds[nearest-cdo_file1],tests/test_regrid.py::test_basic_regridders_ds[nearest-cdo_file1],call,0.11,122.93
before,26,test_basic_regridders_da[nearest-cdo_file1],tests/test_regrid.py::test_basic_regridders_da[nearest-cdo_file1],call,0.1,122.93
before,26,test_reversed[False-nearest-latitude],tests/test_regrid.py::TestCoordOrder::test_reversed[False-nearest-latitude],call,0.1,122.93
before,26,test_reversed[True-nearest-latitude],tests/test_regrid.py::TestCoordOrder::test_reversed[True-nearest-latitude],call,0.1,122.93
before,26,test_conservative_regridder,tests/test_regrid.py::test_conservative_regridder,setup,0.09,122.93
before,26,test_original[False-linear],tests/test_regrid.py::TestCoordOrder::test_original[False-linear],call,0.09,122.93
before,26,test_original[True-linear],tests/test_regrid.py::TestCoordOrder::test_original[True-linear],call,0.09,122.93
before,26,test_original[True-nearest],tests/test_regrid.py::TestCoordOrder::test_original[True-nearest],call,0.08,122.93
before,26,test_original[False-nearest],tests/test_regrid.py::TestCoordOrder::test_original[False-nearest],call,0.08,122.93
before,26,test_attrs_dataarray[nearest],tests/test_regrid.py::test_attrs_dataarray[nearest],call,0.07,122.93
before,26,test_attrs_dataset[nearest],tests/test_regrid.py::test_attrs_dataset[nearest],call,0.07,122.93
before,26,test_conservative_nan_aggregation_over_dims,tests/test_regrid.py::test_conservative_nan_aggregation_over_dims,call,0.02,122.93
before,26,test_conservative_nan_thresholds_against_coarsen[0],tests/test_regrid.py::test_conservative_nan_thresholds_against_coarsen[0],call,0.02,122.93
before,26,test_conservative_nan_thresholds_against_coarsen[1],tests/test_regrid.py::test_conservative_nan_thresholds_against_coarsen[1],call,0.02,122.93
before,26,test_original[True-linear],tests/test_regrid.py::TestCoordOrder::test_original[True-linear],setup,0.02,122.93
before,26,test_conservative_nans,tests/test_regrid.py::test_conservative_nans,setup,0.02,122.93
before,26,test_conservative_reversed[False-latitude],tests/test_regrid.py::TestCoordOrder::test_conservative_reversed[False-latitude],setup,0.02,122.93
before,26,test_conservative_reversed[True-latitude],tests/test_regrid.py::TestCoordOrder::test_conservative_reversed[True-latitude],setup,0.02,122.93
before,26,test_conservative_original[False],tests/test_regrid.py::TestCoordOrder::test_conservative_original[False],setup,0.02,122.93
before,26,test_conservative_reversed[False-longitude],tests/test_regrid.py::TestCoordOrder::test_conservative_reversed[False-longitude],setup,0.02,122.93
before,26,test_attrs_dataset[linear],tests/test_regrid.py::test_attrs_dataset[linear],setup,0.02,122.93
before,26,test_conservative_reversed[True-longitude],tests/test_regrid.py::TestCoordOrder::test_conservative_reversed[True-longitude],setup,0.02,122.93
before,26,test_attrs_dataarray[linear],tests/test_regrid.py::test_attrs_dataarray[linear],setup,0.02,122.93
before,26,test_reversed[True-linear-latitude],tests/test_regrid.py::TestCoordOrder::test_reversed[True-linear-latitude],setup,0.02,122.93
before,26,test_attrs_dataarray_conservative,tests/test_regrid.py::test_attrs_dataarray_conservative,setup,0.02,122.93
before,26,test_conservative_original[True],tests/test_regrid.py::TestCoordOrder::test_conservative_original[True],setup,0.02,122.93
before,26,test_reversed[False-cubic-longitude],tests/test_regrid.py::TestCoordOrder::test_reversed[False-cubic-longitude],setup,0.02,122.93
before,26,test_reversed[False-cubic-latitude],tests/test_regrid.py::TestCoordOrder::test_reversed[False-cubic-latitude],setup,0.02,122.93
before,26,test_reversed[True-cubic-longitude],tests/test_regrid.py::TestCoordOrder::test_reversed[True-cubic-longitude],setup,0.02,122.93
before,26,test_reversed[False-linear-latitude],tests/test_regrid.py::TestCoordOrder::test_reversed[False-linear-latitude],setup,0.02,122.93
before,26,test_original[False-cubic],tests/test_regrid.py::TestCoordOrder::test_original[False-cubic],setup,0.02,122.93
before,26,test_reversed[False-nearest-longitude],tests/test_regrid.py::TestCoordOrder::test_reversed[False-nearest-longitude],setup,0.02,122.93
before,26,test_basic_regridders_da[linear-cdo_file0],tests/test_regrid.py::test_basic_regridders_da[linear-cdo_file0],setup,0.02,122.93
before,26,test_attrs_dataset_conservative,tests/test_regrid.py::test_attrs_dataset_conservative,setup,0.02,122.93
before,26,test_attrs_dataset[nearest],tests/test_regrid.py::test_attrs_dataset[nearest],setup,0.02,122.93
before,26,test_original[False-linear],tests/test_regrid.py::TestCoordOrder::test_original[False-linear],setup,0.02,122.93
before,26,test_attrs_dataarray[nearest],tests/test_regrid.py::test_attrs_dataarray[nearest],setup,0.01,122.93
before,26,test_reversed[False-linear-longitude],tests/test_regrid.py::TestCoordOrder::test_reversed[False-linear-longitude],setup,0.01,122.93
before,26,test_reversed[True-cubic-latitude],tests/test_regrid.py::TestCoordOrder::test_reversed[True-cubic-latitude],setup,0.01,122.93
before,26,test_original[True-nearest],tests/test_regrid.py::TestCoordOrder::test_original[True-nearest],setup,0.01,122.93
before,26,test_attrs_dataset[cubic],tests/test_regrid.py::test_attrs_dataset[cubic],setup,0.01,122.93
before,26,test_reversed[True-nearest-longitude],tests/test_regrid.py::TestCoordOrder::test_reversed[True-nearest-longitude],setup,0.01,122.93
before,26,test_basic_regridders_da[nearest-cdo_file1],tests/test_regrid.py::test_basic_regridders_da[nearest-cdo_file1],setup,0.01,122.93
before,26,test_original[True-cubic],tests/test_regrid.py::TestCoordOrder::test_original[True-cubic],setup,0.01,122.93
before,26,test_attrs_dataarray[cubic],tests/test_regrid.py::test_attrs_dataarray[cubic],setup,0.01,122.93
before,26,test_basic_regridders_ds[nearest-cdo_file1],tests/test_regrid.py::test_basic_regridders_ds[nearest-cdo_file1],setup,0.01,122.93
before,26,test_reversed[True-nearest-latitude],tests/test_regrid.py::TestCoordOrder::test_reversed[True-nearest-latitude],setup,0.01,122.93
before,26,test_original[False-nearest],tests/test_regrid.py::TestCoordOrder::test_original[False-nearest],setup,0.01,122.93
before,26,test_reversed[True-linear-longitude],tests/test_regrid.py::TestCoordOrder::test_reversed[True-linear-longitude],setup,0.01,122.93
before,26,test_reversed[False-nearest-latitude],tests/test_regrid.py::TestCoordOrder::test_reversed[False-nearest-latitude],setup,0.01,122.93
before,27,test_conservative_reversed[True-latitude],tests/test_regrid.py::TestCoordOrder::test_conservative_reversed[True-latitude],call,10.84,123.84
before,27,test_attrs_dataset_conservative,tests/test_regrid.py::test_attrs_dataset_conservative,call,10.79,123.84
before,27,test_conservative_reversed[True-longitude],tests/test_regrid.py::TestCoordOrder::test_conservative_reversed[True-longitude],call,10.78,123.84
before,27,test_conservative_original[False],tests/test_regrid.py::TestCoordOrder::test_conservative_original[False],call,10.74,123.84
before,27,test_conservative_reversed[False-longitude],tests/test_regrid.py::TestCoordOrder::test_conservative_reversed[False-longitude],call,10.73,123.84
before,27,test_conservative_reversed[False-latitude],tests/test_regrid.py::TestCoordOrder::test_conservative_reversed[False-latitude],call,10.7,123.84
before,27,test_conservative_original[True],tests/test_regrid.py::TestCoordOrder::test_conservative_original[True],call,10.67,123.84
before,27,test_attrs_dataarray_conservative,tests/test_regrid.py::test_attrs_dataarray_conservative,call,10.65,123.84
before,27,test_reversed[False-cubic-longitude],tests/test_regrid.py::TestCoordOrder::test_reversed[False-cubic-longitude],call,4.25,123.84
before,27,test_reversed[False-cubic-latitude],tests/test_regrid.py::TestCoordOrder::test_reversed[False-cubic-latitude],call,4.21,123.84
before,27,test_reversed[True-cubic-longitude],tests/test_regrid.py::TestCoordOrder::test_reversed[True-cubic-longitude],call,4.2,123.84
before,27,test_original[False-cubic],tests/test_regrid.py::TestCoordOrder::test_original[False-cubic],call,4.19,123.84
before,27,test_reversed[True-cubic-latitude],tests/test_regrid.py::TestCoordOrder::test_reversed[True-cubic-latitude],call,4.19,123.84
before,27,test_attrs_dataarray[cubic],tests/test_regrid.py::test_attrs_dataarray[cubic],call,4.14,123.84
before,27,test_original[True-cubic],tests/test_regrid.py::TestCoordOrder::test_original[True-cubic],call,4.13,123.84
before,27,test_attrs_dataset[cubic],tests/test_regrid.py::test_attrs_dataset[cubic],call,4.13,123.84
before,27,test_conservative_nans,tests/test_regrid.py::test_conservative_nans,call,0.62,123.84
before,27,test_conservative_regridder,tests/test_regrid.py::test_conservative_regridder,call,0.56,123.84
before,27,test_basic_regridders_ds[linear-cdo_file0],tests/test_regrid.py::test_basic_regridders_ds[linear-cdo_file0],call,0.17,123.84
before,27,test_reversed[True-linear-longitude],tests/test_regrid.py::TestCoordOrder::test_reversed[True-linear-longitude],call,0.13,123.84
before,27,test_reversed[False-linear-longitude],tests/test_regrid.py::TestCoordOrder::test_reversed[False-linear-longitude],call,0.13,123.84
before,27,test_basic_regridders_ds[linear-cdo_file0],tests/test_regrid.py::test_basic_regridders_ds[linear-cdo_file0],setup,0.12,123.84
before,27,test_reversed[True-nearest-longitude],tests/test_regrid.py::TestCoordOrder::test_reversed[True-nearest-longitude],call,0.11,123.84
before,27,test_reversed[False-nearest-longitude],tests/test_regrid.py::TestCoordOrder::test_reversed[False-nearest-longitude],call,0.11,123.84
before,27,test_basic_regridders_da[linear-cdo_file0],tests/test_regrid.py::test_basic_regridders_da[linear-cdo_file0],call,0.11,123.84
before,27,test_attrs_dataarray[linear],tests/test_regrid.py::test_attrs_dataarray[linear],call,0.11,123.84
before,27,test_reversed[False-linear-latitude],tests/test_regrid.py::TestCoordOrder::test_reversed[False-linear-latitude],call,0.11,123.84
before,27,test_attrs_dataset[linear],tests/test_regrid.py::test_attrs_dataset[linear],call,0.11,123.84
before,27,test_reversed[True-linear-latitude],tests/test_regrid.py::TestCoordOrder::test_reversed[True-linear-latitude],call,0.11,123.84
before,27,test_basic_regridders_da[nearest-cdo_file1],tests/test_regrid.py::test_basic_regridders_da[nearest-cdo_file1],call,0.1,123.84
before,27,test_basic_regridders_ds[nearest-cdo_file1],tests/test_regrid.py::test_basic_regridders_ds[nearest-cdo_file1],call,0.1,123.84
before,27,test_reversed[False-nearest-latitude],tests/test_regrid.py::TestCoordOrder::test_reversed[False-nearest-latitude],call,0.1,123.84
before,27,test_reversed[True-nearest-latitude],tests/test_regrid.py::TestCoordOrder::test_reversed[True-nearest-latitude],call,0.09,123.84
before,27,test_original[False-linear],tests/test_regrid.py::TestCoordOrder::test_original[False-linear],call,0.09,123.84
before,27,test_original[True-linear],tests/test_regrid.py::TestCoordOrder::test_original[True-linear],call,0.09,123.84
before,27,test_conservative_regridder,tests/test_regrid.py::test_conservative_regridder,setup,0.09,123.84
before,27,test_original[True-nearest],tests/test_regrid.py::TestCoordOrder::test_original[True-nearest],call,0.07,123.84
before,27,test_original[False-nearest],tests/test_regrid.py::TestCoordOrder::test_original[False-nearest],call,0.07,123.84
before,27,test_attrs_dataarray[nearest],tests/test_regrid.py::test_attrs_dataarray[nearest],call,0.07,123.84
before,27,test_attrs_dataset[nearest],tests/test_regrid.py::test_attrs_dataset[nearest],call,0.07,123.84
before,27,test_conservative_nan_aggregation_over_dims,tests/test_regrid.py::test_conservative_nan_aggregation_over_dims,call,0.02,123.84
before,27,test_conservative_nan_thresholds_against_coarsen[0],tests/test_regrid.py::test_conservative_nan_thresholds_against_coarsen[0],call,0.02,123.84
before,27,test_conservative_nan_thresholds_against_coarsen[1],tests/test_regrid.py::test_conservative_nan_thresholds_against_coarsen[1],call,0.02,123.84
before,27,test_conservative_reversed[True-latitude],tests/test_regrid.py::TestCoordOrder::test_conservative_reversed[True-latitude],setup,0.02,123.84
before,27,test_conservative_reversed[False-latitude],tests/test_regrid.py::TestCoordOrder::test_conservative_reversed[False-latitude],setup,0.02,123.84
before,27,test_original[True-linear],tests/test_regrid.py::TestCoordOrder::test_original[True-linear],setup,0.02,123.84
before,27,test_attrs_dataarray_conservative,tests/test_regrid.py::test_attrs_dataarray_conservative,setup,0.02,123.84
before,27,test_conservative_reversed[True-longitude],tests/test_regrid.py::TestCoordOrder::test_conservative_reversed[True-longitude],setup,0.02,123.84
before,27,test_attrs_dataset[linear],tests/test_regrid.py::test_attrs_dataset[linear],setup,0.02,123.84
before,27,test_conservative_original[False],tests/test_regrid.py::TestCoordOrder::test_conservative_original[False],setup,0.02,123.84
before,27,test_conservative_reversed[False-longitude],tests/test_regrid.py::TestCoordOrder::test_conservative_reversed[False-longitude],setup,0.02,123.84
before,27,test_conservative_nans,tests/test_regrid.py::test_conservative_nans,setup,0.02,123.84
before,27,test_attrs_dataarray[linear],tests/test_regrid.py::test_attrs_dataarray[linear],setup,0.02,123.84
before,27,test_attrs_dataset_conservative,tests/test_regrid.py::test_attrs_dataset_conservative,setup,0.02,123.84
before,27,test_reversed[True-cubic-longitude],tests/test_regrid.py::TestCoordOrder::test_reversed[True-cubic-longitude],setup,0.02,123.84
before,27,test_reversed[False-linear-latitude],tests/test_regrid.py::TestCoordOrder::test_reversed[False-linear-latitude],setup,0.02,123.84
before,27,test_reversed[True-linear-latitude],tests/test_regrid.py::TestCoordOrder::test_reversed[True-linear-latitude],setup,0.02,123.84
before,27,test_original[False-linear],tests/test_regrid.py::TestCoordOrder::test_original[False-linear],setup,0.02,123.84
before,27,test_reversed[False-cubic-latitude],tests/test_regrid.py::TestCoordOrder::test_reversed[False-cubic-latitude],setup,0.02,123.84
before,27,test_basic_regridders_da[nearest-cdo_file1],tests/test_regrid.py::test_basic_regridders_da[nearest-cdo_file1],setup,0.02,123.84
before,27,test_conservative_original[True],tests/test_regrid.py::TestCoordOrder::test_conservative_original[True],setup,0.02,123.84
before,27,test_original[False-cubic],tests/test_regrid.py::TestCoordOrder::test_original[False-cubic],setup,0.02,123.84
before,27,test_reversed[False-cubic-longitude],tests/test_regrid.py::TestCoordOrder::test_reversed[False-cubic-longitude],setup,0.02,123.84
before,27,test_reversed[False-nearest-longitude],tests/test_regrid.py::TestCoordOrder::test_reversed[False-nearest-longitude],setup,0.02,123.84
before,27,test_reversed[False-linear-longitude],tests/test_regrid.py::TestCoordOrder::test_reversed[False-linear-longitude],setup,0.02,123.84
before,27,test_original[True-cubic],tests/test_regrid.py::TestCoordOrder::test_original[True-cubic],setup,0.02,123.84
before,27,test_basic_regridders_da[linear-cdo_file0],tests/test_regrid.py::test_basic_regridders_da[linear-cdo_file0],setup,0.02,123.84
before,27,test_attrs_dataarray[nearest],tests/test_regrid.py::test_attrs_dataarray[nearest],setup,0.01,123.84
before,27,test_reversed[True-cubic-latitude],tests/test_regrid.py::TestCoordOrder::test_reversed[True-cubic-latitude],setup,0.01,123.84
before,27,test_original[True-nearest],tests/test_regrid.py::TestCoordOrder::test_original[True-nearest],setup,0.01,123.84
before,27,test_attrs_dataset[nearest],tests/test_regrid.py::test_attrs_dataset[nearest],setup,0.01,123.84
before,27,test_attrs_dataset[cubic],tests/test_regrid.py::test_attrs_dataset[cubic],setup,0.01,123.84
before,27,test_reversed[True-nearest-longitude],tests/test_regrid.py::TestCoordOrder::test_reversed[True-nearest-longitude],setup,0.01,123.84
before,27,test_attrs_dataarray[cubic],tests/test_regrid.py::test_attrs_dataarray[cubic],setup,0.01,123.84
before,27,test_reversed[False-nearest-latitude],tests/test_regrid.py::TestCoordOrder::test_reversed[False-nearest-latitude],setup,0.01,123.84
before,27,test_reversed[True-linear-longitude],tests/test_regrid.py::TestCoordOrder::test_reversed[True-linear-longitude],setup,0.01,123.84
before,27,test_original[False-nearest],tests/test_regrid.py::TestCoordOrder::test_original[False-nearest],setup,0.01,123.84
before,27,test_reversed[True-nearest-latitude],tests/test_regrid.py::TestCoordOrder::test_reversed[True-nearest-latitude],setup,0.01,123.84
before,27,test_basic_regridders_ds[nearest-cdo_file1],tests/test_regrid.py::test_basic_regridders_ds[nearest-cdo_file1],setup,0.01,123.84
before,28,test_conservative_reversed[True-latitude],tests/test_regrid.py::TestCoordOrder::test_conservative_reversed[True-latitude],call,10.84,122.53
before,28,test_conservative_reversed[False-longitude],tests/test_regrid.py::TestCoordOrder::test_conservative_reversed[False-longitude],call,10.79,122.53
before,28,test_attrs_dataset_conservative,tests/test_regrid.py::test_attrs_dataset_conservative,call,10.78,122.53
before,28,test_conservative_reversed[True-longitude],tests/test_regrid.py::TestCoordOrder::test_conservative_reversed[True-longitude],call,10.77,122.53
before,28,test_conservative_original[False],tests/test_regrid.py::TestCoordOrder::test_conservative_original[False],call,10.74,122.53
before,28,test_conservative_reversed[False-latitude],tests/test_regrid.py::TestCoordOrder::test_conservative_reversed[False-latitude],call,10.72,122.53
before,28,test_attrs_dataarray_conservative,tests/test_regrid.py::test_attrs_dataarray_conservative,call,10.72,122.53
before,28,test_conservative_original[True],tests/test_regrid.py::TestCoordOrder::test_conservative_original[True],call,10.68,122.53
before,28,test_reversed[False-cubic-longitude],tests/test_regrid.py::TestCoordOrder::test_reversed[False-cubic-longitude],call,4.09,122.53
before,28,test_reversed[False-cubic-latitude],tests/test_regrid.py::TestCoordOrder::test_reversed[False-cubic-latitude],call,4.03,122.53
before,28,test_reversed[True-cubic-longitude],tests/test_regrid.py::TestCoordOrder::test_reversed[True-cubic-longitude],call,3.99,122.53
before,28,test_attrs_dataset[cubic],tests/test_regrid.py::test_attrs_dataset[cubic],call,3.99,122.53
before,28,test_reversed[True-cubic-latitude],tests/test_regrid.py::TestCoordOrder::test_reversed[True-cubic-latitude],call,3.97,122.53
before,28,test_attrs_dataarray[cubic],tests/test_regrid.py::test_attrs_dataarray[cubic],call,3.96,122.53
before,28,test_original[True-cubic],tests/test_regrid.py::TestCoordOrder::test_original[True-cubic],call,3.96,122.53
before,28,test_original[False-cubic],tests/test_regrid.py::TestCoordOrder::test_original[False-cubic],call,3.95,122.53
before,28,test_conservative_nans,tests/test_regrid.py::test_conservative_nans,call,0.64,122.53
before,28,test_conservative_regridder,tests/test_regrid.py::test_conservative_regridder,call,0.55,122.53
before,28,test_basic_regridders_ds[linear-cdo_file0],tests/test_regrid.py::test_basic_regridders_ds[linear-cdo_file0],call,0.18,122.53
before,28,test_reversed[True-linear-longitude],tests/test_regrid.py::TestCoordOrder::test_reversed[True-linear-longitude],call,0.14,122.53
before,28,test_reversed[False-linear-longitude],tests/test_regrid.py::TestCoordOrder::test_reversed[False-linear-longitude],call,0.14,122.53
before,28,test_basic_regridders_da[linear-cdo_file0],tests/test_regrid.py::test_basic_regridders_da[linear-cdo_file0],call,0.12,122.53
before,28,test_basic_regridders_ds[linear-cdo_file0],tests/test_regrid.py::test_basic_regridders_ds[linear-cdo_file0],setup,0.12,122.53
before,28,test_reversed[True-nearest-longitude],tests/test_regrid.py::TestCoordOrder::test_reversed[True-nearest-longitude],call,0.11,122.53
before,28,test_attrs_dataarray[linear],tests/test_regrid.py::test_attrs_dataarray[linear],call,0.11,122.53
before,28,test_reversed[False-nearest-longitude],tests/test_regrid.py::TestCoordOrder::test_reversed[False-nearest-longitude],call,0.11,122.53
before,28,test_reversed[False-linear-latitude],tests/test_regrid.py::TestCoordOrder::test_reversed[False-linear-latitude],call,0.11,122.53
before,28,test_reversed[True-linear-latitude],tests/test_regrid.py::TestCoordOrder::test_reversed[True-linear-latitude],call,0.11,122.53
before,28,test_attrs_dataset[linear],tests/test_regrid.py::test_attrs_dataset[linear],call,0.11,122.53
before,28,test_basic_regridders_da[nearest-cdo_file1],tests/test_regrid.py::test_basic_regridders_da[nearest-cdo_file1],call,0.1,122.53
before,28,test_basic_regridders_ds[nearest-cdo_file1],tests/test_regrid.py::test_basic_regridders_ds[nearest-cdo_file1],call,0.1,122.53
before,28,test_reversed[False-nearest-latitude],tests/test_regrid.py::TestCoordOrder::test_reversed[False-nearest-latitude],call,0.1,122.53
before,28,test_reversed[True-nearest-latitude],tests/test_regrid.py::TestCoordOrder::test_reversed[True-nearest-latitude],call,0.1,122.53
before,28,test_conservative_regridder,tests/test_regrid.py::test_conservative_regridder,setup,0.09,122.53
before,28,test_original[True-linear],tests/test_regrid.py::TestCoordOrder::test_original[True-linear],call,0.09,122.53
before,28,test_original[False-linear],tests/test_regrid.py::TestCoordOrder::test_original[False-linear],call,0.09,122.53
before,28,test_original[True-nearest],tests/test_regrid.py::TestCoordOrder::test_original[True-nearest],call,0.08,122.53
before,28,test_original[False-nearest],tests/test_regrid.py::TestCoordOrder::test_original[False-nearest],call,0.07,122.53
before,28,test_attrs_dataset[nearest],tests/test_regrid.py::test_attrs_dataset[nearest],call,0.07,122.53
before,28,test_attrs_dataarray[nearest],tests/test_regrid.py::test_attrs_dataarray[nearest],call,0.07,122.53
before,28,test_conservative_nan_aggregation_over_dims,tests/test_regrid.py::test_conservative_nan_aggregation_over_dims,call,0.02,122.53
before,28,test_conservative_nan_thresholds_against_coarsen[0],tests/test_regrid.py::test_conservative_nan_thresholds_against_coarsen[0],call,0.02,122.53
before,28,test_conservative_nan_thresholds_against_coarsen[1],tests/test_regrid.py::test_conservative_nan_thresholds_against_coarsen[1],call,0.02,122.53
before,28,test_original[True-linear],tests/test_regrid.py::TestCoordOrder::test_original[True-linear],setup,0.02,122.53
before,28,test_conservative_reversed[False-latitude],tests/test_regrid.py::TestCoordOrder::test_conservative_reversed[False-latitude],setup,0.02,122.53
before,28,test_conservative_reversed[True-latitude],tests/test_regrid.py::TestCoordOrder::test_conservative_reversed[True-latitude],setup,0.02,122.53
before,28,test_conservative_original[False],tests/test_regrid.py::TestCoordOrder::test_conservative_original[False],setup,0.02,122.53
before,28,test_attrs_dataset[linear],tests/test_regrid.py::test_attrs_dataset[linear],setup,0.02,122.53
before,28,test_conservative_reversed[False-longitude],tests/test_regrid.py::TestCoordOrder::test_conservative_reversed[False-longitude],setup,0.02,122.53
before,28,test_attrs_dataarray[linear],tests/test_regrid.py::test_attrs_dataarray[linear],setup,0.02,122.53
before,28,test_conservative_reversed[True-longitude],tests/test_regrid.py::TestCoordOrder::test_conservative_reversed[True-longitude],setup,0.02,122.53
before,28,test_conservative_original[True],tests/test_regrid.py::TestCoordOrder::test_conservative_original[True],setup,0.02,122.53
before,28,test_conservative_nans,tests/test_regrid.py::test_conservative_nans,setup,0.02,122.53
before,28,test_original[False-linear],tests/test_regrid.py::TestCoordOrder::test_original[False-linear],setup,0.02,122.53
before,28,test_original[True-nearest],tests/test_regrid.py::TestCoordOrder::test_original[True-nearest],setup,0.02,122.53
before,28,test_reversed[False-nearest-longitude],tests/test_regrid.py::TestCoordOrder::test_reversed[False-nearest-longitude],setup,0.02,122.53
before,28,test_attrs_dataarray_conservative,tests/test_regrid.py::test_attrs_dataarray_conservative,setup,0.02,122.53
before,28,test_reversed[False-cubic-latitude],tests/test_regrid.py::TestCoordOrder::test_reversed[False-cubic-latitude],setup,0.02,122.53
before,28,test_reversed[False-cubic-longitude],tests/test_regrid.py::TestCoordOrder::test_reversed[False-cubic-longitude],setup,0.02,122.53
before,28,test_reversed[True-cubic-longitude],tests/test_regrid.py::TestCoordOrder::test_reversed[True-cubic-longitude],setup,0.02,122.53
before,28,test_basic_regridders_da[linear-cdo_file0],tests/test_regrid.py::test_basic_regridders_da[linear-cdo_file0],setup,0.02,122.53
before,28,test_original[False-cubic],tests/test_regrid.py::TestCoordOrder::test_original[False-cubic],setup,0.02,122.53
before,28,test_reversed[False-linear-longitude],tests/test_regrid.py::TestCoordOrder::test_reversed[False-linear-longitude],setup,0.02,122.53
before,28,test_attrs_dataarray[nearest],tests/test_regrid.py::test_attrs_dataarray[nearest],setup,0.01,122.53
before,28,test_reversed[True-linear-latitude],tests/test_regrid.py::TestCoordOrder::test_reversed[True-linear-latitude],setup,0.01,122.53
before,28,test_attrs_dataset_conservative,tests/test_regrid.py::test_attrs_dataset_conservative,setup,0.01,122.53
before,28,test_reversed[False-linear-latitude],tests/test_regrid.py::TestCoordOrder::test_reversed[False-linear-latitude],setup,0.01,122.53
before,28,test_attrs_dataset[nearest],tests/test_regrid.py::test_attrs_dataset[nearest],setup,0.01,122.53
before,28,test_reversed[True-nearest-longitude],tests/test_regrid.py::TestCoordOrder::test_reversed[True-nearest-longitude],setup,0.01,122.53
before,28,test_reversed[True-cubic-latitude],tests/test_regrid.py::TestCoordOrder::test_reversed[True-cubic-latitude],setup,0.01,122.53
before,28,test_basic_regridders_da[nearest-cdo_file1],tests/test_regrid.py::test_basic_regridders_da[nearest-cdo_file1],setup,0.01,122.53
before,28,test_attrs_dataarray[cubic],tests/test_regrid.py::test_attrs_dataarray[cubic],setup,0.01,122.53
before,28,test_original[True-cubic],tests/test_regrid.py::TestCoordOrder::test_original[True-cubic],setup,0.01,122.53
before,28,test_attrs_dataset[cubic],tests/test_regrid.py::test_attrs_dataset[cubic],setup,0.01,122.53
before,28,test_reversed[True-linear-longitude],tests/test_regrid.py::TestCoordOrder::test_reversed[True-linear-longitude],setup,0.01,122.53
before,28,test_reversed[False-nearest-latitude],tests/test_regrid.py::TestCoordOrder::test_reversed[False-nearest-latitude],setup,0.01,122.53
before,28,test_basic_regridders_ds[nearest-cdo_file1],tests/test_regrid.py::test_basic_regridders_ds[nearest-cdo_file1],setup,0.01,122.53
before,28,test_reversed[True-nearest-latitude],tests/test_regrid.py::TestCoordOrder::test_reversed[True-nearest-latitude],setup,0.01,122.53
before,28,test_original[False-nearest],tests/test_regrid.py::TestCoordOrder::test_original[False-nearest],setup,0.01,122.53
before,29,test_conservative_reversed[True-latitude],tests/test_regrid.py::TestCoordOrder::test_conservative_reversed[True-latitude],call,10.78,122.91
before,29,test_conservative_reversed[False-longitude],tests/test_regrid.py::TestCoordOrder::test_conservative_reversed[False-longitude],call,10.77,122.91
before,29,test_conservative_reversed[True-longitude],tests/test_regrid.py::TestCoordOrder::test_conservative_reversed[True-longitude],call,10.75,122.91
before,29,test_attrs_dataset_conservative,tests/test_regrid.py::test_attrs_dataset_conservative,call,10.74,122.91
before,29,test_conservative_reversed[False-latitude],tests/test_regrid.py::TestCoordOrder::test_conservative_reversed[False-latitude],call,10.74,122.91
before,29,test_conservative_original[True],tests/test_regrid.py::TestCoordOrder::test_conservative_original[True],call,10.72,122.91
before,29,test_attrs_dataarray_conservative,tests/test_regrid.py::test_attrs_dataarray_conservative,call,10.72,122.91
before,29,test_conservative_original[False],tests/test_regrid.py::TestCoordOrder::test_conservative_original[False],call,10.68,122.91
before,29,test_reversed[False-cubic-longitude],tests/test_regrid.py::TestCoordOrder::test_reversed[False-cubic-longitude],call,4.1,122.91
before,29,test_reversed[False-cubic-latitude],tests/test_regrid.py::TestCoordOrder::test_reversed[False-cubic-latitude],call,4.04,122.91
before,29,test_reversed[True-cubic-longitude],tests/test_regrid.py::TestCoordOrder::test_reversed[True-cubic-longitude],call,4.04,122.91
before,29,test_reversed[True-cubic-latitude],tests/test_regrid.py::TestCoordOrder::test_reversed[True-cubic-latitude],call,4.03,122.91
before,29,test_attrs_dataset[cubic],tests/test_regrid.py::test_attrs_dataset[cubic],call,4.01,122.91
before,29,test_original[False-cubic],tests/test_regrid.py::TestCoordOrder::test_original[False-cubic],call,4.0,122.91
before,29,test_attrs_dataarray[cubic],tests/test_regrid.py::test_attrs_dataarray[cubic],call,3.99,122.91
before,29,test_original[True-cubic],tests/test_regrid.py::TestCoordOrder::test_original[True-cubic],call,3.96,122.91
before,29,test_conservative_nans,tests/test_regrid.py::test_conservative_nans,call,0.74,122.91
before,29,test_conservative_regridder,tests/test_regrid.py::test_conservative_regridder,call,0.71,122.91
before,29,test_basic_regridders_ds[linear-cdo_file0],tests/test_regrid.py::test_basic_regridders_ds[linear-cdo_file0],call,0.17,122.91
before,29,test_reversed[False-linear-longitude],tests/test_regrid.py::TestCoordOrder::test_reversed[False-linear-longitude],call,0.14,122.91
before,29,test_reversed[True-linear-longitude],tests/test_regrid.py::TestCoordOrder::test_reversed[True-linear-longitude],call,0.13,122.91
before,29,test_basic_regridders_da[linear-cdo_file0],tests/test_regrid.py::test_basic_regridders_da[linear-cdo_file0],call,0.12,122.91
before,29,test_basic_regridders_ds[linear-cdo_file0],tests/test_regrid.py::test_basic_regridders_ds[linear-cdo_file0],setup,0.12,122.91
before,29,test_attrs_dataarray[linear],tests/test_regrid.py::test_attrs_dataarray[linear],call,0.11,122.91
before,29,test_reversed[False-nearest-longitude],tests/test_regrid.py::TestCoordOrder::test_reversed[False-nearest-longitude],call,0.11,122.91
before,29,test_reversed[False-linear-latitude],tests/test_regrid.py::TestCoordOrder::test_reversed[False-linear-latitude],call,0.11,122.91
before,29,test_reversed[True-nearest-longitude],tests/test_regrid.py::TestCoordOrder::test_reversed[True-nearest-longitude],call,0.11,122.91
before,29,test_attrs_dataset[linear],tests/test_regrid.py::test_attrs_dataset[linear],call,0.11,122.91
before,29,test_reversed[True-linear-latitude],tests/test_regrid.py::TestCoordOrder::test_reversed[True-linear-latitude],call,0.11,122.91
before,29,test_basic_regridders_da[nearest-cdo_file1],tests/test_regrid.py::test_basic_regridders_da[nearest-cdo_file1],call,0.11,122.91
before,29,test_basic_regridders_ds[nearest-cdo_file1],tests/test_regrid.py::test_basic_regridders_ds[nearest-cdo_file1],call,0.1,122.91
before,29,test_reversed[False-nearest-latitude],tests/test_regrid.py::TestCoordOrder::test_reversed[False-nearest-latitude],call,0.1,122.91
before,29,test_reversed[True-nearest-latitude],tests/test_regrid.py::TestCoordOrder::test_reversed[True-nearest-latitude],call,0.1,122.91
before,29,test_conservative_regridder,tests/test_regrid.py::test_conservative_regridder,setup,0.09,122.91
before,29,test_original[True-linear],tests/test_regrid.py::TestCoordOrder::test_original[True-linear],call,0.09,122.91
before,29,test_original[False-linear],tests/test_regrid.py::TestCoordOrder::test_original[False-linear],call,0.09,122.91
before,29,test_original[True-nearest],tests/test_regrid.py::TestCoordOrder::test_original[True-nearest],call,0.08,122.91
before,29,test_original[False-nearest],tests/test_regrid.py::TestCoordOrder::test_original[False-nearest],call,0.07,122.91
before,29,test_attrs_dataset[nearest],tests/test_regrid.py::test_attrs_dataset[nearest],call,0.07,122.91
before,29,test_attrs_dataarray[nearest],tests/test_regrid.py::test_attrs_dataarray[nearest],call,0.07,122.91
before,29,test_conservative_nan_aggregation_over_dims,tests/test_regrid.py::test_conservative_nan_aggregation_over_dims,call,0.02,122.91
before,29,test_conservative_nan_thresholds_against_coarsen[0],tests/test_regrid.py::test_conservative_nan_thresholds_against_coarsen[0],call,0.02,122.91
before,29,test_conservative_nan_thresholds_against_coarsen[1],tests/test_regrid.py::test_conservative_nan_thresholds_against_coarsen[1],call,0.02,122.91
before,29,test_original[True-linear],tests/test_regrid.py::TestCoordOrder::test_original[True-linear],setup,0.02,122.91
before,29,test_conservative_reversed[False-latitude],tests/test_regrid.py::TestCoordOrder::test_conservative_reversed[False-latitude],setup,0.02,122.91
before,29,test_conservative_reversed[True-latitude],tests/test_regrid.py::TestCoordOrder::test_conservative_reversed[True-latitude],setup,0.02,122.91
before,29,test_attrs_dataarray[linear],tests/test_regrid.py::test_attrs_dataarray[linear],setup,0.02,122.91
before,29,test_conservative_original[False],tests/test_regrid.py::TestCoordOrder::test_conservative_original[False],setup,0.02,122.91
before,29,test_attrs_dataset[linear],tests/test_regrid.py::test_attrs_dataset[linear],setup,0.02,122.91
before,29,test_conservative_reversed[False-longitude],tests/test_regrid.py::TestCoordOrder::test_conservative_reversed[False-longitude],setup,0.02,122.91
before,29,test_conservative_reversed[True-longitude],tests/test_regrid.py::TestCoordOrder::test_conservative_reversed[True-longitude],setup,0.02,122.91
before,29,test_conservative_nans,tests/test_regrid.py::test_conservative_nans,setup,0.02,122.91
before,29,test_reversed[True-linear-latitude],tests/test_regrid.py::TestCoordOrder::test_reversed[True-linear-latitude],setup,0.02,122.91
before,29,test_reversed[False-linear-latitude],tests/test_regrid.py::TestCoordOrder::test_reversed[False-linear-latitude],setup,0.02,122.91
before,29,test_reversed[True-cubic-longitude],tests/test_regrid.py::TestCoordOrder::test_reversed[True-cubic-longitude],setup,0.02,122.91
before,29,test_reversed[False-nearest-longitude],tests/test_regrid.py::TestCoordOrder::test_reversed[False-nearest-longitude],setup,0.02,122.91
before,29,test_reversed[False-cubic-longitude],tests/test_regrid.py::TestCoordOrder::test_reversed[False-cubic-longitude],setup,0.02,122.91
before,29,test_original[False-cubic],tests/test_regrid.py::TestCoordOrder::test_original[False-cubic],setup,0.02,122.91
before,29,test_basic_regridders_da[linear-cdo_file0],tests/test_regrid.py::test_basic_regridders_da[linear-cdo_file0],setup,0.02,122.91
before,29,test_attrs_dataarray_conservative,tests/test_regrid.py::test_attrs_dataarray_conservative,setup,0.02,122.91
before,29,test_conservative_original[True],tests/test_regrid.py::TestCoordOrder::test_conservative_original[True],setup,0.02,122.91
before,29,test_reversed[False-cubic-latitude],tests/test_regrid.py::TestCoordOrder::test_reversed[False-cubic-latitude],setup,0.02,122.91
before,29,test_attrs_dataarray[nearest],tests/test_regrid.py::test_attrs_dataarray[nearest],setup,0.02,122.91
before,29,test_original[False-linear],tests/test_regrid.py::TestCoordOrder::test_original[False-linear],setup,0.02,122.91
before,29,test_attrs_dataset[nearest],tests/test_regrid.py::test_attrs_dataset[nearest],setup,0.01,122.91
before,29,test_original[True-nearest],tests/test_regrid.py::TestCoordOrder::test_original[True-nearest],setup,0.01,122.91
before,29,test_basic_regridders_da[nearest-cdo_file1],tests/test_regrid.py::test_basic_regridders_da[nearest-cdo_file1],setup,0.01,122.91
before,29,test_reversed[False-linear-longitude],tests/test_regrid.py::TestCoordOrder::test_reversed[False-linear-longitude],setup,0.01,122.91
before,29,test_reversed[True-cubic-latitude],tests/test_regrid.py::TestCoordOrder::test_reversed[True-cubic-latitude],setup,0.01,122.91
before,29,test_reversed[True-nearest-longitude],tests/test_regrid.py::TestCoordOrder::test_reversed[True-nearest-longitude],setup,0.01,122.91
before,29,test_reversed[False-nearest-latitude],tests/test_regrid.py::TestCoordOrder::test_reversed[False-nearest-latitude],setup,0.01,122.91
before,29,test_original[True-cubic],tests/test_regrid.py::TestCoordOrder::test_original[True-cubic],setup,0.01,122.91
before,29,test_attrs_dataarray[cubic],tests/test_regrid.py::test_attrs_dataarray[cubic],setup,0.01,122.91
before,29,test_attrs_dataset_conservative,tests/test_regrid.py::test_attrs_dataset_conservative,setup,0.01,122.91
before,29,test_attrs_dataset[cubic],tests/test_regrid.py::test_attrs_dataset[cubic],setup,0.01,122.91
before,29,test_basic_regridders_ds[nearest-cdo_file1],tests/test_regrid.py::test_basic_regridders_ds[nearest-cdo_file1],setup,0.01,122.91
before,29,test_original[False-nearest],tests/test_regrid.py::TestCoordOrder::test_original[False-nearest],setup,0.01,122.91
before,29,test_reversed[True-nearest-latitude],tests/test_regrid.py::TestCoordOrder::test_reversed[True-nearest-latitude],setup,0.01,122.91
before,29,test_reversed[True-linear-longitude],tests/test_regrid.py::TestCoordOrder::test_reversed[True-linear-longitude],setup,0.01,122.91
before,30,test_conservative_reversed[True-longitude],tests/test_regrid.py::TestCoordOrder::test_conservative_reversed[True-longitude],call,10.78,122.43
before,30,test_conservative_reversed[True-latitude],tests/test_regrid.py::TestCoordOrder::test_conservative_reversed[True-latitude],call,10.78,122.43
before,30,test_conservative_reversed[False-longitude],tests/test_regrid.py::TestCoordOrder::test_conservative_reversed[False-longitude],call,10.76,122.43
before,30,test_conservative_reversed[False-latitude],tests/test_regrid.py::TestCoordOrder::test_conservative_reversed[False-latitude],call,10.73,122.43
before,30,test_attrs_dataset_conservative,tests/test_regrid.py::test_attrs_dataset_conservative,call,10.73,122.43
before,30,test_attrs_dataarray_conservative,tests/test_regrid.py::test_attrs_dataarray_conservative,call,10.7,122.43
before,30,test_conservative_original[False],tests/test_regrid.py::TestCoordOrder::test_conservative_original[False],call,10.68,122.43
before,30,test_conservative_original[True],tests/test_regrid.py::TestCoordOrder::test_conservative_original[True],call,10.67,122.43
before,30,test_reversed[False-cubic-longitude],tests/test_regrid.py::TestCoordOrder::test_reversed[False-cubic-longitude],call,4.06,122.43
before,30,test_reversed[True-cubic-longitude],tests/test_regrid.py::TestCoordOrder::test_reversed[True-cubic-longitude],call,4.05,122.43
before,30,test_reversed[True-cubic-latitude],tests/test_regrid.py::TestCoordOrder::test_reversed[True-cubic-latitude],call,4.03,122.43
before,30,test_original[False-cubic],tests/test_regrid.py::TestCoordOrder::test_original[False-cubic],call,4.02,122.43
before,30,test_reversed[False-cubic-latitude],tests/test_regrid.py::TestCoordOrder::test_reversed[False-cubic-latitude],call,4.0,122.43
before,30,test_attrs_dataset[cubic],tests/test_regrid.py::test_attrs_dataset[cubic],call,3.97,122.43
before,30,test_original[True-cubic],tests/test_regrid.py::TestCoordOrder::test_original[True-cubic],call,3.96,122.43
before,30,test_attrs_dataarray[cubic],tests/test_regrid.py::test_attrs_dataarray[cubic],call,3.95,122.43
before,30,test_conservative_nans,tests/test_regrid.py::test_conservative_nans,call,0.61,122.43
before,30,test_conservative_regridder,tests/test_regrid.py::test_conservative_regridder,call,0.56,122.43
before,30,test_basic_regridders_ds[linear-cdo_file0],tests/test_regrid.py::test_basic_regridders_ds[linear-cdo_file0],call,0.17,122.43
before,30,test_reversed[True-linear-longitude],tests/test_regrid.py::TestCoordOrder::test_reversed[True-linear-longitude],call,0.14,122.43
before,30,test_reversed[False-linear-longitude],tests/test_regrid.py::TestCoordOrder::test_reversed[False-linear-longitude],call,0.14,122.43
before,30,test_basic_regridders_da[linear-cdo_file0],tests/test_regrid.py::test_basic_regridders_da[linear-cdo_file0],call,0.12,122.43
before,30,test_basic_regridders_ds[linear-cdo_file0],tests/test_regrid.py::test_basic_regridders_ds[linear-cdo_file0],setup,0.12,122.43
before,30,test_attrs_dataarray[linear],tests/test_regrid.py::test_attrs_dataarray[linear],call,0.12,122.43
before,30,test_reversed[True-linear-latitude],tests/test_regrid.py::TestCoordOrder::test_reversed[True-linear-latitude],call,0.11,122.43
before,30,test_reversed[True-nearest-longitude],tests/test_regrid.py::TestCoordOrder::test_reversed[True-nearest-longitude],call,0.11,122.43
before,30,test_reversed[False-nearest-longitude],tests/test_regrid.py::TestCoordOrder::test_reversed[False-nearest-longitude],call,0.11,122.43
before,30,test_reversed[False-linear-latitude],tests/test_regrid.py::TestCoordOrder::test_reversed[False-linear-latitude],call,0.11,122.43
before,30,test_attrs_dataset[linear],tests/test_regrid.py::test_attrs_dataset[linear],call,0.11,122.43
before,30,test_basic_regridders_ds[nearest-cdo_file1],tests/test_regrid.py::test_basic_regridders_ds[nearest-cdo_file1],call,0.11,122.43
before,30,test_basic_regridders_da[nearest-cdo_file1],tests/test_regrid.py::test_basic_regridders_da[nearest-cdo_file1],call,0.1,122.43
before,30,test_reversed[False-nearest-latitude],tests/test_regrid.py::TestCoordOrder::test_reversed[False-nearest-latitude],call,0.1,122.43
before,30,test_reversed[True-nearest-latitude],tests/test_regrid.py::TestCoordOrder::test_reversed[True-nearest-latitude],call,0.1,122.43
before,30,test_conservative_regridder,tests/test_regrid.py::test_conservative_regridder,setup,0.09,122.43
before,30,test_original[True-linear],tests/test_regrid.py::TestCoordOrder::test_original[True-linear],call,0.09,122.43
before,30,test_original[False-linear],tests/test_regrid.py::TestCoordOrder::test_original[False-linear],call,0.09,122.43
before,30,test_original[True-nearest],tests/test_regrid.py::TestCoordOrder::test_original[True-nearest],call,0.08,122.43
before,30,test_original[False-nearest],tests/test_regrid.py::TestCoordOrder::test_original[False-nearest],call,0.07,122.43
before,30,test_attrs_dataarray[nearest],tests/test_regrid.py::test_attrs_dataarray[nearest],call,0.07,122.43
before,30,test_attrs_dataset[nearest],tests/test_regrid.py::test_attrs_dataset[nearest],call,0.07,122.43
before,30,test_conservative_nan_aggregation_over_dims,tests/test_regrid.py::test_conservative_nan_aggregation_over_dims,call,0.02,122.43
before,30,test_conservative_nan_thresholds_against_coarsen[0],tests/test_regrid.py::test_conservative_nan_thresholds_against_coarsen[0],call,0.02,122.43
before,30,test_conservative_nan_thresholds_against_coarsen[1],tests/test_regrid.py::test_conservative_nan_thresholds_against_coarsen[1],call,0.02,122.43
before,30,test_original[True-linear],tests/test_regrid.py::TestCoordOrder::test_original[True-linear],setup,0.02,122.43
before,30,test_conservative_reversed[True-latitude],tests/test_regrid.py::TestCoordOrder::test_conservative_reversed[True-latitude],setup,0.02,122.43
before,30,test_conservative_original[False],tests/test_regrid.py::TestCoordOrder::test_conservative_original[False],setup,0.02,122.43
before,30,test_conservative_reversed[False-latitude],tests/test_regrid.py::TestCoordOrder::test_conservative_reversed[False-latitude],setup,0.02,122.43
before,30,test_conservative_reversed[False-longitude],tests/test_regrid.py::TestCoordOrder::test_conservative_reversed[False-longitude],setup,0.02,122.43
before,30,test_conservative_reversed[True-longitude],tests/test_regrid.py::TestCoordOrder::test_conservative_reversed[True-longitude],setup,0.02,122.43
before,30,test_attrs_dataset[linear],tests/test_regrid.py::test_attrs_dataset[linear],setup,0.02,122.43
before,30,test_conservative_nans,tests/test_regrid.py::test_conservative_nans,setup,0.02,122.43
before,30,test_attrs_dataarray[linear],tests/test_regrid.py::test_attrs_dataarray[linear],setup,0.02,122.43
before,30,test_reversed[True-linear-latitude],tests/test_regrid.py::TestCoordOrder::test_reversed[True-linear-latitude],setup,0.02,122.43
before,30,test_reversed[False-linear-latitude],tests/test_regrid.py::TestCoordOrder::test_reversed[False-linear-latitude],setup,0.02,122.43
before,30,test_reversed[False-nearest-longitude],tests/test_regrid.py::TestCoordOrder::test_reversed[False-nearest-longitude],setup,0.02,122.43
before,30,test_reversed[True-cubic-longitude],tests/test_regrid.py::TestCoordOrder::test_reversed[True-cubic-longitude],setup,0.02,122.43
before,30,test_basic_regridders_da[linear-cdo_file0],tests/test_regrid.py::test_basic_regridders_da[linear-cdo_file0],setup,0.02,122.43
before,30,test_original[False-cubic],tests/test_regrid.py::TestCoordOrder::test_original[False-cubic],setup,0.02,122.43
before,30,test_reversed[False-cubic-longitude],tests/test_regrid.py::TestCoordOrder::test_reversed[False-cubic-longitude],setup,0.02,122.43
before,30,test_attrs_dataset_conservative,tests/test_regrid.py::test_attrs_dataset_conservative,setup,0.02,122.43
before,30,test_basic_regridders_da[nearest-cdo_file1],tests/test_regrid.py::test_basic_regridders_da[nearest-cdo_file1],setup,0.02,122.43
before,30,test_original[True-cubic],tests/test_regrid.py::TestCoordOrder::test_original[True-cubic],setup,0.02,122.43
before,30,test_reversed[False-cubic-latitude],tests/test_regrid.py::TestCoordOrder::test_reversed[False-cubic-latitude],setup,0.02,122.43
before,30,test_reversed[False-linear-longitude],tests/test_regrid.py::TestCoordOrder::test_reversed[False-linear-longitude],setup,0.02,122.43
before,30,test_attrs_dataset[nearest],tests/test_regrid.py::test_attrs_dataset[nearest],setup,0.02,122.43
before,30,test_original[False-linear],tests/test_regrid.py::TestCoordOrder::test_original[False-linear],setup,0.02,122.43
before,30,test_conservative_original[True],tests/test_regrid.py::TestCoordOrder::test_conservative_original[True],setup,0.01,122.43
before,30,test_original[True-nearest],tests/test_regrid.py::TestCoordOrder::test_original[True-nearest],setup,0.01,122.43
before,30,test_attrs_dataarray[cubic],tests/test_regrid.py::test_attrs_dataarray[cubic],setup,0.01,122.43
before,30,test_reversed[True-nearest-longitude],tests/test_regrid.py::TestCoordOrder::test_reversed[True-nearest-longitude],setup,0.01,122.43
before,30,test_attrs_dataarray_conservative,tests/test_regrid.py::test_attrs_dataarray_conservative,setup,0.01,122.43
before,30,test_attrs_dataarray[nearest],tests/test_regrid.py::test_attrs_dataarray[nearest],setup,0.01,122.43
before,30,test_reversed[True-cubic-latitude],tests/test_regrid.py::TestCoordOrder::test_reversed[True-cubic-latitude],setup,0.01,122.43
before,30,test_attrs_dataset[cubic],tests/test_regrid.py::test_attrs_dataset[cubic],setup,0.01,122.43
before,30,test_reversed[False-nearest-latitude],tests/test_regrid.py::TestCoordOrder::test_reversed[False-nearest-latitude],setup,0.01,122.43
before,30,test_basic_regridders_ds[nearest-cdo_file1],tests/test_regrid.py::test_basic_regridders_ds[nearest-cdo_file1],setup,0.01,122.43
before,30,test_original[False-nearest],tests/test_regrid.py::TestCoordOrder::test_original[False-nearest],setup,0.01,122.43
before,30,test_reversed[True-nearest-latitude],tests/test_regrid.py::TestCoordOrder::test_reversed[True-nearest-latitude],setup,0.01,122.43
before,30,test_reversed[True-linear-longitude],tests/test_regrid.py::TestCoordOrder::test_reversed[True-linear-longitude],setup,0.01,122.43
before,31,test_conservative_reversed[True-latitude],tests/test_regrid.py::TestCoordOrder::test_conservative_reversed[True-latitude],call,10.79,124.04
before,31,test_attrs_dataset_conservative,tests/test_regrid.py::test_attrs_dataset_conservative,call,10.79,124.04
before,31,test_conservative_reversed[False-longitude],tests/test_regrid.py::TestCoordOrder::test_conservative_reversed[False-longitude],call,10.76,124.04
before,31,test_conservative_reversed[True-longitude],tests/test_regrid.py::TestCoordOrder::test_conservative_reversed[True-longitude],call,10.73,124.04
before,31,test_conservative_reversed[False-latitude],tests/test_regrid.py::TestCoordOrder::test_conservative_reversed[False-latitude],call,10.71,124.04
before,31,test_attrs_dataarray_conservative,tests/test_regrid.py::test_attrs_dataarray_conservative,call,10.7,124.04
before,31,test_conservative_original[False],tests/test_regrid.py::TestCoordOrder::test_conservative_original[False],call,10.7,124.04
before,31,test_conservative_original[True],tests/test_regrid.py::TestCoordOrder::test_conservative_original[True],call,10.67,124.04
before,31,test_reversed[False-cubic-longitude],tests/test_regrid.py::TestCoordOrder::test_reversed[False-cubic-longitude],call,4.31,124.04
before,31,test_reversed[False-cubic-latitude],tests/test_regrid.py::TestCoordOrder::test_reversed[False-cubic-latitude],call,4.23,124.04
before,31,test_original[False-cubic],tests/test_regrid.py::TestCoordOrder::test_original[False-cubic],call,4.19,124.04
before,31,test_reversed[True-cubic-latitude],tests/test_regrid.py::TestCoordOrder::test_reversed[True-cubic-latitude],call,4.18,124.04
before,31,test_reversed[True-cubic-longitude],tests/test_regrid.py::TestCoordOrder::test_reversed[True-cubic-longitude],call,4.17,124.04
before,31,test_attrs_dataarray[cubic],tests/test_regrid.py::test_attrs_dataarray[cubic],call,4.15,124.04
before,31,test_attrs_dataset[cubic],tests/test_regrid.py::test_attrs_dataset[cubic],call,4.13,124.04
before,31,test_original[True-cubic],tests/test_regrid.py::TestCoordOrder::test_original[True-cubic],call,4.12,124.04
before,31,test_conservative_nans,tests/test_regrid.py::test_conservative_nans,call,0.75,124.04
before,31,test_conservative_regridder,tests/test_regrid.py::test_conservative_regridder,call,0.6,124.04
before,31,test_basic_regridders_ds[linear-cdo_file0],tests/test_regrid.py::test_basic_regridders_ds[linear-cdo_file0],call,0.17,124.04
before,31,test_reversed[True-linear-longitude],tests/test_regrid.py::TestCoordOrder::test_reversed[True-linear-longitude],call,0.14,124.04
before,31,test_reversed[False-linear-longitude],tests/test_regrid.py::TestCoordOrder::test_reversed[False-linear-longitude],call,0.14,124.04
before,31,test_basic_regridders_da[linear-cdo_file0],tests/test_regrid.py::test_basic_regridders_da[linear-cdo_file0],call,0.12,124.04
before,31,test_basic_regridders_ds[linear-cdo_file0],tests/test_regrid.py::test_basic_regridders_ds[linear-cdo_file0],setup,0.12,124.04
before,31,test_attrs_dataarray[linear],tests/test_regrid.py::test_attrs_dataarray[linear],call,0.12,124.04
before,31,test_reversed[True-nearest-longitude],tests/test_regrid.py::TestCoordOrder::test_reversed[True-nearest-longitude],call,0.11,124.04
before,31,test_reversed[True-linear-latitude],tests/test_regrid.py::TestCoordOrder::test_reversed[True-linear-latitude],call,0.11,124.04
before,31,test_reversed[False-nearest-longitude],tests/test_regrid.py::TestCoordOrder::test_reversed[False-nearest-longitude],call,0.11,124.04
before,31,test_attrs_dataset[linear],tests/test_regrid.py::test_attrs_dataset[linear],call,0.11,124.04
before,31,test_reversed[False-linear-latitude],tests/test_regrid.py::TestCoordOrder::test_reversed[False-linear-latitude],call,0.11,124.04
before,31,test_basic_regridders_da[nearest-cdo_file1],tests/test_regrid.py::test_basic_regridders_da[nearest-cdo_file1],call,0.1,124.04
before,31,test_basic_regridders_ds[nearest-cdo_file1],tests/test_regrid.py::test_basic_regridders_ds[nearest-cdo_file1],call,0.1,124.04
before,31,test_reversed[False-nearest-latitude],tests/test_regrid.py::TestCoordOrder::test_reversed[False-nearest-latitude],call,0.1,124.04
before,31,test_reversed[True-nearest-latitude],tests/test_regrid.py::TestCoordOrder::test_reversed[True-nearest-latitude],call,0.1,124.04
before,31,test_original[False-linear],tests/test_regrid.py::TestCoordOrder::test_original[False-linear],call,0.09,124.04
before,31,test_conservative_regridder,tests/test_regrid.py::test_conservative_regridder,setup,0.09,124.04
before,31,test_original[True-linear],tests/test_regrid.py::TestCoordOrder::test_original[True-linear],call,0.09,124.04
before,31,test_original[False-nearest],tests/test_regrid.py::TestCoordOrder::test_original[False-nearest],call,0.08,124.04
before,31,test_original[True-nearest],tests/test_regrid.py::TestCoordOrder::test_original[True-nearest],call,0.08,124.04
before,31,test_attrs_dataset[nearest],tests/test_regrid.py::test_attrs_dataset[nearest],call,0.08,124.04
before,31,test_attrs_dataarray[nearest],tests/test_regrid.py::test_attrs_dataarray[nearest],call,0.08,124.04
before,31,test_conservative_nan_aggregation_over_dims,tests/test_regrid.py::test_conservative_nan_aggregation_over_dims,call,0.02,124.04
before,31,test_conservative_nan_thresholds_against_coarsen[0],tests/test_regrid.py::test_conservative_nan_thresholds_against_coarsen[0],call,0.02,124.04
before,31,test_conservative_nan_thresholds_against_coarsen[1],tests/test_regrid.py::test_conservative_nan_thresholds_against_coarsen[1],call,0.02,124.04
before,31,test_conservative_reversed[True-latitude],tests/test_regrid.py::TestCoordOrder::test_conservative_reversed[True-latitude],setup,0.02,124.04
before,31,test_original[True-linear],tests/test_regrid.py::TestCoordOrder::test_original[True-linear],setup,0.02,124.04
before,31,test_conservative_nans,tests/test_regrid.py::test_conservative_nans,setup,0.02,124.04
before,31,test_conservative_reversed[False-longitude],tests/test_regrid.py::TestCoordOrder::test_conservative_reversed[False-longitude],setup,0.02,124.04
before,31,test_reversed[False-linear-longitude],tests/test_regrid.py::TestCoordOrder::test_reversed[False-linear-longitude],setup,0.02,124.04
before,31,test_conservative_original[False],tests/test_regrid.py::TestCoordOrder::test_conservative_original[False],setup,0.02,124.04
before,31,test_conservative_reversed[True-longitude],tests/test_regrid.py::TestCoordOrder::test_conservative_reversed[True-longitude],setup,0.02,124.04
before,31,test_conservative_reversed[False-latitude],tests/test_regrid.py::TestCoordOrder::test_conservative_reversed[False-latitude],setup,0.02,124.04
before,31,test_attrs_dataset[linear],tests/test_regrid.py::test_attrs_dataset[linear],setup,0.02,124.04
before,31,test_attrs_dataarray[linear],tests/test_regrid.py::test_attrs_dataarray[linear],setup,0.02,124.04
before,31,test_reversed[True-cubic-longitude],tests/test_regrid.py::TestCoordOrder::test_reversed[True-cubic-longitude],setup,0.02,124.04
before,31,test_attrs_dataset_conservative,tests/test_regrid.py::test_attrs_dataset_conservative,setup,0.02,124.04
before,31,test_reversed[False-nearest-longitude],tests/test_regrid.py::TestCoordOrder::test_reversed[False-nearest-longitude],setup,0.02,124.04
before,31,test_attrs_dataarray_conservative,tests/test_regrid.py::test_attrs_dataarray_conservative,setup,0.02,124.04
before,31,test_reversed[False-cubic-longitude],tests/test_regrid.py::TestCoordOrder::test_reversed[False-cubic-longitude],setup,0.02,124.04
before,31,test_original[False-cubic],tests/test_regrid.py::TestCoordOrder::test_original[False-cubic],setup,0.02,124.04
before,31,test_original[False-linear],tests/test_regrid.py::TestCoordOrder::test_original[False-linear],setup,0.02,124.04
before,31,test_original[True-cubic],tests/test_regrid.py::TestCoordOrder::test_original[True-cubic],setup,0.02,124.04
before,31,test_basic_regridders_da[linear-cdo_file0],tests/test_regrid.py::test_basic_regridders_da[linear-cdo_file0],setup,0.02,124.04
before,31,test_reversed[False-cubic-latitude],tests/test_regrid.py::TestCoordOrder::test_reversed[False-cubic-latitude],setup,0.02,124.04
before,31,test_original[True-nearest],tests/test_regrid.py::TestCoordOrder::test_original[True-nearest],setup,0.02,124.04
before,31,test_attrs_dataset[nearest],tests/test_regrid.py::test_attrs_dataset[nearest],setup,0.01,124.04
before,31,test_conservative_original[True],tests/test_regrid.py::TestCoordOrder::test_conservative_original[True],setup,0.01,124.04
before,31,test_reversed[True-linear-latitude],tests/test_regrid.py::TestCoordOrder::test_reversed[True-linear-latitude],setup,0.01,124.04
before,31,test_reversed[False-linear-latitude],tests/test_regrid.py::TestCoordOrder::test_reversed[False-linear-latitude],setup,0.01,124.04
before,31,test_attrs_dataarray[cubic],tests/test_regrid.py::test_attrs_dataarray[cubic],setup,0.01,124.04
before,31,test_attrs_dataarray[nearest],tests/test_regrid.py::test_attrs_dataarray[nearest],setup,0.01,124.04
before,31,test_reversed[True-cubic-latitude],tests/test_regrid.py::TestCoordOrder::test_reversed[True-cubic-latitude],setup,0.01,124.04
before,31,test_reversed[True-nearest-longitude],tests/test_regrid.py::TestCoordOrder::test_reversed[True-nearest-longitude],setup,0.01,124.04
before,31,test_attrs_dataset[cubic],tests/test_regrid.py::test_attrs_dataset[cubic],setup,0.01,124.04
before,31,test_basic_regridders_da[nearest-cdo_file1],tests/test_regrid.py::test_basic_regridders_da[nearest-cdo_file1],setup,0.01,124.04
before,31,test_reversed[True-linear-longitude],tests/test_regrid.py::TestCoordOrder::test_reversed[True-linear-longitude],setup,0.01,124.04
before,31,test_reversed[False-nearest-latitude],tests/test_regrid.py::TestCoordOrder::test_reversed[False-nearest-latitude],setup,0.01,124.04
before,31,test_basic_regridders_ds[nearest-cdo_file1],tests/test_regrid.py::test_basic_regridders_ds[nearest-cdo_file1],setup,0.01,124.04
before,31,test_reversed[True-nearest-latitude],tests/test_regrid.py::TestCoordOrder::test_reversed[True-nearest-latitude],setup,0.01,124.04
before,31,test_original[False-nearest],tests/test_regrid.py::TestCoordOrder::test_original[False-nearest],setup,0.01,124.04
before,32,test_conservative_reversed[True-latitude],tests/test_regrid.py::TestCoordOrder::test_conservative_reversed[True-latitude],call,10.81,124.05
before,32,test_conservative_reversed[True-longitude],tests/test_regrid.py::TestCoordOrder::test_conservative_reversed[True-longitude],call,10.79,124.05
before,32,test_conservative_reversed[False-longitude],tests/test_regrid.py::TestCoordOrder::test_conservative_reversed[False-longitude],call,10.74,124.05
before,32,test_conservative_reversed[False-latitude],tests/test_regrid.py::TestCoordOrder::test_conservative_reversed[False-latitude],call,10.74,124.05
before,32,test_attrs_dataset_conservative,tests/test_regrid.py::test_attrs_dataset_conservative,call,10.73,124.05
before,32,test_conservative_original[False],tests/test_regrid.py::TestCoordOrder::test_conservative_original[False],call,10.72,124.05
before,32,test_conservative_original[True],tests/test_regrid.py::TestCoordOrder::test_conservative_original[True],call,10.71,124.05
before,32,test_attrs_dataarray_conservative,tests/test_regrid.py::test_attrs_dataarray_conservative,call,10.66,124.05
before,32,test_reversed[False-cubic-longitude],tests/test_regrid.py::TestCoordOrder::test_reversed[False-cubic-longitude],call,4.24,124.05
before,32,test_reversed[True-cubic-longitude],tests/test_regrid.py::TestCoordOrder::test_reversed[True-cubic-longitude],call,4.21,124.05
before,32,test_reversed[True-cubic-latitude],tests/test_regrid.py::TestCoordOrder::test_reversed[True-cubic-latitude],call,4.2,124.05
before,32,test_reversed[False-cubic-latitude],tests/test_regrid.py::TestCoordOrder::test_reversed[False-cubic-latitude],call,4.19,124.05
before,32,test_original[False-cubic],tests/test_regrid.py::TestCoordOrder::test_original[False-cubic],call,4.18,124.05
before,32,test_attrs_dataset[cubic],tests/test_regrid.py::test_attrs_dataset[cubic],call,4.14,124.05
before,32,test_original[True-cubic],tests/test_regrid.py::TestCoordOrder::test_original[True-cubic],call,4.13,124.05
before,32,test_attrs_dataarray[cubic],tests/test_regrid.py::test_attrs_dataarray[cubic],call,4.11,124.05
before,32,test_conservative_regridder,tests/test_regrid.py::test_conservative_regridder,call,0.7,124.05
before,32,test_conservative_nans,tests/test_regrid.py::test_conservative_nans,call,0.68,124.05
before,32,test_basic_regridders_ds[linear-cdo_file0],tests/test_regrid.py::test_basic_regridders_ds[linear-cdo_file0],call,0.17,124.05
before,32,test_reversed[True-linear-longitude],tests/test_regrid.py::TestCoordOrder::test_reversed[True-linear-longitude],call,0.13,124.05
before,32,test_reversed[False-linear-longitude],tests/test_regrid.py::TestCoordOrder::test_reversed[False-linear-longitude],call,0.13,124.05
before,32,test_basic_regridders_ds[linear-cdo_file0],tests/test_regrid.py::test_basic_regridders_ds[linear-cdo_file0],setup,0.12,124.05
before,32,test_basic_regridders_da[linear-cdo_file0],tests/test_regrid.py::test_basic_regridders_da[linear-cdo_file0],call,0.12,124.05
before,32,test_attrs_dataarray[linear],tests/test_regrid.py::test_attrs_dataarray[linear],call,0.12,124.05
before,32,test_reversed[True-linear-latitude],tests/test_regrid.py::TestCoordOrder::test_reversed[True-linear-latitude],call,0.11,124.05
before,32,test_reversed[True-nearest-longitude],tests/test_regrid.py::TestCoordOrder::test_reversed[True-nearest-longitude],call,0.11,124.05
before,32,test_reversed[False-nearest-longitude],tests/test_regrid.py::TestCoordOrder::test_reversed[False-nearest-longitude],call,0.11,124.05
before,32,test_reversed[False-linear-latitude],tests/test_regrid.py::TestCoordOrder::test_reversed[False-linear-latitude],call,0.11,124.05
before,32,test_attrs_dataset[linear],tests/test_regrid.py::test_attrs_dataset[linear],call,0.11,124.05
before,32,test_basic_regridders_ds[nearest-cdo_file1],tests/test_regrid.py::test_basic_regridders_ds[nearest-cdo_file1],call,0.1,124.05
before,32,test_basic_regridders_da[nearest-cdo_file1],tests/test_regrid.py::test_basic_regridders_da[nearest-cdo_file1],call,0.1,124.05
before,32,test_reversed[False-nearest-latitude],tests/test_regrid.py::TestCoordOrder::test_reversed[False-nearest-latitude],call,0.1,124.05
before,32,test_reversed[True-nearest-latitude],tests/test_regrid.py::TestCoordOrder::test_reversed[True-nearest-latitude],call,0.09,124.05
before,32,test_conservative_regridder,tests/test_regrid.py::test_conservative_regridder,setup,0.09,124.05
before,32,test_original[False-linear],tests/test_regrid.py::TestCoordOrder::test_original[False-linear],call,0.09,124.05
before,32,test_original[True-linear],tests/test_regrid.py::TestCoordOrder::test_original[True-linear],call,0.09,124.05
before,32,test_original[True-nearest],tests/test_regrid.py::TestCoordOrder::test_original[True-nearest],call,0.08,124.05
before,32,test_original[False-nearest],tests/test_regrid.py::TestCoordOrder::test_original[False-nearest],call,0.07,124.05
before,32,test_attrs_dataarray[nearest],tests/test_regrid.py::test_attrs_dataarray[nearest],call,0.07,124.05
before,32,test_attrs_dataset[nearest],tests/test_regrid.py::test_attrs_dataset[nearest],call,0.07,124.05
before,32,test_reversed[True-nearest-latitude],tests/test_regrid.py::TestCoordOrder::test_reversed[True-nearest-latitude],setup,0.02,124.05
before,32,test_conservative_nan_aggregation_over_dims,tests/test_regrid.py::test_conservative_nan_aggregation_over_dims,call,0.02,124.05
before,32,test_conservative_nan_thresholds_against_coarsen[0],tests/test_regrid.py::test_conservative_nan_thresholds_against_coarsen[0],call,0.02,124.05
before,32,test_conservative_nan_thresholds_against_coarsen[1],tests/test_regrid.py::test_conservative_nan_thresholds_against_coarsen[1],call,0.02,124.05
before,32,test_original[True-linear],tests/test_regrid.py::TestCoordOrder::test_original[True-linear],setup,0.02,124.05
before,32,test_conservative_reversed[True-latitude],tests/test_regrid.py::TestCoordOrder::test_conservative_reversed[True-latitude],setup,0.02,124.05
before,32,test_conservative_reversed[False-latitude],tests/test_regrid.py::TestCoordOrder::test_conservative_reversed[False-latitude],setup,0.02,124.05
before,32,test_conservative_reversed[True-longitude],tests/test_regrid.py::TestCoordOrder::test_conservative_reversed[True-longitude],setup,0.02,124.05
before,32,test_conservative_reversed[False-longitude],tests/test_regrid.py::TestCoordOrder::test_conservative_reversed[False-longitude],setup,0.02,124.05
before,32,test_conservative_nans,tests/test_regrid.py::test_conservative_nans,setup,0.02,124.05
before,32,test_conservative_original[False],tests/test_regrid.py::TestCoordOrder::test_conservative_original[False],setup,0.02,124.05
before,32,test_attrs_dataset[linear],tests/test_regrid.py::test_attrs_dataset[linear],setup,0.02,124.05
before,32,test_attrs_dataarray[linear],tests/test_regrid.py::test_attrs_dataarray[linear],setup,0.02,124.05
before,32,test_original[False-linear],tests/test_regrid.py::TestCoordOrder::test_original[False-linear],setup,0.02,124.05
before,32,test_reversed[True-linear-latitude],tests/test_regrid.py::TestCoordOrder::test_reversed[True-linear-latitude],setup,0.02,124.05
before,32,test_conservative_original[True],tests/test_regrid.py::TestCoordOrder::test_conservative_original[True],setup,0.02,124.05
before,32,test_attrs_dataarray_conservative,tests/test_regrid.py::test_attrs_dataarray_conservative,setup,0.02,124.05
before,32,test_original[False-cubic],tests/test_regrid.py::TestCoordOrder::test_original[False-cubic],setup,0.02,124.05
before,32,test_reversed[True-cubic-longitude],tests/test_regrid.py::TestCoordOrder::test_reversed[True-cubic-longitude],setup,0.02,124.05
before,32,test_reversed[False-cubic-longitude],tests/test_regrid.py::TestCoordOrder::test_reversed[False-cubic-longitude],setup,0.02,124.05
before,32,test_reversed[False-nearest-longitude],tests/test_regrid.py::TestCoordOrder::test_reversed[False-nearest-longitude],setup,0.02,124.05
before,32,test_attrs_dataset_conservative,tests/test_regrid.py::test_attrs_dataset_conservative,setup,0.02,124.05
before,32,test_original[True-cubic],tests/test_regrid.py::TestCoordOrder::test_original[True-cubic],setup,0.02,124.05
before,32,test_basic_regridders_da[linear-cdo_file0],tests/test_regrid.py::test_basic_regridders_da[linear-cdo_file0],setup,0.02,124.05
before,32,test_reversed[False-cubic-latitude],tests/test_regrid.py::TestCoordOrder::test_reversed[False-cubic-latitude],setup,0.02,124.05
before,32,test_reversed[False-linear-longitude],tests/test_regrid.py::TestCoordOrder::test_reversed[False-linear-longitude],setup,0.02,124.05
before,32,test_attrs_dataarray[nearest],tests/test_regrid.py::test_attrs_dataarray[nearest],setup,0.01,124.05
before,32,test_original[True-nearest],tests/test_regrid.py::TestCoordOrder::test_original[True-nearest],setup,0.01,124.05
before,32,test_reversed[False-linear-latitude],tests/test_regrid.py::TestCoordOrder::test_reversed[False-linear-latitude],setup,0.01,124.05
before,32,test_reversed[True-nearest-longitude],tests/test_regrid.py::TestCoordOrder::test_reversed[True-nearest-longitude],setup,0.01,124.05
before,32,test_attrs_dataset[nearest],tests/test_regrid.py::test_attrs_dataset[nearest],setup,0.01,124.05
before,32,test_reversed[False-nearest-latitude],tests/test_regrid.py::TestCoordOrder::test_reversed[False-nearest-latitude],setup,0.01,124.05
before,32,test_attrs_dataarray[cubic],tests/test_regrid.py::test_attrs_dataarray[cubic],setup,0.01,124.05
before,32,test_attrs_dataset[cubic],tests/test_regrid.py::test_attrs_dataset[cubic],setup,0.01,124.05
before,32,test_basic_regridders_ds[nearest-cdo_file1],tests/test_regrid.py::test_basic_regridders_ds[nearest-cdo_file1],setup,0.01,124.05
before,32,test_reversed[True-cubic-latitude],tests/test_regrid.py::TestCoordOrder::test_reversed[True-cubic-latitude],setup,0.01,124.05
before,32,test_basic_regridders_da[nearest-cdo_file1],tests/test_regrid.py::test_basic_regridders_da[nearest-cdo_file1],setup,0.01,124.05
before,32,test_original[False-nearest],tests/test_regrid.py::TestCoordOrder::test_original[False-nearest],setup,0.01,124.05
before,32,test_reversed[True-linear-longitude],tests/test_regrid.py::TestCoordOrder::test_reversed[True-linear-longitude],setup,0.01,124.05
before,33,test_conservative_reversed[True-latitude],tests/test_regrid.py::TestCoordOrder::test_conservative_reversed[True-latitude],call,10.77,122.62
before,33,test_conservative_reversed[True-longitude],tests/test_regrid.py::TestCoordOrder::test_conservative_reversed[True-longitude],call,10.76,122.62
before,33,test_attrs_dataset_conservative,tests/test_regrid.py::test_attrs_dataset_conservative,call,10.75,122.62
before,33,test_attrs_dataarray_conservative,tests/test_regrid.py::test_attrs_dataarray_conservative,call,10.72,122.62
before,33,test_conservative_original[False],tests/test_regrid.py::TestCoordOrder::test_conservative_original[False],call,10.72,122.62
before,33,test_conservative_reversed[False-longitude],tests/test_regrid.py::TestCoordOrder::test_conservative_reversed[False-longitude],call,10.71,122.62
before,33,test_conservative_reversed[False-latitude],tests/test_regrid.py::TestCoordOrder::test_conservative_reversed[False-latitude],call,10.7,122.62
before,33,test_conservative_original[True],tests/test_regrid.py::TestCoordOrder::test_conservative_original[True],call,10.69,122.62
before,33,test_reversed[False-cubic-longitude],tests/test_regrid.py::TestCoordOrder::test_reversed[False-cubic-longitude],call,4.09,122.62
before,33,test_reversed[False-cubic-latitude],tests/test_regrid.py::TestCoordOrder::test_reversed[False-cubic-latitude],call,4.03,122.62
before,33,test_attrs_dataset[cubic],tests/test_regrid.py::test_attrs_dataset[cubic],call,4.0,122.62
before,33,test_reversed[True-cubic-longitude],tests/test_regrid.py::TestCoordOrder::test_reversed[True-cubic-longitude],call,3.99,122.62
before,33,test_reversed[True-cubic-latitude],tests/test_regrid.py::TestCoordOrder::test_reversed[True-cubic-latitude],call,3.96,122.62
before,33,test_original[False-cubic],tests/test_regrid.py::TestCoordOrder::test_original[False-cubic],call,3.96,122.62
before,33,test_attrs_dataarray[cubic],tests/test_regrid.py::test_attrs_dataarray[cubic],call,3.96,122.62
before,33,test_original[True-cubic],tests/test_regrid.py::TestCoordOrder::test_original[True-cubic],call,3.95,122.62
before,33,test_conservative_nans,tests/test_regrid.py::test_conservative_nans,call,0.96,122.62
before,33,test_conservative_regridder,tests/test_regrid.py::test_conservative_regridder,call,0.55,122.62
before,33,test_basic_regridders_ds[linear-cdo_file0],tests/test_regrid.py::test_basic_regridders_ds[linear-cdo_file0],call,0.17,122.62
before,33,test_reversed[True-linear-longitude],tests/test_regrid.py::TestCoordOrder::test_reversed[True-linear-longitude],call,0.13,122.62
before,33,test_reversed[False-linear-longitude],tests/test_regrid.py::TestCoordOrder::test_reversed[False-linear-longitude],call,0.13,122.62
before,33,test_basic_regridders_da[linear-cdo_file0],tests/test_regrid.py::test_basic_regridders_da[linear-cdo_file0],call,0.12,122.62
before,33,test_basic_regridders_ds[linear-cdo_file0],tests/test_regrid.py::test_basic_regridders_ds[linear-cdo_file0],setup,0.12,122.62
before,33,test_attrs_dataarray[linear],tests/test_regrid.py::test_attrs_dataarray[linear],call,0.11,122.62
before,33,test_reversed[True-nearest-longitude],tests/test_regrid.py::TestCoordOrder::test_reversed[True-nearest-longitude],call,0.11,122.62
before,33,test_reversed[False-nearest-longitude],tests/test_regrid.py::TestCoordOrder::test_reversed[False-nearest-longitude],call,0.11,122.62
before,33,test_attrs_dataset[linear],tests/test_regrid.py::test_attrs_dataset[linear],call,0.11,122.62
before,33,test_reversed[False-linear-latitude],tests/test_regrid.py::TestCoordOrder::test_reversed[False-linear-latitude],call,0.11,122.62
before,33,test_reversed[True-linear-latitude],tests/test_regrid.py::TestCoordOrder::test_reversed[True-linear-latitude],call,0.11,122.62
before,33,test_basic_regridders_da[nearest-cdo_file1],tests/test_regrid.py::test_basic_regridders_da[nearest-cdo_file1],call,0.11,122.62
before,33,test_basic_regridders_ds[nearest-cdo_file1],tests/test_regrid.py::test_basic_regridders_ds[nearest-cdo_file1],call,0.1,122.62
before,33,test_reversed[True-nearest-latitude],tests/test_regrid.py::TestCoordOrder::test_reversed[True-nearest-latitude],call,0.1,122.62
before,33,test_reversed[False-nearest-latitude],tests/test_regrid.py::TestCoordOrder::test_reversed[False-nearest-latitude],call,0.1,122.62
before,33,test_conservative_regridder,tests/test_regrid.py::test_conservative_regridder,setup,0.09,122.62
before,33,test_original[True-linear],tests/test_regrid.py::TestCoordOrder::test_original[True-linear],call,0.09,122.62
before,33,test_original[False-linear],tests/test_regrid.py::TestCoordOrder::test_original[False-linear],call,0.09,122.62
before,33,test_original[False-nearest],tests/test_regrid.py::TestCoordOrder::test_original[False-nearest],call,0.08,122.62
before,33,test_original[True-nearest],tests/test_regrid.py::TestCoordOrder::test_original[True-nearest],call,0.08,122.62
before,33,test_attrs_dataarray[nearest],tests/test_regrid.py::test_attrs_dataarray[nearest],call,0.07,122.62
before,33,test_attrs_dataset[nearest],tests/test_regrid.py::test_attrs_dataset[nearest],call,0.07,122.62
before,33,test_conservative_nan_aggregation_over_dims,tests/test_regrid.py::test_conservative_nan_aggregation_over_dims,call,0.02,122.62
before,33,test_conservative_nan_thresholds_against_coarsen[0],tests/test_regrid.py::test_conservative_nan_thresholds_against_coarsen[0],call,0.02,122.62
before,33,test_conservative_reversed[True-latitude],tests/test_regrid.py::TestCoordOrder::test_conservative_reversed[True-latitude],setup,0.02,122.62
before,33,test_conservative_nan_thresholds_against_coarsen[1],tests/test_regrid.py::test_conservative_nan_thresholds_against_coarsen[1],call,0.02,122.62
before,33,test_attrs_dataarray[linear],tests/test_regrid.py::test_attrs_dataarray[linear],setup,0.02,122.62
before,33,test_conservative_reversed[False-latitude],tests/test_regrid.py::TestCoordOrder::test_conservative_reversed[False-latitude],setup,0.02,122.62
before,33,test_original[True-linear],tests/test_regrid.py::TestCoordOrder::test_original[True-linear],setup,0.02,122.62
before,33,test_conservative_original[False],tests/test_regrid.py::TestCoordOrder::test_conservative_original[False],setup,0.02,122.62
before,33,test_attrs_dataarray_conservative,tests/test_regrid.py::test_attrs_dataarray_conservative,setup,0.02,122.62
before,33,test_attrs_dataset[linear],tests/test_regrid.py::test_attrs_dataset[linear],setup,0.02,122.62
before,33,test_conservative_reversed[False-longitude],tests/test_regrid.py::TestCoordOrder::test_conservative_reversed[False-longitude],setup,0.02,122.62
before,33,test_conservative_reversed[True-longitude],tests/test_regrid.py::TestCoordOrder::test_conservative_reversed[True-longitude],setup,0.02,122.62
before,33,test_conservative_nans,tests/test_regrid.py::test_conservative_nans,setup,0.02,122.62
before,33,test_reversed[False-linear-latitude],tests/test_regrid.py::TestCoordOrder::test_reversed[False-linear-latitude],setup,0.02,122.62
before,33,test_reversed[True-cubic-longitude],tests/test_regrid.py::TestCoordOrder::test_reversed[True-cubic-longitude],setup,0.02,122.62
before,33,test_original[False-cubic],tests/test_regrid.py::TestCoordOrder::test_original[False-cubic],setup,0.02,122.62
before,33,test_original[True-nearest],tests/test_regrid.py::TestCoordOrder::test_original[True-nearest],setup,0.02,122.62
before,33,test_conservative_original[True],tests/test_regrid.py::TestCoordOrder::test_conservative_original[True],setup,0.02,122.62
before,33,test_reversed[False-cubic-longitude],tests/test_regrid.py::TestCoordOrder::test_reversed[False-cubic-longitude],setup,0.02,122.62
before,33,test_reversed[False-nearest-longitude],tests/test_regrid.py::TestCoordOrder::test_reversed[False-nearest-longitude],setup,0.02,122.62
before,33,test_basic_regridders_da[linear-cdo_file0],tests/test_regrid.py::test_basic_regridders_da[linear-cdo_file0],setup,0.02,122.62
before,33,test_reversed[False-cubic-latitude],tests/test_regrid.py::TestCoordOrder::test_reversed[False-cubic-latitude],setup,0.02,122.62
before,33,test_basic_regridders_da[nearest-cdo_file1],tests/test_regrid.py::test_basic_regridders_da[nearest-cdo_file1],setup,0.02,122.62
before,33,test_reversed[False-linear-longitude],tests/test_regrid.py::TestCoordOrder::test_reversed[False-linear-longitude],setup,0.02,122.62
before,33,test_reversed[True-linear-latitude],tests/test_regrid.py::TestCoordOrder::test_reversed[True-linear-latitude],setup,0.02,122.62
before,33,test_attrs_dataarray[nearest],tests/test_regrid.py::test_attrs_dataarray[nearest],setup,0.02,122.62
before,33,test_attrs_dataarray[cubic],tests/test_regrid.py::test_attrs_dataarray[cubic],setup,0.01,122.62
before,33,test_original[False-linear],tests/test_regrid.py::TestCoordOrder::test_original[False-linear],setup,0.01,122.62
before,33,test_reversed[True-nearest-longitude],tests/test_regrid.py::TestCoordOrder::test_reversed[True-nearest-longitude],setup,0.01,122.62
before,33,test_original[True-cubic],tests/test_regrid.py::TestCoordOrder::test_original[True-cubic],setup,0.01,122.62
before,33,test_attrs_dataset_conservative,tests/test_regrid.py::test_attrs_dataset_conservative,setup,0.01,122.62
before,33,test_attrs_dataset[nearest],tests/test_regrid.py::test_attrs_dataset[nearest],setup,0.01,122.62
before,33,test_reversed[True-nearest-latitude],tests/test_regrid.py::TestCoordOrder::test_reversed[True-nearest-latitude],setup,0.01,122.62
before,33,test_attrs_dataset[cubic],tests/test_regrid.py::test_attrs_dataset[cubic],setup,0.01,122.62
before,33,test_reversed[False-nearest-latitude],tests/test_regrid.py::TestCoordOrder::test_reversed[False-nearest-latitude],setup,0.01,122.62
before,33,test_reversed[True-cubic-latitude],tests/test_regrid.py::TestCoordOrder::test_reversed[True-cubic-latitude],setup,0.01,122.62
before,33,test_basic_regridders_ds[nearest-cdo_file1],tests/test_regrid.py::test_basic_regridders_ds[nearest-cdo_file1],setup,0.01,122.62
before,33,test_original[False-nearest],tests/test_regrid.py::TestCoordOrder::test_original[False-nearest],setup,0.01,122.62
before,33,test_reversed[True-linear-longitude],tests/test_regrid.py::TestCoordOrder::test_reversed[True-linear-longitude],setup,0.01,122.62
before,34,test_conservative_reversed[True-latitude],tests/test_regrid.py::TestCoordOrder::test_conservative_reversed[True-latitude],call,10.78,122.38
before,34,test_attrs_dataset_conservative,tests/test_regrid.py::test_attrs_dataset_conservative,call,10.76,122.38
before,34,test_conservative_reversed[False-longitude],tests/test_regrid.py::TestCoordOrder::test_conservative_reversed[False-longitude],call,10.75,122.38
before,34,test_conservative_reversed[True-longitude],tests/test_regrid.py::TestCoordOrder::test_conservative_reversed[True-longitude],call,10.74,122.38
before,34,test_conservative_original[True],tests/test_regrid.py::TestCoordOrder::test_conservative_original[True],call,10.73,122.38
before,34,test_conservative_reversed[False-latitude],tests/test_regrid.py::TestCoordOrder::test_conservative_reversed[False-latitude],call,10.69,122.38
before,34,test_conservative_original[False],tests/test_regrid.py::TestCoordOrder::test_conservative_original[False],call,10.68,122.38
before,34,test_attrs_dataarray_conservative,tests/test_regrid.py::test_attrs_dataarray_conservative,call,10.64,122.38
before,34,test_reversed[False-cubic-longitude],tests/test_regrid.py::TestCoordOrder::test_reversed[False-cubic-longitude],call,4.06,122.38
before,34,test_attrs_dataarray[cubic],tests/test_regrid.py::test_attrs_dataarray[cubic],call,4.02,122.38
before,34,test_reversed[True-cubic-longitude],tests/test_regrid.py::TestCoordOrder::test_reversed[True-cubic-longitude],call,4.01,122.38
before,34,test_reversed[True-cubic-latitude],tests/test_regrid.py::TestCoordOrder::test_reversed[True-cubic-latitude],call,3.98,122.38
before,34,test_reversed[False-cubic-latitude],tests/test_regrid.py::TestCoordOrder::test_reversed[False-cubic-latitude],call,3.98,122.38
before,34,test_original[True-cubic],tests/test_regrid.py::TestCoordOrder::test_original[True-cubic],call,3.97,122.38
before,34,test_attrs_dataset[cubic],tests/test_regrid.py::test_attrs_dataset[cubic],call,3.96,122.38
before,34,test_original[False-cubic],tests/test_regrid.py::TestCoordOrder::test_original[False-cubic],call,3.96,122.38
before,34,test_conservative_nans,tests/test_regrid.py::test_conservative_nans,call,0.7,122.38
before,34,test_conservative_regridder,tests/test_regrid.py::test_conservative_regridder,call,0.63,122.38
before,34,test_basic_regridders_ds[linear-cdo_file0],tests/test_regrid.py::test_basic_regridders_ds[linear-cdo_file0],call,0.17,122.38
before,34,test_reversed[True-linear-longitude],tests/test_regrid.py::TestCoordOrder::test_reversed[True-linear-longitude],call,0.13,122.38
before,34,test_reversed[False-linear-longitude],tests/test_regrid.py::TestCoordOrder::test_reversed[False-linear-longitude],call,0.13,122.38
before,34,test_basic_regridders_da[linear-cdo_file0],tests/test_regrid.py::test_basic_regridders_da[linear-cdo_file0],call,0.12,122.38
before,34,test_basic_regridders_ds[linear-cdo_file0],tests/test_regrid.py::test_basic_regridders_ds[linear-cdo_file0],setup,0.12,122.38
before,34,test_attrs_dataarray[linear],tests/test_regrid.py::test_attrs_dataarray[linear],call,0.11,122.38
before,34,test_reversed[False-linear-latitude],tests/test_regrid.py::TestCoordOrder::test_reversed[False-linear-latitude],call,0.11,122.38
before,34,test_reversed[False-nearest-longitude],tests/test_regrid.py::TestCoordOrder::test_reversed[False-nearest-longitude],call,0.11,122.38
before,34,test_attrs_dataset[linear],tests/test_regrid.py::test_attrs_dataset[linear],call,0.11,122.38
before,34,test_reversed[True-nearest-longitude],tests/test_regrid.py::TestCoordOrder::test_reversed[True-nearest-longitude],call,0.11,122.38
before,34,test_reversed[True-linear-latitude],tests/test_regrid.py::TestCoordOrder::test_reversed[True-linear-latitude],call,0.11,122.38
before,34,test_basic_regridders_ds[nearest-cdo_file1],tests/test_regrid.py::test_basic_regridders_ds[nearest-cdo_file1],call,0.1,122.38
before,34,test_basic_regridders_da[nearest-cdo_file1],tests/test_regrid.py::test_basic_regridders_da[nearest-cdo_file1],call,0.1,122.38
before,34,test_reversed[True-nearest-latitude],tests/test_regrid.py::TestCoordOrder::test_reversed[True-nearest-latitude],call,0.1,122.38
before,34,test_reversed[False-nearest-latitude],tests/test_regrid.py::TestCoordOrder::test_reversed[False-nearest-latitude],call,0.1,122.38
before,34,test_conservative_regridder,tests/test_regrid.py::test_conservative_regridder,setup,0.09,122.38
before,34,test_original[False-linear],tests/test_regrid.py::TestCoordOrder::test_original[False-linear],call,0.09,122.38
before,34,test_original[True-linear],tests/test_regrid.py::TestCoordOrder::test_original[True-linear],call,0.09,122.38
before,34,test_original[True-nearest],tests/test_regrid.py::TestCoordOrder::test_original[True-nearest],call,0.08,122.38
before,34,test_original[False-nearest],tests/test_regrid.py::TestCoordOrder::test_original[False-nearest],call,0.08,122.38
before,34,test_attrs_dataset[nearest],tests/test_regrid.py::test_attrs_dataset[nearest],call,0.07,122.38
before,34,test_attrs_dataarray[nearest],tests/test_regrid.py::test_attrs_dataarray[nearest],call,0.07,122.38
before,34,test_conservative_nan_aggregation_over_dims,tests/test_regrid.py::test_conservative_nan_aggregation_over_dims,call,0.02,122.38
before,34,test_conservative_nan_thresholds_against_coarsen[0],tests/test_regrid.py::test_conservative_nan_thresholds_against_coarsen[0],call,0.02,122.38
before,34,test_conservative_nan_thresholds_against_coarsen[1],tests/test_regrid.py::test_conservative_nan_thresholds_against_coarsen[1],call,0.02,122.38
before,34,test_conservative_reversed[False-latitude],tests/test_regrid.py::TestCoordOrder::test_conservative_reversed[False-latitude],setup,0.02,122.38
before,34,test_conservative_reversed[True-latitude],tests/test_regrid.py::TestCoordOrder::test_conservative_reversed[True-latitude],setup,0.02,122.38
before,34,test_original[True-linear],tests/test_regrid.py::TestCoordOrder::test_original[True-linear],setup,0.02,122.38
before,34,test_attrs_dataset[linear],tests/test_regrid.py::test_attrs_dataset[linear],setup,0.02,122.38
before,34,test_conservative_original[False],tests/test_regrid.py::TestCoordOrder::test_conservative_original[False],setup,0.02,122.38
before,34,test_conservative_nans,tests/test_regrid.py::test_conservative_nans,setup,0.02,122.38
before,34,test_conservative_reversed[True-longitude],tests/test_regrid.py::TestCoordOrder::test_conservative_reversed[True-longitude],setup,0.02,122.38
before,34,test_attrs_dataarray[linear],tests/test_regrid.py::test_attrs_dataarray[linear],setup,0.02,122.38
before,34,test_conservative_reversed[False-longitude],tests/test_regrid.py::TestCoordOrder::test_conservative_reversed[False-longitude],setup,0.02,122.38
before,34,test_conservative_original[True],tests/test_regrid.py::TestCoordOrder::test_conservative_original[True],setup,0.02,122.38
before,34,test_reversed[True-cubic-longitude],tests/test_regrid.py::TestCoordOrder::test_reversed[True-cubic-longitude],setup,0.02,122.38
before,34,test_attrs_dataset[nearest],tests/test_regrid.py::test_attrs_dataset[nearest],setup,0.02,122.38
before,34,test_attrs_dataarray_conservative,tests/test_regrid.py::test_attrs_dataarray_conservative,setup,0.02,122.38
before,34,test_original[True-nearest],tests/test_regrid.py::TestCoordOrder::test_original[True-nearest],setup,0.02,122.38
before,34,test_reversed[False-cubic-longitude],tests/test_regrid.py::TestCoordOrder::test_reversed[False-cubic-longitude],setup,0.02,122.38
before,34,test_basic_regridders_da[linear-cdo_file0],tests/test_regrid.py::test_basic_regridders_da[linear-cdo_file0],setup,0.02,122.38
before,34,test_reversed[False-nearest-longitude],tests/test_regrid.py::TestCoordOrder::test_reversed[False-nearest-longitude],setup,0.02,122.38
before,34,test_attrs_dataset_conservative,tests/test_regrid.py::test_attrs_dataset_conservative,setup,0.02,122.38
before,34,test_reversed[False-cubic-latitude],tests/test_regrid.py::TestCoordOrder::test_reversed[False-cubic-latitude],setup,0.02,122.38
before,34,test_original[True-cubic],tests/test_regrid.py::TestCoordOrder::test_original[True-cubic],setup,0.02,122.38
before,34,test_original[False-cubic],tests/test_regrid.py::TestCoordOrder::test_original[False-cubic],setup,0.02,122.38
before,34,test_original[False-linear],tests/test_regrid.py::TestCoordOrder::test_original[False-linear],setup,0.02,122.38
before,34,test_attrs_dataarray[nearest],tests/test_regrid.py::test_attrs_dataarray[nearest],setup,0.02,122.38
before,34,test_reversed[False-linear-longitude],tests/test_regrid.py::TestCoordOrder::test_reversed[False-linear-longitude],setup,0.02,122.38
before,34,test_reversed[False-linear-latitude],tests/test_regrid.py::TestCoordOrder::test_reversed[False-linear-latitude],setup,0.01,122.38
before,34,test_reversed[True-linear-latitude],tests/test_regrid.py::TestCoordOrder::test_reversed[True-linear-latitude],setup,0.01,122.38
before,34,test_attrs_dataset[cubic],tests/test_regrid.py::test_attrs_dataset[cubic],setup,0.01,122.38
before,34,test_attrs_dataarray[cubic],tests/test_regrid.py::test_attrs_dataarray[cubic],setup,0.01,122.38
before,34,test_reversed[True-nearest-longitude],tests/test_regrid.py::TestCoordOrder::test_reversed[True-nearest-longitude],setup,0.01,122.38
before,34,test_reversed[True-cubic-latitude],tests/test_regrid.py::TestCoordOrder::test_reversed[True-cubic-latitude],setup,0.01,122.38
before,34,test_basic_regridders_da[nearest-cdo_file1],tests/test_regrid.py::test_basic_regridders_da[nearest-cdo_file1],setup,0.01,122.38
before,34,test_reversed[True-nearest-latitude],tests/test_regrid.py::TestCoordOrder::test_reversed[True-nearest-latitude],setup,0.01,122.38
before,34,test_basic_regridders_ds[nearest-cdo_file1],tests/test_regrid.py::test_basic_regridders_ds[nearest-cdo_file1],setup,0.01,122.38
before,34,test_reversed[False-nearest-latitude],tests/test_regrid.py::TestCoordOrder::test_reversed[False-nearest-latitude],setup,0.01,122.38
before,34,test_original[False-nearest],tests/test_regrid.py::TestCoordOrder::test_original[False-nearest],setup,0.01,122.38
before,34,test_reversed[True-linear-longitude],tests/test_regrid.py::TestCoordOrder::test_reversed[True-linear-longitude],setup,0.01,122.38
before,35,test_conservative_reversed[True-latitude],tests/test_regrid.py::TestCoordOrder::test_conservative_reversed[True-latitude],call,10.82,122.33
before,35,test_conservative_reversed[True-longitude],tests/test_regrid.py::TestCoordOrder::test_conservative_reversed[True-longitude],call,10.77,122.33
before,35,test_attrs_dataset_conservative,tests/test_regrid.py::test_attrs_dataset_conservative,call,10.74,122.33
before,35,test_conservative_reversed[False-longitude],tests/test_regrid.py::TestCoordOrder::test_conservative_reversed[False-longitude],call,10.73,122.33
before,35,test_conservative_original[False],tests/test_regrid.py::TestCoordOrder::test_conservative_original[False],call,10.73,122.33
before,35,test_conservative_original[True],tests/test_regrid.py::TestCoordOrder::test_conservative_original[True],call,10.7,122.33
before,35,test_conservative_reversed[False-latitude],tests/test_regrid.py::TestCoordOrder::test_conservative_reversed[False-latitude],call,10.7,122.33
before,35,test_attrs_dataarray_conservative,tests/test_regrid.py::test_attrs_dataarray_conservative,call,10.65,122.33
before,35,test_reversed[False-cubic-longitude],tests/test_regrid.py::TestCoordOrder::test_reversed[False-cubic-longitude],call,4.09,122.33
before,35,test_reversed[False-cubic-latitude],tests/test_regrid.py::TestCoordOrder::test_reversed[False-cubic-latitude],call,4.02,122.33
before,35,test_attrs_dataset[cubic],tests/test_regrid.py::test_attrs_dataset[cubic],call,4.0,122.33
before,35,test_original[True-cubic],tests/test_regrid.py::TestCoordOrder::test_original[True-cubic],call,4.0,122.33
before,35,test_reversed[True-cubic-latitude],tests/test_regrid.py::TestCoordOrder::test_reversed[True-cubic-latitude],call,3.98,122.33
before,35,test_reversed[True-cubic-longitude],tests/test_regrid.py::TestCoordOrder::test_reversed[True-cubic-longitude],call,3.98,122.33
before,35,test_original[False-cubic],tests/test_regrid.py::TestCoordOrder::test_original[False-cubic],call,3.96,122.33
before,35,test_attrs_dataarray[cubic],tests/test_regrid.py::test_attrs_dataarray[cubic],call,3.92,122.33
before,35,test_conservative_nans,tests/test_regrid.py::test_conservative_nans,call,0.62,122.33
before,35,test_conservative_regridder,tests/test_regrid.py::test_conservative_regridder,call,0.56,122.33
before,35,test_basic_regridders_ds[linear-cdo_file0],tests/test_regrid.py::test_basic_regridders_ds[linear-cdo_file0],call,0.17,122.33
before,35,test_reversed[False-linear-longitude],tests/test_regrid.py::TestCoordOrder::test_reversed[False-linear-longitude],call,0.14,122.33
before,35,test_reversed[True-linear-longitude],tests/test_regrid.py::TestCoordOrder::test_reversed[True-linear-longitude],call,0.13,122.33
before,35,test_basic_regridders_da[linear-cdo_file0],tests/test_regrid.py::test_basic_regridders_da[linear-cdo_file0],call,0.12,122.33
before,35,test_basic_regridders_ds[linear-cdo_file0],tests/test_regrid.py::test_basic_regridders_ds[linear-cdo_file0],setup,0.12,122.33
before,35,test_attrs_dataarray[linear],tests/test_regrid.py::test_attrs_dataarray[linear],call,0.12,122.33
before,35,test_reversed[False-nearest-longitude],tests/test_regrid.py::TestCoordOrder::test_reversed[False-nearest-longitude],call,0.11,122.33
before,35,test_attrs_dataset[linear],tests/test_regrid.py::test_attrs_dataset[linear],call,0.11,122.33
before,35,test_reversed[False-linear-latitude],tests/test_regrid.py::TestCoordOrder::test_reversed[False-linear-latitude],call,0.11,122.33
before,35,test_reversed[True-linear-latitude],tests/test_regrid.py::TestCoordOrder::test_reversed[True-linear-latitude],call,0.11,122.33
before,35,test_reversed[True-nearest-longitude],tests/test_regrid.py::TestCoordOrder::test_reversed[True-nearest-longitude],call,0.11,122.33
before,35,test_basic_regridders_ds[nearest-cdo_file1],tests/test_regrid.py::test_basic_regridders_ds[nearest-cdo_file1],call,0.1,122.33
before,35,test_basic_regridders_da[nearest-cdo_file1],tests/test_regrid.py::test_basic_regridders_da[nearest-cdo_file1],call,0.1,122.33
before,35,test_reversed[False-nearest-latitude],tests/test_regrid.py::TestCoordOrder::test_reversed[False-nearest-latitude],call,0.1,122.33
before,35,test_reversed[True-nearest-latitude],tests/test_regrid.py::TestCoordOrder::test_reversed[True-nearest-latitude],call,0.1,122.33
before,35,test_conservative_regridder,tests/test_regrid.py::test_conservative_regridder,setup,0.09,122.33
before,35,test_original[True-linear],tests/test_regrid.py::TestCoordOrder::test_original[True-linear],call,0.09,122.33
before,35,test_original[False-linear],tests/test_regrid.py::TestCoordOrder::test_original[False-linear],call,0.09,122.33
before,35,test_original[True-nearest],tests/test_regrid.py::TestCoordOrder::test_original[True-nearest],call,0.08,122.33
before,35,test_original[False-nearest],tests/test_regrid.py::TestCoordOrder::test_original[False-nearest],call,0.08,122.33
before,35,test_attrs_dataset[nearest],tests/test_regrid.py::test_attrs_dataset[nearest],call,0.07,122.33
before,35,test_attrs_dataarray[nearest],tests/test_regrid.py::test_attrs_dataarray[nearest],call,0.07,122.33
before,35,test_conservative_nan_aggregation_over_dims,tests/test_regrid.py::test_conservative_nan_aggregation_over_dims,call,0.02,122.33
before,35,test_conservative_nan_thresholds_against_coarsen[0],tests/test_regrid.py::test_conservative_nan_thresholds_against_coarsen[0],call,0.02,122.33
before,35,test_conservative_nan_thresholds_against_coarsen[1],tests/test_regrid.py::test_conservative_nan_thresholds_against_coarsen[1],call,0.02,122.33
before,35,test_original[True-linear],tests/test_regrid.py::TestCoordOrder::test_original[True-linear],setup,0.02,122.33
before,35,test_conservative_reversed[True-latitude],tests/test_regrid.py::TestCoordOrder::test_conservative_reversed[True-latitude],setup,0.02,122.33
before,35,test_conservative_nans,tests/test_regrid.py::test_conservative_nans,setup,0.02,122.33
before,35,test_conservative_original[False],tests/test_regrid.py::TestCoordOrder::test_conservative_original[False],setup,0.02,122.33
before,35,test_reversed[False-cubic-longitude],tests/test_regrid.py::TestCoordOrder::test_reversed[False-cubic-longitude],setup,0.02,122.33
before,35,test_conservative_reversed[True-longitude],tests/test_regrid.py::TestCoordOrder::test_conservative_reversed[True-longitude],setup,0.02,122.33
before,35,test_attrs_dataset[linear],tests/test_regrid.py::test_attrs_dataset[linear],setup,0.02,122.33
before,35,test_attrs_dataarray[linear],tests/test_regrid.py::test_attrs_dataarray[linear],setup,0.02,122.33
before,35,test_conservative_reversed[False-latitude],tests/test_regrid.py::TestCoordOrder::test_conservative_reversed[False-latitude],setup,0.02,122.33
before,35,test_conservative_reversed[False-longitude],tests/test_regrid.py::TestCoordOrder::test_conservative_reversed[False-longitude],setup,0.02,122.33
before,35,test_reversed[True-cubic-longitude],tests/test_regrid.py::TestCoordOrder::test_reversed[True-cubic-longitude],setup,0.02,122.33
before,35,test_conservative_original[True],tests/test_regrid.py::TestCoordOrder::test_conservative_original[True],setup,0.02,122.33
before,35,test_original[False-linear],tests/test_regrid.py::TestCoordOrder::test_original[False-linear],setup,0.02,122.33
before,35,test_reversed[False-nearest-longitude],tests/test_regrid.py::TestCoordOrder::test_reversed[False-nearest-longitude],setup,0.02,122.33
before,35,test_reversed[True-cubic-latitude],tests/test_regrid.py::TestCoordOrder::test_reversed[True-cubic-latitude],setup,0.02,122.33
before,35,test_reversed[False-linear-latitude],tests/test_regrid.py::TestCoordOrder::test_reversed[False-linear-latitude],setup,0.02,122.33
before,35,test_original[True-cubic],tests/test_regrid.py::TestCoordOrder::test_original[True-cubic],setup,0.02,122.33
before,35,test_attrs_dataset_conservative,tests/test_regrid.py::test_attrs_dataset_conservative,setup,0.02,122.33
before,35,test_original[False-cubic],tests/test_regrid.py::TestCoordOrder::test_original[False-cubic],setup,0.02,122.33
before,35,test_original[True-nearest],tests/test_regrid.py::TestCoordOrder::test_original[True-nearest],setup,0.02,122.33
before,35,test_basic_regridders_da[linear-cdo_file0],tests/test_regrid.py::test_basic_regridders_da[linear-cdo_file0],setup,0.02,122.33
before,35,test_attrs_dataarray[nearest],tests/test_regrid.py::test_attrs_dataarray[nearest],setup,0.02,122.33
before,35,test_reversed[False-cubic-latitude],tests/test_regrid.py::TestCoordOrder::test_reversed[False-cubic-latitude],setup,0.02,122.33
before,35,test_reversed[True-nearest-longitude],tests/test_regrid.py::TestCoordOrder::test_reversed[True-nearest-longitude],setup,0.02,122.33
before,35,test_attrs_dataset[nearest],tests/test_regrid.py::test_attrs_dataset[nearest],setup,0.01,122.33
before,35,test_reversed[True-linear-latitude],tests/test_regrid.py::TestCoordOrder::test_reversed[True-linear-latitude],setup,0.01,122.33
before,35,test_attrs_dataset[cubic],tests/test_regrid.py::test_attrs_dataset[cubic],setup,0.01,122.33
before,35,test_reversed[False-linear-longitude],tests/test_regrid.py::TestCoordOrder::test_reversed[False-linear-longitude],setup,0.01,122.33
before,35,test_attrs_dataarray_conservative,tests/test_regrid.py::test_attrs_dataarray_conservative,setup,0.01,122.33
before,35,test_basic_regridders_da[nearest-cdo_file1],tests/test_regrid.py::test_basic_regridders_da[nearest-cdo_file1],setup,0.01,122.33
before,35,test_reversed[False-nearest-latitude],tests/test_regrid.py::TestCoordOrder::test_reversed[False-nearest-latitude],setup,0.01,122.33
before,35,test_attrs_dataarray[cubic],tests/test_regrid.py::test_attrs_dataarray[cubic],setup,0.01,122.33
before,35,test_reversed[True-linear-longitude],tests/test_regrid.py::TestCoordOrder::test_reversed[True-linear-longitude],setup,0.01,122.33
before,35,test_basic_regridders_ds[nearest-cdo_file1],tests/test_regrid.py::test_basic_regridders_ds[nearest-cdo_file1],setup,0.01,122.33
before,35,test_original[False-nearest],tests/test_regrid.py::TestCoordOrder::test_original[False-nearest],setup,0.01,122.33
before,35,test_reversed[True-nearest-latitude],tests/test_regrid.py::TestCoordOrder::test_reversed[True-nearest-latitude],setup,0.01,122.33
before,36,test_conservative_reversed[True-latitude],tests/test_regrid.py::TestCoordOrder::test_conservative_reversed[True-latitude],call,10.81,123.79
before,36,test_conservative_reversed[True-longitude],tests/test_regrid.py::TestCoordOrder::test_conservative_reversed[True-longitude],call,10.78,123.79
before,36,test_conservative_reversed[False-longitude],tests/test_regrid.py::TestCoordOrder::test_conservative_reversed[False-longitude],call,10.76,123.79
before,36,test_attrs_dataset_conservative,tests/test_regrid.py::test_attrs_dataset_conservative,call,10.76,123.79
before,36,test_conservative_original[False],tests/test_regrid.py::TestCoordOrder::test_conservative_original[False],call,10.74,123.79
before,36,test_conservative_reversed[False-latitude],tests/test_regrid.py::TestCoordOrder::test_conservative_reversed[False-latitude],call,10.74,123.79
before,36,test_conservative_original[True],tests/test_regrid.py::TestCoordOrder::test_conservative_original[True],call,10.67,123.79
before,36,test_attrs_dataarray_conservative,tests/test_regrid.py::test_attrs_dataarray_conservative,call,10.67,123.79
before,36,test_reversed[False-cubic-longitude],tests/test_regrid.py::TestCoordOrder::test_reversed[False-cubic-longitude],call,4.23,123.79
before,36,test_reversed[True-cubic-longitude],tests/test_regrid.py::TestCoordOrder::test_reversed[True-cubic-longitude],call,4.22,123.79
before,36,test_reversed[False-cubic-latitude],tests/test_regrid.py::TestCoordOrder::test_reversed[False-cubic-latitude],call,4.19,123.79
before,36,test_reversed[True-cubic-latitude],tests/test_regrid.py::TestCoordOrder::test_reversed[True-cubic-latitude],call,4.18,123.79
before,36,test_attrs_dataarray[cubic],tests/test_regrid.py::test_attrs_dataarray[cubic],call,4.13,123.79
before,36,test_original[False-cubic],tests/test_regrid.py::TestCoordOrder::test_original[False-cubic],call,4.13,123.79
before,36,test_original[True-cubic],tests/test_regrid.py::TestCoordOrder::test_original[True-cubic],call,4.13,123.79
before,36,test_attrs_dataset[cubic],tests/test_regrid.py::test_attrs_dataset[cubic],call,4.11,123.79
before,36,test_conservative_nans,tests/test_regrid.py::test_conservative_nans,call,0.62,123.79
before,36,test_conservative_regridder,tests/test_regrid.py::test_conservative_regridder,call,0.57,123.79
before,36,test_basic_regridders_ds[linear-cdo_file0],tests/test_regrid.py::test_basic_regridders_ds[linear-cdo_file0],call,0.17,123.79
before,36,test_reversed[False-linear-longitude],tests/test_regrid.py::TestCoordOrder::test_reversed[False-linear-longitude],call,0.13,123.79
before,36,test_reversed[True-linear-longitude],tests/test_regrid.py::TestCoordOrder::test_reversed[True-linear-longitude],call,0.13,123.79
before,36,test_basic_regridders_da[linear-cdo_file0],tests/test_regrid.py::test_basic_regridders_da[linear-cdo_file0],call,0.12,123.79
before,36,test_basic_regridders_ds[linear-cdo_file0],tests/test_regrid.py::test_basic_regridders_ds[linear-cdo_file0],setup,0.12,123.79
before,36,test_reversed[True-nearest-longitude],tests/test_regrid.py::TestCoordOrder::test_reversed[True-nearest-longitude],call,0.12,123.79
before,36,test_attrs_dataarray[linear],tests/test_regrid.py::test_attrs_dataarray[linear],call,0.12,123.79
before,36,test_reversed[False-nearest-longitude],tests/test_regrid.py::TestCoordOrder::test_reversed[False-nearest-longitude],call,0.11,123.79
before,36,test_reversed[True-linear-latitude],tests/test_regrid.py::TestCoordOrder::test_reversed[True-linear-latitude],call,0.11,123.79
before,36,test_reversed[False-linear-latitude],tests/test_regrid.py::TestCoordOrder::test_reversed[False-linear-latitude],call,0.11,123.79
before,36,test_attrs_dataset[linear],tests/test_regrid.py::test_attrs_dataset[linear],call,0.11,123.79
before,36,test_basic_regridders_ds[nearest-cdo_file1],tests/test_regrid.py::test_basic_regridders_ds[nearest-cdo_file1],call,0.1,123.79
before,36,test_basic_regridders_da[nearest-cdo_file1],tests/test_regrid.py::test_basic_regridders_da[nearest-cdo_file1],call,0.1,123.79
before,36,test_reversed[False-nearest-latitude],tests/test_regrid.py::TestCoordOrder::test_reversed[False-nearest-latitude],call,0.1,123.79
before,36,test_reversed[True-nearest-latitude],tests/test_regrid.py::TestCoordOrder::test_reversed[True-nearest-latitude],call,0.09,123.79
before,36,test_conservative_regridder,tests/test_regrid.py::test_conservative_regridder,setup,0.09,123.79
before,36,test_original[False-linear],tests/test_regrid.py::TestCoordOrder::test_original[False-linear],call,0.09,123.79
before,36,test_original[True-linear],tests/test_regrid.py::TestCoordOrder::test_original[True-linear],call,0.09,123.79
before,36,test_attrs_dataarray[nearest],tests/test_regrid.py::test_attrs_dataarray[nearest],call,0.08,123.79
before,36,test_original[True-nearest],tests/test_regrid.py::TestCoordOrder::test_original[True-nearest],call,0.08,123.79
before,36,test_original[False-nearest],tests/test_regrid.py::TestCoordOrder::test_original[False-nearest],call,0.08,123.79
before,36,test_attrs_dataset[nearest],tests/test_regrid.py::test_attrs_dataset[nearest],call,0.08,123.79
before,36,test_conservative_nan_aggregation_over_dims,tests/test_regrid.py::test_conservative_nan_aggregation_over_dims,call,0.02,123.79
before,36,test_conservative_nan_thresholds_against_coarsen[0],tests/test_regrid.py::test_conservative_nan_thresholds_against_coarsen[0],call,0.02,123.79
before,36,test_conservative_nan_thresholds_against_coarsen[1],tests/test_regrid.py::test_conservative_nan_thresholds_against_coarsen[1],call,0.02,123.79
before,36,test_conservative_reversed[True-latitude],tests/test_regrid.py::TestCoordOrder::test_conservative_reversed[True-latitude],setup,0.02,123.79
before,36,test_attrs_dataarray[linear],tests/test_regrid.py::test_attrs_dataarray[linear],setup,0.02,123.79
before,36,test_conservative_reversed[False-latitude],tests/test_regrid.py::TestCoordOrder::test_conservative_reversed[False-latitude],setup,0.02,123.79
before,36,test_original[True-linear],tests/test_regrid.py::TestCoordOrder::test_original[True-linear],setup,0.02,123.79
before,36,test_conservative_original[False],tests/test_regrid.py::TestCoordOrder::test_conservative_original[False],setup,0.02,123.79
before,36,test_conservative_reversed[True-longitude],tests/test_regrid.py::TestCoordOrder::test_conservative_reversed[True-longitude],setup,0.02,123.79
before,36,test_conservative_nans,tests/test_regrid.py::test_conservative_nans,setup,0.02,123.79
before,36,test_conservative_reversed[False-longitude],tests/test_regrid.py::TestCoordOrder::test_conservative_reversed[False-longitude],setup,0.02,123.79
before,36,test_reversed[False-cubic-longitude],tests/test_regrid.py::TestCoordOrder::test_reversed[False-cubic-longitude],setup,0.02,123.79
before,36,test_attrs_dataset[linear],tests/test_regrid.py::test_attrs_dataset[linear],setup,0.02,123.79
before,36,test_original[False-linear],tests/test_regrid.py::TestCoordOrder::test_original[False-linear],setup,0.02,123.79
before,36,test_attrs_dataarray_conservative,tests/test_regrid.py::test_attrs_dataarray_conservative,setup,0.02,123.79
before,36,test_reversed[False-nearest-longitude],tests/test_regrid.py::TestCoordOrder::test_reversed[False-nearest-longitude],setup,0.02,123.79
before,36,test_original[False-cubic],tests/test_regrid.py::TestCoordOrder::test_original[False-cubic],setup,0.02,123.79
before,36,test_reversed[True-cubic-longitude],tests/test_regrid.py::TestCoordOrder::test_reversed[True-cubic-longitude],setup,0.02,123.79
before,36,test_conservative_original[True],tests/test_regrid.py::TestCoordOrder::test_conservative_original[True],setup,0.02,123.79
before,36,test_reversed[False-cubic-latitude],tests/test_regrid.py::TestCoordOrder::test_reversed[False-cubic-latitude],setup,0.02,123.79
before,36,test_basic_regridders_da[linear-cdo_file0],tests/test_regrid.py::test_basic_regridders_da[linear-cdo_file0],setup,0.02,123.79
before,36,test_original[True-nearest],tests/test_regrid.py::TestCoordOrder::test_original[True-nearest],setup,0.02,123.79
before,36,test_reversed[False-linear-longitude],tests/test_regrid.py::TestCoordOrder::test_reversed[False-linear-longitude],setup,0.02,123.79
before,36,test_reversed[True-linear-latitude],tests/test_regrid.py::TestCoordOrder::test_reversed[True-linear-latitude],setup,0.02,123.79
before,36,test_attrs_dataset[nearest],tests/test_regrid.py::test_attrs_dataset[nearest],setup,0.01,123.79
before,36,test_attrs_dataarray[nearest],tests/test_regrid.py::test_attrs_dataarray[nearest],setup,0.01,123.79
before,36,test_reversed[False-linear-latitude],tests/test_regrid.py::TestCoordOrder::test_reversed[False-linear-latitude],setup,0.01,123.79
before,36,test_attrs_dataarray[cubic],tests/test_regrid.py::test_attrs_dataarray[cubic],setup,0.01,123.79
before,36,test_attrs_dataset_conservative,tests/test_regrid.py::test_attrs_dataset_conservative,setup,0.01,123.79
before,36,test_original[True-cubic],tests/test_regrid.py::TestCoordOrder::test_original[True-cubic],setup,0.01,123.79
before,36,test_reversed[True-cubic-latitude],tests/test_regrid.py::TestCoordOrder::test_reversed[True-cubic-latitude],setup,0.01,123.79
before,36,test_attrs_dataset[cubic],tests/test_regrid.py::test_attrs_dataset[cubic],setup,0.01,123.79
before,36,test_reversed[True-nearest-longitude],tests/test_regrid.py::TestCoordOrder::test_reversed[True-nearest-longitude],setup,0.01,123.79
before,36,test_basic_regridders_ds[nearest-cdo_file1],tests/test_regrid.py::test_basic_regridders_ds[nearest-cdo_file1],setup,0.01,123.79
before,36,test_basic_regridders_da[nearest-cdo_file1],tests/test_regrid.py::test_basic_regridders_da[nearest-cdo_file1],setup,0.01,123.79
before,36,test_reversed[True-nearest-latitude],tests/test_regrid.py::TestCoordOrder::test_reversed[True-nearest-latitude],setup,0.01,123.79
before,36,test_original[False-nearest],tests/test_regrid.py::TestCoordOrder::test_original[False-nearest],setup,0.01,123.79
before,36,test_reversed[False-nearest-latitude],tests/test_regrid.py::TestCoordOrder::test_reversed[False-nearest-latitude],setup,0.01,123.79
before,36,test_reversed[True-linear-longitude],tests/test_regrid.py::TestCoordOrder::test_reversed[True-linear-longitude],setup,0.01,123.79
before,37,test_conservative_reversed[False-longitude],tests/test_regrid.py::TestCoordOrder::test_conservative_reversed[False-longitude],call,10.87,124.04
before,37,test_conservative_reversed[True-longitude],tests/test_regrid.py::TestCoordOrder::test_conservative_reversed[True-longitude],call,10.78,124.04
before,37,test_conservative_reversed[True-latitude],tests/test_regrid.py::TestCoordOrder::test_conservative_reversed[True-latitude],call,10.78,124.04
before,37,test_attrs_dataset_conservative,tests/test_regrid.py::test_attrs_dataset_conservative,call,10.77,124.04
before,37,test_conservative_reversed[False-latitude],tests/test_regrid.py::TestCoordOrder::test_conservative_reversed[False-latitude],call,10.73,124.04
before,37,test_attrs_dataarray_conservative,tests/test_regrid.py::test_attrs_dataarray_conservative,call,10.7,124.04
before,37,test_conservative_original[False],tests/test_regrid.py::TestCoordOrder::test_conservative_original[False],call,10.7,124.04
before,37,test_conservative_original[True],tests/test_regrid.py::TestCoordOrder::test_conservative_original[True],call,10.69,124.04
before,37,test_reversed[False-cubic-longitude],tests/test_regrid.py::TestCoordOrder::test_reversed[False-cubic-longitude],call,4.26,124.04
before,37,test_original[False-cubic],tests/test_regrid.py::TestCoordOrder::test_original[False-cubic],call,4.19,124.04
before,37,test_reversed[False-cubic-latitude],tests/test_regrid.py::TestCoordOrder::test_reversed[False-cubic-latitude],call,4.18,124.04
before,37,test_original[True-cubic],tests/test_regrid.py::TestCoordOrder::test_original[True-cubic],call,4.18,124.04
before,37,test_attrs_dataset[cubic],tests/test_regrid.py::test_attrs_dataset[cubic],call,4.18,124.04
before,37,test_attrs_dataarray[cubic],tests/test_regrid.py::test_attrs_dataarray[cubic],call,4.17,124.04
before,37,test_reversed[True-cubic-longitude],tests/test_regrid.py::TestCoordOrder::test_reversed[True-cubic-longitude],call,4.17,124.04
before,37,test_reversed[True-cubic-latitude],tests/test_regrid.py::TestCoordOrder::test_reversed[True-cubic-latitude],call,4.16,124.04
before,37,test_conservative_nans,tests/test_regrid.py::test_conservative_nans,call,0.63,124.04
before,37,test_conservative_regridder,tests/test_regrid.py::test_conservative_regridder,call,0.57,124.04
before,37,test_basic_regridders_ds[linear-cdo_file0],tests/test_regrid.py::test_basic_regridders_ds[linear-cdo_file0],call,0.17,124.04
before,37,test_reversed[True-linear-longitude],tests/test_regrid.py::TestCoordOrder::test_reversed[True-linear-longitude],call,0.13,124.04
before,37,test_reversed[False-linear-longitude],tests/test_regrid.py::TestCoordOrder::test_reversed[False-linear-longitude],call,0.13,124.04
before,37,test_basic_regridders_ds[linear-cdo_file0],tests/test_regrid.py::test_basic_regridders_ds[linear-cdo_file0],setup,0.12,124.04
before,37,test_reversed[True-nearest-longitude],tests/test_regrid.py::TestCoordOrder::test_reversed[True-nearest-longitude],call,0.12,124.04
before,37,test_reversed[True-linear-latitude],tests/test_regrid.py::TestCoordOrder::test_reversed[True-linear-latitude],call,0.11,124.04
before,37,test_reversed[False-nearest-longitude],tests/test_regrid.py::TestCoordOrder::test_reversed[False-nearest-longitude],call,0.11,124.04
before,37,test_attrs_dataarray[linear],tests/test_regrid.py::test_attrs_dataarray[linear],call,0.11,124.04
before,37,test_attrs_dataset[linear],tests/test_regrid.py::test_attrs_dataset[linear],call,0.11,124.04
before,37,test_reversed[False-linear-latitude],tests/test_regrid.py::TestCoordOrder::test_reversed[False-linear-latitude],call,0.11,124.04
before,37,test_basic_regridders_da[linear-cdo_file0],tests/test_regrid.py::test_basic_regridders_da[linear-cdo_file0],call,0.11,124.04
before,37,test_reversed[False-nearest-latitude],tests/test_regrid.py::TestCoordOrder::test_reversed[False-nearest-latitude],call,0.1,124.04
before,37,test_basic_regridders_da[nearest-cdo_file1],tests/test_regrid.py::test_basic_regridders_da[nearest-cdo_file1],call,0.1,124.04
before,37,test_reversed[True-nearest-latitude],tests/test_regrid.py::TestCoordOrder::test_reversed[True-nearest-latitude],call,0.1,124.04
before,37,test_basic_regridders_ds[nearest-cdo_file1],tests/test_regrid.py::test_basic_regridders_ds[nearest-cdo_file1],call,0.09,124.04
before,37,test_original[True-linear],tests/test_regrid.py::TestCoordOrder::test_original[True-linear],call,0.09,124.04
before,37,test_original[False-linear],tests/test_regrid.py::TestCoordOrder::test_original[False-linear],call,0.09,124.04
before,37,test_conservative_regridder,tests/test_regrid.py::test_conservative_regridder,setup,0.09,124.04
before,37,test_original[True-nearest],tests/test_regrid.py::TestCoordOrder::test_original[True-nearest],call,0.07,124.04
before,37,test_original[False-nearest],tests/test_regrid.py::TestCoordOrder::test_original[False-nearest],call,0.07,124.04
before,37,test_attrs_dataarray[nearest],tests/test_regrid.py::test_attrs_dataarray[nearest],call,0.07,124.04
before,37,test_attrs_dataset[nearest],tests/test_regrid.py::test_attrs_dataset[nearest],call,0.07,124.04
before,37,test_conservative_nan_aggregation_over_dims,tests/test_regrid.py::test_conservative_nan_aggregation_over_dims,call,0.02,124.04
before,37,test_conservative_nan_thresholds_against_coarsen[0],tests/test_regrid.py::test_conservative_nan_thresholds_against_coarsen[0],call,0.02,124.04
before,37,test_original[True-linear],tests/test_regrid.py::TestCoordOrder::test_original[True-linear],setup,0.02,124.04
before,37,test_conservative_nan_thresholds_against_coarsen[1],tests/test_regrid.py::test_conservative_nan_thresholds_against_coarsen[1],call,0.02,124.04
before,37,test_conservative_reversed[False-latitude],tests/test_regrid.py::TestCoordOrder::test_conservative_reversed[False-latitude],setup,0.02,124.04
before,37,test_conservative_reversed[True-latitude],tests/test_regrid.py::TestCoordOrder::test_conservative_reversed[True-latitude],setup,0.02,124.04
before,37,test_conservative_nans,tests/test_regrid.py::test_conservative_nans,setup,0.02,124.04
before,37,test_attrs_dataarray_conservative,tests/test_regrid.py::test_attrs_dataarray_conservative,setup,0.02,124.04
before,37,test_conservative_reversed[False-longitude],tests/test_regrid.py::TestCoordOrder::test_conservative_reversed[False-longitude],setup,0.02,124.04
before,37,test_conservative_original[False],tests/test_regrid.py::TestCoordOrder::test_conservative_original[False],setup,0.02,124.04
before,37,test_attrs_dataset[linear],tests/test_regrid.py::test_attrs_dataset[linear],setup,0.02,124.04
before,37,test_conservative_reversed[True-longitude],tests/test_regrid.py::TestCoordOrder::test_conservative_reversed[True-longitude],setup,0.02,124.04
before,37,test_attrs_dataarray[linear],tests/test_regrid.py::test_attrs_dataarray[linear],setup,0.02,124.04
before,37,test_reversed[True-cubic-longitude],tests/test_regrid.py::TestCoordOrder::test_reversed[True-cubic-longitude],setup,0.02,124.04
before,37,test_original[False-linear],tests/test_regrid.py::TestCoordOrder::test_original[False-linear],setup,0.02,124.04
before,37,test_reversed[False-cubic-longitude],tests/test_regrid.py::TestCoordOrder::test_reversed[False-cubic-longitude],setup,0.02,124.04
before,37,test_original[True-nearest],tests/test_regrid.py::TestCoordOrder::test_original[True-nearest],setup,0.02,124.04
before,37,test_reversed[False-linear-latitude],tests/test_regrid.py::TestCoordOrder::test_reversed[False-linear-latitude],setup,0.02,124.04
before,37,test_reversed[False-cubic-latitude],tests/test_regrid.py::TestCoordOrder::test_reversed[False-cubic-latitude],setup,0.02,124.04
before,37,test_attrs_dataarray[nearest],tests/test_regrid.py::test_attrs_dataarray[nearest],setup,0.02,124.04
before,37,test_conservative_original[True],tests/test_regrid.py::TestCoordOrder::test_conservative_original[True],setup,0.02,124.04
before,37,test_reversed[False-nearest-longitude],tests/test_regrid.py::TestCoordOrder::test_reversed[False-nearest-longitude],setup,0.02,124.04
before,37,test_original[False-cubic],tests/test_regrid.py::TestCoordOrder::test_original[False-cubic],setup,0.02,124.04
before,37,test_reversed[True-linear-latitude],tests/test_regrid.py::TestCoordOrder::test_reversed[True-linear-latitude],setup,0.01,124.04
before,37,test_reversed[False-linear-longitude],tests/test_regrid.py::TestCoordOrder::test_reversed[False-linear-longitude],setup,0.01,124.04
before,37,test_basic_regridders_da[linear-cdo_file0],tests/test_regrid.py::test_basic_regridders_da[linear-cdo_file0],setup,0.01,124.04
before,37,test_original[True-cubic],tests/test_regrid.py::TestCoordOrder::test_original[True-cubic],setup,0.01,124.04
before,37,test_reversed[True-nearest-longitude],tests/test_regrid.py::TestCoordOrder::test_reversed[True-nearest-longitude],setup,0.01,124.04
before,37,test_attrs_dataset[nearest],tests/test_regrid.py::test_attrs_dataset[nearest],setup,0.01,124.04
before,37,test_reversed[True-cubic-latitude],tests/test_regrid.py::TestCoordOrder::test_reversed[True-cubic-latitude],setup,0.01,124.04
before,37,test_attrs_dataset_conservative,tests/test_regrid.py::test_attrs_dataset_conservative,setup,0.01,124.04
before,37,test_basic_regridders_da[nearest-cdo_file1],tests/test_regrid.py::test_basic_regridders_da[nearest-cdo_file1],setup,0.01,124.04
before,37,test_attrs_dataset[cubic],tests/test_regrid.py::test_attrs_dataset[cubic],setup,0.01,124.04
before,37,test_attrs_dataarray[cubic],tests/test_regrid.py::test_attrs_dataarray[cubic],setup,0.01,124.04
before,37,test_original[False-nearest],tests/test_regrid.py::TestCoordOrder::test_original[False-nearest],setup,0.01,124.04
before,37,test_basic_regridders_ds[nearest-cdo_file1],tests/test_regrid.py::test_basic_regridders_ds[nearest-cdo_file1],setup,0.01,124.04
before,37,test_reversed[True-linear-longitude],tests/test_regrid.py::TestCoordOrder::test_reversed[True-linear-longitude],setup,0.01,124.04
before,37,test_reversed[True-nearest-latitude],tests/test_regrid.py::TestCoordOrder::test_reversed[True-nearest-latitude],setup,0.01,124.04
before,37,test_reversed[False-nearest-latitude],tests/test_regrid.py::TestCoordOrder::test_reversed[False-nearest-latitude],setup,0.01,124.04
before,38,test_conservative_reversed[True-latitude],tests/test_regrid.py::TestCoordOrder::test_conservative_reversed[True-latitude],call,10.83,124.03
before,38,test_conservative_reversed[False-longitude],tests/test_regrid.py::TestCoordOrder::test_conservative_reversed[False-longitude],call,10.78,124.03
before,38,test_conservative_reversed[True-longitude],tests/test_regrid.py::TestCoordOrder::test_conservative_reversed[True-longitude],call,10.77,124.03
before,38,test_attrs_dataset_conservative,tests/test_regrid.py::test_attrs_dataset_conservative,call,10.77,124.03
before,38,test_conservative_original[False],tests/test_regrid.py::TestCoordOrder::test_conservative_original[False],call,10.73,124.03
before,38,test_conservative_reversed[False-latitude],tests/test_regrid.py::TestCoordOrder::test_conservative_reversed[False-latitude],call,10.7,124.03
before,38,test_conservative_original[True],tests/test_regrid.py::TestCoordOrder::test_conservative_original[True],call,10.69,124.03
before,38,test_attrs_dataarray_conservative,tests/test_regrid.py::test_attrs_dataarray_conservative,call,10.68,124.03
before,38,test_reversed[False-cubic-longitude],tests/test_regrid.py::TestCoordOrder::test_reversed[False-cubic-longitude],call,4.26,124.03
before,38,test_reversed[True-cubic-longitude],tests/test_regrid.py::TestCoordOrder::test_reversed[True-cubic-longitude],call,4.25,124.03
before,38,test_reversed[False-cubic-latitude],tests/test_regrid.py::TestCoordOrder::test_reversed[False-cubic-latitude],call,4.24,124.03
before,38,test_reversed[True-cubic-latitude],tests/test_regrid.py::TestCoordOrder::test_reversed[True-cubic-latitude],call,4.2,124.03
before,38,test_original[True-cubic],tests/test_regrid.py::TestCoordOrder::test_original[True-cubic],call,4.18,124.03
before,38,test_original[False-cubic],tests/test_regrid.py::TestCoordOrder::test_original[False-cubic],call,4.15,124.03
before,38,test_attrs_dataset[cubic],tests/test_regrid.py::test_attrs_dataset[cubic],call,4.14,124.03
before,38,test_attrs_dataarray[cubic],tests/test_regrid.py::test_attrs_dataarray[cubic],call,4.14,124.03
before,38,test_conservative_nans,tests/test_regrid.py::test_conservative_nans,call,0.64,124.03
before,38,test_conservative_regridder,tests/test_regrid.py::test_conservative_regridder,call,0.55,124.03
before,38,test_basic_regridders_ds[linear-cdo_file0],tests/test_regrid.py::test_basic_regridders_ds[linear-cdo_file0],call,0.17,124.03
before,38,test_reversed[True-linear-longitude],tests/test_regrid.py::TestCoordOrder::test_reversed[True-linear-longitude],call,0.13,124.03
before,38,test_reversed[False-linear-longitude],tests/test_regrid.py::TestCoordOrder::test_reversed[False-linear-longitude],call,0.13,124.03
before,38,test_basic_regridders_ds[linear-cdo_file0],tests/test_regrid.py::test_basic_regridders_ds[linear-cdo_file0],setup,0.12,124.03
before,38,test_reversed[False-nearest-longitude],tests/test_regrid.py::TestCoordOrder::test_reversed[False-nearest-longitude],call,0.12,124.03
before,38,test_reversed[True-nearest-longitude],tests/test_regrid.py::TestCoordOrder::test_reversed[True-nearest-longitude],call,0.11,124.03
before,38,test_attrs_dataset[linear],tests/test_regrid.py::test_attrs_dataset[linear],call,0.11,124.03
before,38,test_attrs_dataarray[linear],tests/test_regrid.py::test_attrs_dataarray[linear],call,0.11,124.03
before,38,test_basic_regridders_da[linear-cdo_file0],tests/test_regrid.py::test_basic_regridders_da[linear-cdo_file0],call,0.11,124.03
before,38,test_reversed[True-linear-latitude],tests/test_regrid.py::TestCoordOrder::test_reversed[True-linear-latitude],call,0.11,124.03
before,38,test_reversed[False-linear-latitude],tests/test_regrid.py::TestCoordOrder::test_reversed[False-linear-latitude],call,0.11,124.03
before,38,test_basic_regridders_da[nearest-cdo_file1],tests/test_regrid.py::test_basic_regridders_da[nearest-cdo_file1],call,0.1,124.03
before,38,test_basic_regridders_ds[nearest-cdo_file1],tests/test_regrid.py::test_basic_regridders_ds[nearest-cdo_file1],call,0.1,124.03
before,38,test_reversed[False-nearest-latitude],tests/test_regrid.py::TestCoordOrder::test_reversed[False-nearest-latitude],call,0.1,124.03
before,38,test_reversed[True-nearest-latitude],tests/test_regrid.py::TestCoordOrder::test_reversed[True-nearest-latitude],call,0.09,124.03
before,38,test_original[True-linear],tests/test_regrid.py::TestCoordOrder::test_original[True-linear],call,0.09,124.03
before,38,test_original[False-linear],tests/test_regrid.py::TestCoordOrder::test_original[False-linear],call,0.09,124.03
before,38,test_conservative_regridder,tests/test_regrid.py::test_conservative_regridder,setup,0.09,124.03
before,38,test_original[True-nearest],tests/test_regrid.py::TestCoordOrder::test_original[True-nearest],call,0.08,124.03
before,38,test_attrs_dataset[nearest],tests/test_regrid.py::test_attrs_dataset[nearest],call,0.07,124.03
before,38,test_original[False-nearest],tests/test_regrid.py::TestCoordOrder::test_original[False-nearest],call,0.07,124.03
before,38,test_attrs_dataarray[nearest],tests/test_regrid.py::test_attrs_dataarray[nearest],call,0.07,124.03
before,38,test_conservative_nan_aggregation_over_dims,tests/test_regrid.py::test_conservative_nan_aggregation_over_dims,call,0.02,124.03
before,38,test_conservative_nan_thresholds_against_coarsen[0],tests/test_regrid.py::test_conservative_nan_thresholds_against_coarsen[0],call,0.02,124.03
before,38,test_original[True-linear],tests/test_regrid.py::TestCoordOrder::test_original[True-linear],setup,0.02,124.03
before,38,test_conservative_nan_thresholds_against_coarsen[1],tests/test_regrid.py::test_conservative_nan_thresholds_against_coarsen[1],call,0.02,124.03
before,38,test_conservative_reversed[True-latitude],tests/test_regrid.py::TestCoordOrder::test_conservative_reversed[True-latitude],setup,0.02,124.03
before,38,test_conservative_reversed[False-latitude],tests/test_regrid.py::TestCoordOrder::test_conservative_reversed[False-latitude],setup,0.02,124.03
before,38,test_reversed[False-cubic-longitude],tests/test_regrid.py::TestCoordOrder::test_reversed[False-cubic-longitude],setup,0.02,124.03
before,38,test_reversed[True-cubic-longitude],tests/test_regrid.py::TestCoordOrder::test_reversed[True-cubic-longitude],setup,0.02,124.03
before,38,test_attrs_dataset[linear],tests/test_regrid.py::test_attrs_dataset[linear],setup,0.02,124.03
before,38,test_conservative_reversed[True-longitude],tests/test_regrid.py::TestCoordOrder::test_conservative_reversed[True-longitude],setup,0.02,124.03
before,38,test_attrs_dataarray_conservative,tests/test_regrid.py::test_attrs_dataarray_conservative,setup,0.02,124.03
before,38,test_conservative_nans,tests/test_regrid.py::test_conservative_nans,setup,0.02,124.03
before,38,test_conservative_reversed[False-longitude],tests/test_regrid.py::TestCoordOrder::test_conservative_reversed[False-longitude],setup,0.02,124.03
before,38,test_conservative_original[False],tests/test_regrid.py::TestCoordOrder::test_conservative_original[False],setup,0.02,124.03
before,38,test_attrs_dataarray[linear],tests/test_regrid.py::test_attrs_dataarray[linear],setup,0.02,124.03
before,38,test_conservative_original[True],tests/test_regrid.py::TestCoordOrder::test_conservative_original[True],setup,0.02,124.03
before,38,test_attrs_dataset[nearest],tests/test_regrid.py::test_attrs_dataset[nearest],setup,0.02,124.03
before,38,test_original[False-cubic],tests/test_regrid.py::TestCoordOrder::test_original[False-cubic],setup,0.02,124.03
before,38,test_reversed[False-cubic-latitude],tests/test_regrid.py::TestCoordOrder::test_reversed[False-cubic-latitude],setup,0.02,124.03
before,38,test_reversed[False-nearest-longitude],tests/test_regrid.py::TestCoordOrder::test_reversed[False-nearest-longitude],setup,0.02,124.03
before,38,test_basic_regridders_da[nearest-cdo_file1],tests/test_regrid.py::test_basic_regridders_da[nearest-cdo_file1],setup,0.02,124.03
before,38,test_original[True-nearest],tests/test_regrid.py::TestCoordOrder::test_original[True-nearest],setup,0.02,124.03
before,38,test_reversed[False-linear-latitude],tests/test_regrid.py::TestCoordOrder::test_reversed[False-linear-latitude],setup,0.02,124.03
before,38,test_reversed[False-linear-longitude],tests/test_regrid.py::TestCoordOrder::test_reversed[False-linear-longitude],setup,0.02,124.03
before,38,test_original[True-cubic],tests/test_regrid.py::TestCoordOrder::test_original[True-cubic],setup,0.01,124.03
before,38,test_original[False-linear],tests/test_regrid.py::TestCoordOrder::test_original[False-linear],setup,0.01,124.03
before,38,test_attrs_dataarray[nearest],tests/test_regrid.py::test_attrs_dataarray[nearest],setup,0.01,124.03
before,38,test_reversed[True-linear-latitude],tests/test_regrid.py::TestCoordOrder::test_reversed[True-linear-latitude],setup,0.01,124.03
before,38,test_basic_regridders_da[linear-cdo_file0],tests/test_regrid.py::test_basic_regridders_da[linear-cdo_file0],setup,0.01,124.03
before,38,test_attrs_dataset_conservative,tests/test_regrid.py::test_attrs_dataset_conservative,setup,0.01,124.03
before,38,test_attrs_dataset[cubic],tests/test_regrid.py::test_attrs_dataset[cubic],setup,0.01,124.03
before,38,test_reversed[True-nearest-latitude],tests/test_regrid.py::TestCoordOrder::test_reversed[True-nearest-latitude],setup,0.01,124.03
before,38,test_reversed[True-nearest-longitude],tests/test_regrid.py::TestCoordOrder::test_reversed[True-nearest-longitude],setup,0.01,124.03
before,38,test_attrs_dataarray[cubic],tests/test_regrid.py::test_attrs_dataarray[cubic],setup,0.01,124.03
before,38,test_reversed[True-cubic-latitude],tests/test_regrid.py::TestCoordOrder::test_reversed[True-cubic-latitude],setup,0.01,124.03
before,38,test_reversed[False-nearest-latitude],tests/test_regrid.py::TestCoordOrder::test_reversed[False-nearest-latitude],setup,0.01,124.03
before,38,test_reversed[True-linear-longitude],tests/test_regrid.py::TestCoordOrder::test_reversed[True-linear-longitude],setup,0.01,124.03
before,38,test_basic_regridders_ds[nearest-cdo_file1],tests/test_regrid.py::test_basic_regridders_ds[nearest-cdo_file1],setup,0.01,124.03
before,38,test_original[False-nearest],tests/test_regrid.py::TestCoordOrder::test_original[False-nearest],setup,0.01,124.03
before,39,test_conservative_reversed[True-latitude],tests/test_regrid.py::TestCoordOrder::test_conservative_reversed[True-latitude],call,10.81,122.22
before,39,test_attrs_dataset_conservative,tests/test_regrid.py::test_attrs_dataset_conservative,call,10.75,122.22
before,39,test_conservative_reversed[True-longitude],tests/test_regrid.py::TestCoordOrder::test_conservative_reversed[True-longitude],call,10.73,122.22
before,39,test_conservative_original[False],tests/test_regrid.py::TestCoordOrder::test_conservative_original[False],call,10.73,122.22
before,39,test_conservative_reversed[False-latitude],tests/test_regrid.py::TestCoordOrder::test_conservative_reversed[False-latitude],call,10.71,122.22
before,39,test_conservative_reversed[False-longitude],tests/test_regrid.py::TestCoordOrder::test_conservative_reversed[False-longitude],call,10.69,122.22
before,39,test_conservative_original[True],tests/test_regrid.py::TestCoordOrder::test_conservative_original[True],call,10.68,122.22
before,39,test_attrs_dataarray_conservative,tests/test_regrid.py::test_attrs_dataarray_conservative,call,10.67,122.22
before,39,test_reversed[False-cubic-longitude],tests/test_regrid.py::TestCoordOrder::test_reversed[False-cubic-longitude],call,4.08,122.22
before,39,test_attrs_dataset[cubic],tests/test_regrid.py::test_attrs_dataset[cubic],call,4.01,122.22
before,39,test_reversed[True-cubic-longitude],tests/test_regrid.py::TestCoordOrder::test_reversed[True-cubic-longitude],call,4.0,122.22
before,39,test_reversed[False-cubic-latitude],tests/test_regrid.py::TestCoordOrder::test_reversed[False-cubic-latitude],call,3.99,122.22
before,39,test_original[False-cubic],tests/test_regrid.py::TestCoordOrder::test_original[False-cubic],call,3.98,122.22
before,39,test_reversed[True-cubic-latitude],tests/test_regrid.py::TestCoordOrder::test_reversed[True-cubic-latitude],call,3.97,122.22
before,39,test_attrs_dataarray[cubic],tests/test_regrid.py::test_attrs_dataarray[cubic],call,3.96,122.22
before,39,test_original[True-cubic],tests/test_regrid.py::TestCoordOrder::test_original[True-cubic],call,3.94,122.22
before,39,test_conservative_nans,tests/test_regrid.py::test_conservative_nans,call,0.64,122.22
before,39,test_conservative_regridder,tests/test_regrid.py::test_conservative_regridder,call,0.54,122.22
before,39,test_basic_regridders_ds[linear-cdo_file0],tests/test_regrid.py::test_basic_regridders_ds[linear-cdo_file0],call,0.17,122.22
before,39,test_reversed[False-linear-longitude],tests/test_regrid.py::TestCoordOrder::test_reversed[False-linear-longitude],call,0.13,122.22
before,39,test_reversed[True-linear-longitude],tests/test_regrid.py::TestCoordOrder::test_reversed[True-linear-longitude],call,0.13,122.22
before,39,test_basic_regridders_da[linear-cdo_file0],tests/test_regrid.py::test_basic_regridders_da[linear-cdo_file0],call,0.12,122.22
before,39,test_basic_regridders_ds[linear-cdo_file0],tests/test_regrid.py::test_basic_regridders_ds[linear-cdo_file0],setup,0.12,122.22
before,39,test_attrs_dataarray[linear],tests/test_regrid.py::test_attrs_dataarray[linear],call,0.11,122.22
before,39,test_reversed[False-linear-latitude],tests/test_regrid.py::TestCoordOrder::test_reversed[False-linear-latitude],call,0.11,122.22
before,39,test_reversed[True-linear-latitude],tests/test_regrid.py::TestCoordOrder::test_reversed[True-linear-latitude],call,0.11,122.22
before,39,test_reversed[True-nearest-longitude],tests/test_regrid.py::TestCoordOrder::test_reversed[True-nearest-longitude],call,0.11,122.22
before,39,test_attrs_dataset[linear],tests/test_regrid.py::test_attrs_dataset[linear],call,0.11,122.22
before,39,test_reversed[False-nearest-longitude],tests/test_regrid.py::TestCoordOrder::test_reversed[False-nearest-longitude],call,0.11,122.22
before,39,test_basic_regridders_ds[nearest-cdo_file1],tests/test_regrid.py::test_basic_regridders_ds[nearest-cdo_file1],call,0.1,122.22
before,39,test_basic_regridders_da[nearest-cdo_file1],tests/test_regrid.py::test_basic_regridders_da[nearest-cdo_file1],call,0.1,122.22
before,39,test_reversed[False-nearest-latitude],tests/test_regrid.py::TestCoordOrder::test_reversed[False-nearest-latitude],call,0.1,122.22
before,39,test_reversed[True-nearest-latitude],tests/test_regrid.py::TestCoordOrder::test_reversed[True-nearest-latitude],call,0.09,122.22
before,39,test_conservative_regridder,tests/test_regrid.py::test_conservative_regridder,setup,0.09,122.22
before,39,test_original[False-linear],tests/test_regrid.py::TestCoordOrder::test_original[False-linear],call,0.09,122.22
before,39,test_original[True-linear],tests/test_regrid.py::TestCoordOrder::test_original[True-linear],call,0.09,122.22
before,39,test_original[True-nearest],tests/test_regrid.py::TestCoordOrder::test_original[True-nearest],call,0.08,122.22
before,39,test_original[False-nearest],tests/test_regrid.py::TestCoordOrder::test_original[False-nearest],call,0.07,122.22
before,39,test_attrs_dataarray[nearest],tests/test_regrid.py::test_attrs_dataarray[nearest],call,0.07,122.22
before,39,test_attrs_dataset[nearest],tests/test_regrid.py::test_attrs_dataset[nearest],call,0.07,122.22
before,39,test_conservative_nan_aggregation_over_dims,tests/test_regrid.py::test_conservative_nan_aggregation_over_dims,call,0.02,122.22
before,39,test_conservative_nan_thresholds_against_coarsen[0],tests/test_regrid.py::test_conservative_nan_thresholds_against_coarsen[0],call,0.02,122.22
before,39,test_conservative_nan_thresholds_against_coarsen[1],tests/test_regrid.py::test_conservative_nan_thresholds_against_coarsen[1],call,0.02,122.22
before,39,test_conservative_reversed[True-latitude],tests/test_regrid.py::TestCoordOrder::test_conservative_reversed[True-latitude],setup,0.02,122.22
before,39,test_original[True-linear],tests/test_regrid.py::TestCoordOrder::test_original[True-linear],setup,0.02,122.22
before,39,test_attrs_dataarray[linear],tests/test_regrid.py::test_attrs_dataarray[linear],setup,0.02,122.22
before,39,test_conservative_reversed[True-longitude],tests/test_regrid.py::TestCoordOrder::test_conservative_reversed[True-longitude],setup,0.02,122.22
before,39,test_attrs_dataset[linear],tests/test_regrid.py::test_attrs_dataset[linear],setup,0.02,122.22
before,39,test_conservative_reversed[False-longitude],tests/test_regrid.py::TestCoordOrder::test_conservative_reversed[False-longitude],setup,0.02,122.22
before,39,test_conservative_original[False],tests/test_regrid.py::TestCoordOrder::test_conservative_original[False],setup,0.02,122.22
before,39,test_conservative_reversed[False-latitude],tests/test_regrid.py::TestCoordOrder::test_conservative_reversed[False-latitude],setup,0.02,122.22
before,39,test_reversed[True-cubic-longitude],tests/test_regrid.py::TestCoordOrder::test_reversed[True-cubic-longitude],setup,0.02,122.22
before,39,test_conservative_nans,tests/test_regrid.py::test_conservative_nans,setup,0.02,122.22
before,39,test_reversed[False-cubic-longitude],tests/test_regrid.py::TestCoordOrder::test_reversed[False-cubic-longitude],setup,0.02,122.22
before,39,test_basic_regridders_da[linear-cdo_file0],tests/test_regrid.py::test_basic_regridders_da[linear-cdo_file0],setup,0.02,122.22
before,39,test_attrs_dataarray_conservative,tests/test_regrid.py::test_attrs_dataarray_conservative,setup,0.02,122.22
before,39,test_original[False-cubic],tests/test_regrid.py::TestCoordOrder::test_original[False-cubic],setup,0.02,122.22
before,39,test_reversed[False-cubic-latitude],tests/test_regrid.py::TestCoordOrder::test_reversed[False-cubic-latitude],setup,0.02,122.22
before,39,test_reversed[False-nearest-longitude],tests/test_regrid.py::TestCoordOrder::test_reversed[False-nearest-longitude],setup,0.02,122.22
before,39,test_original[True-nearest],tests/test_regrid.py::TestCoordOrder::test_original[True-nearest],setup,0.02,122.22
before,39,test_attrs_dataset_conservative,tests/test_regrid.py::test_attrs_dataset_conservative,setup,0.02,122.22
before,39,test_original[True-cubic],tests/test_regrid.py::TestCoordOrder::test_original[True-cubic],setup,0.02,122.22
before,39,test_reversed[True-linear-latitude],tests/test_regrid.py::TestCoordOrder::test_reversed[True-linear-latitude],setup,0.02,122.22
before,39,test_reversed[False-linear-latitude],tests/test_regrid.py::TestCoordOrder::test_reversed[False-linear-latitude],setup,0.02,122.22
before,39,test_reversed[False-linear-longitude],tests/test_regrid.py::TestCoordOrder::test_reversed[False-linear-longitude],setup,0.02,122.22
before,39,test_attrs_dataset[nearest],tests/test_regrid.py::test_attrs_dataset[nearest],setup,0.02,122.22
before,39,test_original[False-linear],tests/test_regrid.py::TestCoordOrder::test_original[False-linear],setup,0.01,122.22
before,39,test_conservative_original[True],tests/test_regrid.py::TestCoordOrder::test_conservative_original[True],setup,0.01,122.22
before,39,test_reversed[True-cubic-latitude],tests/test_regrid.py::TestCoordOrder::test_reversed[True-cubic-latitude],setup,0.01,122.22
before,39,test_attrs_dataarray[nearest],tests/test_regrid.py::test_attrs_dataarray[nearest],setup,0.01,122.22
before,39,test_attrs_dataset[cubic],tests/test_regrid.py::test_attrs_dataset[cubic],setup,0.01,122.22
before,39,test_reversed[True-nearest-longitude],tests/test_regrid.py::TestCoordOrder::test_reversed[True-nearest-longitude],setup,0.01,122.22
before,39,test_attrs_dataarray[cubic],tests/test_regrid.py::test_attrs_dataarray[cubic],setup,0.01,122.22
before,39,test_basic_regridders_da[nearest-cdo_file1],tests/test_regrid.py::test_basic_regridders_da[nearest-cdo_file1],setup,0.01,122.22
before,39,test_basic_regridders_ds[nearest-cdo_file1],tests/test_regrid.py::test_basic_regridders_ds[nearest-cdo_file1],setup,0.01,122.22
before,39,test_reversed[False-nearest-latitude],tests/test_regrid.py::TestCoordOrder::test_reversed[False-nearest-latitude],setup,0.01,122.22
before,39,test_reversed[True-nearest-latitude],tests/test_regrid.py::TestCoordOrder::test_reversed[True-nearest-latitude],setup,0.01,122.22
before,39,test_original[False-nearest],tests/test_regrid.py::TestCoordOrder::test_original[False-nearest],setup,0.01,122.22
before,39,test_reversed[True-linear-longitude],tests/test_regrid.py::TestCoordOrder::test_reversed[True-linear-longitude],setup,0.01,122.22
before,40,test_attrs_dataset_conservative,tests/test_regrid.py::test_attrs_dataset_conservative,call,10.71,121.83
before,40,test_conservative_reversed[True-latitude],tests/test_regrid.py::TestCoordOrder::test_conservative_reversed[True-latitude],call,10.7,121.83
before,40,test_conservative_reversed[True-longitude],tests/test_regrid.py::TestCoordOrder::test_conservative_reversed[True-longitude],call,10.7,121.83
before,40,test_conservative_original[False],tests/test_regrid.py::TestCoordOrder::test_conservative_original[False],call,10.7,121.83
before,40,test_conservative_reversed[False-longitude],tests/test_regrid.py::TestCoordOrder::test_conservative_reversed[False-longitude],call,10.69,121.83
before,40,test_conservative_reversed[False-latitude],tests/test_regrid.py::TestCoordOrder::test_conservative_reversed[False-latitude],call,10.68,121.83
before,40,test_conservative_original[True],tests/test_regrid.py::TestCoordOrder::test_conservative_original[True],call,10.64,121.83
before,40,test_attrs_dataarray_conservative,tests/test_regrid.py::test_attrs_dataarray_conservative,call,10.63,121.83
before,40,test_reversed[False-cubic-longitude],tests/test_regrid.py::TestCoordOrder::test_reversed[False-cubic-longitude],call,4.06,121.83
before,40,test_reversed[False-cubic-latitude],tests/test_regrid.py::TestCoordOrder::test_reversed[False-cubic-latitude],call,4.0,121.83
before,40,test_reversed[True-cubic-longitude],tests/test_regrid.py::TestCoordOrder::test_reversed[True-cubic-longitude],call,3.98,121.83
before,40,test_original[False-cubic],tests/test_regrid.py::TestCoordOrder::test_original[False-cubic],call,3.98,121.83
before,40,test_reversed[True-cubic-latitude],tests/test_regrid.py::TestCoordOrder::test_reversed[True-cubic-latitude],call,3.97,121.83
before,40,test_original[True-cubic],tests/test_regrid.py::TestCoordOrder::test_original[True-cubic],call,3.96,121.83
before,40,test_attrs_dataset[cubic],tests/test_regrid.py::test_attrs_dataset[cubic],call,3.95,121.83
before,40,test_attrs_dataarray[cubic],tests/test_regrid.py::test_attrs_dataarray[cubic],call,3.93,121.83
before,40,test_conservative_nans,tests/test_regrid.py::test_conservative_nans,call,0.62,121.83
before,40,test_conservative_regridder,tests/test_regrid.py::test_conservative_regridder,call,0.57,121.83
before,40,test_basic_regridders_ds[linear-cdo_file0],tests/test_regrid.py::test_basic_regridders_ds[linear-cdo_file0],call,0.17,121.83
before,40,test_reversed[False-linear-longitude],tests/test_regrid.py::TestCoordOrder::test_reversed[False-linear-longitude],call,0.14,121.83
before,40,test_reversed[True-linear-longitude],tests/test_regrid.py::TestCoordOrder::test_reversed[True-linear-longitude],call,0.13,121.83
before,40,test_basic_regridders_da[linear-cdo_file0],tests/test_regrid.py::test_basic_regridders_da[linear-cdo_file0],call,0.12,121.83
before,40,test_basic_regridders_ds[linear-cdo_file0],tests/test_regrid.py::test_basic_regridders_ds[linear-cdo_file0],setup,0.12,121.83
before,40,test_reversed[True-nearest-longitude],tests/test_regrid.py::TestCoordOrder::test_reversed[True-nearest-longitude],call,0.11,121.83
before,40,test_attrs_dataarray[linear],tests/test_regrid.py::test_attrs_dataarray[linear],call,0.11,121.83
before,40,test_reversed[False-nearest-longitude],tests/test_regrid.py::TestCoordOrder::test_reversed[False-nearest-longitude],call,0.11,121.83
before,40,test_reversed[True-linear-latitude],tests/test_regrid.py::TestCoordOrder::test_reversed[True-linear-latitude],call,0.11,121.83
before,40,test_reversed[False-linear-latitude],tests/test_regrid.py::TestCoordOrder::test_reversed[False-linear-latitude],call,0.11,121.83
before,40,test_attrs_dataset[linear],tests/test_regrid.py::test_attrs_dataset[linear],call,0.11,121.83
before,40,test_basic_regridders_ds[nearest-cdo_file1],tests/test_regrid.py::test_basic_regridders_ds[nearest-cdo_file1],call,0.1,121.83
before,40,test_basic_regridders_da[nearest-cdo_file1],tests/test_regrid.py::test_basic_regridders_da[nearest-cdo_file1],call,0.1,121.83
before,40,test_reversed[False-nearest-latitude],tests/test_regrid.py::TestCoordOrder::test_reversed[False-nearest-latitude],call,0.1,121.83
before,40,test_reversed[True-nearest-latitude],tests/test_regrid.py::TestCoordOrder::test_reversed[True-nearest-latitude],call,0.1,121.83
before,40,test_conservative_regridder,tests/test_regrid.py::test_conservative_regridder,setup,0.09,121.83
before,40,test_original[False-linear],tests/test_regrid.py::TestCoordOrder::test_original[False-linear],call,0.09,121.83
before,40,test_original[True-linear],tests/test_regrid.py::TestCoordOrder::test_original[True-linear],call,0.09,121.83
before,40,test_original[True-nearest],tests/test_regrid.py::TestCoordOrder::test_original[True-nearest],call,0.08,121.83
before,40,test_original[False-nearest],tests/test_regrid.py::TestCoordOrder::test_original[False-nearest],call,0.07,121.83
before,40,test_attrs_dataarray[nearest],tests/test_regrid.py::test_attrs_dataarray[nearest],call,0.07,121.83
before,40,test_attrs_dataset[nearest],tests/test_regrid.py::test_attrs_dataset[nearest],call,0.07,121.83
before,40,test_conservative_nan_aggregation_over_dims,tests/test_regrid.py::test_conservative_nan_aggregation_over_dims,call,0.02,121.83
before,40,test_conservative_nan_thresholds_against_coarsen[0],tests/test_regrid.py::test_conservative_nan_thresholds_against_coarsen[0],call,0.02,121.83
before,40,test_conservative_nan_thresholds_against_coarsen[1],tests/test_regrid.py::test_conservative_nan_thresholds_against_coarsen[1],call,0.02,121.83
before,40,test_conservative_reversed[True-latitude],tests/test_regrid.py::TestCoordOrder::test_conservative_reversed[True-latitude],setup,0.02,121.83
before,40,test_original[True-linear],tests/test_regrid.py::TestCoordOrder::test_original[True-linear],setup,0.02,121.83
before,40,test_conservative_nans,tests/test_regrid.py::test_conservative_nans,setup,0.02,121.83
before,40,test_conservative_original[False],tests/test_regrid.py::TestCoordOrder::test_conservative_original[False],setup,0.02,121.83
before,40,test_reversed[False-cubic-longitude],tests/test_regrid.py::TestCoordOrder::test_reversed[False-cubic-longitude],setup,0.02,121.83
before,40,test_attrs_dataarray[linear],tests/test_regrid.py::test_attrs_dataarray[linear],setup,0.02,121.83
before,40,test_attrs_dataset[linear],tests/test_regrid.py::test_attrs_dataset[linear],setup,0.02,121.83
before,40,test_conservative_reversed[False-latitude],tests/test_regrid.py::TestCoordOrder::test_conservative_reversed[False-latitude],setup,0.02,121.83
before,40,test_conservative_reversed[False-longitude],tests/test_regrid.py::TestCoordOrder::test_conservative_reversed[False-longitude],setup,0.02,121.83
before,40,test_conservative_reversed[True-longitude],tests/test_regrid.py::TestCoordOrder::test_conservative_reversed[True-longitude],setup,0.02,121.83
before,40,test_reversed[True-cubic-longitude],tests/test_regrid.py::TestCoordOrder::test_reversed[True-cubic-longitude],setup,0.02,121.83
before,40,test_original[False-cubic],tests/test_regrid.py::TestCoordOrder::test_original[False-cubic],setup,0.02,121.83
before,40,test_attrs_dataset_conservative,tests/test_regrid.py::test_attrs_dataset_conservative,setup,0.02,121.83
before,40,test_reversed[True-linear-latitude],tests/test_regrid.py::TestCoordOrder::test_reversed[True-linear-latitude],setup,0.02,121.83
before,40,test_original[True-cubic],tests/test_regrid.py::TestCoordOrder::test_original[True-cubic],setup,0.02,121.83
before,40,test_reversed[False-nearest-longitude],tests/test_regrid.py::TestCoordOrder::test_reversed[False-nearest-longitude],setup,0.02,121.83
before,40,test_basic_regridders_da[linear-cdo_file0],tests/test_regrid.py::test_basic_regridders_da[linear-cdo_file0],setup,0.02,121.83
before,40,test_reversed[False-cubic-latitude],tests/test_regrid.py::TestCoordOrder::test_reversed[False-cubic-latitude],setup,0.02,121.83
before,40,test_original[False-linear],tests/test_regrid.py::TestCoordOrder::test_original[False-linear],setup,0.02,121.83
before,40,test_reversed[False-linear-longitude],tests/test_regrid.py::TestCoordOrder::test_reversed[False-linear-longitude],setup,0.02,121.83
before,40,test_attrs_dataarray[nearest],tests/test_regrid.py::test_attrs_dataarray[nearest],setup,0.02,121.83
before,40,test_reversed[False-linear-latitude],tests/test_regrid.py::TestCoordOrder::test_reversed[False-linear-latitude],setup,0.02,121.83
before,40,test_original[True-nearest],tests/test_regrid.py::TestCoordOrder::test_original[True-nearest],setup,0.01,121.83
before,40,test_attrs_dataarray_conservative,tests/test_regrid.py::test_attrs_dataarray_conservative,setup,0.01,121.83
before,40,test_conservative_original[True],tests/test_regrid.py::TestCoordOrder::test_conservative_original[True],setup,0.01,121.83
before,40,test_reversed[True-cubic-latitude],tests/test_regrid.py::TestCoordOrder::test_reversed[True-cubic-latitude],setup,0.01,121.83
before,40,test_attrs_dataset[nearest],tests/test_regrid.py::test_attrs_dataset[nearest],setup,0.01,121.83
before,40,test_reversed[False-nearest-latitude],tests/test_regrid.py::TestCoordOrder::test_reversed[False-nearest-latitude],setup,0.01,121.83
before,40,test_attrs_dataarray[cubic],tests/test_regrid.py::test_attrs_dataarray[cubic],setup,0.01,121.83
before,40,test_reversed[True-nearest-longitude],tests/test_regrid.py::TestCoordOrder::test_reversed[True-nearest-longitude],setup,0.01,121.83
before,40,test_attrs_dataset[cubic],tests/test_regrid.py::test_attrs_dataset[cubic],setup,0.01,121.83
before,40,test_basic_regridders_da[nearest-cdo_file1],tests/test_regrid.py::test_basic_regridders_da[nearest-cdo_file1],setup,0.01,121.83
before,40,test_basic_regridders_ds[nearest-cdo_file1],tests/test_regrid.py::test_basic_regridders_ds[nearest-cdo_file1],setup,0.01,121.83
before,40,test_original[False-nearest],tests/test_regrid.py::TestCoordOrder::test_original[False-nearest],setup,0.01,121.83
before,40,test_reversed[True-linear-longitude],tests/test_regrid.py::TestCoordOrder::test_reversed[True-linear-longitude],setup,0.01,121.83
before,40,test_reversed[True-nearest-latitude],tests/test_regrid.py::TestCoordOrder::test_reversed[True-nearest-latitude],setup,0.01,121.83
after,1,test_basic_regridders_ds[linear],tests/test_regrid.py::test_basic_regridders_ds[linear],setup,0.13,3.16
after,1,test_conservative_regridder,tests/test_regrid.py::test_conservative_regridder,setup,0.1,3.16
after,1,test_conservative_nan_aggregation_over_dims,tests/test_regrid.py::test_conservative_nan_aggregation_over_dims,call,0.02,3.16
after,1,test_conservative_nan_thresholds_against_coarsen[0],tests/test_regrid.py::test_conservative_nan_thresholds_against_coarsen[0],call,0.01,3.16
after,1,test_conservative_nan_thresholds_against_coarsen[1],tests/test_regrid.py::test_conservative_nan_thresholds_against_coarsen[1],call,0.01,3.16
after,2,test_basic_regridders_ds[linear],tests/test_regrid.py::test_basic_regridders_ds[linear],setup,0.1,2.83
after,2,test_conservative_regridder,tests/test_regrid.py::test_conservative_regridder,setup,0.08,2.83
after,2,test_conservative_nan_aggregation_over_dims,tests/test_regrid.py::test_conservative_nan_aggregation_over_dims,call,0.02,2.83
after,2,test_conservative_nan_thresholds_against_coarsen[0],tests/test_regrid.py::test_conservative_nan_thresholds_against_coarsen[0],call,0.01,2.83
after,2,test_conservative_nan_thresholds_against_coarsen[1],tests/test_regrid.py::test_conservative_nan_thresholds_against_coarsen[1],call,0.01,2.83
after,3,test_basic_regridders_ds[linear],tests/test_regrid.py::test_basic_regridders_ds[linear],setup,0.1,2.83
after,3,test_conservative_regridder,tests/test_regrid.py::test_conservative_regridder,setup,0.08,2.83
after,3,test_conservative_nan_aggregation_over_dims,tests/test_regrid.py::test_conservative_nan_aggregation_over_dims,call,0.02,2.83
after,3,test_conservative_nan_thresholds_against_coarsen[0],tests/test_regrid.py::test_conservative_nan_thresholds_against_coarsen[0],call,0.01,2.83
after,3,test_conservative_nan_thresholds_against_coarsen[1],tests/test_regrid.py::test_conservative_nan_thresholds_against_coarsen[1],call,0.01,2.83
after,4,test_basic_regridders_ds[linear],tests/test_regrid.py::test_basic_regridders_ds[linear],setup,0.1,2.8
after,4,test_conservative_regridder,tests/test_regrid.py::test_conservative_regridder,setup,0.08,2.8
after,4,test_conservative_nan_aggregation_over_dims,tests/test_regrid.py::test_conservative_nan_aggregation_over_dims,call,0.02,2.8
after,4,test_conservative_nan_thresholds_against_coarsen[0],tests/test_regrid.py::test_conservative_nan_thresholds_against_coarsen[0],call,0.01,2.8
after,4,test_conservative_nan_thresholds_against_coarsen[1],tests/test_regrid.py::test_conservative_nan_thresholds_against_coarsen[1],call,0.01,2.8
after,5,test_basic_regridders_ds[linear],tests/test_regrid.py::test_basic_regridders_ds[linear],setup,0.1,2.82
after,5,test_conservative_regridder,tests/test_regrid.py::test_conservative_regridder,setup,0.08,2.82
after,5,test_conservative_nan_aggregation_over_dims,tests/test_regrid.py::test_conservative_nan_aggregation_over_dims,call,0.02,2.82
after,5,test_conservative_nan_thresholds_against_coarsen[0],tests/test_regrid.py::test_conservative_nan_thresholds_against_coarsen[0],call,0.01,2.82
after,5,test_conservative_nan_thresholds_against_coarsen[1],tests/test_regrid.py::test_conservative_nan_thresholds_against_coarsen[1],call,0.01,2.82
after,6,test_basic_regridders_ds[linear],tests/test_regrid.py::test_basic_regridders_ds[linear],setup,0.1,2.78
after,6,test_conservative_regridder,tests/test_regrid.py::test_conservative_regridder,setup,0.08,2.78
after,6,test_conservative_nan_aggregation_over_dims,tests/test_regrid.py::test_conservative_nan_aggregation_over_dims,call,0.02,2.78
after,6,test_conservative_nan_thresholds_against_coarsen[0],tests/test_regrid.py::test_conservative_nan_thresholds_against_coarsen[0],call,0.01,2.78
after,6,test_conservative_nan_thresholds_against_coarsen[1],tests/test_regrid.py::test_conservative_nan_thresholds_against_coarsen[1],call,0.01,2.78
after,7,test_basic_regridders_ds[linear],tests/test_regrid.py::test_basic_regridders_ds[linear],setup,0.1,2.82
after,7,test_conservative_regridder,tests/test_regrid.py::test_conservative_regridder,setup,0.08,2.82
after,7,test_conservative_nan_aggregation_over_dims,tests/test_regrid.py::test_conservative_nan_aggregation_over_dims,call,0.02,2.82
after,7,test_conservative_nan_thresholds_against_coarsen[0],tests/test_regrid.py::test_conservative_nan_thresholds_against_coarsen[0],call,0.01,2.82
after,7,test_conservative_nan_thresholds_against_coarsen[1],tests/test_regrid.py::test_conservative_nan_thresholds_against_coarsen[1],call,0.01,2.82
after,8,test_basic_regridders_ds[linear],tests/test_regrid.py::test_basic_regridders_ds[linear],setup,0.1,2.81
after,8,test_conservative_regridder,tests/test_regrid.py::test_conservative_regridder,setup,0.08,2.81
after,8,test_conservative_nan_aggregation_over_dims,tests/test_regrid.py::test_conservative_nan_aggregation_over_dims,call,0.02,2.81
after,8,test_conservative_nan_thresholds_against_coarsen[0],tests/test_regrid.py::test_conservative_nan_thresholds_against_coarsen[0],call,0.01,2.81
after,8,test_conservative_nan_thresholds_against_coarsen[1],tests/test_regrid.py::test_conservative_nan_thresholds_against_coarsen[1],call,0.01,2.81
after,9,test_basic_regridders_ds[linear],tests/test_regrid.py::test_basic_regridders_ds[linear],setup,0.1,2.82
after,9,test_conservative_regridder,tests/test_regrid.py::test_conservative_regridder,setup,0.08,2.82
after,9,test_conservative_nan_aggregation_over_dims,tests/test_regrid.py::test_conservative_nan_aggregation_over_dims,call,0.02,2.82
after,9,test_conservative_nan_thresholds_against_coarsen[0],tests/test_regrid.py::test_conservative_nan_thresholds_against_coarsen[0],call,0.01,2.82
after,9,test_conservative_nan_thresholds_against_coarsen[1],tests/test_regrid.py::test_conservative_nan_thresholds_against_coarsen[1],call,0.01,2.82
after,10,test_basic_regridders_ds[linear],tests/test_regrid.py::test_basic_regridders_ds[linear],setup,0.1,2.78
after,10,test_conservative_regridder,tests/test_regrid.py::test_conservative_regridder,setup,0.08,2.78
after,10,test_conservative_nan_aggregation_over_dims,tests/test_regrid.py::test_conservative_nan_aggregation_over_dims,call,0.02,2.78
after,10,test_conservative_nan_thresholds_against_coarsen[0],tests/test_regrid.py::test_conservative_nan_thresholds_against_coarsen[0],call,0.01,2.78
after,10,test_conservative_nan_thresholds_against_coarsen[1],tests/test_regrid.py::test_conservative_nan_thresholds_against_coarsen[1],call,0.01,2.78
after,11,test_basic_regridders_ds[linear],tests/test_regrid.py::test_basic_regridders_ds[linear],setup,0.1,2.81
after,11,test_conservative_regridder,tests/test_regrid.py::test_conservative_regridder,setup,0.08,2.81
after,11,test_conservative_nan_aggregation_over_dims,tests/test_regrid.py::test_conservative_nan_aggregation_over_dims,call,0.02,2.81
after,11,test_conservative_nan_thresholds_against_coarsen[0],tests/test_regrid.py::test_conservative_nan_thresholds_against_coarsen[0],call,0.01,2.81
after,11,test_conservative_nan_thresholds_against_coarsen[1],tests/test_regrid.py::test_conservative_nan_thresholds_against_coarsen[1],call,0.01,2.81
after,12,test_basic_regridders_ds[linear],tests/test_regrid.py::test_basic_regridders_ds[linear],setup,0.1,2.8
after,12,test_conservative_regridder,tests/test_regrid.py::test_conservative_regridder,setup,0.08,2.8
after,12,test_conservative_nan_aggregation_over_dims,tests/test_regrid.py::test_conservative_nan_aggregation_over_dims,call,0.02,2.8
after,12,test_conservative_nan_thresholds_against_coarsen[0],tests/test_regrid.py::test_conservative_nan_thresholds_against_coarsen[0],call,0.01,2.8
after,12,test_conservative_nan_thresholds_against_coarsen[1],tests/test_regrid.py::test_conservative_nan_thresholds_against_coarsen[1],call,0.01,2.8
after,13,test_basic_regridders_ds[linear],tests/test_regrid.py::test_basic_regridders_ds[linear],setup,0.1,2.78
after,13,test_conservative_regridder,tests/test_regrid.py::test_conservative_regridder,setup,0.08,2.78
after,13,test_conservative_nan_aggregation_over_dims,tests/test_regrid.py::test_conservative_nan_aggregation_over_dims,call,0.02,2.78
after,13,test_conservative_nan_thresholds_against_coarsen[0],tests/test_regrid.py::test_conservative_nan_thresholds_against_coarsen[0],call,0.01,2.78
after,13,test_conservative_nan_thresholds_against_coarsen[1],tests/test_regrid.py::test_conservative_nan_thresholds_against_coarsen[1],call,0.01,2.78
after,14,test_basic_regridders_ds[linear],tests/test_regrid.py::test_basic_regridders_ds[linear],setup,0.1,2.79
after,14,test_conservative_regridder,tests/test_regrid.py::test_conservative_regridder,setup,0.08,2.79
after,14,test_conservative_nan_aggregation_over_dims,tests/test_regrid.py::test_conservative_nan_aggregation_over_dims,call,0.02,2.79
after,14,test_conservative_nan_thresholds_against_coarsen[0],tests/test_regrid.py::test_conservative_nan_thresholds_against_coarsen[0],call,0.01,2.79
after,14,test_conservative_nan_thresholds_against_coarsen[1],tests/test_regrid.py::test_conservative_nan_thresholds_against_coarsen[1],call,0.01,2.79
after,15,test_basic_regridders_ds[linear],tests/test_regrid.py::test_basic_regridders_ds[linear],setup,0.1,2.86
after,15,test_conservative_regridder,tests/test_regrid.py::test_conservative_regridder,setup,0.08,2.86
after,15,test_conservative_nan_aggregation_over_dims,tests/test_regrid.py::test_conservative_nan_aggregation_over_dims,call,0.02,2.86
after,15,test_conservative_nan_thresholds_against_coarsen[0],tests/test_regrid.py::test_conservative_nan_thresholds_against_coarsen[0],call,0.01,2.86
after,15,test_conservative_nan_thresholds_against_coarsen[1],tests/test_regrid.py::test_conservative_nan_thresholds_against_coarsen[1],call,0.01,2.86
after,16,test_basic_regridders_ds[linear],tests/test_regrid.py::test_basic_regridders_ds[linear],setup,0.1,2.78
after,16,test_conservative_regridder,tests/test_regrid.py::test_conservative_regridder,setup,0.08,2.78
after,16,test_conservative_nan_aggregation_over_dims,tests/test_regrid.py::test_conservative_nan_aggregation_over_dims,call,0.02,2.78
after,16,test_conservative_nan_thresholds_against_coarsen[0],tests/test_regrid.py::test_conservative_nan_thresholds_against_coarsen[0],call,0.01,2.78
after,16,test_conservative_nan_thresholds_against_coarsen[1],tests/test_regrid.py::test_conservative_nan_thresholds_against_coarsen[1],call,0.01,2.78
after,17,test_basic_regridders_ds[linear],tests/test_regrid.py::test_basic_regridders_ds[linear],setup,0.1,2.8
after,17,test_conservative_regridder,tests/test_regrid.py::test_conservative_regridder,setup,0.08,2.8
after,17,test_conservative_nan_aggregation_over_dims,tests/test_regrid.py::test_conservative_nan_aggregation_over_dims,call,0.02,2.8
after,17,test_conservative_nan_thresholds_against_coarsen[0],tests/test_regrid.py::test_conservative_nan_thresholds_against_coarsen[0],call,0.01,2.8
after,17,test_conservative_nan_thresholds_against_coarsen[1],tests/test_regrid.py::test_conservative_nan_thresholds_against_coarsen[1],call,0.01,2.8
after,18,test_basic_regridders_ds[linear],tests/test_regrid.py::test_basic_regridders_ds[linear],setup,0.1,2.79
after,18,test_conservative_regridder,tests/test_regrid.py::test_conservative_regridder,setup,0.08,2.79
after,18,test_conservative_nan_aggregation_over_dims,tests/test_regrid.py::test_conservative_nan_aggregation_over_dims,call,0.01,2.79
after,18,test_conservative_nan_thresholds_against_coarsen[0],tests/test_regrid.py::test_conservative_nan_thresholds_against_coarsen[0],call,0.01,2.79
after,18,test_conservative_nan_thresholds_against_coarsen[1],tests/test_regrid.py::test_conservative_nan_thresholds_against_coarsen[1],call,0.01,2.79
after,19,test_basic_regridders_ds[linear],tests/test_regrid.py::test_basic_regridders_ds[linear],setup,0.1,2.79
after,19,test_conservative_regridder,tests/test_regrid.py::test_conservative_regridder,setup,0.08,2.79
after,19,test_conservative_nan_aggregation_over_dims,tests/test_regrid.py::test_conservative_nan_aggregation_over_dims,call,0.02,2.79
after,19,test_conservative_nan_thresholds_against_coarsen[0],tests/test_regrid.py::test_conservative_nan_thresholds_against_coarsen[0],call,0.01,2.79
after,19,test_conservative_nan_thresholds_against_coarsen[1],tests/test_regrid.py::test_conservative_nan_thresholds_against_coarsen[1],call,0.01,2.79
after,20,test_basic_regridders_ds[linear],tests/test_regrid.py::test_basic_regridders_ds[linear],setup,0.1,2.79
after,20,test_conservative_regridder,tests/test_regrid.py::test_conservative_regridder,setup,0.08,2.79
after,20,test_conservative_nan_aggregation_over_dims,tests/test_regrid.py::test_conservative_nan_aggregation_over_dims,call,0.02,2.79
after,20,test_conservative_nan_thresholds_against_coarsen[0],tests/test_regrid.py::test_conservative_nan_thresholds_against_coarsen[0],call,0.01,2.79
after,20,test_conservative_nan_thresholds_against_coarsen[1],tests/test_regrid.py::test_conservative_nan_thresholds_against_coarsen[1],call,0.01,2.79
after,21,test_basic_regridders_ds[linear],tests/test_regrid.py::test_basic_regridders_ds[linear],setup,0.1,2.8
after,21,test_conservative_regridder,tests/test_regrid.py::test_conservative_regridder,setup,0.08,2.8
after,21,test_conservative_nan_aggregation_over_dims,tests/test_regrid.py::test_conservative_nan_aggregation_over_dims,call,0.02,2.8
after,21,test_conservative_nan_thresholds_against_coarsen[0],tests/test_regrid.py::test_conservative_nan_thresholds_against_coarsen[0],call,0.01,2.8
after,21,test_conservative_nan_thresholds_against_coarsen[1],tests/test_regrid.py::test_conservative_nan_thresholds_against_coarsen[1],call,0.01,2.8
after,22,test_basic_regridders_ds[linear],tests/test_regrid.py::test_basic_regridders_ds[linear],setup,0.1,2.81
after,22,test_conservative_regridder,tests/test_regrid.py::test_conservative_regridder,setup,0.08,2.81
after,22,test_conservative_nan_aggregation_over_dims,tests/test_regrid.py::test_conservative_nan_aggregation_over_dims,call,0.02,2.81
after,22,test_conservative_nan_thresholds_against_coarsen[0],tests/test_regrid.py::test_conservative_nan_thresholds_against_coarsen[0],call,0.01,2.81
after,22,test_conservative_nan_thresholds_against_coarsen[1],tests/test_regrid.py::test_conservative_nan_thresholds_against_coarsen[1],call,0.01,2.81
after,23,test_basic_regridders_ds[linear],tests/test_regrid.py::test_basic_regridders_ds[linear],setup,0.1,2.8
after,23,test_conservative_regridder,tests/test_regrid.py::test_conservative_regridder,setup,0.08,2.8
after,23,test_conservative_nan_aggregation_over_dims,tests/test_regrid.py::test_conservative_nan_aggregation_over_dims,call,0.02,2.8
after,23,test_conservative_nan_thresholds_against_coarsen[0],tests/test_regrid.py::test_conservative_nan_thresholds_against_coarsen[0],call,0.01,2.8
after,23,test_conservative_nan_thresholds_against_coarsen[1],tests/test_regrid.py::test_conservative_nan_thresholds_against_coarsen[1],call,0.01,2.8
after,24,test_basic_regridders_ds[linear],tests/test_regrid.py::test_basic_regridders_ds[linear],setup,0.1,2.82
after,24,test_conservative_regridder,tests/test_regrid.py::test_conservative_regridder,setup,0.08,2.82
after,24,test_conservative_nan_aggregation_over_dims,tests/test_regrid.py::test_conservative_nan_aggregation_over_dims,call,0.02,2.82
after,24,test_conservative_nan_thresholds_against_coarsen[0],tests/test_regrid.py::test_conservative_nan_thresholds_against_coarsen[0],call,0.01,2.82
after,24,test_conservative_nan_thresholds_against_coarsen[1],tests/test_regrid.py::test_conservative_nan_thresholds_against_coarsen[1],call,0.01,2.82
after,25,test_basic_regridders_ds[linear],tests/test_regrid.py::test_basic_regridders_ds[linear],setup,0.1,2.83
after,25,test_conservative_regridder,tests/test_regrid.py::test_conservative_regridder,setup,0.08,2.83
after,25,test_conservative_nan_aggregation_over_dims,tests/test_regrid.py::test_conservative_nan_aggregation_over_dims,call,0.02,2.83
after,25,test_conservative_nan_thresholds_against_coarsen[0],tests/test_regrid.py::test_conservative_nan_thresholds_against_coarsen[0],call,0.01,2.83
after,25,test_conservative_nan_thresholds_against_coarsen[1],tests/test_regrid.py::test_conservative_nan_thresholds_against_coarsen[1],call,0.01,2.83
after,26,test_basic_regridders_ds[linear],tests/test_regrid.py::test_basic_regridders_ds[linear],setup,0.1,2.81
after,26,test_conservative_regridder,tests/test_regrid.py::test_conservative_regridder,setup,0.08,2.81
after,26,test_conservative_nan_aggregation_over_dims,tests/test_regrid.py::test_conservative_nan_aggregation_over_dims,call,0.02,2.81
after,26,test_conservative_nan_thresholds_against_coarsen[0],tests/test_regrid.py::test_conservative_nan_thresholds_against_coarsen[0],call,0.01,2.81
after,26,test_conservative_nan_thresholds_against_coarsen[1],tests/test_regrid.py::test_conservative_nan_thresholds_against_coarsen[1],call,0.01,2.81
after,27,test_basic_regridders_ds[linear],tests/test_regrid.py::test_basic_regridders_ds[linear],setup,0.1,2.8
after,27,test_conservative_regridder,tests/test_regrid.py::test_conservative_regridder,setup,0.08,2.8
after,27,test_conservative_nan_aggregation_over_dims,tests/test_regrid.py::test_conservative_nan_aggregation_over_dims,call,0.02,2.8
after,27,test_conservative_nan_thresholds_against_coarsen[0],tests/test_regrid.py::test_conservative_nan_thresholds_against_coarsen[0],call,0.01,2.8
after,27,test_conservative_nan_thresholds_against_coarsen[1],tests/test_regrid.py::test_conservative_nan_thresholds_against_coarsen[1],call,0.01,2.8
after,28,test_basic_regridders_ds[linear],tests/test_regrid.py::test_basic_regridders_ds[linear],setup,0.1,2.8
after,28,test_conservative_regridder,tests/test_regrid.py::test_conservative_regridder,setup,0.08,2.8
after,28,test_conservative_nan_aggregation_over_dims,tests/test_regrid.py::test_conservative_nan_aggregation_over_dims,call,0.02,2.8
after,28,test_conservative_nan_thresholds_against_coarsen[0],tests/test_regrid.py::test_conservative_nan_thresholds_against_coarsen[0],call,0.01,2.8
after,28,test_conservative_nan_thresholds_against_coarsen[1],tests/test_regrid.py::test_conservative_nan_thresholds_against_coarsen[1],call,0.01,2.8
after,29,test_basic_regridders_ds[linear],tests/test_regrid.py::test_basic_regridders_ds[linear],setup,0.1,2.81
after,29,test_conservative_regridder,tests/test_regrid.py::test_conservative_regridder,setup,0.08,2.81
after,29,test_conservative_nan_aggregation_over_dims,tests/test_regrid.py::test_conservative_nan_aggregation_over_dims,call,0.01,2.81
after,29,test_conservative_nan_thresholds_against_coarsen[0],tests/test_regrid.py::test_conservative_nan_thresholds_against_coarsen[0],call,0.01,2.81
after,29,test_conservative_nan_thresholds_against_coarsen[1],tests/test_regrid.py::test_conservative_nan_thresholds_against_coarsen[1],call,0.01,2.81
after,30,test_basic_regridders_ds[linear],tests/test_regrid.py::test_basic_regridders_ds[linear],setup,0.1,2.81
after,30,test_conservative_regridder,tests/test_regrid.py::test_conservative_regridder,setup,0.08,2.81
after,30,test_conservative_nan_aggregation_over_dims,tests/test_regrid.py::test_conservative_nan_aggregation_over_dims,call,0.01,2.81
after,30,test_conservative_nan_thresholds_against_coarsen[0],tests/test_regrid.py::test_conservative_nan_thresholds_against_coarsen[0],call,0.01,2.81
after,30,test_conservative_nan_thresholds_against_coarsen[1],tests/test_regrid.py::test_conservative_nan_thresholds_against_coarsen[1],call,0.01,2.81
after,31,test_basic_regridders_ds[linear],tests/test_regrid.py::test_basic_regridders_ds[linear],setup,0.1,2.77
after,31,test_conservative_regridder,tests/test_regrid.py::test_conservative_regridder,setup,0.08,2.77
after,31,test_conservative_nan_aggregation_over_dims,tests/test_regrid.py::test_conservative_nan_aggregation_over_dims,call,0.02,2.77
after,31,test_conservative_nan_thresholds_against_coarsen[0],tests/test_regrid.py::test_conservative_nan_thresholds_against_coarsen[0],call,0.01,2.77
after,31,test_conservative_nan_thresholds_against_coarsen[1],tests/test_regrid.py::test_conservative_nan_thresholds_against_coarsen[1],call,0.01,2.77
after,32,test_basic_regridders_ds[linear],tests/test_regrid.py::test_basic_regridders_ds[linear],setup,0.1,2.83
after,32,test_conservative_regridder,tests/test_regrid.py::test_conservative_regridder,setup,0.08,2.83
after,32,test_conservative_nan_aggregation_over_dims,tests/test_regrid.py::test_conservative_nan_aggregation_over_dims,call,0.02,2.83
after,32,test_conservative_nan_thresholds_against_coarsen[0],tests/test_regrid.py::test_conservative_nan_thresholds_against_coarsen[0],call,0.01,2.83
after,32,test_conservative_nan_thresholds_against_coarsen[1],tests/test_regrid.py::test_conservative_nan_thresholds_against_coarsen[1],call,0.01,2.83
after,33,test_basic_regridders_ds[linear],tests/test_regrid.py::test_basic_regridders_ds[linear],setup,0.1,2.82
after,33,test_conservative_regridder,tests/test_regrid.py::test_conservative_regridder,setup,0.08,2.82
after,33,test_conservative_nan_aggregation_over_dims,tests/test_regrid.py::test_conservative_nan_aggregation_over_dims,call,0.02,2.82
after,33,test_conservative_nan_thresholds_against_coarsen[0],tests/test_regrid.py::test_conservative_nan_thresholds_against_coarsen[0],call,0.01,2.82
after,33,test_conservative_nan_thresholds_against_coarsen[1],tests/test_regrid.py::test_conservative_nan_thresholds_against_coarsen[1],call,0.01,2.82
after,34,test_basic_regridders_ds[linear],tests/test_regrid.py::test_basic_regridders_ds[linear],setup,0.1,2.81
after,34,test_conservative_regridder,tests/test_regrid.py::test_conservative_regridder,setup,0.08,2.81
after,34,test_conservative_nan_aggregation_over_dims,tests/test_regrid.py::test_conservative_nan_aggregation_over_dims,call,0.02,2.81
after,34,test_conservative_nan_thresholds_against_coarsen[0],tests/test_regrid.py::test_conservative_nan_thresholds_against_coarsen[0],call,0.01,2.81
after,34,test_conservative_nan_thresholds_against_coarsen[1],tests/test_regrid.py::test_conservative_nan_thresholds_against_coarsen[1],call,0.01,2.81
after,35,test_basic_regridders_ds[linear],tests/test_regrid.py::test_basic_regridders_ds[linear],setup,0.1,2.79
after,35,test_conservative_regridder,tests/test_regrid.py::test_conservative_regridder,setup,0.08,2.79
after,35,test_conservative_nan_aggregation_over_dims,tests/test_regrid.py::test_conservative_nan_aggregation_over_dims,call,0.02,2.79
after,35,test_conservative_nan_thresholds_against_coarsen[0],tests/test_regrid.py::test_conservative_nan_thresholds_against_coarsen[0],call,0.01,2.79
after,35,test_conservative_nan_thresholds_against_coarsen[1],tests/test_regrid.py::test_conservative_nan_thresholds_against_coarsen[1],call,0.01,2.79
after,36,test_basic_regridders_ds[linear],tests/test_regrid.py::test_basic_regridders_ds[linear],setup,0.1,2.84
after,36,test_conservative_regridder,tests/test_regrid.py::test_conservative_regridder,setup,0.08,2.84
after,36,test_conservative_nan_aggregation_over_dims,tests/test_regrid.py::test_conservative_nan_aggregation_over_dims,call,0.02,2.84
after,36,test_conservative_nan_thresholds_against_coarsen[0],tests/test_regrid.py::test_conservative_nan_thresholds_against_coarsen[0],call,0.01,2.84
after,36,test_conservative_nan_thresholds_against_coarsen[1],tests/test_regrid.py::test_conservative_nan_thresholds_against_coarsen[1],call,0.01,2.84
after,37,test_basic_regridders_ds[linear],tests/test_regrid.py::test_basic_regridders_ds[linear],setup,0.1,2.78
after,37,test_conservative_regridder,tests/test_regrid.py::test_conservative_regridder,setup,0.08,2.78
after,37,test_conservative_nan_aggregation_over_dims,tests/test_regrid.py::test_conservative_nan_aggregation_over_dims,call,0.02,2.78
after,37,test_conservative_nan_thresholds_against_coarsen[0],tests/test_regrid.py::test_conservative_nan_thresholds_against_coarsen[0],call,0.01,2.78
after,37,test_conservative_nan_thresholds_against_coarsen[1],tests/test_regrid.py::test_conservative_nan_thresholds_against_coarsen[1],call,0.01,2.78
after,38,test_basic_regridders_ds[linear],tests/test_regrid.py::test_basic_regridders_ds[linear],setup,0.1,2.79
after,38,test_conservative_regridder,tests/test_regrid.py::test_conservative_regridder,setup,0.08,2.79
after,38,test_conservative_nan_aggregation_over_dims,tests/test_regrid.py::test_conservative_nan_aggregation_over_dims,call,0.02,2.79
after,38,test_conservative_nan_thresholds_against_coarsen[0],tests/test_regrid.py::test_conservative_nan_thresholds_against_coarsen[0],call,0.01,2.79
after,38,test_conservative_nan_thresholds_against_coarsen[1],tests/test_regrid.py::test_conservative_nan_thresholds_against_coarsen[1],call,0.01,2.79
after,39,test_basic_regridders_ds[linear],tests/test_regrid.py::test_basic_regridders_ds[linear],setup,0.1,2.8
after,39,test_conservative_regridder,tests/test_regrid.py::test_conservative_regridder,setup,0.08,2.8
after,39,test_conservative_nan_aggregation_over_dims,tests/test_regrid.py::test_conservative_nan_aggregation_over_dims,call,0.02,2.8
after,39,test_conservative_nan_thresholds_against_coarsen[0],tests/test_regrid.py::test_conservative_nan_thresholds_against_coarsen[0],call,0.01,2.8
after,39,test_conservative_nan_thresholds_against_coarsen[1],tests/test_regrid.py::test_conservative_nan_thresholds_against_coarsen[1],call,0.01,2.8
after,40,test_basic_regridders_ds[linear],tests/test_regrid.py::test_basic_regridders_ds[linear],setup,0.1,2.76
after,40,test_conservative_regridder,tests/test_regrid.py::test_conservative_regridder,setup,0.08,2.76
after,40,test_conservative_nan_aggregation_over_dims,tests/test_regrid.py::test_conservative_nan_aggregation_over_dims,call,0.02,2.76
after,40,test_conservative_nan_thresholds_against_coarsen[0],tests/test_regrid.py::test_conservative_nan_thresholds_against_coarsen[0],call,0.01,2.76
after,40,test_conservative_nan_thresholds_against_coarsen[1],tests/test_regrid.py::test_conservative_nan_thresholds_against_coarsen[1],call,0.01,2.76
