version,run_number,test_name,test_path,phase,duration_sec,total_test_time
before,1,test_spawning_new_thread_from_deliver_reuses_starting_thread,trio/_core/_tests/test_thread_cache.py::test_spawning_new_thread_from_deliver_reuses_starting_thread,call,1.0,5.66
before,1,test_idle_threads_exit,trio/_core/_tests/test_thread_cache.py::test_idle_threads_exit,call,1.0,5.66
before,1,test_waitid_eintr,trio/_tests/test_subprocess.py::test_waitid_eintr,call,1.0,5.66
before,1,test_apport_excepthook_monkeypatch_interaction,trio/_core/_tests/test_multierror.py::test_apport_excepthook_monkeypatch_interaction,call,0.11,5.66
before,1,test_TrioToken_run_sync_soon_threaded_stress_test,trio/_core/_tests/test_run.py::test_TrioToken_run_sync_soon_threaded_stress_test,call,0.1,5.66
before,1,test_asyncgen_basics,trio/_core/_tests/test_asyncgen.py::test_asyncgen_basics,call,0.08,5.66
before,1,test_coroutine_or_error,trio/_tests/test_util.py::test_coroutine_or_error,call,0.06,5.66
before,1,test_gc_after_trio_exits,trio/_tests/test_dtls.py::test_gc_after_trio_exits,call,0.05,5.66
before,1,test_broken_abort,trio/_core/_tests/test_run.py::test_broken_abort,call,0.05,5.66
before,1,test_guest_mode_internal_errors,trio/_core/_tests/test_guest_mode.py::test_guest_mode_internal_errors,call,0.04,5.66
before,1,test_error_in_run_loop,trio/_core/_tests/test_run.py::test_error_in_run_loop,call,0.04,5.66
before,1,test_thread_cache_deref,trio/_core/_tests/test_thread_cache.py::test_thread_cache_deref,call,0.04,5.66
before,1,test_guest_mode_asyncgens,trio/_core/_tests/test_guest_mode.py::test_guest_mode_asyncgens,call,0.04,5.66
before,1,test_guest_warns_if_abandoned,trio/_core/_tests/test_guest_mode.py::test_guest_warns_if_abandoned,call,0.04,5.66
before,1,test_last_minute_gc_edge_case,trio/_core/_tests/test_asyncgen.py::test_last_minute_gc_edge_case,call,0.04,5.66
before,1,test_delegation_to_existing_hooks,trio/_core/_tests/test_asyncgen.py::test_delegation_to_existing_hooks,call,0.04,5.66
before,1,test_MultiError_catch_doesnt_create_cyclic_garbage,trio/_core/_tests/test_multierror.py::test_MultiError_catch_doesnt_create_cyclic_garbage,call,0.02,5.66
before,1,test_warn_deprecated,trio/_tests/test_deprecate.py::test_warn_deprecated,call,0.02,5.66
before,1,test_run_in_trio_thread_ki,trio/_tests/test_threads.py::test_run_in_trio_thread_ki,call,0.01,5.66
before,1,test_the_trio_scheduler_is_deterministic_if_seeded,trio/_tests/test_scheduler_determinism.py::test_the_trio_scheduler_is_deterministic_if_seeded,call,0.01,5.66
before,1,test_the_trio_scheduler_is_not_deterministic,trio/_tests/test_scheduler_determinism.py::test_the_trio_scheduler_is_not_deterministic,call,0.01,5.66
before,1,test_run_in_worker_thread_abandoned,trio/_tests/test_threads.py::test_run_in_worker_thread_abandoned,call,0.01,5.66
before,1,test_mock_clock_autojump_preset,trio/_core/_tests/test_mock_clock.py::test_mock_clock_autojump_preset,call,0.01,5.66
before,1,test_ki_protection_works,trio/_core/_tests/test_ki.py::test_ki_protection_works,call,0.01,5.66
before,2,test_spawning_new_thread_from_deliver_reuses_starting_thread,trio/_core/_tests/test_thread_cache.py::test_spawning_new_thread_from_deliver_reuses_starting_thread,call,1.0,5.64
before,2,test_idle_threads_exit,trio/_core/_tests/test_thread_cache.py::test_idle_threads_exit,call,1.0,5.64
before,2,test_waitid_eintr,trio/_tests/test_subprocess.py::test_waitid_eintr,call,1.0,5.64
before,2,test_apport_excepthook_monkeypatch_interaction,trio/_core/_tests/test_multierror.py::test_apport_excepthook_monkeypatch_interaction,call,0.11,5.64
before,2,test_TrioToken_run_sync_soon_threaded_stress_test,trio/_core/_tests/test_run.py::test_TrioToken_run_sync_soon_threaded_stress_test,call,0.1,5.64
before,2,test_asyncgen_basics,trio/_core/_tests/test_asyncgen.py::test_asyncgen_basics,call,0.07,5.64
before,2,test_coroutine_or_error,trio/_tests/test_util.py::test_coroutine_or_error,call,0.06,5.64
before,2,test_gc_after_trio_exits,trio/_tests/test_dtls.py::test_gc_after_trio_exits,call,0.04,5.64
before,2,test_guest_mode_asyncgens,trio/_core/_tests/test_guest_mode.py::test_guest_mode_asyncgens,call,0.04,5.64
before,2,test_broken_abort,trio/_core/_tests/test_run.py::test_broken_abort,call,0.04,5.64
before,2,test_guest_warns_if_abandoned,trio/_core/_tests/test_guest_mode.py::test_guest_warns_if_abandoned,call,0.04,5.64
before,2,test_thread_cache_deref,trio/_core/_tests/test_thread_cache.py::test_thread_cache_deref,call,0.04,5.64
before,2,test_error_in_run_loop,trio/_core/_tests/test_run.py::test_error_in_run_loop,call,0.04,5.64
before,2,test_guest_mode_internal_errors,trio/_core/_tests/test_guest_mode.py::test_guest_mode_internal_errors,call,0.04,5.64
before,2,test_last_minute_gc_edge_case,trio/_core/_tests/test_asyncgen.py::test_last_minute_gc_edge_case,call,0.04,5.64
before,2,test_delegation_to_existing_hooks,trio/_core/_tests/test_asyncgen.py::test_delegation_to_existing_hooks,call,0.04,5.64
before,2,test_MultiError_catch_doesnt_create_cyclic_garbage,trio/_core/_tests/test_multierror.py::test_MultiError_catch_doesnt_create_cyclic_garbage,call,0.02,5.64
before,2,test_warn_deprecated,trio/_tests/test_deprecate.py::test_warn_deprecated,call,0.02,5.64
before,2,test_the_trio_scheduler_is_deterministic_if_seeded,trio/_tests/test_scheduler_determinism.py::test_the_trio_scheduler_is_deterministic_if_seeded,call,0.01,5.64
before,2,test_run_in_trio_thread_ki,trio/_tests/test_threads.py::test_run_in_trio_thread_ki,call,0.01,5.64
before,2,test_the_trio_scheduler_is_not_deterministic,trio/_tests/test_scheduler_determinism.py::test_the_trio_scheduler_is_not_deterministic,call,0.01,5.64
before,2,test_run_in_worker_thread_abandoned,trio/_tests/test_threads.py::test_run_in_worker_thread_abandoned,call,0.01,5.64
before,2,test_mock_clock_autojump_preset,trio/_core/_tests/test_mock_clock.py::test_mock_clock_autojump_preset,call,0.01,5.64
before,2,test_ki_protection_works,trio/_core/_tests/test_ki.py::test_ki_protection_works,call,0.01,5.64
before,3,test_spawning_new_thread_from_deliver_reuses_starting_thread,trio/_core/_tests/test_thread_cache.py::test_spawning_new_thread_from_deliver_reuses_starting_thread,call,1.0,5.66
before,3,test_idle_threads_exit,trio/_core/_tests/test_thread_cache.py::test_idle_threads_exit,call,1.0,5.66
before,3,test_waitid_eintr,trio/_tests/test_subprocess.py::test_waitid_eintr,call,1.0,5.66
before,3,test_apport_excepthook_monkeypatch_interaction,trio/_core/_tests/test_multierror.py::test_apport_excepthook_monkeypatch_interaction,call,0.11,5.66
before,3,test_TrioToken_run_sync_soon_threaded_stress_test,trio/_core/_tests/test_run.py::test_TrioToken_run_sync_soon_threaded_stress_test,call,0.1,5.66
before,3,test_asyncgen_basics,trio/_core/_tests/test_asyncgen.py::test_asyncgen_basics,call,0.08,5.66
before,3,test_coroutine_or_error,trio/_tests/test_util.py::test_coroutine_or_error,call,0.06,5.66
before,3,test_thread_cache_deref,trio/_core/_tests/test_thread_cache.py::test_thread_cache_deref,call,0.05,5.66
before,3,test_broken_abort,trio/_core/_tests/test_run.py::test_broken_abort,call,0.05,5.66
before,3,test_gc_after_trio_exits,trio/_tests/test_dtls.py::test_gc_after_trio_exits,call,0.04,5.66
before,3,test_guest_mode_internal_errors,trio/_core/_tests/test_guest_mode.py::test_guest_mode_internal_errors,call,0.04,5.66
before,3,test_guest_mode_asyncgens,trio/_core/_tests/test_guest_mode.py::test_guest_mode_asyncgens,call,0.04,5.66
before,3,test_guest_warns_if_abandoned,trio/_core/_tests/test_guest_mode.py::test_guest_warns_if_abandoned,call,0.04,5.66
before,3,test_error_in_run_loop,trio/_core/_tests/test_run.py::test_error_in_run_loop,call,0.04,5.66
before,3,test_delegation_to_existing_hooks,trio/_core/_tests/test_asyncgen.py::test_delegation_to_existing_hooks,call,0.04,5.66
before,3,test_last_minute_gc_edge_case,trio/_core/_tests/test_asyncgen.py::test_last_minute_gc_edge_case,call,0.04,5.66
before,3,test_MultiError_catch_doesnt_create_cyclic_garbage,trio/_core/_tests/test_multierror.py::test_MultiError_catch_doesnt_create_cyclic_garbage,call,0.02,5.66
before,3,test_warn_deprecated,trio/_tests/test_deprecate.py::test_warn_deprecated,call,0.02,5.66
before,3,test_run_in_trio_thread_ki,trio/_tests/test_threads.py::test_run_in_trio_thread_ki,call,0.01,5.66
before,3,test_the_trio_scheduler_is_deterministic_if_seeded,trio/_tests/test_scheduler_determinism.py::test_the_trio_scheduler_is_deterministic_if_seeded,call,0.01,5.66
before,3,test_run_in_worker_thread_abandoned,trio/_tests/test_threads.py::test_run_in_worker_thread_abandoned,call,0.01,5.66
before,3,test_mock_clock_autojump_preset,trio/_core/_tests/test_mock_clock.py::test_mock_clock_autojump_preset,call,0.01,5.66
before,3,test_the_trio_scheduler_is_not_deterministic,trio/_tests/test_scheduler_determinism.py::test_the_trio_scheduler_is_not_deterministic,call,0.01,5.66
before,3,test_ki_protection_works,trio/_core/_tests/test_ki.py::test_ki_protection_works,call,0.01,5.66
before,4,test_spawning_new_thread_from_deliver_reuses_starting_thread,trio/_core/_tests/test_thread_cache.py::test_spawning_new_thread_from_deliver_reuses_starting_thread,call,1.0,5.66
before,4,test_waitid_eintr,trio/_tests/test_subprocess.py::test_waitid_eintr,call,1.0,5.66
before,4,test_idle_threads_exit,trio/_core/_tests/test_thread_cache.py::test_idle_threads_exit,call,1.0,5.66
before,4,test_apport_excepthook_monkeypatch_interaction,trio/_core/_tests/test_multierror.py::test_apport_excepthook_monkeypatch_interaction,call,0.11,5.66
before,4,test_TrioToken_run_sync_soon_threaded_stress_test,trio/_core/_tests/test_run.py::test_TrioToken_run_sync_soon_threaded_stress_test,call,0.1,5.66
before,4,test_asyncgen_basics,trio/_core/_tests/test_asyncgen.py::test_asyncgen_basics,call,0.08,5.66
before,4,test_coroutine_or_error,trio/_tests/test_util.py::test_coroutine_or_error,call,0.06,5.66
before,4,test_broken_abort,trio/_core/_tests/test_run.py::test_broken_abort,call,0.04,5.66
before,4,test_gc_after_trio_exits,trio/_tests/test_dtls.py::test_gc_after_trio_exits,call,0.04,5.66
before,4,test_guest_mode_asyncgens,trio/_core/_tests/test_guest_mode.py::test_guest_mode_asyncgens,call,0.04,5.66
before,4,test_guest_mode_internal_errors,trio/_core/_tests/test_guest_mode.py::test_guest_mode_internal_errors,call,0.04,5.66
before,4,test_thread_cache_deref,trio/_core/_tests/test_thread_cache.py::test_thread_cache_deref,call,0.04,5.66
before,4,test_guest_warns_if_abandoned,trio/_core/_tests/test_guest_mode.py::test_guest_warns_if_abandoned,call,0.04,5.66
before,4,test_error_in_run_loop,trio/_core/_tests/test_run.py::test_error_in_run_loop,call,0.04,5.66
before,4,test_last_minute_gc_edge_case,trio/_core/_tests/test_asyncgen.py::test_last_minute_gc_edge_case,call,0.04,5.66
before,4,test_delegation_to_existing_hooks,trio/_core/_tests/test_asyncgen.py::test_delegation_to_existing_hooks,call,0.04,5.66
before,4,test_MultiError_catch_doesnt_create_cyclic_garbage,trio/_core/_tests/test_multierror.py::test_MultiError_catch_doesnt_create_cyclic_garbage,call,0.02,5.66
before,4,test_warn_deprecated,trio/_tests/test_deprecate.py::test_warn_deprecated,call,0.02,5.66
before,4,test_the_trio_scheduler_is_deterministic_if_seeded,trio/_tests/test_scheduler_determinism.py::test_the_trio_scheduler_is_deterministic_if_seeded,call,0.01,5.66
before,4,test_run_in_trio_thread_ki,trio/_tests/test_threads.py::test_run_in_trio_thread_ki,call,0.01,5.66
before,4,test_mock_clock_autojump_preset,trio/_core/_tests/test_mock_clock.py::test_mock_clock_autojump_preset,call,0.01,5.66
before,4,test_the_trio_scheduler_is_not_deterministic,trio/_tests/test_scheduler_determinism.py::test_the_trio_scheduler_is_not_deterministic,call,0.01,5.66
before,4,test_run_in_worker_thread_abandoned,trio/_tests/test_threads.py::test_run_in_worker_thread_abandoned,call,0.01,5.66
before,4,test_ki_protection_works,trio/_core/_tests/test_ki.py::test_ki_protection_works,call,0.01,5.66
before,5,test_spawning_new_thread_from_deliver_reuses_starting_thread,trio/_core/_tests/test_thread_cache.py::test_spawning_new_thread_from_deliver_reuses_starting_thread,call,1.0,5.65
before,5,test_idle_threads_exit,trio/_core/_tests/test_thread_cache.py::test_idle_threads_exit,call,1.0,5.65
before,5,test_waitid_eintr,trio/_tests/test_subprocess.py::test_waitid_eintr,call,1.0,5.65
before,5,test_apport_excepthook_monkeypatch_interaction,trio/_core/_tests/test_multierror.py::test_apport_excepthook_monkeypatch_interaction,call,0.11,5.65
before,5,test_TrioToken_run_sync_soon_threaded_stress_test,trio/_core/_tests/test_run.py::test_TrioToken_run_sync_soon_threaded_stress_test,call,0.1,5.65
before,5,test_asyncgen_basics,trio/_core/_tests/test_asyncgen.py::test_asyncgen_basics,call,0.07,5.65
before,5,test_coroutine_or_error,trio/_tests/test_util.py::test_coroutine_or_error,call,0.06,5.65
before,5,test_gc_after_trio_exits,trio/_tests/test_dtls.py::test_gc_after_trio_exits,call,0.05,5.65
before,5,test_broken_abort,trio/_core/_tests/test_run.py::test_broken_abort,call,0.04,5.65
before,5,test_thread_cache_deref,trio/_core/_tests/test_thread_cache.py::test_thread_cache_deref,call,0.04,5.65
before,5,test_guest_mode_internal_errors,trio/_core/_tests/test_guest_mode.py::test_guest_mode_internal_errors,call,0.04,5.65
before,5,test_guest_warns_if_abandoned,trio/_core/_tests/test_guest_mode.py::test_guest_warns_if_abandoned,call,0.04,5.65
before,5,test_last_minute_gc_edge_case,trio/_core/_tests/test_asyncgen.py::test_last_minute_gc_edge_case,call,0.04,5.65
before,5,test_error_in_run_loop,trio/_core/_tests/test_run.py::test_error_in_run_loop,call,0.04,5.65
before,5,test_delegation_to_existing_hooks,trio/_core/_tests/test_asyncgen.py::test_delegation_to_existing_hooks,call,0.04,5.65
before,5,test_guest_mode_asyncgens,trio/_core/_tests/test_guest_mode.py::test_guest_mode_asyncgens,call,0.04,5.65
before,5,test_MultiError_catch_doesnt_create_cyclic_garbage,trio/_core/_tests/test_multierror.py::test_MultiError_catch_doesnt_create_cyclic_garbage,call,0.02,5.65
before,5,test_warn_deprecated,trio/_tests/test_deprecate.py::test_warn_deprecated,call,0.02,5.65
before,5,test_run_in_trio_thread_ki,trio/_tests/test_threads.py::test_run_in_trio_thread_ki,call,0.01,5.65
before,5,test_the_trio_scheduler_is_deterministic_if_seeded,trio/_tests/test_scheduler_determinism.py::test_the_trio_scheduler_is_deterministic_if_seeded,call,0.01,5.65
before,5,test_the_trio_scheduler_is_not_deterministic,trio/_tests/test_scheduler_determinism.py::test_the_trio_scheduler_is_not_deterministic,call,0.01,5.65
before,5,test_run_in_worker_thread_abandoned,trio/_tests/test_threads.py::test_run_in_worker_thread_abandoned,call,0.01,5.65
before,5,test_mock_clock_autojump_preset,trio/_core/_tests/test_mock_clock.py::test_mock_clock_autojump_preset,call,0.01,5.65
before,5,test_ki_protection_works,trio/_core/_tests/test_ki.py::test_ki_protection_works,call,0.01,5.65
before,6,test_spawning_new_thread_from_deliver_reuses_starting_thread,trio/_core/_tests/test_thread_cache.py::test_spawning_new_thread_from_deliver_reuses_starting_thread,call,1.0,5.67
before,6,test_waitid_eintr,trio/_tests/test_subprocess.py::test_waitid_eintr,call,1.0,5.67
before,6,test_idle_threads_exit,trio/_core/_tests/test_thread_cache.py::test_idle_threads_exit,call,1.0,5.67
before,6,test_apport_excepthook_monkeypatch_interaction,trio/_core/_tests/test_multierror.py::test_apport_excepthook_monkeypatch_interaction,call,0.11,5.67
before,6,test_TrioToken_run_sync_soon_threaded_stress_test,trio/_core/_tests/test_run.py::test_TrioToken_run_sync_soon_threaded_stress_test,call,0.1,5.67
before,6,test_asyncgen_basics,trio/_core/_tests/test_asyncgen.py::test_asyncgen_basics,call,0.07,5.67
before,6,test_coroutine_or_error,trio/_tests/test_util.py::test_coroutine_or_error,call,0.06,5.67
before,6,test_gc_after_trio_exits,trio/_tests/test_dtls.py::test_gc_after_trio_exits,call,0.05,5.67
before,6,test_broken_abort,trio/_core/_tests/test_run.py::test_broken_abort,call,0.04,5.67
before,6,test_thread_cache_deref,trio/_core/_tests/test_thread_cache.py::test_thread_cache_deref,call,0.04,5.67
before,6,test_guest_mode_asyncgens,trio/_core/_tests/test_guest_mode.py::test_guest_mode_asyncgens,call,0.04,5.67
before,6,test_guest_mode_internal_errors,trio/_core/_tests/test_guest_mode.py::test_guest_mode_internal_errors,call,0.04,5.67
before,6,test_error_in_run_loop,trio/_core/_tests/test_run.py::test_error_in_run_loop,call,0.04,5.67
before,6,test_guest_warns_if_abandoned,trio/_core/_tests/test_guest_mode.py::test_guest_warns_if_abandoned,call,0.04,5.67
before,6,test_last_minute_gc_edge_case,trio/_core/_tests/test_asyncgen.py::test_last_minute_gc_edge_case,call,0.04,5.67
before,6,test_delegation_to_existing_hooks,trio/_core/_tests/test_asyncgen.py::test_delegation_to_existing_hooks,call,0.04,5.67
before,6,test_MultiError_catch_doesnt_create_cyclic_garbage,trio/_core/_tests/test_multierror.py::test_MultiError_catch_doesnt_create_cyclic_garbage,call,0.02,5.67
before,6,test_warn_deprecated,trio/_tests/test_deprecate.py::test_warn_deprecated,call,0.02,5.67
before,6,test_run_in_trio_thread_ki,trio/_tests/test_threads.py::test_run_in_trio_thread_ki,call,0.01,5.67
before,6,test_the_trio_scheduler_is_deterministic_if_seeded,trio/_tests/test_scheduler_determinism.py::test_the_trio_scheduler_is_deterministic_if_seeded,call,0.01,5.67
before,6,test_run_in_worker_thread_abandoned,trio/_tests/test_threads.py::test_run_in_worker_thread_abandoned,call,0.01,5.67
before,6,test_the_trio_scheduler_is_not_deterministic,trio/_tests/test_scheduler_determinism.py::test_the_trio_scheduler_is_not_deterministic,call,0.01,5.67
before,6,test_mock_clock_autojump_preset,trio/_core/_tests/test_mock_clock.py::test_mock_clock_autojump_preset,call,0.01,5.67
before,6,test_ki_protection_works,trio/_core/_tests/test_ki.py::test_ki_protection_works,call,0.01,5.67
before,7,test_idle_threads_exit,trio/_core/_tests/test_thread_cache.py::test_idle_threads_exit,call,1.0,5.68
before,7,test_waitid_eintr,trio/_tests/test_subprocess.py::test_waitid_eintr,call,1.0,5.68
before,7,test_spawning_new_thread_from_deliver_reuses_starting_thread,trio/_core/_tests/test_thread_cache.py::test_spawning_new_thread_from_deliver_reuses_starting_thread,call,1.0,5.68
before,7,test_apport_excepthook_monkeypatch_interaction,trio/_core/_tests/test_multierror.py::test_apport_excepthook_monkeypatch_interaction,call,0.11,5.68
before,7,test_TrioToken_run_sync_soon_threaded_stress_test,trio/_core/_tests/test_run.py::test_TrioToken_run_sync_soon_threaded_stress_test,call,0.1,5.68
before,7,test_asyncgen_basics,trio/_core/_tests/test_asyncgen.py::test_asyncgen_basics,call,0.08,5.68
before,7,test_coroutine_or_error,trio/_tests/test_util.py::test_coroutine_or_error,call,0.06,5.68
before,7,test_broken_abort,trio/_core/_tests/test_run.py::test_broken_abort,call,0.06,5.68
before,7,test_gc_after_trio_exits,trio/_tests/test_dtls.py::test_gc_after_trio_exits,call,0.05,5.68
before,7,test_thread_cache_deref,trio/_core/_tests/test_thread_cache.py::test_thread_cache_deref,call,0.05,5.68
before,7,test_guest_mode_asyncgens,trio/_core/_tests/test_guest_mode.py::test_guest_mode_asyncgens,call,0.04,5.68
before,7,test_error_in_run_loop,trio/_core/_tests/test_run.py::test_error_in_run_loop,call,0.04,5.68
before,7,test_guest_mode_internal_errors,trio/_core/_tests/test_guest_mode.py::test_guest_mode_internal_errors,call,0.04,5.68
before,7,test_guest_warns_if_abandoned,trio/_core/_tests/test_guest_mode.py::test_guest_warns_if_abandoned,call,0.04,5.68
before,7,test_delegation_to_existing_hooks,trio/_core/_tests/test_asyncgen.py::test_delegation_to_existing_hooks,call,0.04,5.68
before,7,test_last_minute_gc_edge_case,trio/_core/_tests/test_asyncgen.py::test_last_minute_gc_edge_case,call,0.04,5.68
before,7,test_MultiError_catch_doesnt_create_cyclic_garbage,trio/_core/_tests/test_multierror.py::test_MultiError_catch_doesnt_create_cyclic_garbage,call,0.02,5.68
before,7,test_warn_deprecated,trio/_tests/test_deprecate.py::test_warn_deprecated,call,0.02,5.68
before,7,test_run_in_trio_thread_ki,trio/_tests/test_threads.py::test_run_in_trio_thread_ki,call,0.01,5.68
before,7,test_the_trio_scheduler_is_deterministic_if_seeded,trio/_tests/test_scheduler_determinism.py::test_the_trio_scheduler_is_deterministic_if_seeded,call,0.01,5.68
before,7,test_the_trio_scheduler_is_not_deterministic,trio/_tests/test_scheduler_determinism.py::test_the_trio_scheduler_is_not_deterministic,call,0.01,5.68
before,7,test_mock_clock_autojump_preset,trio/_core/_tests/test_mock_clock.py::test_mock_clock_autojump_preset,call,0.01,5.68
before,7,test_run_in_worker_thread_abandoned,trio/_tests/test_threads.py::test_run_in_worker_thread_abandoned,call,0.01,5.68
before,7,test_ki_protection_works,trio/_core/_tests/test_ki.py::test_ki_protection_works,call,0.01,5.68
before,8,test_spawning_new_thread_from_deliver_reuses_starting_thread,trio/_core/_tests/test_thread_cache.py::test_spawning_new_thread_from_deliver_reuses_starting_thread,call,1.0,5.71
before,8,test_idle_threads_exit,trio/_core/_tests/test_thread_cache.py::test_idle_threads_exit,call,1.0,5.71
before,8,test_waitid_eintr,trio/_tests/test_subprocess.py::test_waitid_eintr,call,1.0,5.71
before,8,test_apport_excepthook_monkeypatch_interaction,trio/_core/_tests/test_multierror.py::test_apport_excepthook_monkeypatch_interaction,call,0.11,5.71
before,8,test_TrioToken_run_sync_soon_threaded_stress_test,trio/_core/_tests/test_run.py::test_TrioToken_run_sync_soon_threaded_stress_test,call,0.1,5.71
before,8,test_asyncgen_basics,trio/_core/_tests/test_asyncgen.py::test_asyncgen_basics,call,0.08,5.71
before,8,test_coroutine_or_error,trio/_tests/test_util.py::test_coroutine_or_error,call,0.06,5.71
before,8,test_thread_cache_deref,trio/_core/_tests/test_thread_cache.py::test_thread_cache_deref,call,0.05,5.71
before,8,test_gc_after_trio_exits,trio/_tests/test_dtls.py::test_gc_after_trio_exits,call,0.05,5.71
before,8,test_broken_abort,trio/_core/_tests/test_run.py::test_broken_abort,call,0.05,5.71
before,8,test_guest_mode_internal_errors,trio/_core/_tests/test_guest_mode.py::test_guest_mode_internal_errors,call,0.04,5.71
before,8,test_error_in_run_loop,trio/_core/_tests/test_run.py::test_error_in_run_loop,call,0.04,5.71
before,8,test_guest_mode_asyncgens,trio/_core/_tests/test_guest_mode.py::test_guest_mode_asyncgens,call,0.04,5.71
before,8,test_guest_warns_if_abandoned,trio/_core/_tests/test_guest_mode.py::test_guest_warns_if_abandoned,call,0.04,5.71
before,8,test_last_minute_gc_edge_case,trio/_core/_tests/test_asyncgen.py::test_last_minute_gc_edge_case,call,0.04,5.71
before,8,test_delegation_to_existing_hooks,trio/_core/_tests/test_asyncgen.py::test_delegation_to_existing_hooks,call,0.04,5.71
before,8,test_MultiError_catch_doesnt_create_cyclic_garbage,trio/_core/_tests/test_multierror.py::test_MultiError_catch_doesnt_create_cyclic_garbage,call,0.02,5.71
before,8,test_warn_deprecated,trio/_tests/test_deprecate.py::test_warn_deprecated,call,0.02,5.71
before,8,test_the_trio_scheduler_is_deterministic_if_seeded,trio/_tests/test_scheduler_determinism.py::test_the_trio_scheduler_is_deterministic_if_seeded,call,0.01,5.71
before,8,test_run_in_trio_thread_ki,trio/_tests/test_threads.py::test_run_in_trio_thread_ki,call,0.01,5.71
before,8,test_the_trio_scheduler_is_not_deterministic,trio/_tests/test_scheduler_determinism.py::test_the_trio_scheduler_is_not_deterministic,call,0.01,5.71
before,8,test_run_in_worker_thread_abandoned,trio/_tests/test_threads.py::test_run_in_worker_thread_abandoned,call,0.01,5.71
before,8,test_mock_clock_autojump_preset,trio/_core/_tests/test_mock_clock.py::test_mock_clock_autojump_preset,call,0.01,5.71
before,8,test_ki_protection_works,trio/_core/_tests/test_ki.py::test_ki_protection_works,call,0.01,5.71
before,9,test_spawning_new_thread_from_deliver_reuses_starting_thread,trio/_core/_tests/test_thread_cache.py::test_spawning_new_thread_from_deliver_reuses_starting_thread,call,1.0,5.72
before,9,test_idle_threads_exit,trio/_core/_tests/test_thread_cache.py::test_idle_threads_exit,call,1.0,5.72
before,9,test_waitid_eintr,trio/_tests/test_subprocess.py::test_waitid_eintr,call,1.0,5.72
before,9,test_apport_excepthook_monkeypatch_interaction,trio/_core/_tests/test_multierror.py::test_apport_excepthook_monkeypatch_interaction,call,0.11,5.72
before,9,test_TrioToken_run_sync_soon_threaded_stress_test,trio/_core/_tests/test_run.py::test_TrioToken_run_sync_soon_threaded_stress_test,call,0.1,5.72
before,9,test_asyncgen_basics,trio/_core/_tests/test_asyncgen.py::test_asyncgen_basics,call,0.08,5.72
before,9,test_coroutine_or_error,trio/_tests/test_util.py::test_coroutine_or_error,call,0.06,5.72
before,9,test_gc_after_trio_exits,trio/_tests/test_dtls.py::test_gc_after_trio_exits,call,0.05,5.72
before,9,test_broken_abort,trio/_core/_tests/test_run.py::test_broken_abort,call,0.05,5.72
before,9,test_thread_cache_deref,trio/_core/_tests/test_thread_cache.py::test_thread_cache_deref,call,0.05,5.72
before,9,test_guest_mode_internal_errors,trio/_core/_tests/test_guest_mode.py::test_guest_mode_internal_errors,call,0.04,5.72
before,9,test_error_in_run_loop,trio/_core/_tests/test_run.py::test_error_in_run_loop,call,0.04,5.72
before,9,test_guest_warns_if_abandoned,trio/_core/_tests/test_guest_mode.py::test_guest_warns_if_abandoned,call,0.04,5.72
before,9,test_delegation_to_existing_hooks,trio/_core/_tests/test_asyncgen.py::test_delegation_to_existing_hooks,call,0.04,5.72
before,9,test_guest_mode_asyncgens,trio/_core/_tests/test_guest_mode.py::test_guest_mode_asyncgens,call,0.04,5.72
before,9,test_last_minute_gc_edge_case,trio/_core/_tests/test_asyncgen.py::test_last_minute_gc_edge_case,call,0.04,5.72
before,9,test_run_in_worker_thread_abandoned,trio/_tests/test_threads.py::test_run_in_worker_thread_abandoned,call,0.02,5.72
before,9,test_MultiError_catch_doesnt_create_cyclic_garbage,trio/_core/_tests/test_multierror.py::test_MultiError_catch_doesnt_create_cyclic_garbage,call,0.02,5.72
before,9,test_warn_deprecated,trio/_tests/test_deprecate.py::test_warn_deprecated,call,0.02,5.72
before,9,test_run_in_trio_thread_ki,trio/_tests/test_threads.py::test_run_in_trio_thread_ki,call,0.01,5.72
before,9,test_the_trio_scheduler_is_deterministic_if_seeded,trio/_tests/test_scheduler_determinism.py::test_the_trio_scheduler_is_deterministic_if_seeded,call,0.01,5.72
before,9,test_mock_clock_autojump_preset,trio/_core/_tests/test_mock_clock.py::test_mock_clock_autojump_preset,call,0.01,5.72
before,9,test_the_trio_scheduler_is_not_deterministic,trio/_tests/test_scheduler_determinism.py::test_the_trio_scheduler_is_not_deterministic,call,0.01,5.72
before,9,test_ki_protection_works,trio/_core/_tests/test_ki.py::test_ki_protection_works,call,0.01,5.72
before,10,test_spawning_new_thread_from_deliver_reuses_starting_thread,trio/_core/_tests/test_thread_cache.py::test_spawning_new_thread_from_deliver_reuses_starting_thread,call,1.0,5.73
before,10,test_waitid_eintr,trio/_tests/test_subprocess.py::test_waitid_eintr,call,1.0,5.73
before,10,test_idle_threads_exit,trio/_core/_tests/test_thread_cache.py::test_idle_threads_exit,call,1.0,5.73
before,10,test_apport_excepthook_monkeypatch_interaction,trio/_core/_tests/test_multierror.py::test_apport_excepthook_monkeypatch_interaction,call,0.11,5.73
before,10,test_TrioToken_run_sync_soon_threaded_stress_test,trio/_core/_tests/test_run.py::test_TrioToken_run_sync_soon_threaded_stress_test,call,0.1,5.73
before,10,test_asyncgen_basics,trio/_core/_tests/test_asyncgen.py::test_asyncgen_basics,call,0.08,5.73
before,10,test_coroutine_or_error,trio/_tests/test_util.py::test_coroutine_or_error,call,0.06,5.73
before,10,test_broken_abort,trio/_core/_tests/test_run.py::test_broken_abort,call,0.05,5.73
before,10,test_gc_after_trio_exits,trio/_tests/test_dtls.py::test_gc_after_trio_exits,call,0.05,5.73
before,10,test_thread_cache_deref,trio/_core/_tests/test_thread_cache.py::test_thread_cache_deref,call,0.05,5.73
before,10,test_guest_mode_internal_errors,trio/_core/_tests/test_guest_mode.py::test_guest_mode_internal_errors,call,0.04,5.73
before,10,test_guest_mode_asyncgens,trio/_core/_tests/test_guest_mode.py::test_guest_mode_asyncgens,call,0.04,5.73
before,10,test_error_in_run_loop,trio/_core/_tests/test_run.py::test_error_in_run_loop,call,0.04,5.73
before,10,test_guest_warns_if_abandoned,trio/_core/_tests/test_guest_mode.py::test_guest_warns_if_abandoned,call,0.04,5.73
before,10,test_delegation_to_existing_hooks,trio/_core/_tests/test_asyncgen.py::test_delegation_to_existing_hooks,call,0.04,5.73
before,10,test_last_minute_gc_edge_case,trio/_core/_tests/test_asyncgen.py::test_last_minute_gc_edge_case,call,0.04,5.73
before,10,test_MultiError_catch_doesnt_create_cyclic_garbage,trio/_core/_tests/test_multierror.py::test_MultiError_catch_doesnt_create_cyclic_garbage,call,0.02,5.73
before,10,test_run_in_worker_thread_abandoned,trio/_tests/test_threads.py::test_run_in_worker_thread_abandoned,call,0.02,5.73
before,10,test_warn_deprecated,trio/_tests/test_deprecate.py::test_warn_deprecated,call,0.02,5.73
before,10,test_run_in_trio_thread_ki,trio/_tests/test_threads.py::test_run_in_trio_thread_ki,call,0.01,5.73
before,10,test_the_trio_scheduler_is_deterministic_if_seeded,trio/_tests/test_scheduler_determinism.py::test_the_trio_scheduler_is_deterministic_if_seeded,call,0.01,5.73
before,10,test_the_trio_scheduler_is_not_deterministic,trio/_tests/test_scheduler_determinism.py::test_the_trio_scheduler_is_not_deterministic,call,0.01,5.73
before,10,test_mock_clock_autojump_preset,trio/_core/_tests/test_mock_clock.py::test_mock_clock_autojump_preset,call,0.01,5.73
before,10,test_ki_protection_works,trio/_core/_tests/test_ki.py::test_ki_protection_works,call,0.01,5.73
before,11,test_spawning_new_thread_from_deliver_reuses_starting_thread,trio/_core/_tests/test_thread_cache.py::test_spawning_new_thread_from_deliver_reuses_starting_thread,call,1.0,5.7
before,11,test_idle_threads_exit,trio/_core/_tests/test_thread_cache.py::test_idle_threads_exit,call,1.0,5.7
before,11,test_waitid_eintr,trio/_tests/test_subprocess.py::test_waitid_eintr,call,1.0,5.7
before,11,test_apport_excepthook_monkeypatch_interaction,trio/_core/_tests/test_multierror.py::test_apport_excepthook_monkeypatch_interaction,call,0.11,5.7
before,11,test_TrioToken_run_sync_soon_threaded_stress_test,trio/_core/_tests/test_run.py::test_TrioToken_run_sync_soon_threaded_stress_test,call,0.1,5.7
before,11,test_asyncgen_basics,trio/_core/_tests/test_asyncgen.py::test_asyncgen_basics,call,0.08,5.7
before,11,test_coroutine_or_error,trio/_tests/test_util.py::test_coroutine_or_error,call,0.06,5.7
before,11,test_gc_after_trio_exits,trio/_tests/test_dtls.py::test_gc_after_trio_exits,call,0.05,5.7
before,11,test_broken_abort,trio/_core/_tests/test_run.py::test_broken_abort,call,0.05,5.7
before,11,test_thread_cache_deref,trio/_core/_tests/test_thread_cache.py::test_thread_cache_deref,call,0.05,5.7
before,11,test_guest_mode_asyncgens,trio/_core/_tests/test_guest_mode.py::test_guest_mode_asyncgens,call,0.04,5.7
before,11,test_error_in_run_loop,trio/_core/_tests/test_run.py::test_error_in_run_loop,call,0.04,5.7
before,11,test_guest_warns_if_abandoned,trio/_core/_tests/test_guest_mode.py::test_guest_warns_if_abandoned,call,0.04,5.7
before,11,test_delegation_to_existing_hooks,trio/_core/_tests/test_asyncgen.py::test_delegation_to_existing_hooks,call,0.04,5.7
before,11,test_last_minute_gc_edge_case,trio/_core/_tests/test_asyncgen.py::test_last_minute_gc_edge_case,call,0.04,5.7
before,11,test_guest_mode_internal_errors,trio/_core/_tests/test_guest_mode.py::test_guest_mode_internal_errors,call,0.04,5.7
before,11,test_MultiError_catch_doesnt_create_cyclic_garbage,trio/_core/_tests/test_multierror.py::test_MultiError_catch_doesnt_create_cyclic_garbage,call,0.02,5.7
before,11,test_warn_deprecated,trio/_tests/test_deprecate.py::test_warn_deprecated,call,0.02,5.7
before,11,test_run_in_trio_thread_ki,trio/_tests/test_threads.py::test_run_in_trio_thread_ki,call,0.01,5.7
before,11,test_the_trio_scheduler_is_deterministic_if_seeded,trio/_tests/test_scheduler_determinism.py::test_the_trio_scheduler_is_deterministic_if_seeded,call,0.01,5.7
before,11,test_the_trio_scheduler_is_not_deterministic,trio/_tests/test_scheduler_determinism.py::test_the_trio_scheduler_is_not_deterministic,call,0.01,5.7
before,11,test_run_in_worker_thread_abandoned,trio/_tests/test_threads.py::test_run_in_worker_thread_abandoned,call,0.01,5.7
before,11,test_mock_clock_autojump_preset,trio/_core/_tests/test_mock_clock.py::test_mock_clock_autojump_preset,call,0.01,5.7
before,11,test_ki_protection_works,trio/_core/_tests/test_ki.py::test_ki_protection_works,call,0.01,5.7
before,12,test_spawning_new_thread_from_deliver_reuses_starting_thread,trio/_core/_tests/test_thread_cache.py::test_spawning_new_thread_from_deliver_reuses_starting_thread,call,1.0,5.64
before,12,test_idle_threads_exit,trio/_core/_tests/test_thread_cache.py::test_idle_threads_exit,call,1.0,5.64
before,12,test_waitid_eintr,trio/_tests/test_subprocess.py::test_waitid_eintr,call,1.0,5.64
before,12,test_apport_excepthook_monkeypatch_interaction,trio/_core/_tests/test_multierror.py::test_apport_excepthook_monkeypatch_interaction,call,0.11,5.64
before,12,test_TrioToken_run_sync_soon_threaded_stress_test,trio/_core/_tests/test_run.py::test_TrioToken_run_sync_soon_threaded_stress_test,call,0.1,5.64
before,12,test_asyncgen_basics,trio/_core/_tests/test_asyncgen.py::test_asyncgen_basics,call,0.07,5.64
before,12,test_coroutine_or_error,trio/_tests/test_util.py::test_coroutine_or_error,call,0.06,5.64
before,12,test_thread_cache_deref,trio/_core/_tests/test_thread_cache.py::test_thread_cache_deref,call,0.05,5.64
before,12,test_broken_abort,trio/_core/_tests/test_run.py::test_broken_abort,call,0.05,5.64
before,12,test_gc_after_trio_exits,trio/_tests/test_dtls.py::test_gc_after_trio_exits,call,0.05,5.64
before,12,test_guest_mode_internal_errors,trio/_core/_tests/test_guest_mode.py::test_guest_mode_internal_errors,call,0.04,5.64
before,12,test_guest_warns_if_abandoned,trio/_core/_tests/test_guest_mode.py::test_guest_warns_if_abandoned,call,0.04,5.64
before,12,test_error_in_run_loop,trio/_core/_tests/test_run.py::test_error_in_run_loop,call,0.04,5.64
before,12,test_last_minute_gc_edge_case,trio/_core/_tests/test_asyncgen.py::test_last_minute_gc_edge_case,call,0.04,5.64
before,12,test_guest_mode_asyncgens,trio/_core/_tests/test_guest_mode.py::test_guest_mode_asyncgens,call,0.04,5.64
before,12,test_delegation_to_existing_hooks,trio/_core/_tests/test_asyncgen.py::test_delegation_to_existing_hooks,call,0.04,5.64
before,12,test_MultiError_catch_doesnt_create_cyclic_garbage,trio/_core/_tests/test_multierror.py::test_MultiError_catch_doesnt_create_cyclic_garbage,call,0.02,5.64
before,12,test_warn_deprecated,trio/_tests/test_deprecate.py::test_warn_deprecated,call,0.02,5.64
before,12,test_run_in_trio_thread_ki,trio/_tests/test_threads.py::test_run_in_trio_thread_ki,call,0.01,5.64
before,12,test_the_trio_scheduler_is_deterministic_if_seeded,trio/_tests/test_scheduler_determinism.py::test_the_trio_scheduler_is_deterministic_if_seeded,call,0.01,5.64
before,12,test_run_in_worker_thread_abandoned,trio/_tests/test_threads.py::test_run_in_worker_thread_abandoned,call,0.01,5.64
before,12,test_the_trio_scheduler_is_not_deterministic,trio/_tests/test_scheduler_determinism.py::test_the_trio_scheduler_is_not_deterministic,call,0.01,5.64
before,12,test_mock_clock_autojump_preset,trio/_core/_tests/test_mock_clock.py::test_mock_clock_autojump_preset,call,0.01,5.64
before,12,test_ki_protection_works,trio/_core/_tests/test_ki.py::test_ki_protection_works,call,0.01,5.64
before,13,test_spawning_new_thread_from_deliver_reuses_starting_thread,trio/_core/_tests/test_thread_cache.py::test_spawning_new_thread_from_deliver_reuses_starting_thread,call,1.0,5.67
before,13,test_idle_threads_exit,trio/_core/_tests/test_thread_cache.py::test_idle_threads_exit,call,1.0,5.67
before,13,test_waitid_eintr,trio/_tests/test_subprocess.py::test_waitid_eintr,call,1.0,5.67
before,13,test_apport_excepthook_monkeypatch_interaction,trio/_core/_tests/test_multierror.py::test_apport_excepthook_monkeypatch_interaction,call,0.11,5.67
before,13,test_TrioToken_run_sync_soon_threaded_stress_test,trio/_core/_tests/test_run.py::test_TrioToken_run_sync_soon_threaded_stress_test,call,0.1,5.67
before,13,test_asyncgen_basics,trio/_core/_tests/test_asyncgen.py::test_asyncgen_basics,call,0.07,5.67
before,13,test_coroutine_or_error,trio/_tests/test_util.py::test_coroutine_or_error,call,0.06,5.67
before,13,test_broken_abort,trio/_core/_tests/test_run.py::test_broken_abort,call,0.05,5.67
before,13,test_gc_after_trio_exits,trio/_tests/test_dtls.py::test_gc_after_trio_exits,call,0.04,5.67
before,13,test_thread_cache_deref,trio/_core/_tests/test_thread_cache.py::test_thread_cache_deref,call,0.04,5.67
before,13,test_error_in_run_loop,trio/_core/_tests/test_run.py::test_error_in_run_loop,call,0.04,5.67
before,13,test_guest_mode_internal_errors,trio/_core/_tests/test_guest_mode.py::test_guest_mode_internal_errors,call,0.04,5.67
before,13,test_guest_mode_asyncgens,trio/_core/_tests/test_guest_mode.py::test_guest_mode_asyncgens,call,0.04,5.67
before,13,test_delegation_to_existing_hooks,trio/_core/_tests/test_asyncgen.py::test_delegation_to_existing_hooks,call,0.04,5.67
before,13,test_last_minute_gc_edge_case,trio/_core/_tests/test_asyncgen.py::test_last_minute_gc_edge_case,call,0.04,5.67
before,13,test_guest_warns_if_abandoned,trio/_core/_tests/test_guest_mode.py::test_guest_warns_if_abandoned,call,0.04,5.67
before,13,test_MultiError_catch_doesnt_create_cyclic_garbage,trio/_core/_tests/test_multierror.py::test_MultiError_catch_doesnt_create_cyclic_garbage,call,0.02,5.67
before,13,test_warn_deprecated,trio/_tests/test_deprecate.py::test_warn_deprecated,call,0.02,5.67
before,13,test_the_trio_scheduler_is_deterministic_if_seeded,trio/_tests/test_scheduler_determinism.py::test_the_trio_scheduler_is_deterministic_if_seeded,call,0.01,5.67
before,13,test_run_in_trio_thread_ki,trio/_tests/test_threads.py::test_run_in_trio_thread_ki,call,0.01,5.67
before,13,test_run_in_worker_thread_abandoned,trio/_tests/test_threads.py::test_run_in_worker_thread_abandoned,call,0.01,5.67
before,13,test_the_trio_scheduler_is_not_deterministic,trio/_tests/test_scheduler_determinism.py::test_the_trio_scheduler_is_not_deterministic,call,0.01,5.67
before,13,test_mock_clock_autojump_preset,trio/_core/_tests/test_mock_clock.py::test_mock_clock_autojump_preset,call,0.01,5.67
before,13,test_ki_protection_works,trio/_core/_tests/test_ki.py::test_ki_protection_works,call,0.01,5.67
before,14,test_spawning_new_thread_from_deliver_reuses_starting_thread,trio/_core/_tests/test_thread_cache.py::test_spawning_new_thread_from_deliver_reuses_starting_thread,call,1.0,5.64
before,14,test_idle_threads_exit,trio/_core/_tests/test_thread_cache.py::test_idle_threads_exit,call,1.0,5.64
before,14,test_waitid_eintr,trio/_tests/test_subprocess.py::test_waitid_eintr,call,1.0,5.64
before,14,test_apport_excepthook_monkeypatch_interaction,trio/_core/_tests/test_multierror.py::test_apport_excepthook_monkeypatch_interaction,call,0.11,5.64
before,14,test_TrioToken_run_sync_soon_threaded_stress_test,trio/_core/_tests/test_run.py::test_TrioToken_run_sync_soon_threaded_stress_test,call,0.1,5.64
before,14,test_asyncgen_basics,trio/_core/_tests/test_asyncgen.py::test_asyncgen_basics,call,0.07,5.64
before,14,test_coroutine_or_error,trio/_tests/test_util.py::test_coroutine_or_error,call,0.06,5.64
before,14,test_broken_abort,trio/_core/_tests/test_run.py::test_broken_abort,call,0.05,5.64
before,14,test_gc_after_trio_exits,trio/_tests/test_dtls.py::test_gc_after_trio_exits,call,0.04,5.64
before,14,test_error_in_run_loop,trio/_core/_tests/test_run.py::test_error_in_run_loop,call,0.04,5.64
before,14,test_thread_cache_deref,trio/_core/_tests/test_thread_cache.py::test_thread_cache_deref,call,0.04,5.64
before,14,test_guest_mode_internal_errors,trio/_core/_tests/test_guest_mode.py::test_guest_mode_internal_errors,call,0.04,5.64
before,14,test_guest_warns_if_abandoned,trio/_core/_tests/test_guest_mode.py::test_guest_warns_if_abandoned,call,0.04,5.64
before,14,test_last_minute_gc_edge_case,trio/_core/_tests/test_asyncgen.py::test_last_minute_gc_edge_case,call,0.04,5.64
before,14,test_guest_mode_asyncgens,trio/_core/_tests/test_guest_mode.py::test_guest_mode_asyncgens,call,0.04,5.64
before,14,test_delegation_to_existing_hooks,trio/_core/_tests/test_asyncgen.py::test_delegation_to_existing_hooks,call,0.04,5.64
before,14,test_MultiError_catch_doesnt_create_cyclic_garbage,trio/_core/_tests/test_multierror.py::test_MultiError_catch_doesnt_create_cyclic_garbage,call,0.02,5.64
before,14,test_warn_deprecated,trio/_tests/test_deprecate.py::test_warn_deprecated,call,0.02,5.64
before,14,test_mock_clock_autojump_preset,trio/_core/_tests/test_mock_clock.py::test_mock_clock_autojump_preset,call,0.01,5.64
before,14,test_run_in_trio_thread_ki,trio/_tests/test_threads.py::test_run_in_trio_thread_ki,call,0.01,5.64
before,14,test_the_trio_scheduler_is_deterministic_if_seeded,trio/_tests/test_scheduler_determinism.py::test_the_trio_scheduler_is_deterministic_if_seeded,call,0.01,5.64
before,14,test_the_trio_scheduler_is_not_deterministic,trio/_tests/test_scheduler_determinism.py::test_the_trio_scheduler_is_not_deterministic,call,0.01,5.64
before,14,test_run_in_worker_thread_abandoned,trio/_tests/test_threads.py::test_run_in_worker_thread_abandoned,call,0.01,5.64
before,14,test_ki_protection_works,trio/_core/_tests/test_ki.py::test_ki_protection_works,call,0.01,5.64
before,15,test_spawning_new_thread_from_deliver_reuses_starting_thread,trio/_core/_tests/test_thread_cache.py::test_spawning_new_thread_from_deliver_reuses_starting_thread,call,1.0,5.68
before,15,test_waitid_eintr,trio/_tests/test_subprocess.py::test_waitid_eintr,call,1.0,5.68
before,15,test_idle_threads_exit,trio/_core/_tests/test_thread_cache.py::test_idle_threads_exit,call,1.0,5.68
before,15,test_apport_excepthook_monkeypatch_interaction,trio/_core/_tests/test_multierror.py::test_apport_excepthook_monkeypatch_interaction,call,0.11,5.68
before,15,test_TrioToken_run_sync_soon_threaded_stress_test,trio/_core/_tests/test_run.py::test_TrioToken_run_sync_soon_threaded_stress_test,call,0.1,5.68
before,15,test_asyncgen_basics,trio/_core/_tests/test_asyncgen.py::test_asyncgen_basics,call,0.08,5.68
before,15,test_coroutine_or_error,trio/_tests/test_util.py::test_coroutine_or_error,call,0.06,5.68
before,15,test_gc_after_trio_exits,trio/_tests/test_dtls.py::test_gc_after_trio_exits,call,0.05,5.68
before,15,test_broken_abort,trio/_core/_tests/test_run.py::test_broken_abort,call,0.05,5.68
before,15,test_thread_cache_deref,trio/_core/_tests/test_thread_cache.py::test_thread_cache_deref,call,0.05,5.68
before,15,test_guest_mode_internal_errors,trio/_core/_tests/test_guest_mode.py::test_guest_mode_internal_errors,call,0.04,5.68
before,15,test_error_in_run_loop,trio/_core/_tests/test_run.py::test_error_in_run_loop,call,0.04,5.68
before,15,test_guest_mode_asyncgens,trio/_core/_tests/test_guest_mode.py::test_guest_mode_asyncgens,call,0.04,5.68
before,15,test_guest_warns_if_abandoned,trio/_core/_tests/test_guest_mode.py::test_guest_warns_if_abandoned,call,0.04,5.68
before,15,test_last_minute_gc_edge_case,trio/_core/_tests/test_asyncgen.py::test_last_minute_gc_edge_case,call,0.04,5.68
before,15,test_delegation_to_existing_hooks,trio/_core/_tests/test_asyncgen.py::test_delegation_to_existing_hooks,call,0.04,5.68
before,15,test_run_in_worker_thread_abandoned,trio/_tests/test_threads.py::test_run_in_worker_thread_abandoned,call,0.02,5.68
before,15,test_MultiError_catch_doesnt_create_cyclic_garbage,trio/_core/_tests/test_multierror.py::test_MultiError_catch_doesnt_create_cyclic_garbage,call,0.02,5.68
before,15,test_warn_deprecated,trio/_tests/test_deprecate.py::test_warn_deprecated,call,0.02,5.68
before,15,test_run_in_trio_thread_ki,trio/_tests/test_threads.py::test_run_in_trio_thread_ki,call,0.01,5.68
before,15,test_the_trio_scheduler_is_deterministic_if_seeded,trio/_tests/test_scheduler_determinism.py::test_the_trio_scheduler_is_deterministic_if_seeded,call,0.01,5.68
before,15,test_the_trio_scheduler_is_not_deterministic,trio/_tests/test_scheduler_determinism.py::test_the_trio_scheduler_is_not_deterministic,call,0.01,5.68
before,15,test_mock_clock_autojump_preset,trio/_core/_tests/test_mock_clock.py::test_mock_clock_autojump_preset,call,0.01,5.68
before,15,test_ki_protection_works,trio/_core/_tests/test_ki.py::test_ki_protection_works,call,0.01,5.68
before,16,test_spawning_new_thread_from_deliver_reuses_starting_thread,trio/_core/_tests/test_thread_cache.py::test_spawning_new_thread_from_deliver_reuses_starting_thread,call,1.0,5.72
before,16,test_idle_threads_exit,trio/_core/_tests/test_thread_cache.py::test_idle_threads_exit,call,1.0,5.72
before,16,test_waitid_eintr,trio/_tests/test_subprocess.py::test_waitid_eintr,call,1.0,5.72
before,16,test_apport_excepthook_monkeypatch_interaction,trio/_core/_tests/test_multierror.py::test_apport_excepthook_monkeypatch_interaction,call,0.11,5.72
before,16,test_TrioToken_run_sync_soon_threaded_stress_test,trio/_core/_tests/test_run.py::test_TrioToken_run_sync_soon_threaded_stress_test,call,0.1,5.72
before,16,test_asyncgen_basics,trio/_core/_tests/test_asyncgen.py::test_asyncgen_basics,call,0.08,5.72
before,16,test_coroutine_or_error,trio/_tests/test_util.py::test_coroutine_or_error,call,0.06,5.72
before,16,test_gc_after_trio_exits,trio/_tests/test_dtls.py::test_gc_after_trio_exits,call,0.05,5.72
before,16,test_thread_cache_deref,trio/_core/_tests/test_thread_cache.py::test_thread_cache_deref,call,0.05,5.72
before,16,test_broken_abort,trio/_core/_tests/test_run.py::test_broken_abort,call,0.05,5.72
before,16,test_guest_mode_asyncgens,trio/_core/_tests/test_guest_mode.py::test_guest_mode_asyncgens,call,0.04,5.72
before,16,test_guest_mode_internal_errors,trio/_core/_tests/test_guest_mode.py::test_guest_mode_internal_errors,call,0.04,5.72
before,16,test_error_in_run_loop,trio/_core/_tests/test_run.py::test_error_in_run_loop,call,0.04,5.72
before,16,test_last_minute_gc_edge_case,trio/_core/_tests/test_asyncgen.py::test_last_minute_gc_edge_case,call,0.04,5.72
before,16,test_guest_warns_if_abandoned,trio/_core/_tests/test_guest_mode.py::test_guest_warns_if_abandoned,call,0.04,5.72
before,16,test_delegation_to_existing_hooks,trio/_core/_tests/test_asyncgen.py::test_delegation_to_existing_hooks,call,0.04,5.72
before,16,test_MultiError_catch_doesnt_create_cyclic_garbage,trio/_core/_tests/test_multierror.py::test_MultiError_catch_doesnt_create_cyclic_garbage,call,0.02,5.72
before,16,test_warn_deprecated,trio/_tests/test_deprecate.py::test_warn_deprecated,call,0.02,5.72
before,16,test_run_in_trio_thread_ki,trio/_tests/test_threads.py::test_run_in_trio_thread_ki,call,0.01,5.72
before,16,test_mock_clock_autojump_preset,trio/_core/_tests/test_mock_clock.py::test_mock_clock_autojump_preset,call,0.01,5.72
before,16,test_the_trio_scheduler_is_deterministic_if_seeded,trio/_tests/test_scheduler_determinism.py::test_the_trio_scheduler_is_deterministic_if_seeded,call,0.01,5.72
before,16,test_the_trio_scheduler_is_not_deterministic,trio/_tests/test_scheduler_determinism.py::test_the_trio_scheduler_is_not_deterministic,call,0.01,5.72
before,16,test_run_in_worker_thread_abandoned,trio/_tests/test_threads.py::test_run_in_worker_thread_abandoned,call,0.01,5.72
before,16,test_ki_protection_works,trio/_core/_tests/test_ki.py::test_ki_protection_works,call,0.01,5.72
before,17,test_waitid_eintr,trio/_tests/test_subprocess.py::test_waitid_eintr,call,1.0,5.7
before,17,test_idle_threads_exit,trio/_core/_tests/test_thread_cache.py::test_idle_threads_exit,call,1.0,5.7
before,17,test_spawning_new_thread_from_deliver_reuses_starting_thread,trio/_core/_tests/test_thread_cache.py::test_spawning_new_thread_from_deliver_reuses_starting_thread,call,1.0,5.7
before,17,test_apport_excepthook_monkeypatch_interaction,trio/_core/_tests/test_multierror.py::test_apport_excepthook_monkeypatch_interaction,call,0.11,5.7
before,17,test_TrioToken_run_sync_soon_threaded_stress_test,trio/_core/_tests/test_run.py::test_TrioToken_run_sync_soon_threaded_stress_test,call,0.1,5.7
before,17,test_coroutine_or_error,trio/_tests/test_util.py::test_coroutine_or_error,call,0.07,5.7
before,17,test_asyncgen_basics,trio/_core/_tests/test_asyncgen.py::test_asyncgen_basics,call,0.07,5.7
before,17,test_guest_mode_asyncgens,trio/_core/_tests/test_guest_mode.py::test_guest_mode_asyncgens,call,0.05,5.7
before,17,test_gc_after_trio_exits,trio/_tests/test_dtls.py::test_gc_after_trio_exits,call,0.05,5.7
before,17,test_broken_abort,trio/_core/_tests/test_run.py::test_broken_abort,call,0.04,5.7
before,17,test_thread_cache_deref,trio/_core/_tests/test_thread_cache.py::test_thread_cache_deref,call,0.04,5.7
before,17,test_guest_warns_if_abandoned,trio/_core/_tests/test_guest_mode.py::test_guest_warns_if_abandoned,call,0.04,5.7
before,17,test_guest_mode_internal_errors,trio/_core/_tests/test_guest_mode.py::test_guest_mode_internal_errors,call,0.04,5.7
before,17,test_last_minute_gc_edge_case,trio/_core/_tests/test_asyncgen.py::test_last_minute_gc_edge_case,call,0.04,5.7
before,17,test_delegation_to_existing_hooks,trio/_core/_tests/test_asyncgen.py::test_delegation_to_existing_hooks,call,0.04,5.7
before,17,test_error_in_run_loop,trio/_core/_tests/test_run.py::test_error_in_run_loop,call,0.04,5.7
before,17,test_run_in_worker_thread_abandoned,trio/_tests/test_threads.py::test_run_in_worker_thread_abandoned,call,0.02,5.7
before,17,test_MultiError_catch_doesnt_create_cyclic_garbage,trio/_core/_tests/test_multierror.py::test_MultiError_catch_doesnt_create_cyclic_garbage,call,0.02,5.7
before,17,test_warn_deprecated,trio/_tests/test_deprecate.py::test_warn_deprecated,call,0.02,5.7
before,17,test_run_in_trio_thread_ki,trio/_tests/test_threads.py::test_run_in_trio_thread_ki,call,0.01,5.7
before,17,test_the_trio_scheduler_is_deterministic_if_seeded,trio/_tests/test_scheduler_determinism.py::test_the_trio_scheduler_is_deterministic_if_seeded,call,0.01,5.7
before,17,test_mock_clock_autojump_preset,trio/_core/_tests/test_mock_clock.py::test_mock_clock_autojump_preset,call,0.01,5.7
before,17,test_the_trio_scheduler_is_not_deterministic,trio/_tests/test_scheduler_determinism.py::test_the_trio_scheduler_is_not_deterministic,call,0.01,5.7
before,17,test_ki_protection_works,trio/_core/_tests/test_ki.py::test_ki_protection_works,call,0.01,5.7
before,18,test_spawning_new_thread_from_deliver_reuses_starting_thread,trio/_core/_tests/test_thread_cache.py::test_spawning_new_thread_from_deliver_reuses_starting_thread,call,1.0,5.71
before,18,test_waitid_eintr,trio/_tests/test_subprocess.py::test_waitid_eintr,call,1.0,5.71
before,18,test_idle_threads_exit,trio/_core/_tests/test_thread_cache.py::test_idle_threads_exit,call,1.0,5.71
before,18,test_apport_excepthook_monkeypatch_interaction,trio/_core/_tests/test_multierror.py::test_apport_excepthook_monkeypatch_interaction,call,0.11,5.71
before,18,test_TrioToken_run_sync_soon_threaded_stress_test,trio/_core/_tests/test_run.py::test_TrioToken_run_sync_soon_threaded_stress_test,call,0.1,5.71
before,18,test_asyncgen_basics,trio/_core/_tests/test_asyncgen.py::test_asyncgen_basics,call,0.08,5.71
before,18,test_coroutine_or_error,trio/_tests/test_util.py::test_coroutine_or_error,call,0.06,5.71
before,18,test_thread_cache_deref,trio/_core/_tests/test_thread_cache.py::test_thread_cache_deref,call,0.05,5.71
before,18,test_gc_after_trio_exits,trio/_tests/test_dtls.py::test_gc_after_trio_exits,call,0.05,5.71
before,18,test_broken_abort,trio/_core/_tests/test_run.py::test_broken_abort,call,0.05,5.71
before,18,test_guest_mode_internal_errors,trio/_core/_tests/test_guest_mode.py::test_guest_mode_internal_errors,call,0.04,5.71
before,18,test_guest_mode_asyncgens,trio/_core/_tests/test_guest_mode.py::test_guest_mode_asyncgens,call,0.04,5.71
before,18,test_error_in_run_loop,trio/_core/_tests/test_run.py::test_error_in_run_loop,call,0.04,5.71
before,18,test_guest_warns_if_abandoned,trio/_core/_tests/test_guest_mode.py::test_guest_warns_if_abandoned,call,0.04,5.71
before,18,test_delegation_to_existing_hooks,trio/_core/_tests/test_asyncgen.py::test_delegation_to_existing_hooks,call,0.04,5.71
before,18,test_last_minute_gc_edge_case,trio/_core/_tests/test_asyncgen.py::test_last_minute_gc_edge_case,call,0.04,5.71
before,18,test_run_in_worker_thread_abandoned,trio/_tests/test_threads.py::test_run_in_worker_thread_abandoned,call,0.02,5.71
before,18,test_MultiError_catch_doesnt_create_cyclic_garbage,trio/_core/_tests/test_multierror.py::test_MultiError_catch_doesnt_create_cyclic_garbage,call,0.02,5.71
before,18,test_warn_deprecated,trio/_tests/test_deprecate.py::test_warn_deprecated,call,0.02,5.71
before,18,test_run_in_trio_thread_ki,trio/_tests/test_threads.py::test_run_in_trio_thread_ki,call,0.01,5.71
before,18,test_the_trio_scheduler_is_deterministic_if_seeded,trio/_tests/test_scheduler_determinism.py::test_the_trio_scheduler_is_deterministic_if_seeded,call,0.01,5.71
before,18,test_the_trio_scheduler_is_not_deterministic,trio/_tests/test_scheduler_determinism.py::test_the_trio_scheduler_is_not_deterministic,call,0.01,5.71
before,18,test_mock_clock_autojump_preset,trio/_core/_tests/test_mock_clock.py::test_mock_clock_autojump_preset,call,0.01,5.71
before,18,test_ki_protection_works,trio/_core/_tests/test_ki.py::test_ki_protection_works,call,0.01,5.71
before,19,test_spawning_new_thread_from_deliver_reuses_starting_thread,trio/_core/_tests/test_thread_cache.py::test_spawning_new_thread_from_deliver_reuses_starting_thread,call,1.0,5.71
before,19,test_idle_threads_exit,trio/_core/_tests/test_thread_cache.py::test_idle_threads_exit,call,1.0,5.71
before,19,test_waitid_eintr,trio/_tests/test_subprocess.py::test_waitid_eintr,call,1.0,5.71
before,19,test_apport_excepthook_monkeypatch_interaction,trio/_core/_tests/test_multierror.py::test_apport_excepthook_monkeypatch_interaction,call,0.11,5.71
before,19,test_TrioToken_run_sync_soon_threaded_stress_test,trio/_core/_tests/test_run.py::test_TrioToken_run_sync_soon_threaded_stress_test,call,0.1,5.71
before,19,test_asyncgen_basics,trio/_core/_tests/test_asyncgen.py::test_asyncgen_basics,call,0.07,5.71
before,19,test_coroutine_or_error,trio/_tests/test_util.py::test_coroutine_or_error,call,0.06,5.71
before,19,test_gc_after_trio_exits,trio/_tests/test_dtls.py::test_gc_after_trio_exits,call,0.05,5.71
before,19,test_broken_abort,trio/_core/_tests/test_run.py::test_broken_abort,call,0.05,5.71
before,19,test_thread_cache_deref,trio/_core/_tests/test_thread_cache.py::test_thread_cache_deref,call,0.05,5.71
before,19,test_error_in_run_loop,trio/_core/_tests/test_run.py::test_error_in_run_loop,call,0.04,5.71
before,19,test_guest_mode_internal_errors,trio/_core/_tests/test_guest_mode.py::test_guest_mode_internal_errors,call,0.04,5.71
before,19,test_guest_mode_asyncgens,trio/_core/_tests/test_guest_mode.py::test_guest_mode_asyncgens,call,0.04,5.71
before,19,test_guest_warns_if_abandoned,trio/_core/_tests/test_guest_mode.py::test_guest_warns_if_abandoned,call,0.04,5.71
before,19,test_last_minute_gc_edge_case,trio/_core/_tests/test_asyncgen.py::test_last_minute_gc_edge_case,call,0.04,5.71
before,19,test_delegation_to_existing_hooks,trio/_core/_tests/test_asyncgen.py::test_delegation_to_existing_hooks,call,0.04,5.71
before,19,test_MultiError_catch_doesnt_create_cyclic_garbage,trio/_core/_tests/test_multierror.py::test_MultiError_catch_doesnt_create_cyclic_garbage,call,0.02,5.71
before,19,test_warn_deprecated,trio/_tests/test_deprecate.py::test_warn_deprecated,call,0.02,5.71
before,19,test_run_in_trio_thread_ki,trio/_tests/test_threads.py::test_run_in_trio_thread_ki,call,0.01,5.71
before,19,test_the_trio_scheduler_is_deterministic_if_seeded,trio/_tests/test_scheduler_determinism.py::test_the_trio_scheduler_is_deterministic_if_seeded,call,0.01,5.71
before,19,test_the_trio_scheduler_is_not_deterministic,trio/_tests/test_scheduler_determinism.py::test_the_trio_scheduler_is_not_deterministic,call,0.01,5.71
before,19,test_run_in_worker_thread_abandoned,trio/_tests/test_threads.py::test_run_in_worker_thread_abandoned,call,0.01,5.71
before,19,test_mock_clock_autojump_preset,trio/_core/_tests/test_mock_clock.py::test_mock_clock_autojump_preset,call,0.01,5.71
before,19,test_ki_protection_works,trio/_core/_tests/test_ki.py::test_ki_protection_works,call,0.01,5.71
before,20,test_spawning_new_thread_from_deliver_reuses_starting_thread,trio/_core/_tests/test_thread_cache.py::test_spawning_new_thread_from_deliver_reuses_starting_thread,call,1.0,5.67
before,20,test_idle_threads_exit,trio/_core/_tests/test_thread_cache.py::test_idle_threads_exit,call,1.0,5.67
before,20,test_waitid_eintr,trio/_tests/test_subprocess.py::test_waitid_eintr,call,1.0,5.67
before,20,test_apport_excepthook_monkeypatch_interaction,trio/_core/_tests/test_multierror.py::test_apport_excepthook_monkeypatch_interaction,call,0.11,5.67
before,20,test_TrioToken_run_sync_soon_threaded_stress_test,trio/_core/_tests/test_run.py::test_TrioToken_run_sync_soon_threaded_stress_test,call,0.1,5.67
before,20,test_asyncgen_basics,trio/_core/_tests/test_asyncgen.py::test_asyncgen_basics,call,0.08,5.67
before,20,test_coroutine_or_error,trio/_tests/test_util.py::test_coroutine_or_error,call,0.06,5.67
before,20,test_broken_abort,trio/_core/_tests/test_run.py::test_broken_abort,call,0.05,5.67
before,20,test_gc_after_trio_exits,trio/_tests/test_dtls.py::test_gc_after_trio_exits,call,0.05,5.67
before,20,test_thread_cache_deref,trio/_core/_tests/test_thread_cache.py::test_thread_cache_deref,call,0.04,5.67
before,20,test_guest_mode_internal_errors,trio/_core/_tests/test_guest_mode.py::test_guest_mode_internal_errors,call,0.04,5.67
before,20,test_error_in_run_loop,trio/_core/_tests/test_run.py::test_error_in_run_loop,call,0.04,5.67
before,20,test_guest_warns_if_abandoned,trio/_core/_tests/test_guest_mode.py::test_guest_warns_if_abandoned,call,0.04,5.67
before,20,test_guest_mode_asyncgens,trio/_core/_tests/test_guest_mode.py::test_guest_mode_asyncgens,call,0.04,5.67
before,20,test_delegation_to_existing_hooks,trio/_core/_tests/test_asyncgen.py::test_delegation_to_existing_hooks,call,0.04,5.67
before,20,test_last_minute_gc_edge_case,trio/_core/_tests/test_asyncgen.py::test_last_minute_gc_edge_case,call,0.04,5.67
before,20,test_MultiError_catch_doesnt_create_cyclic_garbage,trio/_core/_tests/test_multierror.py::test_MultiError_catch_doesnt_create_cyclic_garbage,call,0.02,5.67
before,20,test_warn_deprecated,trio/_tests/test_deprecate.py::test_warn_deprecated,call,0.02,5.67
before,20,test_run_in_trio_thread_ki,trio/_tests/test_threads.py::test_run_in_trio_thread_ki,call,0.01,5.67
before,20,test_the_trio_scheduler_is_deterministic_if_seeded,trio/_tests/test_scheduler_determinism.py::test_the_trio_scheduler_is_deterministic_if_seeded,call,0.01,5.67
before,20,test_mock_clock_autojump_preset,trio/_core/_tests/test_mock_clock.py::test_mock_clock_autojump_preset,call,0.01,5.67
before,20,test_run_in_worker_thread_abandoned,trio/_tests/test_threads.py::test_run_in_worker_thread_abandoned,call,0.01,5.67
before,20,test_the_trio_scheduler_is_not_deterministic,trio/_tests/test_scheduler_determinism.py::test_the_trio_scheduler_is_not_deterministic,call,0.01,5.67
before,20,test_ki_protection_works,trio/_core/_tests/test_ki.py::test_ki_protection_works,call,0.01,5.67
before,21,test_spawning_new_thread_from_deliver_reuses_starting_thread,trio/_core/_tests/test_thread_cache.py::test_spawning_new_thread_from_deliver_reuses_starting_thread,call,1.0,5.67
before,21,test_idle_threads_exit,trio/_core/_tests/test_thread_cache.py::test_idle_threads_exit,call,1.0,5.67
before,21,test_waitid_eintr,trio/_tests/test_subprocess.py::test_waitid_eintr,call,1.0,5.67
before,21,test_apport_excepthook_monkeypatch_interaction,trio/_core/_tests/test_multierror.py::test_apport_excepthook_monkeypatch_interaction,call,0.11,5.67
before,21,test_TrioToken_run_sync_soon_threaded_stress_test,trio/_core/_tests/test_run.py::test_TrioToken_run_sync_soon_threaded_stress_test,call,0.1,5.67
before,21,test_asyncgen_basics,trio/_core/_tests/test_asyncgen.py::test_asyncgen_basics,call,0.07,5.67
before,21,test_coroutine_or_error,trio/_tests/test_util.py::test_coroutine_or_error,call,0.06,5.67
before,21,test_error_in_run_loop,trio/_core/_tests/test_run.py::test_error_in_run_loop,call,0.06,5.67
before,21,test_gc_after_trio_exits,trio/_tests/test_dtls.py::test_gc_after_trio_exits,call,0.05,5.67
before,21,test_broken_abort,trio/_core/_tests/test_run.py::test_broken_abort,call,0.05,5.67
before,21,test_thread_cache_deref,trio/_core/_tests/test_thread_cache.py::test_thread_cache_deref,call,0.04,5.67
before,21,test_guest_mode_internal_errors,trio/_core/_tests/test_guest_mode.py::test_guest_mode_internal_errors,call,0.04,5.67
before,21,test_guest_mode_asyncgens,trio/_core/_tests/test_guest_mode.py::test_guest_mode_asyncgens,call,0.04,5.67
before,21,test_last_minute_gc_edge_case,trio/_core/_tests/test_asyncgen.py::test_last_minute_gc_edge_case,call,0.04,5.67
before,21,test_guest_warns_if_abandoned,trio/_core/_tests/test_guest_mode.py::test_guest_warns_if_abandoned,call,0.04,5.67
before,21,test_delegation_to_existing_hooks,trio/_core/_tests/test_asyncgen.py::test_delegation_to_existing_hooks,call,0.04,5.67
before,21,test_MultiError_catch_doesnt_create_cyclic_garbage,trio/_core/_tests/test_multierror.py::test_MultiError_catch_doesnt_create_cyclic_garbage,call,0.02,5.67
before,21,test_warn_deprecated,trio/_tests/test_deprecate.py::test_warn_deprecated,call,0.02,5.67
before,21,test_run_in_trio_thread_ki,trio/_tests/test_threads.py::test_run_in_trio_thread_ki,call,0.01,5.67
before,21,test_the_trio_scheduler_is_deterministic_if_seeded,trio/_tests/test_scheduler_determinism.py::test_the_trio_scheduler_is_deterministic_if_seeded,call,0.01,5.67
before,21,test_run_in_worker_thread_abandoned,trio/_tests/test_threads.py::test_run_in_worker_thread_abandoned,call,0.01,5.67
before,21,test_the_trio_scheduler_is_not_deterministic,trio/_tests/test_scheduler_determinism.py::test_the_trio_scheduler_is_not_deterministic,call,0.01,5.67
before,21,test_mock_clock_autojump_preset,trio/_core/_tests/test_mock_clock.py::test_mock_clock_autojump_preset,call,0.01,5.67
before,21,test_ki_protection_works,trio/_core/_tests/test_ki.py::test_ki_protection_works,call,0.01,5.67
before,22,test_spawning_new_thread_from_deliver_reuses_starting_thread,trio/_core/_tests/test_thread_cache.py::test_spawning_new_thread_from_deliver_reuses_starting_thread,call,1.0,5.66
before,22,test_waitid_eintr,trio/_tests/test_subprocess.py::test_waitid_eintr,call,1.0,5.66
before,22,test_idle_threads_exit,trio/_core/_tests/test_thread_cache.py::test_idle_threads_exit,call,1.0,5.66
before,22,test_apport_excepthook_monkeypatch_interaction,trio/_core/_tests/test_multierror.py::test_apport_excepthook_monkeypatch_interaction,call,0.11,5.66
before,22,test_TrioToken_run_sync_soon_threaded_stress_test,trio/_core/_tests/test_run.py::test_TrioToken_run_sync_soon_threaded_stress_test,call,0.1,5.66
before,22,test_asyncgen_basics,trio/_core/_tests/test_asyncgen.py::test_asyncgen_basics,call,0.07,5.66
before,22,test_coroutine_or_error,trio/_tests/test_util.py::test_coroutine_or_error,call,0.06,5.66
before,22,test_gc_after_trio_exits,trio/_tests/test_dtls.py::test_gc_after_trio_exits,call,0.05,5.66
before,22,test_broken_abort,trio/_core/_tests/test_run.py::test_broken_abort,call,0.05,5.66
before,22,test_guest_mode_internal_errors,trio/_core/_tests/test_guest_mode.py::test_guest_mode_internal_errors,call,0.04,5.66
before,22,test_thread_cache_deref,trio/_core/_tests/test_thread_cache.py::test_thread_cache_deref,call,0.04,5.66
before,22,test_error_in_run_loop,trio/_core/_tests/test_run.py::test_error_in_run_loop,call,0.04,5.66
before,22,test_guest_mode_asyncgens,trio/_core/_tests/test_guest_mode.py::test_guest_mode_asyncgens,call,0.04,5.66
before,22,test_guest_warns_if_abandoned,trio/_core/_tests/test_guest_mode.py::test_guest_warns_if_abandoned,call,0.04,5.66
before,22,test_delegation_to_existing_hooks,trio/_core/_tests/test_asyncgen.py::test_delegation_to_existing_hooks,call,0.04,5.66
before,22,test_last_minute_gc_edge_case,trio/_core/_tests/test_asyncgen.py::test_last_minute_gc_edge_case,call,0.04,5.66
before,22,test_MultiError_catch_doesnt_create_cyclic_garbage,trio/_core/_tests/test_multierror.py::test_MultiError_catch_doesnt_create_cyclic_garbage,call,0.02,5.66
before,22,test_warn_deprecated,trio/_tests/test_deprecate.py::test_warn_deprecated,call,0.02,5.66
before,22,test_mock_clock_autojump_preset,trio/_core/_tests/test_mock_clock.py::test_mock_clock_autojump_preset,call,0.01,5.66
before,22,test_run_in_trio_thread_ki,trio/_tests/test_threads.py::test_run_in_trio_thread_ki,call,0.01,5.66
before,22,test_the_trio_scheduler_is_deterministic_if_seeded,trio/_tests/test_scheduler_determinism.py::test_the_trio_scheduler_is_deterministic_if_seeded,call,0.01,5.66
before,22,test_the_trio_scheduler_is_not_deterministic,trio/_tests/test_scheduler_determinism.py::test_the_trio_scheduler_is_not_deterministic,call,0.01,5.66
before,22,test_run_in_worker_thread_abandoned,trio/_tests/test_threads.py::test_run_in_worker_thread_abandoned,call,0.01,5.66
before,22,test_ki_protection_works,trio/_core/_tests/test_ki.py::test_ki_protection_works,call,0.01,5.66
before,23,test_waitid_eintr,trio/_tests/test_subprocess.py::test_waitid_eintr,call,1.0,5.68
before,23,test_idle_threads_exit,trio/_core/_tests/test_thread_cache.py::test_idle_threads_exit,call,1.0,5.68
before,23,test_spawning_new_thread_from_deliver_reuses_starting_thread,trio/_core/_tests/test_thread_cache.py::test_spawning_new_thread_from_deliver_reuses_starting_thread,call,1.0,5.68
before,23,test_apport_excepthook_monkeypatch_interaction,trio/_core/_tests/test_multierror.py::test_apport_excepthook_monkeypatch_interaction,call,0.11,5.68
before,23,test_TrioToken_run_sync_soon_threaded_stress_test,trio/_core/_tests/test_run.py::test_TrioToken_run_sync_soon_threaded_stress_test,call,0.1,5.68
before,23,test_asyncgen_basics,trio/_core/_tests/test_asyncgen.py::test_asyncgen_basics,call,0.08,5.68
before,23,test_coroutine_or_error,trio/_tests/test_util.py::test_coroutine_or_error,call,0.06,5.68
before,23,test_thread_cache_deref,trio/_core/_tests/test_thread_cache.py::test_thread_cache_deref,call,0.05,5.68
before,23,test_gc_after_trio_exits,trio/_tests/test_dtls.py::test_gc_after_trio_exits,call,0.05,5.68
before,23,test_broken_abort,trio/_core/_tests/test_run.py::test_broken_abort,call,0.05,5.68
before,23,test_guest_mode_internal_errors,trio/_core/_tests/test_guest_mode.py::test_guest_mode_internal_errors,call,0.04,5.68
before,23,test_guest_warns_if_abandoned,trio/_core/_tests/test_guest_mode.py::test_guest_warns_if_abandoned,call,0.04,5.68
before,23,test_delegation_to_existing_hooks,trio/_core/_tests/test_asyncgen.py::test_delegation_to_existing_hooks,call,0.04,5.68
before,23,test_guest_mode_asyncgens,trio/_core/_tests/test_guest_mode.py::test_guest_mode_asyncgens,call,0.04,5.68
before,23,test_last_minute_gc_edge_case,trio/_core/_tests/test_asyncgen.py::test_last_minute_gc_edge_case,call,0.04,5.68
before,23,test_error_in_run_loop,trio/_core/_tests/test_run.py::test_error_in_run_loop,call,0.04,5.68
before,23,test_MultiError_catch_doesnt_create_cyclic_garbage,trio/_core/_tests/test_multierror.py::test_MultiError_catch_doesnt_create_cyclic_garbage,call,0.02,5.68
before,23,test_warn_deprecated,trio/_tests/test_deprecate.py::test_warn_deprecated,call,0.02,5.68
before,23,test_run_in_trio_thread_ki,trio/_tests/test_threads.py::test_run_in_trio_thread_ki,call,0.01,5.68
before,23,test_the_trio_scheduler_is_deterministic_if_seeded,trio/_tests/test_scheduler_determinism.py::test_the_trio_scheduler_is_deterministic_if_seeded,call,0.01,5.68
before,23,test_mock_clock_autojump_preset,trio/_core/_tests/test_mock_clock.py::test_mock_clock_autojump_preset,call,0.01,5.68
before,23,test_the_trio_scheduler_is_not_deterministic,trio/_tests/test_scheduler_determinism.py::test_the_trio_scheduler_is_not_deterministic,call,0.01,5.68
before,23,test_run_in_worker_thread_abandoned,trio/_tests/test_threads.py::test_run_in_worker_thread_abandoned,call,0.01,5.68
before,23,test_ki_protection_works,trio/_core/_tests/test_ki.py::test_ki_protection_works,call,0.01,5.68
before,24,test_spawning_new_thread_from_deliver_reuses_starting_thread,trio/_core/_tests/test_thread_cache.py::test_spawning_new_thread_from_deliver_reuses_starting_thread,call,1.0,5.65
before,24,test_idle_threads_exit,trio/_core/_tests/test_thread_cache.py::test_idle_threads_exit,call,1.0,5.65
before,24,test_waitid_eintr,trio/_tests/test_subprocess.py::test_waitid_eintr,call,1.0,5.65
before,24,test_apport_excepthook_monkeypatch_interaction,trio/_core/_tests/test_multierror.py::test_apport_excepthook_monkeypatch_interaction,call,0.11,5.65
before,24,test_TrioToken_run_sync_soon_threaded_stress_test,trio/_core/_tests/test_run.py::test_TrioToken_run_sync_soon_threaded_stress_test,call,0.1,5.65
before,24,test_asyncgen_basics,trio/_core/_tests/test_asyncgen.py::test_asyncgen_basics,call,0.07,5.65
before,24,test_coroutine_or_error,trio/_tests/test_util.py::test_coroutine_or_error,call,0.06,5.65
before,24,test_gc_after_trio_exits,trio/_tests/test_dtls.py::test_gc_after_trio_exits,call,0.05,5.65
before,24,test_broken_abort,trio/_core/_tests/test_run.py::test_broken_abort,call,0.04,5.65
before,24,test_guest_mode_internal_errors,trio/_core/_tests/test_guest_mode.py::test_guest_mode_internal_errors,call,0.04,5.65
before,24,test_thread_cache_deref,trio/_core/_tests/test_thread_cache.py::test_thread_cache_deref,call,0.04,5.65
before,24,test_delegation_to_existing_hooks,trio/_core/_tests/test_asyncgen.py::test_delegation_to_existing_hooks,call,0.04,5.65
before,24,test_guest_warns_if_abandoned,trio/_core/_tests/test_guest_mode.py::test_guest_warns_if_abandoned,call,0.04,5.65
before,24,test_guest_mode_asyncgens,trio/_core/_tests/test_guest_mode.py::test_guest_mode_asyncgens,call,0.04,5.65
before,24,test_last_minute_gc_edge_case,trio/_core/_tests/test_asyncgen.py::test_last_minute_gc_edge_case,call,0.04,5.65
before,24,test_error_in_run_loop,trio/_core/_tests/test_run.py::test_error_in_run_loop,call,0.04,5.65
before,24,test_run_in_worker_thread_abandoned,trio/_tests/test_threads.py::test_run_in_worker_thread_abandoned,call,0.02,5.65
before,24,test_MultiError_catch_doesnt_create_cyclic_garbage,trio/_core/_tests/test_multierror.py::test_MultiError_catch_doesnt_create_cyclic_garbage,call,0.02,5.65
before,24,test_warn_deprecated,trio/_tests/test_deprecate.py::test_warn_deprecated,call,0.02,5.65
before,24,test_run_in_trio_thread_ki,trio/_tests/test_threads.py::test_run_in_trio_thread_ki,call,0.01,5.65
before,24,test_the_trio_scheduler_is_deterministic_if_seeded,trio/_tests/test_scheduler_determinism.py::test_the_trio_scheduler_is_deterministic_if_seeded,call,0.01,5.65
before,24,test_the_trio_scheduler_is_not_deterministic,trio/_tests/test_scheduler_determinism.py::test_the_trio_scheduler_is_not_deterministic,call,0.01,5.65
before,24,test_mock_clock_autojump_preset,trio/_core/_tests/test_mock_clock.py::test_mock_clock_autojump_preset,call,0.01,5.65
before,24,test_ki_protection_works,trio/_core/_tests/test_ki.py::test_ki_protection_works,call,0.01,5.65
before,25,test_spawning_new_thread_from_deliver_reuses_starting_thread,trio/_core/_tests/test_thread_cache.py::test_spawning_new_thread_from_deliver_reuses_starting_thread,call,1.0,5.63
before,25,test_idle_threads_exit,trio/_core/_tests/test_thread_cache.py::test_idle_threads_exit,call,1.0,5.63
before,25,test_waitid_eintr,trio/_tests/test_subprocess.py::test_waitid_eintr,call,1.0,5.63
before,25,test_apport_excepthook_monkeypatch_interaction,trio/_core/_tests/test_multierror.py::test_apport_excepthook_monkeypatch_interaction,call,0.11,5.63
before,25,test_TrioToken_run_sync_soon_threaded_stress_test,trio/_core/_tests/test_run.py::test_TrioToken_run_sync_soon_threaded_stress_test,call,0.1,5.63
before,25,test_asyncgen_basics,trio/_core/_tests/test_asyncgen.py::test_asyncgen_basics,call,0.07,5.63
before,25,test_coroutine_or_error,trio/_tests/test_util.py::test_coroutine_or_error,call,0.06,5.63
before,25,test_gc_after_trio_exits,trio/_tests/test_dtls.py::test_gc_after_trio_exits,call,0.04,5.63
before,25,test_broken_abort,trio/_core/_tests/test_run.py::test_broken_abort,call,0.04,5.63
before,25,test_thread_cache_deref,trio/_core/_tests/test_thread_cache.py::test_thread_cache_deref,call,0.04,5.63
before,25,test_guest_warns_if_abandoned,trio/_core/_tests/test_guest_mode.py::test_guest_warns_if_abandoned,call,0.04,5.63
before,25,test_guest_mode_internal_errors,trio/_core/_tests/test_guest_mode.py::test_guest_mode_internal_errors,call,0.04,5.63
before,25,test_last_minute_gc_edge_case,trio/_core/_tests/test_asyncgen.py::test_last_minute_gc_edge_case,call,0.04,5.63
before,25,test_delegation_to_existing_hooks,trio/_core/_tests/test_asyncgen.py::test_delegation_to_existing_hooks,call,0.04,5.63
before,25,test_guest_mode_asyncgens,trio/_core/_tests/test_guest_mode.py::test_guest_mode_asyncgens,call,0.04,5.63
before,25,test_error_in_run_loop,trio/_core/_tests/test_run.py::test_error_in_run_loop,call,0.04,5.63
before,25,test_MultiError_catch_doesnt_create_cyclic_garbage,trio/_core/_tests/test_multierror.py::test_MultiError_catch_doesnt_create_cyclic_garbage,call,0.02,5.63
before,25,test_warn_deprecated,trio/_tests/test_deprecate.py::test_warn_deprecated,call,0.02,5.63
before,25,test_the_trio_scheduler_is_deterministic_if_seeded,trio/_tests/test_scheduler_determinism.py::test_the_trio_scheduler_is_deterministic_if_seeded,call,0.01,5.63
before,25,test_mock_clock_autojump_preset,trio/_core/_tests/test_mock_clock.py::test_mock_clock_autojump_preset,call,0.01,5.63
before,25,test_run_in_trio_thread_ki,trio/_tests/test_threads.py::test_run_in_trio_thread_ki,call,0.01,5.63
before,25,test_the_trio_scheduler_is_not_deterministic,trio/_tests/test_scheduler_determinism.py::test_the_trio_scheduler_is_not_deterministic,call,0.01,5.63
before,25,test_run_in_worker_thread_abandoned,trio/_tests/test_threads.py::test_run_in_worker_thread_abandoned,call,0.01,5.63
before,25,test_ki_protection_works,trio/_core/_tests/test_ki.py::test_ki_protection_works,call,0.01,5.63
before,26,test_spawning_new_thread_from_deliver_reuses_starting_thread,trio/_core/_tests/test_thread_cache.py::test_spawning_new_thread_from_deliver_reuses_starting_thread,call,1.0,5.67
before,26,test_idle_threads_exit,trio/_core/_tests/test_thread_cache.py::test_idle_threads_exit,call,1.0,5.67
before,26,test_waitid_eintr,trio/_tests/test_subprocess.py::test_waitid_eintr,call,1.0,5.67
before,26,test_apport_excepthook_monkeypatch_interaction,trio/_core/_tests/test_multierror.py::test_apport_excepthook_monkeypatch_interaction,call,0.11,5.67
before,26,test_TrioToken_run_sync_soon_threaded_stress_test,trio/_core/_tests/test_run.py::test_TrioToken_run_sync_soon_threaded_stress_test,call,0.1,5.67
before,26,test_asyncgen_basics,trio/_core/_tests/test_asyncgen.py::test_asyncgen_basics,call,0.07,5.67
before,26,test_coroutine_or_error,trio/_tests/test_util.py::test_coroutine_or_error,call,0.06,5.67
before,26,test_gc_after_trio_exits,trio/_tests/test_dtls.py::test_gc_after_trio_exits,call,0.04,5.67
before,26,test_broken_abort,trio/_core/_tests/test_run.py::test_broken_abort,call,0.04,5.67
before,26,test_guest_mode_internal_errors,trio/_core/_tests/test_guest_mode.py::test_guest_mode_internal_errors,call,0.04,5.67
before,26,test_thread_cache_deref,trio/_core/_tests/test_thread_cache.py::test_thread_cache_deref,call,0.04,5.67
before,26,test_guest_warns_if_abandoned,trio/_core/_tests/test_guest_mode.py::test_guest_warns_if_abandoned,call,0.04,5.67
before,26,test_last_minute_gc_edge_case,trio/_core/_tests/test_asyncgen.py::test_last_minute_gc_edge_case,call,0.04,5.67
before,26,test_delegation_to_existing_hooks,trio/_core/_tests/test_asyncgen.py::test_delegation_to_existing_hooks,call,0.04,5.67
before,26,test_error_in_run_loop,trio/_core/_tests/test_run.py::test_error_in_run_loop,call,0.04,5.67
before,26,test_guest_mode_asyncgens,trio/_core/_tests/test_guest_mode.py::test_guest_mode_asyncgens,call,0.04,5.67
before,26,test_MultiError_catch_doesnt_create_cyclic_garbage,trio/_core/_tests/test_multierror.py::test_MultiError_catch_doesnt_create_cyclic_garbage,call,0.02,5.67
before,26,test_warn_deprecated,trio/_tests/test_deprecate.py::test_warn_deprecated,call,0.02,5.67
before,26,test_the_trio_scheduler_is_deterministic_if_seeded,trio/_tests/test_scheduler_determinism.py::test_the_trio_scheduler_is_deterministic_if_seeded,call,0.01,5.67
before,26,test_run_in_trio_thread_ki,trio/_tests/test_threads.py::test_run_in_trio_thread_ki,call,0.01,5.67
before,26,test_the_trio_scheduler_is_not_deterministic,trio/_tests/test_scheduler_determinism.py::test_the_trio_scheduler_is_not_deterministic,call,0.01,5.67
before,26,test_run_in_worker_thread_abandoned,trio/_tests/test_threads.py::test_run_in_worker_thread_abandoned,call,0.01,5.67
before,26,test_mock_clock_autojump_preset,trio/_core/_tests/test_mock_clock.py::test_mock_clock_autojump_preset,call,0.01,5.67
before,26,test_ki_protection_works,trio/_core/_tests/test_ki.py::test_ki_protection_works,call,0.01,5.67
before,27,test_spawning_new_thread_from_deliver_reuses_starting_thread,trio/_core/_tests/test_thread_cache.py::test_spawning_new_thread_from_deliver_reuses_starting_thread,call,1.0,5.67
before,27,test_waitid_eintr,trio/_tests/test_subprocess.py::test_waitid_eintr,call,1.0,5.67
before,27,test_idle_threads_exit,trio/_core/_tests/test_thread_cache.py::test_idle_threads_exit,call,1.0,5.67
before,27,test_apport_excepthook_monkeypatch_interaction,trio/_core/_tests/test_multierror.py::test_apport_excepthook_monkeypatch_interaction,call,0.11,5.67
before,27,test_TrioToken_run_sync_soon_threaded_stress_test,trio/_core/_tests/test_run.py::test_TrioToken_run_sync_soon_threaded_stress_test,call,0.1,5.67
before,27,test_asyncgen_basics,trio/_core/_tests/test_asyncgen.py::test_asyncgen_basics,call,0.07,5.67
before,27,test_coroutine_or_error,trio/_tests/test_util.py::test_coroutine_or_error,call,0.06,5.67
before,27,test_broken_abort,trio/_core/_tests/test_run.py::test_broken_abort,call,0.05,5.67
before,27,test_thread_cache_deref,trio/_core/_tests/test_thread_cache.py::test_thread_cache_deref,call,0.04,5.67
before,27,test_gc_after_trio_exits,trio/_tests/test_dtls.py::test_gc_after_trio_exits,call,0.04,5.67
before,27,test_guest_mode_internal_errors,trio/_core/_tests/test_guest_mode.py::test_guest_mode_internal_errors,call,0.04,5.67
before,27,test_guest_mode_asyncgens,trio/_core/_tests/test_guest_mode.py::test_guest_mode_asyncgens,call,0.04,5.67
before,27,test_error_in_run_loop,trio/_core/_tests/test_run.py::test_error_in_run_loop,call,0.04,5.67
before,27,test_guest_warns_if_abandoned,trio/_core/_tests/test_guest_mode.py::test_guest_warns_if_abandoned,call,0.04,5.67
before,27,test_last_minute_gc_edge_case,trio/_core/_tests/test_asyncgen.py::test_last_minute_gc_edge_case,call,0.04,5.67
before,27,test_delegation_to_existing_hooks,trio/_core/_tests/test_asyncgen.py::test_delegation_to_existing_hooks,call,0.04,5.67
before,27,test_run_in_worker_thread_abandoned,trio/_tests/test_threads.py::test_run_in_worker_thread_abandoned,call,0.02,5.67
before,27,test_MultiError_catch_doesnt_create_cyclic_garbage,trio/_core/_tests/test_multierror.py::test_MultiError_catch_doesnt_create_cyclic_garbage,call,0.02,5.67
before,27,test_warn_deprecated,trio/_tests/test_deprecate.py::test_warn_deprecated,call,0.02,5.67
before,27,test_the_trio_scheduler_is_deterministic_if_seeded,trio/_tests/test_scheduler_determinism.py::test_the_trio_scheduler_is_deterministic_if_seeded,call,0.01,5.67
before,27,test_run_in_trio_thread_ki,trio/_tests/test_threads.py::test_run_in_trio_thread_ki,call,0.01,5.67
before,27,test_the_trio_scheduler_is_not_deterministic,trio/_tests/test_scheduler_determinism.py::test_the_trio_scheduler_is_not_deterministic,call,0.01,5.67
before,27,test_mock_clock_autojump_preset,trio/_core/_tests/test_mock_clock.py::test_mock_clock_autojump_preset,call,0.01,5.67
before,27,test_ki_protection_works,trio/_core/_tests/test_ki.py::test_ki_protection_works,call,0.01,5.67
before,28,test_idle_threads_exit,trio/_core/_tests/test_thread_cache.py::test_idle_threads_exit,call,1.0,5.7
before,28,test_spawning_new_thread_from_deliver_reuses_starting_thread,trio/_core/_tests/test_thread_cache.py::test_spawning_new_thread_from_deliver_reuses_starting_thread,call,1.0,5.7
before,28,test_waitid_eintr,trio/_tests/test_subprocess.py::test_waitid_eintr,call,1.0,5.7
before,28,test_apport_excepthook_monkeypatch_interaction,trio/_core/_tests/test_multierror.py::test_apport_excepthook_monkeypatch_interaction,call,0.11,5.7
before,28,test_TrioToken_run_sync_soon_threaded_stress_test,trio/_core/_tests/test_run.py::test_TrioToken_run_sync_soon_threaded_stress_test,call,0.1,5.7
before,28,test_asyncgen_basics,trio/_core/_tests/test_asyncgen.py::test_asyncgen_basics,call,0.08,5.7
before,28,test_coroutine_or_error,trio/_tests/test_util.py::test_coroutine_or_error,call,0.06,5.7
before,28,test_gc_after_trio_exits,trio/_tests/test_dtls.py::test_gc_after_trio_exits,call,0.05,5.7
before,28,test_broken_abort,trio/_core/_tests/test_run.py::test_broken_abort,call,0.05,5.7
before,28,test_thread_cache_deref,trio/_core/_tests/test_thread_cache.py::test_thread_cache_deref,call,0.05,5.7
before,28,test_guest_mode_internal_errors,trio/_core/_tests/test_guest_mode.py::test_guest_mode_internal_errors,call,0.04,5.7
before,28,test_last_minute_gc_edge_case,trio/_core/_tests/test_asyncgen.py::test_last_minute_gc_edge_case,call,0.04,5.7
before,28,test_guest_warns_if_abandoned,trio/_core/_tests/test_guest_mode.py::test_guest_warns_if_abandoned,call,0.04,5.7
before,28,test_guest_mode_asyncgens,trio/_core/_tests/test_guest_mode.py::test_guest_mode_asyncgens,call,0.04,5.7
before,28,test_delegation_to_existing_hooks,trio/_core/_tests/test_asyncgen.py::test_delegation_to_existing_hooks,call,0.04,5.7
before,28,test_error_in_run_loop,trio/_core/_tests/test_run.py::test_error_in_run_loop,call,0.04,5.7
before,28,test_MultiError_catch_doesnt_create_cyclic_garbage,trio/_core/_tests/test_multierror.py::test_MultiError_catch_doesnt_create_cyclic_garbage,call,0.02,5.7
before,28,test_run_in_worker_thread_abandoned,trio/_tests/test_threads.py::test_run_in_worker_thread_abandoned,call,0.02,5.7
before,28,test_warn_deprecated,trio/_tests/test_deprecate.py::test_warn_deprecated,call,0.02,5.7
before,28,test_the_trio_scheduler_is_deterministic_if_seeded,trio/_tests/test_scheduler_determinism.py::test_the_trio_scheduler_is_deterministic_if_seeded,call,0.01,5.7
before,28,test_run_in_trio_thread_ki,trio/_tests/test_threads.py::test_run_in_trio_thread_ki,call,0.01,5.7
before,28,test_the_trio_scheduler_is_not_deterministic,trio/_tests/test_scheduler_determinism.py::test_the_trio_scheduler_is_not_deterministic,call,0.01,5.7
before,28,test_mock_clock_autojump_preset,trio/_core/_tests/test_mock_clock.py::test_mock_clock_autojump_preset,call,0.01,5.7
before,28,test_ki_protection_works,trio/_core/_tests/test_ki.py::test_ki_protection_works,call,0.01,5.7
before,29,test_spawning_new_thread_from_deliver_reuses_starting_thread,trio/_core/_tests/test_thread_cache.py::test_spawning_new_thread_from_deliver_reuses_starting_thread,call,1.0,5.67
before,29,test_idle_threads_exit,trio/_core/_tests/test_thread_cache.py::test_idle_threads_exit,call,1.0,5.67
before,29,test_waitid_eintr,trio/_tests/test_subprocess.py::test_waitid_eintr,call,1.0,5.67
before,29,test_apport_excepthook_monkeypatch_interaction,trio/_core/_tests/test_multierror.py::test_apport_excepthook_monkeypatch_interaction,call,0.11,5.67
before,29,test_TrioToken_run_sync_soon_threaded_stress_test,trio/_core/_tests/test_run.py::test_TrioToken_run_sync_soon_threaded_stress_test,call,0.1,5.67
before,29,test_asyncgen_basics,trio/_core/_tests/test_asyncgen.py::test_asyncgen_basics,call,0.07,5.67
before,29,test_coroutine_or_error,trio/_tests/test_util.py::test_coroutine_or_error,call,0.06,5.67
before,29,test_gc_after_trio_exits,trio/_tests/test_dtls.py::test_gc_after_trio_exits,call,0.05,5.67
before,29,test_broken_abort,trio/_core/_tests/test_run.py::test_broken_abort,call,0.05,5.67
before,29,test_thread_cache_deref,trio/_core/_tests/test_thread_cache.py::test_thread_cache_deref,call,0.04,5.67
before,29,test_guest_mode_asyncgens,trio/_core/_tests/test_guest_mode.py::test_guest_mode_asyncgens,call,0.04,5.67
before,29,test_guest_mode_internal_errors,trio/_core/_tests/test_guest_mode.py::test_guest_mode_internal_errors,call,0.04,5.67
before,29,test_guest_warns_if_abandoned,trio/_core/_tests/test_guest_mode.py::test_guest_warns_if_abandoned,call,0.04,5.67
before,29,test_error_in_run_loop,trio/_core/_tests/test_run.py::test_error_in_run_loop,call,0.04,5.67
before,29,test_delegation_to_existing_hooks,trio/_core/_tests/test_asyncgen.py::test_delegation_to_existing_hooks,call,0.04,5.67
before,29,test_last_minute_gc_edge_case,trio/_core/_tests/test_asyncgen.py::test_last_minute_gc_edge_case,call,0.04,5.67
before,29,test_run_in_worker_thread_abandoned,trio/_tests/test_threads.py::test_run_in_worker_thread_abandoned,call,0.02,5.67
before,29,test_MultiError_catch_doesnt_create_cyclic_garbage,trio/_core/_tests/test_multierror.py::test_MultiError_catch_doesnt_create_cyclic_garbage,call,0.02,5.67
before,29,test_warn_deprecated,trio/_tests/test_deprecate.py::test_warn_deprecated,call,0.02,5.67
before,29,test_run_in_trio_thread_ki,trio/_tests/test_threads.py::test_run_in_trio_thread_ki,call,0.01,5.67
before,29,test_the_trio_scheduler_is_deterministic_if_seeded,trio/_tests/test_scheduler_determinism.py::test_the_trio_scheduler_is_deterministic_if_seeded,call,0.01,5.67
before,29,test_the_trio_scheduler_is_not_deterministic,trio/_tests/test_scheduler_determinism.py::test_the_trio_scheduler_is_not_deterministic,call,0.01,5.67
before,29,test_mock_clock_autojump_preset,trio/_core/_tests/test_mock_clock.py::test_mock_clock_autojump_preset,call,0.01,5.67
before,29,test_ki_protection_works,trio/_core/_tests/test_ki.py::test_ki_protection_works,call,0.01,5.67
before,30,test_spawning_new_thread_from_deliver_reuses_starting_thread,trio/_core/_tests/test_thread_cache.py::test_spawning_new_thread_from_deliver_reuses_starting_thread,call,1.0,5.75
before,30,test_idle_threads_exit,trio/_core/_tests/test_thread_cache.py::test_idle_threads_exit,call,1.0,5.75
before,30,test_waitid_eintr,trio/_tests/test_subprocess.py::test_waitid_eintr,call,1.0,5.75
before,30,test_apport_excepthook_monkeypatch_interaction,trio/_core/_tests/test_multierror.py::test_apport_excepthook_monkeypatch_interaction,call,0.11,5.75
before,30,test_TrioToken_run_sync_soon_threaded_stress_test,trio/_core/_tests/test_run.py::test_TrioToken_run_sync_soon_threaded_stress_test,call,0.1,5.75
before,30,test_coroutine_or_error,trio/_tests/test_util.py::test_coroutine_or_error,call,0.09,5.75
before,30,test_asyncgen_basics,trio/_core/_tests/test_asyncgen.py::test_asyncgen_basics,call,0.08,5.75
before,30,test_guest_mode_asyncgens,trio/_core/_tests/test_guest_mode.py::test_guest_mode_asyncgens,call,0.05,5.75
before,30,test_thread_cache_deref,trio/_core/_tests/test_thread_cache.py::test_thread_cache_deref,call,0.05,5.75
before,30,test_gc_after_trio_exits,trio/_tests/test_dtls.py::test_gc_after_trio_exits,call,0.05,5.75
before,30,test_broken_abort,trio/_core/_tests/test_run.py::test_broken_abort,call,0.05,5.75
before,30,test_guest_mode_internal_errors,trio/_core/_tests/test_guest_mode.py::test_guest_mode_internal_errors,call,0.04,5.75
before,30,test_error_in_run_loop,trio/_core/_tests/test_run.py::test_error_in_run_loop,call,0.04,5.75
before,30,test_guest_warns_if_abandoned,trio/_core/_tests/test_guest_mode.py::test_guest_warns_if_abandoned,call,0.04,5.75
before,30,test_delegation_to_existing_hooks,trio/_core/_tests/test_asyncgen.py::test_delegation_to_existing_hooks,call,0.04,5.75
before,30,test_last_minute_gc_edge_case,trio/_core/_tests/test_asyncgen.py::test_last_minute_gc_edge_case,call,0.04,5.75
before,30,test_run_in_worker_thread_abandoned,trio/_tests/test_threads.py::test_run_in_worker_thread_abandoned,call,0.02,5.75
before,30,test_MultiError_catch_doesnt_create_cyclic_garbage,trio/_core/_tests/test_multierror.py::test_MultiError_catch_doesnt_create_cyclic_garbage,call,0.02,5.75
before,30,test_warn_deprecated,trio/_tests/test_deprecate.py::test_warn_deprecated,call,0.02,5.75
before,30,test_run_in_trio_thread_ki,trio/_tests/test_threads.py::test_run_in_trio_thread_ki,call,0.01,5.75
before,30,test_the_trio_scheduler_is_deterministic_if_seeded,trio/_tests/test_scheduler_determinism.py::test_the_trio_scheduler_is_deterministic_if_seeded,call,0.01,5.75
before,30,test_the_trio_scheduler_is_not_deterministic,trio/_tests/test_scheduler_determinism.py::test_the_trio_scheduler_is_not_deterministic,call,0.01,5.75
before,30,test_mock_clock_autojump_preset,trio/_core/_tests/test_mock_clock.py::test_mock_clock_autojump_preset,call,0.01,5.75
before,30,test_ki_protection_works,trio/_core/_tests/test_ki.py::test_ki_protection_works,call,0.01,5.75
before,31,test_spawning_new_thread_from_deliver_reuses_starting_thread,trio/_core/_tests/test_thread_cache.py::test_spawning_new_thread_from_deliver_reuses_starting_thread,call,1.0,5.68
before,31,test_idle_threads_exit,trio/_core/_tests/test_thread_cache.py::test_idle_threads_exit,call,1.0,5.68
before,31,test_waitid_eintr,trio/_tests/test_subprocess.py::test_waitid_eintr,call,1.0,5.68
before,31,test_apport_excepthook_monkeypatch_interaction,trio/_core/_tests/test_multierror.py::test_apport_excepthook_monkeypatch_interaction,call,0.11,5.68
before,31,test_TrioToken_run_sync_soon_threaded_stress_test,trio/_core/_tests/test_run.py::test_TrioToken_run_sync_soon_threaded_stress_test,call,0.1,5.68
before,31,test_asyncgen_basics,trio/_core/_tests/test_asyncgen.py::test_asyncgen_basics,call,0.08,5.68
before,31,test_coroutine_or_error,trio/_tests/test_util.py::test_coroutine_or_error,call,0.06,5.68
before,31,test_thread_cache_deref,trio/_core/_tests/test_thread_cache.py::test_thread_cache_deref,call,0.05,5.68
before,31,test_gc_after_trio_exits,trio/_tests/test_dtls.py::test_gc_after_trio_exits,call,0.05,5.68
before,31,test_broken_abort,trio/_core/_tests/test_run.py::test_broken_abort,call,0.05,5.68
before,31,test_guest_mode_asyncgens,trio/_core/_tests/test_guest_mode.py::test_guest_mode_asyncgens,call,0.04,5.68
before,31,test_guest_mode_internal_errors,trio/_core/_tests/test_guest_mode.py::test_guest_mode_internal_errors,call,0.04,5.68
before,31,test_guest_warns_if_abandoned,trio/_core/_tests/test_guest_mode.py::test_guest_warns_if_abandoned,call,0.04,5.68
before,31,test_delegation_to_existing_hooks,trio/_core/_tests/test_asyncgen.py::test_delegation_to_existing_hooks,call,0.04,5.68
before,31,test_error_in_run_loop,trio/_core/_tests/test_run.py::test_error_in_run_loop,call,0.04,5.68
before,31,test_last_minute_gc_edge_case,trio/_core/_tests/test_asyncgen.py::test_last_minute_gc_edge_case,call,0.04,5.68
before,31,test_MultiError_catch_doesnt_create_cyclic_garbage,trio/_core/_tests/test_multierror.py::test_MultiError_catch_doesnt_create_cyclic_garbage,call,0.02,5.68
before,31,test_warn_deprecated,trio/_tests/test_deprecate.py::test_warn_deprecated,call,0.02,5.68
before,31,test_run_in_trio_thread_ki,trio/_tests/test_threads.py::test_run_in_trio_thread_ki,call,0.01,5.68
before,31,test_the_trio_scheduler_is_deterministic_if_seeded,trio/_tests/test_scheduler_determinism.py::test_the_trio_scheduler_is_deterministic_if_seeded,call,0.01,5.68
before,31,test_run_in_worker_thread_abandoned,trio/_tests/test_threads.py::test_run_in_worker_thread_abandoned,call,0.01,5.68
before,31,test_the_trio_scheduler_is_not_deterministic,trio/_tests/test_scheduler_determinism.py::test_the_trio_scheduler_is_not_deterministic,call,0.01,5.68
before,31,test_mock_clock_autojump_preset,trio/_core/_tests/test_mock_clock.py::test_mock_clock_autojump_preset,call,0.01,5.68
before,31,test_ki_protection_works,trio/_core/_tests/test_ki.py::test_ki_protection_works,call,0.01,5.68
before,32,test_spawning_new_thread_from_deliver_reuses_starting_thread,trio/_core/_tests/test_thread_cache.py::test_spawning_new_thread_from_deliver_reuses_starting_thread,call,1.0,5.65
before,32,test_waitid_eintr,trio/_tests/test_subprocess.py::test_waitid_eintr,call,1.0,5.65
before,32,test_idle_threads_exit,trio/_core/_tests/test_thread_cache.py::test_idle_threads_exit,call,1.0,5.65
before,32,test_apport_excepthook_monkeypatch_interaction,trio/_core/_tests/test_multierror.py::test_apport_excepthook_monkeypatch_interaction,call,0.11,5.65
before,32,test_TrioToken_run_sync_soon_threaded_stress_test,trio/_core/_tests/test_run.py::test_TrioToken_run_sync_soon_threaded_stress_test,call,0.1,5.65
before,32,test_asyncgen_basics,trio/_core/_tests/test_asyncgen.py::test_asyncgen_basics,call,0.07,5.65
before,32,test_coroutine_or_error,trio/_tests/test_util.py::test_coroutine_or_error,call,0.06,5.65
before,32,test_thread_cache_deref,trio/_core/_tests/test_thread_cache.py::test_thread_cache_deref,call,0.05,5.65
before,32,test_broken_abort,trio/_core/_tests/test_run.py::test_broken_abort,call,0.05,5.65
before,32,test_guest_mode_internal_errors,trio/_core/_tests/test_guest_mode.py::test_guest_mode_internal_errors,call,0.04,5.65
before,32,test_gc_after_trio_exits,trio/_tests/test_dtls.py::test_gc_after_trio_exits,call,0.04,5.65
before,32,test_error_in_run_loop,trio/_core/_tests/test_run.py::test_error_in_run_loop,call,0.04,5.65
before,32,test_guest_mode_asyncgens,trio/_core/_tests/test_guest_mode.py::test_guest_mode_asyncgens,call,0.04,5.65
before,32,test_guest_warns_if_abandoned,trio/_core/_tests/test_guest_mode.py::test_guest_warns_if_abandoned,call,0.04,5.65
before,32,test_last_minute_gc_edge_case,trio/_core/_tests/test_asyncgen.py::test_last_minute_gc_edge_case,call,0.04,5.65
before,32,test_delegation_to_existing_hooks,trio/_core/_tests/test_asyncgen.py::test_delegation_to_existing_hooks,call,0.04,5.65
before,32,test_MultiError_catch_doesnt_create_cyclic_garbage,trio/_core/_tests/test_multierror.py::test_MultiError_catch_doesnt_create_cyclic_garbage,call,0.02,5.65
before,32,test_warn_deprecated,trio/_tests/test_deprecate.py::test_warn_deprecated,call,0.02,5.65
before,32,test_the_trio_scheduler_is_deterministic_if_seeded,trio/_tests/test_scheduler_determinism.py::test_the_trio_scheduler_is_deterministic_if_seeded,call,0.01,5.65
before,32,test_run_in_trio_thread_ki,trio/_tests/test_threads.py::test_run_in_trio_thread_ki,call,0.01,5.65
before,32,test_the_trio_scheduler_is_not_deterministic,trio/_tests/test_scheduler_determinism.py::test_the_trio_scheduler_is_not_deterministic,call,0.01,5.65
before,32,test_mock_clock_autojump_preset,trio/_core/_tests/test_mock_clock.py::test_mock_clock_autojump_preset,call,0.01,5.65
before,32,test_run_in_worker_thread_abandoned,trio/_tests/test_threads.py::test_run_in_worker_thread_abandoned,call,0.01,5.65
before,32,test_ki_protection_works,trio/_core/_tests/test_ki.py::test_ki_protection_works,call,0.01,5.65
before,33,test_spawning_new_thread_from_deliver_reuses_starting_thread,trio/_core/_tests/test_thread_cache.py::test_spawning_new_thread_from_deliver_reuses_starting_thread,call,1.0,5.65
before,33,test_idle_threads_exit,trio/_core/_tests/test_thread_cache.py::test_idle_threads_exit,call,1.0,5.65
before,33,test_waitid_eintr,trio/_tests/test_subprocess.py::test_waitid_eintr,call,1.0,5.65
before,33,test_apport_excepthook_monkeypatch_interaction,trio/_core/_tests/test_multierror.py::test_apport_excepthook_monkeypatch_interaction,call,0.11,5.65
before,33,test_TrioToken_run_sync_soon_threaded_stress_test,trio/_core/_tests/test_run.py::test_TrioToken_run_sync_soon_threaded_stress_test,call,0.1,5.65
before,33,test_asyncgen_basics,trio/_core/_tests/test_asyncgen.py::test_asyncgen_basics,call,0.07,5.65
before,33,test_coroutine_or_error,trio/_tests/test_util.py::test_coroutine_or_error,call,0.06,5.65
before,33,test_gc_after_trio_exits,trio/_tests/test_dtls.py::test_gc_after_trio_exits,call,0.05,5.65
before,33,test_broken_abort,trio/_core/_tests/test_run.py::test_broken_abort,call,0.04,5.65
before,33,test_thread_cache_deref,trio/_core/_tests/test_thread_cache.py::test_thread_cache_deref,call,0.04,5.65
before,33,test_guest_mode_internal_errors,trio/_core/_tests/test_guest_mode.py::test_guest_mode_internal_errors,call,0.04,5.65
before,33,test_guest_warns_if_abandoned,trio/_core/_tests/test_guest_mode.py::test_guest_warns_if_abandoned,call,0.04,5.65
before,33,test_error_in_run_loop,trio/_core/_tests/test_run.py::test_error_in_run_loop,call,0.04,5.65
before,33,test_last_minute_gc_edge_case,trio/_core/_tests/test_asyncgen.py::test_last_minute_gc_edge_case,call,0.04,5.65
before,33,test_delegation_to_existing_hooks,trio/_core/_tests/test_asyncgen.py::test_delegation_to_existing_hooks,call,0.04,5.65
before,33,test_guest_mode_asyncgens,trio/_core/_tests/test_guest_mode.py::test_guest_mode_asyncgens,call,0.04,5.65
before,33,test_MultiError_catch_doesnt_create_cyclic_garbage,trio/_core/_tests/test_multierror.py::test_MultiError_catch_doesnt_create_cyclic_garbage,call,0.02,5.65
before,33,test_warn_deprecated,trio/_tests/test_deprecate.py::test_warn_deprecated,call,0.02,5.65
before,33,test_run_in_trio_thread_ki,trio/_tests/test_threads.py::test_run_in_trio_thread_ki,call,0.01,5.65
before,33,test_the_trio_scheduler_is_deterministic_if_seeded,trio/_tests/test_scheduler_determinism.py::test_the_trio_scheduler_is_deterministic_if_seeded,call,0.01,5.65
before,33,test_the_trio_scheduler_is_not_deterministic,trio/_tests/test_scheduler_determinism.py::test_the_trio_scheduler_is_not_deterministic,call,0.01,5.65
before,33,test_run_in_worker_thread_abandoned,trio/_tests/test_threads.py::test_run_in_worker_thread_abandoned,call,0.01,5.65
before,33,test_mock_clock_autojump_preset,trio/_core/_tests/test_mock_clock.py::test_mock_clock_autojump_preset,call,0.01,5.65
before,33,test_ki_protection_works,trio/_core/_tests/test_ki.py::test_ki_protection_works,call,0.01,5.65
before,34,test_spawning_new_thread_from_deliver_reuses_starting_thread,trio/_core/_tests/test_thread_cache.py::test_spawning_new_thread_from_deliver_reuses_starting_thread,call,1.0,5.64
before,34,test_waitid_eintr,trio/_tests/test_subprocess.py::test_waitid_eintr,call,1.0,5.64
before,34,test_idle_threads_exit,trio/_core/_tests/test_thread_cache.py::test_idle_threads_exit,call,1.0,5.64
before,34,test_apport_excepthook_monkeypatch_interaction,trio/_core/_tests/test_multierror.py::test_apport_excepthook_monkeypatch_interaction,call,0.11,5.64
before,34,test_TrioToken_run_sync_soon_threaded_stress_test,trio/_core/_tests/test_run.py::test_TrioToken_run_sync_soon_threaded_stress_test,call,0.1,5.64
before,34,test_asyncgen_basics,trio/_core/_tests/test_asyncgen.py::test_asyncgen_basics,call,0.07,5.64
before,34,test_coroutine_or_error,trio/_tests/test_util.py::test_coroutine_or_error,call,0.05,5.64
before,34,test_gc_after_trio_exits,trio/_tests/test_dtls.py::test_gc_after_trio_exits,call,0.04,5.64
before,34,test_broken_abort,trio/_core/_tests/test_run.py::test_broken_abort,call,0.04,5.64
before,34,test_thread_cache_deref,trio/_core/_tests/test_thread_cache.py::test_thread_cache_deref,call,0.04,5.64
before,34,test_guest_mode_internal_errors,trio/_core/_tests/test_guest_mode.py::test_guest_mode_internal_errors,call,0.04,5.64
before,34,test_last_minute_gc_edge_case,trio/_core/_tests/test_asyncgen.py::test_last_minute_gc_edge_case,call,0.04,5.64
before,34,test_guest_warns_if_abandoned,trio/_core/_tests/test_guest_mode.py::test_guest_warns_if_abandoned,call,0.04,5.64
before,34,test_error_in_run_loop,trio/_core/_tests/test_run.py::test_error_in_run_loop,call,0.04,5.64
before,34,test_delegation_to_existing_hooks,trio/_core/_tests/test_asyncgen.py::test_delegation_to_existing_hooks,call,0.04,5.64
before,34,test_guest_mode_asyncgens,trio/_core/_tests/test_guest_mode.py::test_guest_mode_asyncgens,call,0.04,5.64
before,34,test_MultiError_catch_doesnt_create_cyclic_garbage,trio/_core/_tests/test_multierror.py::test_MultiError_catch_doesnt_create_cyclic_garbage,call,0.02,5.64
before,34,test_warn_deprecated,trio/_tests/test_deprecate.py::test_warn_deprecated,call,0.02,5.64
before,34,test_the_trio_scheduler_is_deterministic_if_seeded,trio/_tests/test_scheduler_determinism.py::test_the_trio_scheduler_is_deterministic_if_seeded,call,0.01,5.64
before,34,test_run_in_trio_thread_ki,trio/_tests/test_threads.py::test_run_in_trio_thread_ki,call,0.01,5.64
before,34,test_the_trio_scheduler_is_not_deterministic,trio/_tests/test_scheduler_determinism.py::test_the_trio_scheduler_is_not_deterministic,call,0.01,5.64
before,34,test_mock_clock_autojump_preset,trio/_core/_tests/test_mock_clock.py::test_mock_clock_autojump_preset,call,0.01,5.64
before,34,test_run_in_worker_thread_abandoned,trio/_tests/test_threads.py::test_run_in_worker_thread_abandoned,call,0.01,5.64
before,34,test_ki_protection_works,trio/_core/_tests/test_ki.py::test_ki_protection_works,call,0.01,5.64
before,35,test_spawning_new_thread_from_deliver_reuses_starting_thread,trio/_core/_tests/test_thread_cache.py::test_spawning_new_thread_from_deliver_reuses_starting_thread,call,1.0,5.65
before,35,test_waitid_eintr,trio/_tests/test_subprocess.py::test_waitid_eintr,call,1.0,5.65
before,35,test_idle_threads_exit,trio/_core/_tests/test_thread_cache.py::test_idle_threads_exit,call,1.0,5.65
before,35,test_apport_excepthook_monkeypatch_interaction,trio/_core/_tests/test_multierror.py::test_apport_excepthook_monkeypatch_interaction,call,0.11,5.65
before,35,test_TrioToken_run_sync_soon_threaded_stress_test,trio/_core/_tests/test_run.py::test_TrioToken_run_sync_soon_threaded_stress_test,call,0.1,5.65
before,35,test_asyncgen_basics,trio/_core/_tests/test_asyncgen.py::test_asyncgen_basics,call,0.08,5.65
before,35,test_coroutine_or_error,trio/_tests/test_util.py::test_coroutine_or_error,call,0.06,5.65
before,35,test_gc_after_trio_exits,trio/_tests/test_dtls.py::test_gc_after_trio_exits,call,0.05,5.65
before,35,test_broken_abort,trio/_core/_tests/test_run.py::test_broken_abort,call,0.05,5.65
before,35,test_guest_mode_internal_errors,trio/_core/_tests/test_guest_mode.py::test_guest_mode_internal_errors,call,0.04,5.65
before,35,test_guest_warns_if_abandoned,trio/_core/_tests/test_guest_mode.py::test_guest_warns_if_abandoned,call,0.04,5.65
before,35,test_guest_mode_asyncgens,trio/_core/_tests/test_guest_mode.py::test_guest_mode_asyncgens,call,0.04,5.65
before,35,test_error_in_run_loop,trio/_core/_tests/test_run.py::test_error_in_run_loop,call,0.04,5.65
before,35,test_thread_cache_deref,trio/_core/_tests/test_thread_cache.py::test_thread_cache_deref,call,0.04,5.65
before,35,test_last_minute_gc_edge_case,trio/_core/_tests/test_asyncgen.py::test_last_minute_gc_edge_case,call,0.04,5.65
before,35,test_delegation_to_existing_hooks,trio/_core/_tests/test_asyncgen.py::test_delegation_to_existing_hooks,call,0.04,5.65
before,35,test_MultiError_catch_doesnt_create_cyclic_garbage,trio/_core/_tests/test_multierror.py::test_MultiError_catch_doesnt_create_cyclic_garbage,call,0.02,5.65
before,35,test_warn_deprecated,trio/_tests/test_deprecate.py::test_warn_deprecated,call,0.02,5.65
before,35,test_run_in_trio_thread_ki,trio/_tests/test_threads.py::test_run_in_trio_thread_ki,call,0.01,5.65
before,35,test_the_trio_scheduler_is_deterministic_if_seeded,trio/_tests/test_scheduler_determinism.py::test_the_trio_scheduler_is_deterministic_if_seeded,call,0.01,5.65
before,35,test_the_trio_scheduler_is_not_deterministic,trio/_tests/test_scheduler_determinism.py::test_the_trio_scheduler_is_not_deterministic,call,0.01,5.65
before,35,test_run_in_worker_thread_abandoned,trio/_tests/test_threads.py::test_run_in_worker_thread_abandoned,call,0.01,5.65
before,35,test_mock_clock_autojump_preset,trio/_core/_tests/test_mock_clock.py::test_mock_clock_autojump_preset,call,0.01,5.65
before,35,test_ki_protection_works,trio/_core/_tests/test_ki.py::test_ki_protection_works,call,0.01,5.65
before,36,test_spawning_new_thread_from_deliver_reuses_starting_thread,trio/_core/_tests/test_thread_cache.py::test_spawning_new_thread_from_deliver_reuses_starting_thread,call,1.0,5.65
before,36,test_waitid_eintr,trio/_tests/test_subprocess.py::test_waitid_eintr,call,1.0,5.65
before,36,test_idle_threads_exit,trio/_core/_tests/test_thread_cache.py::test_idle_threads_exit,call,1.0,5.65
before,36,test_apport_excepthook_monkeypatch_interaction,trio/_core/_tests/test_multierror.py::test_apport_excepthook_monkeypatch_interaction,call,0.11,5.65
before,36,test_TrioToken_run_sync_soon_threaded_stress_test,trio/_core/_tests/test_run.py::test_TrioToken_run_sync_soon_threaded_stress_test,call,0.1,5.65
before,36,test_asyncgen_basics,trio/_core/_tests/test_asyncgen.py::test_asyncgen_basics,call,0.07,5.65
before,36,test_coroutine_or_error,trio/_tests/test_util.py::test_coroutine_or_error,call,0.06,5.65
before,36,test_gc_after_trio_exits,trio/_tests/test_dtls.py::test_gc_after_trio_exits,call,0.05,5.65
before,36,test_broken_abort,trio/_core/_tests/test_run.py::test_broken_abort,call,0.05,5.65
before,36,test_thread_cache_deref,trio/_core/_tests/test_thread_cache.py::test_thread_cache_deref,call,0.04,5.65
before,36,test_error_in_run_loop,trio/_core/_tests/test_run.py::test_error_in_run_loop,call,0.04,5.65
before,36,test_guest_mode_internal_errors,trio/_core/_tests/test_guest_mode.py::test_guest_mode_internal_errors,call,0.04,5.65
before,36,test_guest_warns_if_abandoned,trio/_core/_tests/test_guest_mode.py::test_guest_warns_if_abandoned,call,0.04,5.65
before,36,test_last_minute_gc_edge_case,trio/_core/_tests/test_asyncgen.py::test_last_minute_gc_edge_case,call,0.04,5.65
before,36,test_guest_mode_asyncgens,trio/_core/_tests/test_guest_mode.py::test_guest_mode_asyncgens,call,0.04,5.65
before,36,test_delegation_to_existing_hooks,trio/_core/_tests/test_asyncgen.py::test_delegation_to_existing_hooks,call,0.04,5.65
before,36,test_run_in_worker_thread_abandoned,trio/_tests/test_threads.py::test_run_in_worker_thread_abandoned,call,0.02,5.65
before,36,test_MultiError_catch_doesnt_create_cyclic_garbage,trio/_core/_tests/test_multierror.py::test_MultiError_catch_doesnt_create_cyclic_garbage,call,0.02,5.65
before,36,test_warn_deprecated,trio/_tests/test_deprecate.py::test_warn_deprecated,call,0.02,5.65
before,36,test_run_in_trio_thread_ki,trio/_tests/test_threads.py::test_run_in_trio_thread_ki,call,0.01,5.65
before,36,test_the_trio_scheduler_is_deterministic_if_seeded,trio/_tests/test_scheduler_determinism.py::test_the_trio_scheduler_is_deterministic_if_seeded,call,0.01,5.65
before,36,test_the_trio_scheduler_is_not_deterministic,trio/_tests/test_scheduler_determinism.py::test_the_trio_scheduler_is_not_deterministic,call,0.01,5.65
before,36,test_mock_clock_autojump_preset,trio/_core/_tests/test_mock_clock.py::test_mock_clock_autojump_preset,call,0.01,5.65
before,36,test_ki_protection_works,trio/_core/_tests/test_ki.py::test_ki_protection_works,call,0.01,5.65
before,37,test_spawning_new_thread_from_deliver_reuses_starting_thread,trio/_core/_tests/test_thread_cache.py::test_spawning_new_thread_from_deliver_reuses_starting_thread,call,1.0,5.71
before,37,test_idle_threads_exit,trio/_core/_tests/test_thread_cache.py::test_idle_threads_exit,call,1.0,5.71
before,37,test_waitid_eintr,trio/_tests/test_subprocess.py::test_waitid_eintr,call,1.0,5.71
before,37,test_apport_excepthook_monkeypatch_interaction,trio/_core/_tests/test_multierror.py::test_apport_excepthook_monkeypatch_interaction,call,0.11,5.71
before,37,test_TrioToken_run_sync_soon_threaded_stress_test,trio/_core/_tests/test_run.py::test_TrioToken_run_sync_soon_threaded_stress_test,call,0.1,5.71
before,37,test_asyncgen_basics,trio/_core/_tests/test_asyncgen.py::test_asyncgen_basics,call,0.08,5.71
before,37,test_coroutine_or_error,trio/_tests/test_util.py::test_coroutine_or_error,call,0.06,5.71
before,37,test_broken_abort,trio/_core/_tests/test_run.py::test_broken_abort,call,0.06,5.71
before,37,test_gc_after_trio_exits,trio/_tests/test_dtls.py::test_gc_after_trio_exits,call,0.05,5.71
before,37,test_thread_cache_deref,trio/_core/_tests/test_thread_cache.py::test_thread_cache_deref,call,0.05,5.71
before,37,test_guest_mode_asyncgens,trio/_core/_tests/test_guest_mode.py::test_guest_mode_asyncgens,call,0.04,5.71
before,37,test_guest_mode_internal_errors,trio/_core/_tests/test_guest_mode.py::test_guest_mode_internal_errors,call,0.04,5.71
before,37,test_error_in_run_loop,trio/_core/_tests/test_run.py::test_error_in_run_loop,call,0.04,5.71
before,37,test_guest_warns_if_abandoned,trio/_core/_tests/test_guest_mode.py::test_guest_warns_if_abandoned,call,0.04,5.71
before,37,test_last_minute_gc_edge_case,trio/_core/_tests/test_asyncgen.py::test_last_minute_gc_edge_case,call,0.04,5.71
before,37,test_delegation_to_existing_hooks,trio/_core/_tests/test_asyncgen.py::test_delegation_to_existing_hooks,call,0.04,5.71
before,37,test_MultiError_catch_doesnt_create_cyclic_garbage,trio/_core/_tests/test_multierror.py::test_MultiError_catch_doesnt_create_cyclic_garbage,call,0.02,5.71
before,37,test_warn_deprecated,trio/_tests/test_deprecate.py::test_warn_deprecated,call,0.02,5.71
before,37,test_the_trio_scheduler_is_deterministic_if_seeded,trio/_tests/test_scheduler_determinism.py::test_the_trio_scheduler_is_deterministic_if_seeded,call,0.01,5.71
before,37,test_run_in_worker_thread_abandoned,trio/_tests/test_threads.py::test_run_in_worker_thread_abandoned,call,0.01,5.71
before,37,test_run_in_trio_thread_ki,trio/_tests/test_threads.py::test_run_in_trio_thread_ki,call,0.01,5.71
before,37,test_the_trio_scheduler_is_not_deterministic,trio/_tests/test_scheduler_determinism.py::test_the_trio_scheduler_is_not_deterministic,call,0.01,5.71
before,37,test_mock_clock_autojump_preset,trio/_core/_tests/test_mock_clock.py::test_mock_clock_autojump_preset,call,0.01,5.71
before,37,test_ki_protection_works,trio/_core/_tests/test_ki.py::test_ki_protection_works,call,0.01,5.71
before,38,test_spawning_new_thread_from_deliver_reuses_starting_thread,trio/_core/_tests/test_thread_cache.py::test_spawning_new_thread_from_deliver_reuses_starting_thread,call,1.0,5.65
before,38,test_idle_threads_exit,trio/_core/_tests/test_thread_cache.py::test_idle_threads_exit,call,1.0,5.65
before,38,test_waitid_eintr,trio/_tests/test_subprocess.py::test_waitid_eintr,call,1.0,5.65
before,38,test_apport_excepthook_monkeypatch_interaction,trio/_core/_tests/test_multierror.py::test_apport_excepthook_monkeypatch_interaction,call,0.11,5.65
before,38,test_TrioToken_run_sync_soon_threaded_stress_test,trio/_core/_tests/test_run.py::test_TrioToken_run_sync_soon_threaded_stress_test,call,0.1,5.65
before,38,test_asyncgen_basics,trio/_core/_tests/test_asyncgen.py::test_asyncgen_basics,call,0.07,5.65
before,38,test_coroutine_or_error,trio/_tests/test_util.py::test_coroutine_or_error,call,0.06,5.65
before,38,test_broken_abort,trio/_core/_tests/test_run.py::test_broken_abort,call,0.05,5.65
before,38,test_gc_after_trio_exits,trio/_tests/test_dtls.py::test_gc_after_trio_exits,call,0.05,5.65
before,38,test_thread_cache_deref,trio/_core/_tests/test_thread_cache.py::test_thread_cache_deref,call,0.05,5.65
before,38,test_guest_mode_internal_errors,trio/_core/_tests/test_guest_mode.py::test_guest_mode_internal_errors,call,0.04,5.65
before,38,test_guest_mode_asyncgens,trio/_core/_tests/test_guest_mode.py::test_guest_mode_asyncgens,call,0.04,5.65
before,38,test_error_in_run_loop,trio/_core/_tests/test_run.py::test_error_in_run_loop,call,0.04,5.65
before,38,test_guest_warns_if_abandoned,trio/_core/_tests/test_guest_mode.py::test_guest_warns_if_abandoned,call,0.04,5.65
before,38,test_last_minute_gc_edge_case,trio/_core/_tests/test_asyncgen.py::test_last_minute_gc_edge_case,call,0.04,5.65
before,38,test_delegation_to_existing_hooks,trio/_core/_tests/test_asyncgen.py::test_delegation_to_existing_hooks,call,0.04,5.65
before,38,test_MultiError_catch_doesnt_create_cyclic_garbage,trio/_core/_tests/test_multierror.py::test_MultiError_catch_doesnt_create_cyclic_garbage,call,0.02,5.65
before,38,test_warn_deprecated,trio/_tests/test_deprecate.py::test_warn_deprecated,call,0.02,5.65
before,38,test_run_in_trio_thread_ki,trio/_tests/test_threads.py::test_run_in_trio_thread_ki,call,0.01,5.65
before,38,test_the_trio_scheduler_is_deterministic_if_seeded,trio/_tests/test_scheduler_determinism.py::test_the_trio_scheduler_is_deterministic_if_seeded,call,0.01,5.65
before,38,test_run_in_worker_thread_abandoned,trio/_tests/test_threads.py::test_run_in_worker_thread_abandoned,call,0.01,5.65
before,38,test_mock_clock_autojump_preset,trio/_core/_tests/test_mock_clock.py::test_mock_clock_autojump_preset,call,0.01,5.65
before,38,test_the_trio_scheduler_is_not_deterministic,trio/_tests/test_scheduler_determinism.py::test_the_trio_scheduler_is_not_deterministic,call,0.01,5.65
before,38,test_ki_protection_works,trio/_core/_tests/test_ki.py::test_ki_protection_works,call,0.01,5.65
before,39,test_spawning_new_thread_from_deliver_reuses_starting_thread,trio/_core/_tests/test_thread_cache.py::test_spawning_new_thread_from_deliver_reuses_starting_thread,call,1.0,5.66
before,39,test_waitid_eintr,trio/_tests/test_subprocess.py::test_waitid_eintr,call,1.0,5.66
before,39,test_idle_threads_exit,trio/_core/_tests/test_thread_cache.py::test_idle_threads_exit,call,1.0,5.66
before,39,test_apport_excepthook_monkeypatch_interaction,trio/_core/_tests/test_multierror.py::test_apport_excepthook_monkeypatch_interaction,call,0.11,5.66
before,39,test_TrioToken_run_sync_soon_threaded_stress_test,trio/_core/_tests/test_run.py::test_TrioToken_run_sync_soon_threaded_stress_test,call,0.1,5.66
before,39,test_asyncgen_basics,trio/_core/_tests/test_asyncgen.py::test_asyncgen_basics,call,0.08,5.66
before,39,test_coroutine_or_error,trio/_tests/test_util.py::test_coroutine_or_error,call,0.06,5.66
before,39,test_gc_after_trio_exits,trio/_tests/test_dtls.py::test_gc_after_trio_exits,call,0.05,5.66
before,39,test_broken_abort,trio/_core/_tests/test_run.py::test_broken_abort,call,0.04,5.66
before,39,test_thread_cache_deref,trio/_core/_tests/test_thread_cache.py::test_thread_cache_deref,call,0.04,5.66
before,39,test_guest_mode_internal_errors,trio/_core/_tests/test_guest_mode.py::test_guest_mode_internal_errors,call,0.04,5.66
before,39,test_guest_warns_if_abandoned,trio/_core/_tests/test_guest_mode.py::test_guest_warns_if_abandoned,call,0.04,5.66
before,39,test_delegation_to_existing_hooks,trio/_core/_tests/test_asyncgen.py::test_delegation_to_existing_hooks,call,0.04,5.66
before,39,test_error_in_run_loop,trio/_core/_tests/test_run.py::test_error_in_run_loop,call,0.04,5.66
before,39,test_last_minute_gc_edge_case,trio/_core/_tests/test_asyncgen.py::test_last_minute_gc_edge_case,call,0.04,5.66
before,39,test_guest_mode_asyncgens,trio/_core/_tests/test_guest_mode.py::test_guest_mode_asyncgens,call,0.04,5.66
before,39,test_run_in_worker_thread_abandoned,trio/_tests/test_threads.py::test_run_in_worker_thread_abandoned,call,0.02,5.66
before,39,test_MultiError_catch_doesnt_create_cyclic_garbage,trio/_core/_tests/test_multierror.py::test_MultiError_catch_doesnt_create_cyclic_garbage,call,0.02,5.66
before,39,test_warn_deprecated,trio/_tests/test_deprecate.py::test_warn_deprecated,call,0.02,5.66
before,39,test_run_in_trio_thread_ki,trio/_tests/test_threads.py::test_run_in_trio_thread_ki,call,0.01,5.66
before,39,test_mock_clock_autojump_preset,trio/_core/_tests/test_mock_clock.py::test_mock_clock_autojump_preset,call,0.01,5.66
before,39,test_the_trio_scheduler_is_deterministic_if_seeded,trio/_tests/test_scheduler_determinism.py::test_the_trio_scheduler_is_deterministic_if_seeded,call,0.01,5.66
before,39,test_the_trio_scheduler_is_not_deterministic,trio/_tests/test_scheduler_determinism.py::test_the_trio_scheduler_is_not_deterministic,call,0.01,5.66
before,39,test_ki_protection_works,trio/_core/_tests/test_ki.py::test_ki_protection_works,call,0.01,5.66
before,40,test_spawning_new_thread_from_deliver_reuses_starting_thread,trio/_core/_tests/test_thread_cache.py::test_spawning_new_thread_from_deliver_reuses_starting_thread,call,1.0,5.7
before,40,test_idle_threads_exit,trio/_core/_tests/test_thread_cache.py::test_idle_threads_exit,call,1.0,5.7
before,40,test_waitid_eintr,trio/_tests/test_subprocess.py::test_waitid_eintr,call,1.0,5.7
before,40,test_apport_excepthook_monkeypatch_interaction,trio/_core/_tests/test_multierror.py::test_apport_excepthook_monkeypatch_interaction,call,0.11,5.7
before,40,test_TrioToken_run_sync_soon_threaded_stress_test,trio/_core/_tests/test_run.py::test_TrioToken_run_sync_soon_threaded_stress_test,call,0.1,5.7
before,40,test_asyncgen_basics,trio/_core/_tests/test_asyncgen.py::test_asyncgen_basics,call,0.08,5.7
before,40,test_coroutine_or_error,trio/_tests/test_util.py::test_coroutine_or_error,call,0.06,5.7
before,40,test_gc_after_trio_exits,trio/_tests/test_dtls.py::test_gc_after_trio_exits,call,0.05,5.7
before,40,test_broken_abort,trio/_core/_tests/test_run.py::test_broken_abort,call,0.05,5.7
before,40,test_thread_cache_deref,trio/_core/_tests/test_thread_cache.py::test_thread_cache_deref,call,0.04,5.7
before,40,test_guest_mode_internal_errors,trio/_core/_tests/test_guest_mode.py::test_guest_mode_internal_errors,call,0.04,5.7
before,40,test_error_in_run_loop,trio/_core/_tests/test_run.py::test_error_in_run_loop,call,0.04,5.7
before,40,test_last_minute_gc_edge_case,trio/_core/_tests/test_asyncgen.py::test_last_minute_gc_edge_case,call,0.04,5.7
before,40,test_guest_mode_asyncgens,trio/_core/_tests/test_guest_mode.py::test_guest_mode_asyncgens,call,0.04,5.7
before,40,test_guest_warns_if_abandoned,trio/_core/_tests/test_guest_mode.py::test_guest_warns_if_abandoned,call,0.04,5.7
before,40,test_delegation_to_existing_hooks,trio/_core/_tests/test_asyncgen.py::test_delegation_to_existing_hooks,call,0.04,5.7
before,40,test_run_in_worker_thread_abandoned,trio/_tests/test_threads.py::test_run_in_worker_thread_abandoned,call,0.02,5.7
before,40,test_MultiError_catch_doesnt_create_cyclic_garbage,trio/_core/_tests/test_multierror.py::test_MultiError_catch_doesnt_create_cyclic_garbage,call,0.02,5.7
before,40,test_warn_deprecated,trio/_tests/test_deprecate.py::test_warn_deprecated,call,0.02,5.7
before,40,test_run_in_trio_thread_ki,trio/_tests/test_threads.py::test_run_in_trio_thread_ki,call,0.01,5.7
before,40,test_the_trio_scheduler_is_deterministic_if_seeded,trio/_tests/test_scheduler_determinism.py::test_the_trio_scheduler_is_deterministic_if_seeded,call,0.01,5.7
before,40,test_mock_clock_autojump_preset,trio/_core/_tests/test_mock_clock.py::test_mock_clock_autojump_preset,call,0.01,5.7
before,40,test_the_trio_scheduler_is_not_deterministic,trio/_tests/test_scheduler_determinism.py::test_the_trio_scheduler_is_not_deterministic,call,0.01,5.7
before,40,test_ki_protection_works,trio/_core/_tests/test_ki.py::test_ki_protection_works,call,0.01,5.7
after,1,test_spawning_new_thread_from_deliver_reuses_starting_thread,trio/_core/_tests/test_thread_cache.py::test_spawning_new_thread_from_deliver_reuses_starting_thread,call,1.0,5.79
after,1,test_waitid_eintr,trio/_tests/test_subprocess.py::test_waitid_eintr,call,1.0,5.79
after,1,test_idle_threads_exit,trio/_core/_tests/test_thread_cache.py::test_idle_threads_exit,call,1.0,5.79
after,1,test_apport_excepthook_monkeypatch_interaction,trio/_core/_tests/test_multierror.py::test_apport_excepthook_monkeypatch_interaction,call,0.11,5.79
after,1,test_TrioToken_run_sync_soon_threaded_stress_test,trio/_core/_tests/test_run.py::test_TrioToken_run_sync_soon_threaded_stress_test,call,0.1,5.79
after,1,test_asyncgen_basics,trio/_core/_tests/test_asyncgen.py::test_asyncgen_basics,call,0.08,5.79
after,1,test_coroutine_or_error,trio/_tests/test_util.py::test_coroutine_or_error,call,0.06,5.79
after,1,test_broken_abort,trio/_core/_tests/test_run.py::test_broken_abort,call,0.05,5.79
after,1,test_gc_after_trio_exits,trio/_tests/test_dtls.py::test_gc_after_trio_exits,call,0.05,5.79
after,1,test_thread_cache_deref,trio/_core/_tests/test_thread_cache.py::test_thread_cache_deref,call,0.05,5.79
after,1,test_guest_warns_if_abandoned,trio/_core/_tests/test_guest_mode.py::test_guest_warns_if_abandoned,call,0.04,5.79
after,1,test_guest_mode_internal_errors,trio/_core/_tests/test_guest_mode.py::test_guest_mode_internal_errors,call,0.04,5.79
after,1,test_error_in_run_loop,trio/_core/_tests/test_run.py::test_error_in_run_loop,call,0.04,5.79
after,1,test_guest_mode_asyncgens,trio/_core/_tests/test_guest_mode.py::test_guest_mode_asyncgens,call,0.04,5.79
after,1,test_last_minute_gc_edge_case,trio/_core/_tests/test_asyncgen.py::test_last_minute_gc_edge_case,call,0.04,5.79
after,1,test_delegation_to_existing_hooks,trio/_core/_tests/test_asyncgen.py::test_delegation_to_existing_hooks,call,0.04,5.79
after,1,test_MultiError_catch_doesnt_create_cyclic_garbage,trio/_core/_tests/test_multierror.py::test_MultiError_catch_doesnt_create_cyclic_garbage,call,0.02,5.79
after,1,test_warn_deprecated,trio/_tests/test_deprecate.py::test_warn_deprecated,call,0.02,5.79
after,1,test_custom_hostname_resolver,trio/_tests/test_socket.py::test_custom_hostname_resolver,teardown,0.02,5.79
after,1,test_run_in_trio_thread_ki,trio/_tests/test_threads.py::test_run_in_trio_thread_ki,call,0.01,5.79
after,1,test_the_trio_scheduler_is_deterministic_if_seeded,trio/_tests/test_scheduler_determinism.py::test_the_trio_scheduler_is_deterministic_if_seeded,call,0.01,5.79
after,1,test_the_trio_scheduler_is_not_deterministic,trio/_tests/test_scheduler_determinism.py::test_the_trio_scheduler_is_not_deterministic,call,0.01,5.79
after,1,test_run_in_worker_thread_abandoned,trio/_tests/test_threads.py::test_run_in_worker_thread_abandoned,call,0.01,5.79
after,1,test_mock_clock_autojump_preset,trio/_core/_tests/test_mock_clock.py::test_mock_clock_autojump_preset,call,0.01,5.79
after,1,test_ki_protection_works,trio/_core/_tests/test_ki.py::test_ki_protection_works,call,0.01,5.79
after,2,test_spawning_new_thread_from_deliver_reuses_starting_thread,trio/_core/_tests/test_thread_cache.py::test_spawning_new_thread_from_deliver_reuses_starting_thread,call,1.0,5.73
after,2,test_idle_threads_exit,trio/_core/_tests/test_thread_cache.py::test_idle_threads_exit,call,1.0,5.73
after,2,test_waitid_eintr,trio/_tests/test_subprocess.py::test_waitid_eintr,call,1.0,5.73
after,2,test_apport_excepthook_monkeypatch_interaction,trio/_core/_tests/test_multierror.py::test_apport_excepthook_monkeypatch_interaction,call,0.11,5.73
after,2,test_TrioToken_run_sync_soon_threaded_stress_test,trio/_core/_tests/test_run.py::test_TrioToken_run_sync_soon_threaded_stress_test,call,0.1,5.73
after,2,test_asyncgen_basics,trio/_core/_tests/test_asyncgen.py::test_asyncgen_basics,call,0.07,5.73
after,2,test_coroutine_or_error,trio/_tests/test_util.py::test_coroutine_or_error,call,0.06,5.73
after,2,test_broken_abort,trio/_core/_tests/test_run.py::test_broken_abort,call,0.05,5.73
after,2,test_gc_after_trio_exits,trio/_tests/test_dtls.py::test_gc_after_trio_exits,call,0.05,5.73
after,2,test_guest_mode_asyncgens,trio/_core/_tests/test_guest_mode.py::test_guest_mode_asyncgens,call,0.04,5.73
after,2,test_guest_mode_internal_errors,trio/_core/_tests/test_guest_mode.py::test_guest_mode_internal_errors,call,0.04,5.73
after,2,test_error_in_run_loop,trio/_core/_tests/test_run.py::test_error_in_run_loop,call,0.04,5.73
after,2,test_thread_cache_deref,trio/_core/_tests/test_thread_cache.py::test_thread_cache_deref,call,0.04,5.73
after,2,test_guest_warns_if_abandoned,trio/_core/_tests/test_guest_mode.py::test_guest_warns_if_abandoned,call,0.04,5.73
after,2,test_last_minute_gc_edge_case,trio/_core/_tests/test_asyncgen.py::test_last_minute_gc_edge_case,call,0.04,5.73
after,2,test_delegation_to_existing_hooks,trio/_core/_tests/test_asyncgen.py::test_delegation_to_existing_hooks,call,0.04,5.73
after,2,test_MultiError_catch_doesnt_create_cyclic_garbage,trio/_core/_tests/test_multierror.py::test_MultiError_catch_doesnt_create_cyclic_garbage,call,0.02,5.73
after,2,test_warn_deprecated,trio/_tests/test_deprecate.py::test_warn_deprecated,call,0.02,5.73
after,2,test_custom_hostname_resolver,trio/_tests/test_socket.py::test_custom_hostname_resolver,teardown,0.02,5.73
after,2,test_the_trio_scheduler_is_deterministic_if_seeded,trio/_tests/test_scheduler_determinism.py::test_the_trio_scheduler_is_deterministic_if_seeded,call,0.01,5.73
after,2,test_run_in_trio_thread_ki,trio/_tests/test_threads.py::test_run_in_trio_thread_ki,call,0.01,5.73
after,2,test_the_trio_scheduler_is_not_deterministic,trio/_tests/test_scheduler_determinism.py::test_the_trio_scheduler_is_not_deterministic,call,0.01,5.73
after,2,test_mock_clock_autojump_preset,trio/_core/_tests/test_mock_clock.py::test_mock_clock_autojump_preset,call,0.01,5.73
after,2,test_run_in_worker_thread_abandoned,trio/_tests/test_threads.py::test_run_in_worker_thread_abandoned,call,0.01,5.73
after,2,test_ki_protection_works,trio/_core/_tests/test_ki.py::test_ki_protection_works,call,0.01,5.73
after,3,test_spawning_new_thread_from_deliver_reuses_starting_thread,trio/_core/_tests/test_thread_cache.py::test_spawning_new_thread_from_deliver_reuses_starting_thread,call,1.0,5.74
after,3,test_waitid_eintr,trio/_tests/test_subprocess.py::test_waitid_eintr,call,1.0,5.74
after,3,test_idle_threads_exit,trio/_core/_tests/test_thread_cache.py::test_idle_threads_exit,call,1.0,5.74
after,3,test_apport_excepthook_monkeypatch_interaction,trio/_core/_tests/test_multierror.py::test_apport_excepthook_monkeypatch_interaction,call,0.11,5.74
after,3,test_TrioToken_run_sync_soon_threaded_stress_test,trio/_core/_tests/test_run.py::test_TrioToken_run_sync_soon_threaded_stress_test,call,0.1,5.74
after,3,test_asyncgen_basics,trio/_core/_tests/test_asyncgen.py::test_asyncgen_basics,call,0.07,5.74
after,3,test_coroutine_or_error,trio/_tests/test_util.py::test_coroutine_or_error,call,0.06,5.74
after,3,test_gc_after_trio_exits,trio/_tests/test_dtls.py::test_gc_after_trio_exits,call,0.06,5.74
after,3,test_broken_abort,trio/_core/_tests/test_run.py::test_broken_abort,call,0.05,5.74
after,3,test_guest_mode_asyncgens,trio/_core/_tests/test_guest_mode.py::test_guest_mode_asyncgens,call,0.04,5.74
after,3,test_guest_mode_internal_errors,trio/_core/_tests/test_guest_mode.py::test_guest_mode_internal_errors,call,0.04,5.74
after,3,test_thread_cache_deref,trio/_core/_tests/test_thread_cache.py::test_thread_cache_deref,call,0.04,5.74
after,3,test_guest_warns_if_abandoned,trio/_core/_tests/test_guest_mode.py::test_guest_warns_if_abandoned,call,0.04,5.74
after,3,test_error_in_run_loop,trio/_core/_tests/test_run.py::test_error_in_run_loop,call,0.04,5.74
after,3,test_last_minute_gc_edge_case,trio/_core/_tests/test_asyncgen.py::test_last_minute_gc_edge_case,call,0.04,5.74
after,3,test_delegation_to_existing_hooks,trio/_core/_tests/test_asyncgen.py::test_delegation_to_existing_hooks,call,0.04,5.74
after,3,test_run_in_worker_thread_abandoned,trio/_tests/test_threads.py::test_run_in_worker_thread_abandoned,call,0.02,5.74
after,3,test_MultiError_catch_doesnt_create_cyclic_garbage,trio/_core/_tests/test_multierror.py::test_MultiError_catch_doesnt_create_cyclic_garbage,call,0.02,5.74
after,3,test_warn_deprecated,trio/_tests/test_deprecate.py::test_warn_deprecated,call,0.02,5.74
after,3,test_custom_hostname_resolver,trio/_tests/test_socket.py::test_custom_hostname_resolver,teardown,0.02,5.74
after,3,test_run_in_trio_thread_ki,trio/_tests/test_threads.py::test_run_in_trio_thread_ki,call,0.01,5.74
after,3,test_the_trio_scheduler_is_deterministic_if_seeded,trio/_tests/test_scheduler_determinism.py::test_the_trio_scheduler_is_deterministic_if_seeded,call,0.01,5.74
after,3,test_the_trio_scheduler_is_not_deterministic,trio/_tests/test_scheduler_determinism.py::test_the_trio_scheduler_is_not_deterministic,call,0.01,5.74
after,3,test_mock_clock_autojump_preset,trio/_core/_tests/test_mock_clock.py::test_mock_clock_autojump_preset,call,0.01,5.74
after,3,test_ki_protection_works,trio/_core/_tests/test_ki.py::test_ki_protection_works,call,0.01,5.74
after,4,test_spawning_new_thread_from_deliver_reuses_starting_thread,trio/_core/_tests/test_thread_cache.py::test_spawning_new_thread_from_deliver_reuses_starting_thread,call,1.0,5.72
after,4,test_waitid_eintr,trio/_tests/test_subprocess.py::test_waitid_eintr,call,1.0,5.72
after,4,test_idle_threads_exit,trio/_core/_tests/test_thread_cache.py::test_idle_threads_exit,call,1.0,5.72
after,4,test_apport_excepthook_monkeypatch_interaction,trio/_core/_tests/test_multierror.py::test_apport_excepthook_monkeypatch_interaction,call,0.11,5.72
after,4,test_TrioToken_run_sync_soon_threaded_stress_test,trio/_core/_tests/test_run.py::test_TrioToken_run_sync_soon_threaded_stress_test,call,0.1,5.72
after,4,test_asyncgen_basics,trio/_core/_tests/test_asyncgen.py::test_asyncgen_basics,call,0.08,5.72
after,4,test_coroutine_or_error,trio/_tests/test_util.py::test_coroutine_or_error,call,0.06,5.72
after,4,test_gc_after_trio_exits,trio/_tests/test_dtls.py::test_gc_after_trio_exits,call,0.05,5.72
after,4,test_broken_abort,trio/_core/_tests/test_run.py::test_broken_abort,call,0.04,5.72
after,4,test_guest_mode_internal_errors,trio/_core/_tests/test_guest_mode.py::test_guest_mode_internal_errors,call,0.04,5.72
after,4,test_thread_cache_deref,trio/_core/_tests/test_thread_cache.py::test_thread_cache_deref,call,0.04,5.72
after,4,test_guest_mode_asyncgens,trio/_core/_tests/test_guest_mode.py::test_guest_mode_asyncgens,call,0.04,5.72
after,4,test_guest_warns_if_abandoned,trio/_core/_tests/test_guest_mode.py::test_guest_warns_if_abandoned,call,0.04,5.72
after,4,test_error_in_run_loop,trio/_core/_tests/test_run.py::test_error_in_run_loop,call,0.04,5.72
after,4,test_last_minute_gc_edge_case,trio/_core/_tests/test_asyncgen.py::test_last_minute_gc_edge_case,call,0.04,5.72
after,4,test_delegation_to_existing_hooks,trio/_core/_tests/test_asyncgen.py::test_delegation_to_existing_hooks,call,0.04,5.72
after,4,test_MultiError_catch_doesnt_create_cyclic_garbage,trio/_core/_tests/test_multierror.py::test_MultiError_catch_doesnt_create_cyclic_garbage,call,0.02,5.72
after,4,test_warn_deprecated,trio/_tests/test_deprecate.py::test_warn_deprecated,call,0.02,5.72
after,4,test_custom_hostname_resolver,trio/_tests/test_socket.py::test_custom_hostname_resolver,teardown,0.02,5.72
after,4,test_run_in_trio_thread_ki,trio/_tests/test_threads.py::test_run_in_trio_thread_ki,call,0.01,5.72
after,4,test_the_trio_scheduler_is_deterministic_if_seeded,trio/_tests/test_scheduler_determinism.py::test_the_trio_scheduler_is_deterministic_if_seeded,call,0.01,5.72
after,4,test_run_in_worker_thread_abandoned,trio/_tests/test_threads.py::test_run_in_worker_thread_abandoned,call,0.01,5.72
after,4,test_the_trio_scheduler_is_not_deterministic,trio/_tests/test_scheduler_determinism.py::test_the_trio_scheduler_is_not_deterministic,call,0.01,5.72
after,4,test_mock_clock_autojump_preset,trio/_core/_tests/test_mock_clock.py::test_mock_clock_autojump_preset,call,0.01,5.72
after,4,test_ki_protection_works,trio/_core/_tests/test_ki.py::test_ki_protection_works,call,0.01,5.72
after,5,test_spawning_new_thread_from_deliver_reuses_starting_thread,trio/_core/_tests/test_thread_cache.py::test_spawning_new_thread_from_deliver_reuses_starting_thread,call,1.0,5.69
after,5,test_idle_threads_exit,trio/_core/_tests/test_thread_cache.py::test_idle_threads_exit,call,1.0,5.69
after,5,test_waitid_eintr,trio/_tests/test_subprocess.py::test_waitid_eintr,call,1.0,5.69
after,5,test_apport_excepthook_monkeypatch_interaction,trio/_core/_tests/test_multierror.py::test_apport_excepthook_monkeypatch_interaction,call,0.11,5.69
after,5,test_TrioToken_run_sync_soon_threaded_stress_test,trio/_core/_tests/test_run.py::test_TrioToken_run_sync_soon_threaded_stress_test,call,0.1,5.69
after,5,test_asyncgen_basics,trio/_core/_tests/test_asyncgen.py::test_asyncgen_basics,call,0.07,5.69
after,5,test_coroutine_or_error,trio/_tests/test_util.py::test_coroutine_or_error,call,0.06,5.69
after,5,test_gc_after_trio_exits,trio/_tests/test_dtls.py::test_gc_after_trio_exits,call,0.04,5.69
after,5,test_broken_abort,trio/_core/_tests/test_run.py::test_broken_abort,call,0.04,5.69
after,5,test_thread_cache_deref,trio/_core/_tests/test_thread_cache.py::test_thread_cache_deref,call,0.04,5.69
after,5,test_guest_mode_asyncgens,trio/_core/_tests/test_guest_mode.py::test_guest_mode_asyncgens,call,0.04,5.69
after,5,test_guest_mode_internal_errors,trio/_core/_tests/test_guest_mode.py::test_guest_mode_internal_errors,call,0.04,5.69
after,5,test_error_in_run_loop,trio/_core/_tests/test_run.py::test_error_in_run_loop,call,0.04,5.69
after,5,test_guest_warns_if_abandoned,trio/_core/_tests/test_guest_mode.py::test_guest_warns_if_abandoned,call,0.04,5.69
after,5,test_last_minute_gc_edge_case,trio/_core/_tests/test_asyncgen.py::test_last_minute_gc_edge_case,call,0.04,5.69
after,5,test_delegation_to_existing_hooks,trio/_core/_tests/test_asyncgen.py::test_delegation_to_existing_hooks,call,0.04,5.69
after,5,test_MultiError_catch_doesnt_create_cyclic_garbage,trio/_core/_tests/test_multierror.py::test_MultiError_catch_doesnt_create_cyclic_garbage,call,0.02,5.69
after,5,test_warn_deprecated,trio/_tests/test_deprecate.py::test_warn_deprecated,call,0.02,5.69
after,5,test_custom_hostname_resolver,trio/_tests/test_socket.py::test_custom_hostname_resolver,teardown,0.02,5.69
after,5,test_run_in_trio_thread_ki,trio/_tests/test_threads.py::test_run_in_trio_thread_ki,call,0.01,5.69
after,5,test_the_trio_scheduler_is_deterministic_if_seeded,trio/_tests/test_scheduler_determinism.py::test_the_trio_scheduler_is_deterministic_if_seeded,call,0.01,5.69
after,5,test_the_trio_scheduler_is_not_deterministic,trio/_tests/test_scheduler_determinism.py::test_the_trio_scheduler_is_not_deterministic,call,0.01,5.69
after,5,test_mock_clock_autojump_preset,trio/_core/_tests/test_mock_clock.py::test_mock_clock_autojump_preset,call,0.01,5.69
after,5,test_run_in_worker_thread_abandoned,trio/_tests/test_threads.py::test_run_in_worker_thread_abandoned,call,0.01,5.69
after,5,test_ki_protection_works,trio/_core/_tests/test_ki.py::test_ki_protection_works,call,0.01,5.69
after,6,test_spawning_new_thread_from_deliver_reuses_starting_thread,trio/_core/_tests/test_thread_cache.py::test_spawning_new_thread_from_deliver_reuses_starting_thread,call,1.0,5.73
after,6,test_waitid_eintr,trio/_tests/test_subprocess.py::test_waitid_eintr,call,1.0,5.73
after,6,test_idle_threads_exit,trio/_core/_tests/test_thread_cache.py::test_idle_threads_exit,call,1.0,5.73
after,6,test_apport_excepthook_monkeypatch_interaction,trio/_core/_tests/test_multierror.py::test_apport_excepthook_monkeypatch_interaction,call,0.11,5.73
after,6,test_TrioToken_run_sync_soon_threaded_stress_test,trio/_core/_tests/test_run.py::test_TrioToken_run_sync_soon_threaded_stress_test,call,0.1,5.73
after,6,test_asyncgen_basics,trio/_core/_tests/test_asyncgen.py::test_asyncgen_basics,call,0.07,5.73
after,6,test_coroutine_or_error,trio/_tests/test_util.py::test_coroutine_or_error,call,0.06,5.73
after,6,test_gc_after_trio_exits,trio/_tests/test_dtls.py::test_gc_after_trio_exits,call,0.05,5.73
after,6,test_thread_cache_deref,trio/_core/_tests/test_thread_cache.py::test_thread_cache_deref,call,0.05,5.73
after,6,test_broken_abort,trio/_core/_tests/test_run.py::test_broken_abort,call,0.04,5.73
after,6,test_guest_mode_internal_errors,trio/_core/_tests/test_guest_mode.py::test_guest_mode_internal_errors,call,0.04,5.73
after,6,test_guest_warns_if_abandoned,trio/_core/_tests/test_guest_mode.py::test_guest_warns_if_abandoned,call,0.04,5.73
after,6,test_guest_mode_asyncgens,trio/_core/_tests/test_guest_mode.py::test_guest_mode_asyncgens,call,0.04,5.73
after,6,test_delegation_to_existing_hooks,trio/_core/_tests/test_asyncgen.py::test_delegation_to_existing_hooks,call,0.04,5.73
after,6,test_last_minute_gc_edge_case,trio/_core/_tests/test_asyncgen.py::test_last_minute_gc_edge_case,call,0.04,5.73
after,6,test_error_in_run_loop,trio/_core/_tests/test_run.py::test_error_in_run_loop,call,0.04,5.73
after,6,test_run_in_worker_thread_abandoned,trio/_tests/test_threads.py::test_run_in_worker_thread_abandoned,call,0.02,5.73
after,6,test_MultiError_catch_doesnt_create_cyclic_garbage,trio/_core/_tests/test_multierror.py::test_MultiError_catch_doesnt_create_cyclic_garbage,call,0.02,5.73
after,6,test_warn_deprecated,trio/_tests/test_deprecate.py::test_warn_deprecated,call,0.02,5.73
after,6,test_custom_hostname_resolver,trio/_tests/test_socket.py::test_custom_hostname_resolver,teardown,0.02,5.73
after,6,test_run_in_trio_thread_ki,trio/_tests/test_threads.py::test_run_in_trio_thread_ki,call,0.01,5.73
after,6,test_the_trio_scheduler_is_deterministic_if_seeded,trio/_tests/test_scheduler_determinism.py::test_the_trio_scheduler_is_deterministic_if_seeded,call,0.01,5.73
after,6,test_the_trio_scheduler_is_not_deterministic,trio/_tests/test_scheduler_determinism.py::test_the_trio_scheduler_is_not_deterministic,call,0.01,5.73
after,6,test_mock_clock_autojump_preset,trio/_core/_tests/test_mock_clock.py::test_mock_clock_autojump_preset,call,0.01,5.73
after,6,test_ki_protection_works,trio/_core/_tests/test_ki.py::test_ki_protection_works,call,0.01,5.73
after,7,test_spawning_new_thread_from_deliver_reuses_starting_thread,trio/_core/_tests/test_thread_cache.py::test_spawning_new_thread_from_deliver_reuses_starting_thread,call,1.0,5.77
after,7,test_idle_threads_exit,trio/_core/_tests/test_thread_cache.py::test_idle_threads_exit,call,1.0,5.77
after,7,test_waitid_eintr,trio/_tests/test_subprocess.py::test_waitid_eintr,call,1.0,5.77
after,7,test_apport_excepthook_monkeypatch_interaction,trio/_core/_tests/test_multierror.py::test_apport_excepthook_monkeypatch_interaction,call,0.11,5.77
after,7,test_TrioToken_run_sync_soon_threaded_stress_test,trio/_core/_tests/test_run.py::test_TrioToken_run_sync_soon_threaded_stress_test,call,0.1,5.77
after,7,test_asyncgen_basics,trio/_core/_tests/test_asyncgen.py::test_asyncgen_basics,call,0.08,5.77
after,7,test_coroutine_or_error,trio/_tests/test_util.py::test_coroutine_or_error,call,0.06,5.77
after,7,test_gc_after_trio_exits,trio/_tests/test_dtls.py::test_gc_after_trio_exits,call,0.05,5.77
after,7,test_broken_abort,trio/_core/_tests/test_run.py::test_broken_abort,call,0.05,5.77
after,7,test_thread_cache_deref,trio/_core/_tests/test_thread_cache.py::test_thread_cache_deref,call,0.05,5.77
after,7,test_guest_mode_asyncgens,trio/_core/_tests/test_guest_mode.py::test_guest_mode_asyncgens,call,0.04,5.77
after,7,test_guest_mode_internal_errors,trio/_core/_tests/test_guest_mode.py::test_guest_mode_internal_errors,call,0.04,5.77
after,7,test_guest_warns_if_abandoned,trio/_core/_tests/test_guest_mode.py::test_guest_warns_if_abandoned,call,0.04,5.77
after,7,test_error_in_run_loop,trio/_core/_tests/test_run.py::test_error_in_run_loop,call,0.04,5.77
after,7,test_last_minute_gc_edge_case,trio/_core/_tests/test_asyncgen.py::test_last_minute_gc_edge_case,call,0.04,5.77
after,7,test_delegation_to_existing_hooks,trio/_core/_tests/test_asyncgen.py::test_delegation_to_existing_hooks,call,0.04,5.77
after,7,test_custom_hostname_resolver,trio/_tests/test_socket.py::test_custom_hostname_resolver,teardown,0.02,5.77
after,7,test_MultiError_catch_doesnt_create_cyclic_garbage,trio/_core/_tests/test_multierror.py::test_MultiError_catch_doesnt_create_cyclic_garbage,call,0.02,5.77
after,7,test_warn_deprecated,trio/_tests/test_deprecate.py::test_warn_deprecated,call,0.02,5.77
after,7,test_run_in_trio_thread_ki,trio/_tests/test_threads.py::test_run_in_trio_thread_ki,call,0.01,5.77
after,7,test_the_trio_scheduler_is_deterministic_if_seeded,trio/_tests/test_scheduler_determinism.py::test_the_trio_scheduler_is_deterministic_if_seeded,call,0.01,5.77
after,7,test_the_trio_scheduler_is_not_deterministic,trio/_tests/test_scheduler_determinism.py::test_the_trio_scheduler_is_not_deterministic,call,0.01,5.77
after,7,test_mock_clock_autojump_preset,trio/_core/_tests/test_mock_clock.py::test_mock_clock_autojump_preset,call,0.01,5.77
after,7,test_run_in_worker_thread_abandoned,trio/_tests/test_threads.py::test_run_in_worker_thread_abandoned,call,0.01,5.77
after,7,test_ki_protection_works,trio/_core/_tests/test_ki.py::test_ki_protection_works,call,0.01,5.77
after,8,test_spawning_new_thread_from_deliver_reuses_starting_thread,trio/_core/_tests/test_thread_cache.py::test_spawning_new_thread_from_deliver_reuses_starting_thread,call,1.0,5.7
after,8,test_idle_threads_exit,trio/_core/_tests/test_thread_cache.py::test_idle_threads_exit,call,1.0,5.7
after,8,test_waitid_eintr,trio/_tests/test_subprocess.py::test_waitid_eintr,call,1.0,5.7
after,8,test_apport_excepthook_monkeypatch_interaction,trio/_core/_tests/test_multierror.py::test_apport_excepthook_monkeypatch_interaction,call,0.11,5.7
after,8,test_TrioToken_run_sync_soon_threaded_stress_test,trio/_core/_tests/test_run.py::test_TrioToken_run_sync_soon_threaded_stress_test,call,0.1,5.7
after,8,test_asyncgen_basics,trio/_core/_tests/test_asyncgen.py::test_asyncgen_basics,call,0.07,5.7
after,8,test_coroutine_or_error,trio/_tests/test_util.py::test_coroutine_or_error,call,0.06,5.7
after,8,test_gc_after_trio_exits,trio/_tests/test_dtls.py::test_gc_after_trio_exits,call,0.05,5.7
after,8,test_broken_abort,trio/_core/_tests/test_run.py::test_broken_abort,call,0.05,5.7
after,8,test_thread_cache_deref,trio/_core/_tests/test_thread_cache.py::test_thread_cache_deref,call,0.05,5.7
after,8,test_guest_mode_internal_errors,trio/_core/_tests/test_guest_mode.py::test_guest_mode_internal_errors,call,0.04,5.7
after,8,test_guest_mode_asyncgens,trio/_core/_tests/test_guest_mode.py::test_guest_mode_asyncgens,call,0.04,5.7
after,8,test_error_in_run_loop,trio/_core/_tests/test_run.py::test_error_in_run_loop,call,0.04,5.7
after,8,test_guest_warns_if_abandoned,trio/_core/_tests/test_guest_mode.py::test_guest_warns_if_abandoned,call,0.04,5.7
after,8,test_delegation_to_existing_hooks,trio/_core/_tests/test_asyncgen.py::test_delegation_to_existing_hooks,call,0.04,5.7
after,8,test_last_minute_gc_edge_case,trio/_core/_tests/test_asyncgen.py::test_last_minute_gc_edge_case,call,0.04,5.7
after,8,test_MultiError_catch_doesnt_create_cyclic_garbage,trio/_core/_tests/test_multierror.py::test_MultiError_catch_doesnt_create_cyclic_garbage,call,0.02,5.7
after,8,test_warn_deprecated,trio/_tests/test_deprecate.py::test_warn_deprecated,call,0.02,5.7
after,8,test_custom_hostname_resolver,trio/_tests/test_socket.py::test_custom_hostname_resolver,teardown,0.02,5.7
after,8,test_run_in_trio_thread_ki,trio/_tests/test_threads.py::test_run_in_trio_thread_ki,call,0.01,5.7
after,8,test_mock_clock_autojump_preset,trio/_core/_tests/test_mock_clock.py::test_mock_clock_autojump_preset,call,0.01,5.7
after,8,test_the_trio_scheduler_is_deterministic_if_seeded,trio/_tests/test_scheduler_determinism.py::test_the_trio_scheduler_is_deterministic_if_seeded,call,0.01,5.7
after,8,test_run_in_worker_thread_abandoned,trio/_tests/test_threads.py::test_run_in_worker_thread_abandoned,call,0.01,5.7
after,8,test_the_trio_scheduler_is_not_deterministic,trio/_tests/test_scheduler_determinism.py::test_the_trio_scheduler_is_not_deterministic,call,0.01,5.7
after,8,test_ki_protection_works,trio/_core/_tests/test_ki.py::test_ki_protection_works,call,0.01,5.7
after,9,test_spawning_new_thread_from_deliver_reuses_starting_thread,trio/_core/_tests/test_thread_cache.py::test_spawning_new_thread_from_deliver_reuses_starting_thread,call,1.0,5.7
after,9,test_waitid_eintr,trio/_tests/test_subprocess.py::test_waitid_eintr,call,1.0,5.7
after,9,test_idle_threads_exit,trio/_core/_tests/test_thread_cache.py::test_idle_threads_exit,call,1.0,5.7
after,9,test_apport_excepthook_monkeypatch_interaction,trio/_core/_tests/test_multierror.py::test_apport_excepthook_monkeypatch_interaction,call,0.11,5.7
after,9,test_TrioToken_run_sync_soon_threaded_stress_test,trio/_core/_tests/test_run.py::test_TrioToken_run_sync_soon_threaded_stress_test,call,0.1,5.7
after,9,test_asyncgen_basics,trio/_core/_tests/test_asyncgen.py::test_asyncgen_basics,call,0.07,5.7
after,9,test_coroutine_or_error,trio/_tests/test_util.py::test_coroutine_or_error,call,0.05,5.7
after,9,test_thread_cache_deref,trio/_core/_tests/test_thread_cache.py::test_thread_cache_deref,call,0.05,5.7
after,9,test_gc_after_trio_exits,trio/_tests/test_dtls.py::test_gc_after_trio_exits,call,0.05,5.7
after,9,test_broken_abort,trio/_core/_tests/test_run.py::test_broken_abort,call,0.05,5.7
after,9,test_guest_mode_internal_errors,trio/_core/_tests/test_guest_mode.py::test_guest_mode_internal_errors,call,0.04,5.7
after,9,test_guest_warns_if_abandoned,trio/_core/_tests/test_guest_mode.py::test_guest_warns_if_abandoned,call,0.04,5.7
after,9,test_last_minute_gc_edge_case,trio/_core/_tests/test_asyncgen.py::test_last_minute_gc_edge_case,call,0.04,5.7
after,9,test_delegation_to_existing_hooks,trio/_core/_tests/test_asyncgen.py::test_delegation_to_existing_hooks,call,0.04,5.7
after,9,test_error_in_run_loop,trio/_core/_tests/test_run.py::test_error_in_run_loop,call,0.04,5.7
after,9,test_guest_mode_asyncgens,trio/_core/_tests/test_guest_mode.py::test_guest_mode_asyncgens,call,0.04,5.7
after,9,test_MultiError_catch_doesnt_create_cyclic_garbage,trio/_core/_tests/test_multierror.py::test_MultiError_catch_doesnt_create_cyclic_garbage,call,0.02,5.7
after,9,test_warn_deprecated,trio/_tests/test_deprecate.py::test_warn_deprecated,call,0.02,5.7
after,9,test_custom_hostname_resolver,trio/_tests/test_socket.py::test_custom_hostname_resolver,teardown,0.02,5.7
after,9,test_run_in_trio_thread_ki,trio/_tests/test_threads.py::test_run_in_trio_thread_ki,call,0.01,5.7
after,9,test_the_trio_scheduler_is_deterministic_if_seeded,trio/_tests/test_scheduler_determinism.py::test_the_trio_scheduler_is_deterministic_if_seeded,call,0.01,5.7
after,9,test_run_in_worker_thread_abandoned,trio/_tests/test_threads.py::test_run_in_worker_thread_abandoned,call,0.01,5.7
after,9,test_mock_clock_autojump_preset,trio/_core/_tests/test_mock_clock.py::test_mock_clock_autojump_preset,call,0.01,5.7
after,9,test_the_trio_scheduler_is_not_deterministic,trio/_tests/test_scheduler_determinism.py::test_the_trio_scheduler_is_not_deterministic,call,0.01,5.7
after,9,test_ki_protection_works,trio/_core/_tests/test_ki.py::test_ki_protection_works,call,0.01,5.7
after,10,test_spawning_new_thread_from_deliver_reuses_starting_thread,trio/_core/_tests/test_thread_cache.py::test_spawning_new_thread_from_deliver_reuses_starting_thread,call,1.0,5.74
after,10,test_idle_threads_exit,trio/_core/_tests/test_thread_cache.py::test_idle_threads_exit,call,1.0,5.74
after,10,test_waitid_eintr,trio/_tests/test_subprocess.py::test_waitid_eintr,call,1.0,5.74
after,10,test_apport_excepthook_monkeypatch_interaction,trio/_core/_tests/test_multierror.py::test_apport_excepthook_monkeypatch_interaction,call,0.11,5.74
after,10,test_TrioToken_run_sync_soon_threaded_stress_test,trio/_core/_tests/test_run.py::test_TrioToken_run_sync_soon_threaded_stress_test,call,0.1,5.74
after,10,test_asyncgen_basics,trio/_core/_tests/test_asyncgen.py::test_asyncgen_basics,call,0.08,5.74
after,10,test_coroutine_or_error,trio/_tests/test_util.py::test_coroutine_or_error,call,0.06,5.74
after,10,test_gc_after_trio_exits,trio/_tests/test_dtls.py::test_gc_after_trio_exits,call,0.05,5.74
after,10,test_broken_abort,trio/_core/_tests/test_run.py::test_broken_abort,call,0.05,5.74
after,10,test_thread_cache_deref,trio/_core/_tests/test_thread_cache.py::test_thread_cache_deref,call,0.05,5.74
after,10,test_guest_mode_internal_errors,trio/_core/_tests/test_guest_mode.py::test_guest_mode_internal_errors,call,0.04,5.74
after,10,test_guest_mode_asyncgens,trio/_core/_tests/test_guest_mode.py::test_guest_mode_asyncgens,call,0.04,5.74
after,10,test_error_in_run_loop,trio/_core/_tests/test_run.py::test_error_in_run_loop,call,0.04,5.74
after,10,test_guest_warns_if_abandoned,trio/_core/_tests/test_guest_mode.py::test_guest_warns_if_abandoned,call,0.04,5.74
after,10,test_last_minute_gc_edge_case,trio/_core/_tests/test_asyncgen.py::test_last_minute_gc_edge_case,call,0.04,5.74
after,10,test_delegation_to_existing_hooks,trio/_core/_tests/test_asyncgen.py::test_delegation_to_existing_hooks,call,0.04,5.74
after,10,test_MultiError_catch_doesnt_create_cyclic_garbage,trio/_core/_tests/test_multierror.py::test_MultiError_catch_doesnt_create_cyclic_garbage,call,0.02,5.74
after,10,test_warn_deprecated,trio/_tests/test_deprecate.py::test_warn_deprecated,call,0.02,5.74
after,10,test_custom_hostname_resolver,trio/_tests/test_socket.py::test_custom_hostname_resolver,teardown,0.02,5.74
after,10,test_run_in_trio_thread_ki,trio/_tests/test_threads.py::test_run_in_trio_thread_ki,call,0.01,5.74
after,10,test_mock_clock_autojump_preset,trio/_core/_tests/test_mock_clock.py::test_mock_clock_autojump_preset,call,0.01,5.74
after,10,test_the_trio_scheduler_is_deterministic_if_seeded,trio/_tests/test_scheduler_determinism.py::test_the_trio_scheduler_is_deterministic_if_seeded,call,0.01,5.74
after,10,test_run_in_worker_thread_abandoned,trio/_tests/test_threads.py::test_run_in_worker_thread_abandoned,call,0.01,5.74
after,10,test_the_trio_scheduler_is_not_deterministic,trio/_tests/test_scheduler_determinism.py::test_the_trio_scheduler_is_not_deterministic,call,0.01,5.74
after,10,test_ki_protection_works,trio/_core/_tests/test_ki.py::test_ki_protection_works,call,0.01,5.74
after,11,test_spawning_new_thread_from_deliver_reuses_starting_thread,trio/_core/_tests/test_thread_cache.py::test_spawning_new_thread_from_deliver_reuses_starting_thread,call,1.0,5.75
after,11,test_waitid_eintr,trio/_tests/test_subprocess.py::test_waitid_eintr,call,1.0,5.75
after,11,test_idle_threads_exit,trio/_core/_tests/test_thread_cache.py::test_idle_threads_exit,call,1.0,5.75
after,11,test_apport_excepthook_monkeypatch_interaction,trio/_core/_tests/test_multierror.py::test_apport_excepthook_monkeypatch_interaction,call,0.11,5.75
after,11,test_TrioToken_run_sync_soon_threaded_stress_test,trio/_core/_tests/test_run.py::test_TrioToken_run_sync_soon_threaded_stress_test,call,0.1,5.75
after,11,test_asyncgen_basics,trio/_core/_tests/test_asyncgen.py::test_asyncgen_basics,call,0.07,5.75
after,11,test_coroutine_or_error,trio/_tests/test_util.py::test_coroutine_or_error,call,0.06,5.75
after,11,test_thread_cache_deref,trio/_core/_tests/test_thread_cache.py::test_thread_cache_deref,call,0.05,5.75
after,11,test_gc_after_trio_exits,trio/_tests/test_dtls.py::test_gc_after_trio_exits,call,0.05,5.75
after,11,test_broken_abort,trio/_core/_tests/test_run.py::test_broken_abort,call,0.05,5.75
after,11,test_guest_warns_if_abandoned,trio/_core/_tests/test_guest_mode.py::test_guest_warns_if_abandoned,call,0.04,5.75
after,11,test_guest_mode_internal_errors,trio/_core/_tests/test_guest_mode.py::test_guest_mode_internal_errors,call,0.04,5.75
after,11,test_guest_mode_asyncgens,trio/_core/_tests/test_guest_mode.py::test_guest_mode_asyncgens,call,0.04,5.75
after,11,test_delegation_to_existing_hooks,trio/_core/_tests/test_asyncgen.py::test_delegation_to_existing_hooks,call,0.04,5.75
after,11,test_error_in_run_loop,trio/_core/_tests/test_run.py::test_error_in_run_loop,call,0.04,5.75
after,11,test_last_minute_gc_edge_case,trio/_core/_tests/test_asyncgen.py::test_last_minute_gc_edge_case,call,0.04,5.75
after,11,test_run_in_worker_thread_abandoned,trio/_tests/test_threads.py::test_run_in_worker_thread_abandoned,call,0.02,5.75
after,11,test_MultiError_catch_doesnt_create_cyclic_garbage,trio/_core/_tests/test_multierror.py::test_MultiError_catch_doesnt_create_cyclic_garbage,call,0.02,5.75
after,11,test_warn_deprecated,trio/_tests/test_deprecate.py::test_warn_deprecated,call,0.02,5.75
after,11,test_custom_hostname_resolver,trio/_tests/test_socket.py::test_custom_hostname_resolver,teardown,0.02,5.75
after,11,test_run_in_trio_thread_ki,trio/_tests/test_threads.py::test_run_in_trio_thread_ki,call,0.01,5.75
after,11,test_the_trio_scheduler_is_deterministic_if_seeded,trio/_tests/test_scheduler_determinism.py::test_the_trio_scheduler_is_deterministic_if_seeded,call,0.01,5.75
after,11,test_the_trio_scheduler_is_not_deterministic,trio/_tests/test_scheduler_determinism.py::test_the_trio_scheduler_is_not_deterministic,call,0.01,5.75
after,11,test_mock_clock_autojump_preset,trio/_core/_tests/test_mock_clock.py::test_mock_clock_autojump_preset,call,0.01,5.75
after,11,test_ki_protection_works,trio/_core/_tests/test_ki.py::test_ki_protection_works,call,0.01,5.75
after,12,test_spawning_new_thread_from_deliver_reuses_starting_thread,trio/_core/_tests/test_thread_cache.py::test_spawning_new_thread_from_deliver_reuses_starting_thread,call,1.0,5.74
after,12,test_waitid_eintr,trio/_tests/test_subprocess.py::test_waitid_eintr,call,1.0,5.74
after,12,test_idle_threads_exit,trio/_core/_tests/test_thread_cache.py::test_idle_threads_exit,call,1.0,5.74
after,12,test_apport_excepthook_monkeypatch_interaction,trio/_core/_tests/test_multierror.py::test_apport_excepthook_monkeypatch_interaction,call,0.11,5.74
after,12,test_TrioToken_run_sync_soon_threaded_stress_test,trio/_core/_tests/test_run.py::test_TrioToken_run_sync_soon_threaded_stress_test,call,0.1,5.74
after,12,test_asyncgen_basics,trio/_core/_tests/test_asyncgen.py::test_asyncgen_basics,call,0.08,5.74
after,12,test_coroutine_or_error,trio/_tests/test_util.py::test_coroutine_or_error,call,0.06,5.74
after,12,test_gc_after_trio_exits,trio/_tests/test_dtls.py::test_gc_after_trio_exits,call,0.05,5.74
after,12,test_broken_abort,trio/_core/_tests/test_run.py::test_broken_abort,call,0.04,5.74
after,12,test_guest_mode_internal_errors,trio/_core/_tests/test_guest_mode.py::test_guest_mode_internal_errors,call,0.04,5.74
after,12,test_thread_cache_deref,trio/_core/_tests/test_thread_cache.py::test_thread_cache_deref,call,0.04,5.74
after,12,test_guest_warns_if_abandoned,trio/_core/_tests/test_guest_mode.py::test_guest_warns_if_abandoned,call,0.04,5.74
after,12,test_error_in_run_loop,trio/_core/_tests/test_run.py::test_error_in_run_loop,call,0.04,5.74
after,12,test_guest_mode_asyncgens,trio/_core/_tests/test_guest_mode.py::test_guest_mode_asyncgens,call,0.04,5.74
after,12,test_last_minute_gc_edge_case,trio/_core/_tests/test_asyncgen.py::test_last_minute_gc_edge_case,call,0.04,5.74
after,12,test_delegation_to_existing_hooks,trio/_core/_tests/test_asyncgen.py::test_delegation_to_existing_hooks,call,0.04,5.74
after,12,test_run_in_worker_thread_abandoned,trio/_tests/test_threads.py::test_run_in_worker_thread_abandoned,call,0.02,5.74
after,12,test_MultiError_catch_doesnt_create_cyclic_garbage,trio/_core/_tests/test_multierror.py::test_MultiError_catch_doesnt_create_cyclic_garbage,call,0.02,5.74
after,12,test_warn_deprecated,trio/_tests/test_deprecate.py::test_warn_deprecated,call,0.02,5.74
after,12,test_custom_hostname_resolver,trio/_tests/test_socket.py::test_custom_hostname_resolver,teardown,0.02,5.74
after,12,test_the_trio_scheduler_is_deterministic_if_seeded,trio/_tests/test_scheduler_determinism.py::test_the_trio_scheduler_is_deterministic_if_seeded,call,0.01,5.74
after,12,test_run_in_trio_thread_ki,trio/_tests/test_threads.py::test_run_in_trio_thread_ki,call,0.01,5.74
after,12,test_the_trio_scheduler_is_not_deterministic,trio/_tests/test_scheduler_determinism.py::test_the_trio_scheduler_is_not_deterministic,call,0.01,5.74
after,12,test_mock_clock_autojump_preset,trio/_core/_tests/test_mock_clock.py::test_mock_clock_autojump_preset,call,0.01,5.74
after,12,test_ki_protection_works,trio/_core/_tests/test_ki.py::test_ki_protection_works,call,0.01,5.74
after,13,test_spawning_new_thread_from_deliver_reuses_starting_thread,trio/_core/_tests/test_thread_cache.py::test_spawning_new_thread_from_deliver_reuses_starting_thread,call,1.0,5.71
after,13,test_waitid_eintr,trio/_tests/test_subprocess.py::test_waitid_eintr,call,1.0,5.71
after,13,test_idle_threads_exit,trio/_core/_tests/test_thread_cache.py::test_idle_threads_exit,call,1.0,5.71
after,13,test_apport_excepthook_monkeypatch_interaction,trio/_core/_tests/test_multierror.py::test_apport_excepthook_monkeypatch_interaction,call,0.11,5.71
after,13,test_TrioToken_run_sync_soon_threaded_stress_test,trio/_core/_tests/test_run.py::test_TrioToken_run_sync_soon_threaded_stress_test,call,0.1,5.71
after,13,test_asyncgen_basics,trio/_core/_tests/test_asyncgen.py::test_asyncgen_basics,call,0.08,5.71
after,13,test_coroutine_or_error,trio/_tests/test_util.py::test_coroutine_or_error,call,0.05,5.71
after,13,test_gc_after_trio_exits,trio/_tests/test_dtls.py::test_gc_after_trio_exits,call,0.04,5.71
after,13,test_broken_abort,trio/_core/_tests/test_run.py::test_broken_abort,call,0.04,5.71
after,13,test_thread_cache_deref,trio/_core/_tests/test_thread_cache.py::test_thread_cache_deref,call,0.04,5.71
after,13,test_guest_mode_internal_errors,trio/_core/_tests/test_guest_mode.py::test_guest_mode_internal_errors,call,0.04,5.71
after,13,test_guest_warns_if_abandoned,trio/_core/_tests/test_guest_mode.py::test_guest_warns_if_abandoned,call,0.04,5.71
after,13,test_error_in_run_loop,trio/_core/_tests/test_run.py::test_error_in_run_loop,call,0.04,5.71
after,13,test_delegation_to_existing_hooks,trio/_core/_tests/test_asyncgen.py::test_delegation_to_existing_hooks,call,0.04,5.71
after,13,test_last_minute_gc_edge_case,trio/_core/_tests/test_asyncgen.py::test_last_minute_gc_edge_case,call,0.04,5.71
after,13,test_guest_mode_asyncgens,trio/_core/_tests/test_guest_mode.py::test_guest_mode_asyncgens,call,0.04,5.71
after,13,test_MultiError_catch_doesnt_create_cyclic_garbage,trio/_core/_tests/test_multierror.py::test_MultiError_catch_doesnt_create_cyclic_garbage,call,0.02,5.71
after,13,test_warn_deprecated,trio/_tests/test_deprecate.py::test_warn_deprecated,call,0.02,5.71
after,13,test_custom_hostname_resolver,trio/_tests/test_socket.py::test_custom_hostname_resolver,teardown,0.02,5.71
after,13,test_run_in_trio_thread_ki,trio/_tests/test_threads.py::test_run_in_trio_thread_ki,call,0.01,5.71
after,13,test_the_trio_scheduler_is_deterministic_if_seeded,trio/_tests/test_scheduler_determinism.py::test_the_trio_scheduler_is_deterministic_if_seeded,call,0.01,5.71
after,13,test_the_trio_scheduler_is_not_deterministic,trio/_tests/test_scheduler_determinism.py::test_the_trio_scheduler_is_not_deterministic,call,0.01,5.71
after,13,test_mock_clock_autojump_preset,trio/_core/_tests/test_mock_clock.py::test_mock_clock_autojump_preset,call,0.01,5.71
after,13,test_run_in_worker_thread_abandoned,trio/_tests/test_threads.py::test_run_in_worker_thread_abandoned,call,0.01,5.71
after,13,test_ki_protection_works,trio/_core/_tests/test_ki.py::test_ki_protection_works,call,0.01,5.71
after,14,test_spawning_new_thread_from_deliver_reuses_starting_thread,trio/_core/_tests/test_thread_cache.py::test_spawning_new_thread_from_deliver_reuses_starting_thread,call,1.0,5.73
after,14,test_waitid_eintr,trio/_tests/test_subprocess.py::test_waitid_eintr,call,1.0,5.73
after,14,test_idle_threads_exit,trio/_core/_tests/test_thread_cache.py::test_idle_threads_exit,call,1.0,5.73
after,14,test_apport_excepthook_monkeypatch_interaction,trio/_core/_tests/test_multierror.py::test_apport_excepthook_monkeypatch_interaction,call,0.11,5.73
after,14,test_TrioToken_run_sync_soon_threaded_stress_test,trio/_core/_tests/test_run.py::test_TrioToken_run_sync_soon_threaded_stress_test,call,0.1,5.73
after,14,test_asyncgen_basics,trio/_core/_tests/test_asyncgen.py::test_asyncgen_basics,call,0.07,5.73
after,14,test_coroutine_or_error,trio/_tests/test_util.py::test_coroutine_or_error,call,0.06,5.73
after,14,test_broken_abort,trio/_core/_tests/test_run.py::test_broken_abort,call,0.05,5.73
after,14,test_gc_after_trio_exits,trio/_tests/test_dtls.py::test_gc_after_trio_exits,call,0.04,5.73
after,14,test_guest_mode_internal_errors,trio/_core/_tests/test_guest_mode.py::test_guest_mode_internal_errors,call,0.04,5.73
after,14,test_thread_cache_deref,trio/_core/_tests/test_thread_cache.py::test_thread_cache_deref,call,0.04,5.73
after,14,test_guest_mode_asyncgens,trio/_core/_tests/test_guest_mode.py::test_guest_mode_asyncgens,call,0.04,5.73
after,14,test_error_in_run_loop,trio/_core/_tests/test_run.py::test_error_in_run_loop,call,0.04,5.73
after,14,test_guest_warns_if_abandoned,trio/_core/_tests/test_guest_mode.py::test_guest_warns_if_abandoned,call,0.04,5.73
after,14,test_last_minute_gc_edge_case,trio/_core/_tests/test_asyncgen.py::test_last_minute_gc_edge_case,call,0.04,5.73
after,14,test_delegation_to_existing_hooks,trio/_core/_tests/test_asyncgen.py::test_delegation_to_existing_hooks,call,0.04,5.73
after,14,test_MultiError_catch_doesnt_create_cyclic_garbage,trio/_core/_tests/test_multierror.py::test_MultiError_catch_doesnt_create_cyclic_garbage,call,0.02,5.73
after,14,test_warn_deprecated,trio/_tests/test_deprecate.py::test_warn_deprecated,call,0.02,5.73
after,14,test_custom_hostname_resolver,trio/_tests/test_socket.py::test_custom_hostname_resolver,teardown,0.02,5.73
after,14,test_run_in_trio_thread_ki,trio/_tests/test_threads.py::test_run_in_trio_thread_ki,call,0.01,5.73
after,14,test_the_trio_scheduler_is_deterministic_if_seeded,trio/_tests/test_scheduler_determinism.py::test_the_trio_scheduler_is_deterministic_if_seeded,call,0.01,5.73
after,14,test_mock_clock_autojump_preset,trio/_core/_tests/test_mock_clock.py::test_mock_clock_autojump_preset,call,0.01,5.73
after,14,test_run_in_worker_thread_abandoned,trio/_tests/test_threads.py::test_run_in_worker_thread_abandoned,call,0.01,5.73
after,14,test_the_trio_scheduler_is_not_deterministic,trio/_tests/test_scheduler_determinism.py::test_the_trio_scheduler_is_not_deterministic,call,0.01,5.73
after,14,test_ki_protection_works,trio/_core/_tests/test_ki.py::test_ki_protection_works,call,0.01,5.73
after,15,test_spawning_new_thread_from_deliver_reuses_starting_thread,trio/_core/_tests/test_thread_cache.py::test_spawning_new_thread_from_deliver_reuses_starting_thread,call,1.0,5.73
after,15,test_idle_threads_exit,trio/_core/_tests/test_thread_cache.py::test_idle_threads_exit,call,1.0,5.73
after,15,test_waitid_eintr,trio/_tests/test_subprocess.py::test_waitid_eintr,call,1.0,5.73
after,15,test_apport_excepthook_monkeypatch_interaction,trio/_core/_tests/test_multierror.py::test_apport_excepthook_monkeypatch_interaction,call,0.11,5.73
after,15,test_TrioToken_run_sync_soon_threaded_stress_test,trio/_core/_tests/test_run.py::test_TrioToken_run_sync_soon_threaded_stress_test,call,0.1,5.73
after,15,test_asyncgen_basics,trio/_core/_tests/test_asyncgen.py::test_asyncgen_basics,call,0.08,5.73
after,15,test_coroutine_or_error,trio/_tests/test_util.py::test_coroutine_or_error,call,0.06,5.73
after,15,test_gc_after_trio_exits,trio/_tests/test_dtls.py::test_gc_after_trio_exits,call,0.05,5.73
after,15,test_broken_abort,trio/_core/_tests/test_run.py::test_broken_abort,call,0.05,5.73
after,15,test_thread_cache_deref,trio/_core/_tests/test_thread_cache.py::test_thread_cache_deref,call,0.04,5.73
after,15,test_guest_mode_internal_errors,trio/_core/_tests/test_guest_mode.py::test_guest_mode_internal_errors,call,0.04,5.73
after,15,test_error_in_run_loop,trio/_core/_tests/test_run.py::test_error_in_run_loop,call,0.04,5.73
after,15,test_guest_mode_asyncgens,trio/_core/_tests/test_guest_mode.py::test_guest_mode_asyncgens,call,0.04,5.73
after,15,test_guest_warns_if_abandoned,trio/_core/_tests/test_guest_mode.py::test_guest_warns_if_abandoned,call,0.04,5.73
after,15,test_delegation_to_existing_hooks,trio/_core/_tests/test_asyncgen.py::test_delegation_to_existing_hooks,call,0.04,5.73
after,15,test_last_minute_gc_edge_case,trio/_core/_tests/test_asyncgen.py::test_last_minute_gc_edge_case,call,0.04,5.73
after,15,test_MultiError_catch_doesnt_create_cyclic_garbage,trio/_core/_tests/test_multierror.py::test_MultiError_catch_doesnt_create_cyclic_garbage,call,0.02,5.73
after,15,test_warn_deprecated,trio/_tests/test_deprecate.py::test_warn_deprecated,call,0.02,5.73
after,15,test_custom_hostname_resolver,trio/_tests/test_socket.py::test_custom_hostname_resolver,teardown,0.02,5.73
after,15,test_the_trio_scheduler_is_deterministic_if_seeded,trio/_tests/test_scheduler_determinism.py::test_the_trio_scheduler_is_deterministic_if_seeded,call,0.01,5.73
after,15,test_the_trio_scheduler_is_not_deterministic,trio/_tests/test_scheduler_determinism.py::test_the_trio_scheduler_is_not_deterministic,call,0.01,5.73
after,15,test_run_in_trio_thread_ki,trio/_tests/test_threads.py::test_run_in_trio_thread_ki,call,0.01,5.73
after,15,test_mock_clock_autojump_preset,trio/_core/_tests/test_mock_clock.py::test_mock_clock_autojump_preset,call,0.01,5.73
after,15,test_run_in_worker_thread_abandoned,trio/_tests/test_threads.py::test_run_in_worker_thread_abandoned,call,0.01,5.73
after,15,test_ki_protection_works,trio/_core/_tests/test_ki.py::test_ki_protection_works,call,0.01,5.73
after,16,test_spawning_new_thread_from_deliver_reuses_starting_thread,trio/_core/_tests/test_thread_cache.py::test_spawning_new_thread_from_deliver_reuses_starting_thread,call,1.0,5.71
after,16,test_waitid_eintr,trio/_tests/test_subprocess.py::test_waitid_eintr,call,1.0,5.71
after,16,test_idle_threads_exit,trio/_core/_tests/test_thread_cache.py::test_idle_threads_exit,call,1.0,5.71
after,16,test_apport_excepthook_monkeypatch_interaction,trio/_core/_tests/test_multierror.py::test_apport_excepthook_monkeypatch_interaction,call,0.11,5.71
after,16,test_TrioToken_run_sync_soon_threaded_stress_test,trio/_core/_tests/test_run.py::test_TrioToken_run_sync_soon_threaded_stress_test,call,0.1,5.71
after,16,test_asyncgen_basics,trio/_core/_tests/test_asyncgen.py::test_asyncgen_basics,call,0.08,5.71
after,16,test_coroutine_or_error,trio/_tests/test_util.py::test_coroutine_or_error,call,0.05,5.71
after,16,test_thread_cache_deref,trio/_core/_tests/test_thread_cache.py::test_thread_cache_deref,call,0.05,5.71
after,16,test_broken_abort,trio/_core/_tests/test_run.py::test_broken_abort,call,0.05,5.71
after,16,test_gc_after_trio_exits,trio/_tests/test_dtls.py::test_gc_after_trio_exits,call,0.04,5.71
after,16,test_guest_mode_internal_errors,trio/_core/_tests/test_guest_mode.py::test_guest_mode_internal_errors,call,0.04,5.71
after,16,test_error_in_run_loop,trio/_core/_tests/test_run.py::test_error_in_run_loop,call,0.04,5.71
after,16,test_guest_mode_asyncgens,trio/_core/_tests/test_guest_mode.py::test_guest_mode_asyncgens,call,0.04,5.71
after,16,test_guest_warns_if_abandoned,trio/_core/_tests/test_guest_mode.py::test_guest_warns_if_abandoned,call,0.04,5.71
after,16,test_last_minute_gc_edge_case,trio/_core/_tests/test_asyncgen.py::test_last_minute_gc_edge_case,call,0.04,5.71
after,16,test_delegation_to_existing_hooks,trio/_core/_tests/test_asyncgen.py::test_delegation_to_existing_hooks,call,0.04,5.71
after,16,test_MultiError_catch_doesnt_create_cyclic_garbage,trio/_core/_tests/test_multierror.py::test_MultiError_catch_doesnt_create_cyclic_garbage,call,0.02,5.71
after,16,test_warn_deprecated,trio/_tests/test_deprecate.py::test_warn_deprecated,call,0.02,5.71
after,16,test_custom_hostname_resolver,trio/_tests/test_socket.py::test_custom_hostname_resolver,teardown,0.02,5.71
after,16,test_run_in_trio_thread_ki,trio/_tests/test_threads.py::test_run_in_trio_thread_ki,call,0.01,5.71
after,16,test_the_trio_scheduler_is_deterministic_if_seeded,trio/_tests/test_scheduler_determinism.py::test_the_trio_scheduler_is_deterministic_if_seeded,call,0.01,5.71
after,16,test_mock_clock_autojump_preset,trio/_core/_tests/test_mock_clock.py::test_mock_clock_autojump_preset,call,0.01,5.71
after,16,test_run_in_worker_thread_abandoned,trio/_tests/test_threads.py::test_run_in_worker_thread_abandoned,call,0.01,5.71
after,16,test_the_trio_scheduler_is_not_deterministic,trio/_tests/test_scheduler_determinism.py::test_the_trio_scheduler_is_not_deterministic,call,0.01,5.71
after,16,test_ki_protection_works,trio/_core/_tests/test_ki.py::test_ki_protection_works,call,0.01,5.71
after,17,test_spawning_new_thread_from_deliver_reuses_starting_thread,trio/_core/_tests/test_thread_cache.py::test_spawning_new_thread_from_deliver_reuses_starting_thread,call,1.0,5.76
after,17,test_idle_threads_exit,trio/_core/_tests/test_thread_cache.py::test_idle_threads_exit,call,1.0,5.76
after,17,test_waitid_eintr,trio/_tests/test_subprocess.py::test_waitid_eintr,call,1.0,5.76
after,17,test_apport_excepthook_monkeypatch_interaction,trio/_core/_tests/test_multierror.py::test_apport_excepthook_monkeypatch_interaction,call,0.11,5.76
after,17,test_TrioToken_run_sync_soon_threaded_stress_test,trio/_core/_tests/test_run.py::test_TrioToken_run_sync_soon_threaded_stress_test,call,0.1,5.76
after,17,test_asyncgen_basics,trio/_core/_tests/test_asyncgen.py::test_asyncgen_basics,call,0.07,5.76
after,17,test_coroutine_or_error,trio/_tests/test_util.py::test_coroutine_or_error,call,0.06,5.76
after,17,test_gc_after_trio_exits,trio/_tests/test_dtls.py::test_gc_after_trio_exits,call,0.05,5.76
after,17,test_thread_cache_deref,trio/_core/_tests/test_thread_cache.py::test_thread_cache_deref,call,0.05,5.76
after,17,test_broken_abort,trio/_core/_tests/test_run.py::test_broken_abort,call,0.05,5.76
after,17,test_guest_mode_asyncgens,trio/_core/_tests/test_guest_mode.py::test_guest_mode_asyncgens,call,0.04,5.76
after,17,test_guest_mode_internal_errors,trio/_core/_tests/test_guest_mode.py::test_guest_mode_internal_errors,call,0.04,5.76
after,17,test_guest_warns_if_abandoned,trio/_core/_tests/test_guest_mode.py::test_guest_warns_if_abandoned,call,0.04,5.76
after,17,test_last_minute_gc_edge_case,trio/_core/_tests/test_asyncgen.py::test_last_minute_gc_edge_case,call,0.04,5.76
after,17,test_error_in_run_loop,trio/_core/_tests/test_run.py::test_error_in_run_loop,call,0.04,5.76
after,17,test_delegation_to_existing_hooks,trio/_core/_tests/test_asyncgen.py::test_delegation_to_existing_hooks,call,0.04,5.76
after,17,test_run_in_worker_thread_abandoned,trio/_tests/test_threads.py::test_run_in_worker_thread_abandoned,call,0.02,5.76
after,17,test_MultiError_catch_doesnt_create_cyclic_garbage,trio/_core/_tests/test_multierror.py::test_MultiError_catch_doesnt_create_cyclic_garbage,call,0.02,5.76
after,17,test_custom_hostname_resolver,trio/_tests/test_socket.py::test_custom_hostname_resolver,teardown,0.02,5.76
after,17,test_warn_deprecated,trio/_tests/test_deprecate.py::test_warn_deprecated,call,0.02,5.76
after,17,test_run_in_trio_thread_ki,trio/_tests/test_threads.py::test_run_in_trio_thread_ki,call,0.01,5.76
after,17,test_mock_clock_autojump_preset,trio/_core/_tests/test_mock_clock.py::test_mock_clock_autojump_preset,call,0.01,5.76
after,17,test_the_trio_scheduler_is_deterministic_if_seeded,trio/_tests/test_scheduler_determinism.py::test_the_trio_scheduler_is_deterministic_if_seeded,call,0.01,5.76
after,17,test_the_trio_scheduler_is_not_deterministic,trio/_tests/test_scheduler_determinism.py::test_the_trio_scheduler_is_not_deterministic,call,0.01,5.76
after,17,test_ki_protection_works,trio/_core/_tests/test_ki.py::test_ki_protection_works,call,0.01,5.76
after,18,test_spawning_new_thread_from_deliver_reuses_starting_thread,trio/_core/_tests/test_thread_cache.py::test_spawning_new_thread_from_deliver_reuses_starting_thread,call,1.0,5.73
after,18,test_idle_threads_exit,trio/_core/_tests/test_thread_cache.py::test_idle_threads_exit,call,1.0,5.73
after,18,test_waitid_eintr,trio/_tests/test_subprocess.py::test_waitid_eintr,call,1.0,5.73
after,18,test_apport_excepthook_monkeypatch_interaction,trio/_core/_tests/test_multierror.py::test_apport_excepthook_monkeypatch_interaction,call,0.11,5.73
after,18,test_TrioToken_run_sync_soon_threaded_stress_test,trio/_core/_tests/test_run.py::test_TrioToken_run_sync_soon_threaded_stress_test,call,0.1,5.73
after,18,test_asyncgen_basics,trio/_core/_tests/test_asyncgen.py::test_asyncgen_basics,call,0.08,5.73
after,18,test_coroutine_or_error,trio/_tests/test_util.py::test_coroutine_or_error,call,0.06,5.73
after,18,test_last_minute_gc_edge_case,trio/_core/_tests/test_asyncgen.py::test_last_minute_gc_edge_case,call,0.05,5.73
after,18,test_broken_abort,trio/_core/_tests/test_run.py::test_broken_abort,call,0.05,5.73
after,18,test_gc_after_trio_exits,trio/_tests/test_dtls.py::test_gc_after_trio_exits,call,0.05,5.73
after,18,test_thread_cache_deref,trio/_core/_tests/test_thread_cache.py::test_thread_cache_deref,call,0.04,5.73
after,18,test_delegation_to_existing_hooks,trio/_core/_tests/test_asyncgen.py::test_delegation_to_existing_hooks,call,0.04,5.73
after,18,test_error_in_run_loop,trio/_core/_tests/test_run.py::test_error_in_run_loop,call,0.04,5.73
after,18,test_guest_mode_internal_errors,trio/_core/_tests/test_guest_mode.py::test_guest_mode_internal_errors,call,0.04,5.73
after,18,test_guest_mode_asyncgens,trio/_core/_tests/test_guest_mode.py::test_guest_mode_asyncgens,call,0.04,5.73
after,18,test_guest_warns_if_abandoned,trio/_core/_tests/test_guest_mode.py::test_guest_warns_if_abandoned,call,0.04,5.73
after,18,test_MultiError_catch_doesnt_create_cyclic_garbage,trio/_core/_tests/test_multierror.py::test_MultiError_catch_doesnt_create_cyclic_garbage,call,0.02,5.73
after,18,test_warn_deprecated,trio/_tests/test_deprecate.py::test_warn_deprecated,call,0.02,5.73
after,18,test_custom_hostname_resolver,trio/_tests/test_socket.py::test_custom_hostname_resolver,teardown,0.02,5.73
after,18,test_run_in_trio_thread_ki,trio/_tests/test_threads.py::test_run_in_trio_thread_ki,call,0.01,5.73
after,18,test_the_trio_scheduler_is_deterministic_if_seeded,trio/_tests/test_scheduler_determinism.py::test_the_trio_scheduler_is_deterministic_if_seeded,call,0.01,5.73
after,18,test_run_in_worker_thread_abandoned,trio/_tests/test_threads.py::test_run_in_worker_thread_abandoned,call,0.01,5.73
after,18,test_the_trio_scheduler_is_not_deterministic,trio/_tests/test_scheduler_determinism.py::test_the_trio_scheduler_is_not_deterministic,call,0.01,5.73
after,18,test_mock_clock_autojump_preset,trio/_core/_tests/test_mock_clock.py::test_mock_clock_autojump_preset,call,0.01,5.73
after,18,test_ki_protection_works,trio/_core/_tests/test_ki.py::test_ki_protection_works,call,0.01,5.73
after,19,test_spawning_new_thread_from_deliver_reuses_starting_thread,trio/_core/_tests/test_thread_cache.py::test_spawning_new_thread_from_deliver_reuses_starting_thread,call,1.0,5.71
after,19,test_idle_threads_exit,trio/_core/_tests/test_thread_cache.py::test_idle_threads_exit,call,1.0,5.71
after,19,test_waitid_eintr,trio/_tests/test_subprocess.py::test_waitid_eintr,call,1.0,5.71
after,19,test_apport_excepthook_monkeypatch_interaction,trio/_core/_tests/test_multierror.py::test_apport_excepthook_monkeypatch_interaction,call,0.11,5.71
after,19,test_TrioToken_run_sync_soon_threaded_stress_test,trio/_core/_tests/test_run.py::test_TrioToken_run_sync_soon_threaded_stress_test,call,0.1,5.71
after,19,test_asyncgen_basics,trio/_core/_tests/test_asyncgen.py::test_asyncgen_basics,call,0.07,5.71
after,19,test_coroutine_or_error,trio/_tests/test_util.py::test_coroutine_or_error,call,0.06,5.71
after,19,test_gc_after_trio_exits,trio/_tests/test_dtls.py::test_gc_after_trio_exits,call,0.05,5.71
after,19,test_broken_abort,trio/_core/_tests/test_run.py::test_broken_abort,call,0.05,5.71
after,19,test_guest_mode_internal_errors,trio/_core/_tests/test_guest_mode.py::test_guest_mode_internal_errors,call,0.04,5.71
after,19,test_guest_mode_asyncgens,trio/_core/_tests/test_guest_mode.py::test_guest_mode_asyncgens,call,0.04,5.71
after,19,test_thread_cache_deref,trio/_core/_tests/test_thread_cache.py::test_thread_cache_deref,call,0.04,5.71
after,19,test_guest_warns_if_abandoned,trio/_core/_tests/test_guest_mode.py::test_guest_warns_if_abandoned,call,0.04,5.71
after,19,test_error_in_run_loop,trio/_core/_tests/test_run.py::test_error_in_run_loop,call,0.04,5.71
after,19,test_last_minute_gc_edge_case,trio/_core/_tests/test_asyncgen.py::test_last_minute_gc_edge_case,call,0.04,5.71
after,19,test_delegation_to_existing_hooks,trio/_core/_tests/test_asyncgen.py::test_delegation_to_existing_hooks,call,0.04,5.71
after,19,test_run_in_worker_thread_abandoned,trio/_tests/test_threads.py::test_run_in_worker_thread_abandoned,call,0.02,5.71
after,19,test_MultiError_catch_doesnt_create_cyclic_garbage,trio/_core/_tests/test_multierror.py::test_MultiError_catch_doesnt_create_cyclic_garbage,call,0.02,5.71
after,19,test_warn_deprecated,trio/_tests/test_deprecate.py::test_warn_deprecated,call,0.02,5.71
after,19,test_custom_hostname_resolver,trio/_tests/test_socket.py::test_custom_hostname_resolver,teardown,0.02,5.71
after,19,test_run_in_trio_thread_ki,trio/_tests/test_threads.py::test_run_in_trio_thread_ki,call,0.01,5.71
after,19,test_the_trio_scheduler_is_deterministic_if_seeded,trio/_tests/test_scheduler_determinism.py::test_the_trio_scheduler_is_deterministic_if_seeded,call,0.01,5.71
after,19,test_mock_clock_autojump_preset,trio/_core/_tests/test_mock_clock.py::test_mock_clock_autojump_preset,call,0.01,5.71
after,19,test_the_trio_scheduler_is_not_deterministic,trio/_tests/test_scheduler_determinism.py::test_the_trio_scheduler_is_not_deterministic,call,0.01,5.71
after,19,test_ki_protection_works,trio/_core/_tests/test_ki.py::test_ki_protection_works,call,0.01,5.71
after,20,test_spawning_new_thread_from_deliver_reuses_starting_thread,trio/_core/_tests/test_thread_cache.py::test_spawning_new_thread_from_deliver_reuses_starting_thread,call,1.0,5.74
after,20,test_idle_threads_exit,trio/_core/_tests/test_thread_cache.py::test_idle_threads_exit,call,1.0,5.74
after,20,test_waitid_eintr,trio/_tests/test_subprocess.py::test_waitid_eintr,call,1.0,5.74
after,20,test_apport_excepthook_monkeypatch_interaction,trio/_core/_tests/test_multierror.py::test_apport_excepthook_monkeypatch_interaction,call,0.11,5.74
after,20,test_TrioToken_run_sync_soon_threaded_stress_test,trio/_core/_tests/test_run.py::test_TrioToken_run_sync_soon_threaded_stress_test,call,0.1,5.74
after,20,test_asyncgen_basics,trio/_core/_tests/test_asyncgen.py::test_asyncgen_basics,call,0.07,5.74
after,20,test_coroutine_or_error,trio/_tests/test_util.py::test_coroutine_or_error,call,0.06,5.74
after,20,test_broken_abort,trio/_core/_tests/test_run.py::test_broken_abort,call,0.06,5.74
after,20,test_thread_cache_deref,trio/_core/_tests/test_thread_cache.py::test_thread_cache_deref,call,0.05,5.74
after,20,test_gc_after_trio_exits,trio/_tests/test_dtls.py::test_gc_after_trio_exits,call,0.05,5.74
after,20,test_guest_mode_internal_errors,trio/_core/_tests/test_guest_mode.py::test_guest_mode_internal_errors,call,0.04,5.74
after,20,test_guest_mode_asyncgens,trio/_core/_tests/test_guest_mode.py::test_guest_mode_asyncgens,call,0.04,5.74
after,20,test_error_in_run_loop,trio/_core/_tests/test_run.py::test_error_in_run_loop,call,0.04,5.74
after,20,test_guest_warns_if_abandoned,trio/_core/_tests/test_guest_mode.py::test_guest_warns_if_abandoned,call,0.04,5.74
after,20,test_last_minute_gc_edge_case,trio/_core/_tests/test_asyncgen.py::test_last_minute_gc_edge_case,call,0.04,5.74
after,20,test_delegation_to_existing_hooks,trio/_core/_tests/test_asyncgen.py::test_delegation_to_existing_hooks,call,0.04,5.74
after,20,test_MultiError_catch_doesnt_create_cyclic_garbage,trio/_core/_tests/test_multierror.py::test_MultiError_catch_doesnt_create_cyclic_garbage,call,0.02,5.74
after,20,test_custom_hostname_resolver,trio/_tests/test_socket.py::test_custom_hostname_resolver,teardown,0.02,5.74
after,20,test_warn_deprecated,trio/_tests/test_deprecate.py::test_warn_deprecated,call,0.02,5.74
after,20,test_the_trio_scheduler_is_deterministic_if_seeded,trio/_tests/test_scheduler_determinism.py::test_the_trio_scheduler_is_deterministic_if_seeded,call,0.01,5.74
after,20,test_run_in_trio_thread_ki,trio/_tests/test_threads.py::test_run_in_trio_thread_ki,call,0.01,5.74
after,20,test_mock_clock_autojump_preset,trio/_core/_tests/test_mock_clock.py::test_mock_clock_autojump_preset,call,0.01,5.74
after,20,test_run_in_worker_thread_abandoned,trio/_tests/test_threads.py::test_run_in_worker_thread_abandoned,call,0.01,5.74
after,20,test_the_trio_scheduler_is_not_deterministic,trio/_tests/test_scheduler_determinism.py::test_the_trio_scheduler_is_not_deterministic,call,0.01,5.74
after,20,test_ki_protection_works,trio/_core/_tests/test_ki.py::test_ki_protection_works,call,0.01,5.74
after,21,test_spawning_new_thread_from_deliver_reuses_starting_thread,trio/_core/_tests/test_thread_cache.py::test_spawning_new_thread_from_deliver_reuses_starting_thread,call,1.0,5.73
after,21,test_waitid_eintr,trio/_tests/test_subprocess.py::test_waitid_eintr,call,1.0,5.73
after,21,test_idle_threads_exit,trio/_core/_tests/test_thread_cache.py::test_idle_threads_exit,call,1.0,5.73
after,21,test_apport_excepthook_monkeypatch_interaction,trio/_core/_tests/test_multierror.py::test_apport_excepthook_monkeypatch_interaction,call,0.11,5.73
after,21,test_TrioToken_run_sync_soon_threaded_stress_test,trio/_core/_tests/test_run.py::test_TrioToken_run_sync_soon_threaded_stress_test,call,0.1,5.73
after,21,test_asyncgen_basics,trio/_core/_tests/test_asyncgen.py::test_asyncgen_basics,call,0.08,5.73
after,21,test_coroutine_or_error,trio/_tests/test_util.py::test_coroutine_or_error,call,0.06,5.73
after,21,test_thread_cache_deref,trio/_core/_tests/test_thread_cache.py::test_thread_cache_deref,call,0.05,5.73
after,21,test_gc_after_trio_exits,trio/_tests/test_dtls.py::test_gc_after_trio_exits,call,0.05,5.73
after,21,test_broken_abort,trio/_core/_tests/test_run.py::test_broken_abort,call,0.05,5.73
after,21,test_guest_mode_internal_errors,trio/_core/_tests/test_guest_mode.py::test_guest_mode_internal_errors,call,0.04,5.73
after,21,test_guest_mode_asyncgens,trio/_core/_tests/test_guest_mode.py::test_guest_mode_asyncgens,call,0.04,5.73
after,21,test_error_in_run_loop,trio/_core/_tests/test_run.py::test_error_in_run_loop,call,0.04,5.73
after,21,test_guest_warns_if_abandoned,trio/_core/_tests/test_guest_mode.py::test_guest_warns_if_abandoned,call,0.04,5.73
after,21,test_last_minute_gc_edge_case,trio/_core/_tests/test_asyncgen.py::test_last_minute_gc_edge_case,call,0.04,5.73
after,21,test_delegation_to_existing_hooks,trio/_core/_tests/test_asyncgen.py::test_delegation_to_existing_hooks,call,0.04,5.73
after,21,test_MultiError_catch_doesnt_create_cyclic_garbage,trio/_core/_tests/test_multierror.py::test_MultiError_catch_doesnt_create_cyclic_garbage,call,0.02,5.73
after,21,test_warn_deprecated,trio/_tests/test_deprecate.py::test_warn_deprecated,call,0.02,5.73
after,21,test_custom_hostname_resolver,trio/_tests/test_socket.py::test_custom_hostname_resolver,teardown,0.02,5.73
after,21,test_run_in_trio_thread_ki,trio/_tests/test_threads.py::test_run_in_trio_thread_ki,call,0.01,5.73
after,21,test_the_trio_scheduler_is_deterministic_if_seeded,trio/_tests/test_scheduler_determinism.py::test_the_trio_scheduler_is_deterministic_if_seeded,call,0.01,5.73
after,21,test_the_trio_scheduler_is_not_deterministic,trio/_tests/test_scheduler_determinism.py::test_the_trio_scheduler_is_not_deterministic,call,0.01,5.73
after,21,test_run_in_worker_thread_abandoned,trio/_tests/test_threads.py::test_run_in_worker_thread_abandoned,call,0.01,5.73
after,21,test_mock_clock_autojump_preset,trio/_core/_tests/test_mock_clock.py::test_mock_clock_autojump_preset,call,0.01,5.73
after,21,test_ki_protection_works,trio/_core/_tests/test_ki.py::test_ki_protection_works,call,0.01,5.73
after,22,test_spawning_new_thread_from_deliver_reuses_starting_thread,trio/_core/_tests/test_thread_cache.py::test_spawning_new_thread_from_deliver_reuses_starting_thread,call,1.0,5.71
after,22,test_idle_threads_exit,trio/_core/_tests/test_thread_cache.py::test_idle_threads_exit,call,1.0,5.71
after,22,test_waitid_eintr,trio/_tests/test_subprocess.py::test_waitid_eintr,call,1.0,5.71
after,22,test_apport_excepthook_monkeypatch_interaction,trio/_core/_tests/test_multierror.py::test_apport_excepthook_monkeypatch_interaction,call,0.11,5.71
after,22,test_TrioToken_run_sync_soon_threaded_stress_test,trio/_core/_tests/test_run.py::test_TrioToken_run_sync_soon_threaded_stress_test,call,0.1,5.71
after,22,test_asyncgen_basics,trio/_core/_tests/test_asyncgen.py::test_asyncgen_basics,call,0.08,5.71
after,22,test_coroutine_or_error,trio/_tests/test_util.py::test_coroutine_or_error,call,0.06,5.71
after,22,test_gc_after_trio_exits,trio/_tests/test_dtls.py::test_gc_after_trio_exits,call,0.04,5.71
after,22,test_broken_abort,trio/_core/_tests/test_run.py::test_broken_abort,call,0.04,5.71
after,22,test_guest_mode_internal_errors,trio/_core/_tests/test_guest_mode.py::test_guest_mode_internal_errors,call,0.04,5.71
after,22,test_thread_cache_deref,trio/_core/_tests/test_thread_cache.py::test_thread_cache_deref,call,0.04,5.71
after,22,test_guest_warns_if_abandoned,trio/_core/_tests/test_guest_mode.py::test_guest_warns_if_abandoned,call,0.04,5.71
after,22,test_guest_mode_asyncgens,trio/_core/_tests/test_guest_mode.py::test_guest_mode_asyncgens,call,0.04,5.71
after,22,test_last_minute_gc_edge_case,trio/_core/_tests/test_asyncgen.py::test_last_minute_gc_edge_case,call,0.04,5.71
after,22,test_delegation_to_existing_hooks,trio/_core/_tests/test_asyncgen.py::test_delegation_to_existing_hooks,call,0.04,5.71
after,22,test_error_in_run_loop,trio/_core/_tests/test_run.py::test_error_in_run_loop,call,0.04,5.71
after,22,test_MultiError_catch_doesnt_create_cyclic_garbage,trio/_core/_tests/test_multierror.py::test_MultiError_catch_doesnt_create_cyclic_garbage,call,0.02,5.71
after,22,test_warn_deprecated,trio/_tests/test_deprecate.py::test_warn_deprecated,call,0.02,5.71
after,22,test_custom_hostname_resolver,trio/_tests/test_socket.py::test_custom_hostname_resolver,teardown,0.02,5.71
after,22,test_run_in_trio_thread_ki,trio/_tests/test_threads.py::test_run_in_trio_thread_ki,call,0.01,5.71
after,22,test_the_trio_scheduler_is_deterministic_if_seeded,trio/_tests/test_scheduler_determinism.py::test_the_trio_scheduler_is_deterministic_if_seeded,call,0.01,5.71
after,22,test_run_in_worker_thread_abandoned,trio/_tests/test_threads.py::test_run_in_worker_thread_abandoned,call,0.01,5.71
after,22,test_mock_clock_autojump_preset,trio/_core/_tests/test_mock_clock.py::test_mock_clock_autojump_preset,call,0.01,5.71
after,22,test_the_trio_scheduler_is_not_deterministic,trio/_tests/test_scheduler_determinism.py::test_the_trio_scheduler_is_not_deterministic,call,0.01,5.71
after,22,test_ki_protection_works,trio/_core/_tests/test_ki.py::test_ki_protection_works,call,0.01,5.71
after,23,test_spawning_new_thread_from_deliver_reuses_starting_thread,trio/_core/_tests/test_thread_cache.py::test_spawning_new_thread_from_deliver_reuses_starting_thread,call,1.0,5.73
after,23,test_idle_threads_exit,trio/_core/_tests/test_thread_cache.py::test_idle_threads_exit,call,1.0,5.73
after,23,test_waitid_eintr,trio/_tests/test_subprocess.py::test_waitid_eintr,call,1.0,5.73
after,23,test_apport_excepthook_monkeypatch_interaction,trio/_core/_tests/test_multierror.py::test_apport_excepthook_monkeypatch_interaction,call,0.11,5.73
after,23,test_TrioToken_run_sync_soon_threaded_stress_test,trio/_core/_tests/test_run.py::test_TrioToken_run_sync_soon_threaded_stress_test,call,0.1,5.73
after,23,test_asyncgen_basics,trio/_core/_tests/test_asyncgen.py::test_asyncgen_basics,call,0.07,5.73
after,23,test_coroutine_or_error,trio/_tests/test_util.py::test_coroutine_or_error,call,0.06,5.73
after,23,test_gc_after_trio_exits,trio/_tests/test_dtls.py::test_gc_after_trio_exits,call,0.05,5.73
after,23,test_broken_abort,trio/_core/_tests/test_run.py::test_broken_abort,call,0.05,5.73
after,23,test_thread_cache_deref,trio/_core/_tests/test_thread_cache.py::test_thread_cache_deref,call,0.05,5.73
after,23,test_guest_mode_internal_errors,trio/_core/_tests/test_guest_mode.py::test_guest_mode_internal_errors,call,0.04,5.73
after,23,test_error_in_run_loop,trio/_core/_tests/test_run.py::test_error_in_run_loop,call,0.04,5.73
after,23,test_guest_warns_if_abandoned,trio/_core/_tests/test_guest_mode.py::test_guest_warns_if_abandoned,call,0.04,5.73
after,23,test_guest_mode_asyncgens,trio/_core/_tests/test_guest_mode.py::test_guest_mode_asyncgens,call,0.04,5.73
after,23,test_delegation_to_existing_hooks,trio/_core/_tests/test_asyncgen.py::test_delegation_to_existing_hooks,call,0.04,5.73
after,23,test_last_minute_gc_edge_case,trio/_core/_tests/test_asyncgen.py::test_last_minute_gc_edge_case,call,0.04,5.73
after,23,test_MultiError_catch_doesnt_create_cyclic_garbage,trio/_core/_tests/test_multierror.py::test_MultiError_catch_doesnt_create_cyclic_garbage,call,0.02,5.73
after,23,test_warn_deprecated,trio/_tests/test_deprecate.py::test_warn_deprecated,call,0.02,5.73
after,23,test_custom_hostname_resolver,trio/_tests/test_socket.py::test_custom_hostname_resolver,teardown,0.02,5.73
after,23,test_run_in_trio_thread_ki,trio/_tests/test_threads.py::test_run_in_trio_thread_ki,call,0.01,5.73
after,23,test_the_trio_scheduler_is_deterministic_if_seeded,trio/_tests/test_scheduler_determinism.py::test_the_trio_scheduler_is_deterministic_if_seeded,call,0.01,5.73
after,23,test_run_in_worker_thread_abandoned,trio/_tests/test_threads.py::test_run_in_worker_thread_abandoned,call,0.01,5.73
after,23,test_the_trio_scheduler_is_not_deterministic,trio/_tests/test_scheduler_determinism.py::test_the_trio_scheduler_is_not_deterministic,call,0.01,5.73
after,23,test_mock_clock_autojump_preset,trio/_core/_tests/test_mock_clock.py::test_mock_clock_autojump_preset,call,0.01,5.73
after,23,test_ki_protection_works,trio/_core/_tests/test_ki.py::test_ki_protection_works,call,0.01,5.73
after,24,test_spawning_new_thread_from_deliver_reuses_starting_thread,trio/_core/_tests/test_thread_cache.py::test_spawning_new_thread_from_deliver_reuses_starting_thread,call,1.0,5.71
after,24,test_idle_threads_exit,trio/_core/_tests/test_thread_cache.py::test_idle_threads_exit,call,1.0,5.71
after,24,test_waitid_eintr,trio/_tests/test_subprocess.py::test_waitid_eintr,call,1.0,5.71
after,24,test_apport_excepthook_monkeypatch_interaction,trio/_core/_tests/test_multierror.py::test_apport_excepthook_monkeypatch_interaction,call,0.11,5.71
after,24,test_TrioToken_run_sync_soon_threaded_stress_test,trio/_core/_tests/test_run.py::test_TrioToken_run_sync_soon_threaded_stress_test,call,0.1,5.71
after,24,test_asyncgen_basics,trio/_core/_tests/test_asyncgen.py::test_asyncgen_basics,call,0.07,5.71
after,24,test_coroutine_or_error,trio/_tests/test_util.py::test_coroutine_or_error,call,0.06,5.71
after,24,test_thread_cache_deref,trio/_core/_tests/test_thread_cache.py::test_thread_cache_deref,call,0.05,5.71
after,24,test_broken_abort,trio/_core/_tests/test_run.py::test_broken_abort,call,0.05,5.71
after,24,test_gc_after_trio_exits,trio/_tests/test_dtls.py::test_gc_after_trio_exits,call,0.04,5.71
after,24,test_guest_warns_if_abandoned,trio/_core/_tests/test_guest_mode.py::test_guest_warns_if_abandoned,call,0.04,5.71
after,24,test_guest_mode_internal_errors,trio/_core/_tests/test_guest_mode.py::test_guest_mode_internal_errors,call,0.04,5.71
after,24,test_last_minute_gc_edge_case,trio/_core/_tests/test_asyncgen.py::test_last_minute_gc_edge_case,call,0.04,5.71
after,24,test_guest_mode_asyncgens,trio/_core/_tests/test_guest_mode.py::test_guest_mode_asyncgens,call,0.04,5.71
after,24,test_error_in_run_loop,trio/_core/_tests/test_run.py::test_error_in_run_loop,call,0.04,5.71
after,24,test_delegation_to_existing_hooks,trio/_core/_tests/test_asyncgen.py::test_delegation_to_existing_hooks,call,0.04,5.71
after,24,test_MultiError_catch_doesnt_create_cyclic_garbage,trio/_core/_tests/test_multierror.py::test_MultiError_catch_doesnt_create_cyclic_garbage,call,0.02,5.71
after,24,test_warn_deprecated,trio/_tests/test_deprecate.py::test_warn_deprecated,call,0.02,5.71
after,24,test_custom_hostname_resolver,trio/_tests/test_socket.py::test_custom_hostname_resolver,teardown,0.02,5.71
after,24,test_run_in_trio_thread_ki,trio/_tests/test_threads.py::test_run_in_trio_thread_ki,call,0.01,5.71
after,24,test_the_trio_scheduler_is_deterministic_if_seeded,trio/_tests/test_scheduler_determinism.py::test_the_trio_scheduler_is_deterministic_if_seeded,call,0.01,5.71
after,24,test_run_in_worker_thread_abandoned,trio/_tests/test_threads.py::test_run_in_worker_thread_abandoned,call,0.01,5.71
after,24,test_the_trio_scheduler_is_not_deterministic,trio/_tests/test_scheduler_determinism.py::test_the_trio_scheduler_is_not_deterministic,call,0.01,5.71
after,24,test_mock_clock_autojump_preset,trio/_core/_tests/test_mock_clock.py::test_mock_clock_autojump_preset,call,0.01,5.71
after,24,test_ki_protection_works,trio/_core/_tests/test_ki.py::test_ki_protection_works,call,0.01,5.71
after,25,test_idle_threads_exit,trio/_core/_tests/test_thread_cache.py::test_idle_threads_exit,call,1.0,5.73
after,25,test_spawning_new_thread_from_deliver_reuses_starting_thread,trio/_core/_tests/test_thread_cache.py::test_spawning_new_thread_from_deliver_reuses_starting_thread,call,1.0,5.73
after,25,test_waitid_eintr,trio/_tests/test_subprocess.py::test_waitid_eintr,call,1.0,5.73
after,25,test_apport_excepthook_monkeypatch_interaction,trio/_core/_tests/test_multierror.py::test_apport_excepthook_monkeypatch_interaction,call,0.11,5.73
after,25,test_TrioToken_run_sync_soon_threaded_stress_test,trio/_core/_tests/test_run.py::test_TrioToken_run_sync_soon_threaded_stress_test,call,0.1,5.73
after,25,test_asyncgen_basics,trio/_core/_tests/test_asyncgen.py::test_asyncgen_basics,call,0.07,5.73
after,25,test_coroutine_or_error,trio/_tests/test_util.py::test_coroutine_or_error,call,0.05,5.73
after,25,test_broken_abort,trio/_core/_tests/test_run.py::test_broken_abort,call,0.05,5.73
after,25,test_thread_cache_deref,trio/_core/_tests/test_thread_cache.py::test_thread_cache_deref,call,0.05,5.73
after,25,test_gc_after_trio_exits,trio/_tests/test_dtls.py::test_gc_after_trio_exits,call,0.04,5.73
after,25,test_guest_mode_internal_errors,trio/_core/_tests/test_guest_mode.py::test_guest_mode_internal_errors,call,0.04,5.73
after,25,test_error_in_run_loop,trio/_core/_tests/test_run.py::test_error_in_run_loop,call,0.04,5.73
after,25,test_guest_warns_if_abandoned,trio/_core/_tests/test_guest_mode.py::test_guest_warns_if_abandoned,call,0.04,5.73
after,25,test_guest_mode_asyncgens,trio/_core/_tests/test_guest_mode.py::test_guest_mode_asyncgens,call,0.04,5.73
after,25,test_last_minute_gc_edge_case,trio/_core/_tests/test_asyncgen.py::test_last_minute_gc_edge_case,call,0.04,5.73
after,25,test_delegation_to_existing_hooks,trio/_core/_tests/test_asyncgen.py::test_delegation_to_existing_hooks,call,0.04,5.73
after,25,test_MultiError_catch_doesnt_create_cyclic_garbage,trio/_core/_tests/test_multierror.py::test_MultiError_catch_doesnt_create_cyclic_garbage,call,0.02,5.73
after,25,test_warn_deprecated,trio/_tests/test_deprecate.py::test_warn_deprecated,call,0.02,5.73
after,25,test_custom_hostname_resolver,trio/_tests/test_socket.py::test_custom_hostname_resolver,teardown,0.02,5.73
after,25,test_run_in_trio_thread_ki,trio/_tests/test_threads.py::test_run_in_trio_thread_ki,call,0.01,5.73
after,25,test_the_trio_scheduler_is_deterministic_if_seeded,trio/_tests/test_scheduler_determinism.py::test_the_trio_scheduler_is_deterministic_if_seeded,call,0.01,5.73
after,25,test_run_in_worker_thread_abandoned,trio/_tests/test_threads.py::test_run_in_worker_thread_abandoned,call,0.01,5.73
after,25,test_the_trio_scheduler_is_not_deterministic,trio/_tests/test_scheduler_determinism.py::test_the_trio_scheduler_is_not_deterministic,call,0.01,5.73
after,25,test_mock_clock_autojump_preset,trio/_core/_tests/test_mock_clock.py::test_mock_clock_autojump_preset,call,0.01,5.73
after,25,test_ki_protection_works,trio/_core/_tests/test_ki.py::test_ki_protection_works,call,0.01,5.73
after,26,test_spawning_new_thread_from_deliver_reuses_starting_thread,trio/_core/_tests/test_thread_cache.py::test_spawning_new_thread_from_deliver_reuses_starting_thread,call,1.0,5.79
after,26,test_idle_threads_exit,trio/_core/_tests/test_thread_cache.py::test_idle_threads_exit,call,1.0,5.79
after,26,test_waitid_eintr,trio/_tests/test_subprocess.py::test_waitid_eintr,call,1.0,5.79
after,26,test_apport_excepthook_monkeypatch_interaction,trio/_core/_tests/test_multierror.py::test_apport_excepthook_monkeypatch_interaction,call,0.11,5.79
after,26,test_TrioToken_run_sync_soon_threaded_stress_test,trio/_core/_tests/test_run.py::test_TrioToken_run_sync_soon_threaded_stress_test,call,0.1,5.79
after,26,test_asyncgen_basics,trio/_core/_tests/test_asyncgen.py::test_asyncgen_basics,call,0.08,5.79
after,26,test_coroutine_or_error,trio/_tests/test_util.py::test_coroutine_or_error,call,0.06,5.79
after,26,test_broken_abort,trio/_core/_tests/test_run.py::test_broken_abort,call,0.06,5.79
after,26,test_gc_after_trio_exits,trio/_tests/test_dtls.py::test_gc_after_trio_exits,call,0.05,5.79
after,26,test_thread_cache_deref,trio/_core/_tests/test_thread_cache.py::test_thread_cache_deref,call,0.05,5.79
after,26,test_guest_mode_internal_errors,trio/_core/_tests/test_guest_mode.py::test_guest_mode_internal_errors,call,0.04,5.79
after,26,test_guest_mode_asyncgens,trio/_core/_tests/test_guest_mode.py::test_guest_mode_asyncgens,call,0.04,5.79
after,26,test_error_in_run_loop,trio/_core/_tests/test_run.py::test_error_in_run_loop,call,0.04,5.79
after,26,test_guest_warns_if_abandoned,trio/_core/_tests/test_guest_mode.py::test_guest_warns_if_abandoned,call,0.04,5.79
after,26,test_last_minute_gc_edge_case,trio/_core/_tests/test_asyncgen.py::test_last_minute_gc_edge_case,call,0.04,5.79
after,26,test_delegation_to_existing_hooks,trio/_core/_tests/test_asyncgen.py::test_delegation_to_existing_hooks,call,0.04,5.79
after,26,test_run_in_worker_thread_abandoned,trio/_tests/test_threads.py::test_run_in_worker_thread_abandoned,call,0.02,5.79
after,26,test_MultiError_catch_doesnt_create_cyclic_garbage,trio/_core/_tests/test_multierror.py::test_MultiError_catch_doesnt_create_cyclic_garbage,call,0.02,5.79
after,26,test_custom_hostname_resolver,trio/_tests/test_socket.py::test_custom_hostname_resolver,teardown,0.02,5.79
after,26,test_warn_deprecated,trio/_tests/test_deprecate.py::test_warn_deprecated,call,0.02,5.79
after,26,test_run_in_trio_thread_ki,trio/_tests/test_threads.py::test_run_in_trio_thread_ki,call,0.01,5.79
after,26,test_the_trio_scheduler_is_deterministic_if_seeded,trio/_tests/test_scheduler_determinism.py::test_the_trio_scheduler_is_deterministic_if_seeded,call,0.01,5.79
after,26,test_mock_clock_autojump_preset,trio/_core/_tests/test_mock_clock.py::test_mock_clock_autojump_preset,call,0.01,5.79
after,26,test_the_trio_scheduler_is_not_deterministic,trio/_tests/test_scheduler_determinism.py::test_the_trio_scheduler_is_not_deterministic,call,0.01,5.79
after,26,test_ki_protection_works,trio/_core/_tests/test_ki.py::test_ki_protection_works,call,0.01,5.79
after,27,test_spawning_new_thread_from_deliver_reuses_starting_thread,trio/_core/_tests/test_thread_cache.py::test_spawning_new_thread_from_deliver_reuses_starting_thread,call,1.0,5.71
after,27,test_idle_threads_exit,trio/_core/_tests/test_thread_cache.py::test_idle_threads_exit,call,1.0,5.71
after,27,test_waitid_eintr,trio/_tests/test_subprocess.py::test_waitid_eintr,call,1.0,5.71
after,27,test_apport_excepthook_monkeypatch_interaction,trio/_core/_tests/test_multierror.py::test_apport_excepthook_monkeypatch_interaction,call,0.11,5.71
after,27,test_TrioToken_run_sync_soon_threaded_stress_test,trio/_core/_tests/test_run.py::test_TrioToken_run_sync_soon_threaded_stress_test,call,0.1,5.71
after,27,test_asyncgen_basics,trio/_core/_tests/test_asyncgen.py::test_asyncgen_basics,call,0.08,5.71
after,27,test_coroutine_or_error,trio/_tests/test_util.py::test_coroutine_or_error,call,0.06,5.71
after,27,test_broken_abort,trio/_core/_tests/test_run.py::test_broken_abort,call,0.04,5.71
after,27,test_gc_after_trio_exits,trio/_tests/test_dtls.py::test_gc_after_trio_exits,call,0.04,5.71
after,27,test_thread_cache_deref,trio/_core/_tests/test_thread_cache.py::test_thread_cache_deref,call,0.04,5.71
after,27,test_guest_mode_internal_errors,trio/_core/_tests/test_guest_mode.py::test_guest_mode_internal_errors,call,0.04,5.71
after,27,test_guest_warns_if_abandoned,trio/_core/_tests/test_guest_mode.py::test_guest_warns_if_abandoned,call,0.04,5.71
after,27,test_guest_mode_asyncgens,trio/_core/_tests/test_guest_mode.py::test_guest_mode_asyncgens,call,0.04,5.71
after,27,test_last_minute_gc_edge_case,trio/_core/_tests/test_asyncgen.py::test_last_minute_gc_edge_case,call,0.04,5.71
after,27,test_error_in_run_loop,trio/_core/_tests/test_run.py::test_error_in_run_loop,call,0.04,5.71
after,27,test_delegation_to_existing_hooks,trio/_core/_tests/test_asyncgen.py::test_delegation_to_existing_hooks,call,0.04,5.71
after,27,test_MultiError_catch_doesnt_create_cyclic_garbage,trio/_core/_tests/test_multierror.py::test_MultiError_catch_doesnt_create_cyclic_garbage,call,0.02,5.71
after,27,test_warn_deprecated,trio/_tests/test_deprecate.py::test_warn_deprecated,call,0.02,5.71
after,27,test_custom_hostname_resolver,trio/_tests/test_socket.py::test_custom_hostname_resolver,teardown,0.02,5.71
after,27,test_run_in_trio_thread_ki,trio/_tests/test_threads.py::test_run_in_trio_thread_ki,call,0.01,5.71
after,27,test_the_trio_scheduler_is_deterministic_if_seeded,trio/_tests/test_scheduler_determinism.py::test_the_trio_scheduler_is_deterministic_if_seeded,call,0.01,5.71
after,27,test_the_trio_scheduler_is_not_deterministic,trio/_tests/test_scheduler_determinism.py::test_the_trio_scheduler_is_not_deterministic,call,0.01,5.71
after,27,test_run_in_worker_thread_abandoned,trio/_tests/test_threads.py::test_run_in_worker_thread_abandoned,call,0.01,5.71
after,27,test_mock_clock_autojump_preset,trio/_core/_tests/test_mock_clock.py::test_mock_clock_autojump_preset,call,0.01,5.71
after,27,test_ki_protection_works,trio/_core/_tests/test_ki.py::test_ki_protection_works,call,0.01,5.71
after,28,test_spawning_new_thread_from_deliver_reuses_starting_thread,trio/_core/_tests/test_thread_cache.py::test_spawning_new_thread_from_deliver_reuses_starting_thread,call,1.0,5.73
after,28,test_idle_threads_exit,trio/_core/_tests/test_thread_cache.py::test_idle_threads_exit,call,1.0,5.73
after,28,test_waitid_eintr,trio/_tests/test_subprocess.py::test_waitid_eintr,call,1.0,5.73
after,28,test_apport_excepthook_monkeypatch_interaction,trio/_core/_tests/test_multierror.py::test_apport_excepthook_monkeypatch_interaction,call,0.11,5.73
after,28,test_TrioToken_run_sync_soon_threaded_stress_test,trio/_core/_tests/test_run.py::test_TrioToken_run_sync_soon_threaded_stress_test,call,0.1,5.73
after,28,test_asyncgen_basics,trio/_core/_tests/test_asyncgen.py::test_asyncgen_basics,call,0.07,5.73
after,28,test_coroutine_or_error,trio/_tests/test_util.py::test_coroutine_or_error,call,0.06,5.73
after,28,test_broken_abort,trio/_core/_tests/test_run.py::test_broken_abort,call,0.05,5.73
after,28,test_gc_after_trio_exits,trio/_tests/test_dtls.py::test_gc_after_trio_exits,call,0.05,5.73
after,28,test_thread_cache_deref,trio/_core/_tests/test_thread_cache.py::test_thread_cache_deref,call,0.04,5.73
after,28,test_guest_mode_internal_errors,trio/_core/_tests/test_guest_mode.py::test_guest_mode_internal_errors,call,0.04,5.73
after,28,test_error_in_run_loop,trio/_core/_tests/test_run.py::test_error_in_run_loop,call,0.04,5.73
after,28,test_guest_warns_if_abandoned,trio/_core/_tests/test_guest_mode.py::test_guest_warns_if_abandoned,call,0.04,5.73
after,28,test_guest_mode_asyncgens,trio/_core/_tests/test_guest_mode.py::test_guest_mode_asyncgens,call,0.04,5.73
after,28,test_last_minute_gc_edge_case,trio/_core/_tests/test_asyncgen.py::test_last_minute_gc_edge_case,call,0.04,5.73
after,28,test_delegation_to_existing_hooks,trio/_core/_tests/test_asyncgen.py::test_delegation_to_existing_hooks,call,0.04,5.73
after,28,test_MultiError_catch_doesnt_create_cyclic_garbage,trio/_core/_tests/test_multierror.py::test_MultiError_catch_doesnt_create_cyclic_garbage,call,0.02,5.73
after,28,test_warn_deprecated,trio/_tests/test_deprecate.py::test_warn_deprecated,call,0.02,5.73
after,28,test_custom_hostname_resolver,trio/_tests/test_socket.py::test_custom_hostname_resolver,teardown,0.02,5.73
after,28,test_run_in_trio_thread_ki,trio/_tests/test_threads.py::test_run_in_trio_thread_ki,call,0.01,5.73
after,28,test_the_trio_scheduler_is_deterministic_if_seeded,trio/_tests/test_scheduler_determinism.py::test_the_trio_scheduler_is_deterministic_if_seeded,call,0.01,5.73
after,28,test_the_trio_scheduler_is_not_deterministic,trio/_tests/test_scheduler_determinism.py::test_the_trio_scheduler_is_not_deterministic,call,0.01,5.73
after,28,test_mock_clock_autojump_preset,trio/_core/_tests/test_mock_clock.py::test_mock_clock_autojump_preset,call,0.01,5.73
after,28,test_run_in_worker_thread_abandoned,trio/_tests/test_threads.py::test_run_in_worker_thread_abandoned,call,0.01,5.73
after,28,test_ki_protection_works,trio/_core/_tests/test_ki.py::test_ki_protection_works,call,0.01,5.73
after,29,test_spawning_new_thread_from_deliver_reuses_starting_thread,trio/_core/_tests/test_thread_cache.py::test_spawning_new_thread_from_deliver_reuses_starting_thread,call,1.0,5.72
after,29,test_waitid_eintr,trio/_tests/test_subprocess.py::test_waitid_eintr,call,1.0,5.72
after,29,test_idle_threads_exit,trio/_core/_tests/test_thread_cache.py::test_idle_threads_exit,call,1.0,5.72
after,29,test_apport_excepthook_monkeypatch_interaction,trio/_core/_tests/test_multierror.py::test_apport_excepthook_monkeypatch_interaction,call,0.11,5.72
after,29,test_TrioToken_run_sync_soon_threaded_stress_test,trio/_core/_tests/test_run.py::test_TrioToken_run_sync_soon_threaded_stress_test,call,0.1,5.72
after,29,test_asyncgen_basics,trio/_core/_tests/test_asyncgen.py::test_asyncgen_basics,call,0.07,5.72
after,29,test_coroutine_or_error,trio/_tests/test_util.py::test_coroutine_or_error,call,0.06,5.72
after,29,test_broken_abort,trio/_core/_tests/test_run.py::test_broken_abort,call,0.05,5.72
after,29,test_gc_after_trio_exits,trio/_tests/test_dtls.py::test_gc_after_trio_exits,call,0.04,5.72
after,29,test_guest_mode_internal_errors,trio/_core/_tests/test_guest_mode.py::test_guest_mode_internal_errors,call,0.04,5.72
after,29,test_thread_cache_deref,trio/_core/_tests/test_thread_cache.py::test_thread_cache_deref,call,0.04,5.72
after,29,test_guest_mode_asyncgens,trio/_core/_tests/test_guest_mode.py::test_guest_mode_asyncgens,call,0.04,5.72
after,29,test_error_in_run_loop,trio/_core/_tests/test_run.py::test_error_in_run_loop,call,0.04,5.72
after,29,test_guest_warns_if_abandoned,trio/_core/_tests/test_guest_mode.py::test_guest_warns_if_abandoned,call,0.04,5.72
after,29,test_last_minute_gc_edge_case,trio/_core/_tests/test_asyncgen.py::test_last_minute_gc_edge_case,call,0.04,5.72
after,29,test_delegation_to_existing_hooks,trio/_core/_tests/test_asyncgen.py::test_delegation_to_existing_hooks,call,0.04,5.72
after,29,test_run_in_worker_thread_abandoned,trio/_tests/test_threads.py::test_run_in_worker_thread_abandoned,call,0.02,5.72
after,29,test_MultiError_catch_doesnt_create_cyclic_garbage,trio/_core/_tests/test_multierror.py::test_MultiError_catch_doesnt_create_cyclic_garbage,call,0.02,5.72
after,29,test_warn_deprecated,trio/_tests/test_deprecate.py::test_warn_deprecated,call,0.02,5.72
after,29,test_custom_hostname_resolver,trio/_tests/test_socket.py::test_custom_hostname_resolver,teardown,0.02,5.72
after,29,test_run_in_trio_thread_ki,trio/_tests/test_threads.py::test_run_in_trio_thread_ki,call,0.01,5.72
after,29,test_the_trio_scheduler_is_deterministic_if_seeded,trio/_tests/test_scheduler_determinism.py::test_the_trio_scheduler_is_deterministic_if_seeded,call,0.01,5.72
after,29,test_the_trio_scheduler_is_not_deterministic,trio/_tests/test_scheduler_determinism.py::test_the_trio_scheduler_is_not_deterministic,call,0.01,5.72
after,29,test_mock_clock_autojump_preset,trio/_core/_tests/test_mock_clock.py::test_mock_clock_autojump_preset,call,0.01,5.72
after,29,test_ki_protection_works,trio/_core/_tests/test_ki.py::test_ki_protection_works,call,0.01,5.72
after,30,test_spawning_new_thread_from_deliver_reuses_starting_thread,trio/_core/_tests/test_thread_cache.py::test_spawning_new_thread_from_deliver_reuses_starting_thread,call,1.0,5.75
after,30,test_idle_threads_exit,trio/_core/_tests/test_thread_cache.py::test_idle_threads_exit,call,1.0,5.75
after,30,test_waitid_eintr,trio/_tests/test_subprocess.py::test_waitid_eintr,call,1.0,5.75
after,30,test_apport_excepthook_monkeypatch_interaction,trio/_core/_tests/test_multierror.py::test_apport_excepthook_monkeypatch_interaction,call,0.11,5.75
after,30,test_TrioToken_run_sync_soon_threaded_stress_test,trio/_core/_tests/test_run.py::test_TrioToken_run_sync_soon_threaded_stress_test,call,0.1,5.75
after,30,test_asyncgen_basics,trio/_core/_tests/test_asyncgen.py::test_asyncgen_basics,call,0.08,5.75
after,30,test_coroutine_or_error,trio/_tests/test_util.py::test_coroutine_or_error,call,0.06,5.75
after,30,test_thread_cache_deref,trio/_core/_tests/test_thread_cache.py::test_thread_cache_deref,call,0.06,5.75
after,30,test_gc_after_trio_exits,trio/_tests/test_dtls.py::test_gc_after_trio_exits,call,0.05,5.75
after,30,test_broken_abort,trio/_core/_tests/test_run.py::test_broken_abort,call,0.05,5.75
after,30,test_error_in_run_loop,trio/_core/_tests/test_run.py::test_error_in_run_loop,call,0.04,5.75
after,30,test_guest_mode_internal_errors,trio/_core/_tests/test_guest_mode.py::test_guest_mode_internal_errors,call,0.04,5.75
after,30,test_guest_warns_if_abandoned,trio/_core/_tests/test_guest_mode.py::test_guest_warns_if_abandoned,call,0.04,5.75
after,30,test_guest_mode_asyncgens,trio/_core/_tests/test_guest_mode.py::test_guest_mode_asyncgens,call,0.04,5.75
after,30,test_last_minute_gc_edge_case,trio/_core/_tests/test_asyncgen.py::test_last_minute_gc_edge_case,call,0.04,5.75
after,30,test_delegation_to_existing_hooks,trio/_core/_tests/test_asyncgen.py::test_delegation_to_existing_hooks,call,0.04,5.75
after,30,test_MultiError_catch_doesnt_create_cyclic_garbage,trio/_core/_tests/test_multierror.py::test_MultiError_catch_doesnt_create_cyclic_garbage,call,0.02,5.75
after,30,test_warn_deprecated,trio/_tests/test_deprecate.py::test_warn_deprecated,call,0.02,5.75
after,30,test_custom_hostname_resolver,trio/_tests/test_socket.py::test_custom_hostname_resolver,teardown,0.02,5.75
after,30,test_run_in_trio_thread_ki,trio/_tests/test_threads.py::test_run_in_trio_thread_ki,call,0.01,5.75
after,30,test_the_trio_scheduler_is_deterministic_if_seeded,trio/_tests/test_scheduler_determinism.py::test_the_trio_scheduler_is_deterministic_if_seeded,call,0.01,5.75
after,30,test_the_trio_scheduler_is_not_deterministic,trio/_tests/test_scheduler_determinism.py::test_the_trio_scheduler_is_not_deterministic,call,0.01,5.75
after,30,test_run_in_worker_thread_abandoned,trio/_tests/test_threads.py::test_run_in_worker_thread_abandoned,call,0.01,5.75
after,30,test_mock_clock_autojump_preset,trio/_core/_tests/test_mock_clock.py::test_mock_clock_autojump_preset,call,0.01,5.75
after,30,test_ki_protection_works,trio/_core/_tests/test_ki.py::test_ki_protection_works,call,0.01,5.75
after,31,test_spawning_new_thread_from_deliver_reuses_starting_thread,trio/_core/_tests/test_thread_cache.py::test_spawning_new_thread_from_deliver_reuses_starting_thread,call,1.0,5.75
after,31,test_idle_threads_exit,trio/_core/_tests/test_thread_cache.py::test_idle_threads_exit,call,1.0,5.75
after,31,test_waitid_eintr,trio/_tests/test_subprocess.py::test_waitid_eintr,call,1.0,5.75
after,31,test_apport_excepthook_monkeypatch_interaction,trio/_core/_tests/test_multierror.py::test_apport_excepthook_monkeypatch_interaction,call,0.11,5.75
after,31,test_TrioToken_run_sync_soon_threaded_stress_test,trio/_core/_tests/test_run.py::test_TrioToken_run_sync_soon_threaded_stress_test,call,0.1,5.75
after,31,test_asyncgen_basics,trio/_core/_tests/test_asyncgen.py::test_asyncgen_basics,call,0.08,5.75
after,31,test_coroutine_or_error,trio/_tests/test_util.py::test_coroutine_or_error,call,0.06,5.75
after,31,test_gc_after_trio_exits,trio/_tests/test_dtls.py::test_gc_after_trio_exits,call,0.05,5.75
after,31,test_broken_abort,trio/_core/_tests/test_run.py::test_broken_abort,call,0.05,5.75
after,31,test_guest_mode_internal_errors,trio/_core/_tests/test_guest_mode.py::test_guest_mode_internal_errors,call,0.04,5.75
after,31,test_error_in_run_loop,trio/_core/_tests/test_run.py::test_error_in_run_loop,call,0.04,5.75
after,31,test_thread_cache_deref,trio/_core/_tests/test_thread_cache.py::test_thread_cache_deref,call,0.04,5.75
after,31,test_guest_mode_asyncgens,trio/_core/_tests/test_guest_mode.py::test_guest_mode_asyncgens,call,0.04,5.75
after,31,test_guest_warns_if_abandoned,trio/_core/_tests/test_guest_mode.py::test_guest_warns_if_abandoned,call,0.04,5.75
after,31,test_delegation_to_existing_hooks,trio/_core/_tests/test_asyncgen.py::test_delegation_to_existing_hooks,call,0.04,5.75
after,31,test_last_minute_gc_edge_case,trio/_core/_tests/test_asyncgen.py::test_last_minute_gc_edge_case,call,0.04,5.75
after,31,test_run_in_worker_thread_abandoned,trio/_tests/test_threads.py::test_run_in_worker_thread_abandoned,call,0.02,5.75
after,31,test_MultiError_catch_doesnt_create_cyclic_garbage,trio/_core/_tests/test_multierror.py::test_MultiError_catch_doesnt_create_cyclic_garbage,call,0.02,5.75
after,31,test_custom_hostname_resolver,trio/_tests/test_socket.py::test_custom_hostname_resolver,teardown,0.02,5.75
after,31,test_warn_deprecated,trio/_tests/test_deprecate.py::test_warn_deprecated,call,0.02,5.75
after,31,test_run_in_trio_thread_ki,trio/_tests/test_threads.py::test_run_in_trio_thread_ki,call,0.01,5.75
after,31,test_the_trio_scheduler_is_deterministic_if_seeded,trio/_tests/test_scheduler_determinism.py::test_the_trio_scheduler_is_deterministic_if_seeded,call,0.01,5.75
after,31,test_the_trio_scheduler_is_not_deterministic,trio/_tests/test_scheduler_determinism.py::test_the_trio_scheduler_is_not_deterministic,call,0.01,5.75
after,31,test_mock_clock_autojump_preset,trio/_core/_tests/test_mock_clock.py::test_mock_clock_autojump_preset,call,0.01,5.75
after,31,test_ki_protection_works,trio/_core/_tests/test_ki.py::test_ki_protection_works,call,0.01,5.75
after,32,test_spawning_new_thread_from_deliver_reuses_starting_thread,trio/_core/_tests/test_thread_cache.py::test_spawning_new_thread_from_deliver_reuses_starting_thread,call,1.0,5.76
after,32,test_idle_threads_exit,trio/_core/_tests/test_thread_cache.py::test_idle_threads_exit,call,1.0,5.76
after,32,test_waitid_eintr,trio/_tests/test_subprocess.py::test_waitid_eintr,call,1.0,5.76
after,32,test_apport_excepthook_monkeypatch_interaction,trio/_core/_tests/test_multierror.py::test_apport_excepthook_monkeypatch_interaction,call,0.11,5.76
after,32,test_TrioToken_run_sync_soon_threaded_stress_test,trio/_core/_tests/test_run.py::test_TrioToken_run_sync_soon_threaded_stress_test,call,0.1,5.76
after,32,test_asyncgen_basics,trio/_core/_tests/test_asyncgen.py::test_asyncgen_basics,call,0.08,5.76
after,32,test_coroutine_or_error,trio/_tests/test_util.py::test_coroutine_or_error,call,0.05,5.76
after,32,test_thread_cache_deref,trio/_core/_tests/test_thread_cache.py::test_thread_cache_deref,call,0.05,5.76
after,32,test_broken_abort,trio/_core/_tests/test_run.py::test_broken_abort,call,0.05,5.76
after,32,test_guest_mode_asyncgens,trio/_core/_tests/test_guest_mode.py::test_guest_mode_asyncgens,call,0.04,5.76
after,32,test_gc_after_trio_exits,trio/_tests/test_dtls.py::test_gc_after_trio_exits,call,0.04,5.76
after,32,test_guest_mode_internal_errors,trio/_core/_tests/test_guest_mode.py::test_guest_mode_internal_errors,call,0.04,5.76
after,32,test_error_in_run_loop,trio/_core/_tests/test_run.py::test_error_in_run_loop,call,0.04,5.76
after,32,test_guest_warns_if_abandoned,trio/_core/_tests/test_guest_mode.py::test_guest_warns_if_abandoned,call,0.04,5.76
after,32,test_last_minute_gc_edge_case,trio/_core/_tests/test_asyncgen.py::test_last_minute_gc_edge_case,call,0.04,5.76
after,32,test_delegation_to_existing_hooks,trio/_core/_tests/test_asyncgen.py::test_delegation_to_existing_hooks,call,0.04,5.76
after,32,test_MultiError_catch_doesnt_create_cyclic_garbage,trio/_core/_tests/test_multierror.py::test_MultiError_catch_doesnt_create_cyclic_garbage,call,0.02,5.76
after,32,test_warn_deprecated,trio/_tests/test_deprecate.py::test_warn_deprecated,call,0.02,5.76
after,32,test_custom_hostname_resolver,trio/_tests/test_socket.py::test_custom_hostname_resolver,teardown,0.02,5.76
after,32,test_run_in_trio_thread_ki,trio/_tests/test_threads.py::test_run_in_trio_thread_ki,call,0.01,5.76
after,32,test_the_trio_scheduler_is_deterministic_if_seeded,trio/_tests/test_scheduler_determinism.py::test_the_trio_scheduler_is_deterministic_if_seeded,call,0.01,5.76
after,32,test_the_trio_scheduler_is_not_deterministic,trio/_tests/test_scheduler_determinism.py::test_the_trio_scheduler_is_not_deterministic,call,0.01,5.76
after,32,test_mock_clock_autojump_preset,trio/_core/_tests/test_mock_clock.py::test_mock_clock_autojump_preset,call,0.01,5.76
after,32,test_run_in_worker_thread_abandoned,trio/_tests/test_threads.py::test_run_in_worker_thread_abandoned,call,0.01,5.76
after,32,test_ki_protection_works,trio/_core/_tests/test_ki.py::test_ki_protection_works,call,0.01,5.76
after,33,test_spawning_new_thread_from_deliver_reuses_starting_thread,trio/_core/_tests/test_thread_cache.py::test_spawning_new_thread_from_deliver_reuses_starting_thread,call,1.0,5.75
after,33,test_idle_threads_exit,trio/_core/_tests/test_thread_cache.py::test_idle_threads_exit,call,1.0,5.75
after,33,test_waitid_eintr,trio/_tests/test_subprocess.py::test_waitid_eintr,call,1.0,5.75
after,33,test_apport_excepthook_monkeypatch_interaction,trio/_core/_tests/test_multierror.py::test_apport_excepthook_monkeypatch_interaction,call,0.11,5.75
after,33,test_TrioToken_run_sync_soon_threaded_stress_test,trio/_core/_tests/test_run.py::test_TrioToken_run_sync_soon_threaded_stress_test,call,0.1,5.75
after,33,test_asyncgen_basics,trio/_core/_tests/test_asyncgen.py::test_asyncgen_basics,call,0.08,5.75
after,33,test_coroutine_or_error,trio/_tests/test_util.py::test_coroutine_or_error,call,0.06,5.75
after,33,test_thread_cache_deref,trio/_core/_tests/test_thread_cache.py::test_thread_cache_deref,call,0.05,5.75
after,33,test_gc_after_trio_exits,trio/_tests/test_dtls.py::test_gc_after_trio_exits,call,0.05,5.75
after,33,test_broken_abort,trio/_core/_tests/test_run.py::test_broken_abort,call,0.05,5.75
after,33,test_error_in_run_loop,trio/_core/_tests/test_run.py::test_error_in_run_loop,call,0.04,5.75
after,33,test_guest_mode_internal_errors,trio/_core/_tests/test_guest_mode.py::test_guest_mode_internal_errors,call,0.04,5.75
after,33,test_guest_warns_if_abandoned,trio/_core/_tests/test_guest_mode.py::test_guest_warns_if_abandoned,call,0.04,5.75
after,33,test_guest_mode_asyncgens,trio/_core/_tests/test_guest_mode.py::test_guest_mode_asyncgens,call,0.04,5.75
after,33,test_last_minute_gc_edge_case,trio/_core/_tests/test_asyncgen.py::test_last_minute_gc_edge_case,call,0.04,5.75
after,33,test_delegation_to_existing_hooks,trio/_core/_tests/test_asyncgen.py::test_delegation_to_existing_hooks,call,0.04,5.75
after,33,test_MultiError_catch_doesnt_create_cyclic_garbage,trio/_core/_tests/test_multierror.py::test_MultiError_catch_doesnt_create_cyclic_garbage,call,0.02,5.75
after,33,test_warn_deprecated,trio/_tests/test_deprecate.py::test_warn_deprecated,call,0.02,5.75
after,33,test_custom_hostname_resolver,trio/_tests/test_socket.py::test_custom_hostname_resolver,teardown,0.02,5.75
after,33,test_run_in_trio_thread_ki,trio/_tests/test_threads.py::test_run_in_trio_thread_ki,call,0.01,5.75
after,33,test_the_trio_scheduler_is_deterministic_if_seeded,trio/_tests/test_scheduler_determinism.py::test_the_trio_scheduler_is_deterministic_if_seeded,call,0.01,5.75
after,33,test_the_trio_scheduler_is_not_deterministic,trio/_tests/test_scheduler_determinism.py::test_the_trio_scheduler_is_not_deterministic,call,0.01,5.75
after,33,test_run_in_worker_thread_abandoned,trio/_tests/test_threads.py::test_run_in_worker_thread_abandoned,call,0.01,5.75
after,33,test_mock_clock_autojump_preset,trio/_core/_tests/test_mock_clock.py::test_mock_clock_autojump_preset,call,0.01,5.75
after,33,test_ki_protection_works,trio/_core/_tests/test_ki.py::test_ki_protection_works,call,0.01,5.75
after,34,test_spawning_new_thread_from_deliver_reuses_starting_thread,trio/_core/_tests/test_thread_cache.py::test_spawning_new_thread_from_deliver_reuses_starting_thread,call,1.0,5.73
after,34,test_idle_threads_exit,trio/_core/_tests/test_thread_cache.py::test_idle_threads_exit,call,1.0,5.73
after,34,test_waitid_eintr,trio/_tests/test_subprocess.py::test_waitid_eintr,call,1.0,5.73
after,34,test_apport_excepthook_monkeypatch_interaction,trio/_core/_tests/test_multierror.py::test_apport_excepthook_monkeypatch_interaction,call,0.11,5.73
after,34,test_TrioToken_run_sync_soon_threaded_stress_test,trio/_core/_tests/test_run.py::test_TrioToken_run_sync_soon_threaded_stress_test,call,0.1,5.73
after,34,test_asyncgen_basics,trio/_core/_tests/test_asyncgen.py::test_asyncgen_basics,call,0.07,5.73
after,34,test_broken_abort,trio/_core/_tests/test_run.py::test_broken_abort,call,0.06,5.73
after,34,test_coroutine_or_error,trio/_tests/test_util.py::test_coroutine_or_error,call,0.06,5.73
after,34,test_error_in_run_loop,trio/_core/_tests/test_run.py::test_error_in_run_loop,call,0.05,5.73
after,34,test_gc_after_trio_exits,trio/_tests/test_dtls.py::test_gc_after_trio_exits,call,0.05,5.73
after,34,test_guest_mode_internal_errors,trio/_core/_tests/test_guest_mode.py::test_guest_mode_internal_errors,call,0.04,5.73
after,34,test_guest_mode_asyncgens,trio/_core/_tests/test_guest_mode.py::test_guest_mode_asyncgens,call,0.04,5.73
after,34,test_thread_cache_deref,trio/_core/_tests/test_thread_cache.py::test_thread_cache_deref,call,0.04,5.73
after,34,test_guest_warns_if_abandoned,trio/_core/_tests/test_guest_mode.py::test_guest_warns_if_abandoned,call,0.04,5.73
after,34,test_delegation_to_existing_hooks,trio/_core/_tests/test_asyncgen.py::test_delegation_to_existing_hooks,call,0.04,5.73
after,34,test_last_minute_gc_edge_case,trio/_core/_tests/test_asyncgen.py::test_last_minute_gc_edge_case,call,0.04,5.73
after,34,test_MultiError_catch_doesnt_create_cyclic_garbage,trio/_core/_tests/test_multierror.py::test_MultiError_catch_doesnt_create_cyclic_garbage,call,0.02,5.73
after,34,test_warn_deprecated,trio/_tests/test_deprecate.py::test_warn_deprecated,call,0.02,5.73
after,34,test_custom_hostname_resolver,trio/_tests/test_socket.py::test_custom_hostname_resolver,teardown,0.02,5.73
after,34,test_run_in_trio_thread_ki,trio/_tests/test_threads.py::test_run_in_trio_thread_ki,call,0.01,5.73
after,34,test_the_trio_scheduler_is_deterministic_if_seeded,trio/_tests/test_scheduler_determinism.py::test_the_trio_scheduler_is_deterministic_if_seeded,call,0.01,5.73
after,34,test_run_in_worker_thread_abandoned,trio/_tests/test_threads.py::test_run_in_worker_thread_abandoned,call,0.01,5.73
after,34,test_mock_clock_autojump_preset,trio/_core/_tests/test_mock_clock.py::test_mock_clock_autojump_preset,call,0.01,5.73
after,34,test_the_trio_scheduler_is_not_deterministic,trio/_tests/test_scheduler_determinism.py::test_the_trio_scheduler_is_not_deterministic,call,0.01,5.73
after,34,test_ki_protection_works,trio/_core/_tests/test_ki.py::test_ki_protection_works,call,0.01,5.73
after,35,test_spawning_new_thread_from_deliver_reuses_starting_thread,trio/_core/_tests/test_thread_cache.py::test_spawning_new_thread_from_deliver_reuses_starting_thread,call,1.0,5.73
after,35,test_idle_threads_exit,trio/_core/_tests/test_thread_cache.py::test_idle_threads_exit,call,1.0,5.73
after,35,test_waitid_eintr,trio/_tests/test_subprocess.py::test_waitid_eintr,call,1.0,5.73
after,35,test_apport_excepthook_monkeypatch_interaction,trio/_core/_tests/test_multierror.py::test_apport_excepthook_monkeypatch_interaction,call,0.11,5.73
after,35,test_TrioToken_run_sync_soon_threaded_stress_test,trio/_core/_tests/test_run.py::test_TrioToken_run_sync_soon_threaded_stress_test,call,0.1,5.73
after,35,test_asyncgen_basics,trio/_core/_tests/test_asyncgen.py::test_asyncgen_basics,call,0.07,5.73
after,35,test_coroutine_or_error,trio/_tests/test_util.py::test_coroutine_or_error,call,0.06,5.73
after,35,test_thread_cache_deref,trio/_core/_tests/test_thread_cache.py::test_thread_cache_deref,call,0.05,5.73
after,35,test_gc_after_trio_exits,trio/_tests/test_dtls.py::test_gc_after_trio_exits,call,0.05,5.73
after,35,test_broken_abort,trio/_core/_tests/test_run.py::test_broken_abort,call,0.05,5.73
after,35,test_guest_mode_internal_errors,trio/_core/_tests/test_guest_mode.py::test_guest_mode_internal_errors,call,0.04,5.73
after,35,test_guest_warns_if_abandoned,trio/_core/_tests/test_guest_mode.py::test_guest_warns_if_abandoned,call,0.04,5.73
after,35,test_error_in_run_loop,trio/_core/_tests/test_run.py::test_error_in_run_loop,call,0.04,5.73
after,35,test_last_minute_gc_edge_case,trio/_core/_tests/test_asyncgen.py::test_last_minute_gc_edge_case,call,0.04,5.73
after,35,test_delegation_to_existing_hooks,trio/_core/_tests/test_asyncgen.py::test_delegation_to_existing_hooks,call,0.04,5.73
after,35,test_guest_mode_asyncgens,trio/_core/_tests/test_guest_mode.py::test_guest_mode_asyncgens,call,0.04,5.73
after,35,test_MultiError_catch_doesnt_create_cyclic_garbage,trio/_core/_tests/test_multierror.py::test_MultiError_catch_doesnt_create_cyclic_garbage,call,0.02,5.73
after,35,test_warn_deprecated,trio/_tests/test_deprecate.py::test_warn_deprecated,call,0.02,5.73
after,35,test_custom_hostname_resolver,trio/_tests/test_socket.py::test_custom_hostname_resolver,teardown,0.02,5.73
after,35,test_run_in_trio_thread_ki,trio/_tests/test_threads.py::test_run_in_trio_thread_ki,call,0.01,5.73
after,35,test_the_trio_scheduler_is_deterministic_if_seeded,trio/_tests/test_scheduler_determinism.py::test_the_trio_scheduler_is_deterministic_if_seeded,call,0.01,5.73
after,35,test_the_trio_scheduler_is_not_deterministic,trio/_tests/test_scheduler_determinism.py::test_the_trio_scheduler_is_not_deterministic,call,0.01,5.73
after,35,test_run_in_worker_thread_abandoned,trio/_tests/test_threads.py::test_run_in_worker_thread_abandoned,call,0.01,5.73
after,35,test_mock_clock_autojump_preset,trio/_core/_tests/test_mock_clock.py::test_mock_clock_autojump_preset,call,0.01,5.73
after,35,test_ki_protection_works,trio/_core/_tests/test_ki.py::test_ki_protection_works,call,0.01,5.73
after,36,test_spawning_new_thread_from_deliver_reuses_starting_thread,trio/_core/_tests/test_thread_cache.py::test_spawning_new_thread_from_deliver_reuses_starting_thread,call,1.0,5.79
after,36,test_idle_threads_exit,trio/_core/_tests/test_thread_cache.py::test_idle_threads_exit,call,1.0,5.79
after,36,test_waitid_eintr,trio/_tests/test_subprocess.py::test_waitid_eintr,call,1.0,5.79
after,36,test_apport_excepthook_monkeypatch_interaction,trio/_core/_tests/test_multierror.py::test_apport_excepthook_monkeypatch_interaction,call,0.11,5.79
after,36,test_TrioToken_run_sync_soon_threaded_stress_test,trio/_core/_tests/test_run.py::test_TrioToken_run_sync_soon_threaded_stress_test,call,0.1,5.79
after,36,test_asyncgen_basics,trio/_core/_tests/test_asyncgen.py::test_asyncgen_basics,call,0.08,5.79
after,36,test_coroutine_or_error,trio/_tests/test_util.py::test_coroutine_or_error,call,0.06,5.79
after,36,test_thread_cache_deref,trio/_core/_tests/test_thread_cache.py::test_thread_cache_deref,call,0.05,5.79
after,36,test_gc_after_trio_exits,trio/_tests/test_dtls.py::test_gc_after_trio_exits,call,0.05,5.79
after,36,test_broken_abort,trio/_core/_tests/test_run.py::test_broken_abort,call,0.05,5.79
after,36,test_error_in_run_loop,trio/_core/_tests/test_run.py::test_error_in_run_loop,call,0.04,5.79
after,36,test_guest_mode_internal_errors,trio/_core/_tests/test_guest_mode.py::test_guest_mode_internal_errors,call,0.04,5.79
after,36,test_guest_warns_if_abandoned,trio/_core/_tests/test_guest_mode.py::test_guest_warns_if_abandoned,call,0.04,5.79
after,36,test_guest_mode_asyncgens,trio/_core/_tests/test_guest_mode.py::test_guest_mode_asyncgens,call,0.04,5.79
after,36,test_last_minute_gc_edge_case,trio/_core/_tests/test_asyncgen.py::test_last_minute_gc_edge_case,call,0.04,5.79
after,36,test_delegation_to_existing_hooks,trio/_core/_tests/test_asyncgen.py::test_delegation_to_existing_hooks,call,0.04,5.79
after,36,test_run_in_worker_thread_abandoned,trio/_tests/test_threads.py::test_run_in_worker_thread_abandoned,call,0.02,5.79
after,36,test_MultiError_catch_doesnt_create_cyclic_garbage,trio/_core/_tests/test_multierror.py::test_MultiError_catch_doesnt_create_cyclic_garbage,call,0.02,5.79
after,36,test_warn_deprecated,trio/_tests/test_deprecate.py::test_warn_deprecated,call,0.02,5.79
after,36,test_custom_hostname_resolver,trio/_tests/test_socket.py::test_custom_hostname_resolver,teardown,0.02,5.79
after,36,test_run_in_trio_thread_ki,trio/_tests/test_threads.py::test_run_in_trio_thread_ki,call,0.01,5.79
after,36,test_the_trio_scheduler_is_deterministic_if_seeded,trio/_tests/test_scheduler_determinism.py::test_the_trio_scheduler_is_deterministic_if_seeded,call,0.01,5.79
after,36,test_the_trio_scheduler_is_not_deterministic,trio/_tests/test_scheduler_determinism.py::test_the_trio_scheduler_is_not_deterministic,call,0.01,5.79
after,36,test_mock_clock_autojump_preset,trio/_core/_tests/test_mock_clock.py::test_mock_clock_autojump_preset,call,0.01,5.79
after,36,test_ki_protection_works,trio/_core/_tests/test_ki.py::test_ki_protection_works,call,0.01,5.79
after,37,test_spawning_new_thread_from_deliver_reuses_starting_thread,trio/_core/_tests/test_thread_cache.py::test_spawning_new_thread_from_deliver_reuses_starting_thread,call,1.0,5.71
after,37,test_idle_threads_exit,trio/_core/_tests/test_thread_cache.py::test_idle_threads_exit,call,1.0,5.71
after,37,test_waitid_eintr,trio/_tests/test_subprocess.py::test_waitid_eintr,call,1.0,5.71
after,37,test_apport_excepthook_monkeypatch_interaction,trio/_core/_tests/test_multierror.py::test_apport_excepthook_monkeypatch_interaction,call,0.11,5.71
after,37,test_TrioToken_run_sync_soon_threaded_stress_test,trio/_core/_tests/test_run.py::test_TrioToken_run_sync_soon_threaded_stress_test,call,0.1,5.71
after,37,test_asyncgen_basics,trio/_core/_tests/test_asyncgen.py::test_asyncgen_basics,call,0.07,5.71
after,37,test_coroutine_or_error,trio/_tests/test_util.py::test_coroutine_or_error,call,0.06,5.71
after,37,test_thread_cache_deref,trio/_core/_tests/test_thread_cache.py::test_thread_cache_deref,call,0.04,5.71
after,37,test_gc_after_trio_exits,trio/_tests/test_dtls.py::test_gc_after_trio_exits,call,0.04,5.71
after,37,test_broken_abort,trio/_core/_tests/test_run.py::test_broken_abort,call,0.04,5.71
after,37,test_guest_mode_internal_errors,trio/_core/_tests/test_guest_mode.py::test_guest_mode_internal_errors,call,0.04,5.71
after,37,test_guest_mode_asyncgens,trio/_core/_tests/test_guest_mode.py::test_guest_mode_asyncgens,call,0.04,5.71
after,37,test_guest_warns_if_abandoned,trio/_core/_tests/test_guest_mode.py::test_guest_warns_if_abandoned,call,0.04,5.71
after,37,test_error_in_run_loop,trio/_core/_tests/test_run.py::test_error_in_run_loop,call,0.04,5.71
after,37,test_delegation_to_existing_hooks,trio/_core/_tests/test_asyncgen.py::test_delegation_to_existing_hooks,call,0.04,5.71
after,37,test_last_minute_gc_edge_case,trio/_core/_tests/test_asyncgen.py::test_last_minute_gc_edge_case,call,0.04,5.71
after,37,test_MultiError_catch_doesnt_create_cyclic_garbage,trio/_core/_tests/test_multierror.py::test_MultiError_catch_doesnt_create_cyclic_garbage,call,0.02,5.71
after,37,test_warn_deprecated,trio/_tests/test_deprecate.py::test_warn_deprecated,call,0.02,5.71
after,37,test_custom_hostname_resolver,trio/_tests/test_socket.py::test_custom_hostname_resolver,teardown,0.02,5.71
after,37,test_run_in_trio_thread_ki,trio/_tests/test_threads.py::test_run_in_trio_thread_ki,call,0.01,5.71
after,37,test_mock_clock_autojump_preset,trio/_core/_tests/test_mock_clock.py::test_mock_clock_autojump_preset,call,0.01,5.71
after,37,test_the_trio_scheduler_is_deterministic_if_seeded,trio/_tests/test_scheduler_determinism.py::test_the_trio_scheduler_is_deterministic_if_seeded,call,0.01,5.71
after,37,test_the_trio_scheduler_is_not_deterministic,trio/_tests/test_scheduler_determinism.py::test_the_trio_scheduler_is_not_deterministic,call,0.01,5.71
after,37,test_run_in_worker_thread_abandoned,trio/_tests/test_threads.py::test_run_in_worker_thread_abandoned,call,0.01,5.71
after,37,test_ki_protection_works,trio/_core/_tests/test_ki.py::test_ki_protection_works,call,0.01,5.71
after,38,test_spawning_new_thread_from_deliver_reuses_starting_thread,trio/_core/_tests/test_thread_cache.py::test_spawning_new_thread_from_deliver_reuses_starting_thread,call,1.0,5.77
after,38,test_idle_threads_exit,trio/_core/_tests/test_thread_cache.py::test_idle_threads_exit,call,1.0,5.77
after,38,test_waitid_eintr,trio/_tests/test_subprocess.py::test_waitid_eintr,call,1.0,5.77
after,38,test_apport_excepthook_monkeypatch_interaction,trio/_core/_tests/test_multierror.py::test_apport_excepthook_monkeypatch_interaction,call,0.11,5.77
after,38,test_TrioToken_run_sync_soon_threaded_stress_test,trio/_core/_tests/test_run.py::test_TrioToken_run_sync_soon_threaded_stress_test,call,0.1,5.77
after,38,test_asyncgen_basics,trio/_core/_tests/test_asyncgen.py::test_asyncgen_basics,call,0.07,5.77
after,38,test_coroutine_or_error,trio/_tests/test_util.py::test_coroutine_or_error,call,0.06,5.77
after,38,test_broken_abort,trio/_core/_tests/test_run.py::test_broken_abort,call,0.05,5.77
after,38,test_thread_cache_deref,trio/_core/_tests/test_thread_cache.py::test_thread_cache_deref,call,0.05,5.77
after,38,test_gc_after_trio_exits,trio/_tests/test_dtls.py::test_gc_after_trio_exits,call,0.05,5.77
after,38,test_error_in_run_loop,trio/_core/_tests/test_run.py::test_error_in_run_loop,call,0.04,5.77
after,38,test_guest_mode_internal_errors,trio/_core/_tests/test_guest_mode.py::test_guest_mode_internal_errors,call,0.04,5.77
after,38,test_guest_warns_if_abandoned,trio/_core/_tests/test_guest_mode.py::test_guest_warns_if_abandoned,call,0.04,5.77
after,38,test_guest_mode_asyncgens,trio/_core/_tests/test_guest_mode.py::test_guest_mode_asyncgens,call,0.04,5.77
after,38,test_last_minute_gc_edge_case,trio/_core/_tests/test_asyncgen.py::test_last_minute_gc_edge_case,call,0.04,5.77
after,38,test_delegation_to_existing_hooks,trio/_core/_tests/test_asyncgen.py::test_delegation_to_existing_hooks,call,0.04,5.77
after,38,test_run_in_worker_thread_abandoned,trio/_tests/test_threads.py::test_run_in_worker_thread_abandoned,call,0.02,5.77
after,38,test_MultiError_catch_doesnt_create_cyclic_garbage,trio/_core/_tests/test_multierror.py::test_MultiError_catch_doesnt_create_cyclic_garbage,call,0.02,5.77
after,38,test_custom_hostname_resolver,trio/_tests/test_socket.py::test_custom_hostname_resolver,teardown,0.02,5.77
after,38,test_warn_deprecated,trio/_tests/test_deprecate.py::test_warn_deprecated,call,0.02,5.77
after,38,test_run_in_trio_thread_ki,trio/_tests/test_threads.py::test_run_in_trio_thread_ki,call,0.01,5.77
after,38,test_mock_clock_autojump_preset,trio/_core/_tests/test_mock_clock.py::test_mock_clock_autojump_preset,call,0.01,5.77
after,38,test_the_trio_scheduler_is_deterministic_if_seeded,trio/_tests/test_scheduler_determinism.py::test_the_trio_scheduler_is_deterministic_if_seeded,call,0.01,5.77
after,38,test_the_trio_scheduler_is_not_deterministic,trio/_tests/test_scheduler_determinism.py::test_the_trio_scheduler_is_not_deterministic,call,0.01,5.77
after,38,test_ki_protection_works,trio/_core/_tests/test_ki.py::test_ki_protection_works,call,0.01,5.77
after,39,test_spawning_new_thread_from_deliver_reuses_starting_thread,trio/_core/_tests/test_thread_cache.py::test_spawning_new_thread_from_deliver_reuses_starting_thread,call,1.0,5.69
after,39,test_waitid_eintr,trio/_tests/test_subprocess.py::test_waitid_eintr,call,1.0,5.69
after,39,test_idle_threads_exit,trio/_core/_tests/test_thread_cache.py::test_idle_threads_exit,call,1.0,5.69
after,39,test_apport_excepthook_monkeypatch_interaction,trio/_core/_tests/test_multierror.py::test_apport_excepthook_monkeypatch_interaction,call,0.11,5.69
after,39,test_TrioToken_run_sync_soon_threaded_stress_test,trio/_core/_tests/test_run.py::test_TrioToken_run_sync_soon_threaded_stress_test,call,0.1,5.69
after,39,test_asyncgen_basics,trio/_core/_tests/test_asyncgen.py::test_asyncgen_basics,call,0.07,5.69
after,39,test_coroutine_or_error,trio/_tests/test_util.py::test_coroutine_or_error,call,0.05,5.69
after,39,test_gc_after_trio_exits,trio/_tests/test_dtls.py::test_gc_after_trio_exits,call,0.05,5.69
after,39,test_thread_cache_deref,trio/_core/_tests/test_thread_cache.py::test_thread_cache_deref,call,0.05,5.69
after,39,test_guest_mode_internal_errors,trio/_core/_tests/test_guest_mode.py::test_guest_mode_internal_errors,call,0.04,5.69
after,39,test_broken_abort,trio/_core/_tests/test_run.py::test_broken_abort,call,0.04,5.69
after,39,test_guest_mode_asyncgens,trio/_core/_tests/test_guest_mode.py::test_guest_mode_asyncgens,call,0.04,5.69
after,39,test_guest_warns_if_abandoned,trio/_core/_tests/test_guest_mode.py::test_guest_warns_if_abandoned,call,0.04,5.69
after,39,test_delegation_to_existing_hooks,trio/_core/_tests/test_asyncgen.py::test_delegation_to_existing_hooks,call,0.04,5.69
after,39,test_last_minute_gc_edge_case,trio/_core/_tests/test_asyncgen.py::test_last_minute_gc_edge_case,call,0.04,5.69
after,39,test_error_in_run_loop,trio/_core/_tests/test_run.py::test_error_in_run_loop,call,0.04,5.69
after,39,test_MultiError_catch_doesnt_create_cyclic_garbage,trio/_core/_tests/test_multierror.py::test_MultiError_catch_doesnt_create_cyclic_garbage,call,0.02,5.69
after,39,test_warn_deprecated,trio/_tests/test_deprecate.py::test_warn_deprecated,call,0.02,5.69
after,39,test_custom_hostname_resolver,trio/_tests/test_socket.py::test_custom_hostname_resolver,teardown,0.02,5.69
after,39,test_run_in_trio_thread_ki,trio/_tests/test_threads.py::test_run_in_trio_thread_ki,call,0.01,5.69
after,39,test_the_trio_scheduler_is_deterministic_if_seeded,trio/_tests/test_scheduler_determinism.py::test_the_trio_scheduler_is_deterministic_if_seeded,call,0.01,5.69
after,39,test_mock_clock_autojump_preset,trio/_core/_tests/test_mock_clock.py::test_mock_clock_autojump_preset,call,0.01,5.69
after,39,test_run_in_worker_thread_abandoned,trio/_tests/test_threads.py::test_run_in_worker_thread_abandoned,call,0.01,5.69
after,39,test_the_trio_scheduler_is_not_deterministic,trio/_tests/test_scheduler_determinism.py::test_the_trio_scheduler_is_not_deterministic,call,0.01,5.69
after,39,test_ki_protection_works,trio/_core/_tests/test_ki.py::test_ki_protection_works,call,0.01,5.69
after,40,test_spawning_new_thread_from_deliver_reuses_starting_thread,trio/_core/_tests/test_thread_cache.py::test_spawning_new_thread_from_deliver_reuses_starting_thread,call,1.0,5.74
after,40,test_idle_threads_exit,trio/_core/_tests/test_thread_cache.py::test_idle_threads_exit,call,1.0,5.74
after,40,test_waitid_eintr,trio/_tests/test_subprocess.py::test_waitid_eintr,call,1.0,5.74
after,40,test_apport_excepthook_monkeypatch_interaction,trio/_core/_tests/test_multierror.py::test_apport_excepthook_monkeypatch_interaction,call,0.11,5.74
after,40,test_TrioToken_run_sync_soon_threaded_stress_test,trio/_core/_tests/test_run.py::test_TrioToken_run_sync_soon_threaded_stress_test,call,0.1,5.74
after,40,test_asyncgen_basics,trio/_core/_tests/test_asyncgen.py::test_asyncgen_basics,call,0.08,5.74
after,40,test_coroutine_or_error,trio/_tests/test_util.py::test_coroutine_or_error,call,0.06,5.74
after,40,test_gc_after_trio_exits,trio/_tests/test_dtls.py::test_gc_after_trio_exits,call,0.05,5.74
after,40,test_broken_abort,trio/_core/_tests/test_run.py::test_broken_abort,call,0.05,5.74
after,40,test_thread_cache_deref,trio/_core/_tests/test_thread_cache.py::test_thread_cache_deref,call,0.05,5.74
after,40,test_guest_mode_internal_errors,trio/_core/_tests/test_guest_mode.py::test_guest_mode_internal_errors,call,0.04,5.74
after,40,test_error_in_run_loop,trio/_core/_tests/test_run.py::test_error_in_run_loop,call,0.04,5.74
after,40,test_guest_mode_asyncgens,trio/_core/_tests/test_guest_mode.py::test_guest_mode_asyncgens,call,0.04,5.74
after,40,test_guest_warns_if_abandoned,trio/_core/_tests/test_guest_mode.py::test_guest_warns_if_abandoned,call,0.04,5.74
after,40,test_last_minute_gc_edge_case,trio/_core/_tests/test_asyncgen.py::test_last_minute_gc_edge_case,call,0.04,5.74
after,40,test_delegation_to_existing_hooks,trio/_core/_tests/test_asyncgen.py::test_delegation_to_existing_hooks,call,0.04,5.74
after,40,test_MultiError_catch_doesnt_create_cyclic_garbage,trio/_core/_tests/test_multierror.py::test_MultiError_catch_doesnt_create_cyclic_garbage,call,0.02,5.74
after,40,test_warn_deprecated,trio/_tests/test_deprecate.py::test_warn_deprecated,call,0.02,5.74
after,40,test_custom_hostname_resolver,trio/_tests/test_socket.py::test_custom_hostname_resolver,teardown,0.02,5.74
after,40,test_run_in_trio_thread_ki,trio/_tests/test_threads.py::test_run_in_trio_thread_ki,call,0.01,5.74
after,40,test_the_trio_scheduler_is_deterministic_if_seeded,trio/_tests/test_scheduler_determinism.py::test_the_trio_scheduler_is_deterministic_if_seeded,call,0.01,5.74
after,40,test_mock_clock_autojump_preset,trio/_core/_tests/test_mock_clock.py::test_mock_clock_autojump_preset,call,0.01,5.74
after,40,test_the_trio_scheduler_is_not_deterministic,trio/_tests/test_scheduler_determinism.py::test_the_trio_scheduler_is_not_deterministic,call,0.01,5.74
after,40,test_run_in_worker_thread_abandoned,trio/_tests/test_threads.py::test_run_in_worker_thread_abandoned,call,0.01,5.74
after,40,test_ki_protection_works,trio/_core/_tests/test_ki.py::test_ki_protection_works,call,0.01,5.74
