version,run_number,test_name,test_path,phase,duration_sec,total_test_time
before,1,test_dynamo_reproducer_split_DynamoThunder_cpu_None[benchmark],thunder/tests/test_dynamo.py::test_dynamo_reproducer_split_DynamoThunder_cpu_None[benchmark],call,29.17,113.85
before,1,test_fxreport_DynamoThunder_cpu_None[benchmark],thunder/tests/test_dynamo.py::test_fxreport_DynamoThunder_cpu_None[benchmark],call,26.1,113.85
before,1,test_dynamo_reproducer_2graph_DynamoThunder_cpu_None[benchmark],thunder/tests/test_dynamo.py::test_dynamo_reproducer_2graph_DynamoThunder_cpu_None[benchmark],call,19.0,113.85
before,1,test_fxreport_DynamoThunder_cpu_None[repro],thunder/tests/test_dynamo.py::test_fxreport_DynamoThunder_cpu_None[repro],call,11.59,113.85
before,1,test_dynamo_reproducer_split_DynamoThunder_cpu_None[repro],thunder/tests/test_dynamo.py::test_dynamo_reproducer_split_DynamoThunder_cpu_None[repro],call,9.03,113.85
before,1,test_dynamo_reproducer_2graph_DynamoThunder_cpu_None[repro],thunder/tests/test_dynamo.py::test_dynamo_reproducer_2graph_DynamoThunder_cpu_None[repro],call,6.06,113.85
before,1,test_basic_splitter_DynamoThunder_cpu_None[dynamic],thunder/tests/test_dynamo.py::test_basic_splitter_DynamoThunder_cpu_None[dynamic],call,2.23,113.85
before,1,test_basic_DynamoThunder_cpu_None[dynamic],thunder/tests/test_dynamo.py::test_basic_DynamoThunder_cpu_None[dynamic],call,1.72,113.85
before,1,test_splitter_autograd_function_DynamoThunder_cpu_None[dynamic],thunder/tests/test_dynamo.py::test_splitter_autograd_function_DynamoThunder_cpu_None[dynamic],call,0.64,113.85
before,1,test_splitter_autocast_ctx_with_graph_break_DynamoThunder_cpu_None[auto],thunder/tests/test_dynamo.py::test_splitter_autocast_ctx_with_graph_break_DynamoThunder_cpu_None[auto],call,0.61,113.85
before,1,test_splitter_autocast_ctx_with_graph_break_DynamoThunder_cpu_None[dynamic],thunder/tests/test_dynamo.py::test_splitter_autocast_ctx_with_graph_break_DynamoThunder_cpu_None[dynamic],call,0.49,113.85
before,1,test_splitter_autograd_function_DynamoThunder_cpu_None[static],thunder/tests/test_dynamo.py::test_splitter_autograd_function_DynamoThunder_cpu_None[static],call,0.47,113.85
before,1,test_splitter_autograd_function_DynamoThunder_cpu_None[auto],thunder/tests/test_dynamo.py::test_splitter_autograd_function_DynamoThunder_cpu_None[auto],call,0.46,113.85
before,1,test_no_grad_ctx_manager_DynamoThunder_cpu_None,thunder/tests/test_dynamo.py::test_no_grad_ctx_manager_DynamoThunder_cpu_None,call,0.44,113.85
before,1,test_basic_DynamoThunder_cpu_None[auto],thunder/tests/test_dynamo.py::test_basic_DynamoThunder_cpu_None[auto],call,0.42,113.85
before,1,test_splitter_autocast_ctx_with_graph_break_DynamoThunder_cpu_None[static],thunder/tests/test_dynamo.py::test_splitter_autocast_ctx_with_graph_break_DynamoThunder_cpu_None[static],call,0.41,113.85
before,1,test_where_nonzero_overload_DynamoThunder_cpu_None,thunder/tests/test_dynamo.py::test_where_nonzero_overload_DynamoThunder_cpu_None,call,0.41,113.85
before,1,test_splitter_autocast_ctx_with_split_DynamoThunder_cpu_None[dynamic],thunder/tests/test_dynamo.py::test_splitter_autocast_ctx_with_split_DynamoThunder_cpu_None[dynamic],call,0.38,113.85
before,1,test_splitter_autocast_ctx_with_split_DynamoThunder_cpu_None[static],thunder/tests/test_dynamo.py::test_splitter_autocast_ctx_with_split_DynamoThunder_cpu_None[static],call,0.33,113.85
before,1,test_splitter_autocast_ctx_with_split_DynamoThunder_cpu_None[auto],thunder/tests/test_dynamo.py::test_splitter_autocast_ctx_with_split_DynamoThunder_cpu_None[auto],call,0.32,113.85
before,1,test_basic_splitter_DynamoThunder_cpu_None[static],thunder/tests/test_dynamo.py::test_basic_splitter_DynamoThunder_cpu_None[static],call,0.32,113.85
before,1,test_basic_splitter_DynamoThunder_cpu_None[auto],thunder/tests/test_dynamo.py::test_basic_splitter_DynamoThunder_cpu_None[auto],call,0.31,113.85
before,1,test_basic_DynamoThunder_cpu_None[static],thunder/tests/test_dynamo.py::test_basic_DynamoThunder_cpu_None[static],call,0.29,113.85
before,1,test_empty_autocast,thunder/tests/test_dynamo.py::test_empty_autocast,call,0.29,113.85
before,1,test_splitter_autocast_ctx_DynamoThunder_cpu_None[dynamic],thunder/tests/test_dynamo.py::test_splitter_autocast_ctx_DynamoThunder_cpu_None[dynamic],call,0.26,113.85
before,1,test_no_grad_enabled_grad_nested_ctx_manager_DynamoThunder_cpu_None,thunder/tests/test_dynamo.py::test_no_grad_enabled_grad_nested_ctx_manager_DynamoThunder_cpu_None,call,0.24,113.85
before,1,test_leak_on_unsupported_thunder_operator,thunder/tests/test_dynamo.py::test_leak_on_unsupported_thunder_operator,call,0.22,113.85
before,1,test_splitter_autocast_ctx_DynamoThunder_cpu_None[auto],thunder/tests/test_dynamo.py::test_splitter_autocast_ctx_DynamoThunder_cpu_None[auto],call,0.22,113.85
before,1,test_splitter_autocast_ctx_DynamoThunder_cpu_None[static],thunder/tests/test_dynamo.py::test_splitter_autocast_ctx_DynamoThunder_cpu_None[static],call,0.22,113.85
before,1,test_thunderfx_last_traces,thunder/tests/test_dynamo.py::test_thunderfx_last_traces,call,0.16,113.85
before,1,test_spliter_bwd,thunder/tests/test_dynamo.py::test_spliter_bwd,call,0.15,113.85
before,1,test_cat_no_split_DynamoThunder_cpu_None[True],thunder/tests/test_dynamo.py::test_cat_no_split_DynamoThunder_cpu_None[True],call,0.14,113.85
before,1,test_cat_no_split_DynamoThunder_cpu_None[False],thunder/tests/test_dynamo.py::test_cat_no_split_DynamoThunder_cpu_None[False],call,0.14,113.85
before,1,test_force_skip_lazy_graph_module_DynamoThunder_cpu_None,thunder/tests/test_dynamo.py::test_force_skip_lazy_graph_module_DynamoThunder_cpu_None,call,0.14,113.85
before,1,test_method_only_registrations_DynamoThunder_cpu_None,thunder/tests/test_dynamo.py::test_method_only_registrations_DynamoThunder_cpu_None,call,0.14,113.85
before,1,test_thunderfx_meta_tensor,thunder/tests/test_dynamo.py::test_thunderfx_meta_tensor,call,0.13,113.85
before,2,test_dynamo_reproducer_split_DynamoThunder_cpu_None[benchmark],thunder/tests/test_dynamo.py::test_dynamo_reproducer_split_DynamoThunder_cpu_None[benchmark],call,29.16,111.68
before,2,test_fxreport_DynamoThunder_cpu_None[benchmark],thunder/tests/test_dynamo.py::test_fxreport_DynamoThunder_cpu_None[benchmark],call,26.0,111.68
before,2,test_dynamo_reproducer_2graph_DynamoThunder_cpu_None[benchmark],thunder/tests/test_dynamo.py::test_dynamo_reproducer_2graph_DynamoThunder_cpu_None[benchmark],call,17.69,111.68
before,2,test_fxreport_DynamoThunder_cpu_None[repro],thunder/tests/test_dynamo.py::test_fxreport_DynamoThunder_cpu_None[repro],call,11.58,111.68
before,2,test_dynamo_reproducer_split_DynamoThunder_cpu_None[repro],thunder/tests/test_dynamo.py::test_dynamo_reproducer_split_DynamoThunder_cpu_None[repro],call,9.07,111.68
before,2,test_dynamo_reproducer_2graph_DynamoThunder_cpu_None[repro],thunder/tests/test_dynamo.py::test_dynamo_reproducer_2graph_DynamoThunder_cpu_None[repro],call,6.01,111.68
before,2,test_basic_DynamoThunder_cpu_None[dynamic],thunder/tests/test_dynamo.py::test_basic_DynamoThunder_cpu_None[dynamic],call,1.67,111.68
before,2,test_basic_splitter_DynamoThunder_cpu_None[dynamic],thunder/tests/test_dynamo.py::test_basic_splitter_DynamoThunder_cpu_None[dynamic],call,1.6,111.68
before,2,test_splitter_autograd_function_DynamoThunder_cpu_None[dynamic],thunder/tests/test_dynamo.py::test_splitter_autograd_function_DynamoThunder_cpu_None[dynamic],call,0.63,111.68
before,2,test_splitter_autocast_ctx_with_graph_break_DynamoThunder_cpu_None[auto],thunder/tests/test_dynamo.py::test_splitter_autocast_ctx_with_graph_break_DynamoThunder_cpu_None[auto],call,0.62,111.68
before,2,test_splitter_autocast_ctx_with_graph_break_DynamoThunder_cpu_None[dynamic],thunder/tests/test_dynamo.py::test_splitter_autocast_ctx_with_graph_break_DynamoThunder_cpu_None[dynamic],call,0.49,111.68
before,2,test_splitter_autograd_function_DynamoThunder_cpu_None[static],thunder/tests/test_dynamo.py::test_splitter_autograd_function_DynamoThunder_cpu_None[static],call,0.47,111.68
before,2,test_splitter_autograd_function_DynamoThunder_cpu_None[auto],thunder/tests/test_dynamo.py::test_splitter_autograd_function_DynamoThunder_cpu_None[auto],call,0.46,111.68
before,2,test_no_grad_ctx_manager_DynamoThunder_cpu_None,thunder/tests/test_dynamo.py::test_no_grad_ctx_manager_DynamoThunder_cpu_None,call,0.44,111.68
before,2,test_basic_DynamoThunder_cpu_None[auto],thunder/tests/test_dynamo.py::test_basic_DynamoThunder_cpu_None[auto],call,0.42,111.68
before,2,test_where_nonzero_overload_DynamoThunder_cpu_None,thunder/tests/test_dynamo.py::test_where_nonzero_overload_DynamoThunder_cpu_None,call,0.41,111.68
before,2,test_splitter_autocast_ctx_with_graph_break_DynamoThunder_cpu_None[static],thunder/tests/test_dynamo.py::test_splitter_autocast_ctx_with_graph_break_DynamoThunder_cpu_None[static],call,0.4,111.68
before,2,test_splitter_autocast_ctx_with_split_DynamoThunder_cpu_None[dynamic],thunder/tests/test_dynamo.py::test_splitter_autocast_ctx_with_split_DynamoThunder_cpu_None[dynamic],call,0.38,111.68
before,2,test_splitter_autocast_ctx_with_split_DynamoThunder_cpu_None[static],thunder/tests/test_dynamo.py::test_splitter_autocast_ctx_with_split_DynamoThunder_cpu_None[static],call,0.32,111.68
before,2,test_splitter_autocast_ctx_with_split_DynamoThunder_cpu_None[auto],thunder/tests/test_dynamo.py::test_splitter_autocast_ctx_with_split_DynamoThunder_cpu_None[auto],call,0.32,111.68
before,2,test_basic_splitter_DynamoThunder_cpu_None[static],thunder/tests/test_dynamo.py::test_basic_splitter_DynamoThunder_cpu_None[static],call,0.31,111.68
before,2,test_basic_splitter_DynamoThunder_cpu_None[auto],thunder/tests/test_dynamo.py::test_basic_splitter_DynamoThunder_cpu_None[auto],call,0.31,111.68
before,2,test_empty_autocast,thunder/tests/test_dynamo.py::test_empty_autocast,call,0.3,111.68
before,2,test_basic_DynamoThunder_cpu_None[static],thunder/tests/test_dynamo.py::test_basic_DynamoThunder_cpu_None[static],call,0.29,111.68
before,2,test_no_grad_enabled_grad_nested_ctx_manager_DynamoThunder_cpu_None,thunder/tests/test_dynamo.py::test_no_grad_enabled_grad_nested_ctx_manager_DynamoThunder_cpu_None,call,0.24,111.68
before,2,test_splitter_autocast_ctx_DynamoThunder_cpu_None[dynamic],thunder/tests/test_dynamo.py::test_splitter_autocast_ctx_DynamoThunder_cpu_None[dynamic],call,0.24,111.68
before,2,test_leak_on_unsupported_thunder_operator,thunder/tests/test_dynamo.py::test_leak_on_unsupported_thunder_operator,call,0.22,111.68
before,2,test_splitter_autocast_ctx_DynamoThunder_cpu_None[auto],thunder/tests/test_dynamo.py::test_splitter_autocast_ctx_DynamoThunder_cpu_None[auto],call,0.22,111.68
before,2,test_splitter_autocast_ctx_DynamoThunder_cpu_None[static],thunder/tests/test_dynamo.py::test_splitter_autocast_ctx_DynamoThunder_cpu_None[static],call,0.22,111.68
before,2,test_thunderfx_last_traces,thunder/tests/test_dynamo.py::test_thunderfx_last_traces,call,0.16,111.68
before,2,test_spliter_bwd,thunder/tests/test_dynamo.py::test_spliter_bwd,call,0.15,111.68
before,2,test_cat_no_split_DynamoThunder_cpu_None[False],thunder/tests/test_dynamo.py::test_cat_no_split_DynamoThunder_cpu_None[False],call,0.14,111.68
before,2,test_cat_no_split_DynamoThunder_cpu_None[True],thunder/tests/test_dynamo.py::test_cat_no_split_DynamoThunder_cpu_None[True],call,0.14,111.68
before,2,test_force_skip_lazy_graph_module_DynamoThunder_cpu_None,thunder/tests/test_dynamo.py::test_force_skip_lazy_graph_module_DynamoThunder_cpu_None,call,0.14,111.68
before,2,test_method_only_registrations_DynamoThunder_cpu_None,thunder/tests/test_dynamo.py::test_method_only_registrations_DynamoThunder_cpu_None,call,0.13,111.68
before,2,test_thunderfx_meta_tensor,thunder/tests/test_dynamo.py::test_thunderfx_meta_tensor,call,0.13,111.68
before,3,test_dynamo_reproducer_split_DynamoThunder_cpu_None[benchmark],thunder/tests/test_dynamo.py::test_dynamo_reproducer_split_DynamoThunder_cpu_None[benchmark],call,29.13,111.58
before,3,test_fxreport_DynamoThunder_cpu_None[benchmark],thunder/tests/test_dynamo.py::test_fxreport_DynamoThunder_cpu_None[benchmark],call,26.04,111.58
before,3,test_dynamo_reproducer_2graph_DynamoThunder_cpu_None[benchmark],thunder/tests/test_dynamo.py::test_dynamo_reproducer_2graph_DynamoThunder_cpu_None[benchmark],call,17.61,111.58
before,3,test_fxreport_DynamoThunder_cpu_None[repro],thunder/tests/test_dynamo.py::test_fxreport_DynamoThunder_cpu_None[repro],call,11.54,111.58
before,3,test_dynamo_reproducer_split_DynamoThunder_cpu_None[repro],thunder/tests/test_dynamo.py::test_dynamo_reproducer_split_DynamoThunder_cpu_None[repro],call,9.02,111.58
before,3,test_dynamo_reproducer_2graph_DynamoThunder_cpu_None[repro],thunder/tests/test_dynamo.py::test_dynamo_reproducer_2graph_DynamoThunder_cpu_None[repro],call,5.97,111.58
before,3,test_basic_DynamoThunder_cpu_None[dynamic],thunder/tests/test_dynamo.py::test_basic_DynamoThunder_cpu_None[dynamic],call,1.65,111.58
before,3,test_basic_splitter_DynamoThunder_cpu_None[dynamic],thunder/tests/test_dynamo.py::test_basic_splitter_DynamoThunder_cpu_None[dynamic],call,1.59,111.58
before,3,test_splitter_autograd_function_DynamoThunder_cpu_None[dynamic],thunder/tests/test_dynamo.py::test_splitter_autograd_function_DynamoThunder_cpu_None[dynamic],call,0.64,111.58
before,3,test_splitter_autocast_ctx_with_graph_break_DynamoThunder_cpu_None[auto],thunder/tests/test_dynamo.py::test_splitter_autocast_ctx_with_graph_break_DynamoThunder_cpu_None[auto],call,0.62,111.58
before,3,test_splitter_autocast_ctx_with_graph_break_DynamoThunder_cpu_None[dynamic],thunder/tests/test_dynamo.py::test_splitter_autocast_ctx_with_graph_break_DynamoThunder_cpu_None[dynamic],call,0.49,111.58
before,3,test_splitter_autograd_function_DynamoThunder_cpu_None[static],thunder/tests/test_dynamo.py::test_splitter_autograd_function_DynamoThunder_cpu_None[static],call,0.47,111.58
before,3,test_splitter_autograd_function_DynamoThunder_cpu_None[auto],thunder/tests/test_dynamo.py::test_splitter_autograd_function_DynamoThunder_cpu_None[auto],call,0.46,111.58
before,3,test_no_grad_ctx_manager_DynamoThunder_cpu_None,thunder/tests/test_dynamo.py::test_no_grad_ctx_manager_DynamoThunder_cpu_None,call,0.45,111.58
before,3,test_basic_DynamoThunder_cpu_None[auto],thunder/tests/test_dynamo.py::test_basic_DynamoThunder_cpu_None[auto],call,0.43,111.58
before,3,test_splitter_autocast_ctx_with_graph_break_DynamoThunder_cpu_None[static],thunder/tests/test_dynamo.py::test_splitter_autocast_ctx_with_graph_break_DynamoThunder_cpu_None[static],call,0.41,111.58
before,3,test_where_nonzero_overload_DynamoThunder_cpu_None,thunder/tests/test_dynamo.py::test_where_nonzero_overload_DynamoThunder_cpu_None,call,0.41,111.58
before,3,test_splitter_autocast_ctx_with_split_DynamoThunder_cpu_None[dynamic],thunder/tests/test_dynamo.py::test_splitter_autocast_ctx_with_split_DynamoThunder_cpu_None[dynamic],call,0.38,111.58
before,3,test_splitter_autocast_ctx_with_split_DynamoThunder_cpu_None[static],thunder/tests/test_dynamo.py::test_splitter_autocast_ctx_with_split_DynamoThunder_cpu_None[static],call,0.33,111.58
before,3,test_splitter_autocast_ctx_with_split_DynamoThunder_cpu_None[auto],thunder/tests/test_dynamo.py::test_splitter_autocast_ctx_with_split_DynamoThunder_cpu_None[auto],call,0.33,111.58
before,3,test_basic_splitter_DynamoThunder_cpu_None[static],thunder/tests/test_dynamo.py::test_basic_splitter_DynamoThunder_cpu_None[static],call,0.32,111.58
before,3,test_basic_splitter_DynamoThunder_cpu_None[auto],thunder/tests/test_dynamo.py::test_basic_splitter_DynamoThunder_cpu_None[auto],call,0.32,111.58
before,3,test_empty_autocast,thunder/tests/test_dynamo.py::test_empty_autocast,call,0.3,111.58
before,3,test_basic_DynamoThunder_cpu_None[static],thunder/tests/test_dynamo.py::test_basic_DynamoThunder_cpu_None[static],call,0.3,111.58
before,3,test_no_grad_enabled_grad_nested_ctx_manager_DynamoThunder_cpu_None,thunder/tests/test_dynamo.py::test_no_grad_enabled_grad_nested_ctx_manager_DynamoThunder_cpu_None,call,0.25,111.58
before,3,test_splitter_autocast_ctx_DynamoThunder_cpu_None[dynamic],thunder/tests/test_dynamo.py::test_splitter_autocast_ctx_DynamoThunder_cpu_None[dynamic],call,0.25,111.58
before,3,test_leak_on_unsupported_thunder_operator,thunder/tests/test_dynamo.py::test_leak_on_unsupported_thunder_operator,call,0.23,111.58
before,3,test_splitter_autocast_ctx_DynamoThunder_cpu_None[auto],thunder/tests/test_dynamo.py::test_splitter_autocast_ctx_DynamoThunder_cpu_None[auto],call,0.22,111.58
before,3,test_splitter_autocast_ctx_DynamoThunder_cpu_None[static],thunder/tests/test_dynamo.py::test_splitter_autocast_ctx_DynamoThunder_cpu_None[static],call,0.22,111.58
before,3,test_thunderfx_last_traces,thunder/tests/test_dynamo.py::test_thunderfx_last_traces,call,0.16,111.58
before,3,test_spliter_bwd,thunder/tests/test_dynamo.py::test_spliter_bwd,call,0.16,111.58
before,3,test_cat_no_split_DynamoThunder_cpu_None[False],thunder/tests/test_dynamo.py::test_cat_no_split_DynamoThunder_cpu_None[False],call,0.15,111.58
before,3,test_force_skip_lazy_graph_module_DynamoThunder_cpu_None,thunder/tests/test_dynamo.py::test_force_skip_lazy_graph_module_DynamoThunder_cpu_None,call,0.15,111.58
before,3,test_cat_no_split_DynamoThunder_cpu_None[True],thunder/tests/test_dynamo.py::test_cat_no_split_DynamoThunder_cpu_None[True],call,0.15,111.58
before,3,test_method_only_registrations_DynamoThunder_cpu_None,thunder/tests/test_dynamo.py::test_method_only_registrations_DynamoThunder_cpu_None,call,0.14,111.58
before,3,test_thunderfx_meta_tensor,thunder/tests/test_dynamo.py::test_thunderfx_meta_tensor,call,0.13,111.58
before,4,test_dynamo_reproducer_split_DynamoThunder_cpu_None[benchmark],thunder/tests/test_dynamo.py::test_dynamo_reproducer_split_DynamoThunder_cpu_None[benchmark],call,29.21,111.68
before,4,test_fxreport_DynamoThunder_cpu_None[benchmark],thunder/tests/test_dynamo.py::test_fxreport_DynamoThunder_cpu_None[benchmark],call,26.08,111.68
before,4,test_dynamo_reproducer_2graph_DynamoThunder_cpu_None[benchmark],thunder/tests/test_dynamo.py::test_dynamo_reproducer_2graph_DynamoThunder_cpu_None[benchmark],call,17.64,111.68
before,4,test_fxreport_DynamoThunder_cpu_None[repro],thunder/tests/test_dynamo.py::test_fxreport_DynamoThunder_cpu_None[repro],call,11.53,111.68
before,4,test_dynamo_reproducer_split_DynamoThunder_cpu_None[repro],thunder/tests/test_dynamo.py::test_dynamo_reproducer_split_DynamoThunder_cpu_None[repro],call,9.01,111.68
before,4,test_dynamo_reproducer_2graph_DynamoThunder_cpu_None[repro],thunder/tests/test_dynamo.py::test_dynamo_reproducer_2graph_DynamoThunder_cpu_None[repro],call,6.0,111.68
before,4,test_basic_DynamoThunder_cpu_None[dynamic],thunder/tests/test_dynamo.py::test_basic_DynamoThunder_cpu_None[dynamic],call,1.64,111.68
before,4,test_basic_splitter_DynamoThunder_cpu_None[dynamic],thunder/tests/test_dynamo.py::test_basic_splitter_DynamoThunder_cpu_None[dynamic],call,1.58,111.68
before,4,test_splitter_autograd_function_DynamoThunder_cpu_None[dynamic],thunder/tests/test_dynamo.py::test_splitter_autograd_function_DynamoThunder_cpu_None[dynamic],call,0.64,111.68
before,4,test_splitter_autocast_ctx_with_graph_break_DynamoThunder_cpu_None[auto],thunder/tests/test_dynamo.py::test_splitter_autocast_ctx_with_graph_break_DynamoThunder_cpu_None[auto],call,0.61,111.68
before,4,test_splitter_autocast_ctx_with_graph_break_DynamoThunder_cpu_None[dynamic],thunder/tests/test_dynamo.py::test_splitter_autocast_ctx_with_graph_break_DynamoThunder_cpu_None[dynamic],call,0.49,111.68
before,4,test_splitter_autograd_function_DynamoThunder_cpu_None[static],thunder/tests/test_dynamo.py::test_splitter_autograd_function_DynamoThunder_cpu_None[static],call,0.47,111.68
before,4,test_splitter_autograd_function_DynamoThunder_cpu_None[auto],thunder/tests/test_dynamo.py::test_splitter_autograd_function_DynamoThunder_cpu_None[auto],call,0.47,111.68
before,4,test_no_grad_ctx_manager_DynamoThunder_cpu_None,thunder/tests/test_dynamo.py::test_no_grad_ctx_manager_DynamoThunder_cpu_None,call,0.44,111.68
before,4,test_basic_DynamoThunder_cpu_None[auto],thunder/tests/test_dynamo.py::test_basic_DynamoThunder_cpu_None[auto],call,0.42,111.68
before,4,test_splitter_autocast_ctx_with_graph_break_DynamoThunder_cpu_None[static],thunder/tests/test_dynamo.py::test_splitter_autocast_ctx_with_graph_break_DynamoThunder_cpu_None[static],call,0.41,111.68
before,4,test_where_nonzero_overload_DynamoThunder_cpu_None,thunder/tests/test_dynamo.py::test_where_nonzero_overload_DynamoThunder_cpu_None,call,0.41,111.68
before,4,test_splitter_autocast_ctx_with_split_DynamoThunder_cpu_None[dynamic],thunder/tests/test_dynamo.py::test_splitter_autocast_ctx_with_split_DynamoThunder_cpu_None[dynamic],call,0.38,111.68
before,4,test_splitter_autocast_ctx_with_split_DynamoThunder_cpu_None[static],thunder/tests/test_dynamo.py::test_splitter_autocast_ctx_with_split_DynamoThunder_cpu_None[static],call,0.33,111.68
before,4,test_splitter_autocast_ctx_with_split_DynamoThunder_cpu_None[auto],thunder/tests/test_dynamo.py::test_splitter_autocast_ctx_with_split_DynamoThunder_cpu_None[auto],call,0.33,111.68
before,4,test_basic_splitter_DynamoThunder_cpu_None[auto],thunder/tests/test_dynamo.py::test_basic_splitter_DynamoThunder_cpu_None[auto],call,0.32,111.68
before,4,test_basic_splitter_DynamoThunder_cpu_None[static],thunder/tests/test_dynamo.py::test_basic_splitter_DynamoThunder_cpu_None[static],call,0.32,111.68
before,4,test_empty_autocast,thunder/tests/test_dynamo.py::test_empty_autocast,call,0.3,111.68
before,4,test_basic_DynamoThunder_cpu_None[static],thunder/tests/test_dynamo.py::test_basic_DynamoThunder_cpu_None[static],call,0.3,111.68
before,4,test_no_grad_enabled_grad_nested_ctx_manager_DynamoThunder_cpu_None,thunder/tests/test_dynamo.py::test_no_grad_enabled_grad_nested_ctx_manager_DynamoThunder_cpu_None,call,0.24,111.68
before,4,test_splitter_autocast_ctx_DynamoThunder_cpu_None[dynamic],thunder/tests/test_dynamo.py::test_splitter_autocast_ctx_DynamoThunder_cpu_None[dynamic],call,0.24,111.68
before,4,test_leak_on_unsupported_thunder_operator,thunder/tests/test_dynamo.py::test_leak_on_unsupported_thunder_operator,call,0.23,111.68
before,4,test_splitter_autocast_ctx_DynamoThunder_cpu_None[auto],thunder/tests/test_dynamo.py::test_splitter_autocast_ctx_DynamoThunder_cpu_None[auto],call,0.22,111.68
before,4,test_splitter_autocast_ctx_DynamoThunder_cpu_None[static],thunder/tests/test_dynamo.py::test_splitter_autocast_ctx_DynamoThunder_cpu_None[static],call,0.22,111.68
before,4,test_thunderfx_last_traces,thunder/tests/test_dynamo.py::test_thunderfx_last_traces,call,0.16,111.68
before,4,test_spliter_bwd,thunder/tests/test_dynamo.py::test_spliter_bwd,call,0.16,111.68
before,4,test_cat_no_split_DynamoThunder_cpu_None[False],thunder/tests/test_dynamo.py::test_cat_no_split_DynamoThunder_cpu_None[False],call,0.15,111.68
before,4,test_force_skip_lazy_graph_module_DynamoThunder_cpu_None,thunder/tests/test_dynamo.py::test_force_skip_lazy_graph_module_DynamoThunder_cpu_None,call,0.15,111.68
before,4,test_cat_no_split_DynamoThunder_cpu_None[True],thunder/tests/test_dynamo.py::test_cat_no_split_DynamoThunder_cpu_None[True],call,0.15,111.68
before,4,test_method_only_registrations_DynamoThunder_cpu_None,thunder/tests/test_dynamo.py::test_method_only_registrations_DynamoThunder_cpu_None,call,0.14,111.68
before,4,test_thunderfx_meta_tensor,thunder/tests/test_dynamo.py::test_thunderfx_meta_tensor,call,0.13,111.68
before,5,test_dynamo_reproducer_split_DynamoThunder_cpu_None[benchmark],thunder/tests/test_dynamo.py::test_dynamo_reproducer_split_DynamoThunder_cpu_None[benchmark],call,29.11,111.5
before,5,test_fxreport_DynamoThunder_cpu_None[benchmark],thunder/tests/test_dynamo.py::test_fxreport_DynamoThunder_cpu_None[benchmark],call,26.02,111.5
before,5,test_dynamo_reproducer_2graph_DynamoThunder_cpu_None[benchmark],thunder/tests/test_dynamo.py::test_dynamo_reproducer_2graph_DynamoThunder_cpu_None[benchmark],call,17.6,111.5
before,5,test_fxreport_DynamoThunder_cpu_None[repro],thunder/tests/test_dynamo.py::test_fxreport_DynamoThunder_cpu_None[repro],call,11.55,111.5
before,5,test_dynamo_reproducer_split_DynamoThunder_cpu_None[repro],thunder/tests/test_dynamo.py::test_dynamo_reproducer_split_DynamoThunder_cpu_None[repro],call,9.02,111.5
before,5,test_dynamo_reproducer_2graph_DynamoThunder_cpu_None[repro],thunder/tests/test_dynamo.py::test_dynamo_reproducer_2graph_DynamoThunder_cpu_None[repro],call,6.0,111.5
before,5,test_basic_DynamoThunder_cpu_None[dynamic],thunder/tests/test_dynamo.py::test_basic_DynamoThunder_cpu_None[dynamic],call,1.65,111.5
before,5,test_basic_splitter_DynamoThunder_cpu_None[dynamic],thunder/tests/test_dynamo.py::test_basic_splitter_DynamoThunder_cpu_None[dynamic],call,1.58,111.5
before,5,test_splitter_autograd_function_DynamoThunder_cpu_None[dynamic],thunder/tests/test_dynamo.py::test_splitter_autograd_function_DynamoThunder_cpu_None[dynamic],call,0.63,111.5
before,5,test_splitter_autocast_ctx_with_graph_break_DynamoThunder_cpu_None[auto],thunder/tests/test_dynamo.py::test_splitter_autocast_ctx_with_graph_break_DynamoThunder_cpu_None[auto],call,0.62,111.5
before,5,test_splitter_autocast_ctx_with_graph_break_DynamoThunder_cpu_None[dynamic],thunder/tests/test_dynamo.py::test_splitter_autocast_ctx_with_graph_break_DynamoThunder_cpu_None[dynamic],call,0.48,111.5
before,5,test_splitter_autograd_function_DynamoThunder_cpu_None[static],thunder/tests/test_dynamo.py::test_splitter_autograd_function_DynamoThunder_cpu_None[static],call,0.47,111.5
before,5,test_splitter_autograd_function_DynamoThunder_cpu_None[auto],thunder/tests/test_dynamo.py::test_splitter_autograd_function_DynamoThunder_cpu_None[auto],call,0.46,111.5
before,5,test_no_grad_ctx_manager_DynamoThunder_cpu_None,thunder/tests/test_dynamo.py::test_no_grad_ctx_manager_DynamoThunder_cpu_None,call,0.45,111.5
before,5,test_basic_DynamoThunder_cpu_None[auto],thunder/tests/test_dynamo.py::test_basic_DynamoThunder_cpu_None[auto],call,0.42,111.5
before,5,test_where_nonzero_overload_DynamoThunder_cpu_None,thunder/tests/test_dynamo.py::test_where_nonzero_overload_DynamoThunder_cpu_None,call,0.41,111.5
before,5,test_splitter_autocast_ctx_with_graph_break_DynamoThunder_cpu_None[static],thunder/tests/test_dynamo.py::test_splitter_autocast_ctx_with_graph_break_DynamoThunder_cpu_None[static],call,0.4,111.5
before,5,test_splitter_autocast_ctx_with_split_DynamoThunder_cpu_None[dynamic],thunder/tests/test_dynamo.py::test_splitter_autocast_ctx_with_split_DynamoThunder_cpu_None[dynamic],call,0.38,111.5
before,5,test_splitter_autocast_ctx_with_split_DynamoThunder_cpu_None[static],thunder/tests/test_dynamo.py::test_splitter_autocast_ctx_with_split_DynamoThunder_cpu_None[static],call,0.33,111.5
before,5,test_splitter_autocast_ctx_with_split_DynamoThunder_cpu_None[auto],thunder/tests/test_dynamo.py::test_splitter_autocast_ctx_with_split_DynamoThunder_cpu_None[auto],call,0.33,111.5
before,5,test_basic_splitter_DynamoThunder_cpu_None[static],thunder/tests/test_dynamo.py::test_basic_splitter_DynamoThunder_cpu_None[static],call,0.31,111.5
before,5,test_basic_splitter_DynamoThunder_cpu_None[auto],thunder/tests/test_dynamo.py::test_basic_splitter_DynamoThunder_cpu_None[auto],call,0.31,111.5
before,5,test_empty_autocast,thunder/tests/test_dynamo.py::test_empty_autocast,call,0.3,111.5
before,5,test_basic_DynamoThunder_cpu_None[static],thunder/tests/test_dynamo.py::test_basic_DynamoThunder_cpu_None[static],call,0.29,111.5
before,5,test_no_grad_enabled_grad_nested_ctx_manager_DynamoThunder_cpu_None,thunder/tests/test_dynamo.py::test_no_grad_enabled_grad_nested_ctx_manager_DynamoThunder_cpu_None,call,0.25,111.5
before,5,test_splitter_autocast_ctx_DynamoThunder_cpu_None[dynamic],thunder/tests/test_dynamo.py::test_splitter_autocast_ctx_DynamoThunder_cpu_None[dynamic],call,0.24,111.5
before,5,test_leak_on_unsupported_thunder_operator,thunder/tests/test_dynamo.py::test_leak_on_unsupported_thunder_operator,call,0.23,111.5
before,5,test_splitter_autocast_ctx_DynamoThunder_cpu_None[static],thunder/tests/test_dynamo.py::test_splitter_autocast_ctx_DynamoThunder_cpu_None[static],call,0.22,111.5
before,5,test_splitter_autocast_ctx_DynamoThunder_cpu_None[auto],thunder/tests/test_dynamo.py::test_splitter_autocast_ctx_DynamoThunder_cpu_None[auto],call,0.22,111.5
before,5,test_thunderfx_last_traces,thunder/tests/test_dynamo.py::test_thunderfx_last_traces,call,0.16,111.5
before,5,test_spliter_bwd,thunder/tests/test_dynamo.py::test_spliter_bwd,call,0.15,111.5
before,5,test_force_skip_lazy_graph_module_DynamoThunder_cpu_None,thunder/tests/test_dynamo.py::test_force_skip_lazy_graph_module_DynamoThunder_cpu_None,call,0.15,111.5
before,5,test_cat_no_split_DynamoThunder_cpu_None[False],thunder/tests/test_dynamo.py::test_cat_no_split_DynamoThunder_cpu_None[False],call,0.15,111.5
before,5,test_cat_no_split_DynamoThunder_cpu_None[True],thunder/tests/test_dynamo.py::test_cat_no_split_DynamoThunder_cpu_None[True],call,0.14,111.5
before,5,test_method_only_registrations_DynamoThunder_cpu_None,thunder/tests/test_dynamo.py::test_method_only_registrations_DynamoThunder_cpu_None,call,0.14,111.5
before,5,test_thunderfx_meta_tensor,thunder/tests/test_dynamo.py::test_thunderfx_meta_tensor,call,0.13,111.5
before,6,test_dynamo_reproducer_split_DynamoThunder_cpu_None[benchmark],thunder/tests/test_dynamo.py::test_dynamo_reproducer_split_DynamoThunder_cpu_None[benchmark],call,29.16,111.46
before,6,test_fxreport_DynamoThunder_cpu_None[benchmark],thunder/tests/test_dynamo.py::test_fxreport_DynamoThunder_cpu_None[benchmark],call,26.07,111.46
before,6,test_dynamo_reproducer_2graph_DynamoThunder_cpu_None[benchmark],thunder/tests/test_dynamo.py::test_dynamo_reproducer_2graph_DynamoThunder_cpu_None[benchmark],call,17.58,111.46
before,6,test_fxreport_DynamoThunder_cpu_None[repro],thunder/tests/test_dynamo.py::test_fxreport_DynamoThunder_cpu_None[repro],call,11.5,111.46
before,6,test_dynamo_reproducer_split_DynamoThunder_cpu_None[repro],thunder/tests/test_dynamo.py::test_dynamo_reproducer_split_DynamoThunder_cpu_None[repro],call,9.06,111.46
before,6,test_dynamo_reproducer_2graph_DynamoThunder_cpu_None[repro],thunder/tests/test_dynamo.py::test_dynamo_reproducer_2graph_DynamoThunder_cpu_None[repro],call,6.0,111.46
before,6,test_basic_DynamoThunder_cpu_None[dynamic],thunder/tests/test_dynamo.py::test_basic_DynamoThunder_cpu_None[dynamic],call,1.66,111.46
before,6,test_basic_splitter_DynamoThunder_cpu_None[dynamic],thunder/tests/test_dynamo.py::test_basic_splitter_DynamoThunder_cpu_None[dynamic],call,1.58,111.46
before,6,test_splitter_autograd_function_DynamoThunder_cpu_None[dynamic],thunder/tests/test_dynamo.py::test_splitter_autograd_function_DynamoThunder_cpu_None[dynamic],call,0.63,111.46
before,6,test_splitter_autocast_ctx_with_graph_break_DynamoThunder_cpu_None[auto],thunder/tests/test_dynamo.py::test_splitter_autocast_ctx_with_graph_break_DynamoThunder_cpu_None[auto],call,0.61,111.46
before,6,test_splitter_autocast_ctx_with_graph_break_DynamoThunder_cpu_None[dynamic],thunder/tests/test_dynamo.py::test_splitter_autocast_ctx_with_graph_break_DynamoThunder_cpu_None[dynamic],call,0.48,111.46
before,6,test_splitter_autograd_function_DynamoThunder_cpu_None[static],thunder/tests/test_dynamo.py::test_splitter_autograd_function_DynamoThunder_cpu_None[static],call,0.46,111.46
before,6,test_splitter_autograd_function_DynamoThunder_cpu_None[auto],thunder/tests/test_dynamo.py::test_splitter_autograd_function_DynamoThunder_cpu_None[auto],call,0.45,111.46
before,6,test_no_grad_ctx_manager_DynamoThunder_cpu_None,thunder/tests/test_dynamo.py::test_no_grad_ctx_manager_DynamoThunder_cpu_None,call,0.44,111.46
before,6,test_basic_DynamoThunder_cpu_None[auto],thunder/tests/test_dynamo.py::test_basic_DynamoThunder_cpu_None[auto],call,0.42,111.46
before,6,test_where_nonzero_overload_DynamoThunder_cpu_None,thunder/tests/test_dynamo.py::test_where_nonzero_overload_DynamoThunder_cpu_None,call,0.4,111.46
before,6,test_splitter_autocast_ctx_with_graph_break_DynamoThunder_cpu_None[static],thunder/tests/test_dynamo.py::test_splitter_autocast_ctx_with_graph_break_DynamoThunder_cpu_None[static],call,0.4,111.46
before,6,test_splitter_autocast_ctx_with_split_DynamoThunder_cpu_None[dynamic],thunder/tests/test_dynamo.py::test_splitter_autocast_ctx_with_split_DynamoThunder_cpu_None[dynamic],call,0.38,111.46
before,6,test_splitter_autocast_ctx_with_split_DynamoThunder_cpu_None[static],thunder/tests/test_dynamo.py::test_splitter_autocast_ctx_with_split_DynamoThunder_cpu_None[static],call,0.32,111.46
before,6,test_splitter_autocast_ctx_with_split_DynamoThunder_cpu_None[auto],thunder/tests/test_dynamo.py::test_splitter_autocast_ctx_with_split_DynamoThunder_cpu_None[auto],call,0.32,111.46
before,6,test_basic_splitter_DynamoThunder_cpu_None[auto],thunder/tests/test_dynamo.py::test_basic_splitter_DynamoThunder_cpu_None[auto],call,0.31,111.46
before,6,test_basic_splitter_DynamoThunder_cpu_None[static],thunder/tests/test_dynamo.py::test_basic_splitter_DynamoThunder_cpu_None[static],call,0.31,111.46
before,6,test_empty_autocast,thunder/tests/test_dynamo.py::test_empty_autocast,call,0.29,111.46
before,6,test_basic_DynamoThunder_cpu_None[static],thunder/tests/test_dynamo.py::test_basic_DynamoThunder_cpu_None[static],call,0.29,111.46
before,6,test_no_grad_enabled_grad_nested_ctx_manager_DynamoThunder_cpu_None,thunder/tests/test_dynamo.py::test_no_grad_enabled_grad_nested_ctx_manager_DynamoThunder_cpu_None,call,0.24,111.46
before,6,test_splitter_autocast_ctx_DynamoThunder_cpu_None[dynamic],thunder/tests/test_dynamo.py::test_splitter_autocast_ctx_DynamoThunder_cpu_None[dynamic],call,0.24,111.46
before,6,test_leak_on_unsupported_thunder_operator,thunder/tests/test_dynamo.py::test_leak_on_unsupported_thunder_operator,call,0.22,111.46
before,6,test_splitter_autocast_ctx_DynamoThunder_cpu_None[auto],thunder/tests/test_dynamo.py::test_splitter_autocast_ctx_DynamoThunder_cpu_None[auto],call,0.22,111.46
before,6,test_splitter_autocast_ctx_DynamoThunder_cpu_None[static],thunder/tests/test_dynamo.py::test_splitter_autocast_ctx_DynamoThunder_cpu_None[static],call,0.21,111.46
before,6,test_thunderfx_last_traces,thunder/tests/test_dynamo.py::test_thunderfx_last_traces,call,0.16,111.46
before,6,test_spliter_bwd,thunder/tests/test_dynamo.py::test_spliter_bwd,call,0.15,111.46
before,6,test_cat_no_split_DynamoThunder_cpu_None[True],thunder/tests/test_dynamo.py::test_cat_no_split_DynamoThunder_cpu_None[True],call,0.14,111.46
before,6,test_cat_no_split_DynamoThunder_cpu_None[False],thunder/tests/test_dynamo.py::test_cat_no_split_DynamoThunder_cpu_None[False],call,0.14,111.46
before,6,test_force_skip_lazy_graph_module_DynamoThunder_cpu_None,thunder/tests/test_dynamo.py::test_force_skip_lazy_graph_module_DynamoThunder_cpu_None,call,0.14,111.46
before,6,test_method_only_registrations_DynamoThunder_cpu_None,thunder/tests/test_dynamo.py::test_method_only_registrations_DynamoThunder_cpu_None,call,0.13,111.46
before,6,test_thunderfx_meta_tensor,thunder/tests/test_dynamo.py::test_thunderfx_meta_tensor,call,0.13,111.46
before,7,test_dynamo_reproducer_split_DynamoThunder_cpu_None[benchmark],thunder/tests/test_dynamo.py::test_dynamo_reproducer_split_DynamoThunder_cpu_None[benchmark],call,29.29,111.82
before,7,test_fxreport_DynamoThunder_cpu_None[benchmark],thunder/tests/test_dynamo.py::test_fxreport_DynamoThunder_cpu_None[benchmark],call,26.03,111.82
before,7,test_dynamo_reproducer_2graph_DynamoThunder_cpu_None[benchmark],thunder/tests/test_dynamo.py::test_dynamo_reproducer_2graph_DynamoThunder_cpu_None[benchmark],call,17.68,111.82
before,7,test_fxreport_DynamoThunder_cpu_None[repro],thunder/tests/test_dynamo.py::test_fxreport_DynamoThunder_cpu_None[repro],call,11.54,111.82
before,7,test_dynamo_reproducer_split_DynamoThunder_cpu_None[repro],thunder/tests/test_dynamo.py::test_dynamo_reproducer_split_DynamoThunder_cpu_None[repro],call,9.03,111.82
before,7,test_dynamo_reproducer_2graph_DynamoThunder_cpu_None[repro],thunder/tests/test_dynamo.py::test_dynamo_reproducer_2graph_DynamoThunder_cpu_None[repro],call,6.03,111.82
before,7,test_basic_DynamoThunder_cpu_None[dynamic],thunder/tests/test_dynamo.py::test_basic_DynamoThunder_cpu_None[dynamic],call,1.65,111.82
before,7,test_basic_splitter_DynamoThunder_cpu_None[dynamic],thunder/tests/test_dynamo.py::test_basic_splitter_DynamoThunder_cpu_None[dynamic],call,1.58,111.82
before,7,test_splitter_autograd_function_DynamoThunder_cpu_None[dynamic],thunder/tests/test_dynamo.py::test_splitter_autograd_function_DynamoThunder_cpu_None[dynamic],call,0.64,111.82
before,7,test_splitter_autocast_ctx_with_graph_break_DynamoThunder_cpu_None[auto],thunder/tests/test_dynamo.py::test_splitter_autocast_ctx_with_graph_break_DynamoThunder_cpu_None[auto],call,0.62,111.82
before,7,test_no_grad_enabled_grad_nested_ctx_manager_DynamoThunder_cpu_None,thunder/tests/test_dynamo.py::test_no_grad_enabled_grad_nested_ctx_manager_DynamoThunder_cpu_None,call,0.49,111.82
before,7,test_splitter_autocast_ctx_with_graph_break_DynamoThunder_cpu_None[dynamic],thunder/tests/test_dynamo.py::test_splitter_autocast_ctx_with_graph_break_DynamoThunder_cpu_None[dynamic],call,0.49,111.82
before,7,test_splitter_autograd_function_DynamoThunder_cpu_None[static],thunder/tests/test_dynamo.py::test_splitter_autograd_function_DynamoThunder_cpu_None[static],call,0.48,111.82
before,7,test_splitter_autograd_function_DynamoThunder_cpu_None[auto],thunder/tests/test_dynamo.py::test_splitter_autograd_function_DynamoThunder_cpu_None[auto],call,0.47,111.82
before,7,test_basic_DynamoThunder_cpu_None[auto],thunder/tests/test_dynamo.py::test_basic_DynamoThunder_cpu_None[auto],call,0.43,111.82
before,7,test_where_nonzero_overload_DynamoThunder_cpu_None,thunder/tests/test_dynamo.py::test_where_nonzero_overload_DynamoThunder_cpu_None,call,0.41,111.82
before,7,test_splitter_autocast_ctx_with_graph_break_DynamoThunder_cpu_None[static],thunder/tests/test_dynamo.py::test_splitter_autocast_ctx_with_graph_break_DynamoThunder_cpu_None[static],call,0.41,111.82
before,7,test_splitter_autocast_ctx_with_split_DynamoThunder_cpu_None[dynamic],thunder/tests/test_dynamo.py::test_splitter_autocast_ctx_with_split_DynamoThunder_cpu_None[dynamic],call,0.38,111.82
before,7,test_splitter_autocast_ctx_with_split_DynamoThunder_cpu_None[static],thunder/tests/test_dynamo.py::test_splitter_autocast_ctx_with_split_DynamoThunder_cpu_None[static],call,0.33,111.82
before,7,test_splitter_autocast_ctx_with_split_DynamoThunder_cpu_None[auto],thunder/tests/test_dynamo.py::test_splitter_autocast_ctx_with_split_DynamoThunder_cpu_None[auto],call,0.33,111.82
before,7,test_basic_splitter_DynamoThunder_cpu_None[static],thunder/tests/test_dynamo.py::test_basic_splitter_DynamoThunder_cpu_None[static],call,0.32,111.82
before,7,test_basic_splitter_DynamoThunder_cpu_None[auto],thunder/tests/test_dynamo.py::test_basic_splitter_DynamoThunder_cpu_None[auto],call,0.31,111.82
before,7,test_empty_autocast,thunder/tests/test_dynamo.py::test_empty_autocast,call,0.3,111.82
before,7,test_basic_DynamoThunder_cpu_None[static],thunder/tests/test_dynamo.py::test_basic_DynamoThunder_cpu_None[static],call,0.29,111.82
before,7,test_splitter_autocast_ctx_DynamoThunder_cpu_None[dynamic],thunder/tests/test_dynamo.py::test_splitter_autocast_ctx_DynamoThunder_cpu_None[dynamic],call,0.24,111.82
before,7,test_leak_on_unsupported_thunder_operator,thunder/tests/test_dynamo.py::test_leak_on_unsupported_thunder_operator,call,0.23,111.82
before,7,test_splitter_autocast_ctx_DynamoThunder_cpu_None[auto],thunder/tests/test_dynamo.py::test_splitter_autocast_ctx_DynamoThunder_cpu_None[auto],call,0.22,111.82
before,7,test_splitter_autocast_ctx_DynamoThunder_cpu_None[static],thunder/tests/test_dynamo.py::test_splitter_autocast_ctx_DynamoThunder_cpu_None[static],call,0.22,111.82
before,7,test_no_grad_ctx_manager_DynamoThunder_cpu_None,thunder/tests/test_dynamo.py::test_no_grad_ctx_manager_DynamoThunder_cpu_None,call,0.2,111.82
before,7,test_thunderfx_last_traces,thunder/tests/test_dynamo.py::test_thunderfx_last_traces,call,0.16,111.82
before,7,test_spliter_bwd,thunder/tests/test_dynamo.py::test_spliter_bwd,call,0.15,111.82
before,7,test_cat_no_split_DynamoThunder_cpu_None[False],thunder/tests/test_dynamo.py::test_cat_no_split_DynamoThunder_cpu_None[False],call,0.15,111.82
before,7,test_force_skip_lazy_graph_module_DynamoThunder_cpu_None,thunder/tests/test_dynamo.py::test_force_skip_lazy_graph_module_DynamoThunder_cpu_None,call,0.15,111.82
before,7,test_cat_no_split_DynamoThunder_cpu_None[True],thunder/tests/test_dynamo.py::test_cat_no_split_DynamoThunder_cpu_None[True],call,0.15,111.82
before,7,test_method_only_registrations_DynamoThunder_cpu_None,thunder/tests/test_dynamo.py::test_method_only_registrations_DynamoThunder_cpu_None,call,0.14,111.82
before,7,test_thunderfx_meta_tensor,thunder/tests/test_dynamo.py::test_thunderfx_meta_tensor,call,0.13,111.82
before,8,test_dynamo_reproducer_split_DynamoThunder_cpu_None[benchmark],thunder/tests/test_dynamo.py::test_dynamo_reproducer_split_DynamoThunder_cpu_None[benchmark],call,29.08,111.63
before,8,test_fxreport_DynamoThunder_cpu_None[benchmark],thunder/tests/test_dynamo.py::test_fxreport_DynamoThunder_cpu_None[benchmark],call,26.05,111.63
before,8,test_dynamo_reproducer_2graph_DynamoThunder_cpu_None[benchmark],thunder/tests/test_dynamo.py::test_dynamo_reproducer_2graph_DynamoThunder_cpu_None[benchmark],call,17.64,111.63
before,8,test_fxreport_DynamoThunder_cpu_None[repro],thunder/tests/test_dynamo.py::test_fxreport_DynamoThunder_cpu_None[repro],call,11.54,111.63
before,8,test_dynamo_reproducer_split_DynamoThunder_cpu_None[repro],thunder/tests/test_dynamo.py::test_dynamo_reproducer_split_DynamoThunder_cpu_None[repro],call,9.01,111.63
before,8,test_dynamo_reproducer_2graph_DynamoThunder_cpu_None[repro],thunder/tests/test_dynamo.py::test_dynamo_reproducer_2graph_DynamoThunder_cpu_None[repro],call,6.01,111.63
before,8,test_basic_DynamoThunder_cpu_None[dynamic],thunder/tests/test_dynamo.py::test_basic_DynamoThunder_cpu_None[dynamic],call,1.65,111.63
before,8,test_basic_splitter_DynamoThunder_cpu_None[dynamic],thunder/tests/test_dynamo.py::test_basic_splitter_DynamoThunder_cpu_None[dynamic],call,1.59,111.63
before,8,test_splitter_autograd_function_DynamoThunder_cpu_None[dynamic],thunder/tests/test_dynamo.py::test_splitter_autograd_function_DynamoThunder_cpu_None[dynamic],call,0.65,111.63
before,8,test_splitter_autocast_ctx_with_graph_break_DynamoThunder_cpu_None[auto],thunder/tests/test_dynamo.py::test_splitter_autocast_ctx_with_graph_break_DynamoThunder_cpu_None[auto],call,0.61,111.63
before,8,test_splitter_autocast_ctx_with_graph_break_DynamoThunder_cpu_None[dynamic],thunder/tests/test_dynamo.py::test_splitter_autocast_ctx_with_graph_break_DynamoThunder_cpu_None[dynamic],call,0.49,111.63
before,8,test_splitter_autograd_function_DynamoThunder_cpu_None[static],thunder/tests/test_dynamo.py::test_splitter_autograd_function_DynamoThunder_cpu_None[static],call,0.48,111.63
before,8,test_splitter_autograd_function_DynamoThunder_cpu_None[auto],thunder/tests/test_dynamo.py::test_splitter_autograd_function_DynamoThunder_cpu_None[auto],call,0.47,111.63
before,8,test_no_grad_ctx_manager_DynamoThunder_cpu_None,thunder/tests/test_dynamo.py::test_no_grad_ctx_manager_DynamoThunder_cpu_None,call,0.45,111.63
before,8,test_basic_DynamoThunder_cpu_None[auto],thunder/tests/test_dynamo.py::test_basic_DynamoThunder_cpu_None[auto],call,0.42,111.63
before,8,test_where_nonzero_overload_DynamoThunder_cpu_None,thunder/tests/test_dynamo.py::test_where_nonzero_overload_DynamoThunder_cpu_None,call,0.41,111.63
before,8,test_splitter_autocast_ctx_with_graph_break_DynamoThunder_cpu_None[static],thunder/tests/test_dynamo.py::test_splitter_autocast_ctx_with_graph_break_DynamoThunder_cpu_None[static],call,0.41,111.63
before,8,test_splitter_autocast_ctx_with_split_DynamoThunder_cpu_None[dynamic],thunder/tests/test_dynamo.py::test_splitter_autocast_ctx_with_split_DynamoThunder_cpu_None[dynamic],call,0.39,111.63
before,8,test_splitter_autocast_ctx_with_split_DynamoThunder_cpu_None[static],thunder/tests/test_dynamo.py::test_splitter_autocast_ctx_with_split_DynamoThunder_cpu_None[static],call,0.33,111.63
before,8,test_splitter_autocast_ctx_with_split_DynamoThunder_cpu_None[auto],thunder/tests/test_dynamo.py::test_splitter_autocast_ctx_with_split_DynamoThunder_cpu_None[auto],call,0.33,111.63
before,8,test_basic_splitter_DynamoThunder_cpu_None[auto],thunder/tests/test_dynamo.py::test_basic_splitter_DynamoThunder_cpu_None[auto],call,0.32,111.63
before,8,test_basic_splitter_DynamoThunder_cpu_None[static],thunder/tests/test_dynamo.py::test_basic_splitter_DynamoThunder_cpu_None[static],call,0.32,111.63
before,8,test_empty_autocast,thunder/tests/test_dynamo.py::test_empty_autocast,call,0.3,111.63
before,8,test_basic_DynamoThunder_cpu_None[static],thunder/tests/test_dynamo.py::test_basic_DynamoThunder_cpu_None[static],call,0.3,111.63
before,8,test_no_grad_enabled_grad_nested_ctx_manager_DynamoThunder_cpu_None,thunder/tests/test_dynamo.py::test_no_grad_enabled_grad_nested_ctx_manager_DynamoThunder_cpu_None,call,0.25,111.63
before,8,test_splitter_autocast_ctx_DynamoThunder_cpu_None[dynamic],thunder/tests/test_dynamo.py::test_splitter_autocast_ctx_DynamoThunder_cpu_None[dynamic],call,0.24,111.63
before,8,test_leak_on_unsupported_thunder_operator,thunder/tests/test_dynamo.py::test_leak_on_unsupported_thunder_operator,call,0.23,111.63
before,8,test_splitter_autocast_ctx_DynamoThunder_cpu_None[auto],thunder/tests/test_dynamo.py::test_splitter_autocast_ctx_DynamoThunder_cpu_None[auto],call,0.22,111.63
before,8,test_splitter_autocast_ctx_DynamoThunder_cpu_None[static],thunder/tests/test_dynamo.py::test_splitter_autocast_ctx_DynamoThunder_cpu_None[static],call,0.22,111.63
before,8,test_thunderfx_last_traces,thunder/tests/test_dynamo.py::test_thunderfx_last_traces,call,0.16,111.63
before,8,test_spliter_bwd,thunder/tests/test_dynamo.py::test_spliter_bwd,call,0.15,111.63
before,8,test_cat_no_split_DynamoThunder_cpu_None[False],thunder/tests/test_dynamo.py::test_cat_no_split_DynamoThunder_cpu_None[False],call,0.15,111.63
before,8,test_cat_no_split_DynamoThunder_cpu_None[True],thunder/tests/test_dynamo.py::test_cat_no_split_DynamoThunder_cpu_None[True],call,0.15,111.63
before,8,test_force_skip_lazy_graph_module_DynamoThunder_cpu_None,thunder/tests/test_dynamo.py::test_force_skip_lazy_graph_module_DynamoThunder_cpu_None,call,0.15,111.63
before,8,test_method_only_registrations_DynamoThunder_cpu_None,thunder/tests/test_dynamo.py::test_method_only_registrations_DynamoThunder_cpu_None,call,0.14,111.63
before,8,test_thunderfx_meta_tensor,thunder/tests/test_dynamo.py::test_thunderfx_meta_tensor,call,0.13,111.63
before,8,test_dynamo_reproducer_submodules[benchmark],thunder/tests/test_dynamo.py::test_dynamo_reproducer_submodules[benchmark],setup,0.03,111.63
before,9,test_dynamo_reproducer_split_DynamoThunder_cpu_None[benchmark],thunder/tests/test_dynamo.py::test_dynamo_reproducer_split_DynamoThunder_cpu_None[benchmark],call,29.17,111.61
before,9,test_fxreport_DynamoThunder_cpu_None[benchmark],thunder/tests/test_dynamo.py::test_fxreport_DynamoThunder_cpu_None[benchmark],call,25.99,111.61
before,9,test_dynamo_reproducer_2graph_DynamoThunder_cpu_None[benchmark],thunder/tests/test_dynamo.py::test_dynamo_reproducer_2graph_DynamoThunder_cpu_None[benchmark],call,17.6,111.61
before,9,test_fxreport_DynamoThunder_cpu_None[repro],thunder/tests/test_dynamo.py::test_fxreport_DynamoThunder_cpu_None[repro],call,11.52,111.61
before,9,test_dynamo_reproducer_split_DynamoThunder_cpu_None[repro],thunder/tests/test_dynamo.py::test_dynamo_reproducer_split_DynamoThunder_cpu_None[repro],call,9.1,111.61
before,9,test_dynamo_reproducer_2graph_DynamoThunder_cpu_None[repro],thunder/tests/test_dynamo.py::test_dynamo_reproducer_2graph_DynamoThunder_cpu_None[repro],call,6.01,111.61
before,9,test_basic_DynamoThunder_cpu_None[dynamic],thunder/tests/test_dynamo.py::test_basic_DynamoThunder_cpu_None[dynamic],call,1.66,111.61
before,9,test_basic_splitter_DynamoThunder_cpu_None[dynamic],thunder/tests/test_dynamo.py::test_basic_splitter_DynamoThunder_cpu_None[dynamic],call,1.57,111.61
before,9,test_splitter_autograd_function_DynamoThunder_cpu_None[dynamic],thunder/tests/test_dynamo.py::test_splitter_autograd_function_DynamoThunder_cpu_None[dynamic],call,0.64,111.61
before,9,test_splitter_autocast_ctx_with_graph_break_DynamoThunder_cpu_None[auto],thunder/tests/test_dynamo.py::test_splitter_autocast_ctx_with_graph_break_DynamoThunder_cpu_None[auto],call,0.62,111.61
before,9,test_splitter_autocast_ctx_with_graph_break_DynamoThunder_cpu_None[dynamic],thunder/tests/test_dynamo.py::test_splitter_autocast_ctx_with_graph_break_DynamoThunder_cpu_None[dynamic],call,0.49,111.61
before,9,test_splitter_autograd_function_DynamoThunder_cpu_None[static],thunder/tests/test_dynamo.py::test_splitter_autograd_function_DynamoThunder_cpu_None[static],call,0.47,111.61
before,9,test_splitter_autograd_function_DynamoThunder_cpu_None[auto],thunder/tests/test_dynamo.py::test_splitter_autograd_function_DynamoThunder_cpu_None[auto],call,0.46,111.61
before,9,test_no_grad_ctx_manager_DynamoThunder_cpu_None,thunder/tests/test_dynamo.py::test_no_grad_ctx_manager_DynamoThunder_cpu_None,call,0.46,111.61
before,9,test_basic_DynamoThunder_cpu_None[auto],thunder/tests/test_dynamo.py::test_basic_DynamoThunder_cpu_None[auto],call,0.42,111.61
before,9,test_where_nonzero_overload_DynamoThunder_cpu_None,thunder/tests/test_dynamo.py::test_where_nonzero_overload_DynamoThunder_cpu_None,call,0.4,111.61
before,9,test_splitter_autocast_ctx_with_graph_break_DynamoThunder_cpu_None[static],thunder/tests/test_dynamo.py::test_splitter_autocast_ctx_with_graph_break_DynamoThunder_cpu_None[static],call,0.4,111.61
before,9,test_splitter_autocast_ctx_with_split_DynamoThunder_cpu_None[dynamic],thunder/tests/test_dynamo.py::test_splitter_autocast_ctx_with_split_DynamoThunder_cpu_None[dynamic],call,0.38,111.61
before,9,test_splitter_autocast_ctx_with_split_DynamoThunder_cpu_None[static],thunder/tests/test_dynamo.py::test_splitter_autocast_ctx_with_split_DynamoThunder_cpu_None[static],call,0.33,111.61
before,9,test_splitter_autocast_ctx_with_split_DynamoThunder_cpu_None[auto],thunder/tests/test_dynamo.py::test_splitter_autocast_ctx_with_split_DynamoThunder_cpu_None[auto],call,0.33,111.61
before,9,test_basic_splitter_DynamoThunder_cpu_None[auto],thunder/tests/test_dynamo.py::test_basic_splitter_DynamoThunder_cpu_None[auto],call,0.31,111.61
before,9,test_basic_splitter_DynamoThunder_cpu_None[static],thunder/tests/test_dynamo.py::test_basic_splitter_DynamoThunder_cpu_None[static],call,0.31,111.61
before,9,test_basic_DynamoThunder_cpu_None[static],thunder/tests/test_dynamo.py::test_basic_DynamoThunder_cpu_None[static],call,0.3,111.61
before,9,test_empty_autocast,thunder/tests/test_dynamo.py::test_empty_autocast,call,0.3,111.61
before,9,test_no_grad_enabled_grad_nested_ctx_manager_DynamoThunder_cpu_None,thunder/tests/test_dynamo.py::test_no_grad_enabled_grad_nested_ctx_manager_DynamoThunder_cpu_None,call,0.24,111.61
before,9,test_splitter_autocast_ctx_DynamoThunder_cpu_None[dynamic],thunder/tests/test_dynamo.py::test_splitter_autocast_ctx_DynamoThunder_cpu_None[dynamic],call,0.24,111.61
before,9,test_leak_on_unsupported_thunder_operator,thunder/tests/test_dynamo.py::test_leak_on_unsupported_thunder_operator,call,0.23,111.61
before,9,test_splitter_autocast_ctx_DynamoThunder_cpu_None[static],thunder/tests/test_dynamo.py::test_splitter_autocast_ctx_DynamoThunder_cpu_None[static],call,0.22,111.61
before,9,test_splitter_autocast_ctx_DynamoThunder_cpu_None[auto],thunder/tests/test_dynamo.py::test_splitter_autocast_ctx_DynamoThunder_cpu_None[auto],call,0.22,111.61
before,9,test_thunderfx_last_traces,thunder/tests/test_dynamo.py::test_thunderfx_last_traces,call,0.16,111.61
before,9,test_spliter_bwd,thunder/tests/test_dynamo.py::test_spliter_bwd,call,0.15,111.61
before,9,test_cat_no_split_DynamoThunder_cpu_None[False],thunder/tests/test_dynamo.py::test_cat_no_split_DynamoThunder_cpu_None[False],call,0.15,111.61
before,9,test_force_skip_lazy_graph_module_DynamoThunder_cpu_None,thunder/tests/test_dynamo.py::test_force_skip_lazy_graph_module_DynamoThunder_cpu_None,call,0.15,111.61
before,9,test_cat_no_split_DynamoThunder_cpu_None[True],thunder/tests/test_dynamo.py::test_cat_no_split_DynamoThunder_cpu_None[True],call,0.15,111.61
before,9,test_method_only_registrations_DynamoThunder_cpu_None,thunder/tests/test_dynamo.py::test_method_only_registrations_DynamoThunder_cpu_None,call,0.14,111.61
before,9,test_thunderfx_meta_tensor,thunder/tests/test_dynamo.py::test_thunderfx_meta_tensor,call,0.13,111.61
before,9,test_dynamo_reproducer_submodules[benchmark],thunder/tests/test_dynamo.py::test_dynamo_reproducer_submodules[benchmark],setup,0.03,111.61
before,10,test_dynamo_reproducer_split_DynamoThunder_cpu_None[benchmark],thunder/tests/test_dynamo.py::test_dynamo_reproducer_split_DynamoThunder_cpu_None[benchmark],call,29.21,111.57
before,10,test_fxreport_DynamoThunder_cpu_None[benchmark],thunder/tests/test_dynamo.py::test_fxreport_DynamoThunder_cpu_None[benchmark],call,25.95,111.57
before,10,test_dynamo_reproducer_2graph_DynamoThunder_cpu_None[benchmark],thunder/tests/test_dynamo.py::test_dynamo_reproducer_2graph_DynamoThunder_cpu_None[benchmark],call,17.59,111.57
before,10,test_fxreport_DynamoThunder_cpu_None[repro],thunder/tests/test_dynamo.py::test_fxreport_DynamoThunder_cpu_None[repro],call,11.54,111.57
before,10,test_dynamo_reproducer_split_DynamoThunder_cpu_None[repro],thunder/tests/test_dynamo.py::test_dynamo_reproducer_split_DynamoThunder_cpu_None[repro],call,9.03,111.57
before,10,test_dynamo_reproducer_2graph_DynamoThunder_cpu_None[repro],thunder/tests/test_dynamo.py::test_dynamo_reproducer_2graph_DynamoThunder_cpu_None[repro],call,6.0,111.57
before,10,test_basic_DynamoThunder_cpu_None[dynamic],thunder/tests/test_dynamo.py::test_basic_DynamoThunder_cpu_None[dynamic],call,1.64,111.57
before,10,test_basic_splitter_DynamoThunder_cpu_None[dynamic],thunder/tests/test_dynamo.py::test_basic_splitter_DynamoThunder_cpu_None[dynamic],call,1.6,111.57
before,10,test_splitter_autograd_function_DynamoThunder_cpu_None[dynamic],thunder/tests/test_dynamo.py::test_splitter_autograd_function_DynamoThunder_cpu_None[dynamic],call,0.64,111.57
before,10,test_splitter_autocast_ctx_with_graph_break_DynamoThunder_cpu_None[auto],thunder/tests/test_dynamo.py::test_splitter_autocast_ctx_with_graph_break_DynamoThunder_cpu_None[auto],call,0.62,111.57
before,10,test_splitter_autocast_ctx_with_graph_break_DynamoThunder_cpu_None[dynamic],thunder/tests/test_dynamo.py::test_splitter_autocast_ctx_with_graph_break_DynamoThunder_cpu_None[dynamic],call,0.49,111.57
before,10,test_splitter_autograd_function_DynamoThunder_cpu_None[static],thunder/tests/test_dynamo.py::test_splitter_autograd_function_DynamoThunder_cpu_None[static],call,0.47,111.57
before,10,test_splitter_autograd_function_DynamoThunder_cpu_None[auto],thunder/tests/test_dynamo.py::test_splitter_autograd_function_DynamoThunder_cpu_None[auto],call,0.47,111.57
before,10,test_no_grad_ctx_manager_DynamoThunder_cpu_None,thunder/tests/test_dynamo.py::test_no_grad_ctx_manager_DynamoThunder_cpu_None,call,0.44,111.57
before,10,test_basic_DynamoThunder_cpu_None[auto],thunder/tests/test_dynamo.py::test_basic_DynamoThunder_cpu_None[auto],call,0.43,111.57
before,10,test_where_nonzero_overload_DynamoThunder_cpu_None,thunder/tests/test_dynamo.py::test_where_nonzero_overload_DynamoThunder_cpu_None,call,0.41,111.57
before,10,test_splitter_autocast_ctx_with_graph_break_DynamoThunder_cpu_None[static],thunder/tests/test_dynamo.py::test_splitter_autocast_ctx_with_graph_break_DynamoThunder_cpu_None[static],call,0.41,111.57
before,10,test_splitter_autocast_ctx_with_split_DynamoThunder_cpu_None[dynamic],thunder/tests/test_dynamo.py::test_splitter_autocast_ctx_with_split_DynamoThunder_cpu_None[dynamic],call,0.39,111.57
before,10,test_splitter_autocast_ctx_with_split_DynamoThunder_cpu_None[auto],thunder/tests/test_dynamo.py::test_splitter_autocast_ctx_with_split_DynamoThunder_cpu_None[auto],call,0.33,111.57
before,10,test_splitter_autocast_ctx_with_split_DynamoThunder_cpu_None[static],thunder/tests/test_dynamo.py::test_splitter_autocast_ctx_with_split_DynamoThunder_cpu_None[static],call,0.33,111.57
before,10,test_basic_splitter_DynamoThunder_cpu_None[static],thunder/tests/test_dynamo.py::test_basic_splitter_DynamoThunder_cpu_None[static],call,0.32,111.57
before,10,test_basic_splitter_DynamoThunder_cpu_None[auto],thunder/tests/test_dynamo.py::test_basic_splitter_DynamoThunder_cpu_None[auto],call,0.32,111.57
before,10,test_basic_DynamoThunder_cpu_None[static],thunder/tests/test_dynamo.py::test_basic_DynamoThunder_cpu_None[static],call,0.3,111.57
before,10,test_empty_autocast,thunder/tests/test_dynamo.py::test_empty_autocast,call,0.3,111.57
before,10,test_no_grad_enabled_grad_nested_ctx_manager_DynamoThunder_cpu_None,thunder/tests/test_dynamo.py::test_no_grad_enabled_grad_nested_ctx_manager_DynamoThunder_cpu_None,call,0.25,111.57
before,10,test_splitter_autocast_ctx_DynamoThunder_cpu_None[dynamic],thunder/tests/test_dynamo.py::test_splitter_autocast_ctx_DynamoThunder_cpu_None[dynamic],call,0.24,111.57
before,10,test_leak_on_unsupported_thunder_operator,thunder/tests/test_dynamo.py::test_leak_on_unsupported_thunder_operator,call,0.23,111.57
before,10,test_splitter_autocast_ctx_DynamoThunder_cpu_None[auto],thunder/tests/test_dynamo.py::test_splitter_autocast_ctx_DynamoThunder_cpu_None[auto],call,0.22,111.57
before,10,test_splitter_autocast_ctx_DynamoThunder_cpu_None[static],thunder/tests/test_dynamo.py::test_splitter_autocast_ctx_DynamoThunder_cpu_None[static],call,0.22,111.57
before,10,test_thunderfx_last_traces,thunder/tests/test_dynamo.py::test_thunderfx_last_traces,call,0.16,111.57
before,10,test_spliter_bwd,thunder/tests/test_dynamo.py::test_spliter_bwd,call,0.15,111.57
before,10,test_cat_no_split_DynamoThunder_cpu_None[False],thunder/tests/test_dynamo.py::test_cat_no_split_DynamoThunder_cpu_None[False],call,0.15,111.57
before,10,test_force_skip_lazy_graph_module_DynamoThunder_cpu_None,thunder/tests/test_dynamo.py::test_force_skip_lazy_graph_module_DynamoThunder_cpu_None,call,0.15,111.57
before,10,test_cat_no_split_DynamoThunder_cpu_None[True],thunder/tests/test_dynamo.py::test_cat_no_split_DynamoThunder_cpu_None[True],call,0.15,111.57
before,10,test_method_only_registrations_DynamoThunder_cpu_None,thunder/tests/test_dynamo.py::test_method_only_registrations_DynamoThunder_cpu_None,call,0.14,111.57
before,10,test_thunderfx_meta_tensor,thunder/tests/test_dynamo.py::test_thunderfx_meta_tensor,call,0.14,111.57
before,11,test_dynamo_reproducer_split_DynamoThunder_cpu_None[benchmark],thunder/tests/test_dynamo.py::test_dynamo_reproducer_split_DynamoThunder_cpu_None[benchmark],call,29.15,111.52
before,11,test_fxreport_DynamoThunder_cpu_None[benchmark],thunder/tests/test_dynamo.py::test_fxreport_DynamoThunder_cpu_None[benchmark],call,26.04,111.52
before,11,test_dynamo_reproducer_2graph_DynamoThunder_cpu_None[benchmark],thunder/tests/test_dynamo.py::test_dynamo_reproducer_2graph_DynamoThunder_cpu_None[benchmark],call,17.6,111.52
before,11,test_fxreport_DynamoThunder_cpu_None[repro],thunder/tests/test_dynamo.py::test_fxreport_DynamoThunder_cpu_None[repro],call,11.49,111.52
before,11,test_dynamo_reproducer_split_DynamoThunder_cpu_None[repro],thunder/tests/test_dynamo.py::test_dynamo_reproducer_split_DynamoThunder_cpu_None[repro],call,9.05,111.52
before,11,test_dynamo_reproducer_2graph_DynamoThunder_cpu_None[repro],thunder/tests/test_dynamo.py::test_dynamo_reproducer_2graph_DynamoThunder_cpu_None[repro],call,6.0,111.52
before,11,test_basic_DynamoThunder_cpu_None[dynamic],thunder/tests/test_dynamo.py::test_basic_DynamoThunder_cpu_None[dynamic],call,1.65,111.52
before,11,test_basic_splitter_DynamoThunder_cpu_None[dynamic],thunder/tests/test_dynamo.py::test_basic_splitter_DynamoThunder_cpu_None[dynamic],call,1.58,111.52
before,11,test_splitter_autograd_function_DynamoThunder_cpu_None[dynamic],thunder/tests/test_dynamo.py::test_splitter_autograd_function_DynamoThunder_cpu_None[dynamic],call,0.63,111.52
before,11,test_splitter_autocast_ctx_with_graph_break_DynamoThunder_cpu_None[auto],thunder/tests/test_dynamo.py::test_splitter_autocast_ctx_with_graph_break_DynamoThunder_cpu_None[auto],call,0.6,111.52
before,11,test_splitter_autocast_ctx_with_graph_break_DynamoThunder_cpu_None[dynamic],thunder/tests/test_dynamo.py::test_splitter_autocast_ctx_with_graph_break_DynamoThunder_cpu_None[dynamic],call,0.49,111.52
before,11,test_no_grad_enabled_grad_nested_ctx_manager_DynamoThunder_cpu_None,thunder/tests/test_dynamo.py::test_no_grad_enabled_grad_nested_ctx_manager_DynamoThunder_cpu_None,call,0.49,111.52
before,11,test_splitter_autograd_function_DynamoThunder_cpu_None[static],thunder/tests/test_dynamo.py::test_splitter_autograd_function_DynamoThunder_cpu_None[static],call,0.48,111.52
before,11,test_splitter_autograd_function_DynamoThunder_cpu_None[auto],thunder/tests/test_dynamo.py::test_splitter_autograd_function_DynamoThunder_cpu_None[auto],call,0.47,111.52
before,11,test_basic_DynamoThunder_cpu_None[auto],thunder/tests/test_dynamo.py::test_basic_DynamoThunder_cpu_None[auto],call,0.42,111.52
before,11,test_where_nonzero_overload_DynamoThunder_cpu_None,thunder/tests/test_dynamo.py::test_where_nonzero_overload_DynamoThunder_cpu_None,call,0.4,111.52
before,11,test_splitter_autocast_ctx_with_graph_break_DynamoThunder_cpu_None[static],thunder/tests/test_dynamo.py::test_splitter_autocast_ctx_with_graph_break_DynamoThunder_cpu_None[static],call,0.4,111.52
before,11,test_splitter_autocast_ctx_with_split_DynamoThunder_cpu_None[dynamic],thunder/tests/test_dynamo.py::test_splitter_autocast_ctx_with_split_DynamoThunder_cpu_None[dynamic],call,0.38,111.52
before,11,test_splitter_autocast_ctx_with_split_DynamoThunder_cpu_None[static],thunder/tests/test_dynamo.py::test_splitter_autocast_ctx_with_split_DynamoThunder_cpu_None[static],call,0.33,111.52
before,11,test_splitter_autocast_ctx_with_split_DynamoThunder_cpu_None[auto],thunder/tests/test_dynamo.py::test_splitter_autocast_ctx_with_split_DynamoThunder_cpu_None[auto],call,0.33,111.52
before,11,test_basic_splitter_DynamoThunder_cpu_None[static],thunder/tests/test_dynamo.py::test_basic_splitter_DynamoThunder_cpu_None[static],call,0.32,111.52
before,11,test_basic_splitter_DynamoThunder_cpu_None[auto],thunder/tests/test_dynamo.py::test_basic_splitter_DynamoThunder_cpu_None[auto],call,0.32,111.52
before,11,test_empty_autocast,thunder/tests/test_dynamo.py::test_empty_autocast,call,0.3,111.52
before,11,test_basic_DynamoThunder_cpu_None[static],thunder/tests/test_dynamo.py::test_basic_DynamoThunder_cpu_None[static],call,0.3,111.52
before,11,test_splitter_autocast_ctx_DynamoThunder_cpu_None[dynamic],thunder/tests/test_dynamo.py::test_splitter_autocast_ctx_DynamoThunder_cpu_None[dynamic],call,0.24,111.52
before,11,test_leak_on_unsupported_thunder_operator,thunder/tests/test_dynamo.py::test_leak_on_unsupported_thunder_operator,call,0.23,111.52
before,11,test_splitter_autocast_ctx_DynamoThunder_cpu_None[static],thunder/tests/test_dynamo.py::test_splitter_autocast_ctx_DynamoThunder_cpu_None[static],call,0.22,111.52
before,11,test_splitter_autocast_ctx_DynamoThunder_cpu_None[auto],thunder/tests/test_dynamo.py::test_splitter_autocast_ctx_DynamoThunder_cpu_None[auto],call,0.22,111.52
before,11,test_no_grad_ctx_manager_DynamoThunder_cpu_None,thunder/tests/test_dynamo.py::test_no_grad_ctx_manager_DynamoThunder_cpu_None,call,0.2,111.52
before,11,test_thunderfx_last_traces,thunder/tests/test_dynamo.py::test_thunderfx_last_traces,call,0.16,111.52
before,11,test_spliter_bwd,thunder/tests/test_dynamo.py::test_spliter_bwd,call,0.16,111.52
before,11,test_cat_no_split_DynamoThunder_cpu_None[True],thunder/tests/test_dynamo.py::test_cat_no_split_DynamoThunder_cpu_None[True],call,0.15,111.52
before,11,test_cat_no_split_DynamoThunder_cpu_None[False],thunder/tests/test_dynamo.py::test_cat_no_split_DynamoThunder_cpu_None[False],call,0.15,111.52
before,11,test_force_skip_lazy_graph_module_DynamoThunder_cpu_None,thunder/tests/test_dynamo.py::test_force_skip_lazy_graph_module_DynamoThunder_cpu_None,call,0.15,111.52
before,11,test_method_only_registrations_DynamoThunder_cpu_None,thunder/tests/test_dynamo.py::test_method_only_registrations_DynamoThunder_cpu_None,call,0.14,111.52
before,11,test_thunderfx_meta_tensor,thunder/tests/test_dynamo.py::test_thunderfx_meta_tensor,call,0.13,111.52
before,12,test_dynamo_reproducer_split_DynamoThunder_cpu_None[benchmark],thunder/tests/test_dynamo.py::test_dynamo_reproducer_split_DynamoThunder_cpu_None[benchmark],call,29.07,111.58
before,12,test_fxreport_DynamoThunder_cpu_None[benchmark],thunder/tests/test_dynamo.py::test_fxreport_DynamoThunder_cpu_None[benchmark],call,26.07,111.58
before,12,test_dynamo_reproducer_2graph_DynamoThunder_cpu_None[benchmark],thunder/tests/test_dynamo.py::test_dynamo_reproducer_2graph_DynamoThunder_cpu_None[benchmark],call,17.55,111.58
before,12,test_fxreport_DynamoThunder_cpu_None[repro],thunder/tests/test_dynamo.py::test_fxreport_DynamoThunder_cpu_None[repro],call,11.6,111.58
before,12,test_dynamo_reproducer_split_DynamoThunder_cpu_None[repro],thunder/tests/test_dynamo.py::test_dynamo_reproducer_split_DynamoThunder_cpu_None[repro],call,9.07,111.58
before,12,test_dynamo_reproducer_2graph_DynamoThunder_cpu_None[repro],thunder/tests/test_dynamo.py::test_dynamo_reproducer_2graph_DynamoThunder_cpu_None[repro],call,5.99,111.58
before,12,test_basic_DynamoThunder_cpu_None[dynamic],thunder/tests/test_dynamo.py::test_basic_DynamoThunder_cpu_None[dynamic],call,1.65,111.58
before,12,test_basic_splitter_DynamoThunder_cpu_None[dynamic],thunder/tests/test_dynamo.py::test_basic_splitter_DynamoThunder_cpu_None[dynamic],call,1.6,111.58
before,12,test_splitter_autograd_function_DynamoThunder_cpu_None[dynamic],thunder/tests/test_dynamo.py::test_splitter_autograd_function_DynamoThunder_cpu_None[dynamic],call,0.64,111.58
before,12,test_splitter_autocast_ctx_with_graph_break_DynamoThunder_cpu_None[auto],thunder/tests/test_dynamo.py::test_splitter_autocast_ctx_with_graph_break_DynamoThunder_cpu_None[auto],call,0.62,111.58
before,12,test_splitter_autocast_ctx_with_graph_break_DynamoThunder_cpu_None[dynamic],thunder/tests/test_dynamo.py::test_splitter_autocast_ctx_with_graph_break_DynamoThunder_cpu_None[dynamic],call,0.48,111.58
before,12,test_splitter_autograd_function_DynamoThunder_cpu_None[static],thunder/tests/test_dynamo.py::test_splitter_autograd_function_DynamoThunder_cpu_None[static],call,0.48,111.58
before,12,test_splitter_autograd_function_DynamoThunder_cpu_None[auto],thunder/tests/test_dynamo.py::test_splitter_autograd_function_DynamoThunder_cpu_None[auto],call,0.47,111.58
before,12,test_no_grad_ctx_manager_DynamoThunder_cpu_None,thunder/tests/test_dynamo.py::test_no_grad_ctx_manager_DynamoThunder_cpu_None,call,0.44,111.58
before,12,test_basic_DynamoThunder_cpu_None[auto],thunder/tests/test_dynamo.py::test_basic_DynamoThunder_cpu_None[auto],call,0.43,111.58
before,12,test_where_nonzero_overload_DynamoThunder_cpu_None,thunder/tests/test_dynamo.py::test_where_nonzero_overload_DynamoThunder_cpu_None,call,0.41,111.58
before,12,test_splitter_autocast_ctx_with_graph_break_DynamoThunder_cpu_None[static],thunder/tests/test_dynamo.py::test_splitter_autocast_ctx_with_graph_break_DynamoThunder_cpu_None[static],call,0.41,111.58
before,12,test_splitter_autocast_ctx_with_split_DynamoThunder_cpu_None[dynamic],thunder/tests/test_dynamo.py::test_splitter_autocast_ctx_with_split_DynamoThunder_cpu_None[dynamic],call,0.39,111.58
before,12,test_splitter_autocast_ctx_with_split_DynamoThunder_cpu_None[static],thunder/tests/test_dynamo.py::test_splitter_autocast_ctx_with_split_DynamoThunder_cpu_None[static],call,0.33,111.58
before,12,test_splitter_autocast_ctx_with_split_DynamoThunder_cpu_None[auto],thunder/tests/test_dynamo.py::test_splitter_autocast_ctx_with_split_DynamoThunder_cpu_None[auto],call,0.33,111.58
before,12,test_basic_splitter_DynamoThunder_cpu_None[auto],thunder/tests/test_dynamo.py::test_basic_splitter_DynamoThunder_cpu_None[auto],call,0.32,111.58
before,12,test_basic_splitter_DynamoThunder_cpu_None[static],thunder/tests/test_dynamo.py::test_basic_splitter_DynamoThunder_cpu_None[static],call,0.32,111.58
before,12,test_empty_autocast,thunder/tests/test_dynamo.py::test_empty_autocast,call,0.29,111.58
before,12,test_basic_DynamoThunder_cpu_None[static],thunder/tests/test_dynamo.py::test_basic_DynamoThunder_cpu_None[static],call,0.29,111.58
before,12,test_no_grad_enabled_grad_nested_ctx_manager_DynamoThunder_cpu_None,thunder/tests/test_dynamo.py::test_no_grad_enabled_grad_nested_ctx_manager_DynamoThunder_cpu_None,call,0.24,111.58
before,12,test_splitter_autocast_ctx_DynamoThunder_cpu_None[dynamic],thunder/tests/test_dynamo.py::test_splitter_autocast_ctx_DynamoThunder_cpu_None[dynamic],call,0.24,111.58
before,12,test_leak_on_unsupported_thunder_operator,thunder/tests/test_dynamo.py::test_leak_on_unsupported_thunder_operator,call,0.23,111.58
before,12,test_splitter_autocast_ctx_DynamoThunder_cpu_None[auto],thunder/tests/test_dynamo.py::test_splitter_autocast_ctx_DynamoThunder_cpu_None[auto],call,0.22,111.58
before,12,test_splitter_autocast_ctx_DynamoThunder_cpu_None[static],thunder/tests/test_dynamo.py::test_splitter_autocast_ctx_DynamoThunder_cpu_None[static],call,0.22,111.58
before,12,test_thunderfx_last_traces,thunder/tests/test_dynamo.py::test_thunderfx_last_traces,call,0.17,111.58
before,12,test_spliter_bwd,thunder/tests/test_dynamo.py::test_spliter_bwd,call,0.15,111.58
before,12,test_force_skip_lazy_graph_module_DynamoThunder_cpu_None,thunder/tests/test_dynamo.py::test_force_skip_lazy_graph_module_DynamoThunder_cpu_None,call,0.15,111.58
before,12,test_cat_no_split_DynamoThunder_cpu_None[True],thunder/tests/test_dynamo.py::test_cat_no_split_DynamoThunder_cpu_None[True],call,0.15,111.58
before,12,test_cat_no_split_DynamoThunder_cpu_None[False],thunder/tests/test_dynamo.py::test_cat_no_split_DynamoThunder_cpu_None[False],call,0.15,111.58
before,12,test_method_only_registrations_DynamoThunder_cpu_None,thunder/tests/test_dynamo.py::test_method_only_registrations_DynamoThunder_cpu_None,call,0.14,111.58
before,12,test_thunderfx_meta_tensor,thunder/tests/test_dynamo.py::test_thunderfx_meta_tensor,call,0.13,111.58
before,13,test_dynamo_reproducer_split_DynamoThunder_cpu_None[benchmark],thunder/tests/test_dynamo.py::test_dynamo_reproducer_split_DynamoThunder_cpu_None[benchmark],call,29.12,111.56
before,13,test_fxreport_DynamoThunder_cpu_None[benchmark],thunder/tests/test_dynamo.py::test_fxreport_DynamoThunder_cpu_None[benchmark],call,26.1,111.56
before,13,test_dynamo_reproducer_2graph_DynamoThunder_cpu_None[benchmark],thunder/tests/test_dynamo.py::test_dynamo_reproducer_2graph_DynamoThunder_cpu_None[benchmark],call,17.65,111.56
before,13,test_fxreport_DynamoThunder_cpu_None[repro],thunder/tests/test_dynamo.py::test_fxreport_DynamoThunder_cpu_None[repro],call,11.51,111.56
before,13,test_dynamo_reproducer_split_DynamoThunder_cpu_None[repro],thunder/tests/test_dynamo.py::test_dynamo_reproducer_split_DynamoThunder_cpu_None[repro],call,9.03,111.56
before,13,test_dynamo_reproducer_2graph_DynamoThunder_cpu_None[repro],thunder/tests/test_dynamo.py::test_dynamo_reproducer_2graph_DynamoThunder_cpu_None[repro],call,6.01,111.56
before,13,test_basic_DynamoThunder_cpu_None[dynamic],thunder/tests/test_dynamo.py::test_basic_DynamoThunder_cpu_None[dynamic],call,1.64,111.56
before,13,test_basic_splitter_DynamoThunder_cpu_None[dynamic],thunder/tests/test_dynamo.py::test_basic_splitter_DynamoThunder_cpu_None[dynamic],call,1.59,111.56
before,13,test_where_nonzero_overload_DynamoThunder_cpu_None,thunder/tests/test_dynamo.py::test_where_nonzero_overload_DynamoThunder_cpu_None,call,0.65,111.56
before,13,test_splitter_autograd_function_DynamoThunder_cpu_None[dynamic],thunder/tests/test_dynamo.py::test_splitter_autograd_function_DynamoThunder_cpu_None[dynamic],call,0.63,111.56
before,13,test_splitter_autocast_ctx_with_graph_break_DynamoThunder_cpu_None[auto],thunder/tests/test_dynamo.py::test_splitter_autocast_ctx_with_graph_break_DynamoThunder_cpu_None[auto],call,0.61,111.56
before,13,test_splitter_autocast_ctx_with_graph_break_DynamoThunder_cpu_None[dynamic],thunder/tests/test_dynamo.py::test_splitter_autocast_ctx_with_graph_break_DynamoThunder_cpu_None[dynamic],call,0.49,111.56
before,13,test_splitter_autograd_function_DynamoThunder_cpu_None[static],thunder/tests/test_dynamo.py::test_splitter_autograd_function_DynamoThunder_cpu_None[static],call,0.46,111.56
before,13,test_splitter_autograd_function_DynamoThunder_cpu_None[auto],thunder/tests/test_dynamo.py::test_splitter_autograd_function_DynamoThunder_cpu_None[auto],call,0.46,111.56
before,13,test_basic_DynamoThunder_cpu_None[auto],thunder/tests/test_dynamo.py::test_basic_DynamoThunder_cpu_None[auto],call,0.42,111.56
before,13,test_splitter_autocast_ctx_with_graph_break_DynamoThunder_cpu_None[static],thunder/tests/test_dynamo.py::test_splitter_autocast_ctx_with_graph_break_DynamoThunder_cpu_None[static],call,0.41,111.56
before,13,test_splitter_autocast_ctx_with_split_DynamoThunder_cpu_None[dynamic],thunder/tests/test_dynamo.py::test_splitter_autocast_ctx_with_split_DynamoThunder_cpu_None[dynamic],call,0.38,111.56
before,13,test_splitter_autocast_ctx_with_split_DynamoThunder_cpu_None[static],thunder/tests/test_dynamo.py::test_splitter_autocast_ctx_with_split_DynamoThunder_cpu_None[static],call,0.33,111.56
before,13,test_splitter_autocast_ctx_with_split_DynamoThunder_cpu_None[auto],thunder/tests/test_dynamo.py::test_splitter_autocast_ctx_with_split_DynamoThunder_cpu_None[auto],call,0.33,111.56
before,13,test_basic_splitter_DynamoThunder_cpu_None[static],thunder/tests/test_dynamo.py::test_basic_splitter_DynamoThunder_cpu_None[static],call,0.31,111.56
before,13,test_basic_splitter_DynamoThunder_cpu_None[auto],thunder/tests/test_dynamo.py::test_basic_splitter_DynamoThunder_cpu_None[auto],call,0.31,111.56
before,13,test_empty_autocast,thunder/tests/test_dynamo.py::test_empty_autocast,call,0.3,111.56
before,13,test_basic_DynamoThunder_cpu_None[static],thunder/tests/test_dynamo.py::test_basic_DynamoThunder_cpu_None[static],call,0.29,111.56
before,13,test_no_grad_enabled_grad_nested_ctx_manager_DynamoThunder_cpu_None,thunder/tests/test_dynamo.py::test_no_grad_enabled_grad_nested_ctx_manager_DynamoThunder_cpu_None,call,0.24,111.56
before,13,test_splitter_autocast_ctx_DynamoThunder_cpu_None[dynamic],thunder/tests/test_dynamo.py::test_splitter_autocast_ctx_DynamoThunder_cpu_None[dynamic],call,0.24,111.56
before,13,test_leak_on_unsupported_thunder_operator,thunder/tests/test_dynamo.py::test_leak_on_unsupported_thunder_operator,call,0.23,111.56
before,13,test_splitter_autocast_ctx_DynamoThunder_cpu_None[static],thunder/tests/test_dynamo.py::test_splitter_autocast_ctx_DynamoThunder_cpu_None[static],call,0.22,111.56
before,13,test_splitter_autocast_ctx_DynamoThunder_cpu_None[auto],thunder/tests/test_dynamo.py::test_splitter_autocast_ctx_DynamoThunder_cpu_None[auto],call,0.22,111.56
before,13,test_no_grad_ctx_manager_DynamoThunder_cpu_None,thunder/tests/test_dynamo.py::test_no_grad_ctx_manager_DynamoThunder_cpu_None,call,0.2,111.56
before,13,test_thunderfx_last_traces,thunder/tests/test_dynamo.py::test_thunderfx_last_traces,call,0.16,111.56
before,13,test_spliter_bwd,thunder/tests/test_dynamo.py::test_spliter_bwd,call,0.15,111.56
before,13,test_cat_no_split_DynamoThunder_cpu_None[True],thunder/tests/test_dynamo.py::test_cat_no_split_DynamoThunder_cpu_None[True],call,0.14,111.56
before,13,test_cat_no_split_DynamoThunder_cpu_None[False],thunder/tests/test_dynamo.py::test_cat_no_split_DynamoThunder_cpu_None[False],call,0.14,111.56
before,13,test_force_skip_lazy_graph_module_DynamoThunder_cpu_None,thunder/tests/test_dynamo.py::test_force_skip_lazy_graph_module_DynamoThunder_cpu_None,call,0.14,111.56
before,13,test_method_only_registrations_DynamoThunder_cpu_None,thunder/tests/test_dynamo.py::test_method_only_registrations_DynamoThunder_cpu_None,call,0.14,111.56
before,13,test_thunderfx_meta_tensor,thunder/tests/test_dynamo.py::test_thunderfx_meta_tensor,call,0.12,111.56
before,14,test_dynamo_reproducer_split_DynamoThunder_cpu_None[benchmark],thunder/tests/test_dynamo.py::test_dynamo_reproducer_split_DynamoThunder_cpu_None[benchmark],call,29.16,111.48
before,14,test_fxreport_DynamoThunder_cpu_None[benchmark],thunder/tests/test_dynamo.py::test_fxreport_DynamoThunder_cpu_None[benchmark],call,25.91,111.48
before,14,test_dynamo_reproducer_2graph_DynamoThunder_cpu_None[benchmark],thunder/tests/test_dynamo.py::test_dynamo_reproducer_2graph_DynamoThunder_cpu_None[benchmark],call,17.62,111.48
before,14,test_fxreport_DynamoThunder_cpu_None[repro],thunder/tests/test_dynamo.py::test_fxreport_DynamoThunder_cpu_None[repro],call,11.5,111.48
before,14,test_dynamo_reproducer_split_DynamoThunder_cpu_None[repro],thunder/tests/test_dynamo.py::test_dynamo_reproducer_split_DynamoThunder_cpu_None[repro],call,9.0,111.48
before,14,test_dynamo_reproducer_2graph_DynamoThunder_cpu_None[repro],thunder/tests/test_dynamo.py::test_dynamo_reproducer_2graph_DynamoThunder_cpu_None[repro],call,6.05,111.48
before,14,test_basic_DynamoThunder_cpu_None[dynamic],thunder/tests/test_dynamo.py::test_basic_DynamoThunder_cpu_None[dynamic],call,1.65,111.48
before,14,test_basic_splitter_DynamoThunder_cpu_None[dynamic],thunder/tests/test_dynamo.py::test_basic_splitter_DynamoThunder_cpu_None[dynamic],call,1.58,111.48
before,14,test_splitter_autograd_function_DynamoThunder_cpu_None[dynamic],thunder/tests/test_dynamo.py::test_splitter_autograd_function_DynamoThunder_cpu_None[dynamic],call,0.64,111.48
before,14,test_splitter_autocast_ctx_with_graph_break_DynamoThunder_cpu_None[auto],thunder/tests/test_dynamo.py::test_splitter_autocast_ctx_with_graph_break_DynamoThunder_cpu_None[auto],call,0.62,111.48
before,14,test_splitter_autocast_ctx_with_graph_break_DynamoThunder_cpu_None[dynamic],thunder/tests/test_dynamo.py::test_splitter_autocast_ctx_with_graph_break_DynamoThunder_cpu_None[dynamic],call,0.49,111.48
before,14,test_splitter_autograd_function_DynamoThunder_cpu_None[static],thunder/tests/test_dynamo.py::test_splitter_autograd_function_DynamoThunder_cpu_None[static],call,0.47,111.48
before,14,test_splitter_autograd_function_DynamoThunder_cpu_None[auto],thunder/tests/test_dynamo.py::test_splitter_autograd_function_DynamoThunder_cpu_None[auto],call,0.47,111.48
before,14,test_no_grad_ctx_manager_DynamoThunder_cpu_None,thunder/tests/test_dynamo.py::test_no_grad_ctx_manager_DynamoThunder_cpu_None,call,0.45,111.48
before,14,test_basic_DynamoThunder_cpu_None[auto],thunder/tests/test_dynamo.py::test_basic_DynamoThunder_cpu_None[auto],call,0.42,111.48
before,14,test_splitter_autocast_ctx_with_graph_break_DynamoThunder_cpu_None[static],thunder/tests/test_dynamo.py::test_splitter_autocast_ctx_with_graph_break_DynamoThunder_cpu_None[static],call,0.41,111.48
before,14,test_where_nonzero_overload_DynamoThunder_cpu_None,thunder/tests/test_dynamo.py::test_where_nonzero_overload_DynamoThunder_cpu_None,call,0.4,111.48
before,14,test_splitter_autocast_ctx_with_split_DynamoThunder_cpu_None[dynamic],thunder/tests/test_dynamo.py::test_splitter_autocast_ctx_with_split_DynamoThunder_cpu_None[dynamic],call,0.39,111.48
before,14,test_splitter_autocast_ctx_with_split_DynamoThunder_cpu_None[static],thunder/tests/test_dynamo.py::test_splitter_autocast_ctx_with_split_DynamoThunder_cpu_None[static],call,0.33,111.48
before,14,test_splitter_autocast_ctx_with_split_DynamoThunder_cpu_None[auto],thunder/tests/test_dynamo.py::test_splitter_autocast_ctx_with_split_DynamoThunder_cpu_None[auto],call,0.33,111.48
before,14,test_basic_splitter_DynamoThunder_cpu_None[static],thunder/tests/test_dynamo.py::test_basic_splitter_DynamoThunder_cpu_None[static],call,0.31,111.48
before,14,test_basic_splitter_DynamoThunder_cpu_None[auto],thunder/tests/test_dynamo.py::test_basic_splitter_DynamoThunder_cpu_None[auto],call,0.31,111.48
before,14,test_empty_autocast,thunder/tests/test_dynamo.py::test_empty_autocast,call,0.3,111.48
before,14,test_basic_DynamoThunder_cpu_None[static],thunder/tests/test_dynamo.py::test_basic_DynamoThunder_cpu_None[static],call,0.29,111.48
before,14,test_no_grad_enabled_grad_nested_ctx_manager_DynamoThunder_cpu_None,thunder/tests/test_dynamo.py::test_no_grad_enabled_grad_nested_ctx_manager_DynamoThunder_cpu_None,call,0.25,111.48
before,14,test_splitter_autocast_ctx_DynamoThunder_cpu_None[dynamic],thunder/tests/test_dynamo.py::test_splitter_autocast_ctx_DynamoThunder_cpu_None[dynamic],call,0.24,111.48
before,14,test_leak_on_unsupported_thunder_operator,thunder/tests/test_dynamo.py::test_leak_on_unsupported_thunder_operator,call,0.23,111.48
before,14,test_splitter_autocast_ctx_DynamoThunder_cpu_None[auto],thunder/tests/test_dynamo.py::test_splitter_autocast_ctx_DynamoThunder_cpu_None[auto],call,0.22,111.48
before,14,test_splitter_autocast_ctx_DynamoThunder_cpu_None[static],thunder/tests/test_dynamo.py::test_splitter_autocast_ctx_DynamoThunder_cpu_None[static],call,0.22,111.48
before,14,test_thunderfx_last_traces,thunder/tests/test_dynamo.py::test_thunderfx_last_traces,call,0.16,111.48
before,14,test_spliter_bwd,thunder/tests/test_dynamo.py::test_spliter_bwd,call,0.15,111.48
before,14,test_cat_no_split_DynamoThunder_cpu_None[True],thunder/tests/test_dynamo.py::test_cat_no_split_DynamoThunder_cpu_None[True],call,0.15,111.48
before,14,test_force_skip_lazy_graph_module_DynamoThunder_cpu_None,thunder/tests/test_dynamo.py::test_force_skip_lazy_graph_module_DynamoThunder_cpu_None,call,0.15,111.48
before,14,test_cat_no_split_DynamoThunder_cpu_None[False],thunder/tests/test_dynamo.py::test_cat_no_split_DynamoThunder_cpu_None[False],call,0.15,111.48
before,14,test_method_only_registrations_DynamoThunder_cpu_None,thunder/tests/test_dynamo.py::test_method_only_registrations_DynamoThunder_cpu_None,call,0.14,111.48
before,14,test_thunderfx_meta_tensor,thunder/tests/test_dynamo.py::test_thunderfx_meta_tensor,call,0.13,111.48
before,15,test_dynamo_reproducer_split_DynamoThunder_cpu_None[benchmark],thunder/tests/test_dynamo.py::test_dynamo_reproducer_split_DynamoThunder_cpu_None[benchmark],call,29.18,111.78
before,15,test_fxreport_DynamoThunder_cpu_None[benchmark],thunder/tests/test_dynamo.py::test_fxreport_DynamoThunder_cpu_None[benchmark],call,26.03,111.78
before,15,test_dynamo_reproducer_2graph_DynamoThunder_cpu_None[benchmark],thunder/tests/test_dynamo.py::test_dynamo_reproducer_2graph_DynamoThunder_cpu_None[benchmark],call,17.73,111.78
before,15,test_fxreport_DynamoThunder_cpu_None[repro],thunder/tests/test_dynamo.py::test_fxreport_DynamoThunder_cpu_None[repro],call,11.54,111.78
before,15,test_dynamo_reproducer_split_DynamoThunder_cpu_None[repro],thunder/tests/test_dynamo.py::test_dynamo_reproducer_split_DynamoThunder_cpu_None[repro],call,9.05,111.78
before,15,test_dynamo_reproducer_2graph_DynamoThunder_cpu_None[repro],thunder/tests/test_dynamo.py::test_dynamo_reproducer_2graph_DynamoThunder_cpu_None[repro],call,5.98,111.78
before,15,test_basic_DynamoThunder_cpu_None[dynamic],thunder/tests/test_dynamo.py::test_basic_DynamoThunder_cpu_None[dynamic],call,1.66,111.78
before,15,test_basic_splitter_DynamoThunder_cpu_None[dynamic],thunder/tests/test_dynamo.py::test_basic_splitter_DynamoThunder_cpu_None[dynamic],call,1.63,111.78
before,15,test_splitter_autograd_function_DynamoThunder_cpu_None[dynamic],thunder/tests/test_dynamo.py::test_splitter_autograd_function_DynamoThunder_cpu_None[dynamic],call,0.64,111.78
before,15,test_splitter_autocast_ctx_with_graph_break_DynamoThunder_cpu_None[auto],thunder/tests/test_dynamo.py::test_splitter_autocast_ctx_with_graph_break_DynamoThunder_cpu_None[auto],call,0.61,111.78
before,15,test_splitter_autocast_ctx_with_graph_break_DynamoThunder_cpu_None[dynamic],thunder/tests/test_dynamo.py::test_splitter_autocast_ctx_with_graph_break_DynamoThunder_cpu_None[dynamic],call,0.49,111.78
before,15,test_splitter_autograd_function_DynamoThunder_cpu_None[static],thunder/tests/test_dynamo.py::test_splitter_autograd_function_DynamoThunder_cpu_None[static],call,0.47,111.78
before,15,test_splitter_autograd_function_DynamoThunder_cpu_None[auto],thunder/tests/test_dynamo.py::test_splitter_autograd_function_DynamoThunder_cpu_None[auto],call,0.46,111.78
before,15,test_no_grad_ctx_manager_DynamoThunder_cpu_None,thunder/tests/test_dynamo.py::test_no_grad_ctx_manager_DynamoThunder_cpu_None,call,0.45,111.78
before,15,test_basic_DynamoThunder_cpu_None[auto],thunder/tests/test_dynamo.py::test_basic_DynamoThunder_cpu_None[auto],call,0.42,111.78
before,15,test_splitter_autocast_ctx_with_graph_break_DynamoThunder_cpu_None[static],thunder/tests/test_dynamo.py::test_splitter_autocast_ctx_with_graph_break_DynamoThunder_cpu_None[static],call,0.41,111.78
before,15,test_where_nonzero_overload_DynamoThunder_cpu_None,thunder/tests/test_dynamo.py::test_where_nonzero_overload_DynamoThunder_cpu_None,call,0.4,111.78
before,15,test_splitter_autocast_ctx_with_split_DynamoThunder_cpu_None[dynamic],thunder/tests/test_dynamo.py::test_splitter_autocast_ctx_with_split_DynamoThunder_cpu_None[dynamic],call,0.38,111.78
before,15,test_splitter_autocast_ctx_with_split_DynamoThunder_cpu_None[static],thunder/tests/test_dynamo.py::test_splitter_autocast_ctx_with_split_DynamoThunder_cpu_None[static],call,0.33,111.78
before,15,test_splitter_autocast_ctx_with_split_DynamoThunder_cpu_None[auto],thunder/tests/test_dynamo.py::test_splitter_autocast_ctx_with_split_DynamoThunder_cpu_None[auto],call,0.33,111.78
before,15,test_basic_splitter_DynamoThunder_cpu_None[auto],thunder/tests/test_dynamo.py::test_basic_splitter_DynamoThunder_cpu_None[auto],call,0.32,111.78
before,15,test_basic_splitter_DynamoThunder_cpu_None[static],thunder/tests/test_dynamo.py::test_basic_splitter_DynamoThunder_cpu_None[static],call,0.32,111.78
before,15,test_basic_DynamoThunder_cpu_None[static],thunder/tests/test_dynamo.py::test_basic_DynamoThunder_cpu_None[static],call,0.3,111.78
before,15,test_empty_autocast,thunder/tests/test_dynamo.py::test_empty_autocast,call,0.3,111.78
before,15,test_no_grad_enabled_grad_nested_ctx_manager_DynamoThunder_cpu_None,thunder/tests/test_dynamo.py::test_no_grad_enabled_grad_nested_ctx_manager_DynamoThunder_cpu_None,call,0.24,111.78
before,15,test_splitter_autocast_ctx_DynamoThunder_cpu_None[dynamic],thunder/tests/test_dynamo.py::test_splitter_autocast_ctx_DynamoThunder_cpu_None[dynamic],call,0.24,111.78
before,15,test_leak_on_unsupported_thunder_operator,thunder/tests/test_dynamo.py::test_leak_on_unsupported_thunder_operator,call,0.23,111.78
before,15,test_splitter_autocast_ctx_DynamoThunder_cpu_None[static],thunder/tests/test_dynamo.py::test_splitter_autocast_ctx_DynamoThunder_cpu_None[static],call,0.22,111.78
before,15,test_splitter_autocast_ctx_DynamoThunder_cpu_None[auto],thunder/tests/test_dynamo.py::test_splitter_autocast_ctx_DynamoThunder_cpu_None[auto],call,0.22,111.78
before,15,test_thunderfx_last_traces,thunder/tests/test_dynamo.py::test_thunderfx_last_traces,call,0.16,111.78
before,15,test_spliter_bwd,thunder/tests/test_dynamo.py::test_spliter_bwd,call,0.15,111.78
before,15,test_cat_no_split_DynamoThunder_cpu_None[True],thunder/tests/test_dynamo.py::test_cat_no_split_DynamoThunder_cpu_None[True],call,0.15,111.78
before,15,test_force_skip_lazy_graph_module_DynamoThunder_cpu_None,thunder/tests/test_dynamo.py::test_force_skip_lazy_graph_module_DynamoThunder_cpu_None,call,0.15,111.78
before,15,test_cat_no_split_DynamoThunder_cpu_None[False],thunder/tests/test_dynamo.py::test_cat_no_split_DynamoThunder_cpu_None[False],call,0.15,111.78
before,15,test_method_only_registrations_DynamoThunder_cpu_None,thunder/tests/test_dynamo.py::test_method_only_registrations_DynamoThunder_cpu_None,call,0.14,111.78
before,15,test_thunderfx_meta_tensor,thunder/tests/test_dynamo.py::test_thunderfx_meta_tensor,call,0.13,111.78
before,15,test_splitter_autograd_function_DynamoThunder_cpu_None[static],thunder/tests/test_dynamo.py::test_splitter_autograd_function_DynamoThunder_cpu_None[static],setup,0.03,111.78
before,16,test_dynamo_reproducer_split_DynamoThunder_cpu_None[benchmark],thunder/tests/test_dynamo.py::test_dynamo_reproducer_split_DynamoThunder_cpu_None[benchmark],call,29.15,111.55
before,16,test_fxreport_DynamoThunder_cpu_None[benchmark],thunder/tests/test_dynamo.py::test_fxreport_DynamoThunder_cpu_None[benchmark],call,26.05,111.55
before,16,test_dynamo_reproducer_2graph_DynamoThunder_cpu_None[benchmark],thunder/tests/test_dynamo.py::test_dynamo_reproducer_2graph_DynamoThunder_cpu_None[benchmark],call,17.62,111.55
before,16,test_fxreport_DynamoThunder_cpu_None[repro],thunder/tests/test_dynamo.py::test_fxreport_DynamoThunder_cpu_None[repro],call,11.55,111.55
before,16,test_dynamo_reproducer_split_DynamoThunder_cpu_None[repro],thunder/tests/test_dynamo.py::test_dynamo_reproducer_split_DynamoThunder_cpu_None[repro],call,9.05,111.55
before,16,test_dynamo_reproducer_2graph_DynamoThunder_cpu_None[repro],thunder/tests/test_dynamo.py::test_dynamo_reproducer_2graph_DynamoThunder_cpu_None[repro],call,6.03,111.55
before,16,test_basic_DynamoThunder_cpu_None[dynamic],thunder/tests/test_dynamo.py::test_basic_DynamoThunder_cpu_None[dynamic],call,1.65,111.55
before,16,test_basic_splitter_DynamoThunder_cpu_None[dynamic],thunder/tests/test_dynamo.py::test_basic_splitter_DynamoThunder_cpu_None[dynamic],call,1.57,111.55
before,16,test_splitter_autograd_function_DynamoThunder_cpu_None[dynamic],thunder/tests/test_dynamo.py::test_splitter_autograd_function_DynamoThunder_cpu_None[dynamic],call,0.63,111.55
before,16,test_splitter_autocast_ctx_with_graph_break_DynamoThunder_cpu_None[auto],thunder/tests/test_dynamo.py::test_splitter_autocast_ctx_with_graph_break_DynamoThunder_cpu_None[auto],call,0.62,111.55
before,16,test_splitter_autocast_ctx_with_graph_break_DynamoThunder_cpu_None[dynamic],thunder/tests/test_dynamo.py::test_splitter_autocast_ctx_with_graph_break_DynamoThunder_cpu_None[dynamic],call,0.48,111.55
before,16,test_splitter_autograd_function_DynamoThunder_cpu_None[static],thunder/tests/test_dynamo.py::test_splitter_autograd_function_DynamoThunder_cpu_None[static],call,0.47,111.55
before,16,test_splitter_autograd_function_DynamoThunder_cpu_None[auto],thunder/tests/test_dynamo.py::test_splitter_autograd_function_DynamoThunder_cpu_None[auto],call,0.46,111.55
before,16,test_no_grad_ctx_manager_DynamoThunder_cpu_None,thunder/tests/test_dynamo.py::test_no_grad_ctx_manager_DynamoThunder_cpu_None,call,0.45,111.55
before,16,test_basic_DynamoThunder_cpu_None[auto],thunder/tests/test_dynamo.py::test_basic_DynamoThunder_cpu_None[auto],call,0.41,111.55
before,16,test_splitter_autocast_ctx_with_graph_break_DynamoThunder_cpu_None[static],thunder/tests/test_dynamo.py::test_splitter_autocast_ctx_with_graph_break_DynamoThunder_cpu_None[static],call,0.4,111.55
before,16,test_where_nonzero_overload_DynamoThunder_cpu_None,thunder/tests/test_dynamo.py::test_where_nonzero_overload_DynamoThunder_cpu_None,call,0.4,111.55
before,16,test_splitter_autocast_ctx_with_split_DynamoThunder_cpu_None[dynamic],thunder/tests/test_dynamo.py::test_splitter_autocast_ctx_with_split_DynamoThunder_cpu_None[dynamic],call,0.38,111.55
before,16,test_splitter_autocast_ctx_with_split_DynamoThunder_cpu_None[static],thunder/tests/test_dynamo.py::test_splitter_autocast_ctx_with_split_DynamoThunder_cpu_None[static],call,0.33,111.55
before,16,test_splitter_autocast_ctx_with_split_DynamoThunder_cpu_None[auto],thunder/tests/test_dynamo.py::test_splitter_autocast_ctx_with_split_DynamoThunder_cpu_None[auto],call,0.33,111.55
before,16,test_basic_splitter_DynamoThunder_cpu_None[static],thunder/tests/test_dynamo.py::test_basic_splitter_DynamoThunder_cpu_None[static],call,0.31,111.55
before,16,test_basic_splitter_DynamoThunder_cpu_None[auto],thunder/tests/test_dynamo.py::test_basic_splitter_DynamoThunder_cpu_None[auto],call,0.31,111.55
before,16,test_empty_autocast,thunder/tests/test_dynamo.py::test_empty_autocast,call,0.3,111.55
before,16,test_basic_DynamoThunder_cpu_None[static],thunder/tests/test_dynamo.py::test_basic_DynamoThunder_cpu_None[static],call,0.29,111.55
before,16,test_no_grad_enabled_grad_nested_ctx_manager_DynamoThunder_cpu_None,thunder/tests/test_dynamo.py::test_no_grad_enabled_grad_nested_ctx_manager_DynamoThunder_cpu_None,call,0.24,111.55
before,16,test_splitter_autocast_ctx_DynamoThunder_cpu_None[dynamic],thunder/tests/test_dynamo.py::test_splitter_autocast_ctx_DynamoThunder_cpu_None[dynamic],call,0.24,111.55
before,16,test_leak_on_unsupported_thunder_operator,thunder/tests/test_dynamo.py::test_leak_on_unsupported_thunder_operator,call,0.23,111.55
before,16,test_splitter_autocast_ctx_DynamoThunder_cpu_None[auto],thunder/tests/test_dynamo.py::test_splitter_autocast_ctx_DynamoThunder_cpu_None[auto],call,0.22,111.55
before,16,test_splitter_autocast_ctx_DynamoThunder_cpu_None[static],thunder/tests/test_dynamo.py::test_splitter_autocast_ctx_DynamoThunder_cpu_None[static],call,0.22,111.55
before,16,test_thunderfx_last_traces,thunder/tests/test_dynamo.py::test_thunderfx_last_traces,call,0.16,111.55
before,16,test_spliter_bwd,thunder/tests/test_dynamo.py::test_spliter_bwd,call,0.15,111.55
before,16,test_cat_no_split_DynamoThunder_cpu_None[True],thunder/tests/test_dynamo.py::test_cat_no_split_DynamoThunder_cpu_None[True],call,0.15,111.55
before,16,test_force_skip_lazy_graph_module_DynamoThunder_cpu_None,thunder/tests/test_dynamo.py::test_force_skip_lazy_graph_module_DynamoThunder_cpu_None,call,0.15,111.55
before,16,test_cat_no_split_DynamoThunder_cpu_None[False],thunder/tests/test_dynamo.py::test_cat_no_split_DynamoThunder_cpu_None[False],call,0.15,111.55
before,16,test_method_only_registrations_DynamoThunder_cpu_None,thunder/tests/test_dynamo.py::test_method_only_registrations_DynamoThunder_cpu_None,call,0.14,111.55
before,16,test_thunderfx_meta_tensor,thunder/tests/test_dynamo.py::test_thunderfx_meta_tensor,call,0.12,111.55
before,17,test_dynamo_reproducer_split_DynamoThunder_cpu_None[benchmark],thunder/tests/test_dynamo.py::test_dynamo_reproducer_split_DynamoThunder_cpu_None[benchmark],call,29.15,111.91
before,17,test_fxreport_DynamoThunder_cpu_None[benchmark],thunder/tests/test_dynamo.py::test_fxreport_DynamoThunder_cpu_None[benchmark],call,26.06,111.91
before,17,test_dynamo_reproducer_2graph_DynamoThunder_cpu_None[benchmark],thunder/tests/test_dynamo.py::test_dynamo_reproducer_2graph_DynamoThunder_cpu_None[benchmark],call,17.64,111.91
before,17,test_fxreport_DynamoThunder_cpu_None[repro],thunder/tests/test_dynamo.py::test_fxreport_DynamoThunder_cpu_None[repro],call,11.56,111.91
before,17,test_dynamo_reproducer_split_DynamoThunder_cpu_None[repro],thunder/tests/test_dynamo.py::test_dynamo_reproducer_split_DynamoThunder_cpu_None[repro],call,9.11,111.91
before,17,test_dynamo_reproducer_2graph_DynamoThunder_cpu_None[repro],thunder/tests/test_dynamo.py::test_dynamo_reproducer_2graph_DynamoThunder_cpu_None[repro],call,6.03,111.91
before,17,test_basic_DynamoThunder_cpu_None[dynamic],thunder/tests/test_dynamo.py::test_basic_DynamoThunder_cpu_None[dynamic],call,1.65,111.91
before,17,test_basic_splitter_DynamoThunder_cpu_None[dynamic],thunder/tests/test_dynamo.py::test_basic_splitter_DynamoThunder_cpu_None[dynamic],call,1.61,111.91
before,17,test_splitter_autograd_function_DynamoThunder_cpu_None[dynamic],thunder/tests/test_dynamo.py::test_splitter_autograd_function_DynamoThunder_cpu_None[dynamic],call,0.64,111.91
before,17,test_splitter_autocast_ctx_with_graph_break_DynamoThunder_cpu_None[auto],thunder/tests/test_dynamo.py::test_splitter_autocast_ctx_with_graph_break_DynamoThunder_cpu_None[auto],call,0.62,111.91
before,17,test_splitter_autocast_ctx_with_graph_break_DynamoThunder_cpu_None[dynamic],thunder/tests/test_dynamo.py::test_splitter_autocast_ctx_with_graph_break_DynamoThunder_cpu_None[dynamic],call,0.5,111.91
before,17,test_splitter_autograd_function_DynamoThunder_cpu_None[static],thunder/tests/test_dynamo.py::test_splitter_autograd_function_DynamoThunder_cpu_None[static],call,0.5,111.91
before,17,test_splitter_autograd_function_DynamoThunder_cpu_None[auto],thunder/tests/test_dynamo.py::test_splitter_autograd_function_DynamoThunder_cpu_None[auto],call,0.47,111.91
before,17,test_no_grad_ctx_manager_DynamoThunder_cpu_None,thunder/tests/test_dynamo.py::test_no_grad_ctx_manager_DynamoThunder_cpu_None,call,0.45,111.91
before,17,test_basic_DynamoThunder_cpu_None[auto],thunder/tests/test_dynamo.py::test_basic_DynamoThunder_cpu_None[auto],call,0.42,111.91
before,17,test_where_nonzero_overload_DynamoThunder_cpu_None,thunder/tests/test_dynamo.py::test_where_nonzero_overload_DynamoThunder_cpu_None,call,0.41,111.91
before,17,test_splitter_autocast_ctx_with_graph_break_DynamoThunder_cpu_None[static],thunder/tests/test_dynamo.py::test_splitter_autocast_ctx_with_graph_break_DynamoThunder_cpu_None[static],call,0.41,111.91
before,17,test_splitter_autocast_ctx_with_split_DynamoThunder_cpu_None[dynamic],thunder/tests/test_dynamo.py::test_splitter_autocast_ctx_with_split_DynamoThunder_cpu_None[dynamic],call,0.39,111.91
before,17,test_splitter_autocast_ctx_with_split_DynamoThunder_cpu_None[static],thunder/tests/test_dynamo.py::test_splitter_autocast_ctx_with_split_DynamoThunder_cpu_None[static],call,0.33,111.91
before,17,test_splitter_autocast_ctx_with_split_DynamoThunder_cpu_None[auto],thunder/tests/test_dynamo.py::test_splitter_autocast_ctx_with_split_DynamoThunder_cpu_None[auto],call,0.33,111.91
before,17,test_basic_splitter_DynamoThunder_cpu_None[static],thunder/tests/test_dynamo.py::test_basic_splitter_DynamoThunder_cpu_None[static],call,0.32,111.91
before,17,test_basic_splitter_DynamoThunder_cpu_None[auto],thunder/tests/test_dynamo.py::test_basic_splitter_DynamoThunder_cpu_None[auto],call,0.32,111.91
before,17,test_empty_autocast,thunder/tests/test_dynamo.py::test_empty_autocast,call,0.3,111.91
before,17,test_basic_DynamoThunder_cpu_None[static],thunder/tests/test_dynamo.py::test_basic_DynamoThunder_cpu_None[static],call,0.3,111.91
before,17,test_no_grad_enabled_grad_nested_ctx_manager_DynamoThunder_cpu_None,thunder/tests/test_dynamo.py::test_no_grad_enabled_grad_nested_ctx_manager_DynamoThunder_cpu_None,call,0.25,111.91
before,17,test_splitter_autocast_ctx_DynamoThunder_cpu_None[dynamic],thunder/tests/test_dynamo.py::test_splitter_autocast_ctx_DynamoThunder_cpu_None[dynamic],call,0.25,111.91
before,17,test_leak_on_unsupported_thunder_operator,thunder/tests/test_dynamo.py::test_leak_on_unsupported_thunder_operator,call,0.23,111.91
before,17,test_splitter_autocast_ctx_DynamoThunder_cpu_None[auto],thunder/tests/test_dynamo.py::test_splitter_autocast_ctx_DynamoThunder_cpu_None[auto],call,0.22,111.91
before,17,test_splitter_autocast_ctx_DynamoThunder_cpu_None[static],thunder/tests/test_dynamo.py::test_splitter_autocast_ctx_DynamoThunder_cpu_None[static],call,0.22,111.91
before,17,test_thunderfx_last_traces,thunder/tests/test_dynamo.py::test_thunderfx_last_traces,call,0.16,111.91
before,17,test_spliter_bwd,thunder/tests/test_dynamo.py::test_spliter_bwd,call,0.16,111.91
before,17,test_cat_no_split_DynamoThunder_cpu_None[True],thunder/tests/test_dynamo.py::test_cat_no_split_DynamoThunder_cpu_None[True],call,0.15,111.91
before,17,test_cat_no_split_DynamoThunder_cpu_None[False],thunder/tests/test_dynamo.py::test_cat_no_split_DynamoThunder_cpu_None[False],call,0.15,111.91
before,17,test_force_skip_lazy_graph_module_DynamoThunder_cpu_None,thunder/tests/test_dynamo.py::test_force_skip_lazy_graph_module_DynamoThunder_cpu_None,call,0.15,111.91
before,17,test_method_only_registrations_DynamoThunder_cpu_None,thunder/tests/test_dynamo.py::test_method_only_registrations_DynamoThunder_cpu_None,call,0.14,111.91
before,17,test_thunderfx_meta_tensor,thunder/tests/test_dynamo.py::test_thunderfx_meta_tensor,call,0.13,111.91
before,18,test_dynamo_reproducer_split_DynamoThunder_cpu_None[benchmark],thunder/tests/test_dynamo.py::test_dynamo_reproducer_split_DynamoThunder_cpu_None[benchmark],call,29.25,111.76
before,18,test_fxreport_DynamoThunder_cpu_None[benchmark],thunder/tests/test_dynamo.py::test_fxreport_DynamoThunder_cpu_None[benchmark],call,26.08,111.76
before,18,test_dynamo_reproducer_2graph_DynamoThunder_cpu_None[benchmark],thunder/tests/test_dynamo.py::test_dynamo_reproducer_2graph_DynamoThunder_cpu_None[benchmark],call,17.66,111.76
before,18,test_fxreport_DynamoThunder_cpu_None[repro],thunder/tests/test_dynamo.py::test_fxreport_DynamoThunder_cpu_None[repro],call,11.57,111.76
before,18,test_dynamo_reproducer_split_DynamoThunder_cpu_None[repro],thunder/tests/test_dynamo.py::test_dynamo_reproducer_split_DynamoThunder_cpu_None[repro],call,9.06,111.76
before,18,test_dynamo_reproducer_2graph_DynamoThunder_cpu_None[repro],thunder/tests/test_dynamo.py::test_dynamo_reproducer_2graph_DynamoThunder_cpu_None[repro],call,5.99,111.76
before,18,test_basic_DynamoThunder_cpu_None[dynamic],thunder/tests/test_dynamo.py::test_basic_DynamoThunder_cpu_None[dynamic],call,1.65,111.76
before,18,test_basic_splitter_DynamoThunder_cpu_None[dynamic],thunder/tests/test_dynamo.py::test_basic_splitter_DynamoThunder_cpu_None[dynamic],call,1.59,111.76
before,18,test_splitter_autograd_function_DynamoThunder_cpu_None[dynamic],thunder/tests/test_dynamo.py::test_splitter_autograd_function_DynamoThunder_cpu_None[dynamic],call,0.64,111.76
before,18,test_splitter_autocast_ctx_with_graph_break_DynamoThunder_cpu_None[auto],thunder/tests/test_dynamo.py::test_splitter_autocast_ctx_with_graph_break_DynamoThunder_cpu_None[auto],call,0.6,111.76
before,18,test_splitter_autocast_ctx_with_graph_break_DynamoThunder_cpu_None[dynamic],thunder/tests/test_dynamo.py::test_splitter_autocast_ctx_with_graph_break_DynamoThunder_cpu_None[dynamic],call,0.48,111.76
before,18,test_splitter_autograd_function_DynamoThunder_cpu_None[static],thunder/tests/test_dynamo.py::test_splitter_autograd_function_DynamoThunder_cpu_None[static],call,0.47,111.76
before,18,test_splitter_autograd_function_DynamoThunder_cpu_None[auto],thunder/tests/test_dynamo.py::test_splitter_autograd_function_DynamoThunder_cpu_None[auto],call,0.46,111.76
before,18,test_no_grad_ctx_manager_DynamoThunder_cpu_None,thunder/tests/test_dynamo.py::test_no_grad_ctx_manager_DynamoThunder_cpu_None,call,0.44,111.76
before,18,test_basic_DynamoThunder_cpu_None[auto],thunder/tests/test_dynamo.py::test_basic_DynamoThunder_cpu_None[auto],call,0.42,111.76
before,18,test_where_nonzero_overload_DynamoThunder_cpu_None,thunder/tests/test_dynamo.py::test_where_nonzero_overload_DynamoThunder_cpu_None,call,0.41,111.76
before,18,test_splitter_autocast_ctx_with_graph_break_DynamoThunder_cpu_None[static],thunder/tests/test_dynamo.py::test_splitter_autocast_ctx_with_graph_break_DynamoThunder_cpu_None[static],call,0.4,111.76
before,18,test_splitter_autocast_ctx_with_split_DynamoThunder_cpu_None[dynamic],thunder/tests/test_dynamo.py::test_splitter_autocast_ctx_with_split_DynamoThunder_cpu_None[dynamic],call,0.38,111.76
before,18,test_splitter_autocast_ctx_with_split_DynamoThunder_cpu_None[static],thunder/tests/test_dynamo.py::test_splitter_autocast_ctx_with_split_DynamoThunder_cpu_None[static],call,0.33,111.76
before,18,test_splitter_autocast_ctx_with_split_DynamoThunder_cpu_None[auto],thunder/tests/test_dynamo.py::test_splitter_autocast_ctx_with_split_DynamoThunder_cpu_None[auto],call,0.33,111.76
before,18,test_basic_splitter_DynamoThunder_cpu_None[auto],thunder/tests/test_dynamo.py::test_basic_splitter_DynamoThunder_cpu_None[auto],call,0.32,111.76
before,18,test_basic_splitter_DynamoThunder_cpu_None[static],thunder/tests/test_dynamo.py::test_basic_splitter_DynamoThunder_cpu_None[static],call,0.31,111.76
before,18,test_empty_autocast,thunder/tests/test_dynamo.py::test_empty_autocast,call,0.3,111.76
before,18,test_basic_DynamoThunder_cpu_None[static],thunder/tests/test_dynamo.py::test_basic_DynamoThunder_cpu_None[static],call,0.29,111.76
before,18,test_no_grad_enabled_grad_nested_ctx_manager_DynamoThunder_cpu_None,thunder/tests/test_dynamo.py::test_no_grad_enabled_grad_nested_ctx_manager_DynamoThunder_cpu_None,call,0.24,111.76
before,18,test_splitter_autocast_ctx_DynamoThunder_cpu_None[dynamic],thunder/tests/test_dynamo.py::test_splitter_autocast_ctx_DynamoThunder_cpu_None[dynamic],call,0.24,111.76
before,18,test_leak_on_unsupported_thunder_operator,thunder/tests/test_dynamo.py::test_leak_on_unsupported_thunder_operator,call,0.23,111.76
before,18,test_splitter_autocast_ctx_DynamoThunder_cpu_None[auto],thunder/tests/test_dynamo.py::test_splitter_autocast_ctx_DynamoThunder_cpu_None[auto],call,0.22,111.76
before,18,test_splitter_autocast_ctx_DynamoThunder_cpu_None[static],thunder/tests/test_dynamo.py::test_splitter_autocast_ctx_DynamoThunder_cpu_None[static],call,0.22,111.76
before,18,test_thunderfx_last_traces,thunder/tests/test_dynamo.py::test_thunderfx_last_traces,call,0.16,111.76
before,18,test_spliter_bwd,thunder/tests/test_dynamo.py::test_spliter_bwd,call,0.15,111.76
before,18,test_cat_no_split_DynamoThunder_cpu_None[True],thunder/tests/test_dynamo.py::test_cat_no_split_DynamoThunder_cpu_None[True],call,0.15,111.76
before,18,test_cat_no_split_DynamoThunder_cpu_None[False],thunder/tests/test_dynamo.py::test_cat_no_split_DynamoThunder_cpu_None[False],call,0.15,111.76
before,18,test_force_skip_lazy_graph_module_DynamoThunder_cpu_None,thunder/tests/test_dynamo.py::test_force_skip_lazy_graph_module_DynamoThunder_cpu_None,call,0.15,111.76
before,18,test_method_only_registrations_DynamoThunder_cpu_None,thunder/tests/test_dynamo.py::test_method_only_registrations_DynamoThunder_cpu_None,call,0.14,111.76
before,18,test_thunderfx_meta_tensor,thunder/tests/test_dynamo.py::test_thunderfx_meta_tensor,call,0.13,111.76
before,19,test_dynamo_reproducer_split_DynamoThunder_cpu_None[benchmark],thunder/tests/test_dynamo.py::test_dynamo_reproducer_split_DynamoThunder_cpu_None[benchmark],call,29.23,111.78
before,19,test_fxreport_DynamoThunder_cpu_None[benchmark],thunder/tests/test_dynamo.py::test_fxreport_DynamoThunder_cpu_None[benchmark],call,26.06,111.78
before,19,test_dynamo_reproducer_2graph_DynamoThunder_cpu_None[benchmark],thunder/tests/test_dynamo.py::test_dynamo_reproducer_2graph_DynamoThunder_cpu_None[benchmark],call,17.62,111.78
before,19,test_fxreport_DynamoThunder_cpu_None[repro],thunder/tests/test_dynamo.py::test_fxreport_DynamoThunder_cpu_None[repro],call,11.48,111.78
before,19,test_dynamo_reproducer_split_DynamoThunder_cpu_None[repro],thunder/tests/test_dynamo.py::test_dynamo_reproducer_split_DynamoThunder_cpu_None[repro],call,9.07,111.78
before,19,test_dynamo_reproducer_2graph_DynamoThunder_cpu_None[repro],thunder/tests/test_dynamo.py::test_dynamo_reproducer_2graph_DynamoThunder_cpu_None[repro],call,6.0,111.78
before,19,test_basic_DynamoThunder_cpu_None[dynamic],thunder/tests/test_dynamo.py::test_basic_DynamoThunder_cpu_None[dynamic],call,1.67,111.78
before,19,test_basic_splitter_DynamoThunder_cpu_None[dynamic],thunder/tests/test_dynamo.py::test_basic_splitter_DynamoThunder_cpu_None[dynamic],call,1.6,111.78
before,19,test_splitter_autograd_function_DynamoThunder_cpu_None[dynamic],thunder/tests/test_dynamo.py::test_splitter_autograd_function_DynamoThunder_cpu_None[dynamic],call,0.64,111.78
before,19,test_splitter_autocast_ctx_with_graph_break_DynamoThunder_cpu_None[auto],thunder/tests/test_dynamo.py::test_splitter_autocast_ctx_with_graph_break_DynamoThunder_cpu_None[auto],call,0.61,111.78
before,19,test_splitter_autocast_ctx_with_graph_break_DynamoThunder_cpu_None[dynamic],thunder/tests/test_dynamo.py::test_splitter_autocast_ctx_with_graph_break_DynamoThunder_cpu_None[dynamic],call,0.49,111.78
before,19,test_splitter_autograd_function_DynamoThunder_cpu_None[static],thunder/tests/test_dynamo.py::test_splitter_autograd_function_DynamoThunder_cpu_None[static],call,0.49,111.78
before,19,test_splitter_autograd_function_DynamoThunder_cpu_None[auto],thunder/tests/test_dynamo.py::test_splitter_autograd_function_DynamoThunder_cpu_None[auto],call,0.47,111.78
before,19,test_no_grad_ctx_manager_DynamoThunder_cpu_None,thunder/tests/test_dynamo.py::test_no_grad_ctx_manager_DynamoThunder_cpu_None,call,0.44,111.78
before,19,test_basic_DynamoThunder_cpu_None[auto],thunder/tests/test_dynamo.py::test_basic_DynamoThunder_cpu_None[auto],call,0.43,111.78
before,19,test_where_nonzero_overload_DynamoThunder_cpu_None,thunder/tests/test_dynamo.py::test_where_nonzero_overload_DynamoThunder_cpu_None,call,0.41,111.78
before,19,test_splitter_autocast_ctx_with_graph_break_DynamoThunder_cpu_None[static],thunder/tests/test_dynamo.py::test_splitter_autocast_ctx_with_graph_break_DynamoThunder_cpu_None[static],call,0.41,111.78
before,19,test_splitter_autocast_ctx_with_split_DynamoThunder_cpu_None[dynamic],thunder/tests/test_dynamo.py::test_splitter_autocast_ctx_with_split_DynamoThunder_cpu_None[dynamic],call,0.39,111.78
before,19,test_splitter_autocast_ctx_with_split_DynamoThunder_cpu_None[static],thunder/tests/test_dynamo.py::test_splitter_autocast_ctx_with_split_DynamoThunder_cpu_None[static],call,0.33,111.78
before,19,test_splitter_autocast_ctx_with_split_DynamoThunder_cpu_None[auto],thunder/tests/test_dynamo.py::test_splitter_autocast_ctx_with_split_DynamoThunder_cpu_None[auto],call,0.33,111.78
before,19,test_basic_splitter_DynamoThunder_cpu_None[static],thunder/tests/test_dynamo.py::test_basic_splitter_DynamoThunder_cpu_None[static],call,0.32,111.78
before,19,test_basic_splitter_DynamoThunder_cpu_None[auto],thunder/tests/test_dynamo.py::test_basic_splitter_DynamoThunder_cpu_None[auto],call,0.32,111.78
before,19,test_empty_autocast,thunder/tests/test_dynamo.py::test_empty_autocast,call,0.3,111.78
before,19,test_basic_DynamoThunder_cpu_None[static],thunder/tests/test_dynamo.py::test_basic_DynamoThunder_cpu_None[static],call,0.3,111.78
before,19,test_no_grad_enabled_grad_nested_ctx_manager_DynamoThunder_cpu_None,thunder/tests/test_dynamo.py::test_no_grad_enabled_grad_nested_ctx_manager_DynamoThunder_cpu_None,call,0.25,111.78
before,19,test_splitter_autocast_ctx_DynamoThunder_cpu_None[dynamic],thunder/tests/test_dynamo.py::test_splitter_autocast_ctx_DynamoThunder_cpu_None[dynamic],call,0.24,111.78
before,19,test_leak_on_unsupported_thunder_operator,thunder/tests/test_dynamo.py::test_leak_on_unsupported_thunder_operator,call,0.23,111.78
before,19,test_splitter_autocast_ctx_DynamoThunder_cpu_None[auto],thunder/tests/test_dynamo.py::test_splitter_autocast_ctx_DynamoThunder_cpu_None[auto],call,0.22,111.78
before,19,test_splitter_autocast_ctx_DynamoThunder_cpu_None[static],thunder/tests/test_dynamo.py::test_splitter_autocast_ctx_DynamoThunder_cpu_None[static],call,0.22,111.78
before,19,test_thunderfx_last_traces,thunder/tests/test_dynamo.py::test_thunderfx_last_traces,call,0.16,111.78
before,19,test_spliter_bwd,thunder/tests/test_dynamo.py::test_spliter_bwd,call,0.16,111.78
before,19,test_cat_no_split_DynamoThunder_cpu_None[False],thunder/tests/test_dynamo.py::test_cat_no_split_DynamoThunder_cpu_None[False],call,0.15,111.78
before,19,test_cat_no_split_DynamoThunder_cpu_None[True],thunder/tests/test_dynamo.py::test_cat_no_split_DynamoThunder_cpu_None[True],call,0.15,111.78
before,19,test_force_skip_lazy_graph_module_DynamoThunder_cpu_None,thunder/tests/test_dynamo.py::test_force_skip_lazy_graph_module_DynamoThunder_cpu_None,call,0.15,111.78
before,19,test_method_only_registrations_DynamoThunder_cpu_None,thunder/tests/test_dynamo.py::test_method_only_registrations_DynamoThunder_cpu_None,call,0.14,111.78
before,19,test_thunderfx_meta_tensor,thunder/tests/test_dynamo.py::test_thunderfx_meta_tensor,call,0.12,111.78
before,20,test_dynamo_reproducer_split_DynamoThunder_cpu_None[benchmark],thunder/tests/test_dynamo.py::test_dynamo_reproducer_split_DynamoThunder_cpu_None[benchmark],call,29.2,111.65
before,20,test_fxreport_DynamoThunder_cpu_None[benchmark],thunder/tests/test_dynamo.py::test_fxreport_DynamoThunder_cpu_None[benchmark],call,25.95,111.65
before,20,test_dynamo_reproducer_2graph_DynamoThunder_cpu_None[benchmark],thunder/tests/test_dynamo.py::test_dynamo_reproducer_2graph_DynamoThunder_cpu_None[benchmark],call,17.67,111.65
before,20,test_fxreport_DynamoThunder_cpu_None[repro],thunder/tests/test_dynamo.py::test_fxreport_DynamoThunder_cpu_None[repro],call,11.53,111.65
before,20,test_dynamo_reproducer_split_DynamoThunder_cpu_None[repro],thunder/tests/test_dynamo.py::test_dynamo_reproducer_split_DynamoThunder_cpu_None[repro],call,9.05,111.65
before,20,test_dynamo_reproducer_2graph_DynamoThunder_cpu_None[repro],thunder/tests/test_dynamo.py::test_dynamo_reproducer_2graph_DynamoThunder_cpu_None[repro],call,6.01,111.65
before,20,test_basic_DynamoThunder_cpu_None[dynamic],thunder/tests/test_dynamo.py::test_basic_DynamoThunder_cpu_None[dynamic],call,1.66,111.65
before,20,test_basic_splitter_DynamoThunder_cpu_None[dynamic],thunder/tests/test_dynamo.py::test_basic_splitter_DynamoThunder_cpu_None[dynamic],call,1.58,111.65
before,20,test_splitter_autograd_function_DynamoThunder_cpu_None[dynamic],thunder/tests/test_dynamo.py::test_splitter_autograd_function_DynamoThunder_cpu_None[dynamic],call,0.64,111.65
before,20,test_splitter_autocast_ctx_with_graph_break_DynamoThunder_cpu_None[auto],thunder/tests/test_dynamo.py::test_splitter_autocast_ctx_with_graph_break_DynamoThunder_cpu_None[auto],call,0.61,111.65
before,20,test_splitter_autocast_ctx_with_graph_break_DynamoThunder_cpu_None[dynamic],thunder/tests/test_dynamo.py::test_splitter_autocast_ctx_with_graph_break_DynamoThunder_cpu_None[dynamic],call,0.49,111.65
before,20,test_no_grad_enabled_grad_nested_ctx_manager_DynamoThunder_cpu_None,thunder/tests/test_dynamo.py::test_no_grad_enabled_grad_nested_ctx_manager_DynamoThunder_cpu_None,call,0.49,111.65
before,20,test_splitter_autograd_function_DynamoThunder_cpu_None[static],thunder/tests/test_dynamo.py::test_splitter_autograd_function_DynamoThunder_cpu_None[static],call,0.47,111.65
before,20,test_splitter_autograd_function_DynamoThunder_cpu_None[auto],thunder/tests/test_dynamo.py::test_splitter_autograd_function_DynamoThunder_cpu_None[auto],call,0.46,111.65
before,20,test_basic_DynamoThunder_cpu_None[auto],thunder/tests/test_dynamo.py::test_basic_DynamoThunder_cpu_None[auto],call,0.42,111.65
before,20,test_where_nonzero_overload_DynamoThunder_cpu_None,thunder/tests/test_dynamo.py::test_where_nonzero_overload_DynamoThunder_cpu_None,call,0.41,111.65
before,20,test_splitter_autocast_ctx_with_graph_break_DynamoThunder_cpu_None[static],thunder/tests/test_dynamo.py::test_splitter_autocast_ctx_with_graph_break_DynamoThunder_cpu_None[static],call,0.41,111.65
before,20,test_splitter_autocast_ctx_with_split_DynamoThunder_cpu_None[dynamic],thunder/tests/test_dynamo.py::test_splitter_autocast_ctx_with_split_DynamoThunder_cpu_None[dynamic],call,0.39,111.65
before,20,test_splitter_autocast_ctx_with_split_DynamoThunder_cpu_None[static],thunder/tests/test_dynamo.py::test_splitter_autocast_ctx_with_split_DynamoThunder_cpu_None[static],call,0.33,111.65
before,20,test_splitter_autocast_ctx_with_split_DynamoThunder_cpu_None[auto],thunder/tests/test_dynamo.py::test_splitter_autocast_ctx_with_split_DynamoThunder_cpu_None[auto],call,0.33,111.65
before,20,test_basic_splitter_DynamoThunder_cpu_None[auto],thunder/tests/test_dynamo.py::test_basic_splitter_DynamoThunder_cpu_None[auto],call,0.32,111.65
before,20,test_basic_splitter_DynamoThunder_cpu_None[static],thunder/tests/test_dynamo.py::test_basic_splitter_DynamoThunder_cpu_None[static],call,0.32,111.65
before,20,test_empty_autocast,thunder/tests/test_dynamo.py::test_empty_autocast,call,0.3,111.65
before,20,test_basic_DynamoThunder_cpu_None[static],thunder/tests/test_dynamo.py::test_basic_DynamoThunder_cpu_None[static],call,0.3,111.65
before,20,test_splitter_autocast_ctx_DynamoThunder_cpu_None[dynamic],thunder/tests/test_dynamo.py::test_splitter_autocast_ctx_DynamoThunder_cpu_None[dynamic],call,0.24,111.65
before,20,test_leak_on_unsupported_thunder_operator,thunder/tests/test_dynamo.py::test_leak_on_unsupported_thunder_operator,call,0.23,111.65
before,20,test_splitter_autocast_ctx_DynamoThunder_cpu_None[static],thunder/tests/test_dynamo.py::test_splitter_autocast_ctx_DynamoThunder_cpu_None[static],call,0.22,111.65
before,20,test_splitter_autocast_ctx_DynamoThunder_cpu_None[auto],thunder/tests/test_dynamo.py::test_splitter_autocast_ctx_DynamoThunder_cpu_None[auto],call,0.22,111.65
before,20,test_no_grad_ctx_manager_DynamoThunder_cpu_None,thunder/tests/test_dynamo.py::test_no_grad_ctx_manager_DynamoThunder_cpu_None,call,0.2,111.65
before,20,test_thunderfx_last_traces,thunder/tests/test_dynamo.py::test_thunderfx_last_traces,call,0.16,111.65
before,20,test_spliter_bwd,thunder/tests/test_dynamo.py::test_spliter_bwd,call,0.16,111.65
before,20,test_force_skip_lazy_graph_module_DynamoThunder_cpu_None,thunder/tests/test_dynamo.py::test_force_skip_lazy_graph_module_DynamoThunder_cpu_None,call,0.15,111.65
before,20,test_cat_no_split_DynamoThunder_cpu_None[False],thunder/tests/test_dynamo.py::test_cat_no_split_DynamoThunder_cpu_None[False],call,0.15,111.65
before,20,test_cat_no_split_DynamoThunder_cpu_None[True],thunder/tests/test_dynamo.py::test_cat_no_split_DynamoThunder_cpu_None[True],call,0.15,111.65
before,20,test_method_only_registrations_DynamoThunder_cpu_None,thunder/tests/test_dynamo.py::test_method_only_registrations_DynamoThunder_cpu_None,call,0.14,111.65
before,20,test_thunderfx_meta_tensor,thunder/tests/test_dynamo.py::test_thunderfx_meta_tensor,call,0.12,111.65
before,21,test_dynamo_reproducer_split_DynamoThunder_cpu_None[benchmark],thunder/tests/test_dynamo.py::test_dynamo_reproducer_split_DynamoThunder_cpu_None[benchmark],call,29.13,111.56
before,21,test_fxreport_DynamoThunder_cpu_None[benchmark],thunder/tests/test_dynamo.py::test_fxreport_DynamoThunder_cpu_None[benchmark],call,26.01,111.56
before,21,test_dynamo_reproducer_2graph_DynamoThunder_cpu_None[benchmark],thunder/tests/test_dynamo.py::test_dynamo_reproducer_2graph_DynamoThunder_cpu_None[benchmark],call,17.67,111.56
before,21,test_fxreport_DynamoThunder_cpu_None[repro],thunder/tests/test_dynamo.py::test_fxreport_DynamoThunder_cpu_None[repro],call,11.51,111.56
before,21,test_dynamo_reproducer_split_DynamoThunder_cpu_None[repro],thunder/tests/test_dynamo.py::test_dynamo_reproducer_split_DynamoThunder_cpu_None[repro],call,9.03,111.56
before,21,test_dynamo_reproducer_2graph_DynamoThunder_cpu_None[repro],thunder/tests/test_dynamo.py::test_dynamo_reproducer_2graph_DynamoThunder_cpu_None[repro],call,6.02,111.56
before,21,test_basic_DynamoThunder_cpu_None[dynamic],thunder/tests/test_dynamo.py::test_basic_DynamoThunder_cpu_None[dynamic],call,1.64,111.56
before,21,test_basic_splitter_DynamoThunder_cpu_None[dynamic],thunder/tests/test_dynamo.py::test_basic_splitter_DynamoThunder_cpu_None[dynamic],call,1.58,111.56
before,21,test_where_nonzero_overload_DynamoThunder_cpu_None,thunder/tests/test_dynamo.py::test_where_nonzero_overload_DynamoThunder_cpu_None,call,0.65,111.56
before,21,test_splitter_autograd_function_DynamoThunder_cpu_None[dynamic],thunder/tests/test_dynamo.py::test_splitter_autograd_function_DynamoThunder_cpu_None[dynamic],call,0.63,111.56
before,21,test_splitter_autocast_ctx_with_graph_break_DynamoThunder_cpu_None[auto],thunder/tests/test_dynamo.py::test_splitter_autocast_ctx_with_graph_break_DynamoThunder_cpu_None[auto],call,0.61,111.56
before,21,test_splitter_autocast_ctx_with_graph_break_DynamoThunder_cpu_None[dynamic],thunder/tests/test_dynamo.py::test_splitter_autocast_ctx_with_graph_break_DynamoThunder_cpu_None[dynamic],call,0.49,111.56
before,21,test_splitter_autograd_function_DynamoThunder_cpu_None[static],thunder/tests/test_dynamo.py::test_splitter_autograd_function_DynamoThunder_cpu_None[static],call,0.47,111.56
before,21,test_splitter_autograd_function_DynamoThunder_cpu_None[auto],thunder/tests/test_dynamo.py::test_splitter_autograd_function_DynamoThunder_cpu_None[auto],call,0.46,111.56
before,21,test_basic_DynamoThunder_cpu_None[auto],thunder/tests/test_dynamo.py::test_basic_DynamoThunder_cpu_None[auto],call,0.43,111.56
before,21,test_splitter_autocast_ctx_with_graph_break_DynamoThunder_cpu_None[static],thunder/tests/test_dynamo.py::test_splitter_autocast_ctx_with_graph_break_DynamoThunder_cpu_None[static],call,0.41,111.56
before,21,test_splitter_autocast_ctx_with_split_DynamoThunder_cpu_None[dynamic],thunder/tests/test_dynamo.py::test_splitter_autocast_ctx_with_split_DynamoThunder_cpu_None[dynamic],call,0.38,111.56
before,21,test_splitter_autocast_ctx_with_split_DynamoThunder_cpu_None[static],thunder/tests/test_dynamo.py::test_splitter_autocast_ctx_with_split_DynamoThunder_cpu_None[static],call,0.33,111.56
before,21,test_splitter_autocast_ctx_with_split_DynamoThunder_cpu_None[auto],thunder/tests/test_dynamo.py::test_splitter_autocast_ctx_with_split_DynamoThunder_cpu_None[auto],call,0.33,111.56
before,21,test_basic_splitter_DynamoThunder_cpu_None[auto],thunder/tests/test_dynamo.py::test_basic_splitter_DynamoThunder_cpu_None[auto],call,0.32,111.56
before,21,test_basic_splitter_DynamoThunder_cpu_None[static],thunder/tests/test_dynamo.py::test_basic_splitter_DynamoThunder_cpu_None[static],call,0.32,111.56
before,21,test_empty_autocast,thunder/tests/test_dynamo.py::test_empty_autocast,call,0.31,111.56
before,21,test_basic_DynamoThunder_cpu_None[static],thunder/tests/test_dynamo.py::test_basic_DynamoThunder_cpu_None[static],call,0.29,111.56
before,21,test_no_grad_enabled_grad_nested_ctx_manager_DynamoThunder_cpu_None,thunder/tests/test_dynamo.py::test_no_grad_enabled_grad_nested_ctx_manager_DynamoThunder_cpu_None,call,0.24,111.56
before,21,test_splitter_autocast_ctx_DynamoThunder_cpu_None[dynamic],thunder/tests/test_dynamo.py::test_splitter_autocast_ctx_DynamoThunder_cpu_None[dynamic],call,0.24,111.56
before,21,test_leak_on_unsupported_thunder_operator,thunder/tests/test_dynamo.py::test_leak_on_unsupported_thunder_operator,call,0.23,111.56
before,21,test_splitter_autocast_ctx_DynamoThunder_cpu_None[auto],thunder/tests/test_dynamo.py::test_splitter_autocast_ctx_DynamoThunder_cpu_None[auto],call,0.22,111.56
before,21,test_splitter_autocast_ctx_DynamoThunder_cpu_None[static],thunder/tests/test_dynamo.py::test_splitter_autocast_ctx_DynamoThunder_cpu_None[static],call,0.22,111.56
before,21,test_no_grad_ctx_manager_DynamoThunder_cpu_None,thunder/tests/test_dynamo.py::test_no_grad_ctx_manager_DynamoThunder_cpu_None,call,0.2,111.56
before,21,test_thunderfx_last_traces,thunder/tests/test_dynamo.py::test_thunderfx_last_traces,call,0.16,111.56
before,21,test_spliter_bwd,thunder/tests/test_dynamo.py::test_spliter_bwd,call,0.16,111.56
before,21,test_cat_no_split_DynamoThunder_cpu_None[True],thunder/tests/test_dynamo.py::test_cat_no_split_DynamoThunder_cpu_None[True],call,0.15,111.56
before,21,test_cat_no_split_DynamoThunder_cpu_None[False],thunder/tests/test_dynamo.py::test_cat_no_split_DynamoThunder_cpu_None[False],call,0.15,111.56
before,21,test_force_skip_lazy_graph_module_DynamoThunder_cpu_None,thunder/tests/test_dynamo.py::test_force_skip_lazy_graph_module_DynamoThunder_cpu_None,call,0.15,111.56
before,21,test_method_only_registrations_DynamoThunder_cpu_None,thunder/tests/test_dynamo.py::test_method_only_registrations_DynamoThunder_cpu_None,call,0.14,111.56
before,21,test_thunderfx_meta_tensor,thunder/tests/test_dynamo.py::test_thunderfx_meta_tensor,call,0.13,111.56
before,22,test_dynamo_reproducer_split_DynamoThunder_cpu_None[benchmark],thunder/tests/test_dynamo.py::test_dynamo_reproducer_split_DynamoThunder_cpu_None[benchmark],call,29.2,111.66
before,22,test_fxreport_DynamoThunder_cpu_None[benchmark],thunder/tests/test_dynamo.py::test_fxreport_DynamoThunder_cpu_None[benchmark],call,26.06,111.66
before,22,test_dynamo_reproducer_2graph_DynamoThunder_cpu_None[benchmark],thunder/tests/test_dynamo.py::test_dynamo_reproducer_2graph_DynamoThunder_cpu_None[benchmark],call,17.61,111.66
before,22,test_fxreport_DynamoThunder_cpu_None[repro],thunder/tests/test_dynamo.py::test_fxreport_DynamoThunder_cpu_None[repro],call,11.52,111.66
before,22,test_dynamo_reproducer_split_DynamoThunder_cpu_None[repro],thunder/tests/test_dynamo.py::test_dynamo_reproducer_split_DynamoThunder_cpu_None[repro],call,9.07,111.66
before,22,test_dynamo_reproducer_2graph_DynamoThunder_cpu_None[repro],thunder/tests/test_dynamo.py::test_dynamo_reproducer_2graph_DynamoThunder_cpu_None[repro],call,6.0,111.66
before,22,test_basic_DynamoThunder_cpu_None[dynamic],thunder/tests/test_dynamo.py::test_basic_DynamoThunder_cpu_None[dynamic],call,1.65,111.66
before,22,test_basic_splitter_DynamoThunder_cpu_None[dynamic],thunder/tests/test_dynamo.py::test_basic_splitter_DynamoThunder_cpu_None[dynamic],call,1.58,111.66
before,22,test_splitter_autograd_function_DynamoThunder_cpu_None[dynamic],thunder/tests/test_dynamo.py::test_splitter_autograd_function_DynamoThunder_cpu_None[dynamic],call,0.64,111.66
before,22,test_splitter_autocast_ctx_with_graph_break_DynamoThunder_cpu_None[auto],thunder/tests/test_dynamo.py::test_splitter_autocast_ctx_with_graph_break_DynamoThunder_cpu_None[auto],call,0.61,111.66
before,22,test_splitter_autocast_ctx_with_graph_break_DynamoThunder_cpu_None[dynamic],thunder/tests/test_dynamo.py::test_splitter_autocast_ctx_with_graph_break_DynamoThunder_cpu_None[dynamic],call,0.49,111.66
before,22,test_splitter_autograd_function_DynamoThunder_cpu_None[static],thunder/tests/test_dynamo.py::test_splitter_autograd_function_DynamoThunder_cpu_None[static],call,0.47,111.66
before,22,test_splitter_autograd_function_DynamoThunder_cpu_None[auto],thunder/tests/test_dynamo.py::test_splitter_autograd_function_DynamoThunder_cpu_None[auto],call,0.46,111.66
before,22,test_no_grad_ctx_manager_DynamoThunder_cpu_None,thunder/tests/test_dynamo.py::test_no_grad_ctx_manager_DynamoThunder_cpu_None,call,0.44,111.66
before,22,test_basic_DynamoThunder_cpu_None[auto],thunder/tests/test_dynamo.py::test_basic_DynamoThunder_cpu_None[auto],call,0.43,111.66
before,22,test_where_nonzero_overload_DynamoThunder_cpu_None,thunder/tests/test_dynamo.py::test_where_nonzero_overload_DynamoThunder_cpu_None,call,0.41,111.66
before,22,test_splitter_autocast_ctx_with_graph_break_DynamoThunder_cpu_None[static],thunder/tests/test_dynamo.py::test_splitter_autocast_ctx_with_graph_break_DynamoThunder_cpu_None[static],call,0.4,111.66
before,22,test_splitter_autocast_ctx_with_split_DynamoThunder_cpu_None[dynamic],thunder/tests/test_dynamo.py::test_splitter_autocast_ctx_with_split_DynamoThunder_cpu_None[dynamic],call,0.38,111.66
before,22,test_splitter_autocast_ctx_with_split_DynamoThunder_cpu_None[static],thunder/tests/test_dynamo.py::test_splitter_autocast_ctx_with_split_DynamoThunder_cpu_None[static],call,0.33,111.66
before,22,test_splitter_autocast_ctx_with_split_DynamoThunder_cpu_None[auto],thunder/tests/test_dynamo.py::test_splitter_autocast_ctx_with_split_DynamoThunder_cpu_None[auto],call,0.33,111.66
before,22,test_basic_splitter_DynamoThunder_cpu_None[auto],thunder/tests/test_dynamo.py::test_basic_splitter_DynamoThunder_cpu_None[auto],call,0.32,111.66
before,22,test_basic_splitter_DynamoThunder_cpu_None[static],thunder/tests/test_dynamo.py::test_basic_splitter_DynamoThunder_cpu_None[static],call,0.32,111.66
before,22,test_basic_DynamoThunder_cpu_None[static],thunder/tests/test_dynamo.py::test_basic_DynamoThunder_cpu_None[static],call,0.3,111.66
before,22,test_empty_autocast,thunder/tests/test_dynamo.py::test_empty_autocast,call,0.3,111.66
before,22,test_no_grad_enabled_grad_nested_ctx_manager_DynamoThunder_cpu_None,thunder/tests/test_dynamo.py::test_no_grad_enabled_grad_nested_ctx_manager_DynamoThunder_cpu_None,call,0.25,111.66
before,22,test_splitter_autocast_ctx_DynamoThunder_cpu_None[dynamic],thunder/tests/test_dynamo.py::test_splitter_autocast_ctx_DynamoThunder_cpu_None[dynamic],call,0.24,111.66
before,22,test_leak_on_unsupported_thunder_operator,thunder/tests/test_dynamo.py::test_leak_on_unsupported_thunder_operator,call,0.23,111.66
before,22,test_splitter_autocast_ctx_DynamoThunder_cpu_None[auto],thunder/tests/test_dynamo.py::test_splitter_autocast_ctx_DynamoThunder_cpu_None[auto],call,0.22,111.66
before,22,test_splitter_autocast_ctx_DynamoThunder_cpu_None[static],thunder/tests/test_dynamo.py::test_splitter_autocast_ctx_DynamoThunder_cpu_None[static],call,0.22,111.66
before,22,test_thunderfx_last_traces,thunder/tests/test_dynamo.py::test_thunderfx_last_traces,call,0.16,111.66
before,22,test_spliter_bwd,thunder/tests/test_dynamo.py::test_spliter_bwd,call,0.15,111.66
before,22,test_force_skip_lazy_graph_module_DynamoThunder_cpu_None,thunder/tests/test_dynamo.py::test_force_skip_lazy_graph_module_DynamoThunder_cpu_None,call,0.15,111.66
before,22,test_cat_no_split_DynamoThunder_cpu_None[True],thunder/tests/test_dynamo.py::test_cat_no_split_DynamoThunder_cpu_None[True],call,0.15,111.66
before,22,test_cat_no_split_DynamoThunder_cpu_None[False],thunder/tests/test_dynamo.py::test_cat_no_split_DynamoThunder_cpu_None[False],call,0.15,111.66
before,22,test_method_only_registrations_DynamoThunder_cpu_None,thunder/tests/test_dynamo.py::test_method_only_registrations_DynamoThunder_cpu_None,call,0.14,111.66
before,22,test_thunderfx_meta_tensor,thunder/tests/test_dynamo.py::test_thunderfx_meta_tensor,call,0.13,111.66
before,23,test_dynamo_reproducer_split_DynamoThunder_cpu_None[benchmark],thunder/tests/test_dynamo.py::test_dynamo_reproducer_split_DynamoThunder_cpu_None[benchmark],call,29.15,111.51
before,23,test_fxreport_DynamoThunder_cpu_None[benchmark],thunder/tests/test_dynamo.py::test_fxreport_DynamoThunder_cpu_None[benchmark],call,26.08,111.51
before,23,test_dynamo_reproducer_2graph_DynamoThunder_cpu_None[benchmark],thunder/tests/test_dynamo.py::test_dynamo_reproducer_2graph_DynamoThunder_cpu_None[benchmark],call,17.59,111.51
before,23,test_fxreport_DynamoThunder_cpu_None[repro],thunder/tests/test_dynamo.py::test_fxreport_DynamoThunder_cpu_None[repro],call,11.53,111.51
before,23,test_dynamo_reproducer_split_DynamoThunder_cpu_None[repro],thunder/tests/test_dynamo.py::test_dynamo_reproducer_split_DynamoThunder_cpu_None[repro],call,9.06,111.51
before,23,test_dynamo_reproducer_2graph_DynamoThunder_cpu_None[repro],thunder/tests/test_dynamo.py::test_dynamo_reproducer_2graph_DynamoThunder_cpu_None[repro],call,6.02,111.51
before,23,test_basic_DynamoThunder_cpu_None[dynamic],thunder/tests/test_dynamo.py::test_basic_DynamoThunder_cpu_None[dynamic],call,1.65,111.51
before,23,test_basic_splitter_DynamoThunder_cpu_None[dynamic],thunder/tests/test_dynamo.py::test_basic_splitter_DynamoThunder_cpu_None[dynamic],call,1.58,111.51
before,23,test_splitter_autograd_function_DynamoThunder_cpu_None[dynamic],thunder/tests/test_dynamo.py::test_splitter_autograd_function_DynamoThunder_cpu_None[dynamic],call,0.63,111.51
before,23,test_splitter_autocast_ctx_with_graph_break_DynamoThunder_cpu_None[auto],thunder/tests/test_dynamo.py::test_splitter_autocast_ctx_with_graph_break_DynamoThunder_cpu_None[auto],call,0.6,111.51
before,23,test_splitter_autocast_ctx_with_graph_break_DynamoThunder_cpu_None[dynamic],thunder/tests/test_dynamo.py::test_splitter_autocast_ctx_with_graph_break_DynamoThunder_cpu_None[dynamic],call,0.48,111.51
before,23,test_splitter_autograd_function_DynamoThunder_cpu_None[static],thunder/tests/test_dynamo.py::test_splitter_autograd_function_DynamoThunder_cpu_None[static],call,0.46,111.51
before,23,test_splitter_autograd_function_DynamoThunder_cpu_None[auto],thunder/tests/test_dynamo.py::test_splitter_autograd_function_DynamoThunder_cpu_None[auto],call,0.46,111.51
before,23,test_no_grad_ctx_manager_DynamoThunder_cpu_None,thunder/tests/test_dynamo.py::test_no_grad_ctx_manager_DynamoThunder_cpu_None,call,0.45,111.51
before,23,test_basic_DynamoThunder_cpu_None[auto],thunder/tests/test_dynamo.py::test_basic_DynamoThunder_cpu_None[auto],call,0.42,111.51
before,23,test_splitter_autocast_ctx_with_graph_break_DynamoThunder_cpu_None[static],thunder/tests/test_dynamo.py::test_splitter_autocast_ctx_with_graph_break_DynamoThunder_cpu_None[static],call,0.4,111.51
before,23,test_where_nonzero_overload_DynamoThunder_cpu_None,thunder/tests/test_dynamo.py::test_where_nonzero_overload_DynamoThunder_cpu_None,call,0.4,111.51
before,23,test_splitter_autocast_ctx_with_split_DynamoThunder_cpu_None[dynamic],thunder/tests/test_dynamo.py::test_splitter_autocast_ctx_with_split_DynamoThunder_cpu_None[dynamic],call,0.38,111.51
before,23,test_splitter_autocast_ctx_with_split_DynamoThunder_cpu_None[auto],thunder/tests/test_dynamo.py::test_splitter_autocast_ctx_with_split_DynamoThunder_cpu_None[auto],call,0.32,111.51
before,23,test_splitter_autocast_ctx_with_split_DynamoThunder_cpu_None[static],thunder/tests/test_dynamo.py::test_splitter_autocast_ctx_with_split_DynamoThunder_cpu_None[static],call,0.32,111.51
before,23,test_basic_splitter_DynamoThunder_cpu_None[static],thunder/tests/test_dynamo.py::test_basic_splitter_DynamoThunder_cpu_None[static],call,0.31,111.51
before,23,test_basic_splitter_DynamoThunder_cpu_None[auto],thunder/tests/test_dynamo.py::test_basic_splitter_DynamoThunder_cpu_None[auto],call,0.31,111.51
before,23,test_empty_autocast,thunder/tests/test_dynamo.py::test_empty_autocast,call,0.29,111.51
before,23,test_basic_DynamoThunder_cpu_None[static],thunder/tests/test_dynamo.py::test_basic_DynamoThunder_cpu_None[static],call,0.29,111.51
before,23,test_splitter_autocast_ctx_DynamoThunder_cpu_None[dynamic],thunder/tests/test_dynamo.py::test_splitter_autocast_ctx_DynamoThunder_cpu_None[dynamic],call,0.24,111.51
before,23,test_no_grad_enabled_grad_nested_ctx_manager_DynamoThunder_cpu_None,thunder/tests/test_dynamo.py::test_no_grad_enabled_grad_nested_ctx_manager_DynamoThunder_cpu_None,call,0.24,111.51
before,23,test_leak_on_unsupported_thunder_operator,thunder/tests/test_dynamo.py::test_leak_on_unsupported_thunder_operator,call,0.23,111.51
before,23,test_splitter_autocast_ctx_DynamoThunder_cpu_None[static],thunder/tests/test_dynamo.py::test_splitter_autocast_ctx_DynamoThunder_cpu_None[static],call,0.22,111.51
before,23,test_splitter_autocast_ctx_DynamoThunder_cpu_None[auto],thunder/tests/test_dynamo.py::test_splitter_autocast_ctx_DynamoThunder_cpu_None[auto],call,0.22,111.51
before,23,test_thunderfx_last_traces,thunder/tests/test_dynamo.py::test_thunderfx_last_traces,call,0.16,111.51
before,23,test_spliter_bwd,thunder/tests/test_dynamo.py::test_spliter_bwd,call,0.16,111.51
before,23,test_cat_no_split_DynamoThunder_cpu_None[False],thunder/tests/test_dynamo.py::test_cat_no_split_DynamoThunder_cpu_None[False],call,0.15,111.51
before,23,test_cat_no_split_DynamoThunder_cpu_None[True],thunder/tests/test_dynamo.py::test_cat_no_split_DynamoThunder_cpu_None[True],call,0.14,111.51
before,23,test_force_skip_lazy_graph_module_DynamoThunder_cpu_None,thunder/tests/test_dynamo.py::test_force_skip_lazy_graph_module_DynamoThunder_cpu_None,call,0.14,111.51
before,23,test_method_only_registrations_DynamoThunder_cpu_None,thunder/tests/test_dynamo.py::test_method_only_registrations_DynamoThunder_cpu_None,call,0.14,111.51
before,23,test_thunderfx_meta_tensor,thunder/tests/test_dynamo.py::test_thunderfx_meta_tensor,call,0.13,111.51
before,24,test_dynamo_reproducer_split_DynamoThunder_cpu_None[benchmark],thunder/tests/test_dynamo.py::test_dynamo_reproducer_split_DynamoThunder_cpu_None[benchmark],call,29.13,111.85
before,24,test_fxreport_DynamoThunder_cpu_None[benchmark],thunder/tests/test_dynamo.py::test_fxreport_DynamoThunder_cpu_None[benchmark],call,26.04,111.85
before,24,test_dynamo_reproducer_2graph_DynamoThunder_cpu_None[benchmark],thunder/tests/test_dynamo.py::test_dynamo_reproducer_2graph_DynamoThunder_cpu_None[benchmark],call,17.65,111.85
before,24,test_fxreport_DynamoThunder_cpu_None[repro],thunder/tests/test_dynamo.py::test_fxreport_DynamoThunder_cpu_None[repro],call,11.62,111.85
before,24,test_dynamo_reproducer_split_DynamoThunder_cpu_None[repro],thunder/tests/test_dynamo.py::test_dynamo_reproducer_split_DynamoThunder_cpu_None[repro],call,9.09,111.85
before,24,test_dynamo_reproducer_2graph_DynamoThunder_cpu_None[repro],thunder/tests/test_dynamo.py::test_dynamo_reproducer_2graph_DynamoThunder_cpu_None[repro],call,6.02,111.85
before,24,test_basic_DynamoThunder_cpu_None[dynamic],thunder/tests/test_dynamo.py::test_basic_DynamoThunder_cpu_None[dynamic],call,1.66,111.85
before,24,test_basic_splitter_DynamoThunder_cpu_None[dynamic],thunder/tests/test_dynamo.py::test_basic_splitter_DynamoThunder_cpu_None[dynamic],call,1.6,111.85
before,24,test_splitter_autograd_function_DynamoThunder_cpu_None[dynamic],thunder/tests/test_dynamo.py::test_splitter_autograd_function_DynamoThunder_cpu_None[dynamic],call,0.64,111.85
before,24,test_splitter_autocast_ctx_with_graph_break_DynamoThunder_cpu_None[auto],thunder/tests/test_dynamo.py::test_splitter_autocast_ctx_with_graph_break_DynamoThunder_cpu_None[auto],call,0.61,111.85
before,24,test_splitter_autocast_ctx_with_graph_break_DynamoThunder_cpu_None[dynamic],thunder/tests/test_dynamo.py::test_splitter_autocast_ctx_with_graph_break_DynamoThunder_cpu_None[dynamic],call,0.49,111.85
before,24,test_no_grad_enabled_grad_nested_ctx_manager_DynamoThunder_cpu_None,thunder/tests/test_dynamo.py::test_no_grad_enabled_grad_nested_ctx_manager_DynamoThunder_cpu_None,call,0.49,111.85
before,24,test_splitter_autograd_function_DynamoThunder_cpu_None[static],thunder/tests/test_dynamo.py::test_splitter_autograd_function_DynamoThunder_cpu_None[static],call,0.47,111.85
before,24,test_splitter_autograd_function_DynamoThunder_cpu_None[auto],thunder/tests/test_dynamo.py::test_splitter_autograd_function_DynamoThunder_cpu_None[auto],call,0.47,111.85
before,24,test_basic_DynamoThunder_cpu_None[auto],thunder/tests/test_dynamo.py::test_basic_DynamoThunder_cpu_None[auto],call,0.43,111.85
before,24,test_where_nonzero_overload_DynamoThunder_cpu_None,thunder/tests/test_dynamo.py::test_where_nonzero_overload_DynamoThunder_cpu_None,call,0.42,111.85
before,24,test_splitter_autocast_ctx_with_graph_break_DynamoThunder_cpu_None[static],thunder/tests/test_dynamo.py::test_splitter_autocast_ctx_with_graph_break_DynamoThunder_cpu_None[static],call,0.41,111.85
before,24,test_splitter_autocast_ctx_with_split_DynamoThunder_cpu_None[dynamic],thunder/tests/test_dynamo.py::test_splitter_autocast_ctx_with_split_DynamoThunder_cpu_None[dynamic],call,0.39,111.85
before,24,test_splitter_autocast_ctx_with_split_DynamoThunder_cpu_None[static],thunder/tests/test_dynamo.py::test_splitter_autocast_ctx_with_split_DynamoThunder_cpu_None[static],call,0.33,111.85
before,24,test_splitter_autocast_ctx_with_split_DynamoThunder_cpu_None[auto],thunder/tests/test_dynamo.py::test_splitter_autocast_ctx_with_split_DynamoThunder_cpu_None[auto],call,0.33,111.85
before,24,test_basic_splitter_DynamoThunder_cpu_None[static],thunder/tests/test_dynamo.py::test_basic_splitter_DynamoThunder_cpu_None[static],call,0.32,111.85
before,24,test_basic_splitter_DynamoThunder_cpu_None[auto],thunder/tests/test_dynamo.py::test_basic_splitter_DynamoThunder_cpu_None[auto],call,0.31,111.85
before,24,test_basic_DynamoThunder_cpu_None[static],thunder/tests/test_dynamo.py::test_basic_DynamoThunder_cpu_None[static],call,0.3,111.85
before,24,test_empty_autocast,thunder/tests/test_dynamo.py::test_empty_autocast,call,0.3,111.85
before,24,test_splitter_autocast_ctx_DynamoThunder_cpu_None[dynamic],thunder/tests/test_dynamo.py::test_splitter_autocast_ctx_DynamoThunder_cpu_None[dynamic],call,0.24,111.85
before,24,test_leak_on_unsupported_thunder_operator,thunder/tests/test_dynamo.py::test_leak_on_unsupported_thunder_operator,call,0.23,111.85
before,24,test_splitter_autocast_ctx_DynamoThunder_cpu_None[auto],thunder/tests/test_dynamo.py::test_splitter_autocast_ctx_DynamoThunder_cpu_None[auto],call,0.22,111.85
before,24,test_splitter_autocast_ctx_DynamoThunder_cpu_None[static],thunder/tests/test_dynamo.py::test_splitter_autocast_ctx_DynamoThunder_cpu_None[static],call,0.22,111.85
before,24,test_no_grad_ctx_manager_DynamoThunder_cpu_None,thunder/tests/test_dynamo.py::test_no_grad_ctx_manager_DynamoThunder_cpu_None,call,0.21,111.85
before,24,test_thunderfx_last_traces,thunder/tests/test_dynamo.py::test_thunderfx_last_traces,call,0.16,111.85
before,24,test_spliter_bwd,thunder/tests/test_dynamo.py::test_spliter_bwd,call,0.15,111.85
before,24,test_force_skip_lazy_graph_module_DynamoThunder_cpu_None,thunder/tests/test_dynamo.py::test_force_skip_lazy_graph_module_DynamoThunder_cpu_None,call,0.15,111.85
before,24,test_cat_no_split_DynamoThunder_cpu_None[False],thunder/tests/test_dynamo.py::test_cat_no_split_DynamoThunder_cpu_None[False],call,0.15,111.85
before,24,test_cat_no_split_DynamoThunder_cpu_None[True],thunder/tests/test_dynamo.py::test_cat_no_split_DynamoThunder_cpu_None[True],call,0.15,111.85
before,24,test_method_only_registrations_DynamoThunder_cpu_None,thunder/tests/test_dynamo.py::test_method_only_registrations_DynamoThunder_cpu_None,call,0.14,111.85
before,24,test_thunderfx_meta_tensor,thunder/tests/test_dynamo.py::test_thunderfx_meta_tensor,call,0.12,111.85
before,25,test_dynamo_reproducer_split_DynamoThunder_cpu_None[benchmark],thunder/tests/test_dynamo.py::test_dynamo_reproducer_split_DynamoThunder_cpu_None[benchmark],call,29.16,111.76
before,25,test_fxreport_DynamoThunder_cpu_None[benchmark],thunder/tests/test_dynamo.py::test_fxreport_DynamoThunder_cpu_None[benchmark],call,26.06,111.76
before,25,test_dynamo_reproducer_2graph_DynamoThunder_cpu_None[benchmark],thunder/tests/test_dynamo.py::test_dynamo_reproducer_2graph_DynamoThunder_cpu_None[benchmark],call,17.68,111.76
before,25,test_fxreport_DynamoThunder_cpu_None[repro],thunder/tests/test_dynamo.py::test_fxreport_DynamoThunder_cpu_None[repro],call,11.52,111.76
before,25,test_dynamo_reproducer_split_DynamoThunder_cpu_None[repro],thunder/tests/test_dynamo.py::test_dynamo_reproducer_split_DynamoThunder_cpu_None[repro],call,9.05,111.76
before,25,test_dynamo_reproducer_2graph_DynamoThunder_cpu_None[repro],thunder/tests/test_dynamo.py::test_dynamo_reproducer_2graph_DynamoThunder_cpu_None[repro],call,6.0,111.76
before,25,test_basic_DynamoThunder_cpu_None[dynamic],thunder/tests/test_dynamo.py::test_basic_DynamoThunder_cpu_None[dynamic],call,1.65,111.76
before,25,test_basic_splitter_DynamoThunder_cpu_None[dynamic],thunder/tests/test_dynamo.py::test_basic_splitter_DynamoThunder_cpu_None[dynamic],call,1.6,111.76
before,25,test_splitter_autograd_function_DynamoThunder_cpu_None[dynamic],thunder/tests/test_dynamo.py::test_splitter_autograd_function_DynamoThunder_cpu_None[dynamic],call,0.64,111.76
before,25,test_splitter_autocast_ctx_with_graph_break_DynamoThunder_cpu_None[auto],thunder/tests/test_dynamo.py::test_splitter_autocast_ctx_with_graph_break_DynamoThunder_cpu_None[auto],call,0.61,111.76
before,25,test_splitter_autocast_ctx_with_graph_break_DynamoThunder_cpu_None[dynamic],thunder/tests/test_dynamo.py::test_splitter_autocast_ctx_with_graph_break_DynamoThunder_cpu_None[dynamic],call,0.49,111.76
before,25,test_splitter_autograd_function_DynamoThunder_cpu_None[static],thunder/tests/test_dynamo.py::test_splitter_autograd_function_DynamoThunder_cpu_None[static],call,0.48,111.76
before,25,test_splitter_autograd_function_DynamoThunder_cpu_None[auto],thunder/tests/test_dynamo.py::test_splitter_autograd_function_DynamoThunder_cpu_None[auto],call,0.47,111.76
before,25,test_no_grad_ctx_manager_DynamoThunder_cpu_None,thunder/tests/test_dynamo.py::test_no_grad_ctx_manager_DynamoThunder_cpu_None,call,0.44,111.76
before,25,test_basic_DynamoThunder_cpu_None[auto],thunder/tests/test_dynamo.py::test_basic_DynamoThunder_cpu_None[auto],call,0.43,111.76
before,25,test_where_nonzero_overload_DynamoThunder_cpu_None,thunder/tests/test_dynamo.py::test_where_nonzero_overload_DynamoThunder_cpu_None,call,0.41,111.76
before,25,test_splitter_autocast_ctx_with_graph_break_DynamoThunder_cpu_None[static],thunder/tests/test_dynamo.py::test_splitter_autocast_ctx_with_graph_break_DynamoThunder_cpu_None[static],call,0.41,111.76
before,25,test_splitter_autocast_ctx_with_split_DynamoThunder_cpu_None[dynamic],thunder/tests/test_dynamo.py::test_splitter_autocast_ctx_with_split_DynamoThunder_cpu_None[dynamic],call,0.38,111.76
before,25,test_splitter_autocast_ctx_with_split_DynamoThunder_cpu_None[static],thunder/tests/test_dynamo.py::test_splitter_autocast_ctx_with_split_DynamoThunder_cpu_None[static],call,0.33,111.76
before,25,test_splitter_autocast_ctx_with_split_DynamoThunder_cpu_None[auto],thunder/tests/test_dynamo.py::test_splitter_autocast_ctx_with_split_DynamoThunder_cpu_None[auto],call,0.33,111.76
before,25,test_basic_splitter_DynamoThunder_cpu_None[auto],thunder/tests/test_dynamo.py::test_basic_splitter_DynamoThunder_cpu_None[auto],call,0.32,111.76
before,25,test_basic_splitter_DynamoThunder_cpu_None[static],thunder/tests/test_dynamo.py::test_basic_splitter_DynamoThunder_cpu_None[static],call,0.32,111.76
before,25,test_basic_DynamoThunder_cpu_None[static],thunder/tests/test_dynamo.py::test_basic_DynamoThunder_cpu_None[static],call,0.3,111.76
before,25,test_empty_autocast,thunder/tests/test_dynamo.py::test_empty_autocast,call,0.3,111.76
before,25,test_no_grad_enabled_grad_nested_ctx_manager_DynamoThunder_cpu_None,thunder/tests/test_dynamo.py::test_no_grad_enabled_grad_nested_ctx_manager_DynamoThunder_cpu_None,call,0.25,111.76
before,25,test_splitter_autocast_ctx_DynamoThunder_cpu_None[dynamic],thunder/tests/test_dynamo.py::test_splitter_autocast_ctx_DynamoThunder_cpu_None[dynamic],call,0.24,111.76
before,25,test_leak_on_unsupported_thunder_operator,thunder/tests/test_dynamo.py::test_leak_on_unsupported_thunder_operator,call,0.23,111.76
before,25,test_splitter_autocast_ctx_DynamoThunder_cpu_None[static],thunder/tests/test_dynamo.py::test_splitter_autocast_ctx_DynamoThunder_cpu_None[static],call,0.22,111.76
before,25,test_splitter_autocast_ctx_DynamoThunder_cpu_None[auto],thunder/tests/test_dynamo.py::test_splitter_autocast_ctx_DynamoThunder_cpu_None[auto],call,0.22,111.76
before,25,test_thunderfx_last_traces,thunder/tests/test_dynamo.py::test_thunderfx_last_traces,call,0.16,111.76
before,25,test_spliter_bwd,thunder/tests/test_dynamo.py::test_spliter_bwd,call,0.16,111.76
before,25,test_method_only_registrations_DynamoThunder_cpu_None,thunder/tests/test_dynamo.py::test_method_only_registrations_DynamoThunder_cpu_None,call,0.15,111.76
before,25,test_cat_no_split_DynamoThunder_cpu_None[False],thunder/tests/test_dynamo.py::test_cat_no_split_DynamoThunder_cpu_None[False],call,0.15,111.76
before,25,test_force_skip_lazy_graph_module_DynamoThunder_cpu_None,thunder/tests/test_dynamo.py::test_force_skip_lazy_graph_module_DynamoThunder_cpu_None,call,0.15,111.76
before,25,test_cat_no_split_DynamoThunder_cpu_None[True],thunder/tests/test_dynamo.py::test_cat_no_split_DynamoThunder_cpu_None[True],call,0.15,111.76
before,25,test_thunderfx_meta_tensor,thunder/tests/test_dynamo.py::test_thunderfx_meta_tensor,call,0.13,111.76
before,25,test_dynamo_reproducer_submodules[benchmark],thunder/tests/test_dynamo.py::test_dynamo_reproducer_submodules[benchmark],setup,0.01,111.76
before,26,test_dynamo_reproducer_split_DynamoThunder_cpu_None[benchmark],thunder/tests/test_dynamo.py::test_dynamo_reproducer_split_DynamoThunder_cpu_None[benchmark],call,29.26,111.88
before,26,test_fxreport_DynamoThunder_cpu_None[benchmark],thunder/tests/test_dynamo.py::test_fxreport_DynamoThunder_cpu_None[benchmark],call,26.01,111.88
before,26,test_dynamo_reproducer_2graph_DynamoThunder_cpu_None[benchmark],thunder/tests/test_dynamo.py::test_dynamo_reproducer_2graph_DynamoThunder_cpu_None[benchmark],call,17.7,111.88
before,26,test_fxreport_DynamoThunder_cpu_None[repro],thunder/tests/test_dynamo.py::test_fxreport_DynamoThunder_cpu_None[repro],call,11.55,111.88
before,26,test_dynamo_reproducer_split_DynamoThunder_cpu_None[repro],thunder/tests/test_dynamo.py::test_dynamo_reproducer_split_DynamoThunder_cpu_None[repro],call,9.07,111.88
before,26,test_dynamo_reproducer_2graph_DynamoThunder_cpu_None[repro],thunder/tests/test_dynamo.py::test_dynamo_reproducer_2graph_DynamoThunder_cpu_None[repro],call,6.01,111.88
before,26,test_basic_DynamoThunder_cpu_None[dynamic],thunder/tests/test_dynamo.py::test_basic_DynamoThunder_cpu_None[dynamic],call,1.65,111.88
before,26,test_basic_splitter_DynamoThunder_cpu_None[dynamic],thunder/tests/test_dynamo.py::test_basic_splitter_DynamoThunder_cpu_None[dynamic],call,1.59,111.88
before,26,test_splitter_autograd_function_DynamoThunder_cpu_None[dynamic],thunder/tests/test_dynamo.py::test_splitter_autograd_function_DynamoThunder_cpu_None[dynamic],call,0.64,111.88
before,26,test_splitter_autocast_ctx_with_graph_break_DynamoThunder_cpu_None[auto],thunder/tests/test_dynamo.py::test_splitter_autocast_ctx_with_graph_break_DynamoThunder_cpu_None[auto],call,0.62,111.88
before,26,test_splitter_autocast_ctx_with_graph_break_DynamoThunder_cpu_None[dynamic],thunder/tests/test_dynamo.py::test_splitter_autocast_ctx_with_graph_break_DynamoThunder_cpu_None[dynamic],call,0.49,111.88
before,26,test_no_grad_enabled_grad_nested_ctx_manager_DynamoThunder_cpu_None,thunder/tests/test_dynamo.py::test_no_grad_enabled_grad_nested_ctx_manager_DynamoThunder_cpu_None,call,0.49,111.88
before,26,test_splitter_autograd_function_DynamoThunder_cpu_None[static],thunder/tests/test_dynamo.py::test_splitter_autograd_function_DynamoThunder_cpu_None[static],call,0.48,111.88
before,26,test_splitter_autograd_function_DynamoThunder_cpu_None[auto],thunder/tests/test_dynamo.py::test_splitter_autograd_function_DynamoThunder_cpu_None[auto],call,0.47,111.88
before,26,test_basic_DynamoThunder_cpu_None[auto],thunder/tests/test_dynamo.py::test_basic_DynamoThunder_cpu_None[auto],call,0.42,111.88
before,26,test_where_nonzero_overload_DynamoThunder_cpu_None,thunder/tests/test_dynamo.py::test_where_nonzero_overload_DynamoThunder_cpu_None,call,0.41,111.88
before,26,test_splitter_autocast_ctx_with_graph_break_DynamoThunder_cpu_None[static],thunder/tests/test_dynamo.py::test_splitter_autocast_ctx_with_graph_break_DynamoThunder_cpu_None[static],call,0.41,111.88
before,26,test_splitter_autocast_ctx_with_split_DynamoThunder_cpu_None[dynamic],thunder/tests/test_dynamo.py::test_splitter_autocast_ctx_with_split_DynamoThunder_cpu_None[dynamic],call,0.38,111.88
before,26,test_splitter_autocast_ctx_with_split_DynamoThunder_cpu_None[static],thunder/tests/test_dynamo.py::test_splitter_autocast_ctx_with_split_DynamoThunder_cpu_None[static],call,0.33,111.88
before,26,test_splitter_autocast_ctx_with_split_DynamoThunder_cpu_None[auto],thunder/tests/test_dynamo.py::test_splitter_autocast_ctx_with_split_DynamoThunder_cpu_None[auto],call,0.33,111.88
before,26,test_basic_splitter_DynamoThunder_cpu_None[static],thunder/tests/test_dynamo.py::test_basic_splitter_DynamoThunder_cpu_None[static],call,0.32,111.88
before,26,test_basic_splitter_DynamoThunder_cpu_None[auto],thunder/tests/test_dynamo.py::test_basic_splitter_DynamoThunder_cpu_None[auto],call,0.32,111.88
before,26,test_empty_autocast,thunder/tests/test_dynamo.py::test_empty_autocast,call,0.3,111.88
before,26,test_basic_DynamoThunder_cpu_None[static],thunder/tests/test_dynamo.py::test_basic_DynamoThunder_cpu_None[static],call,0.3,111.88
before,26,test_splitter_autocast_ctx_DynamoThunder_cpu_None[dynamic],thunder/tests/test_dynamo.py::test_splitter_autocast_ctx_DynamoThunder_cpu_None[dynamic],call,0.24,111.88
before,26,test_leak_on_unsupported_thunder_operator,thunder/tests/test_dynamo.py::test_leak_on_unsupported_thunder_operator,call,0.23,111.88
before,26,test_splitter_autocast_ctx_DynamoThunder_cpu_None[auto],thunder/tests/test_dynamo.py::test_splitter_autocast_ctx_DynamoThunder_cpu_None[auto],call,0.22,111.88
before,26,test_splitter_autocast_ctx_DynamoThunder_cpu_None[static],thunder/tests/test_dynamo.py::test_splitter_autocast_ctx_DynamoThunder_cpu_None[static],call,0.22,111.88
before,26,test_no_grad_ctx_manager_DynamoThunder_cpu_None,thunder/tests/test_dynamo.py::test_no_grad_ctx_manager_DynamoThunder_cpu_None,call,0.2,111.88
before,26,test_thunderfx_last_traces,thunder/tests/test_dynamo.py::test_thunderfx_last_traces,call,0.16,111.88
before,26,test_spliter_bwd,thunder/tests/test_dynamo.py::test_spliter_bwd,call,0.16,111.88
before,26,test_force_skip_lazy_graph_module_DynamoThunder_cpu_None,thunder/tests/test_dynamo.py::test_force_skip_lazy_graph_module_DynamoThunder_cpu_None,call,0.15,111.88
before,26,test_cat_no_split_DynamoThunder_cpu_None[False],thunder/tests/test_dynamo.py::test_cat_no_split_DynamoThunder_cpu_None[False],call,0.15,111.88
before,26,test_cat_no_split_DynamoThunder_cpu_None[True],thunder/tests/test_dynamo.py::test_cat_no_split_DynamoThunder_cpu_None[True],call,0.15,111.88
before,26,test_method_only_registrations_DynamoThunder_cpu_None,thunder/tests/test_dynamo.py::test_method_only_registrations_DynamoThunder_cpu_None,call,0.14,111.88
before,26,test_thunderfx_meta_tensor,thunder/tests/test_dynamo.py::test_thunderfx_meta_tensor,call,0.13,111.88
before,27,test_dynamo_reproducer_split_DynamoThunder_cpu_None[benchmark],thunder/tests/test_dynamo.py::test_dynamo_reproducer_split_DynamoThunder_cpu_None[benchmark],call,29.24,111.89
before,27,test_fxreport_DynamoThunder_cpu_None[benchmark],thunder/tests/test_dynamo.py::test_fxreport_DynamoThunder_cpu_None[benchmark],call,26.03,111.89
before,27,test_dynamo_reproducer_2graph_DynamoThunder_cpu_None[benchmark],thunder/tests/test_dynamo.py::test_dynamo_reproducer_2graph_DynamoThunder_cpu_None[benchmark],call,17.63,111.89
before,27,test_fxreport_DynamoThunder_cpu_None[repro],thunder/tests/test_dynamo.py::test_fxreport_DynamoThunder_cpu_None[repro],call,11.53,111.89
before,27,test_dynamo_reproducer_split_DynamoThunder_cpu_None[repro],thunder/tests/test_dynamo.py::test_dynamo_reproducer_split_DynamoThunder_cpu_None[repro],call,9.1,111.89
before,27,test_dynamo_reproducer_2graph_DynamoThunder_cpu_None[repro],thunder/tests/test_dynamo.py::test_dynamo_reproducer_2graph_DynamoThunder_cpu_None[repro],call,6.04,111.89
before,27,test_basic_DynamoThunder_cpu_None[dynamic],thunder/tests/test_dynamo.py::test_basic_DynamoThunder_cpu_None[dynamic],call,1.65,111.89
before,27,test_basic_splitter_DynamoThunder_cpu_None[dynamic],thunder/tests/test_dynamo.py::test_basic_splitter_DynamoThunder_cpu_None[dynamic],call,1.6,111.89
before,27,test_splitter_autograd_function_DynamoThunder_cpu_None[dynamic],thunder/tests/test_dynamo.py::test_splitter_autograd_function_DynamoThunder_cpu_None[dynamic],call,0.65,111.89
before,27,test_splitter_autocast_ctx_with_graph_break_DynamoThunder_cpu_None[auto],thunder/tests/test_dynamo.py::test_splitter_autocast_ctx_with_graph_break_DynamoThunder_cpu_None[auto],call,0.63,111.89
before,27,test_no_grad_enabled_grad_nested_ctx_manager_DynamoThunder_cpu_None,thunder/tests/test_dynamo.py::test_no_grad_enabled_grad_nested_ctx_manager_DynamoThunder_cpu_None,call,0.5,111.89
before,27,test_splitter_autocast_ctx_with_graph_break_DynamoThunder_cpu_None[dynamic],thunder/tests/test_dynamo.py::test_splitter_autocast_ctx_with_graph_break_DynamoThunder_cpu_None[dynamic],call,0.49,111.89
before,27,test_splitter_autograd_function_DynamoThunder_cpu_None[static],thunder/tests/test_dynamo.py::test_splitter_autograd_function_DynamoThunder_cpu_None[static],call,0.48,111.89
before,27,test_splitter_autograd_function_DynamoThunder_cpu_None[auto],thunder/tests/test_dynamo.py::test_splitter_autograd_function_DynamoThunder_cpu_None[auto],call,0.47,111.89
before,27,test_basic_DynamoThunder_cpu_None[auto],thunder/tests/test_dynamo.py::test_basic_DynamoThunder_cpu_None[auto],call,0.43,111.89
before,27,test_splitter_autocast_ctx_with_graph_break_DynamoThunder_cpu_None[static],thunder/tests/test_dynamo.py::test_splitter_autocast_ctx_with_graph_break_DynamoThunder_cpu_None[static],call,0.41,111.89
before,27,test_where_nonzero_overload_DynamoThunder_cpu_None,thunder/tests/test_dynamo.py::test_where_nonzero_overload_DynamoThunder_cpu_None,call,0.41,111.89
before,27,test_splitter_autocast_ctx_with_split_DynamoThunder_cpu_None[dynamic],thunder/tests/test_dynamo.py::test_splitter_autocast_ctx_with_split_DynamoThunder_cpu_None[dynamic],call,0.39,111.89
before,27,test_splitter_autocast_ctx_with_split_DynamoThunder_cpu_None[static],thunder/tests/test_dynamo.py::test_splitter_autocast_ctx_with_split_DynamoThunder_cpu_None[static],call,0.33,111.89
before,27,test_splitter_autocast_ctx_with_split_DynamoThunder_cpu_None[auto],thunder/tests/test_dynamo.py::test_splitter_autocast_ctx_with_split_DynamoThunder_cpu_None[auto],call,0.33,111.89
before,27,test_basic_splitter_DynamoThunder_cpu_None[auto],thunder/tests/test_dynamo.py::test_basic_splitter_DynamoThunder_cpu_None[auto],call,0.32,111.89
before,27,test_basic_splitter_DynamoThunder_cpu_None[static],thunder/tests/test_dynamo.py::test_basic_splitter_DynamoThunder_cpu_None[static],call,0.32,111.89
before,27,test_empty_autocast,thunder/tests/test_dynamo.py::test_empty_autocast,call,0.3,111.89
before,27,test_basic_DynamoThunder_cpu_None[static],thunder/tests/test_dynamo.py::test_basic_DynamoThunder_cpu_None[static],call,0.29,111.89
before,27,test_splitter_autocast_ctx_DynamoThunder_cpu_None[dynamic],thunder/tests/test_dynamo.py::test_splitter_autocast_ctx_DynamoThunder_cpu_None[dynamic],call,0.24,111.89
before,27,test_leak_on_unsupported_thunder_operator,thunder/tests/test_dynamo.py::test_leak_on_unsupported_thunder_operator,call,0.23,111.89
before,27,test_splitter_autocast_ctx_DynamoThunder_cpu_None[auto],thunder/tests/test_dynamo.py::test_splitter_autocast_ctx_DynamoThunder_cpu_None[auto],call,0.22,111.89
before,27,test_splitter_autocast_ctx_DynamoThunder_cpu_None[static],thunder/tests/test_dynamo.py::test_splitter_autocast_ctx_DynamoThunder_cpu_None[static],call,0.22,111.89
before,27,test_no_grad_ctx_manager_DynamoThunder_cpu_None,thunder/tests/test_dynamo.py::test_no_grad_ctx_manager_DynamoThunder_cpu_None,call,0.2,111.89
before,27,test_thunderfx_last_traces,thunder/tests/test_dynamo.py::test_thunderfx_last_traces,call,0.16,111.89
before,27,test_spliter_bwd,thunder/tests/test_dynamo.py::test_spliter_bwd,call,0.15,111.89
before,27,test_force_skip_lazy_graph_module_DynamoThunder_cpu_None,thunder/tests/test_dynamo.py::test_force_skip_lazy_graph_module_DynamoThunder_cpu_None,call,0.15,111.89
before,27,test_cat_no_split_DynamoThunder_cpu_None[True],thunder/tests/test_dynamo.py::test_cat_no_split_DynamoThunder_cpu_None[True],call,0.15,111.89
before,27,test_cat_no_split_DynamoThunder_cpu_None[False],thunder/tests/test_dynamo.py::test_cat_no_split_DynamoThunder_cpu_None[False],call,0.15,111.89
before,27,test_method_only_registrations_DynamoThunder_cpu_None,thunder/tests/test_dynamo.py::test_method_only_registrations_DynamoThunder_cpu_None,call,0.14,111.89
before,27,test_thunderfx_meta_tensor,thunder/tests/test_dynamo.py::test_thunderfx_meta_tensor,call,0.13,111.89
before,28,test_dynamo_reproducer_split_DynamoThunder_cpu_None[benchmark],thunder/tests/test_dynamo.py::test_dynamo_reproducer_split_DynamoThunder_cpu_None[benchmark],call,29.17,111.88
before,28,test_fxreport_DynamoThunder_cpu_None[benchmark],thunder/tests/test_dynamo.py::test_fxreport_DynamoThunder_cpu_None[benchmark],call,26.09,111.88
before,28,test_dynamo_reproducer_2graph_DynamoThunder_cpu_None[benchmark],thunder/tests/test_dynamo.py::test_dynamo_reproducer_2graph_DynamoThunder_cpu_None[benchmark],call,17.65,111.88
before,28,test_fxreport_DynamoThunder_cpu_None[repro],thunder/tests/test_dynamo.py::test_fxreport_DynamoThunder_cpu_None[repro],call,11.54,111.88
before,28,test_dynamo_reproducer_split_DynamoThunder_cpu_None[repro],thunder/tests/test_dynamo.py::test_dynamo_reproducer_split_DynamoThunder_cpu_None[repro],call,9.04,111.88
before,28,test_dynamo_reproducer_2graph_DynamoThunder_cpu_None[repro],thunder/tests/test_dynamo.py::test_dynamo_reproducer_2graph_DynamoThunder_cpu_None[repro],call,6.03,111.88
before,28,test_basic_splitter_DynamoThunder_cpu_None[dynamic],thunder/tests/test_dynamo.py::test_basic_splitter_DynamoThunder_cpu_None[dynamic],call,1.71,111.88
before,28,test_basic_DynamoThunder_cpu_None[dynamic],thunder/tests/test_dynamo.py::test_basic_DynamoThunder_cpu_None[dynamic],call,1.65,111.88
before,28,test_splitter_autograd_function_DynamoThunder_cpu_None[dynamic],thunder/tests/test_dynamo.py::test_splitter_autograd_function_DynamoThunder_cpu_None[dynamic],call,0.66,111.88
before,28,test_splitter_autocast_ctx_with_split_DynamoThunder_cpu_None[static],thunder/tests/test_dynamo.py::test_splitter_autocast_ctx_with_split_DynamoThunder_cpu_None[static],call,0.55,111.88
before,28,test_empty_autocast,thunder/tests/test_dynamo.py::test_empty_autocast,call,0.54,111.88
before,28,test_splitter_autocast_ctx_with_graph_break_DynamoThunder_cpu_None[dynamic],thunder/tests/test_dynamo.py::test_splitter_autocast_ctx_with_graph_break_DynamoThunder_cpu_None[dynamic],call,0.5,111.88
before,28,test_splitter_autograd_function_DynamoThunder_cpu_None[static],thunder/tests/test_dynamo.py::test_splitter_autograd_function_DynamoThunder_cpu_None[static],call,0.48,111.88
before,28,test_splitter_autograd_function_DynamoThunder_cpu_None[auto],thunder/tests/test_dynamo.py::test_splitter_autograd_function_DynamoThunder_cpu_None[auto],call,0.47,111.88
before,28,test_where_nonzero_overload_DynamoThunder_cpu_None,thunder/tests/test_dynamo.py::test_where_nonzero_overload_DynamoThunder_cpu_None,call,0.41,111.88
before,28,test_splitter_autocast_ctx_with_graph_break_DynamoThunder_cpu_None[static],thunder/tests/test_dynamo.py::test_splitter_autocast_ctx_with_graph_break_DynamoThunder_cpu_None[static],call,0.41,111.88
before,28,test_splitter_autocast_ctx_with_graph_break_DynamoThunder_cpu_None[auto],thunder/tests/test_dynamo.py::test_splitter_autocast_ctx_with_graph_break_DynamoThunder_cpu_None[auto],call,0.41,111.88
before,28,test_splitter_autocast_ctx_with_split_DynamoThunder_cpu_None[dynamic],thunder/tests/test_dynamo.py::test_splitter_autocast_ctx_with_split_DynamoThunder_cpu_None[dynamic],call,0.39,111.88
before,28,test_splitter_autocast_ctx_with_split_DynamoThunder_cpu_None[auto],thunder/tests/test_dynamo.py::test_splitter_autocast_ctx_with_split_DynamoThunder_cpu_None[auto],call,0.33,111.88
before,28,test_basic_splitter_DynamoThunder_cpu_None[static],thunder/tests/test_dynamo.py::test_basic_splitter_DynamoThunder_cpu_None[static],call,0.32,111.88
before,28,test_basic_splitter_DynamoThunder_cpu_None[auto],thunder/tests/test_dynamo.py::test_basic_splitter_DynamoThunder_cpu_None[auto],call,0.32,111.88
before,28,test_basic_DynamoThunder_cpu_None[static],thunder/tests/test_dynamo.py::test_basic_DynamoThunder_cpu_None[static],call,0.3,111.88
before,28,test_basic_DynamoThunder_cpu_None[auto],thunder/tests/test_dynamo.py::test_basic_DynamoThunder_cpu_None[auto],call,0.29,111.88
before,28,test_no_grad_enabled_grad_nested_ctx_manager_DynamoThunder_cpu_None,thunder/tests/test_dynamo.py::test_no_grad_enabled_grad_nested_ctx_manager_DynamoThunder_cpu_None,call,0.25,111.88
before,28,test_splitter_autocast_ctx_DynamoThunder_cpu_None[dynamic],thunder/tests/test_dynamo.py::test_splitter_autocast_ctx_DynamoThunder_cpu_None[dynamic],call,0.25,111.88
before,28,test_leak_on_unsupported_thunder_operator,thunder/tests/test_dynamo.py::test_leak_on_unsupported_thunder_operator,call,0.23,111.88
before,28,test_splitter_autocast_ctx_DynamoThunder_cpu_None[auto],thunder/tests/test_dynamo.py::test_splitter_autocast_ctx_DynamoThunder_cpu_None[auto],call,0.22,111.88
before,28,test_splitter_autocast_ctx_DynamoThunder_cpu_None[static],thunder/tests/test_dynamo.py::test_splitter_autocast_ctx_DynamoThunder_cpu_None[static],call,0.22,111.88
before,28,test_no_grad_ctx_manager_DynamoThunder_cpu_None,thunder/tests/test_dynamo.py::test_no_grad_ctx_manager_DynamoThunder_cpu_None,call,0.2,111.88
before,28,test_thunderfx_last_traces,thunder/tests/test_dynamo.py::test_thunderfx_last_traces,call,0.16,111.88
before,28,test_spliter_bwd,thunder/tests/test_dynamo.py::test_spliter_bwd,call,0.15,111.88
before,28,test_cat_no_split_DynamoThunder_cpu_None[False],thunder/tests/test_dynamo.py::test_cat_no_split_DynamoThunder_cpu_None[False],call,0.15,111.88
before,28,test_cat_no_split_DynamoThunder_cpu_None[True],thunder/tests/test_dynamo.py::test_cat_no_split_DynamoThunder_cpu_None[True],call,0.15,111.88
before,28,test_force_skip_lazy_graph_module_DynamoThunder_cpu_None,thunder/tests/test_dynamo.py::test_force_skip_lazy_graph_module_DynamoThunder_cpu_None,call,0.15,111.88
before,28,test_method_only_registrations_DynamoThunder_cpu_None,thunder/tests/test_dynamo.py::test_method_only_registrations_DynamoThunder_cpu_None,call,0.14,111.88
before,28,test_thunderfx_meta_tensor,thunder/tests/test_dynamo.py::test_thunderfx_meta_tensor,call,0.12,111.88
before,28,test_dynamo_reproducer_submodules[benchmark],thunder/tests/test_dynamo.py::test_dynamo_reproducer_submodules[benchmark],setup,0.03,111.88
before,29,test_dynamo_reproducer_split_DynamoThunder_cpu_None[benchmark],thunder/tests/test_dynamo.py::test_dynamo_reproducer_split_DynamoThunder_cpu_None[benchmark],call,29.15,111.68
before,29,test_fxreport_DynamoThunder_cpu_None[benchmark],thunder/tests/test_dynamo.py::test_fxreport_DynamoThunder_cpu_None[benchmark],call,26.04,111.68
before,29,test_dynamo_reproducer_2graph_DynamoThunder_cpu_None[benchmark],thunder/tests/test_dynamo.py::test_dynamo_reproducer_2graph_DynamoThunder_cpu_None[benchmark],call,17.66,111.68
before,29,test_fxreport_DynamoThunder_cpu_None[repro],thunder/tests/test_dynamo.py::test_fxreport_DynamoThunder_cpu_None[repro],call,11.55,111.68
before,29,test_dynamo_reproducer_split_DynamoThunder_cpu_None[repro],thunder/tests/test_dynamo.py::test_dynamo_reproducer_split_DynamoThunder_cpu_None[repro],call,9.05,111.68
before,29,test_dynamo_reproducer_2graph_DynamoThunder_cpu_None[repro],thunder/tests/test_dynamo.py::test_dynamo_reproducer_2graph_DynamoThunder_cpu_None[repro],call,6.0,111.68
before,29,test_basic_DynamoThunder_cpu_None[dynamic],thunder/tests/test_dynamo.py::test_basic_DynamoThunder_cpu_None[dynamic],call,1.65,111.68
before,29,test_basic_splitter_DynamoThunder_cpu_None[dynamic],thunder/tests/test_dynamo.py::test_basic_splitter_DynamoThunder_cpu_None[dynamic],call,1.6,111.68
before,29,test_splitter_autograd_function_DynamoThunder_cpu_None[dynamic],thunder/tests/test_dynamo.py::test_splitter_autograd_function_DynamoThunder_cpu_None[dynamic],call,0.64,111.68
before,29,test_splitter_autocast_ctx_with_graph_break_DynamoThunder_cpu_None[auto],thunder/tests/test_dynamo.py::test_splitter_autocast_ctx_with_graph_break_DynamoThunder_cpu_None[auto],call,0.61,111.68
before,29,test_splitter_autocast_ctx_with_graph_break_DynamoThunder_cpu_None[dynamic],thunder/tests/test_dynamo.py::test_splitter_autocast_ctx_with_graph_break_DynamoThunder_cpu_None[dynamic],call,0.49,111.68
before,29,test_no_grad_enabled_grad_nested_ctx_manager_DynamoThunder_cpu_None,thunder/tests/test_dynamo.py::test_no_grad_enabled_grad_nested_ctx_manager_DynamoThunder_cpu_None,call,0.48,111.68
before,29,test_splitter_autograd_function_DynamoThunder_cpu_None[static],thunder/tests/test_dynamo.py::test_splitter_autograd_function_DynamoThunder_cpu_None[static],call,0.47,111.68
before,29,test_splitter_autograd_function_DynamoThunder_cpu_None[auto],thunder/tests/test_dynamo.py::test_splitter_autograd_function_DynamoThunder_cpu_None[auto],call,0.46,111.68
before,29,test_basic_DynamoThunder_cpu_None[auto],thunder/tests/test_dynamo.py::test_basic_DynamoThunder_cpu_None[auto],call,0.43,111.68
before,29,test_splitter_autocast_ctx_with_graph_break_DynamoThunder_cpu_None[static],thunder/tests/test_dynamo.py::test_splitter_autocast_ctx_with_graph_break_DynamoThunder_cpu_None[static],call,0.41,111.68
before,29,test_where_nonzero_overload_DynamoThunder_cpu_None,thunder/tests/test_dynamo.py::test_where_nonzero_overload_DynamoThunder_cpu_None,call,0.4,111.68
before,29,test_splitter_autocast_ctx_with_split_DynamoThunder_cpu_None[dynamic],thunder/tests/test_dynamo.py::test_splitter_autocast_ctx_with_split_DynamoThunder_cpu_None[dynamic],call,0.39,111.68
before,29,test_splitter_autocast_ctx_with_split_DynamoThunder_cpu_None[auto],thunder/tests/test_dynamo.py::test_splitter_autocast_ctx_with_split_DynamoThunder_cpu_None[auto],call,0.34,111.68
before,29,test_splitter_autocast_ctx_with_split_DynamoThunder_cpu_None[static],thunder/tests/test_dynamo.py::test_splitter_autocast_ctx_with_split_DynamoThunder_cpu_None[static],call,0.33,111.68
before,29,test_basic_splitter_DynamoThunder_cpu_None[auto],thunder/tests/test_dynamo.py::test_basic_splitter_DynamoThunder_cpu_None[auto],call,0.31,111.68
before,29,test_basic_splitter_DynamoThunder_cpu_None[static],thunder/tests/test_dynamo.py::test_basic_splitter_DynamoThunder_cpu_None[static],call,0.31,111.68
before,29,test_empty_autocast,thunder/tests/test_dynamo.py::test_empty_autocast,call,0.3,111.68
before,29,test_basic_DynamoThunder_cpu_None[static],thunder/tests/test_dynamo.py::test_basic_DynamoThunder_cpu_None[static],call,0.3,111.68
before,29,test_splitter_autocast_ctx_DynamoThunder_cpu_None[dynamic],thunder/tests/test_dynamo.py::test_splitter_autocast_ctx_DynamoThunder_cpu_None[dynamic],call,0.24,111.68
before,29,test_leak_on_unsupported_thunder_operator,thunder/tests/test_dynamo.py::test_leak_on_unsupported_thunder_operator,call,0.23,111.68
before,29,test_splitter_autocast_ctx_DynamoThunder_cpu_None[auto],thunder/tests/test_dynamo.py::test_splitter_autocast_ctx_DynamoThunder_cpu_None[auto],call,0.22,111.68
before,29,test_splitter_autocast_ctx_DynamoThunder_cpu_None[static],thunder/tests/test_dynamo.py::test_splitter_autocast_ctx_DynamoThunder_cpu_None[static],call,0.22,111.68
before,29,test_no_grad_ctx_manager_DynamoThunder_cpu_None,thunder/tests/test_dynamo.py::test_no_grad_ctx_manager_DynamoThunder_cpu_None,call,0.2,111.68
before,29,test_thunderfx_last_traces,thunder/tests/test_dynamo.py::test_thunderfx_last_traces,call,0.16,111.68
before,29,test_spliter_bwd,thunder/tests/test_dynamo.py::test_spliter_bwd,call,0.15,111.68
before,29,test_cat_no_split_DynamoThunder_cpu_None[False],thunder/tests/test_dynamo.py::test_cat_no_split_DynamoThunder_cpu_None[False],call,0.15,111.68
before,29,test_cat_no_split_DynamoThunder_cpu_None[True],thunder/tests/test_dynamo.py::test_cat_no_split_DynamoThunder_cpu_None[True],call,0.15,111.68
before,29,test_force_skip_lazy_graph_module_DynamoThunder_cpu_None,thunder/tests/test_dynamo.py::test_force_skip_lazy_graph_module_DynamoThunder_cpu_None,call,0.15,111.68
before,29,test_method_only_registrations_DynamoThunder_cpu_None,thunder/tests/test_dynamo.py::test_method_only_registrations_DynamoThunder_cpu_None,call,0.14,111.68
before,29,test_thunderfx_meta_tensor,thunder/tests/test_dynamo.py::test_thunderfx_meta_tensor,call,0.13,111.68
before,30,test_dynamo_reproducer_split_DynamoThunder_cpu_None[benchmark],thunder/tests/test_dynamo.py::test_dynamo_reproducer_split_DynamoThunder_cpu_None[benchmark],call,29.13,111.61
before,30,test_fxreport_DynamoThunder_cpu_None[benchmark],thunder/tests/test_dynamo.py::test_fxreport_DynamoThunder_cpu_None[benchmark],call,25.95,111.61
before,30,test_dynamo_reproducer_2graph_DynamoThunder_cpu_None[benchmark],thunder/tests/test_dynamo.py::test_dynamo_reproducer_2graph_DynamoThunder_cpu_None[benchmark],call,17.61,111.61
before,30,test_fxreport_DynamoThunder_cpu_None[repro],thunder/tests/test_dynamo.py::test_fxreport_DynamoThunder_cpu_None[repro],call,11.57,111.61
before,30,test_dynamo_reproducer_split_DynamoThunder_cpu_None[repro],thunder/tests/test_dynamo.py::test_dynamo_reproducer_split_DynamoThunder_cpu_None[repro],call,9.03,111.61
before,30,test_dynamo_reproducer_2graph_DynamoThunder_cpu_None[repro],thunder/tests/test_dynamo.py::test_dynamo_reproducer_2graph_DynamoThunder_cpu_None[repro],call,5.95,111.61
before,30,test_basic_DynamoThunder_cpu_None[dynamic],thunder/tests/test_dynamo.py::test_basic_DynamoThunder_cpu_None[dynamic],call,1.66,111.61
before,30,test_basic_splitter_DynamoThunder_cpu_None[dynamic],thunder/tests/test_dynamo.py::test_basic_splitter_DynamoThunder_cpu_None[dynamic],call,1.6,111.61
before,30,test_splitter_autograd_function_DynamoThunder_cpu_None[dynamic],thunder/tests/test_dynamo.py::test_splitter_autograd_function_DynamoThunder_cpu_None[dynamic],call,0.65,111.61
before,30,test_splitter_autocast_ctx_with_graph_break_DynamoThunder_cpu_None[auto],thunder/tests/test_dynamo.py::test_splitter_autocast_ctx_with_graph_break_DynamoThunder_cpu_None[auto],call,0.62,111.61
before,30,test_splitter_autocast_ctx_with_graph_break_DynamoThunder_cpu_None[dynamic],thunder/tests/test_dynamo.py::test_splitter_autocast_ctx_with_graph_break_DynamoThunder_cpu_None[dynamic],call,0.49,111.61
before,30,test_splitter_autograd_function_DynamoThunder_cpu_None[static],thunder/tests/test_dynamo.py::test_splitter_autograd_function_DynamoThunder_cpu_None[static],call,0.48,111.61
before,30,test_splitter_autograd_function_DynamoThunder_cpu_None[auto],thunder/tests/test_dynamo.py::test_splitter_autograd_function_DynamoThunder_cpu_None[auto],call,0.47,111.61
before,30,test_no_grad_ctx_manager_DynamoThunder_cpu_None,thunder/tests/test_dynamo.py::test_no_grad_ctx_manager_DynamoThunder_cpu_None,call,0.44,111.61
before,30,test_basic_DynamoThunder_cpu_None[auto],thunder/tests/test_dynamo.py::test_basic_DynamoThunder_cpu_None[auto],call,0.43,111.61
before,30,test_where_nonzero_overload_DynamoThunder_cpu_None,thunder/tests/test_dynamo.py::test_where_nonzero_overload_DynamoThunder_cpu_None,call,0.41,111.61
before,30,test_splitter_autocast_ctx_with_graph_break_DynamoThunder_cpu_None[static],thunder/tests/test_dynamo.py::test_splitter_autocast_ctx_with_graph_break_DynamoThunder_cpu_None[static],call,0.41,111.61
before,30,test_splitter_autocast_ctx_with_split_DynamoThunder_cpu_None[dynamic],thunder/tests/test_dynamo.py::test_splitter_autocast_ctx_with_split_DynamoThunder_cpu_None[dynamic],call,0.39,111.61
before,30,test_splitter_autocast_ctx_with_split_DynamoThunder_cpu_None[static],thunder/tests/test_dynamo.py::test_splitter_autocast_ctx_with_split_DynamoThunder_cpu_None[static],call,0.34,111.61
before,30,test_splitter_autocast_ctx_with_split_DynamoThunder_cpu_None[auto],thunder/tests/test_dynamo.py::test_splitter_autocast_ctx_with_split_DynamoThunder_cpu_None[auto],call,0.33,111.61
before,30,test_basic_splitter_DynamoThunder_cpu_None[static],thunder/tests/test_dynamo.py::test_basic_splitter_DynamoThunder_cpu_None[static],call,0.32,111.61
before,30,test_basic_splitter_DynamoThunder_cpu_None[auto],thunder/tests/test_dynamo.py::test_basic_splitter_DynamoThunder_cpu_None[auto],call,0.32,111.61
before,30,test_empty_autocast,thunder/tests/test_dynamo.py::test_empty_autocast,call,0.3,111.61
before,30,test_basic_DynamoThunder_cpu_None[static],thunder/tests/test_dynamo.py::test_basic_DynamoThunder_cpu_None[static],call,0.3,111.61
before,30,test_no_grad_enabled_grad_nested_ctx_manager_DynamoThunder_cpu_None,thunder/tests/test_dynamo.py::test_no_grad_enabled_grad_nested_ctx_manager_DynamoThunder_cpu_None,call,0.25,111.61
before,30,test_splitter_autocast_ctx_DynamoThunder_cpu_None[dynamic],thunder/tests/test_dynamo.py::test_splitter_autocast_ctx_DynamoThunder_cpu_None[dynamic],call,0.24,111.61
before,30,test_leak_on_unsupported_thunder_operator,thunder/tests/test_dynamo.py::test_leak_on_unsupported_thunder_operator,call,0.23,111.61
before,30,test_splitter_autocast_ctx_DynamoThunder_cpu_None[static],thunder/tests/test_dynamo.py::test_splitter_autocast_ctx_DynamoThunder_cpu_None[static],call,0.22,111.61
before,30,test_splitter_autocast_ctx_DynamoThunder_cpu_None[auto],thunder/tests/test_dynamo.py::test_splitter_autocast_ctx_DynamoThunder_cpu_None[auto],call,0.22,111.61
before,30,test_thunderfx_last_traces,thunder/tests/test_dynamo.py::test_thunderfx_last_traces,call,0.16,111.61
before,30,test_spliter_bwd,thunder/tests/test_dynamo.py::test_spliter_bwd,call,0.16,111.61
before,30,test_cat_no_split_DynamoThunder_cpu_None[False],thunder/tests/test_dynamo.py::test_cat_no_split_DynamoThunder_cpu_None[False],call,0.15,111.61
before,30,test_cat_no_split_DynamoThunder_cpu_None[True],thunder/tests/test_dynamo.py::test_cat_no_split_DynamoThunder_cpu_None[True],call,0.15,111.61
before,30,test_force_skip_lazy_graph_module_DynamoThunder_cpu_None,thunder/tests/test_dynamo.py::test_force_skip_lazy_graph_module_DynamoThunder_cpu_None,call,0.15,111.61
before,30,test_method_only_registrations_DynamoThunder_cpu_None,thunder/tests/test_dynamo.py::test_method_only_registrations_DynamoThunder_cpu_None,call,0.14,111.61
before,30,test_thunderfx_meta_tensor,thunder/tests/test_dynamo.py::test_thunderfx_meta_tensor,call,0.13,111.61
before,31,test_dynamo_reproducer_split_DynamoThunder_cpu_None[benchmark],thunder/tests/test_dynamo.py::test_dynamo_reproducer_split_DynamoThunder_cpu_None[benchmark],call,29.12,111.6
before,31,test_fxreport_DynamoThunder_cpu_None[benchmark],thunder/tests/test_dynamo.py::test_fxreport_DynamoThunder_cpu_None[benchmark],call,26.01,111.6
before,31,test_dynamo_reproducer_2graph_DynamoThunder_cpu_None[benchmark],thunder/tests/test_dynamo.py::test_dynamo_reproducer_2graph_DynamoThunder_cpu_None[benchmark],call,17.63,111.6
before,31,test_fxreport_DynamoThunder_cpu_None[repro],thunder/tests/test_dynamo.py::test_fxreport_DynamoThunder_cpu_None[repro],call,11.5,111.6
before,31,test_dynamo_reproducer_split_DynamoThunder_cpu_None[repro],thunder/tests/test_dynamo.py::test_dynamo_reproducer_split_DynamoThunder_cpu_None[repro],call,9.02,111.6
before,31,test_dynamo_reproducer_2graph_DynamoThunder_cpu_None[repro],thunder/tests/test_dynamo.py::test_dynamo_reproducer_2graph_DynamoThunder_cpu_None[repro],call,6.01,111.6
before,31,test_basic_DynamoThunder_cpu_None[dynamic],thunder/tests/test_dynamo.py::test_basic_DynamoThunder_cpu_None[dynamic],call,1.66,111.6
before,31,test_basic_splitter_DynamoThunder_cpu_None[dynamic],thunder/tests/test_dynamo.py::test_basic_splitter_DynamoThunder_cpu_None[dynamic],call,1.6,111.6
before,31,test_where_nonzero_overload_DynamoThunder_cpu_None,thunder/tests/test_dynamo.py::test_where_nonzero_overload_DynamoThunder_cpu_None,call,0.65,111.6
before,31,test_splitter_autograd_function_DynamoThunder_cpu_None[dynamic],thunder/tests/test_dynamo.py::test_splitter_autograd_function_DynamoThunder_cpu_None[dynamic],call,0.64,111.6
before,31,test_splitter_autocast_ctx_with_graph_break_DynamoThunder_cpu_None[auto],thunder/tests/test_dynamo.py::test_splitter_autocast_ctx_with_graph_break_DynamoThunder_cpu_None[auto],call,0.61,111.6
before,31,test_splitter_autocast_ctx_with_graph_break_DynamoThunder_cpu_None[dynamic],thunder/tests/test_dynamo.py::test_splitter_autocast_ctx_with_graph_break_DynamoThunder_cpu_None[dynamic],call,0.49,111.6
before,31,test_splitter_autograd_function_DynamoThunder_cpu_None[static],thunder/tests/test_dynamo.py::test_splitter_autograd_function_DynamoThunder_cpu_None[static],call,0.48,111.6
before,31,test_splitter_autograd_function_DynamoThunder_cpu_None[auto],thunder/tests/test_dynamo.py::test_splitter_autograd_function_DynamoThunder_cpu_None[auto],call,0.47,111.6
before,31,test_basic_DynamoThunder_cpu_None[auto],thunder/tests/test_dynamo.py::test_basic_DynamoThunder_cpu_None[auto],call,0.43,111.6
before,31,test_splitter_autocast_ctx_with_graph_break_DynamoThunder_cpu_None[static],thunder/tests/test_dynamo.py::test_splitter_autocast_ctx_with_graph_break_DynamoThunder_cpu_None[static],call,0.41,111.6
before,31,test_splitter_autocast_ctx_with_split_DynamoThunder_cpu_None[dynamic],thunder/tests/test_dynamo.py::test_splitter_autocast_ctx_with_split_DynamoThunder_cpu_None[dynamic],call,0.39,111.6
before,31,test_splitter_autocast_ctx_with_split_DynamoThunder_cpu_None[static],thunder/tests/test_dynamo.py::test_splitter_autocast_ctx_with_split_DynamoThunder_cpu_None[static],call,0.34,111.6
before,31,test_splitter_autocast_ctx_with_split_DynamoThunder_cpu_None[auto],thunder/tests/test_dynamo.py::test_splitter_autocast_ctx_with_split_DynamoThunder_cpu_None[auto],call,0.33,111.6
before,31,test_basic_splitter_DynamoThunder_cpu_None[static],thunder/tests/test_dynamo.py::test_basic_splitter_DynamoThunder_cpu_None[static],call,0.32,111.6
before,31,test_basic_splitter_DynamoThunder_cpu_None[auto],thunder/tests/test_dynamo.py::test_basic_splitter_DynamoThunder_cpu_None[auto],call,0.32,111.6
before,31,test_empty_autocast,thunder/tests/test_dynamo.py::test_empty_autocast,call,0.3,111.6
before,31,test_basic_DynamoThunder_cpu_None[static],thunder/tests/test_dynamo.py::test_basic_DynamoThunder_cpu_None[static],call,0.3,111.6
before,31,test_splitter_autocast_ctx_DynamoThunder_cpu_None[dynamic],thunder/tests/test_dynamo.py::test_splitter_autocast_ctx_DynamoThunder_cpu_None[dynamic],call,0.25,111.6
before,31,test_no_grad_enabled_grad_nested_ctx_manager_DynamoThunder_cpu_None,thunder/tests/test_dynamo.py::test_no_grad_enabled_grad_nested_ctx_manager_DynamoThunder_cpu_None,call,0.25,111.6
before,31,test_leak_on_unsupported_thunder_operator,thunder/tests/test_dynamo.py::test_leak_on_unsupported_thunder_operator,call,0.23,111.6
before,31,test_splitter_autocast_ctx_DynamoThunder_cpu_None[auto],thunder/tests/test_dynamo.py::test_splitter_autocast_ctx_DynamoThunder_cpu_None[auto],call,0.22,111.6
before,31,test_splitter_autocast_ctx_DynamoThunder_cpu_None[static],thunder/tests/test_dynamo.py::test_splitter_autocast_ctx_DynamoThunder_cpu_None[static],call,0.22,111.6
before,31,test_no_grad_ctx_manager_DynamoThunder_cpu_None,thunder/tests/test_dynamo.py::test_no_grad_ctx_manager_DynamoThunder_cpu_None,call,0.2,111.6
before,31,test_thunderfx_last_traces,thunder/tests/test_dynamo.py::test_thunderfx_last_traces,call,0.16,111.6
before,31,test_spliter_bwd,thunder/tests/test_dynamo.py::test_spliter_bwd,call,0.15,111.6
before,31,test_cat_no_split_DynamoThunder_cpu_None[True],thunder/tests/test_dynamo.py::test_cat_no_split_DynamoThunder_cpu_None[True],call,0.15,111.6
before,31,test_force_skip_lazy_graph_module_DynamoThunder_cpu_None,thunder/tests/test_dynamo.py::test_force_skip_lazy_graph_module_DynamoThunder_cpu_None,call,0.15,111.6
before,31,test_cat_no_split_DynamoThunder_cpu_None[False],thunder/tests/test_dynamo.py::test_cat_no_split_DynamoThunder_cpu_None[False],call,0.15,111.6
before,31,test_method_only_registrations_DynamoThunder_cpu_None,thunder/tests/test_dynamo.py::test_method_only_registrations_DynamoThunder_cpu_None,call,0.14,111.6
before,31,test_thunderfx_meta_tensor,thunder/tests/test_dynamo.py::test_thunderfx_meta_tensor,call,0.13,111.6
before,32,test_dynamo_reproducer_split_DynamoThunder_cpu_None[benchmark],thunder/tests/test_dynamo.py::test_dynamo_reproducer_split_DynamoThunder_cpu_None[benchmark],call,29.13,111.52
before,32,test_fxreport_DynamoThunder_cpu_None[benchmark],thunder/tests/test_dynamo.py::test_fxreport_DynamoThunder_cpu_None[benchmark],call,26.0,111.52
before,32,test_dynamo_reproducer_2graph_DynamoThunder_cpu_None[benchmark],thunder/tests/test_dynamo.py::test_dynamo_reproducer_2graph_DynamoThunder_cpu_None[benchmark],call,17.6,111.52
before,32,test_fxreport_DynamoThunder_cpu_None[repro],thunder/tests/test_dynamo.py::test_fxreport_DynamoThunder_cpu_None[repro],call,11.52,111.52
before,32,test_dynamo_reproducer_split_DynamoThunder_cpu_None[repro],thunder/tests/test_dynamo.py::test_dynamo_reproducer_split_DynamoThunder_cpu_None[repro],call,9.02,111.52
before,32,test_dynamo_reproducer_2graph_DynamoThunder_cpu_None[repro],thunder/tests/test_dynamo.py::test_dynamo_reproducer_2graph_DynamoThunder_cpu_None[repro],call,6.01,111.52
before,32,test_basic_DynamoThunder_cpu_None[dynamic],thunder/tests/test_dynamo.py::test_basic_DynamoThunder_cpu_None[dynamic],call,1.66,111.52
before,32,test_basic_splitter_DynamoThunder_cpu_None[dynamic],thunder/tests/test_dynamo.py::test_basic_splitter_DynamoThunder_cpu_None[dynamic],call,1.6,111.52
before,32,test_splitter_autograd_function_DynamoThunder_cpu_None[dynamic],thunder/tests/test_dynamo.py::test_splitter_autograd_function_DynamoThunder_cpu_None[dynamic],call,0.64,111.52
before,32,test_splitter_autocast_ctx_with_graph_break_DynamoThunder_cpu_None[auto],thunder/tests/test_dynamo.py::test_splitter_autocast_ctx_with_graph_break_DynamoThunder_cpu_None[auto],call,0.62,111.52
before,32,test_no_grad_enabled_grad_nested_ctx_manager_DynamoThunder_cpu_None,thunder/tests/test_dynamo.py::test_no_grad_enabled_grad_nested_ctx_manager_DynamoThunder_cpu_None,call,0.5,111.52
before,32,test_splitter_autocast_ctx_with_graph_break_DynamoThunder_cpu_None[dynamic],thunder/tests/test_dynamo.py::test_splitter_autocast_ctx_with_graph_break_DynamoThunder_cpu_None[dynamic],call,0.48,111.52
before,32,test_splitter_autograd_function_DynamoThunder_cpu_None[static],thunder/tests/test_dynamo.py::test_splitter_autograd_function_DynamoThunder_cpu_None[static],call,0.47,111.52
before,32,test_splitter_autograd_function_DynamoThunder_cpu_None[auto],thunder/tests/test_dynamo.py::test_splitter_autograd_function_DynamoThunder_cpu_None[auto],call,0.47,111.52
before,32,test_basic_DynamoThunder_cpu_None[auto],thunder/tests/test_dynamo.py::test_basic_DynamoThunder_cpu_None[auto],call,0.43,111.52
before,32,test_where_nonzero_overload_DynamoThunder_cpu_None,thunder/tests/test_dynamo.py::test_where_nonzero_overload_DynamoThunder_cpu_None,call,0.4,111.52
before,32,test_splitter_autocast_ctx_with_graph_break_DynamoThunder_cpu_None[static],thunder/tests/test_dynamo.py::test_splitter_autocast_ctx_with_graph_break_DynamoThunder_cpu_None[static],call,0.4,111.52
before,32,test_splitter_autocast_ctx_with_split_DynamoThunder_cpu_None[dynamic],thunder/tests/test_dynamo.py::test_splitter_autocast_ctx_with_split_DynamoThunder_cpu_None[dynamic],call,0.38,111.52
before,32,test_splitter_autocast_ctx_with_split_DynamoThunder_cpu_None[static],thunder/tests/test_dynamo.py::test_splitter_autocast_ctx_with_split_DynamoThunder_cpu_None[static],call,0.34,111.52
before,32,test_splitter_autocast_ctx_with_split_DynamoThunder_cpu_None[auto],thunder/tests/test_dynamo.py::test_splitter_autocast_ctx_with_split_DynamoThunder_cpu_None[auto],call,0.33,111.52
before,32,test_basic_splitter_DynamoThunder_cpu_None[auto],thunder/tests/test_dynamo.py::test_basic_splitter_DynamoThunder_cpu_None[auto],call,0.32,111.52
before,32,test_basic_splitter_DynamoThunder_cpu_None[static],thunder/tests/test_dynamo.py::test_basic_splitter_DynamoThunder_cpu_None[static],call,0.31,111.52
before,32,test_empty_autocast,thunder/tests/test_dynamo.py::test_empty_autocast,call,0.3,111.52
before,32,test_basic_DynamoThunder_cpu_None[static],thunder/tests/test_dynamo.py::test_basic_DynamoThunder_cpu_None[static],call,0.3,111.52
before,32,test_splitter_autocast_ctx_DynamoThunder_cpu_None[dynamic],thunder/tests/test_dynamo.py::test_splitter_autocast_ctx_DynamoThunder_cpu_None[dynamic],call,0.24,111.52
before,32,test_leak_on_unsupported_thunder_operator,thunder/tests/test_dynamo.py::test_leak_on_unsupported_thunder_operator,call,0.23,111.52
before,32,test_splitter_autocast_ctx_DynamoThunder_cpu_None[auto],thunder/tests/test_dynamo.py::test_splitter_autocast_ctx_DynamoThunder_cpu_None[auto],call,0.22,111.52
before,32,test_splitter_autocast_ctx_DynamoThunder_cpu_None[static],thunder/tests/test_dynamo.py::test_splitter_autocast_ctx_DynamoThunder_cpu_None[static],call,0.22,111.52
before,32,test_no_grad_ctx_manager_DynamoThunder_cpu_None,thunder/tests/test_dynamo.py::test_no_grad_ctx_manager_DynamoThunder_cpu_None,call,0.2,111.52
before,32,test_thunderfx_last_traces,thunder/tests/test_dynamo.py::test_thunderfx_last_traces,call,0.16,111.52
before,32,test_spliter_bwd,thunder/tests/test_dynamo.py::test_spliter_bwd,call,0.15,111.52
before,32,test_force_skip_lazy_graph_module_DynamoThunder_cpu_None,thunder/tests/test_dynamo.py::test_force_skip_lazy_graph_module_DynamoThunder_cpu_None,call,0.15,111.52
before,32,test_cat_no_split_DynamoThunder_cpu_None[False],thunder/tests/test_dynamo.py::test_cat_no_split_DynamoThunder_cpu_None[False],call,0.15,111.52
before,32,test_cat_no_split_DynamoThunder_cpu_None[True],thunder/tests/test_dynamo.py::test_cat_no_split_DynamoThunder_cpu_None[True],call,0.15,111.52
before,32,test_method_only_registrations_DynamoThunder_cpu_None,thunder/tests/test_dynamo.py::test_method_only_registrations_DynamoThunder_cpu_None,call,0.14,111.52
before,32,test_thunderfx_meta_tensor,thunder/tests/test_dynamo.py::test_thunderfx_meta_tensor,call,0.13,111.52
before,33,test_dynamo_reproducer_split_DynamoThunder_cpu_None[benchmark],thunder/tests/test_dynamo.py::test_dynamo_reproducer_split_DynamoThunder_cpu_None[benchmark],call,29.04,111.65
before,33,test_fxreport_DynamoThunder_cpu_None[benchmark],thunder/tests/test_dynamo.py::test_fxreport_DynamoThunder_cpu_None[benchmark],call,26.07,111.65
before,33,test_dynamo_reproducer_2graph_DynamoThunder_cpu_None[benchmark],thunder/tests/test_dynamo.py::test_dynamo_reproducer_2graph_DynamoThunder_cpu_None[benchmark],call,17.66,111.65
before,33,test_fxreport_DynamoThunder_cpu_None[repro],thunder/tests/test_dynamo.py::test_fxreport_DynamoThunder_cpu_None[repro],call,11.55,111.65
before,33,test_dynamo_reproducer_split_DynamoThunder_cpu_None[repro],thunder/tests/test_dynamo.py::test_dynamo_reproducer_split_DynamoThunder_cpu_None[repro],call,9.07,111.65
before,33,test_dynamo_reproducer_2graph_DynamoThunder_cpu_None[repro],thunder/tests/test_dynamo.py::test_dynamo_reproducer_2graph_DynamoThunder_cpu_None[repro],call,6.03,111.65
before,33,test_basic_DynamoThunder_cpu_None[dynamic],thunder/tests/test_dynamo.py::test_basic_DynamoThunder_cpu_None[dynamic],call,1.65,111.65
before,33,test_basic_splitter_DynamoThunder_cpu_None[dynamic],thunder/tests/test_dynamo.py::test_basic_splitter_DynamoThunder_cpu_None[dynamic],call,1.58,111.65
before,33,test_splitter_autograd_function_DynamoThunder_cpu_None[dynamic],thunder/tests/test_dynamo.py::test_splitter_autograd_function_DynamoThunder_cpu_None[dynamic],call,0.64,111.65
before,33,test_splitter_autocast_ctx_with_graph_break_DynamoThunder_cpu_None[auto],thunder/tests/test_dynamo.py::test_splitter_autocast_ctx_with_graph_break_DynamoThunder_cpu_None[auto],call,0.62,111.65
before,33,test_splitter_autocast_ctx_with_graph_break_DynamoThunder_cpu_None[dynamic],thunder/tests/test_dynamo.py::test_splitter_autocast_ctx_with_graph_break_DynamoThunder_cpu_None[dynamic],call,0.49,111.65
before,33,test_splitter_autograd_function_DynamoThunder_cpu_None[static],thunder/tests/test_dynamo.py::test_splitter_autograd_function_DynamoThunder_cpu_None[static],call,0.47,111.65
before,33,test_splitter_autograd_function_DynamoThunder_cpu_None[auto],thunder/tests/test_dynamo.py::test_splitter_autograd_function_DynamoThunder_cpu_None[auto],call,0.46,111.65
before,33,test_no_grad_ctx_manager_DynamoThunder_cpu_None,thunder/tests/test_dynamo.py::test_no_grad_ctx_manager_DynamoThunder_cpu_None,call,0.45,111.65
before,33,test_basic_DynamoThunder_cpu_None[auto],thunder/tests/test_dynamo.py::test_basic_DynamoThunder_cpu_None[auto],call,0.42,111.65
before,33,test_splitter_autocast_ctx_with_graph_break_DynamoThunder_cpu_None[static],thunder/tests/test_dynamo.py::test_splitter_autocast_ctx_with_graph_break_DynamoThunder_cpu_None[static],call,0.41,111.65
before,33,test_where_nonzero_overload_DynamoThunder_cpu_None,thunder/tests/test_dynamo.py::test_where_nonzero_overload_DynamoThunder_cpu_None,call,0.41,111.65
before,33,test_splitter_autocast_ctx_with_split_DynamoThunder_cpu_None[dynamic],thunder/tests/test_dynamo.py::test_splitter_autocast_ctx_with_split_DynamoThunder_cpu_None[dynamic],call,0.39,111.65
before,33,test_splitter_autocast_ctx_with_split_DynamoThunder_cpu_None[static],thunder/tests/test_dynamo.py::test_splitter_autocast_ctx_with_split_DynamoThunder_cpu_None[static],call,0.33,111.65
before,33,test_splitter_autocast_ctx_with_split_DynamoThunder_cpu_None[auto],thunder/tests/test_dynamo.py::test_splitter_autocast_ctx_with_split_DynamoThunder_cpu_None[auto],call,0.33,111.65
before,33,test_basic_splitter_DynamoThunder_cpu_None[static],thunder/tests/test_dynamo.py::test_basic_splitter_DynamoThunder_cpu_None[static],call,0.32,111.65
before,33,test_basic_splitter_DynamoThunder_cpu_None[auto],thunder/tests/test_dynamo.py::test_basic_splitter_DynamoThunder_cpu_None[auto],call,0.31,111.65
before,33,test_empty_autocast,thunder/tests/test_dynamo.py::test_empty_autocast,call,0.3,111.65
before,33,test_basic_DynamoThunder_cpu_None[static],thunder/tests/test_dynamo.py::test_basic_DynamoThunder_cpu_None[static],call,0.3,111.65
before,33,test_no_grad_enabled_grad_nested_ctx_manager_DynamoThunder_cpu_None,thunder/tests/test_dynamo.py::test_no_grad_enabled_grad_nested_ctx_manager_DynamoThunder_cpu_None,call,0.25,111.65
before,33,test_splitter_autocast_ctx_DynamoThunder_cpu_None[dynamic],thunder/tests/test_dynamo.py::test_splitter_autocast_ctx_DynamoThunder_cpu_None[dynamic],call,0.24,111.65
before,33,test_leak_on_unsupported_thunder_operator,thunder/tests/test_dynamo.py::test_leak_on_unsupported_thunder_operator,call,0.23,111.65
before,33,test_splitter_autocast_ctx_DynamoThunder_cpu_None[static],thunder/tests/test_dynamo.py::test_splitter_autocast_ctx_DynamoThunder_cpu_None[static],call,0.22,111.65
before,33,test_splitter_autocast_ctx_DynamoThunder_cpu_None[auto],thunder/tests/test_dynamo.py::test_splitter_autocast_ctx_DynamoThunder_cpu_None[auto],call,0.22,111.65
before,33,test_thunderfx_last_traces,thunder/tests/test_dynamo.py::test_thunderfx_last_traces,call,0.16,111.65
before,33,test_spliter_bwd,thunder/tests/test_dynamo.py::test_spliter_bwd,call,0.15,111.65
before,33,test_cat_no_split_DynamoThunder_cpu_None[True],thunder/tests/test_dynamo.py::test_cat_no_split_DynamoThunder_cpu_None[True],call,0.15,111.65
before,33,test_cat_no_split_DynamoThunder_cpu_None[False],thunder/tests/test_dynamo.py::test_cat_no_split_DynamoThunder_cpu_None[False],call,0.15,111.65
before,33,test_force_skip_lazy_graph_module_DynamoThunder_cpu_None,thunder/tests/test_dynamo.py::test_force_skip_lazy_graph_module_DynamoThunder_cpu_None,call,0.15,111.65
before,33,test_method_only_registrations_DynamoThunder_cpu_None,thunder/tests/test_dynamo.py::test_method_only_registrations_DynamoThunder_cpu_None,call,0.14,111.65
before,33,test_thunderfx_meta_tensor,thunder/tests/test_dynamo.py::test_thunderfx_meta_tensor,call,0.13,111.65
before,34,test_dynamo_reproducer_split_DynamoThunder_cpu_None[benchmark],thunder/tests/test_dynamo.py::test_dynamo_reproducer_split_DynamoThunder_cpu_None[benchmark],call,29.23,111.71
before,34,test_fxreport_DynamoThunder_cpu_None[benchmark],thunder/tests/test_dynamo.py::test_fxreport_DynamoThunder_cpu_None[benchmark],call,26.05,111.71
before,34,test_dynamo_reproducer_2graph_DynamoThunder_cpu_None[benchmark],thunder/tests/test_dynamo.py::test_dynamo_reproducer_2graph_DynamoThunder_cpu_None[benchmark],call,17.63,111.71
before,34,test_fxreport_DynamoThunder_cpu_None[repro],thunder/tests/test_dynamo.py::test_fxreport_DynamoThunder_cpu_None[repro],call,11.5,111.71
before,34,test_dynamo_reproducer_split_DynamoThunder_cpu_None[repro],thunder/tests/test_dynamo.py::test_dynamo_reproducer_split_DynamoThunder_cpu_None[repro],call,9.03,111.71
before,34,test_dynamo_reproducer_2graph_DynamoThunder_cpu_None[repro],thunder/tests/test_dynamo.py::test_dynamo_reproducer_2graph_DynamoThunder_cpu_None[repro],call,6.04,111.71
before,34,test_basic_DynamoThunder_cpu_None[dynamic],thunder/tests/test_dynamo.py::test_basic_DynamoThunder_cpu_None[dynamic],call,1.65,111.71
before,34,test_basic_splitter_DynamoThunder_cpu_None[dynamic],thunder/tests/test_dynamo.py::test_basic_splitter_DynamoThunder_cpu_None[dynamic],call,1.58,111.71
before,34,test_splitter_autograd_function_DynamoThunder_cpu_None[dynamic],thunder/tests/test_dynamo.py::test_splitter_autograd_function_DynamoThunder_cpu_None[dynamic],call,0.64,111.71
before,34,test_splitter_autocast_ctx_with_graph_break_DynamoThunder_cpu_None[auto],thunder/tests/test_dynamo.py::test_splitter_autocast_ctx_with_graph_break_DynamoThunder_cpu_None[auto],call,0.61,111.71
before,34,test_splitter_autocast_ctx_with_graph_break_DynamoThunder_cpu_None[dynamic],thunder/tests/test_dynamo.py::test_splitter_autocast_ctx_with_graph_break_DynamoThunder_cpu_None[dynamic],call,0.49,111.71
before,34,test_splitter_autograd_function_DynamoThunder_cpu_None[static],thunder/tests/test_dynamo.py::test_splitter_autograd_function_DynamoThunder_cpu_None[static],call,0.47,111.71
before,34,test_splitter_autograd_function_DynamoThunder_cpu_None[auto],thunder/tests/test_dynamo.py::test_splitter_autograd_function_DynamoThunder_cpu_None[auto],call,0.47,111.71
before,34,test_no_grad_ctx_manager_DynamoThunder_cpu_None,thunder/tests/test_dynamo.py::test_no_grad_ctx_manager_DynamoThunder_cpu_None,call,0.45,111.71
before,34,test_basic_DynamoThunder_cpu_None[auto],thunder/tests/test_dynamo.py::test_basic_DynamoThunder_cpu_None[auto],call,0.42,111.71
before,34,test_where_nonzero_overload_DynamoThunder_cpu_None,thunder/tests/test_dynamo.py::test_where_nonzero_overload_DynamoThunder_cpu_None,call,0.41,111.71
before,34,test_splitter_autocast_ctx_with_graph_break_DynamoThunder_cpu_None[static],thunder/tests/test_dynamo.py::test_splitter_autocast_ctx_with_graph_break_DynamoThunder_cpu_None[static],call,0.41,111.71
before,34,test_splitter_autocast_ctx_with_split_DynamoThunder_cpu_None[dynamic],thunder/tests/test_dynamo.py::test_splitter_autocast_ctx_with_split_DynamoThunder_cpu_None[dynamic],call,0.39,111.71
before,34,test_splitter_autocast_ctx_with_split_DynamoThunder_cpu_None[static],thunder/tests/test_dynamo.py::test_splitter_autocast_ctx_with_split_DynamoThunder_cpu_None[static],call,0.33,111.71
before,34,test_splitter_autocast_ctx_with_split_DynamoThunder_cpu_None[auto],thunder/tests/test_dynamo.py::test_splitter_autocast_ctx_with_split_DynamoThunder_cpu_None[auto],call,0.33,111.71
before,34,test_basic_splitter_DynamoThunder_cpu_None[static],thunder/tests/test_dynamo.py::test_basic_splitter_DynamoThunder_cpu_None[static],call,0.32,111.71
before,34,test_basic_splitter_DynamoThunder_cpu_None[auto],thunder/tests/test_dynamo.py::test_basic_splitter_DynamoThunder_cpu_None[auto],call,0.31,111.71
before,34,test_basic_DynamoThunder_cpu_None[static],thunder/tests/test_dynamo.py::test_basic_DynamoThunder_cpu_None[static],call,0.3,111.71
before,34,test_empty_autocast,thunder/tests/test_dynamo.py::test_empty_autocast,call,0.3,111.71
before,34,test_no_grad_enabled_grad_nested_ctx_manager_DynamoThunder_cpu_None,thunder/tests/test_dynamo.py::test_no_grad_enabled_grad_nested_ctx_manager_DynamoThunder_cpu_None,call,0.25,111.71
before,34,test_splitter_autocast_ctx_DynamoThunder_cpu_None[dynamic],thunder/tests/test_dynamo.py::test_splitter_autocast_ctx_DynamoThunder_cpu_None[dynamic],call,0.24,111.71
before,34,test_leak_on_unsupported_thunder_operator,thunder/tests/test_dynamo.py::test_leak_on_unsupported_thunder_operator,call,0.23,111.71
before,34,test_splitter_autocast_ctx_DynamoThunder_cpu_None[static],thunder/tests/test_dynamo.py::test_splitter_autocast_ctx_DynamoThunder_cpu_None[static],call,0.22,111.71
before,34,test_splitter_autocast_ctx_DynamoThunder_cpu_None[auto],thunder/tests/test_dynamo.py::test_splitter_autocast_ctx_DynamoThunder_cpu_None[auto],call,0.22,111.71
before,34,test_thunderfx_last_traces,thunder/tests/test_dynamo.py::test_thunderfx_last_traces,call,0.16,111.71
before,34,test_spliter_bwd,thunder/tests/test_dynamo.py::test_spliter_bwd,call,0.16,111.71
before,34,test_cat_no_split_DynamoThunder_cpu_None[False],thunder/tests/test_dynamo.py::test_cat_no_split_DynamoThunder_cpu_None[False],call,0.15,111.71
before,34,test_cat_no_split_DynamoThunder_cpu_None[True],thunder/tests/test_dynamo.py::test_cat_no_split_DynamoThunder_cpu_None[True],call,0.15,111.71
before,34,test_force_skip_lazy_graph_module_DynamoThunder_cpu_None,thunder/tests/test_dynamo.py::test_force_skip_lazy_graph_module_DynamoThunder_cpu_None,call,0.15,111.71
before,34,test_method_only_registrations_DynamoThunder_cpu_None,thunder/tests/test_dynamo.py::test_method_only_registrations_DynamoThunder_cpu_None,call,0.14,111.71
before,34,test_thunderfx_meta_tensor,thunder/tests/test_dynamo.py::test_thunderfx_meta_tensor,call,0.13,111.71
before,35,test_dynamo_reproducer_split_DynamoThunder_cpu_None[benchmark],thunder/tests/test_dynamo.py::test_dynamo_reproducer_split_DynamoThunder_cpu_None[benchmark],call,29.19,111.64
before,35,test_fxreport_DynamoThunder_cpu_None[benchmark],thunder/tests/test_dynamo.py::test_fxreport_DynamoThunder_cpu_None[benchmark],call,26.03,111.64
before,35,test_dynamo_reproducer_2graph_DynamoThunder_cpu_None[benchmark],thunder/tests/test_dynamo.py::test_dynamo_reproducer_2graph_DynamoThunder_cpu_None[benchmark],call,17.64,111.64
before,35,test_fxreport_DynamoThunder_cpu_None[repro],thunder/tests/test_dynamo.py::test_fxreport_DynamoThunder_cpu_None[repro],call,11.54,111.64
before,35,test_dynamo_reproducer_split_DynamoThunder_cpu_None[repro],thunder/tests/test_dynamo.py::test_dynamo_reproducer_split_DynamoThunder_cpu_None[repro],call,9.01,111.64
before,35,test_dynamo_reproducer_2graph_DynamoThunder_cpu_None[repro],thunder/tests/test_dynamo.py::test_dynamo_reproducer_2graph_DynamoThunder_cpu_None[repro],call,6.0,111.64
before,35,test_basic_DynamoThunder_cpu_None[dynamic],thunder/tests/test_dynamo.py::test_basic_DynamoThunder_cpu_None[dynamic],call,1.65,111.64
before,35,test_basic_splitter_DynamoThunder_cpu_None[dynamic],thunder/tests/test_dynamo.py::test_basic_splitter_DynamoThunder_cpu_None[dynamic],call,1.59,111.64
before,35,test_where_nonzero_overload_DynamoThunder_cpu_None,thunder/tests/test_dynamo.py::test_where_nonzero_overload_DynamoThunder_cpu_None,call,0.66,111.64
before,35,test_splitter_autograd_function_DynamoThunder_cpu_None[dynamic],thunder/tests/test_dynamo.py::test_splitter_autograd_function_DynamoThunder_cpu_None[dynamic],call,0.64,111.64
before,35,test_splitter_autocast_ctx_with_graph_break_DynamoThunder_cpu_None[auto],thunder/tests/test_dynamo.py::test_splitter_autocast_ctx_with_graph_break_DynamoThunder_cpu_None[auto],call,0.63,111.64
before,35,test_splitter_autocast_ctx_with_graph_break_DynamoThunder_cpu_None[dynamic],thunder/tests/test_dynamo.py::test_splitter_autocast_ctx_with_graph_break_DynamoThunder_cpu_None[dynamic],call,0.49,111.64
before,35,test_splitter_autograd_function_DynamoThunder_cpu_None[static],thunder/tests/test_dynamo.py::test_splitter_autograd_function_DynamoThunder_cpu_None[static],call,0.47,111.64
before,35,test_splitter_autograd_function_DynamoThunder_cpu_None[auto],thunder/tests/test_dynamo.py::test_splitter_autograd_function_DynamoThunder_cpu_None[auto],call,0.46,111.64
before,35,test_basic_DynamoThunder_cpu_None[auto],thunder/tests/test_dynamo.py::test_basic_DynamoThunder_cpu_None[auto],call,0.42,111.64
before,35,test_splitter_autocast_ctx_with_graph_break_DynamoThunder_cpu_None[static],thunder/tests/test_dynamo.py::test_splitter_autocast_ctx_with_graph_break_DynamoThunder_cpu_None[static],call,0.4,111.64
before,35,test_splitter_autocast_ctx_with_split_DynamoThunder_cpu_None[dynamic],thunder/tests/test_dynamo.py::test_splitter_autocast_ctx_with_split_DynamoThunder_cpu_None[dynamic],call,0.39,111.64
before,35,test_splitter_autocast_ctx_with_split_DynamoThunder_cpu_None[static],thunder/tests/test_dynamo.py::test_splitter_autocast_ctx_with_split_DynamoThunder_cpu_None[static],call,0.33,111.64
before,35,test_splitter_autocast_ctx_with_split_DynamoThunder_cpu_None[auto],thunder/tests/test_dynamo.py::test_splitter_autocast_ctx_with_split_DynamoThunder_cpu_None[auto],call,0.33,111.64
before,35,test_basic_splitter_DynamoThunder_cpu_None[static],thunder/tests/test_dynamo.py::test_basic_splitter_DynamoThunder_cpu_None[static],call,0.32,111.64
before,35,test_basic_splitter_DynamoThunder_cpu_None[auto],thunder/tests/test_dynamo.py::test_basic_splitter_DynamoThunder_cpu_None[auto],call,0.32,111.64
before,35,test_empty_autocast,thunder/tests/test_dynamo.py::test_empty_autocast,call,0.3,111.64
before,35,test_basic_DynamoThunder_cpu_None[static],thunder/tests/test_dynamo.py::test_basic_DynamoThunder_cpu_None[static],call,0.3,111.64
before,35,test_splitter_autocast_ctx_DynamoThunder_cpu_None[dynamic],thunder/tests/test_dynamo.py::test_splitter_autocast_ctx_DynamoThunder_cpu_None[dynamic],call,0.24,111.64
before,35,test_no_grad_enabled_grad_nested_ctx_manager_DynamoThunder_cpu_None,thunder/tests/test_dynamo.py::test_no_grad_enabled_grad_nested_ctx_manager_DynamoThunder_cpu_None,call,0.24,111.64
before,35,test_leak_on_unsupported_thunder_operator,thunder/tests/test_dynamo.py::test_leak_on_unsupported_thunder_operator,call,0.23,111.64
before,35,test_splitter_autocast_ctx_DynamoThunder_cpu_None[auto],thunder/tests/test_dynamo.py::test_splitter_autocast_ctx_DynamoThunder_cpu_None[auto],call,0.22,111.64
before,35,test_splitter_autocast_ctx_DynamoThunder_cpu_None[static],thunder/tests/test_dynamo.py::test_splitter_autocast_ctx_DynamoThunder_cpu_None[static],call,0.22,111.64
before,35,test_no_grad_ctx_manager_DynamoThunder_cpu_None,thunder/tests/test_dynamo.py::test_no_grad_ctx_manager_DynamoThunder_cpu_None,call,0.2,111.64
before,35,test_thunderfx_last_traces,thunder/tests/test_dynamo.py::test_thunderfx_last_traces,call,0.16,111.64
before,35,test_spliter_bwd,thunder/tests/test_dynamo.py::test_spliter_bwd,call,0.15,111.64
before,35,test_force_skip_lazy_graph_module_DynamoThunder_cpu_None,thunder/tests/test_dynamo.py::test_force_skip_lazy_graph_module_DynamoThunder_cpu_None,call,0.15,111.64
before,35,test_cat_no_split_DynamoThunder_cpu_None[False],thunder/tests/test_dynamo.py::test_cat_no_split_DynamoThunder_cpu_None[False],call,0.15,111.64
before,35,test_cat_no_split_DynamoThunder_cpu_None[True],thunder/tests/test_dynamo.py::test_cat_no_split_DynamoThunder_cpu_None[True],call,0.15,111.64
before,35,test_method_only_registrations_DynamoThunder_cpu_None,thunder/tests/test_dynamo.py::test_method_only_registrations_DynamoThunder_cpu_None,call,0.14,111.64
before,35,test_thunderfx_meta_tensor,thunder/tests/test_dynamo.py::test_thunderfx_meta_tensor,call,0.13,111.64
before,36,test_dynamo_reproducer_split_DynamoThunder_cpu_None[benchmark],thunder/tests/test_dynamo.py::test_dynamo_reproducer_split_DynamoThunder_cpu_None[benchmark],call,29.13,111.64
before,36,test_fxreport_DynamoThunder_cpu_None[benchmark],thunder/tests/test_dynamo.py::test_fxreport_DynamoThunder_cpu_None[benchmark],call,26.03,111.64
before,36,test_dynamo_reproducer_2graph_DynamoThunder_cpu_None[benchmark],thunder/tests/test_dynamo.py::test_dynamo_reproducer_2graph_DynamoThunder_cpu_None[benchmark],call,17.62,111.64
before,36,test_fxreport_DynamoThunder_cpu_None[repro],thunder/tests/test_dynamo.py::test_fxreport_DynamoThunder_cpu_None[repro],call,11.52,111.64
before,36,test_dynamo_reproducer_split_DynamoThunder_cpu_None[repro],thunder/tests/test_dynamo.py::test_dynamo_reproducer_split_DynamoThunder_cpu_None[repro],call,9.05,111.64
before,36,test_dynamo_reproducer_2graph_DynamoThunder_cpu_None[repro],thunder/tests/test_dynamo.py::test_dynamo_reproducer_2graph_DynamoThunder_cpu_None[repro],call,6.0,111.64
before,36,test_basic_DynamoThunder_cpu_None[dynamic],thunder/tests/test_dynamo.py::test_basic_DynamoThunder_cpu_None[dynamic],call,1.65,111.64
before,36,test_basic_splitter_DynamoThunder_cpu_None[dynamic],thunder/tests/test_dynamo.py::test_basic_splitter_DynamoThunder_cpu_None[dynamic],call,1.6,111.64
before,36,test_splitter_autograd_function_DynamoThunder_cpu_None[dynamic],thunder/tests/test_dynamo.py::test_splitter_autograd_function_DynamoThunder_cpu_None[dynamic],call,0.65,111.64
before,36,test_splitter_autocast_ctx_with_graph_break_DynamoThunder_cpu_None[auto],thunder/tests/test_dynamo.py::test_splitter_autocast_ctx_with_graph_break_DynamoThunder_cpu_None[auto],call,0.62,111.64
before,36,test_splitter_autocast_ctx_with_graph_break_DynamoThunder_cpu_None[dynamic],thunder/tests/test_dynamo.py::test_splitter_autocast_ctx_with_graph_break_DynamoThunder_cpu_None[dynamic],call,0.5,111.64
before,36,test_splitter_autograd_function_DynamoThunder_cpu_None[static],thunder/tests/test_dynamo.py::test_splitter_autograd_function_DynamoThunder_cpu_None[static],call,0.47,111.64
before,36,test_splitter_autograd_function_DynamoThunder_cpu_None[auto],thunder/tests/test_dynamo.py::test_splitter_autograd_function_DynamoThunder_cpu_None[auto],call,0.47,111.64
before,36,test_no_grad_ctx_manager_DynamoThunder_cpu_None,thunder/tests/test_dynamo.py::test_no_grad_ctx_manager_DynamoThunder_cpu_None,call,0.45,111.64
before,36,test_basic_DynamoThunder_cpu_None[auto],thunder/tests/test_dynamo.py::test_basic_DynamoThunder_cpu_None[auto],call,0.42,111.64
before,36,test_splitter_autocast_ctx_with_graph_break_DynamoThunder_cpu_None[static],thunder/tests/test_dynamo.py::test_splitter_autocast_ctx_with_graph_break_DynamoThunder_cpu_None[static],call,0.41,111.64
before,36,test_where_nonzero_overload_DynamoThunder_cpu_None,thunder/tests/test_dynamo.py::test_where_nonzero_overload_DynamoThunder_cpu_None,call,0.41,111.64
before,36,test_splitter_autocast_ctx_with_split_DynamoThunder_cpu_None[dynamic],thunder/tests/test_dynamo.py::test_splitter_autocast_ctx_with_split_DynamoThunder_cpu_None[dynamic],call,0.39,111.64
before,36,test_splitter_autocast_ctx_with_split_DynamoThunder_cpu_None[static],thunder/tests/test_dynamo.py::test_splitter_autocast_ctx_with_split_DynamoThunder_cpu_None[static],call,0.33,111.64
before,36,test_splitter_autocast_ctx_with_split_DynamoThunder_cpu_None[auto],thunder/tests/test_dynamo.py::test_splitter_autocast_ctx_with_split_DynamoThunder_cpu_None[auto],call,0.33,111.64
before,36,test_basic_splitter_DynamoThunder_cpu_None[static],thunder/tests/test_dynamo.py::test_basic_splitter_DynamoThunder_cpu_None[static],call,0.32,111.64
before,36,test_basic_splitter_DynamoThunder_cpu_None[auto],thunder/tests/test_dynamo.py::test_basic_splitter_DynamoThunder_cpu_None[auto],call,0.32,111.64
before,36,test_basic_DynamoThunder_cpu_None[static],thunder/tests/test_dynamo.py::test_basic_DynamoThunder_cpu_None[static],call,0.3,111.64
before,36,test_empty_autocast,thunder/tests/test_dynamo.py::test_empty_autocast,call,0.3,111.64
before,36,test_no_grad_enabled_grad_nested_ctx_manager_DynamoThunder_cpu_None,thunder/tests/test_dynamo.py::test_no_grad_enabled_grad_nested_ctx_manager_DynamoThunder_cpu_None,call,0.24,111.64
before,36,test_splitter_autocast_ctx_DynamoThunder_cpu_None[dynamic],thunder/tests/test_dynamo.py::test_splitter_autocast_ctx_DynamoThunder_cpu_None[dynamic],call,0.24,111.64
before,36,test_leak_on_unsupported_thunder_operator,thunder/tests/test_dynamo.py::test_leak_on_unsupported_thunder_operator,call,0.23,111.64
before,36,test_splitter_autocast_ctx_DynamoThunder_cpu_None[auto],thunder/tests/test_dynamo.py::test_splitter_autocast_ctx_DynamoThunder_cpu_None[auto],call,0.22,111.64
before,36,test_splitter_autocast_ctx_DynamoThunder_cpu_None[static],thunder/tests/test_dynamo.py::test_splitter_autocast_ctx_DynamoThunder_cpu_None[static],call,0.22,111.64
before,36,test_thunderfx_last_traces,thunder/tests/test_dynamo.py::test_thunderfx_last_traces,call,0.16,111.64
before,36,test_spliter_bwd,thunder/tests/test_dynamo.py::test_spliter_bwd,call,0.16,111.64
before,36,test_cat_no_split_DynamoThunder_cpu_None[False],thunder/tests/test_dynamo.py::test_cat_no_split_DynamoThunder_cpu_None[False],call,0.15,111.64
before,36,test_cat_no_split_DynamoThunder_cpu_None[True],thunder/tests/test_dynamo.py::test_cat_no_split_DynamoThunder_cpu_None[True],call,0.15,111.64
before,36,test_force_skip_lazy_graph_module_DynamoThunder_cpu_None,thunder/tests/test_dynamo.py::test_force_skip_lazy_graph_module_DynamoThunder_cpu_None,call,0.15,111.64
before,36,test_method_only_registrations_DynamoThunder_cpu_None,thunder/tests/test_dynamo.py::test_method_only_registrations_DynamoThunder_cpu_None,call,0.14,111.64
before,36,test_thunderfx_meta_tensor,thunder/tests/test_dynamo.py::test_thunderfx_meta_tensor,call,0.13,111.64
before,37,test_dynamo_reproducer_split_DynamoThunder_cpu_None[benchmark],thunder/tests/test_dynamo.py::test_dynamo_reproducer_split_DynamoThunder_cpu_None[benchmark],call,29.15,111.82
before,37,test_fxreport_DynamoThunder_cpu_None[benchmark],thunder/tests/test_dynamo.py::test_fxreport_DynamoThunder_cpu_None[benchmark],call,26.1,111.82
before,37,test_dynamo_reproducer_2graph_DynamoThunder_cpu_None[benchmark],thunder/tests/test_dynamo.py::test_dynamo_reproducer_2graph_DynamoThunder_cpu_None[benchmark],call,17.69,111.82
before,37,test_fxreport_DynamoThunder_cpu_None[repro],thunder/tests/test_dynamo.py::test_fxreport_DynamoThunder_cpu_None[repro],call,11.56,111.82
before,37,test_dynamo_reproducer_split_DynamoThunder_cpu_None[repro],thunder/tests/test_dynamo.py::test_dynamo_reproducer_split_DynamoThunder_cpu_None[repro],call,9.05,111.82
before,37,test_dynamo_reproducer_2graph_DynamoThunder_cpu_None[repro],thunder/tests/test_dynamo.py::test_dynamo_reproducer_2graph_DynamoThunder_cpu_None[repro],call,6.02,111.82
before,37,test_basic_DynamoThunder_cpu_None[dynamic],thunder/tests/test_dynamo.py::test_basic_DynamoThunder_cpu_None[dynamic],call,1.66,111.82
before,37,test_basic_splitter_DynamoThunder_cpu_None[dynamic],thunder/tests/test_dynamo.py::test_basic_splitter_DynamoThunder_cpu_None[dynamic],call,1.58,111.82
before,37,test_splitter_autograd_function_DynamoThunder_cpu_None[dynamic],thunder/tests/test_dynamo.py::test_splitter_autograd_function_DynamoThunder_cpu_None[dynamic],call,0.63,111.82
before,37,test_splitter_autocast_ctx_with_graph_break_DynamoThunder_cpu_None[auto],thunder/tests/test_dynamo.py::test_splitter_autocast_ctx_with_graph_break_DynamoThunder_cpu_None[auto],call,0.61,111.82
before,37,test_splitter_autocast_ctx_with_graph_break_DynamoThunder_cpu_None[dynamic],thunder/tests/test_dynamo.py::test_splitter_autocast_ctx_with_graph_break_DynamoThunder_cpu_None[dynamic],call,0.5,111.82
before,37,test_no_grad_enabled_grad_nested_ctx_manager_DynamoThunder_cpu_None,thunder/tests/test_dynamo.py::test_no_grad_enabled_grad_nested_ctx_manager_DynamoThunder_cpu_None,call,0.49,111.82
before,37,test_splitter_autograd_function_DynamoThunder_cpu_None[static],thunder/tests/test_dynamo.py::test_splitter_autograd_function_DynamoThunder_cpu_None[static],call,0.47,111.82
before,37,test_splitter_autograd_function_DynamoThunder_cpu_None[auto],thunder/tests/test_dynamo.py::test_splitter_autograd_function_DynamoThunder_cpu_None[auto],call,0.47,111.82
before,37,test_basic_DynamoThunder_cpu_None[auto],thunder/tests/test_dynamo.py::test_basic_DynamoThunder_cpu_None[auto],call,0.42,111.82
before,37,test_splitter_autocast_ctx_with_graph_break_DynamoThunder_cpu_None[static],thunder/tests/test_dynamo.py::test_splitter_autocast_ctx_with_graph_break_DynamoThunder_cpu_None[static],call,0.42,111.82
before,37,test_where_nonzero_overload_DynamoThunder_cpu_None,thunder/tests/test_dynamo.py::test_where_nonzero_overload_DynamoThunder_cpu_None,call,0.41,111.82
before,37,test_splitter_autocast_ctx_with_split_DynamoThunder_cpu_None[dynamic],thunder/tests/test_dynamo.py::test_splitter_autocast_ctx_with_split_DynamoThunder_cpu_None[dynamic],call,0.39,111.82
before,37,test_splitter_autocast_ctx_with_split_DynamoThunder_cpu_None[static],thunder/tests/test_dynamo.py::test_splitter_autocast_ctx_with_split_DynamoThunder_cpu_None[static],call,0.34,111.82
before,37,test_splitter_autocast_ctx_with_split_DynamoThunder_cpu_None[auto],thunder/tests/test_dynamo.py::test_splitter_autocast_ctx_with_split_DynamoThunder_cpu_None[auto],call,0.33,111.82
before,37,test_basic_splitter_DynamoThunder_cpu_None[static],thunder/tests/test_dynamo.py::test_basic_splitter_DynamoThunder_cpu_None[static],call,0.32,111.82
before,37,test_basic_splitter_DynamoThunder_cpu_None[auto],thunder/tests/test_dynamo.py::test_basic_splitter_DynamoThunder_cpu_None[auto],call,0.32,111.82
before,37,test_basic_DynamoThunder_cpu_None[static],thunder/tests/test_dynamo.py::test_basic_DynamoThunder_cpu_None[static],call,0.3,111.82
before,37,test_empty_autocast,thunder/tests/test_dynamo.py::test_empty_autocast,call,0.3,111.82
before,37,test_splitter_autocast_ctx_DynamoThunder_cpu_None[dynamic],thunder/tests/test_dynamo.py::test_splitter_autocast_ctx_DynamoThunder_cpu_None[dynamic],call,0.24,111.82
before,37,test_leak_on_unsupported_thunder_operator,thunder/tests/test_dynamo.py::test_leak_on_unsupported_thunder_operator,call,0.23,111.82
before,37,test_splitter_autocast_ctx_DynamoThunder_cpu_None[auto],thunder/tests/test_dynamo.py::test_splitter_autocast_ctx_DynamoThunder_cpu_None[auto],call,0.23,111.82
before,37,test_splitter_autocast_ctx_DynamoThunder_cpu_None[static],thunder/tests/test_dynamo.py::test_splitter_autocast_ctx_DynamoThunder_cpu_None[static],call,0.22,111.82
before,37,test_no_grad_ctx_manager_DynamoThunder_cpu_None,thunder/tests/test_dynamo.py::test_no_grad_ctx_manager_DynamoThunder_cpu_None,call,0.2,111.82
before,37,test_thunderfx_last_traces,thunder/tests/test_dynamo.py::test_thunderfx_last_traces,call,0.16,111.82
before,37,test_spliter_bwd,thunder/tests/test_dynamo.py::test_spliter_bwd,call,0.15,111.82
before,37,test_force_skip_lazy_graph_module_DynamoThunder_cpu_None,thunder/tests/test_dynamo.py::test_force_skip_lazy_graph_module_DynamoThunder_cpu_None,call,0.15,111.82
before,37,test_cat_no_split_DynamoThunder_cpu_None[True],thunder/tests/test_dynamo.py::test_cat_no_split_DynamoThunder_cpu_None[True],call,0.15,111.82
before,37,test_cat_no_split_DynamoThunder_cpu_None[False],thunder/tests/test_dynamo.py::test_cat_no_split_DynamoThunder_cpu_None[False],call,0.15,111.82
before,37,test_method_only_registrations_DynamoThunder_cpu_None,thunder/tests/test_dynamo.py::test_method_only_registrations_DynamoThunder_cpu_None,call,0.14,111.82
before,37,test_thunderfx_meta_tensor,thunder/tests/test_dynamo.py::test_thunderfx_meta_tensor,call,0.13,111.82
before,38,test_dynamo_reproducer_split_DynamoThunder_cpu_None[benchmark],thunder/tests/test_dynamo.py::test_dynamo_reproducer_split_DynamoThunder_cpu_None[benchmark],call,29.14,111.7
before,38,test_fxreport_DynamoThunder_cpu_None[benchmark],thunder/tests/test_dynamo.py::test_fxreport_DynamoThunder_cpu_None[benchmark],call,26.03,111.7
before,38,test_dynamo_reproducer_2graph_DynamoThunder_cpu_None[benchmark],thunder/tests/test_dynamo.py::test_dynamo_reproducer_2graph_DynamoThunder_cpu_None[benchmark],call,17.64,111.7
before,38,test_fxreport_DynamoThunder_cpu_None[repro],thunder/tests/test_dynamo.py::test_fxreport_DynamoThunder_cpu_None[repro],call,11.54,111.7
before,38,test_dynamo_reproducer_split_DynamoThunder_cpu_None[repro],thunder/tests/test_dynamo.py::test_dynamo_reproducer_split_DynamoThunder_cpu_None[repro],call,9.06,111.7
before,38,test_dynamo_reproducer_2graph_DynamoThunder_cpu_None[repro],thunder/tests/test_dynamo.py::test_dynamo_reproducer_2graph_DynamoThunder_cpu_None[repro],call,6.04,111.7
before,38,test_basic_DynamoThunder_cpu_None[dynamic],thunder/tests/test_dynamo.py::test_basic_DynamoThunder_cpu_None[dynamic],call,1.65,111.7
before,38,test_basic_splitter_DynamoThunder_cpu_None[dynamic],thunder/tests/test_dynamo.py::test_basic_splitter_DynamoThunder_cpu_None[dynamic],call,1.59,111.7
before,38,test_splitter_autograd_function_DynamoThunder_cpu_None[dynamic],thunder/tests/test_dynamo.py::test_splitter_autograd_function_DynamoThunder_cpu_None[dynamic],call,0.64,111.7
before,38,test_splitter_autocast_ctx_with_graph_break_DynamoThunder_cpu_None[auto],thunder/tests/test_dynamo.py::test_splitter_autocast_ctx_with_graph_break_DynamoThunder_cpu_None[auto],call,0.62,111.7
before,38,test_splitter_autocast_ctx_with_graph_break_DynamoThunder_cpu_None[dynamic],thunder/tests/test_dynamo.py::test_splitter_autocast_ctx_with_graph_break_DynamoThunder_cpu_None[dynamic],call,0.5,111.7
before,38,test_splitter_autograd_function_DynamoThunder_cpu_None[static],thunder/tests/test_dynamo.py::test_splitter_autograd_function_DynamoThunder_cpu_None[static],call,0.47,111.7
before,38,test_splitter_autograd_function_DynamoThunder_cpu_None[auto],thunder/tests/test_dynamo.py::test_splitter_autograd_function_DynamoThunder_cpu_None[auto],call,0.47,111.7
before,38,test_no_grad_ctx_manager_DynamoThunder_cpu_None,thunder/tests/test_dynamo.py::test_no_grad_ctx_manager_DynamoThunder_cpu_None,call,0.44,111.7
before,38,test_basic_DynamoThunder_cpu_None[auto],thunder/tests/test_dynamo.py::test_basic_DynamoThunder_cpu_None[auto],call,0.42,111.7
before,38,test_splitter_autocast_ctx_with_graph_break_DynamoThunder_cpu_None[static],thunder/tests/test_dynamo.py::test_splitter_autocast_ctx_with_graph_break_DynamoThunder_cpu_None[static],call,0.41,111.7
before,38,test_where_nonzero_overload_DynamoThunder_cpu_None,thunder/tests/test_dynamo.py::test_where_nonzero_overload_DynamoThunder_cpu_None,call,0.41,111.7
before,38,test_splitter_autocast_ctx_with_split_DynamoThunder_cpu_None[dynamic],thunder/tests/test_dynamo.py::test_splitter_autocast_ctx_with_split_DynamoThunder_cpu_None[dynamic],call,0.38,111.7
before,38,test_splitter_autocast_ctx_with_split_DynamoThunder_cpu_None[static],thunder/tests/test_dynamo.py::test_splitter_autocast_ctx_with_split_DynamoThunder_cpu_None[static],call,0.33,111.7
before,38,test_splitter_autocast_ctx_with_split_DynamoThunder_cpu_None[auto],thunder/tests/test_dynamo.py::test_splitter_autocast_ctx_with_split_DynamoThunder_cpu_None[auto],call,0.33,111.7
before,38,test_basic_splitter_DynamoThunder_cpu_None[static],thunder/tests/test_dynamo.py::test_basic_splitter_DynamoThunder_cpu_None[static],call,0.32,111.7
before,38,test_basic_splitter_DynamoThunder_cpu_None[auto],thunder/tests/test_dynamo.py::test_basic_splitter_DynamoThunder_cpu_None[auto],call,0.32,111.7
before,38,test_empty_autocast,thunder/tests/test_dynamo.py::test_empty_autocast,call,0.3,111.7
before,38,test_basic_DynamoThunder_cpu_None[static],thunder/tests/test_dynamo.py::test_basic_DynamoThunder_cpu_None[static],call,0.29,111.7
before,38,test_splitter_autocast_ctx_DynamoThunder_cpu_None[dynamic],thunder/tests/test_dynamo.py::test_splitter_autocast_ctx_DynamoThunder_cpu_None[dynamic],call,0.25,111.7
before,38,test_no_grad_enabled_grad_nested_ctx_manager_DynamoThunder_cpu_None,thunder/tests/test_dynamo.py::test_no_grad_enabled_grad_nested_ctx_manager_DynamoThunder_cpu_None,call,0.25,111.7
before,38,test_leak_on_unsupported_thunder_operator,thunder/tests/test_dynamo.py::test_leak_on_unsupported_thunder_operator,call,0.23,111.7
before,38,test_splitter_autocast_ctx_DynamoThunder_cpu_None[static],thunder/tests/test_dynamo.py::test_splitter_autocast_ctx_DynamoThunder_cpu_None[static],call,0.22,111.7
before,38,test_splitter_autocast_ctx_DynamoThunder_cpu_None[auto],thunder/tests/test_dynamo.py::test_splitter_autocast_ctx_DynamoThunder_cpu_None[auto],call,0.22,111.7
before,38,test_thunderfx_last_traces,thunder/tests/test_dynamo.py::test_thunderfx_last_traces,call,0.16,111.7
before,38,test_spliter_bwd,thunder/tests/test_dynamo.py::test_spliter_bwd,call,0.15,111.7
before,38,test_cat_no_split_DynamoThunder_cpu_None[True],thunder/tests/test_dynamo.py::test_cat_no_split_DynamoThunder_cpu_None[True],call,0.15,111.7
before,38,test_force_skip_lazy_graph_module_DynamoThunder_cpu_None,thunder/tests/test_dynamo.py::test_force_skip_lazy_graph_module_DynamoThunder_cpu_None,call,0.15,111.7
before,38,test_cat_no_split_DynamoThunder_cpu_None[False],thunder/tests/test_dynamo.py::test_cat_no_split_DynamoThunder_cpu_None[False],call,0.15,111.7
before,38,test_method_only_registrations_DynamoThunder_cpu_None,thunder/tests/test_dynamo.py::test_method_only_registrations_DynamoThunder_cpu_None,call,0.14,111.7
before,38,test_thunderfx_meta_tensor,thunder/tests/test_dynamo.py::test_thunderfx_meta_tensor,call,0.13,111.7
before,39,test_dynamo_reproducer_split_DynamoThunder_cpu_None[benchmark],thunder/tests/test_dynamo.py::test_dynamo_reproducer_split_DynamoThunder_cpu_None[benchmark],call,29.23,111.87
before,39,test_fxreport_DynamoThunder_cpu_None[benchmark],thunder/tests/test_dynamo.py::test_fxreport_DynamoThunder_cpu_None[benchmark],call,26.04,111.87
before,39,test_dynamo_reproducer_2graph_DynamoThunder_cpu_None[benchmark],thunder/tests/test_dynamo.py::test_dynamo_reproducer_2graph_DynamoThunder_cpu_None[benchmark],call,17.71,111.87
before,39,test_fxreport_DynamoThunder_cpu_None[repro],thunder/tests/test_dynamo.py::test_fxreport_DynamoThunder_cpu_None[repro],call,11.56,111.87
before,39,test_dynamo_reproducer_split_DynamoThunder_cpu_None[repro],thunder/tests/test_dynamo.py::test_dynamo_reproducer_split_DynamoThunder_cpu_None[repro],call,9.05,111.87
before,39,test_dynamo_reproducer_2graph_DynamoThunder_cpu_None[repro],thunder/tests/test_dynamo.py::test_dynamo_reproducer_2graph_DynamoThunder_cpu_None[repro],call,6.0,111.87
before,39,test_basic_DynamoThunder_cpu_None[dynamic],thunder/tests/test_dynamo.py::test_basic_DynamoThunder_cpu_None[dynamic],call,1.65,111.87
before,39,test_basic_splitter_DynamoThunder_cpu_None[dynamic],thunder/tests/test_dynamo.py::test_basic_splitter_DynamoThunder_cpu_None[dynamic],call,1.58,111.87
before,39,test_splitter_autograd_function_DynamoThunder_cpu_None[dynamic],thunder/tests/test_dynamo.py::test_splitter_autograd_function_DynamoThunder_cpu_None[dynamic],call,0.65,111.87
before,39,test_splitter_autocast_ctx_with_graph_break_DynamoThunder_cpu_None[auto],thunder/tests/test_dynamo.py::test_splitter_autocast_ctx_with_graph_break_DynamoThunder_cpu_None[auto],call,0.62,111.87
before,39,test_splitter_autocast_ctx_with_graph_break_DynamoThunder_cpu_None[dynamic],thunder/tests/test_dynamo.py::test_splitter_autocast_ctx_with_graph_break_DynamoThunder_cpu_None[dynamic],call,0.5,111.87
before,39,test_splitter_autograd_function_DynamoThunder_cpu_None[static],thunder/tests/test_dynamo.py::test_splitter_autograd_function_DynamoThunder_cpu_None[static],call,0.48,111.87
before,39,test_splitter_autograd_function_DynamoThunder_cpu_None[auto],thunder/tests/test_dynamo.py::test_splitter_autograd_function_DynamoThunder_cpu_None[auto],call,0.47,111.87
before,39,test_no_grad_ctx_manager_DynamoThunder_cpu_None,thunder/tests/test_dynamo.py::test_no_grad_ctx_manager_DynamoThunder_cpu_None,call,0.45,111.87
before,39,test_basic_DynamoThunder_cpu_None[auto],thunder/tests/test_dynamo.py::test_basic_DynamoThunder_cpu_None[auto],call,0.42,111.87
before,39,test_where_nonzero_overload_DynamoThunder_cpu_None,thunder/tests/test_dynamo.py::test_where_nonzero_overload_DynamoThunder_cpu_None,call,0.41,111.87
before,39,test_splitter_autocast_ctx_with_graph_break_DynamoThunder_cpu_None[static],thunder/tests/test_dynamo.py::test_splitter_autocast_ctx_with_graph_break_DynamoThunder_cpu_None[static],call,0.41,111.87
before,39,test_splitter_autocast_ctx_with_split_DynamoThunder_cpu_None[dynamic],thunder/tests/test_dynamo.py::test_splitter_autocast_ctx_with_split_DynamoThunder_cpu_None[dynamic],call,0.39,111.87
before,39,test_splitter_autocast_ctx_with_split_DynamoThunder_cpu_None[static],thunder/tests/test_dynamo.py::test_splitter_autocast_ctx_with_split_DynamoThunder_cpu_None[static],call,0.36,111.87
before,39,test_splitter_autocast_ctx_with_split_DynamoThunder_cpu_None[auto],thunder/tests/test_dynamo.py::test_splitter_autocast_ctx_with_split_DynamoThunder_cpu_None[auto],call,0.33,111.87
before,39,test_basic_splitter_DynamoThunder_cpu_None[auto],thunder/tests/test_dynamo.py::test_basic_splitter_DynamoThunder_cpu_None[auto],call,0.32,111.87
before,39,test_basic_splitter_DynamoThunder_cpu_None[static],thunder/tests/test_dynamo.py::test_basic_splitter_DynamoThunder_cpu_None[static],call,0.32,111.87
before,39,test_basic_DynamoThunder_cpu_None[static],thunder/tests/test_dynamo.py::test_basic_DynamoThunder_cpu_None[static],call,0.3,111.87
before,39,test_empty_autocast,thunder/tests/test_dynamo.py::test_empty_autocast,call,0.3,111.87
before,39,test_no_grad_enabled_grad_nested_ctx_manager_DynamoThunder_cpu_None,thunder/tests/test_dynamo.py::test_no_grad_enabled_grad_nested_ctx_manager_DynamoThunder_cpu_None,call,0.25,111.87
before,39,test_splitter_autocast_ctx_DynamoThunder_cpu_None[dynamic],thunder/tests/test_dynamo.py::test_splitter_autocast_ctx_DynamoThunder_cpu_None[dynamic],call,0.24,111.87
before,39,test_leak_on_unsupported_thunder_operator,thunder/tests/test_dynamo.py::test_leak_on_unsupported_thunder_operator,call,0.23,111.87
before,39,test_splitter_autocast_ctx_DynamoThunder_cpu_None[auto],thunder/tests/test_dynamo.py::test_splitter_autocast_ctx_DynamoThunder_cpu_None[auto],call,0.22,111.87
before,39,test_splitter_autocast_ctx_DynamoThunder_cpu_None[static],thunder/tests/test_dynamo.py::test_splitter_autocast_ctx_DynamoThunder_cpu_None[static],call,0.22,111.87
before,39,test_thunderfx_last_traces,thunder/tests/test_dynamo.py::test_thunderfx_last_traces,call,0.16,111.87
before,39,test_spliter_bwd,thunder/tests/test_dynamo.py::test_spliter_bwd,call,0.15,111.87
before,39,test_cat_no_split_DynamoThunder_cpu_None[False],thunder/tests/test_dynamo.py::test_cat_no_split_DynamoThunder_cpu_None[False],call,0.15,111.87
before,39,test_force_skip_lazy_graph_module_DynamoThunder_cpu_None,thunder/tests/test_dynamo.py::test_force_skip_lazy_graph_module_DynamoThunder_cpu_None,call,0.15,111.87
before,39,test_cat_no_split_DynamoThunder_cpu_None[True],thunder/tests/test_dynamo.py::test_cat_no_split_DynamoThunder_cpu_None[True],call,0.15,111.87
before,39,test_method_only_registrations_DynamoThunder_cpu_None,thunder/tests/test_dynamo.py::test_method_only_registrations_DynamoThunder_cpu_None,call,0.14,111.87
before,39,test_thunderfx_meta_tensor,thunder/tests/test_dynamo.py::test_thunderfx_meta_tensor,call,0.13,111.87
before,40,test_dynamo_reproducer_split_DynamoThunder_cpu_None[benchmark],thunder/tests/test_dynamo.py::test_dynamo_reproducer_split_DynamoThunder_cpu_None[benchmark],call,29.2,111.67
before,40,test_fxreport_DynamoThunder_cpu_None[benchmark],thunder/tests/test_dynamo.py::test_fxreport_DynamoThunder_cpu_None[benchmark],call,26.01,111.67
before,40,test_dynamo_reproducer_2graph_DynamoThunder_cpu_None[benchmark],thunder/tests/test_dynamo.py::test_dynamo_reproducer_2graph_DynamoThunder_cpu_None[benchmark],call,17.63,111.67
before,40,test_fxreport_DynamoThunder_cpu_None[repro],thunder/tests/test_dynamo.py::test_fxreport_DynamoThunder_cpu_None[repro],call,11.52,111.67
before,40,test_dynamo_reproducer_split_DynamoThunder_cpu_None[repro],thunder/tests/test_dynamo.py::test_dynamo_reproducer_split_DynamoThunder_cpu_None[repro],call,9.08,111.67
before,40,test_dynamo_reproducer_2graph_DynamoThunder_cpu_None[repro],thunder/tests/test_dynamo.py::test_dynamo_reproducer_2graph_DynamoThunder_cpu_None[repro],call,6.02,111.67
before,40,test_basic_DynamoThunder_cpu_None[dynamic],thunder/tests/test_dynamo.py::test_basic_DynamoThunder_cpu_None[dynamic],call,1.65,111.67
before,40,test_basic_splitter_DynamoThunder_cpu_None[dynamic],thunder/tests/test_dynamo.py::test_basic_splitter_DynamoThunder_cpu_None[dynamic],call,1.59,111.67
before,40,test_splitter_autograd_function_DynamoThunder_cpu_None[dynamic],thunder/tests/test_dynamo.py::test_splitter_autograd_function_DynamoThunder_cpu_None[dynamic],call,0.64,111.67
before,40,test_splitter_autocast_ctx_with_graph_break_DynamoThunder_cpu_None[auto],thunder/tests/test_dynamo.py::test_splitter_autocast_ctx_with_graph_break_DynamoThunder_cpu_None[auto],call,0.61,111.67
before,40,test_splitter_autocast_ctx_with_graph_break_DynamoThunder_cpu_None[dynamic],thunder/tests/test_dynamo.py::test_splitter_autocast_ctx_with_graph_break_DynamoThunder_cpu_None[dynamic],call,0.48,111.67
before,40,test_splitter_autograd_function_DynamoThunder_cpu_None[static],thunder/tests/test_dynamo.py::test_splitter_autograd_function_DynamoThunder_cpu_None[static],call,0.46,111.67
before,40,test_splitter_autograd_function_DynamoThunder_cpu_None[auto],thunder/tests/test_dynamo.py::test_splitter_autograd_function_DynamoThunder_cpu_None[auto],call,0.46,111.67
before,40,test_no_grad_ctx_manager_DynamoThunder_cpu_None,thunder/tests/test_dynamo.py::test_no_grad_ctx_manager_DynamoThunder_cpu_None,call,0.44,111.67
before,40,test_basic_DynamoThunder_cpu_None[auto],thunder/tests/test_dynamo.py::test_basic_DynamoThunder_cpu_None[auto],call,0.43,111.67
before,40,test_where_nonzero_overload_DynamoThunder_cpu_None,thunder/tests/test_dynamo.py::test_where_nonzero_overload_DynamoThunder_cpu_None,call,0.4,111.67
before,40,test_splitter_autocast_ctx_with_graph_break_DynamoThunder_cpu_None[static],thunder/tests/test_dynamo.py::test_splitter_autocast_ctx_with_graph_break_DynamoThunder_cpu_None[static],call,0.4,111.67
before,40,test_splitter_autocast_ctx_with_split_DynamoThunder_cpu_None[dynamic],thunder/tests/test_dynamo.py::test_splitter_autocast_ctx_with_split_DynamoThunder_cpu_None[dynamic],call,0.38,111.67
before,40,test_splitter_autocast_ctx_with_split_DynamoThunder_cpu_None[static],thunder/tests/test_dynamo.py::test_splitter_autocast_ctx_with_split_DynamoThunder_cpu_None[static],call,0.33,111.67
before,40,test_splitter_autocast_ctx_with_split_DynamoThunder_cpu_None[auto],thunder/tests/test_dynamo.py::test_splitter_autocast_ctx_with_split_DynamoThunder_cpu_None[auto],call,0.33,111.67
before,40,test_basic_splitter_DynamoThunder_cpu_None[static],thunder/tests/test_dynamo.py::test_basic_splitter_DynamoThunder_cpu_None[static],call,0.32,111.67
before,40,test_basic_splitter_DynamoThunder_cpu_None[auto],thunder/tests/test_dynamo.py::test_basic_splitter_DynamoThunder_cpu_None[auto],call,0.31,111.67
before,40,test_basic_DynamoThunder_cpu_None[static],thunder/tests/test_dynamo.py::test_basic_DynamoThunder_cpu_None[static],call,0.3,111.67
before,40,test_empty_autocast,thunder/tests/test_dynamo.py::test_empty_autocast,call,0.29,111.67
before,40,test_no_grad_enabled_grad_nested_ctx_manager_DynamoThunder_cpu_None,thunder/tests/test_dynamo.py::test_no_grad_enabled_grad_nested_ctx_manager_DynamoThunder_cpu_None,call,0.24,111.67
before,40,test_splitter_autocast_ctx_DynamoThunder_cpu_None[dynamic],thunder/tests/test_dynamo.py::test_splitter_autocast_ctx_DynamoThunder_cpu_None[dynamic],call,0.24,111.67
before,40,test_leak_on_unsupported_thunder_operator,thunder/tests/test_dynamo.py::test_leak_on_unsupported_thunder_operator,call,0.23,111.67
before,40,test_splitter_autocast_ctx_DynamoThunder_cpu_None[static],thunder/tests/test_dynamo.py::test_splitter_autocast_ctx_DynamoThunder_cpu_None[static],call,0.22,111.67
before,40,test_splitter_autocast_ctx_DynamoThunder_cpu_None[auto],thunder/tests/test_dynamo.py::test_splitter_autocast_ctx_DynamoThunder_cpu_None[auto],call,0.22,111.67
before,40,test_thunderfx_last_traces,thunder/tests/test_dynamo.py::test_thunderfx_last_traces,call,0.16,111.67
before,40,test_spliter_bwd,thunder/tests/test_dynamo.py::test_spliter_bwd,call,0.15,111.67
before,40,test_cat_no_split_DynamoThunder_cpu_None[False],thunder/tests/test_dynamo.py::test_cat_no_split_DynamoThunder_cpu_None[False],call,0.15,111.67
before,40,test_cat_no_split_DynamoThunder_cpu_None[True],thunder/tests/test_dynamo.py::test_cat_no_split_DynamoThunder_cpu_None[True],call,0.14,111.67
before,40,test_force_skip_lazy_graph_module_DynamoThunder_cpu_None,thunder/tests/test_dynamo.py::test_force_skip_lazy_graph_module_DynamoThunder_cpu_None,call,0.14,111.67
before,40,test_method_only_registrations_DynamoThunder_cpu_None,thunder/tests/test_dynamo.py::test_method_only_registrations_DynamoThunder_cpu_None,call,0.14,111.67
before,40,test_thunderfx_meta_tensor,thunder/tests/test_dynamo.py::test_thunderfx_meta_tensor,call,0.13,111.67
before,40,test_dynamo_reproducer_submodules[benchmark],thunder/tests/test_dynamo.py::test_dynamo_reproducer_submodules[benchmark],setup,0.03,111.67
after,1,test_fxreport_DynamoThunder_cpu_None[benchmark],thunder/tests/test_dynamo.py::test_fxreport_DynamoThunder_cpu_None[benchmark],call,26.01,100.31
after,1,test_dynamo_reproducer_split_DynamoThunder_cpu_None[benchmark],thunder/tests/test_dynamo.py::test_dynamo_reproducer_split_DynamoThunder_cpu_None[benchmark],call,19.75,100.31
after,1,test_dynamo_reproducer_2graph_DynamoThunder_cpu_None[benchmark],thunder/tests/test_dynamo.py::test_dynamo_reproducer_2graph_DynamoThunder_cpu_None[benchmark],call,18.21,100.31
after,1,test_fxreport_DynamoThunder_cpu_None[repro],thunder/tests/test_dynamo.py::test_fxreport_DynamoThunder_cpu_None[repro],call,11.58,100.31
after,1,test_dynamo_reproducer_split_DynamoThunder_cpu_None[repro],thunder/tests/test_dynamo.py::test_dynamo_reproducer_split_DynamoThunder_cpu_None[repro],call,6.51,100.31
after,1,test_dynamo_reproducer_2graph_DynamoThunder_cpu_None[repro],thunder/tests/test_dynamo.py::test_dynamo_reproducer_2graph_DynamoThunder_cpu_None[repro],call,6.0,100.31
after,1,test_basic_DynamoThunder_cpu_None[dynamic],thunder/tests/test_dynamo.py::test_basic_DynamoThunder_cpu_None[dynamic],call,1.66,100.31
after,1,test_basic_splitter_DynamoThunder_cpu_None[dynamic],thunder/tests/test_dynamo.py::test_basic_splitter_DynamoThunder_cpu_None[dynamic],call,1.61,100.31
after,1,test_splitter_autograd_function_DynamoThunder_cpu_None[dynamic],thunder/tests/test_dynamo.py::test_splitter_autograd_function_DynamoThunder_cpu_None[dynamic],call,0.63,100.31
after,1,test_splitter_autocast_ctx_with_graph_break_DynamoThunder_cpu_None[auto],thunder/tests/test_dynamo.py::test_splitter_autocast_ctx_with_graph_break_DynamoThunder_cpu_None[auto],call,0.62,100.31
after,1,test_splitter_autocast_ctx_with_graph_break_DynamoThunder_cpu_None[dynamic],thunder/tests/test_dynamo.py::test_splitter_autocast_ctx_with_graph_break_DynamoThunder_cpu_None[dynamic],call,0.49,100.31
after,1,test_splitter_autograd_function_DynamoThunder_cpu_None[static],thunder/tests/test_dynamo.py::test_splitter_autograd_function_DynamoThunder_cpu_None[static],call,0.47,100.31
after,1,test_splitter_autograd_function_DynamoThunder_cpu_None[auto],thunder/tests/test_dynamo.py::test_splitter_autograd_function_DynamoThunder_cpu_None[auto],call,0.46,100.31
after,1,test_where_nonzero_overload_DynamoThunder_cpu_None,thunder/tests/test_dynamo.py::test_where_nonzero_overload_DynamoThunder_cpu_None,call,0.46,100.31
after,1,test_no_grad_ctx_manager_DynamoThunder_cpu_None,thunder/tests/test_dynamo.py::test_no_grad_ctx_manager_DynamoThunder_cpu_None,call,0.44,100.31
after,1,test_basic_DynamoThunder_cpu_None[auto],thunder/tests/test_dynamo.py::test_basic_DynamoThunder_cpu_None[auto],call,0.42,100.31
after,1,test_splitter_autocast_ctx_with_graph_break_DynamoThunder_cpu_None[static],thunder/tests/test_dynamo.py::test_splitter_autocast_ctx_with_graph_break_DynamoThunder_cpu_None[static],call,0.4,100.31
after,1,test_splitter_autocast_ctx_with_split_DynamoThunder_cpu_None[dynamic],thunder/tests/test_dynamo.py::test_splitter_autocast_ctx_with_split_DynamoThunder_cpu_None[dynamic],call,0.38,100.31
after,1,test_splitter_autocast_ctx_with_split_DynamoThunder_cpu_None[auto],thunder/tests/test_dynamo.py::test_splitter_autocast_ctx_with_split_DynamoThunder_cpu_None[auto],call,0.33,100.31
after,1,test_splitter_autocast_ctx_with_split_DynamoThunder_cpu_None[static],thunder/tests/test_dynamo.py::test_splitter_autocast_ctx_with_split_DynamoThunder_cpu_None[static],call,0.33,100.31
after,1,test_basic_splitter_DynamoThunder_cpu_None[static],thunder/tests/test_dynamo.py::test_basic_splitter_DynamoThunder_cpu_None[static],call,0.31,100.31
after,1,test_basic_splitter_DynamoThunder_cpu_None[auto],thunder/tests/test_dynamo.py::test_basic_splitter_DynamoThunder_cpu_None[auto],call,0.31,100.31
after,1,test_empty_autocast,thunder/tests/test_dynamo.py::test_empty_autocast,call,0.3,100.31
after,1,test_basic_DynamoThunder_cpu_None[static],thunder/tests/test_dynamo.py::test_basic_DynamoThunder_cpu_None[static],call,0.29,100.31
after,1,test_splitter_autocast_ctx_DynamoThunder_cpu_None[dynamic],thunder/tests/test_dynamo.py::test_splitter_autocast_ctx_DynamoThunder_cpu_None[dynamic],call,0.24,100.31
after,1,test_no_grad_enabled_grad_nested_ctx_manager_DynamoThunder_cpu_None,thunder/tests/test_dynamo.py::test_no_grad_enabled_grad_nested_ctx_manager_DynamoThunder_cpu_None,call,0.24,100.31
after,1,test_leak_on_unsupported_thunder_operator,thunder/tests/test_dynamo.py::test_leak_on_unsupported_thunder_operator,call,0.23,100.31
after,1,test_splitter_autocast_ctx_DynamoThunder_cpu_None[auto],thunder/tests/test_dynamo.py::test_splitter_autocast_ctx_DynamoThunder_cpu_None[auto],call,0.22,100.31
after,1,test_splitter_autocast_ctx_DynamoThunder_cpu_None[static],thunder/tests/test_dynamo.py::test_splitter_autocast_ctx_DynamoThunder_cpu_None[static],call,0.22,100.31
after,1,test_thunderfx_last_traces,thunder/tests/test_dynamo.py::test_thunderfx_last_traces,call,0.16,100.31
after,1,test_spliter_bwd,thunder/tests/test_dynamo.py::test_spliter_bwd,call,0.15,100.31
after,1,test_cat_no_split_DynamoThunder_cpu_None[True],thunder/tests/test_dynamo.py::test_cat_no_split_DynamoThunder_cpu_None[True],call,0.15,100.31
after,1,test_cat_no_split_DynamoThunder_cpu_None[False],thunder/tests/test_dynamo.py::test_cat_no_split_DynamoThunder_cpu_None[False],call,0.15,100.31
after,1,test_force_skip_lazy_graph_module_DynamoThunder_cpu_None,thunder/tests/test_dynamo.py::test_force_skip_lazy_graph_module_DynamoThunder_cpu_None,call,0.14,100.31
after,1,test_method_only_registrations_DynamoThunder_cpu_None,thunder/tests/test_dynamo.py::test_method_only_registrations_DynamoThunder_cpu_None,call,0.14,100.31
after,1,test_thunderfx_meta_tensor,thunder/tests/test_dynamo.py::test_thunderfx_meta_tensor,call,0.13,100.31
after,2,test_fxreport_DynamoThunder_cpu_None[benchmark],thunder/tests/test_dynamo.py::test_fxreport_DynamoThunder_cpu_None[benchmark],call,26.1,99.73
after,2,test_dynamo_reproducer_split_DynamoThunder_cpu_None[benchmark],thunder/tests/test_dynamo.py::test_dynamo_reproducer_split_DynamoThunder_cpu_None[benchmark],call,19.87,99.73
after,2,test_dynamo_reproducer_2graph_DynamoThunder_cpu_None[benchmark],thunder/tests/test_dynamo.py::test_dynamo_reproducer_2graph_DynamoThunder_cpu_None[benchmark],call,17.62,99.73
after,2,test_fxreport_DynamoThunder_cpu_None[repro],thunder/tests/test_dynamo.py::test_fxreport_DynamoThunder_cpu_None[repro],call,11.5,99.73
after,2,test_dynamo_reproducer_split_DynamoThunder_cpu_None[repro],thunder/tests/test_dynamo.py::test_dynamo_reproducer_split_DynamoThunder_cpu_None[repro],call,6.51,99.73
after,2,test_dynamo_reproducer_2graph_DynamoThunder_cpu_None[repro],thunder/tests/test_dynamo.py::test_dynamo_reproducer_2graph_DynamoThunder_cpu_None[repro],call,6.03,99.73
after,2,test_basic_DynamoThunder_cpu_None[dynamic],thunder/tests/test_dynamo.py::test_basic_DynamoThunder_cpu_None[dynamic],call,1.64,99.73
after,2,test_basic_splitter_DynamoThunder_cpu_None[dynamic],thunder/tests/test_dynamo.py::test_basic_splitter_DynamoThunder_cpu_None[dynamic],call,1.59,99.73
after,2,test_splitter_autograd_function_DynamoThunder_cpu_None[dynamic],thunder/tests/test_dynamo.py::test_splitter_autograd_function_DynamoThunder_cpu_None[dynamic],call,0.63,99.73
after,2,test_splitter_autocast_ctx_with_graph_break_DynamoThunder_cpu_None[auto],thunder/tests/test_dynamo.py::test_splitter_autocast_ctx_with_graph_break_DynamoThunder_cpu_None[auto],call,0.6,99.73
after,2,test_splitter_autocast_ctx_with_graph_break_DynamoThunder_cpu_None[dynamic],thunder/tests/test_dynamo.py::test_splitter_autocast_ctx_with_graph_break_DynamoThunder_cpu_None[dynamic],call,0.49,99.73
after,2,test_no_grad_enabled_grad_nested_ctx_manager_DynamoThunder_cpu_None,thunder/tests/test_dynamo.py::test_no_grad_enabled_grad_nested_ctx_manager_DynamoThunder_cpu_None,call,0.48,99.73
after,2,test_splitter_autograd_function_DynamoThunder_cpu_None[static],thunder/tests/test_dynamo.py::test_splitter_autograd_function_DynamoThunder_cpu_None[static],call,0.47,99.73
after,2,test_splitter_autograd_function_DynamoThunder_cpu_None[auto],thunder/tests/test_dynamo.py::test_splitter_autograd_function_DynamoThunder_cpu_None[auto],call,0.46,99.73
after,2,test_basic_DynamoThunder_cpu_None[auto],thunder/tests/test_dynamo.py::test_basic_DynamoThunder_cpu_None[auto],call,0.42,99.73
after,2,test_splitter_autocast_ctx_with_graph_break_DynamoThunder_cpu_None[static],thunder/tests/test_dynamo.py::test_splitter_autocast_ctx_with_graph_break_DynamoThunder_cpu_None[static],call,0.4,99.73
after,2,test_where_nonzero_overload_DynamoThunder_cpu_None,thunder/tests/test_dynamo.py::test_where_nonzero_overload_DynamoThunder_cpu_None,call,0.4,99.73
after,2,test_splitter_autocast_ctx_with_split_DynamoThunder_cpu_None[dynamic],thunder/tests/test_dynamo.py::test_splitter_autocast_ctx_with_split_DynamoThunder_cpu_None[dynamic],call,0.38,99.73
after,2,test_splitter_autocast_ctx_with_split_DynamoThunder_cpu_None[static],thunder/tests/test_dynamo.py::test_splitter_autocast_ctx_with_split_DynamoThunder_cpu_None[static],call,0.33,99.73
after,2,test_splitter_autocast_ctx_with_split_DynamoThunder_cpu_None[auto],thunder/tests/test_dynamo.py::test_splitter_autocast_ctx_with_split_DynamoThunder_cpu_None[auto],call,0.33,99.73
after,2,test_basic_splitter_DynamoThunder_cpu_None[auto],thunder/tests/test_dynamo.py::test_basic_splitter_DynamoThunder_cpu_None[auto],call,0.32,99.73
after,2,test_basic_splitter_DynamoThunder_cpu_None[static],thunder/tests/test_dynamo.py::test_basic_splitter_DynamoThunder_cpu_None[static],call,0.31,99.73
after,2,test_empty_autocast,thunder/tests/test_dynamo.py::test_empty_autocast,call,0.29,99.73
after,2,test_basic_DynamoThunder_cpu_None[static],thunder/tests/test_dynamo.py::test_basic_DynamoThunder_cpu_None[static],call,0.29,99.73
after,2,test_splitter_autocast_ctx_DynamoThunder_cpu_None[dynamic],thunder/tests/test_dynamo.py::test_splitter_autocast_ctx_DynamoThunder_cpu_None[dynamic],call,0.24,99.73
after,2,test_leak_on_unsupported_thunder_operator,thunder/tests/test_dynamo.py::test_leak_on_unsupported_thunder_operator,call,0.23,99.73
after,2,test_splitter_autocast_ctx_DynamoThunder_cpu_None[auto],thunder/tests/test_dynamo.py::test_splitter_autocast_ctx_DynamoThunder_cpu_None[auto],call,0.22,99.73
after,2,test_splitter_autocast_ctx_DynamoThunder_cpu_None[static],thunder/tests/test_dynamo.py::test_splitter_autocast_ctx_DynamoThunder_cpu_None[static],call,0.21,99.73
after,2,test_no_grad_ctx_manager_DynamoThunder_cpu_None,thunder/tests/test_dynamo.py::test_no_grad_ctx_manager_DynamoThunder_cpu_None,call,0.2,99.73
after,2,test_thunderfx_last_traces,thunder/tests/test_dynamo.py::test_thunderfx_last_traces,call,0.16,99.73
after,2,test_spliter_bwd,thunder/tests/test_dynamo.py::test_spliter_bwd,call,0.15,99.73
after,2,test_cat_no_split_DynamoThunder_cpu_None[True],thunder/tests/test_dynamo.py::test_cat_no_split_DynamoThunder_cpu_None[True],call,0.14,99.73
after,2,test_force_skip_lazy_graph_module_DynamoThunder_cpu_None,thunder/tests/test_dynamo.py::test_force_skip_lazy_graph_module_DynamoThunder_cpu_None,call,0.14,99.73
after,2,test_cat_no_split_DynamoThunder_cpu_None[False],thunder/tests/test_dynamo.py::test_cat_no_split_DynamoThunder_cpu_None[False],call,0.14,99.73
after,2,test_method_only_registrations_DynamoThunder_cpu_None,thunder/tests/test_dynamo.py::test_method_only_registrations_DynamoThunder_cpu_None,call,0.13,99.73
after,2,test_thunderfx_meta_tensor,thunder/tests/test_dynamo.py::test_thunderfx_meta_tensor,call,0.13,99.73
after,3,test_fxreport_DynamoThunder_cpu_None[benchmark],thunder/tests/test_dynamo.py::test_fxreport_DynamoThunder_cpu_None[benchmark],call,26.03,99.97
after,3,test_dynamo_reproducer_split_DynamoThunder_cpu_None[benchmark],thunder/tests/test_dynamo.py::test_dynamo_reproducer_split_DynamoThunder_cpu_None[benchmark],call,19.83,99.97
after,3,test_dynamo_reproducer_2graph_DynamoThunder_cpu_None[benchmark],thunder/tests/test_dynamo.py::test_dynamo_reproducer_2graph_DynamoThunder_cpu_None[benchmark],call,17.66,99.97
after,3,test_fxreport_DynamoThunder_cpu_None[repro],thunder/tests/test_dynamo.py::test_fxreport_DynamoThunder_cpu_None[repro],call,11.56,99.97
after,3,test_dynamo_reproducer_split_DynamoThunder_cpu_None[repro],thunder/tests/test_dynamo.py::test_dynamo_reproducer_split_DynamoThunder_cpu_None[repro],call,6.52,99.97
after,3,test_dynamo_reproducer_2graph_DynamoThunder_cpu_None[repro],thunder/tests/test_dynamo.py::test_dynamo_reproducer_2graph_DynamoThunder_cpu_None[repro],call,6.02,99.97
after,3,test_basic_DynamoThunder_cpu_None[dynamic],thunder/tests/test_dynamo.py::test_basic_DynamoThunder_cpu_None[dynamic],call,1.66,99.97
after,3,test_basic_splitter_DynamoThunder_cpu_None[dynamic],thunder/tests/test_dynamo.py::test_basic_splitter_DynamoThunder_cpu_None[dynamic],call,1.62,99.97
after,3,test_splitter_autograd_function_DynamoThunder_cpu_None[dynamic],thunder/tests/test_dynamo.py::test_splitter_autograd_function_DynamoThunder_cpu_None[dynamic],call,0.65,99.97
after,3,test_splitter_autocast_ctx_with_graph_break_DynamoThunder_cpu_None[auto],thunder/tests/test_dynamo.py::test_splitter_autocast_ctx_with_graph_break_DynamoThunder_cpu_None[auto],call,0.61,99.97
after,3,test_no_grad_enabled_grad_nested_ctx_manager_DynamoThunder_cpu_None,thunder/tests/test_dynamo.py::test_no_grad_enabled_grad_nested_ctx_manager_DynamoThunder_cpu_None,call,0.5,99.97
after,3,test_splitter_autocast_ctx_with_graph_break_DynamoThunder_cpu_None[dynamic],thunder/tests/test_dynamo.py::test_splitter_autocast_ctx_with_graph_break_DynamoThunder_cpu_None[dynamic],call,0.49,99.97
after,3,test_splitter_autograd_function_DynamoThunder_cpu_None[static],thunder/tests/test_dynamo.py::test_splitter_autograd_function_DynamoThunder_cpu_None[static],call,0.47,99.97
after,3,test_splitter_autograd_function_DynamoThunder_cpu_None[auto],thunder/tests/test_dynamo.py::test_splitter_autograd_function_DynamoThunder_cpu_None[auto],call,0.47,99.97
after,3,test_basic_DynamoThunder_cpu_None[auto],thunder/tests/test_dynamo.py::test_basic_DynamoThunder_cpu_None[auto],call,0.42,99.97
after,3,test_where_nonzero_overload_DynamoThunder_cpu_None,thunder/tests/test_dynamo.py::test_where_nonzero_overload_DynamoThunder_cpu_None,call,0.41,99.97
after,3,test_splitter_autocast_ctx_with_graph_break_DynamoThunder_cpu_None[static],thunder/tests/test_dynamo.py::test_splitter_autocast_ctx_with_graph_break_DynamoThunder_cpu_None[static],call,0.41,99.97
after,3,test_splitter_autocast_ctx_with_split_DynamoThunder_cpu_None[dynamic],thunder/tests/test_dynamo.py::test_splitter_autocast_ctx_with_split_DynamoThunder_cpu_None[dynamic],call,0.39,99.97
after,3,test_splitter_autocast_ctx_with_split_DynamoThunder_cpu_None[static],thunder/tests/test_dynamo.py::test_splitter_autocast_ctx_with_split_DynamoThunder_cpu_None[static],call,0.33,99.97
after,3,test_splitter_autocast_ctx_with_split_DynamoThunder_cpu_None[auto],thunder/tests/test_dynamo.py::test_splitter_autocast_ctx_with_split_DynamoThunder_cpu_None[auto],call,0.33,99.97
after,3,test_basic_splitter_DynamoThunder_cpu_None[auto],thunder/tests/test_dynamo.py::test_basic_splitter_DynamoThunder_cpu_None[auto],call,0.32,99.97
after,3,test_basic_splitter_DynamoThunder_cpu_None[static],thunder/tests/test_dynamo.py::test_basic_splitter_DynamoThunder_cpu_None[static],call,0.32,99.97
after,3,test_empty_autocast,thunder/tests/test_dynamo.py::test_empty_autocast,call,0.3,99.97
after,3,test_basic_DynamoThunder_cpu_None[static],thunder/tests/test_dynamo.py::test_basic_DynamoThunder_cpu_None[static],call,0.3,99.97
after,3,test_splitter_autocast_ctx_DynamoThunder_cpu_None[dynamic],thunder/tests/test_dynamo.py::test_splitter_autocast_ctx_DynamoThunder_cpu_None[dynamic],call,0.24,99.97
after,3,test_leak_on_unsupported_thunder_operator,thunder/tests/test_dynamo.py::test_leak_on_unsupported_thunder_operator,call,0.23,99.97
after,3,test_splitter_autocast_ctx_DynamoThunder_cpu_None[auto],thunder/tests/test_dynamo.py::test_splitter_autocast_ctx_DynamoThunder_cpu_None[auto],call,0.22,99.97
after,3,test_splitter_autocast_ctx_DynamoThunder_cpu_None[static],thunder/tests/test_dynamo.py::test_splitter_autocast_ctx_DynamoThunder_cpu_None[static],call,0.22,99.97
after,3,test_no_grad_ctx_manager_DynamoThunder_cpu_None,thunder/tests/test_dynamo.py::test_no_grad_ctx_manager_DynamoThunder_cpu_None,call,0.2,99.97
after,3,test_thunderfx_last_traces,thunder/tests/test_dynamo.py::test_thunderfx_last_traces,call,0.16,99.97
after,3,test_spliter_bwd,thunder/tests/test_dynamo.py::test_spliter_bwd,call,0.16,99.97
after,3,test_cat_no_split_DynamoThunder_cpu_None[True],thunder/tests/test_dynamo.py::test_cat_no_split_DynamoThunder_cpu_None[True],call,0.15,99.97
after,3,test_cat_no_split_DynamoThunder_cpu_None[False],thunder/tests/test_dynamo.py::test_cat_no_split_DynamoThunder_cpu_None[False],call,0.15,99.97
after,3,test_force_skip_lazy_graph_module_DynamoThunder_cpu_None,thunder/tests/test_dynamo.py::test_force_skip_lazy_graph_module_DynamoThunder_cpu_None,call,0.15,99.97
after,3,test_method_only_registrations_DynamoThunder_cpu_None,thunder/tests/test_dynamo.py::test_method_only_registrations_DynamoThunder_cpu_None,call,0.14,99.97
after,3,test_thunderfx_meta_tensor,thunder/tests/test_dynamo.py::test_thunderfx_meta_tensor,call,0.13,99.97
after,4,test_fxreport_DynamoThunder_cpu_None[benchmark],thunder/tests/test_dynamo.py::test_fxreport_DynamoThunder_cpu_None[benchmark],call,26.02,99.92
after,4,test_dynamo_reproducer_split_DynamoThunder_cpu_None[benchmark],thunder/tests/test_dynamo.py::test_dynamo_reproducer_split_DynamoThunder_cpu_None[benchmark],call,19.94,99.92
after,4,test_dynamo_reproducer_2graph_DynamoThunder_cpu_None[benchmark],thunder/tests/test_dynamo.py::test_dynamo_reproducer_2graph_DynamoThunder_cpu_None[benchmark],call,17.68,99.92
after,4,test_fxreport_DynamoThunder_cpu_None[repro],thunder/tests/test_dynamo.py::test_fxreport_DynamoThunder_cpu_None[repro],call,11.56,99.92
after,4,test_dynamo_reproducer_split_DynamoThunder_cpu_None[repro],thunder/tests/test_dynamo.py::test_dynamo_reproducer_split_DynamoThunder_cpu_None[repro],call,6.53,99.92
after,4,test_dynamo_reproducer_2graph_DynamoThunder_cpu_None[repro],thunder/tests/test_dynamo.py::test_dynamo_reproducer_2graph_DynamoThunder_cpu_None[repro],call,6.0,99.92
after,4,test_basic_DynamoThunder_cpu_None[dynamic],thunder/tests/test_dynamo.py::test_basic_DynamoThunder_cpu_None[dynamic],call,1.65,99.92
after,4,test_basic_splitter_DynamoThunder_cpu_None[dynamic],thunder/tests/test_dynamo.py::test_basic_splitter_DynamoThunder_cpu_None[dynamic],call,1.59,99.92
after,4,test_splitter_autograd_function_DynamoThunder_cpu_None[dynamic],thunder/tests/test_dynamo.py::test_splitter_autograd_function_DynamoThunder_cpu_None[dynamic],call,0.63,99.92
after,4,test_splitter_autocast_ctx_with_graph_break_DynamoThunder_cpu_None[auto],thunder/tests/test_dynamo.py::test_splitter_autocast_ctx_with_graph_break_DynamoThunder_cpu_None[auto],call,0.62,99.92
after,4,test_splitter_autocast_ctx_with_graph_break_DynamoThunder_cpu_None[dynamic],thunder/tests/test_dynamo.py::test_splitter_autocast_ctx_with_graph_break_DynamoThunder_cpu_None[dynamic],call,0.49,99.92
after,4,test_splitter_autograd_function_DynamoThunder_cpu_None[static],thunder/tests/test_dynamo.py::test_splitter_autograd_function_DynamoThunder_cpu_None[static],call,0.47,99.92
after,4,test_splitter_autograd_function_DynamoThunder_cpu_None[auto],thunder/tests/test_dynamo.py::test_splitter_autograd_function_DynamoThunder_cpu_None[auto],call,0.46,99.92
after,4,test_no_grad_ctx_manager_DynamoThunder_cpu_None,thunder/tests/test_dynamo.py::test_no_grad_ctx_manager_DynamoThunder_cpu_None,call,0.45,99.92
after,4,test_basic_DynamoThunder_cpu_None[auto],thunder/tests/test_dynamo.py::test_basic_DynamoThunder_cpu_None[auto],call,0.42,99.92
after,4,test_where_nonzero_overload_DynamoThunder_cpu_None,thunder/tests/test_dynamo.py::test_where_nonzero_overload_DynamoThunder_cpu_None,call,0.41,99.92
after,4,test_splitter_autocast_ctx_with_graph_break_DynamoThunder_cpu_None[static],thunder/tests/test_dynamo.py::test_splitter_autocast_ctx_with_graph_break_DynamoThunder_cpu_None[static],call,0.4,99.92
after,4,test_splitter_autocast_ctx_with_split_DynamoThunder_cpu_None[dynamic],thunder/tests/test_dynamo.py::test_splitter_autocast_ctx_with_split_DynamoThunder_cpu_None[dynamic],call,0.38,99.92
after,4,test_splitter_autocast_ctx_with_split_DynamoThunder_cpu_None[static],thunder/tests/test_dynamo.py::test_splitter_autocast_ctx_with_split_DynamoThunder_cpu_None[static],call,0.33,99.92
after,4,test_splitter_autocast_ctx_with_split_DynamoThunder_cpu_None[auto],thunder/tests/test_dynamo.py::test_splitter_autocast_ctx_with_split_DynamoThunder_cpu_None[auto],call,0.33,99.92
after,4,test_basic_splitter_DynamoThunder_cpu_None[static],thunder/tests/test_dynamo.py::test_basic_splitter_DynamoThunder_cpu_None[static],call,0.31,99.92
after,4,test_basic_splitter_DynamoThunder_cpu_None[auto],thunder/tests/test_dynamo.py::test_basic_splitter_DynamoThunder_cpu_None[auto],call,0.31,99.92
after,4,test_empty_autocast,thunder/tests/test_dynamo.py::test_empty_autocast,call,0.29,99.92
after,4,test_basic_DynamoThunder_cpu_None[static],thunder/tests/test_dynamo.py::test_basic_DynamoThunder_cpu_None[static],call,0.29,99.92
after,4,test_no_grad_enabled_grad_nested_ctx_manager_DynamoThunder_cpu_None,thunder/tests/test_dynamo.py::test_no_grad_enabled_grad_nested_ctx_manager_DynamoThunder_cpu_None,call,0.25,99.92
after,4,test_splitter_autocast_ctx_DynamoThunder_cpu_None[dynamic],thunder/tests/test_dynamo.py::test_splitter_autocast_ctx_DynamoThunder_cpu_None[dynamic],call,0.24,99.92
after,4,test_leak_on_unsupported_thunder_operator,thunder/tests/test_dynamo.py::test_leak_on_unsupported_thunder_operator,call,0.23,99.92
after,4,test_splitter_autocast_ctx_DynamoThunder_cpu_None[auto],thunder/tests/test_dynamo.py::test_splitter_autocast_ctx_DynamoThunder_cpu_None[auto],call,0.22,99.92
after,4,test_splitter_autocast_ctx_DynamoThunder_cpu_None[static],thunder/tests/test_dynamo.py::test_splitter_autocast_ctx_DynamoThunder_cpu_None[static],call,0.22,99.92
after,4,test_thunderfx_last_traces,thunder/tests/test_dynamo.py::test_thunderfx_last_traces,call,0.16,99.92
after,4,test_spliter_bwd,thunder/tests/test_dynamo.py::test_spliter_bwd,call,0.15,99.92
after,4,test_cat_no_split_DynamoThunder_cpu_None[False],thunder/tests/test_dynamo.py::test_cat_no_split_DynamoThunder_cpu_None[False],call,0.15,99.92
after,4,test_cat_no_split_DynamoThunder_cpu_None[True],thunder/tests/test_dynamo.py::test_cat_no_split_DynamoThunder_cpu_None[True],call,0.15,99.92
after,4,test_force_skip_lazy_graph_module_DynamoThunder_cpu_None,thunder/tests/test_dynamo.py::test_force_skip_lazy_graph_module_DynamoThunder_cpu_None,call,0.15,99.92
after,4,test_method_only_registrations_DynamoThunder_cpu_None,thunder/tests/test_dynamo.py::test_method_only_registrations_DynamoThunder_cpu_None,call,0.14,99.92
after,4,test_thunderfx_meta_tensor,thunder/tests/test_dynamo.py::test_thunderfx_meta_tensor,call,0.13,99.92
after,5,test_fxreport_DynamoThunder_cpu_None[benchmark],thunder/tests/test_dynamo.py::test_fxreport_DynamoThunder_cpu_None[benchmark],call,26.05,99.84
after,5,test_dynamo_reproducer_split_DynamoThunder_cpu_None[benchmark],thunder/tests/test_dynamo.py::test_dynamo_reproducer_split_DynamoThunder_cpu_None[benchmark],call,19.8,99.84
after,5,test_dynamo_reproducer_2graph_DynamoThunder_cpu_None[benchmark],thunder/tests/test_dynamo.py::test_dynamo_reproducer_2graph_DynamoThunder_cpu_None[benchmark],call,17.64,99.84
after,5,test_fxreport_DynamoThunder_cpu_None[repro],thunder/tests/test_dynamo.py::test_fxreport_DynamoThunder_cpu_None[repro],call,11.54,99.84
after,5,test_dynamo_reproducer_split_DynamoThunder_cpu_None[repro],thunder/tests/test_dynamo.py::test_dynamo_reproducer_split_DynamoThunder_cpu_None[repro],call,6.54,99.84
after,5,test_dynamo_reproducer_2graph_DynamoThunder_cpu_None[repro],thunder/tests/test_dynamo.py::test_dynamo_reproducer_2graph_DynamoThunder_cpu_None[repro],call,6.01,99.84
after,5,test_basic_DynamoThunder_cpu_None[dynamic],thunder/tests/test_dynamo.py::test_basic_DynamoThunder_cpu_None[dynamic],call,1.66,99.84
after,5,test_basic_splitter_DynamoThunder_cpu_None[dynamic],thunder/tests/test_dynamo.py::test_basic_splitter_DynamoThunder_cpu_None[dynamic],call,1.6,99.84
after,5,test_where_nonzero_overload_DynamoThunder_cpu_None,thunder/tests/test_dynamo.py::test_where_nonzero_overload_DynamoThunder_cpu_None,call,0.65,99.84
after,5,test_splitter_autograd_function_DynamoThunder_cpu_None[dynamic],thunder/tests/test_dynamo.py::test_splitter_autograd_function_DynamoThunder_cpu_None[dynamic],call,0.64,99.84
after,5,test_splitter_autocast_ctx_with_graph_break_DynamoThunder_cpu_None[auto],thunder/tests/test_dynamo.py::test_splitter_autocast_ctx_with_graph_break_DynamoThunder_cpu_None[auto],call,0.61,99.84
after,5,test_splitter_autocast_ctx_with_graph_break_DynamoThunder_cpu_None[dynamic],thunder/tests/test_dynamo.py::test_splitter_autocast_ctx_with_graph_break_DynamoThunder_cpu_None[dynamic],call,0.49,99.84
after,5,test_splitter_autograd_function_DynamoThunder_cpu_None[static],thunder/tests/test_dynamo.py::test_splitter_autograd_function_DynamoThunder_cpu_None[static],call,0.47,99.84
after,5,test_splitter_autograd_function_DynamoThunder_cpu_None[auto],thunder/tests/test_dynamo.py::test_splitter_autograd_function_DynamoThunder_cpu_None[auto],call,0.46,99.84
after,5,test_basic_DynamoThunder_cpu_None[auto],thunder/tests/test_dynamo.py::test_basic_DynamoThunder_cpu_None[auto],call,0.42,99.84
after,5,test_splitter_autocast_ctx_with_graph_break_DynamoThunder_cpu_None[static],thunder/tests/test_dynamo.py::test_splitter_autocast_ctx_with_graph_break_DynamoThunder_cpu_None[static],call,0.4,99.84
after,5,test_splitter_autocast_ctx_with_split_DynamoThunder_cpu_None[dynamic],thunder/tests/test_dynamo.py::test_splitter_autocast_ctx_with_split_DynamoThunder_cpu_None[dynamic],call,0.39,99.84
after,5,test_splitter_autocast_ctx_with_split_DynamoThunder_cpu_None[static],thunder/tests/test_dynamo.py::test_splitter_autocast_ctx_with_split_DynamoThunder_cpu_None[static],call,0.33,99.84
after,5,test_splitter_autocast_ctx_with_split_DynamoThunder_cpu_None[auto],thunder/tests/test_dynamo.py::test_splitter_autocast_ctx_with_split_DynamoThunder_cpu_None[auto],call,0.33,99.84
after,5,test_basic_splitter_DynamoThunder_cpu_None[static],thunder/tests/test_dynamo.py::test_basic_splitter_DynamoThunder_cpu_None[static],call,0.32,99.84
after,5,test_basic_splitter_DynamoThunder_cpu_None[auto],thunder/tests/test_dynamo.py::test_basic_splitter_DynamoThunder_cpu_None[auto],call,0.32,99.84
after,5,test_empty_autocast,thunder/tests/test_dynamo.py::test_empty_autocast,call,0.3,99.84
after,5,test_basic_DynamoThunder_cpu_None[static],thunder/tests/test_dynamo.py::test_basic_DynamoThunder_cpu_None[static],call,0.29,99.84
after,5,test_no_grad_enabled_grad_nested_ctx_manager_DynamoThunder_cpu_None,thunder/tests/test_dynamo.py::test_no_grad_enabled_grad_nested_ctx_manager_DynamoThunder_cpu_None,call,0.25,99.84
after,5,test_splitter_autocast_ctx_DynamoThunder_cpu_None[dynamic],thunder/tests/test_dynamo.py::test_splitter_autocast_ctx_DynamoThunder_cpu_None[dynamic],call,0.24,99.84
after,5,test_leak_on_unsupported_thunder_operator,thunder/tests/test_dynamo.py::test_leak_on_unsupported_thunder_operator,call,0.23,99.84
after,5,test_splitter_autocast_ctx_DynamoThunder_cpu_None[auto],thunder/tests/test_dynamo.py::test_splitter_autocast_ctx_DynamoThunder_cpu_None[auto],call,0.22,99.84
after,5,test_splitter_autocast_ctx_DynamoThunder_cpu_None[static],thunder/tests/test_dynamo.py::test_splitter_autocast_ctx_DynamoThunder_cpu_None[static],call,0.22,99.84
after,5,test_no_grad_ctx_manager_DynamoThunder_cpu_None,thunder/tests/test_dynamo.py::test_no_grad_ctx_manager_DynamoThunder_cpu_None,call,0.21,99.84
after,5,test_thunderfx_last_traces,thunder/tests/test_dynamo.py::test_thunderfx_last_traces,call,0.16,99.84
after,5,test_spliter_bwd,thunder/tests/test_dynamo.py::test_spliter_bwd,call,0.15,99.84
after,5,test_cat_no_split_DynamoThunder_cpu_None[False],thunder/tests/test_dynamo.py::test_cat_no_split_DynamoThunder_cpu_None[False],call,0.15,99.84
after,5,test_cat_no_split_DynamoThunder_cpu_None[True],thunder/tests/test_dynamo.py::test_cat_no_split_DynamoThunder_cpu_None[True],call,0.15,99.84
after,5,test_force_skip_lazy_graph_module_DynamoThunder_cpu_None,thunder/tests/test_dynamo.py::test_force_skip_lazy_graph_module_DynamoThunder_cpu_None,call,0.15,99.84
after,5,test_method_only_registrations_DynamoThunder_cpu_None,thunder/tests/test_dynamo.py::test_method_only_registrations_DynamoThunder_cpu_None,call,0.14,99.84
after,5,test_thunderfx_meta_tensor,thunder/tests/test_dynamo.py::test_thunderfx_meta_tensor,call,0.13,99.84
after,6,test_fxreport_DynamoThunder_cpu_None[benchmark],thunder/tests/test_dynamo.py::test_fxreport_DynamoThunder_cpu_None[benchmark],call,26.07,99.96
after,6,test_dynamo_reproducer_split_DynamoThunder_cpu_None[benchmark],thunder/tests/test_dynamo.py::test_dynamo_reproducer_split_DynamoThunder_cpu_None[benchmark],call,19.88,99.96
after,6,test_dynamo_reproducer_2graph_DynamoThunder_cpu_None[benchmark],thunder/tests/test_dynamo.py::test_dynamo_reproducer_2graph_DynamoThunder_cpu_None[benchmark],call,17.61,99.96
after,6,test_fxreport_DynamoThunder_cpu_None[repro],thunder/tests/test_dynamo.py::test_fxreport_DynamoThunder_cpu_None[repro],call,11.62,99.96
after,6,test_dynamo_reproducer_split_DynamoThunder_cpu_None[repro],thunder/tests/test_dynamo.py::test_dynamo_reproducer_split_DynamoThunder_cpu_None[repro],call,6.53,99.96
after,6,test_dynamo_reproducer_2graph_DynamoThunder_cpu_None[repro],thunder/tests/test_dynamo.py::test_dynamo_reproducer_2graph_DynamoThunder_cpu_None[repro],call,6.02,99.96
after,6,test_basic_DynamoThunder_cpu_None[dynamic],thunder/tests/test_dynamo.py::test_basic_DynamoThunder_cpu_None[dynamic],call,1.66,99.96
after,6,test_basic_splitter_DynamoThunder_cpu_None[dynamic],thunder/tests/test_dynamo.py::test_basic_splitter_DynamoThunder_cpu_None[dynamic],call,1.58,99.96
after,6,test_where_nonzero_overload_DynamoThunder_cpu_None,thunder/tests/test_dynamo.py::test_where_nonzero_overload_DynamoThunder_cpu_None,call,0.66,99.96
after,6,test_splitter_autograd_function_DynamoThunder_cpu_None[dynamic],thunder/tests/test_dynamo.py::test_splitter_autograd_function_DynamoThunder_cpu_None[dynamic],call,0.64,99.96
after,6,test_splitter_autocast_ctx_with_graph_break_DynamoThunder_cpu_None[auto],thunder/tests/test_dynamo.py::test_splitter_autocast_ctx_with_graph_break_DynamoThunder_cpu_None[auto],call,0.62,99.96
after,6,test_splitter_autocast_ctx_with_graph_break_DynamoThunder_cpu_None[dynamic],thunder/tests/test_dynamo.py::test_splitter_autocast_ctx_with_graph_break_DynamoThunder_cpu_None[dynamic],call,0.48,99.96
after,6,test_splitter_autograd_function_DynamoThunder_cpu_None[static],thunder/tests/test_dynamo.py::test_splitter_autograd_function_DynamoThunder_cpu_None[static],call,0.48,99.96
after,6,test_splitter_autograd_function_DynamoThunder_cpu_None[auto],thunder/tests/test_dynamo.py::test_splitter_autograd_function_DynamoThunder_cpu_None[auto],call,0.46,99.96
after,6,test_basic_DynamoThunder_cpu_None[auto],thunder/tests/test_dynamo.py::test_basic_DynamoThunder_cpu_None[auto],call,0.42,99.96
after,6,test_splitter_autocast_ctx_with_graph_break_DynamoThunder_cpu_None[static],thunder/tests/test_dynamo.py::test_splitter_autocast_ctx_with_graph_break_DynamoThunder_cpu_None[static],call,0.41,99.96
after,6,test_splitter_autocast_ctx_with_split_DynamoThunder_cpu_None[dynamic],thunder/tests/test_dynamo.py::test_splitter_autocast_ctx_with_split_DynamoThunder_cpu_None[dynamic],call,0.38,99.96
after,6,test_splitter_autocast_ctx_with_split_DynamoThunder_cpu_None[auto],thunder/tests/test_dynamo.py::test_splitter_autocast_ctx_with_split_DynamoThunder_cpu_None[auto],call,0.33,99.96
after,6,test_splitter_autocast_ctx_with_split_DynamoThunder_cpu_None[static],thunder/tests/test_dynamo.py::test_splitter_autocast_ctx_with_split_DynamoThunder_cpu_None[static],call,0.33,99.96
after,6,test_basic_splitter_DynamoThunder_cpu_None[static],thunder/tests/test_dynamo.py::test_basic_splitter_DynamoThunder_cpu_None[static],call,0.31,99.96
after,6,test_basic_splitter_DynamoThunder_cpu_None[auto],thunder/tests/test_dynamo.py::test_basic_splitter_DynamoThunder_cpu_None[auto],call,0.31,99.96
after,6,test_empty_autocast,thunder/tests/test_dynamo.py::test_empty_autocast,call,0.3,99.96
after,6,test_basic_DynamoThunder_cpu_None[static],thunder/tests/test_dynamo.py::test_basic_DynamoThunder_cpu_None[static],call,0.3,99.96
after,6,test_no_grad_enabled_grad_nested_ctx_manager_DynamoThunder_cpu_None,thunder/tests/test_dynamo.py::test_no_grad_enabled_grad_nested_ctx_manager_DynamoThunder_cpu_None,call,0.24,99.96
after,6,test_splitter_autocast_ctx_DynamoThunder_cpu_None[dynamic],thunder/tests/test_dynamo.py::test_splitter_autocast_ctx_DynamoThunder_cpu_None[dynamic],call,0.24,99.96
after,6,test_leak_on_unsupported_thunder_operator,thunder/tests/test_dynamo.py::test_leak_on_unsupported_thunder_operator,call,0.23,99.96
after,6,test_splitter_autocast_ctx_DynamoThunder_cpu_None[auto],thunder/tests/test_dynamo.py::test_splitter_autocast_ctx_DynamoThunder_cpu_None[auto],call,0.22,99.96
after,6,test_splitter_autocast_ctx_DynamoThunder_cpu_None[static],thunder/tests/test_dynamo.py::test_splitter_autocast_ctx_DynamoThunder_cpu_None[static],call,0.22,99.96
after,6,test_no_grad_ctx_manager_DynamoThunder_cpu_None,thunder/tests/test_dynamo.py::test_no_grad_ctx_manager_DynamoThunder_cpu_None,call,0.2,99.96
after,6,test_thunderfx_last_traces,thunder/tests/test_dynamo.py::test_thunderfx_last_traces,call,0.16,99.96
after,6,test_spliter_bwd,thunder/tests/test_dynamo.py::test_spliter_bwd,call,0.15,99.96
after,6,test_cat_no_split_DynamoThunder_cpu_None[True],thunder/tests/test_dynamo.py::test_cat_no_split_DynamoThunder_cpu_None[True],call,0.15,99.96
after,6,test_cat_no_split_DynamoThunder_cpu_None[False],thunder/tests/test_dynamo.py::test_cat_no_split_DynamoThunder_cpu_None[False],call,0.15,99.96
after,6,test_force_skip_lazy_graph_module_DynamoThunder_cpu_None,thunder/tests/test_dynamo.py::test_force_skip_lazy_graph_module_DynamoThunder_cpu_None,call,0.15,99.96
after,6,test_method_only_registrations_DynamoThunder_cpu_None,thunder/tests/test_dynamo.py::test_method_only_registrations_DynamoThunder_cpu_None,call,0.14,99.96
after,6,test_thunderfx_meta_tensor,thunder/tests/test_dynamo.py::test_thunderfx_meta_tensor,call,0.13,99.96
after,7,test_fxreport_DynamoThunder_cpu_None[benchmark],thunder/tests/test_dynamo.py::test_fxreport_DynamoThunder_cpu_None[benchmark],call,26.1,99.73
after,7,test_dynamo_reproducer_split_DynamoThunder_cpu_None[benchmark],thunder/tests/test_dynamo.py::test_dynamo_reproducer_split_DynamoThunder_cpu_None[benchmark],call,19.81,99.73
after,7,test_dynamo_reproducer_2graph_DynamoThunder_cpu_None[benchmark],thunder/tests/test_dynamo.py::test_dynamo_reproducer_2graph_DynamoThunder_cpu_None[benchmark],call,17.64,99.73
after,7,test_fxreport_DynamoThunder_cpu_None[repro],thunder/tests/test_dynamo.py::test_fxreport_DynamoThunder_cpu_None[repro],call,11.54,99.73
after,7,test_dynamo_reproducer_split_DynamoThunder_cpu_None[repro],thunder/tests/test_dynamo.py::test_dynamo_reproducer_split_DynamoThunder_cpu_None[repro],call,6.5,99.73
after,7,test_dynamo_reproducer_2graph_DynamoThunder_cpu_None[repro],thunder/tests/test_dynamo.py::test_dynamo_reproducer_2graph_DynamoThunder_cpu_None[repro],call,6.01,99.73
after,7,test_basic_DynamoThunder_cpu_None[dynamic],thunder/tests/test_dynamo.py::test_basic_DynamoThunder_cpu_None[dynamic],call,1.65,99.73
after,7,test_basic_splitter_DynamoThunder_cpu_None[dynamic],thunder/tests/test_dynamo.py::test_basic_splitter_DynamoThunder_cpu_None[dynamic],call,1.59,99.73
after,7,test_splitter_autograd_function_DynamoThunder_cpu_None[dynamic],thunder/tests/test_dynamo.py::test_splitter_autograd_function_DynamoThunder_cpu_None[dynamic],call,0.63,99.73
after,7,test_splitter_autocast_ctx_with_graph_break_DynamoThunder_cpu_None[auto],thunder/tests/test_dynamo.py::test_splitter_autocast_ctx_with_graph_break_DynamoThunder_cpu_None[auto],call,0.61,99.73
after,7,test_no_grad_enabled_grad_nested_ctx_manager_DynamoThunder_cpu_None,thunder/tests/test_dynamo.py::test_no_grad_enabled_grad_nested_ctx_manager_DynamoThunder_cpu_None,call,0.49,99.73
after,7,test_splitter_autocast_ctx_with_graph_break_DynamoThunder_cpu_None[dynamic],thunder/tests/test_dynamo.py::test_splitter_autocast_ctx_with_graph_break_DynamoThunder_cpu_None[dynamic],call,0.49,99.73
after,7,test_splitter_autograd_function_DynamoThunder_cpu_None[static],thunder/tests/test_dynamo.py::test_splitter_autograd_function_DynamoThunder_cpu_None[static],call,0.46,99.73
after,7,test_splitter_autograd_function_DynamoThunder_cpu_None[auto],thunder/tests/test_dynamo.py::test_splitter_autograd_function_DynamoThunder_cpu_None[auto],call,0.45,99.73
after,7,test_basic_DynamoThunder_cpu_None[auto],thunder/tests/test_dynamo.py::test_basic_DynamoThunder_cpu_None[auto],call,0.42,99.73
after,7,test_splitter_autocast_ctx_with_graph_break_DynamoThunder_cpu_None[static],thunder/tests/test_dynamo.py::test_splitter_autocast_ctx_with_graph_break_DynamoThunder_cpu_None[static],call,0.4,99.73
after,7,test_where_nonzero_overload_DynamoThunder_cpu_None,thunder/tests/test_dynamo.py::test_where_nonzero_overload_DynamoThunder_cpu_None,call,0.4,99.73
after,7,test_splitter_autocast_ctx_with_split_DynamoThunder_cpu_None[dynamic],thunder/tests/test_dynamo.py::test_splitter_autocast_ctx_with_split_DynamoThunder_cpu_None[dynamic],call,0.38,99.73
after,7,test_splitter_autocast_ctx_with_split_DynamoThunder_cpu_None[static],thunder/tests/test_dynamo.py::test_splitter_autocast_ctx_with_split_DynamoThunder_cpu_None[static],call,0.32,99.73
after,7,test_splitter_autocast_ctx_with_split_DynamoThunder_cpu_None[auto],thunder/tests/test_dynamo.py::test_splitter_autocast_ctx_with_split_DynamoThunder_cpu_None[auto],call,0.32,99.73
after,7,test_basic_splitter_DynamoThunder_cpu_None[static],thunder/tests/test_dynamo.py::test_basic_splitter_DynamoThunder_cpu_None[static],call,0.31,99.73
after,7,test_basic_splitter_DynamoThunder_cpu_None[auto],thunder/tests/test_dynamo.py::test_basic_splitter_DynamoThunder_cpu_None[auto],call,0.31,99.73
after,7,test_basic_DynamoThunder_cpu_None[static],thunder/tests/test_dynamo.py::test_basic_DynamoThunder_cpu_None[static],call,0.3,99.73
after,7,test_empty_autocast,thunder/tests/test_dynamo.py::test_empty_autocast,call,0.3,99.73
after,7,test_splitter_autocast_ctx_DynamoThunder_cpu_None[dynamic],thunder/tests/test_dynamo.py::test_splitter_autocast_ctx_DynamoThunder_cpu_None[dynamic],call,0.24,99.73
after,7,test_leak_on_unsupported_thunder_operator,thunder/tests/test_dynamo.py::test_leak_on_unsupported_thunder_operator,call,0.23,99.73
after,7,test_splitter_autocast_ctx_DynamoThunder_cpu_None[auto],thunder/tests/test_dynamo.py::test_splitter_autocast_ctx_DynamoThunder_cpu_None[auto],call,0.22,99.73
after,7,test_splitter_autocast_ctx_DynamoThunder_cpu_None[static],thunder/tests/test_dynamo.py::test_splitter_autocast_ctx_DynamoThunder_cpu_None[static],call,0.22,99.73
after,7,test_no_grad_ctx_manager_DynamoThunder_cpu_None,thunder/tests/test_dynamo.py::test_no_grad_ctx_manager_DynamoThunder_cpu_None,call,0.2,99.73
after,7,test_thunderfx_last_traces,thunder/tests/test_dynamo.py::test_thunderfx_last_traces,call,0.16,99.73
after,7,test_spliter_bwd,thunder/tests/test_dynamo.py::test_spliter_bwd,call,0.15,99.73
after,7,test_cat_no_split_DynamoThunder_cpu_None[True],thunder/tests/test_dynamo.py::test_cat_no_split_DynamoThunder_cpu_None[True],call,0.14,99.73
after,7,test_cat_no_split_DynamoThunder_cpu_None[False],thunder/tests/test_dynamo.py::test_cat_no_split_DynamoThunder_cpu_None[False],call,0.14,99.73
after,7,test_force_skip_lazy_graph_module_DynamoThunder_cpu_None,thunder/tests/test_dynamo.py::test_force_skip_lazy_graph_module_DynamoThunder_cpu_None,call,0.14,99.73
after,7,test_method_only_registrations_DynamoThunder_cpu_None,thunder/tests/test_dynamo.py::test_method_only_registrations_DynamoThunder_cpu_None,call,0.13,99.73
after,7,test_thunderfx_meta_tensor,thunder/tests/test_dynamo.py::test_thunderfx_meta_tensor,call,0.12,99.73
after,8,test_fxreport_DynamoThunder_cpu_None[benchmark],thunder/tests/test_dynamo.py::test_fxreport_DynamoThunder_cpu_None[benchmark],call,26.11,99.78
after,8,test_dynamo_reproducer_split_DynamoThunder_cpu_None[benchmark],thunder/tests/test_dynamo.py::test_dynamo_reproducer_split_DynamoThunder_cpu_None[benchmark],call,19.77,99.78
after,8,test_dynamo_reproducer_2graph_DynamoThunder_cpu_None[benchmark],thunder/tests/test_dynamo.py::test_dynamo_reproducer_2graph_DynamoThunder_cpu_None[benchmark],call,17.66,99.78
after,8,test_fxreport_DynamoThunder_cpu_None[repro],thunder/tests/test_dynamo.py::test_fxreport_DynamoThunder_cpu_None[repro],call,11.59,99.78
after,8,test_dynamo_reproducer_split_DynamoThunder_cpu_None[repro],thunder/tests/test_dynamo.py::test_dynamo_reproducer_split_DynamoThunder_cpu_None[repro],call,6.54,99.78
after,8,test_dynamo_reproducer_2graph_DynamoThunder_cpu_None[repro],thunder/tests/test_dynamo.py::test_dynamo_reproducer_2graph_DynamoThunder_cpu_None[repro],call,5.99,99.78
after,8,test_basic_DynamoThunder_cpu_None[dynamic],thunder/tests/test_dynamo.py::test_basic_DynamoThunder_cpu_None[dynamic],call,1.65,99.78
after,8,test_basic_splitter_DynamoThunder_cpu_None[dynamic],thunder/tests/test_dynamo.py::test_basic_splitter_DynamoThunder_cpu_None[dynamic],call,1.59,99.78
after,8,test_splitter_autograd_function_DynamoThunder_cpu_None[dynamic],thunder/tests/test_dynamo.py::test_splitter_autograd_function_DynamoThunder_cpu_None[dynamic],call,0.63,99.78
after,8,test_splitter_autocast_ctx_with_graph_break_DynamoThunder_cpu_None[auto],thunder/tests/test_dynamo.py::test_splitter_autocast_ctx_with_graph_break_DynamoThunder_cpu_None[auto],call,0.61,99.78
after,8,test_no_grad_enabled_grad_nested_ctx_manager_DynamoThunder_cpu_None,thunder/tests/test_dynamo.py::test_no_grad_enabled_grad_nested_ctx_manager_DynamoThunder_cpu_None,call,0.49,99.78
after,8,test_splitter_autocast_ctx_with_graph_break_DynamoThunder_cpu_None[dynamic],thunder/tests/test_dynamo.py::test_splitter_autocast_ctx_with_graph_break_DynamoThunder_cpu_None[dynamic],call,0.48,99.78
after,8,test_splitter_autograd_function_DynamoThunder_cpu_None[static],thunder/tests/test_dynamo.py::test_splitter_autograd_function_DynamoThunder_cpu_None[static],call,0.47,99.78
after,8,test_splitter_autograd_function_DynamoThunder_cpu_None[auto],thunder/tests/test_dynamo.py::test_splitter_autograd_function_DynamoThunder_cpu_None[auto],call,0.46,99.78
after,8,test_basic_DynamoThunder_cpu_None[auto],thunder/tests/test_dynamo.py::test_basic_DynamoThunder_cpu_None[auto],call,0.42,99.78
after,8,test_where_nonzero_overload_DynamoThunder_cpu_None,thunder/tests/test_dynamo.py::test_where_nonzero_overload_DynamoThunder_cpu_None,call,0.4,99.78
after,8,test_splitter_autocast_ctx_with_graph_break_DynamoThunder_cpu_None[static],thunder/tests/test_dynamo.py::test_splitter_autocast_ctx_with_graph_break_DynamoThunder_cpu_None[static],call,0.4,99.78
after,8,test_splitter_autocast_ctx_with_split_DynamoThunder_cpu_None[dynamic],thunder/tests/test_dynamo.py::test_splitter_autocast_ctx_with_split_DynamoThunder_cpu_None[dynamic],call,0.38,99.78
after,8,test_splitter_autocast_ctx_with_split_DynamoThunder_cpu_None[static],thunder/tests/test_dynamo.py::test_splitter_autocast_ctx_with_split_DynamoThunder_cpu_None[static],call,0.33,99.78
after,8,test_splitter_autocast_ctx_with_split_DynamoThunder_cpu_None[auto],thunder/tests/test_dynamo.py::test_splitter_autocast_ctx_with_split_DynamoThunder_cpu_None[auto],call,0.32,99.78
after,8,test_basic_splitter_DynamoThunder_cpu_None[auto],thunder/tests/test_dynamo.py::test_basic_splitter_DynamoThunder_cpu_None[auto],call,0.31,99.78
after,8,test_basic_splitter_DynamoThunder_cpu_None[static],thunder/tests/test_dynamo.py::test_basic_splitter_DynamoThunder_cpu_None[static],call,0.31,99.78
after,8,test_empty_autocast,thunder/tests/test_dynamo.py::test_empty_autocast,call,0.29,99.78
after,8,test_basic_DynamoThunder_cpu_None[static],thunder/tests/test_dynamo.py::test_basic_DynamoThunder_cpu_None[static],call,0.29,99.78
after,8,test_splitter_autocast_ctx_DynamoThunder_cpu_None[dynamic],thunder/tests/test_dynamo.py::test_splitter_autocast_ctx_DynamoThunder_cpu_None[dynamic],call,0.24,99.78
after,8,test_leak_on_unsupported_thunder_operator,thunder/tests/test_dynamo.py::test_leak_on_unsupported_thunder_operator,call,0.22,99.78
after,8,test_splitter_autocast_ctx_DynamoThunder_cpu_None[auto],thunder/tests/test_dynamo.py::test_splitter_autocast_ctx_DynamoThunder_cpu_None[auto],call,0.22,99.78
after,8,test_splitter_autocast_ctx_DynamoThunder_cpu_None[static],thunder/tests/test_dynamo.py::test_splitter_autocast_ctx_DynamoThunder_cpu_None[static],call,0.21,99.78
after,8,test_no_grad_ctx_manager_DynamoThunder_cpu_None,thunder/tests/test_dynamo.py::test_no_grad_ctx_manager_DynamoThunder_cpu_None,call,0.2,99.78
after,8,test_thunderfx_last_traces,thunder/tests/test_dynamo.py::test_thunderfx_last_traces,call,0.16,99.78
after,8,test_spliter_bwd,thunder/tests/test_dynamo.py::test_spliter_bwd,call,0.15,99.78
after,8,test_cat_no_split_DynamoThunder_cpu_None[False],thunder/tests/test_dynamo.py::test_cat_no_split_DynamoThunder_cpu_None[False],call,0.15,99.78
after,8,test_force_skip_lazy_graph_module_DynamoThunder_cpu_None,thunder/tests/test_dynamo.py::test_force_skip_lazy_graph_module_DynamoThunder_cpu_None,call,0.15,99.78
after,8,test_cat_no_split_DynamoThunder_cpu_None[True],thunder/tests/test_dynamo.py::test_cat_no_split_DynamoThunder_cpu_None[True],call,0.15,99.78
after,8,test_method_only_registrations_DynamoThunder_cpu_None,thunder/tests/test_dynamo.py::test_method_only_registrations_DynamoThunder_cpu_None,call,0.13,99.78
after,8,test_thunderfx_meta_tensor,thunder/tests/test_dynamo.py::test_thunderfx_meta_tensor,call,0.13,99.78
after,9,test_fxreport_DynamoThunder_cpu_None[benchmark],thunder/tests/test_dynamo.py::test_fxreport_DynamoThunder_cpu_None[benchmark],call,26.14,100.27
after,9,test_dynamo_reproducer_split_DynamoThunder_cpu_None[benchmark],thunder/tests/test_dynamo.py::test_dynamo_reproducer_split_DynamoThunder_cpu_None[benchmark],call,19.89,100.27
after,9,test_dynamo_reproducer_2graph_DynamoThunder_cpu_None[benchmark],thunder/tests/test_dynamo.py::test_dynamo_reproducer_2graph_DynamoThunder_cpu_None[benchmark],call,17.71,100.27
after,9,test_fxreport_DynamoThunder_cpu_None[repro],thunder/tests/test_dynamo.py::test_fxreport_DynamoThunder_cpu_None[repro],call,11.53,100.27
after,9,test_dynamo_reproducer_split_DynamoThunder_cpu_None[repro],thunder/tests/test_dynamo.py::test_dynamo_reproducer_split_DynamoThunder_cpu_None[repro],call,6.56,100.27
after,9,test_dynamo_reproducer_2graph_DynamoThunder_cpu_None[repro],thunder/tests/test_dynamo.py::test_dynamo_reproducer_2graph_DynamoThunder_cpu_None[repro],call,6.04,100.27
after,9,test_basic_DynamoThunder_cpu_None[dynamic],thunder/tests/test_dynamo.py::test_basic_DynamoThunder_cpu_None[dynamic],call,1.73,100.27
after,9,test_basic_splitter_DynamoThunder_cpu_None[dynamic],thunder/tests/test_dynamo.py::test_basic_splitter_DynamoThunder_cpu_None[dynamic],call,1.59,100.27
after,9,test_splitter_autograd_function_DynamoThunder_cpu_None[dynamic],thunder/tests/test_dynamo.py::test_splitter_autograd_function_DynamoThunder_cpu_None[dynamic],call,0.64,100.27
after,9,test_splitter_autocast_ctx_with_graph_break_DynamoThunder_cpu_None[auto],thunder/tests/test_dynamo.py::test_splitter_autocast_ctx_with_graph_break_DynamoThunder_cpu_None[auto],call,0.62,100.27
after,9,test_no_grad_enabled_grad_nested_ctx_manager_DynamoThunder_cpu_None,thunder/tests/test_dynamo.py::test_no_grad_enabled_grad_nested_ctx_manager_DynamoThunder_cpu_None,call,0.5,100.27
after,9,test_splitter_autocast_ctx_with_graph_break_DynamoThunder_cpu_None[dynamic],thunder/tests/test_dynamo.py::test_splitter_autocast_ctx_with_graph_break_DynamoThunder_cpu_None[dynamic],call,0.49,100.27
after,9,test_splitter_autograd_function_DynamoThunder_cpu_None[static],thunder/tests/test_dynamo.py::test_splitter_autograd_function_DynamoThunder_cpu_None[static],call,0.47,100.27
after,9,test_basic_DynamoThunder_cpu_None[auto],thunder/tests/test_dynamo.py::test_basic_DynamoThunder_cpu_None[auto],call,0.47,100.27
after,9,test_splitter_autograd_function_DynamoThunder_cpu_None[auto],thunder/tests/test_dynamo.py::test_splitter_autograd_function_DynamoThunder_cpu_None[auto],call,0.47,100.27
after,9,test_splitter_autocast_ctx_with_graph_break_DynamoThunder_cpu_None[static],thunder/tests/test_dynamo.py::test_splitter_autocast_ctx_with_graph_break_DynamoThunder_cpu_None[static],call,0.41,100.27
after,9,test_where_nonzero_overload_DynamoThunder_cpu_None,thunder/tests/test_dynamo.py::test_where_nonzero_overload_DynamoThunder_cpu_None,call,0.41,100.27
after,9,test_splitter_autocast_ctx_with_split_DynamoThunder_cpu_None[dynamic],thunder/tests/test_dynamo.py::test_splitter_autocast_ctx_with_split_DynamoThunder_cpu_None[dynamic],call,0.38,100.27
after,9,test_splitter_autocast_ctx_with_split_DynamoThunder_cpu_None[auto],thunder/tests/test_dynamo.py::test_splitter_autocast_ctx_with_split_DynamoThunder_cpu_None[auto],call,0.33,100.27
after,9,test_splitter_autocast_ctx_with_split_DynamoThunder_cpu_None[static],thunder/tests/test_dynamo.py::test_splitter_autocast_ctx_with_split_DynamoThunder_cpu_None[static],call,0.33,100.27
after,9,test_basic_DynamoThunder_cpu_None[static],thunder/tests/test_dynamo.py::test_basic_DynamoThunder_cpu_None[static],call,0.33,100.27
after,9,test_basic_splitter_DynamoThunder_cpu_None[static],thunder/tests/test_dynamo.py::test_basic_splitter_DynamoThunder_cpu_None[static],call,0.32,100.27
after,9,test_basic_splitter_DynamoThunder_cpu_None[auto],thunder/tests/test_dynamo.py::test_basic_splitter_DynamoThunder_cpu_None[auto],call,0.31,100.27
after,9,test_empty_autocast,thunder/tests/test_dynamo.py::test_empty_autocast,call,0.3,100.27
after,9,test_splitter_autocast_ctx_DynamoThunder_cpu_None[dynamic],thunder/tests/test_dynamo.py::test_splitter_autocast_ctx_DynamoThunder_cpu_None[dynamic],call,0.24,100.27
after,9,test_leak_on_unsupported_thunder_operator,thunder/tests/test_dynamo.py::test_leak_on_unsupported_thunder_operator,call,0.23,100.27
after,9,test_splitter_autocast_ctx_DynamoThunder_cpu_None[static],thunder/tests/test_dynamo.py::test_splitter_autocast_ctx_DynamoThunder_cpu_None[static],call,0.22,100.27
after,9,test_splitter_autocast_ctx_DynamoThunder_cpu_None[auto],thunder/tests/test_dynamo.py::test_splitter_autocast_ctx_DynamoThunder_cpu_None[auto],call,0.22,100.27
after,9,test_no_grad_ctx_manager_DynamoThunder_cpu_None,thunder/tests/test_dynamo.py::test_no_grad_ctx_manager_DynamoThunder_cpu_None,call,0.2,100.27
after,9,test_thunderfx_last_traces,thunder/tests/test_dynamo.py::test_thunderfx_last_traces,call,0.16,100.27
after,9,test_spliter_bwd,thunder/tests/test_dynamo.py::test_spliter_bwd,call,0.15,100.27
after,9,test_cat_no_split_DynamoThunder_cpu_None[False],thunder/tests/test_dynamo.py::test_cat_no_split_DynamoThunder_cpu_None[False],call,0.15,100.27
after,9,test_force_skip_lazy_graph_module_DynamoThunder_cpu_None,thunder/tests/test_dynamo.py::test_force_skip_lazy_graph_module_DynamoThunder_cpu_None,call,0.15,100.27
after,9,test_cat_no_split_DynamoThunder_cpu_None[True],thunder/tests/test_dynamo.py::test_cat_no_split_DynamoThunder_cpu_None[True],call,0.15,100.27
after,9,test_method_only_registrations_DynamoThunder_cpu_None,thunder/tests/test_dynamo.py::test_method_only_registrations_DynamoThunder_cpu_None,call,0.14,100.27
after,9,test_thunderfx_meta_tensor,thunder/tests/test_dynamo.py::test_thunderfx_meta_tensor,call,0.13,100.27
after,10,test_fxreport_DynamoThunder_cpu_None[benchmark],thunder/tests/test_dynamo.py::test_fxreport_DynamoThunder_cpu_None[benchmark],call,26.03,99.83
after,10,test_dynamo_reproducer_split_DynamoThunder_cpu_None[benchmark],thunder/tests/test_dynamo.py::test_dynamo_reproducer_split_DynamoThunder_cpu_None[benchmark],call,19.88,99.83
after,10,test_dynamo_reproducer_2graph_DynamoThunder_cpu_None[benchmark],thunder/tests/test_dynamo.py::test_dynamo_reproducer_2graph_DynamoThunder_cpu_None[benchmark],call,17.66,99.83
after,10,test_fxreport_DynamoThunder_cpu_None[repro],thunder/tests/test_dynamo.py::test_fxreport_DynamoThunder_cpu_None[repro],call,11.53,99.83
after,10,test_dynamo_reproducer_split_DynamoThunder_cpu_None[repro],thunder/tests/test_dynamo.py::test_dynamo_reproducer_split_DynamoThunder_cpu_None[repro],call,6.49,99.83
after,10,test_dynamo_reproducer_2graph_DynamoThunder_cpu_None[repro],thunder/tests/test_dynamo.py::test_dynamo_reproducer_2graph_DynamoThunder_cpu_None[repro],call,6.0,99.83
after,10,test_basic_DynamoThunder_cpu_None[dynamic],thunder/tests/test_dynamo.py::test_basic_DynamoThunder_cpu_None[dynamic],call,1.65,99.83
after,10,test_basic_splitter_DynamoThunder_cpu_None[dynamic],thunder/tests/test_dynamo.py::test_basic_splitter_DynamoThunder_cpu_None[dynamic],call,1.6,99.83
after,10,test_splitter_autograd_function_DynamoThunder_cpu_None[dynamic],thunder/tests/test_dynamo.py::test_splitter_autograd_function_DynamoThunder_cpu_None[dynamic],call,0.63,99.83
after,10,test_splitter_autocast_ctx_with_graph_break_DynamoThunder_cpu_None[auto],thunder/tests/test_dynamo.py::test_splitter_autocast_ctx_with_graph_break_DynamoThunder_cpu_None[auto],call,0.63,99.83
after,10,test_splitter_autocast_ctx_with_graph_break_DynamoThunder_cpu_None[dynamic],thunder/tests/test_dynamo.py::test_splitter_autocast_ctx_with_graph_break_DynamoThunder_cpu_None[dynamic],call,0.49,99.83
after,10,test_splitter_autograd_function_DynamoThunder_cpu_None[static],thunder/tests/test_dynamo.py::test_splitter_autograd_function_DynamoThunder_cpu_None[static],call,0.47,99.83
after,10,test_splitter_autograd_function_DynamoThunder_cpu_None[auto],thunder/tests/test_dynamo.py::test_splitter_autograd_function_DynamoThunder_cpu_None[auto],call,0.47,99.83
after,10,test_no_grad_ctx_manager_DynamoThunder_cpu_None,thunder/tests/test_dynamo.py::test_no_grad_ctx_manager_DynamoThunder_cpu_None,call,0.44,99.83
after,10,test_basic_DynamoThunder_cpu_None[auto],thunder/tests/test_dynamo.py::test_basic_DynamoThunder_cpu_None[auto],call,0.43,99.83
after,10,test_where_nonzero_overload_DynamoThunder_cpu_None,thunder/tests/test_dynamo.py::test_where_nonzero_overload_DynamoThunder_cpu_None,call,0.41,99.83
after,10,test_splitter_autocast_ctx_with_graph_break_DynamoThunder_cpu_None[static],thunder/tests/test_dynamo.py::test_splitter_autocast_ctx_with_graph_break_DynamoThunder_cpu_None[static],call,0.41,99.83
after,10,test_splitter_autocast_ctx_with_split_DynamoThunder_cpu_None[dynamic],thunder/tests/test_dynamo.py::test_splitter_autocast_ctx_with_split_DynamoThunder_cpu_None[dynamic],call,0.38,99.83
after,10,test_splitter_autocast_ctx_with_split_DynamoThunder_cpu_None[static],thunder/tests/test_dynamo.py::test_splitter_autocast_ctx_with_split_DynamoThunder_cpu_None[static],call,0.33,99.83
after,10,test_splitter_autocast_ctx_with_split_DynamoThunder_cpu_None[auto],thunder/tests/test_dynamo.py::test_splitter_autocast_ctx_with_split_DynamoThunder_cpu_None[auto],call,0.33,99.83
after,10,test_basic_splitter_DynamoThunder_cpu_None[auto],thunder/tests/test_dynamo.py::test_basic_splitter_DynamoThunder_cpu_None[auto],call,0.32,99.83
after,10,test_basic_splitter_DynamoThunder_cpu_None[static],thunder/tests/test_dynamo.py::test_basic_splitter_DynamoThunder_cpu_None[static],call,0.32,99.83
after,10,test_basic_DynamoThunder_cpu_None[static],thunder/tests/test_dynamo.py::test_basic_DynamoThunder_cpu_None[static],call,0.3,99.83
after,10,test_empty_autocast,thunder/tests/test_dynamo.py::test_empty_autocast,call,0.3,99.83
after,10,test_splitter_autocast_ctx_DynamoThunder_cpu_None[dynamic],thunder/tests/test_dynamo.py::test_splitter_autocast_ctx_DynamoThunder_cpu_None[dynamic],call,0.24,99.83
after,10,test_no_grad_enabled_grad_nested_ctx_manager_DynamoThunder_cpu_None,thunder/tests/test_dynamo.py::test_no_grad_enabled_grad_nested_ctx_manager_DynamoThunder_cpu_None,call,0.24,99.83
after,10,test_leak_on_unsupported_thunder_operator,thunder/tests/test_dynamo.py::test_leak_on_unsupported_thunder_operator,call,0.23,99.83
after,10,test_splitter_autocast_ctx_DynamoThunder_cpu_None[auto],thunder/tests/test_dynamo.py::test_splitter_autocast_ctx_DynamoThunder_cpu_None[auto],call,0.22,99.83
after,10,test_splitter_autocast_ctx_DynamoThunder_cpu_None[static],thunder/tests/test_dynamo.py::test_splitter_autocast_ctx_DynamoThunder_cpu_None[static],call,0.22,99.83
after,10,test_thunderfx_last_traces,thunder/tests/test_dynamo.py::test_thunderfx_last_traces,call,0.16,99.83
after,10,test_spliter_bwd,thunder/tests/test_dynamo.py::test_spliter_bwd,call,0.15,99.83
after,10,test_cat_no_split_DynamoThunder_cpu_None[True],thunder/tests/test_dynamo.py::test_cat_no_split_DynamoThunder_cpu_None[True],call,0.15,99.83
after,10,test_cat_no_split_DynamoThunder_cpu_None[False],thunder/tests/test_dynamo.py::test_cat_no_split_DynamoThunder_cpu_None[False],call,0.15,99.83
after,10,test_force_skip_lazy_graph_module_DynamoThunder_cpu_None,thunder/tests/test_dynamo.py::test_force_skip_lazy_graph_module_DynamoThunder_cpu_None,call,0.15,99.83
after,10,test_method_only_registrations_DynamoThunder_cpu_None,thunder/tests/test_dynamo.py::test_method_only_registrations_DynamoThunder_cpu_None,call,0.14,99.83
after,10,test_thunderfx_meta_tensor,thunder/tests/test_dynamo.py::test_thunderfx_meta_tensor,call,0.12,99.83
after,11,test_fxreport_DynamoThunder_cpu_None[benchmark],thunder/tests/test_dynamo.py::test_fxreport_DynamoThunder_cpu_None[benchmark],call,26.09,100.03
after,11,test_dynamo_reproducer_split_DynamoThunder_cpu_None[benchmark],thunder/tests/test_dynamo.py::test_dynamo_reproducer_split_DynamoThunder_cpu_None[benchmark],call,19.9,100.03
after,11,test_dynamo_reproducer_2graph_DynamoThunder_cpu_None[benchmark],thunder/tests/test_dynamo.py::test_dynamo_reproducer_2graph_DynamoThunder_cpu_None[benchmark],call,17.66,100.03
after,11,test_fxreport_DynamoThunder_cpu_None[repro],thunder/tests/test_dynamo.py::test_fxreport_DynamoThunder_cpu_None[repro],call,11.59,100.03
after,11,test_dynamo_reproducer_split_DynamoThunder_cpu_None[repro],thunder/tests/test_dynamo.py::test_dynamo_reproducer_split_DynamoThunder_cpu_None[repro],call,6.54,100.03
after,11,test_dynamo_reproducer_2graph_DynamoThunder_cpu_None[repro],thunder/tests/test_dynamo.py::test_dynamo_reproducer_2graph_DynamoThunder_cpu_None[repro],call,6.03,100.03
after,11,test_basic_DynamoThunder_cpu_None[dynamic],thunder/tests/test_dynamo.py::test_basic_DynamoThunder_cpu_None[dynamic],call,1.65,100.03
after,11,test_basic_splitter_DynamoThunder_cpu_None[dynamic],thunder/tests/test_dynamo.py::test_basic_splitter_DynamoThunder_cpu_None[dynamic],call,1.59,100.03
after,11,test_splitter_autograd_function_DynamoThunder_cpu_None[dynamic],thunder/tests/test_dynamo.py::test_splitter_autograd_function_DynamoThunder_cpu_None[dynamic],call,0.63,100.03
after,11,test_splitter_autocast_ctx_with_graph_break_DynamoThunder_cpu_None[auto],thunder/tests/test_dynamo.py::test_splitter_autocast_ctx_with_graph_break_DynamoThunder_cpu_None[auto],call,0.62,100.03
after,11,test_splitter_autocast_ctx_with_graph_break_DynamoThunder_cpu_None[dynamic],thunder/tests/test_dynamo.py::test_splitter_autocast_ctx_with_graph_break_DynamoThunder_cpu_None[dynamic],call,0.49,100.03
after,11,test_splitter_autograd_function_DynamoThunder_cpu_None[static],thunder/tests/test_dynamo.py::test_splitter_autograd_function_DynamoThunder_cpu_None[static],call,0.47,100.03
after,11,test_splitter_autograd_function_DynamoThunder_cpu_None[auto],thunder/tests/test_dynamo.py::test_splitter_autograd_function_DynamoThunder_cpu_None[auto],call,0.46,100.03
after,11,test_no_grad_ctx_manager_DynamoThunder_cpu_None,thunder/tests/test_dynamo.py::test_no_grad_ctx_manager_DynamoThunder_cpu_None,call,0.45,100.03
after,11,test_basic_DynamoThunder_cpu_None[auto],thunder/tests/test_dynamo.py::test_basic_DynamoThunder_cpu_None[auto],call,0.43,100.03
after,11,test_where_nonzero_overload_DynamoThunder_cpu_None,thunder/tests/test_dynamo.py::test_where_nonzero_overload_DynamoThunder_cpu_None,call,0.41,100.03
after,11,test_splitter_autocast_ctx_with_graph_break_DynamoThunder_cpu_None[static],thunder/tests/test_dynamo.py::test_splitter_autocast_ctx_with_graph_break_DynamoThunder_cpu_None[static],call,0.4,100.03
after,11,test_splitter_autocast_ctx_with_split_DynamoThunder_cpu_None[dynamic],thunder/tests/test_dynamo.py::test_splitter_autocast_ctx_with_split_DynamoThunder_cpu_None[dynamic],call,0.38,100.03
after,11,test_splitter_autocast_ctx_with_split_DynamoThunder_cpu_None[auto],thunder/tests/test_dynamo.py::test_splitter_autocast_ctx_with_split_DynamoThunder_cpu_None[auto],call,0.33,100.03
after,11,test_splitter_autocast_ctx_with_split_DynamoThunder_cpu_None[static],thunder/tests/test_dynamo.py::test_splitter_autocast_ctx_with_split_DynamoThunder_cpu_None[static],call,0.33,100.03
after,11,test_basic_splitter_DynamoThunder_cpu_None[static],thunder/tests/test_dynamo.py::test_basic_splitter_DynamoThunder_cpu_None[static],call,0.32,100.03
after,11,test_basic_splitter_DynamoThunder_cpu_None[auto],thunder/tests/test_dynamo.py::test_basic_splitter_DynamoThunder_cpu_None[auto],call,0.31,100.03
after,11,test_empty_autocast,thunder/tests/test_dynamo.py::test_empty_autocast,call,0.3,100.03
after,11,test_basic_DynamoThunder_cpu_None[static],thunder/tests/test_dynamo.py::test_basic_DynamoThunder_cpu_None[static],call,0.29,100.03
after,11,test_no_grad_enabled_grad_nested_ctx_manager_DynamoThunder_cpu_None,thunder/tests/test_dynamo.py::test_no_grad_enabled_grad_nested_ctx_manager_DynamoThunder_cpu_None,call,0.24,100.03
after,11,test_splitter_autocast_ctx_DynamoThunder_cpu_None[dynamic],thunder/tests/test_dynamo.py::test_splitter_autocast_ctx_DynamoThunder_cpu_None[dynamic],call,0.24,100.03
after,11,test_leak_on_unsupported_thunder_operator,thunder/tests/test_dynamo.py::test_leak_on_unsupported_thunder_operator,call,0.23,100.03
after,11,test_splitter_autocast_ctx_DynamoThunder_cpu_None[auto],thunder/tests/test_dynamo.py::test_splitter_autocast_ctx_DynamoThunder_cpu_None[auto],call,0.22,100.03
after,11,test_splitter_autocast_ctx_DynamoThunder_cpu_None[static],thunder/tests/test_dynamo.py::test_splitter_autocast_ctx_DynamoThunder_cpu_None[static],call,0.22,100.03
after,11,test_thunderfx_last_traces,thunder/tests/test_dynamo.py::test_thunderfx_last_traces,call,0.16,100.03
after,11,test_spliter_bwd,thunder/tests/test_dynamo.py::test_spliter_bwd,call,0.16,100.03
after,11,test_force_skip_lazy_graph_module_DynamoThunder_cpu_None,thunder/tests/test_dynamo.py::test_force_skip_lazy_graph_module_DynamoThunder_cpu_None,call,0.15,100.03
after,11,test_cat_no_split_DynamoThunder_cpu_None[True],thunder/tests/test_dynamo.py::test_cat_no_split_DynamoThunder_cpu_None[True],call,0.15,100.03
after,11,test_cat_no_split_DynamoThunder_cpu_None[False],thunder/tests/test_dynamo.py::test_cat_no_split_DynamoThunder_cpu_None[False],call,0.15,100.03
after,11,test_method_only_registrations_DynamoThunder_cpu_None,thunder/tests/test_dynamo.py::test_method_only_registrations_DynamoThunder_cpu_None,call,0.14,100.03
after,11,test_thunderfx_meta_tensor,thunder/tests/test_dynamo.py::test_thunderfx_meta_tensor,call,0.13,100.03
after,12,test_fxreport_DynamoThunder_cpu_None[benchmark],thunder/tests/test_dynamo.py::test_fxreport_DynamoThunder_cpu_None[benchmark],call,26.06,99.79
after,12,test_dynamo_reproducer_split_DynamoThunder_cpu_None[benchmark],thunder/tests/test_dynamo.py::test_dynamo_reproducer_split_DynamoThunder_cpu_None[benchmark],call,19.89,99.79
after,12,test_dynamo_reproducer_2graph_DynamoThunder_cpu_None[benchmark],thunder/tests/test_dynamo.py::test_dynamo_reproducer_2graph_DynamoThunder_cpu_None[benchmark],call,17.62,99.79
after,12,test_fxreport_DynamoThunder_cpu_None[repro],thunder/tests/test_dynamo.py::test_fxreport_DynamoThunder_cpu_None[repro],call,11.53,99.79
after,12,test_dynamo_reproducer_split_DynamoThunder_cpu_None[repro],thunder/tests/test_dynamo.py::test_dynamo_reproducer_split_DynamoThunder_cpu_None[repro],call,6.52,99.79
after,12,test_dynamo_reproducer_2graph_DynamoThunder_cpu_None[repro],thunder/tests/test_dynamo.py::test_dynamo_reproducer_2graph_DynamoThunder_cpu_None[repro],call,5.98,99.79
after,12,test_basic_DynamoThunder_cpu_None[dynamic],thunder/tests/test_dynamo.py::test_basic_DynamoThunder_cpu_None[dynamic],call,1.64,99.79
after,12,test_basic_splitter_DynamoThunder_cpu_None[dynamic],thunder/tests/test_dynamo.py::test_basic_splitter_DynamoThunder_cpu_None[dynamic],call,1.6,99.79
after,12,test_where_nonzero_overload_DynamoThunder_cpu_None,thunder/tests/test_dynamo.py::test_where_nonzero_overload_DynamoThunder_cpu_None,call,0.65,99.79
after,12,test_splitter_autograd_function_DynamoThunder_cpu_None[dynamic],thunder/tests/test_dynamo.py::test_splitter_autograd_function_DynamoThunder_cpu_None[dynamic],call,0.63,99.79
after,12,test_splitter_autocast_ctx_with_graph_break_DynamoThunder_cpu_None[auto],thunder/tests/test_dynamo.py::test_splitter_autocast_ctx_with_graph_break_DynamoThunder_cpu_None[auto],call,0.61,99.79
after,12,test_splitter_autocast_ctx_with_graph_break_DynamoThunder_cpu_None[dynamic],thunder/tests/test_dynamo.py::test_splitter_autocast_ctx_with_graph_break_DynamoThunder_cpu_None[dynamic],call,0.52,99.79
after,12,test_splitter_autograd_function_DynamoThunder_cpu_None[static],thunder/tests/test_dynamo.py::test_splitter_autograd_function_DynamoThunder_cpu_None[static],call,0.47,99.79
after,12,test_splitter_autograd_function_DynamoThunder_cpu_None[auto],thunder/tests/test_dynamo.py::test_splitter_autograd_function_DynamoThunder_cpu_None[auto],call,0.46,99.79
after,12,test_basic_DynamoThunder_cpu_None[auto],thunder/tests/test_dynamo.py::test_basic_DynamoThunder_cpu_None[auto],call,0.42,99.79
after,12,test_splitter_autocast_ctx_with_graph_break_DynamoThunder_cpu_None[static],thunder/tests/test_dynamo.py::test_splitter_autocast_ctx_with_graph_break_DynamoThunder_cpu_None[static],call,0.4,99.79
after,12,test_splitter_autocast_ctx_with_split_DynamoThunder_cpu_None[dynamic],thunder/tests/test_dynamo.py::test_splitter_autocast_ctx_with_split_DynamoThunder_cpu_None[dynamic],call,0.38,99.79
after,12,test_splitter_autocast_ctx_with_split_DynamoThunder_cpu_None[static],thunder/tests/test_dynamo.py::test_splitter_autocast_ctx_with_split_DynamoThunder_cpu_None[static],call,0.33,99.79
after,12,test_splitter_autocast_ctx_with_split_DynamoThunder_cpu_None[auto],thunder/tests/test_dynamo.py::test_splitter_autocast_ctx_with_split_DynamoThunder_cpu_None[auto],call,0.33,99.79
after,12,test_basic_splitter_DynamoThunder_cpu_None[static],thunder/tests/test_dynamo.py::test_basic_splitter_DynamoThunder_cpu_None[static],call,0.31,99.79
after,12,test_basic_splitter_DynamoThunder_cpu_None[auto],thunder/tests/test_dynamo.py::test_basic_splitter_DynamoThunder_cpu_None[auto],call,0.31,99.79
after,12,test_empty_autocast,thunder/tests/test_dynamo.py::test_empty_autocast,call,0.3,99.79
after,12,test_basic_DynamoThunder_cpu_None[static],thunder/tests/test_dynamo.py::test_basic_DynamoThunder_cpu_None[static],call,0.29,99.79
after,12,test_no_grad_enabled_grad_nested_ctx_manager_DynamoThunder_cpu_None,thunder/tests/test_dynamo.py::test_no_grad_enabled_grad_nested_ctx_manager_DynamoThunder_cpu_None,call,0.25,99.79
after,12,test_splitter_autocast_ctx_DynamoThunder_cpu_None[dynamic],thunder/tests/test_dynamo.py::test_splitter_autocast_ctx_DynamoThunder_cpu_None[dynamic],call,0.24,99.79
after,12,test_leak_on_unsupported_thunder_operator,thunder/tests/test_dynamo.py::test_leak_on_unsupported_thunder_operator,call,0.23,99.79
after,12,test_splitter_autocast_ctx_DynamoThunder_cpu_None[auto],thunder/tests/test_dynamo.py::test_splitter_autocast_ctx_DynamoThunder_cpu_None[auto],call,0.22,99.79
after,12,test_splitter_autocast_ctx_DynamoThunder_cpu_None[static],thunder/tests/test_dynamo.py::test_splitter_autocast_ctx_DynamoThunder_cpu_None[static],call,0.21,99.79
after,12,test_no_grad_ctx_manager_DynamoThunder_cpu_None,thunder/tests/test_dynamo.py::test_no_grad_ctx_manager_DynamoThunder_cpu_None,call,0.2,99.79
after,12,test_thunderfx_last_traces,thunder/tests/test_dynamo.py::test_thunderfx_last_traces,call,0.16,99.79
after,12,test_spliter_bwd,thunder/tests/test_dynamo.py::test_spliter_bwd,call,0.15,99.79
after,12,test_force_skip_lazy_graph_module_DynamoThunder_cpu_None,thunder/tests/test_dynamo.py::test_force_skip_lazy_graph_module_DynamoThunder_cpu_None,call,0.15,99.79
after,12,test_cat_no_split_DynamoThunder_cpu_None[True],thunder/tests/test_dynamo.py::test_cat_no_split_DynamoThunder_cpu_None[True],call,0.15,99.79
after,12,test_cat_no_split_DynamoThunder_cpu_None[False],thunder/tests/test_dynamo.py::test_cat_no_split_DynamoThunder_cpu_None[False],call,0.15,99.79
after,12,test_method_only_registrations_DynamoThunder_cpu_None,thunder/tests/test_dynamo.py::test_method_only_registrations_DynamoThunder_cpu_None,call,0.14,99.79
after,12,test_thunderfx_meta_tensor,thunder/tests/test_dynamo.py::test_thunderfx_meta_tensor,call,0.13,99.79
after,13,test_fxreport_DynamoThunder_cpu_None[benchmark],thunder/tests/test_dynamo.py::test_fxreport_DynamoThunder_cpu_None[benchmark],call,26.11,99.99
after,13,test_dynamo_reproducer_split_DynamoThunder_cpu_None[benchmark],thunder/tests/test_dynamo.py::test_dynamo_reproducer_split_DynamoThunder_cpu_None[benchmark],call,19.91,99.99
after,13,test_dynamo_reproducer_2graph_DynamoThunder_cpu_None[benchmark],thunder/tests/test_dynamo.py::test_dynamo_reproducer_2graph_DynamoThunder_cpu_None[benchmark],call,17.62,99.99
after,13,test_fxreport_DynamoThunder_cpu_None[repro],thunder/tests/test_dynamo.py::test_fxreport_DynamoThunder_cpu_None[repro],call,11.65,99.99
after,13,test_dynamo_reproducer_split_DynamoThunder_cpu_None[repro],thunder/tests/test_dynamo.py::test_dynamo_reproducer_split_DynamoThunder_cpu_None[repro],call,6.51,99.99
after,13,test_dynamo_reproducer_2graph_DynamoThunder_cpu_None[repro],thunder/tests/test_dynamo.py::test_dynamo_reproducer_2graph_DynamoThunder_cpu_None[repro],call,6.01,99.99
after,13,test_basic_DynamoThunder_cpu_None[dynamic],thunder/tests/test_dynamo.py::test_basic_DynamoThunder_cpu_None[dynamic],call,1.64,99.99
after,13,test_basic_splitter_DynamoThunder_cpu_None[dynamic],thunder/tests/test_dynamo.py::test_basic_splitter_DynamoThunder_cpu_None[dynamic],call,1.6,99.99
after,13,test_splitter_autograd_function_DynamoThunder_cpu_None[dynamic],thunder/tests/test_dynamo.py::test_splitter_autograd_function_DynamoThunder_cpu_None[dynamic],call,0.63,99.99
after,13,test_splitter_autocast_ctx_with_graph_break_DynamoThunder_cpu_None[auto],thunder/tests/test_dynamo.py::test_splitter_autocast_ctx_with_graph_break_DynamoThunder_cpu_None[auto],call,0.6,99.99
after,13,test_splitter_autocast_ctx_with_graph_break_DynamoThunder_cpu_None[dynamic],thunder/tests/test_dynamo.py::test_splitter_autocast_ctx_with_graph_break_DynamoThunder_cpu_None[dynamic],call,0.49,99.99
after,13,test_splitter_autograd_function_DynamoThunder_cpu_None[static],thunder/tests/test_dynamo.py::test_splitter_autograd_function_DynamoThunder_cpu_None[static],call,0.47,99.99
after,13,test_splitter_autograd_function_DynamoThunder_cpu_None[auto],thunder/tests/test_dynamo.py::test_splitter_autograd_function_DynamoThunder_cpu_None[auto],call,0.46,99.99
after,13,test_no_grad_ctx_manager_DynamoThunder_cpu_None,thunder/tests/test_dynamo.py::test_no_grad_ctx_manager_DynamoThunder_cpu_None,call,0.45,99.99
after,13,test_basic_DynamoThunder_cpu_None[auto],thunder/tests/test_dynamo.py::test_basic_DynamoThunder_cpu_None[auto],call,0.43,99.99
after,13,test_where_nonzero_overload_DynamoThunder_cpu_None,thunder/tests/test_dynamo.py::test_where_nonzero_overload_DynamoThunder_cpu_None,call,0.41,99.99
after,13,test_splitter_autocast_ctx_with_graph_break_DynamoThunder_cpu_None[static],thunder/tests/test_dynamo.py::test_splitter_autocast_ctx_with_graph_break_DynamoThunder_cpu_None[static],call,0.4,99.99
after,13,test_splitter_autocast_ctx_with_split_DynamoThunder_cpu_None[dynamic],thunder/tests/test_dynamo.py::test_splitter_autocast_ctx_with_split_DynamoThunder_cpu_None[dynamic],call,0.38,99.99
after,13,test_splitter_autocast_ctx_with_split_DynamoThunder_cpu_None[auto],thunder/tests/test_dynamo.py::test_splitter_autocast_ctx_with_split_DynamoThunder_cpu_None[auto],call,0.33,99.99
after,13,test_splitter_autocast_ctx_with_split_DynamoThunder_cpu_None[static],thunder/tests/test_dynamo.py::test_splitter_autocast_ctx_with_split_DynamoThunder_cpu_None[static],call,0.33,99.99
after,13,test_basic_splitter_DynamoThunder_cpu_None[auto],thunder/tests/test_dynamo.py::test_basic_splitter_DynamoThunder_cpu_None[auto],call,0.31,99.99
after,13,test_basic_splitter_DynamoThunder_cpu_None[static],thunder/tests/test_dynamo.py::test_basic_splitter_DynamoThunder_cpu_None[static],call,0.31,99.99
after,13,test_empty_autocast,thunder/tests/test_dynamo.py::test_empty_autocast,call,0.3,99.99
after,13,test_basic_DynamoThunder_cpu_None[static],thunder/tests/test_dynamo.py::test_basic_DynamoThunder_cpu_None[static],call,0.29,99.99
after,13,test_no_grad_enabled_grad_nested_ctx_manager_DynamoThunder_cpu_None,thunder/tests/test_dynamo.py::test_no_grad_enabled_grad_nested_ctx_manager_DynamoThunder_cpu_None,call,0.24,99.99
after,13,test_splitter_autocast_ctx_DynamoThunder_cpu_None[dynamic],thunder/tests/test_dynamo.py::test_splitter_autocast_ctx_DynamoThunder_cpu_None[dynamic],call,0.24,99.99
after,13,test_leak_on_unsupported_thunder_operator,thunder/tests/test_dynamo.py::test_leak_on_unsupported_thunder_operator,call,0.23,99.99
after,13,test_splitter_autocast_ctx_DynamoThunder_cpu_None[static],thunder/tests/test_dynamo.py::test_splitter_autocast_ctx_DynamoThunder_cpu_None[static],call,0.22,99.99
after,13,test_splitter_autocast_ctx_DynamoThunder_cpu_None[auto],thunder/tests/test_dynamo.py::test_splitter_autocast_ctx_DynamoThunder_cpu_None[auto],call,0.22,99.99
after,13,test_thunderfx_last_traces,thunder/tests/test_dynamo.py::test_thunderfx_last_traces,call,0.16,99.99
after,13,test_spliter_bwd,thunder/tests/test_dynamo.py::test_spliter_bwd,call,0.16,99.99
after,13,test_cat_no_split_DynamoThunder_cpu_None[False],thunder/tests/test_dynamo.py::test_cat_no_split_DynamoThunder_cpu_None[False],call,0.15,99.99
after,13,test_force_skip_lazy_graph_module_DynamoThunder_cpu_None,thunder/tests/test_dynamo.py::test_force_skip_lazy_graph_module_DynamoThunder_cpu_None,call,0.15,99.99
after,13,test_cat_no_split_DynamoThunder_cpu_None[True],thunder/tests/test_dynamo.py::test_cat_no_split_DynamoThunder_cpu_None[True],call,0.14,99.99
after,13,test_method_only_registrations_DynamoThunder_cpu_None,thunder/tests/test_dynamo.py::test_method_only_registrations_DynamoThunder_cpu_None,call,0.14,99.99
after,13,test_thunderfx_meta_tensor,thunder/tests/test_dynamo.py::test_thunderfx_meta_tensor,call,0.13,99.99
after,14,test_fxreport_DynamoThunder_cpu_None[benchmark],thunder/tests/test_dynamo.py::test_fxreport_DynamoThunder_cpu_None[benchmark],call,25.95,99.92
after,14,test_dynamo_reproducer_split_DynamoThunder_cpu_None[benchmark],thunder/tests/test_dynamo.py::test_dynamo_reproducer_split_DynamoThunder_cpu_None[benchmark],call,19.88,99.92
after,14,test_dynamo_reproducer_2graph_DynamoThunder_cpu_None[benchmark],thunder/tests/test_dynamo.py::test_dynamo_reproducer_2graph_DynamoThunder_cpu_None[benchmark],call,17.67,99.92
after,14,test_fxreport_DynamoThunder_cpu_None[repro],thunder/tests/test_dynamo.py::test_fxreport_DynamoThunder_cpu_None[repro],call,11.6,99.92
after,14,test_dynamo_reproducer_split_DynamoThunder_cpu_None[repro],thunder/tests/test_dynamo.py::test_dynamo_reproducer_split_DynamoThunder_cpu_None[repro],call,6.54,99.92
after,14,test_dynamo_reproducer_2graph_DynamoThunder_cpu_None[repro],thunder/tests/test_dynamo.py::test_dynamo_reproducer_2graph_DynamoThunder_cpu_None[repro],call,6.02,99.92
after,14,test_basic_DynamoThunder_cpu_None[dynamic],thunder/tests/test_dynamo.py::test_basic_DynamoThunder_cpu_None[dynamic],call,1.67,99.92
after,14,test_basic_splitter_DynamoThunder_cpu_None[dynamic],thunder/tests/test_dynamo.py::test_basic_splitter_DynamoThunder_cpu_None[dynamic],call,1.61,99.92
after,14,test_splitter_autograd_function_DynamoThunder_cpu_None[dynamic],thunder/tests/test_dynamo.py::test_splitter_autograd_function_DynamoThunder_cpu_None[dynamic],call,0.64,99.92
after,14,test_splitter_autocast_ctx_with_graph_break_DynamoThunder_cpu_None[auto],thunder/tests/test_dynamo.py::test_splitter_autocast_ctx_with_graph_break_DynamoThunder_cpu_None[auto],call,0.62,99.92
after,14,test_splitter_autocast_ctx_with_graph_break_DynamoThunder_cpu_None[dynamic],thunder/tests/test_dynamo.py::test_splitter_autocast_ctx_with_graph_break_DynamoThunder_cpu_None[dynamic],call,0.49,99.92
after,14,test_no_grad_enabled_grad_nested_ctx_manager_DynamoThunder_cpu_None,thunder/tests/test_dynamo.py::test_no_grad_enabled_grad_nested_ctx_manager_DynamoThunder_cpu_None,call,0.49,99.92
after,14,test_splitter_autograd_function_DynamoThunder_cpu_None[static],thunder/tests/test_dynamo.py::test_splitter_autograd_function_DynamoThunder_cpu_None[static],call,0.47,99.92
after,14,test_splitter_autograd_function_DynamoThunder_cpu_None[auto],thunder/tests/test_dynamo.py::test_splitter_autograd_function_DynamoThunder_cpu_None[auto],call,0.46,99.92
after,14,test_basic_DynamoThunder_cpu_None[auto],thunder/tests/test_dynamo.py::test_basic_DynamoThunder_cpu_None[auto],call,0.42,99.92
after,14,test_splitter_autocast_ctx_with_graph_break_DynamoThunder_cpu_None[static],thunder/tests/test_dynamo.py::test_splitter_autocast_ctx_with_graph_break_DynamoThunder_cpu_None[static],call,0.41,99.92
after,14,test_where_nonzero_overload_DynamoThunder_cpu_None,thunder/tests/test_dynamo.py::test_where_nonzero_overload_DynamoThunder_cpu_None,call,0.4,99.92
after,14,test_splitter_autocast_ctx_with_split_DynamoThunder_cpu_None[dynamic],thunder/tests/test_dynamo.py::test_splitter_autocast_ctx_with_split_DynamoThunder_cpu_None[dynamic],call,0.39,99.92
after,14,test_splitter_autocast_ctx_with_split_DynamoThunder_cpu_None[static],thunder/tests/test_dynamo.py::test_splitter_autocast_ctx_with_split_DynamoThunder_cpu_None[static],call,0.33,99.92
after,14,test_splitter_autocast_ctx_with_split_DynamoThunder_cpu_None[auto],thunder/tests/test_dynamo.py::test_splitter_autocast_ctx_with_split_DynamoThunder_cpu_None[auto],call,0.33,99.92
after,14,test_basic_splitter_DynamoThunder_cpu_None[auto],thunder/tests/test_dynamo.py::test_basic_splitter_DynamoThunder_cpu_None[auto],call,0.32,99.92
after,14,test_basic_splitter_DynamoThunder_cpu_None[static],thunder/tests/test_dynamo.py::test_basic_splitter_DynamoThunder_cpu_None[static],call,0.32,99.92
after,14,test_basic_DynamoThunder_cpu_None[static],thunder/tests/test_dynamo.py::test_basic_DynamoThunder_cpu_None[static],call,0.3,99.92
after,14,test_empty_autocast,thunder/tests/test_dynamo.py::test_empty_autocast,call,0.3,99.92
after,14,test_splitter_autocast_ctx_DynamoThunder_cpu_None[dynamic],thunder/tests/test_dynamo.py::test_splitter_autocast_ctx_DynamoThunder_cpu_None[dynamic],call,0.24,99.92
after,14,test_leak_on_unsupported_thunder_operator,thunder/tests/test_dynamo.py::test_leak_on_unsupported_thunder_operator,call,0.23,99.92
after,14,test_splitter_autocast_ctx_DynamoThunder_cpu_None[static],thunder/tests/test_dynamo.py::test_splitter_autocast_ctx_DynamoThunder_cpu_None[static],call,0.22,99.92
after,14,test_splitter_autocast_ctx_DynamoThunder_cpu_None[auto],thunder/tests/test_dynamo.py::test_splitter_autocast_ctx_DynamoThunder_cpu_None[auto],call,0.22,99.92
after,14,test_no_grad_ctx_manager_DynamoThunder_cpu_None,thunder/tests/test_dynamo.py::test_no_grad_ctx_manager_DynamoThunder_cpu_None,call,0.2,99.92
after,14,test_thunderfx_last_traces,thunder/tests/test_dynamo.py::test_thunderfx_last_traces,call,0.16,99.92
after,14,test_spliter_bwd,thunder/tests/test_dynamo.py::test_spliter_bwd,call,0.15,99.92
after,14,test_cat_no_split_DynamoThunder_cpu_None[False],thunder/tests/test_dynamo.py::test_cat_no_split_DynamoThunder_cpu_None[False],call,0.15,99.92
after,14,test_cat_no_split_DynamoThunder_cpu_None[True],thunder/tests/test_dynamo.py::test_cat_no_split_DynamoThunder_cpu_None[True],call,0.15,99.92
after,14,test_force_skip_lazy_graph_module_DynamoThunder_cpu_None,thunder/tests/test_dynamo.py::test_force_skip_lazy_graph_module_DynamoThunder_cpu_None,call,0.15,99.92
after,14,test_method_only_registrations_DynamoThunder_cpu_None,thunder/tests/test_dynamo.py::test_method_only_registrations_DynamoThunder_cpu_None,call,0.14,99.92
after,14,test_thunderfx_meta_tensor,thunder/tests/test_dynamo.py::test_thunderfx_meta_tensor,call,0.13,99.92
after,15,test_fxreport_DynamoThunder_cpu_None[benchmark],thunder/tests/test_dynamo.py::test_fxreport_DynamoThunder_cpu_None[benchmark],call,26.09,100.06
after,15,test_dynamo_reproducer_split_DynamoThunder_cpu_None[benchmark],thunder/tests/test_dynamo.py::test_dynamo_reproducer_split_DynamoThunder_cpu_None[benchmark],call,19.9,100.06
after,15,test_dynamo_reproducer_2graph_DynamoThunder_cpu_None[benchmark],thunder/tests/test_dynamo.py::test_dynamo_reproducer_2graph_DynamoThunder_cpu_None[benchmark],call,17.68,100.06
after,15,test_fxreport_DynamoThunder_cpu_None[repro],thunder/tests/test_dynamo.py::test_fxreport_DynamoThunder_cpu_None[repro],call,11.55,100.06
after,15,test_dynamo_reproducer_split_DynamoThunder_cpu_None[repro],thunder/tests/test_dynamo.py::test_dynamo_reproducer_split_DynamoThunder_cpu_None[repro],call,6.52,100.06
after,15,test_dynamo_reproducer_2graph_DynamoThunder_cpu_None[repro],thunder/tests/test_dynamo.py::test_dynamo_reproducer_2graph_DynamoThunder_cpu_None[repro],call,6.05,100.06
after,15,test_basic_DynamoThunder_cpu_None[dynamic],thunder/tests/test_dynamo.py::test_basic_DynamoThunder_cpu_None[dynamic],call,1.64,100.06
after,15,test_basic_splitter_DynamoThunder_cpu_None[dynamic],thunder/tests/test_dynamo.py::test_basic_splitter_DynamoThunder_cpu_None[dynamic],call,1.59,100.06
after,15,test_splitter_autograd_function_DynamoThunder_cpu_None[dynamic],thunder/tests/test_dynamo.py::test_splitter_autograd_function_DynamoThunder_cpu_None[dynamic],call,0.64,100.06
after,15,test_splitter_autocast_ctx_with_graph_break_DynamoThunder_cpu_None[auto],thunder/tests/test_dynamo.py::test_splitter_autocast_ctx_with_graph_break_DynamoThunder_cpu_None[auto],call,0.61,100.06
after,15,test_splitter_autocast_ctx_with_graph_break_DynamoThunder_cpu_None[dynamic],thunder/tests/test_dynamo.py::test_splitter_autocast_ctx_with_graph_break_DynamoThunder_cpu_None[dynamic],call,0.49,100.06
after,15,test_splitter_autograd_function_DynamoThunder_cpu_None[auto],thunder/tests/test_dynamo.py::test_splitter_autograd_function_DynamoThunder_cpu_None[auto],call,0.47,100.06
after,15,test_splitter_autograd_function_DynamoThunder_cpu_None[static],thunder/tests/test_dynamo.py::test_splitter_autograd_function_DynamoThunder_cpu_None[static],call,0.47,100.06
after,15,test_no_grad_ctx_manager_DynamoThunder_cpu_None,thunder/tests/test_dynamo.py::test_no_grad_ctx_manager_DynamoThunder_cpu_None,call,0.45,100.06
after,15,test_basic_DynamoThunder_cpu_None[auto],thunder/tests/test_dynamo.py::test_basic_DynamoThunder_cpu_None[auto],call,0.42,100.06
after,15,test_where_nonzero_overload_DynamoThunder_cpu_None,thunder/tests/test_dynamo.py::test_where_nonzero_overload_DynamoThunder_cpu_None,call,0.42,100.06
after,15,test_splitter_autocast_ctx_with_graph_break_DynamoThunder_cpu_None[static],thunder/tests/test_dynamo.py::test_splitter_autocast_ctx_with_graph_break_DynamoThunder_cpu_None[static],call,0.41,100.06
after,15,test_splitter_autocast_ctx_with_split_DynamoThunder_cpu_None[dynamic],thunder/tests/test_dynamo.py::test_splitter_autocast_ctx_with_split_DynamoThunder_cpu_None[dynamic],call,0.39,100.06
after,15,test_splitter_autocast_ctx_with_split_DynamoThunder_cpu_None[static],thunder/tests/test_dynamo.py::test_splitter_autocast_ctx_with_split_DynamoThunder_cpu_None[static],call,0.34,100.06
after,15,test_splitter_autocast_ctx_with_split_DynamoThunder_cpu_None[auto],thunder/tests/test_dynamo.py::test_splitter_autocast_ctx_with_split_DynamoThunder_cpu_None[auto],call,0.33,100.06
after,15,test_basic_splitter_DynamoThunder_cpu_None[static],thunder/tests/test_dynamo.py::test_basic_splitter_DynamoThunder_cpu_None[static],call,0.32,100.06
after,15,test_basic_splitter_DynamoThunder_cpu_None[auto],thunder/tests/test_dynamo.py::test_basic_splitter_DynamoThunder_cpu_None[auto],call,0.32,100.06
after,15,test_empty_autocast,thunder/tests/test_dynamo.py::test_empty_autocast,call,0.3,100.06
after,15,test_basic_DynamoThunder_cpu_None[static],thunder/tests/test_dynamo.py::test_basic_DynamoThunder_cpu_None[static],call,0.3,100.06
after,15,test_no_grad_enabled_grad_nested_ctx_manager_DynamoThunder_cpu_None,thunder/tests/test_dynamo.py::test_no_grad_enabled_grad_nested_ctx_manager_DynamoThunder_cpu_None,call,0.24,100.06
after,15,test_splitter_autocast_ctx_DynamoThunder_cpu_None[dynamic],thunder/tests/test_dynamo.py::test_splitter_autocast_ctx_DynamoThunder_cpu_None[dynamic],call,0.24,100.06
after,15,test_leak_on_unsupported_thunder_operator,thunder/tests/test_dynamo.py::test_leak_on_unsupported_thunder_operator,call,0.23,100.06
after,15,test_splitter_autocast_ctx_DynamoThunder_cpu_None[static],thunder/tests/test_dynamo.py::test_splitter_autocast_ctx_DynamoThunder_cpu_None[static],call,0.22,100.06
after,15,test_splitter_autocast_ctx_DynamoThunder_cpu_None[auto],thunder/tests/test_dynamo.py::test_splitter_autocast_ctx_DynamoThunder_cpu_None[auto],call,0.22,100.06
after,15,test_thunderfx_last_traces,thunder/tests/test_dynamo.py::test_thunderfx_last_traces,call,0.16,100.06
after,15,test_spliter_bwd,thunder/tests/test_dynamo.py::test_spliter_bwd,call,0.16,100.06
after,15,test_cat_no_split_DynamoThunder_cpu_None[False],thunder/tests/test_dynamo.py::test_cat_no_split_DynamoThunder_cpu_None[False],call,0.15,100.06
after,15,test_force_skip_lazy_graph_module_DynamoThunder_cpu_None,thunder/tests/test_dynamo.py::test_force_skip_lazy_graph_module_DynamoThunder_cpu_None,call,0.15,100.06
after,15,test_cat_no_split_DynamoThunder_cpu_None[True],thunder/tests/test_dynamo.py::test_cat_no_split_DynamoThunder_cpu_None[True],call,0.15,100.06
after,15,test_method_only_registrations_DynamoThunder_cpu_None,thunder/tests/test_dynamo.py::test_method_only_registrations_DynamoThunder_cpu_None,call,0.14,100.06
after,15,test_thunderfx_meta_tensor,thunder/tests/test_dynamo.py::test_thunderfx_meta_tensor,call,0.13,100.06
after,16,test_fxreport_DynamoThunder_cpu_None[benchmark],thunder/tests/test_dynamo.py::test_fxreport_DynamoThunder_cpu_None[benchmark],call,26.01,99.84
after,16,test_dynamo_reproducer_split_DynamoThunder_cpu_None[benchmark],thunder/tests/test_dynamo.py::test_dynamo_reproducer_split_DynamoThunder_cpu_None[benchmark],call,19.85,99.84
after,16,test_dynamo_reproducer_2graph_DynamoThunder_cpu_None[benchmark],thunder/tests/test_dynamo.py::test_dynamo_reproducer_2graph_DynamoThunder_cpu_None[benchmark],call,17.62,99.84
after,16,test_fxreport_DynamoThunder_cpu_None[repro],thunder/tests/test_dynamo.py::test_fxreport_DynamoThunder_cpu_None[repro],call,11.52,99.84
after,16,test_dynamo_reproducer_split_DynamoThunder_cpu_None[repro],thunder/tests/test_dynamo.py::test_dynamo_reproducer_split_DynamoThunder_cpu_None[repro],call,6.53,99.84
after,16,test_dynamo_reproducer_2graph_DynamoThunder_cpu_None[repro],thunder/tests/test_dynamo.py::test_dynamo_reproducer_2graph_DynamoThunder_cpu_None[repro],call,6.01,99.84
after,16,test_basic_DynamoThunder_cpu_None[dynamic],thunder/tests/test_dynamo.py::test_basic_DynamoThunder_cpu_None[dynamic],call,1.64,99.84
after,16,test_basic_splitter_DynamoThunder_cpu_None[dynamic],thunder/tests/test_dynamo.py::test_basic_splitter_DynamoThunder_cpu_None[dynamic],call,1.6,99.84
after,16,test_splitter_autograd_function_DynamoThunder_cpu_None[dynamic],thunder/tests/test_dynamo.py::test_splitter_autograd_function_DynamoThunder_cpu_None[dynamic],call,0.64,99.84
after,16,test_splitter_autocast_ctx_with_graph_break_DynamoThunder_cpu_None[auto],thunder/tests/test_dynamo.py::test_splitter_autocast_ctx_with_graph_break_DynamoThunder_cpu_None[auto],call,0.61,99.84
after,16,test_splitter_autocast_ctx_with_graph_break_DynamoThunder_cpu_None[dynamic],thunder/tests/test_dynamo.py::test_splitter_autocast_ctx_with_graph_break_DynamoThunder_cpu_None[dynamic],call,0.49,99.84
after,16,test_splitter_autograd_function_DynamoThunder_cpu_None[auto],thunder/tests/test_dynamo.py::test_splitter_autograd_function_DynamoThunder_cpu_None[auto],call,0.48,99.84
after,16,test_splitter_autograd_function_DynamoThunder_cpu_None[static],thunder/tests/test_dynamo.py::test_splitter_autograd_function_DynamoThunder_cpu_None[static],call,0.47,99.84
after,16,test_no_grad_ctx_manager_DynamoThunder_cpu_None,thunder/tests/test_dynamo.py::test_no_grad_ctx_manager_DynamoThunder_cpu_None,call,0.44,99.84
after,16,test_basic_DynamoThunder_cpu_None[auto],thunder/tests/test_dynamo.py::test_basic_DynamoThunder_cpu_None[auto],call,0.43,99.84
after,16,test_splitter_autocast_ctx_with_graph_break_DynamoThunder_cpu_None[static],thunder/tests/test_dynamo.py::test_splitter_autocast_ctx_with_graph_break_DynamoThunder_cpu_None[static],call,0.42,99.84
after,16,test_where_nonzero_overload_DynamoThunder_cpu_None,thunder/tests/test_dynamo.py::test_where_nonzero_overload_DynamoThunder_cpu_None,call,0.41,99.84
after,16,test_splitter_autocast_ctx_with_split_DynamoThunder_cpu_None[dynamic],thunder/tests/test_dynamo.py::test_splitter_autocast_ctx_with_split_DynamoThunder_cpu_None[dynamic],call,0.39,99.84
after,16,test_splitter_autocast_ctx_with_split_DynamoThunder_cpu_None[static],thunder/tests/test_dynamo.py::test_splitter_autocast_ctx_with_split_DynamoThunder_cpu_None[static],call,0.33,99.84
after,16,test_splitter_autocast_ctx_with_split_DynamoThunder_cpu_None[auto],thunder/tests/test_dynamo.py::test_splitter_autocast_ctx_with_split_DynamoThunder_cpu_None[auto],call,0.33,99.84
after,16,test_basic_splitter_DynamoThunder_cpu_None[auto],thunder/tests/test_dynamo.py::test_basic_splitter_DynamoThunder_cpu_None[auto],call,0.32,99.84
after,16,test_basic_splitter_DynamoThunder_cpu_None[static],thunder/tests/test_dynamo.py::test_basic_splitter_DynamoThunder_cpu_None[static],call,0.32,99.84
after,16,test_basic_DynamoThunder_cpu_None[static],thunder/tests/test_dynamo.py::test_basic_DynamoThunder_cpu_None[static],call,0.3,99.84
after,16,test_empty_autocast,thunder/tests/test_dynamo.py::test_empty_autocast,call,0.3,99.84
after,16,test_splitter_autocast_ctx_DynamoThunder_cpu_None[dynamic],thunder/tests/test_dynamo.py::test_splitter_autocast_ctx_DynamoThunder_cpu_None[dynamic],call,0.24,99.84
after,16,test_no_grad_enabled_grad_nested_ctx_manager_DynamoThunder_cpu_None,thunder/tests/test_dynamo.py::test_no_grad_enabled_grad_nested_ctx_manager_DynamoThunder_cpu_None,call,0.24,99.84
after,16,test_leak_on_unsupported_thunder_operator,thunder/tests/test_dynamo.py::test_leak_on_unsupported_thunder_operator,call,0.23,99.84
after,16,test_splitter_autocast_ctx_DynamoThunder_cpu_None[auto],thunder/tests/test_dynamo.py::test_splitter_autocast_ctx_DynamoThunder_cpu_None[auto],call,0.22,99.84
after,16,test_splitter_autocast_ctx_DynamoThunder_cpu_None[static],thunder/tests/test_dynamo.py::test_splitter_autocast_ctx_DynamoThunder_cpu_None[static],call,0.22,99.84
after,16,test_thunderfx_last_traces,thunder/tests/test_dynamo.py::test_thunderfx_last_traces,call,0.16,99.84
after,16,test_spliter_bwd,thunder/tests/test_dynamo.py::test_spliter_bwd,call,0.16,99.84
after,16,test_cat_no_split_DynamoThunder_cpu_None[True],thunder/tests/test_dynamo.py::test_cat_no_split_DynamoThunder_cpu_None[True],call,0.15,99.84
after,16,test_cat_no_split_DynamoThunder_cpu_None[False],thunder/tests/test_dynamo.py::test_cat_no_split_DynamoThunder_cpu_None[False],call,0.15,99.84
after,16,test_force_skip_lazy_graph_module_DynamoThunder_cpu_None,thunder/tests/test_dynamo.py::test_force_skip_lazy_graph_module_DynamoThunder_cpu_None,call,0.15,99.84
after,16,test_method_only_registrations_DynamoThunder_cpu_None,thunder/tests/test_dynamo.py::test_method_only_registrations_DynamoThunder_cpu_None,call,0.14,99.84
after,16,test_thunderfx_meta_tensor,thunder/tests/test_dynamo.py::test_thunderfx_meta_tensor,call,0.13,99.84
after,17,test_fxreport_DynamoThunder_cpu_None[benchmark],thunder/tests/test_dynamo.py::test_fxreport_DynamoThunder_cpu_None[benchmark],call,26.06,99.93
after,17,test_dynamo_reproducer_split_DynamoThunder_cpu_None[benchmark],thunder/tests/test_dynamo.py::test_dynamo_reproducer_split_DynamoThunder_cpu_None[benchmark],call,19.92,99.93
after,17,test_dynamo_reproducer_2graph_DynamoThunder_cpu_None[benchmark],thunder/tests/test_dynamo.py::test_dynamo_reproducer_2graph_DynamoThunder_cpu_None[benchmark],call,17.7,99.93
after,17,test_fxreport_DynamoThunder_cpu_None[repro],thunder/tests/test_dynamo.py::test_fxreport_DynamoThunder_cpu_None[repro],call,11.58,99.93
after,17,test_dynamo_reproducer_split_DynamoThunder_cpu_None[repro],thunder/tests/test_dynamo.py::test_dynamo_reproducer_split_DynamoThunder_cpu_None[repro],call,6.52,99.93
after,17,test_dynamo_reproducer_2graph_DynamoThunder_cpu_None[repro],thunder/tests/test_dynamo.py::test_dynamo_reproducer_2graph_DynamoThunder_cpu_None[repro],call,6.01,99.93
after,17,test_basic_DynamoThunder_cpu_None[dynamic],thunder/tests/test_dynamo.py::test_basic_DynamoThunder_cpu_None[dynamic],call,1.64,99.93
after,17,test_basic_splitter_DynamoThunder_cpu_None[dynamic],thunder/tests/test_dynamo.py::test_basic_splitter_DynamoThunder_cpu_None[dynamic],call,1.59,99.93
after,17,test_splitter_autograd_function_DynamoThunder_cpu_None[dynamic],thunder/tests/test_dynamo.py::test_splitter_autograd_function_DynamoThunder_cpu_None[dynamic],call,0.63,99.93
after,17,test_splitter_autocast_ctx_with_graph_break_DynamoThunder_cpu_None[auto],thunder/tests/test_dynamo.py::test_splitter_autocast_ctx_with_graph_break_DynamoThunder_cpu_None[auto],call,0.61,99.93
after,17,test_splitter_autocast_ctx_with_graph_break_DynamoThunder_cpu_None[dynamic],thunder/tests/test_dynamo.py::test_splitter_autocast_ctx_with_graph_break_DynamoThunder_cpu_None[dynamic],call,0.49,99.93
after,17,test_splitter_autograd_function_DynamoThunder_cpu_None[static],thunder/tests/test_dynamo.py::test_splitter_autograd_function_DynamoThunder_cpu_None[static],call,0.47,99.93
after,17,test_splitter_autograd_function_DynamoThunder_cpu_None[auto],thunder/tests/test_dynamo.py::test_splitter_autograd_function_DynamoThunder_cpu_None[auto],call,0.46,99.93
after,17,test_no_grad_ctx_manager_DynamoThunder_cpu_None,thunder/tests/test_dynamo.py::test_no_grad_ctx_manager_DynamoThunder_cpu_None,call,0.44,99.93
after,17,test_basic_DynamoThunder_cpu_None[auto],thunder/tests/test_dynamo.py::test_basic_DynamoThunder_cpu_None[auto],call,0.42,99.93
after,17,test_where_nonzero_overload_DynamoThunder_cpu_None,thunder/tests/test_dynamo.py::test_where_nonzero_overload_DynamoThunder_cpu_None,call,0.4,99.93
after,17,test_splitter_autocast_ctx_with_graph_break_DynamoThunder_cpu_None[static],thunder/tests/test_dynamo.py::test_splitter_autocast_ctx_with_graph_break_DynamoThunder_cpu_None[static],call,0.4,99.93
after,17,test_splitter_autocast_ctx_with_split_DynamoThunder_cpu_None[dynamic],thunder/tests/test_dynamo.py::test_splitter_autocast_ctx_with_split_DynamoThunder_cpu_None[dynamic],call,0.38,99.93
after,17,test_splitter_autocast_ctx_with_split_DynamoThunder_cpu_None[static],thunder/tests/test_dynamo.py::test_splitter_autocast_ctx_with_split_DynamoThunder_cpu_None[static],call,0.33,99.93
after,17,test_splitter_autocast_ctx_with_split_DynamoThunder_cpu_None[auto],thunder/tests/test_dynamo.py::test_splitter_autocast_ctx_with_split_DynamoThunder_cpu_None[auto],call,0.33,99.93
after,17,test_basic_splitter_DynamoThunder_cpu_None[static],thunder/tests/test_dynamo.py::test_basic_splitter_DynamoThunder_cpu_None[static],call,0.31,99.93
after,17,test_basic_splitter_DynamoThunder_cpu_None[auto],thunder/tests/test_dynamo.py::test_basic_splitter_DynamoThunder_cpu_None[auto],call,0.31,99.93
after,17,test_empty_autocast,thunder/tests/test_dynamo.py::test_empty_autocast,call,0.3,99.93
after,17,test_basic_DynamoThunder_cpu_None[static],thunder/tests/test_dynamo.py::test_basic_DynamoThunder_cpu_None[static],call,0.3,99.93
after,17,test_no_grad_enabled_grad_nested_ctx_manager_DynamoThunder_cpu_None,thunder/tests/test_dynamo.py::test_no_grad_enabled_grad_nested_ctx_manager_DynamoThunder_cpu_None,call,0.24,99.93
after,17,test_splitter_autocast_ctx_DynamoThunder_cpu_None[dynamic],thunder/tests/test_dynamo.py::test_splitter_autocast_ctx_DynamoThunder_cpu_None[dynamic],call,0.24,99.93
after,17,test_leak_on_unsupported_thunder_operator,thunder/tests/test_dynamo.py::test_leak_on_unsupported_thunder_operator,call,0.23,99.93
after,17,test_splitter_autocast_ctx_DynamoThunder_cpu_None[auto],thunder/tests/test_dynamo.py::test_splitter_autocast_ctx_DynamoThunder_cpu_None[auto],call,0.22,99.93
after,17,test_splitter_autocast_ctx_DynamoThunder_cpu_None[static],thunder/tests/test_dynamo.py::test_splitter_autocast_ctx_DynamoThunder_cpu_None[static],call,0.22,99.93
after,17,test_thunderfx_last_traces,thunder/tests/test_dynamo.py::test_thunderfx_last_traces,call,0.16,99.93
after,17,test_spliter_bwd,thunder/tests/test_dynamo.py::test_spliter_bwd,call,0.15,99.93
after,17,test_cat_no_split_DynamoThunder_cpu_None[False],thunder/tests/test_dynamo.py::test_cat_no_split_DynamoThunder_cpu_None[False],call,0.15,99.93
after,17,test_force_skip_lazy_graph_module_DynamoThunder_cpu_None,thunder/tests/test_dynamo.py::test_force_skip_lazy_graph_module_DynamoThunder_cpu_None,call,0.15,99.93
after,17,test_cat_no_split_DynamoThunder_cpu_None[True],thunder/tests/test_dynamo.py::test_cat_no_split_DynamoThunder_cpu_None[True],call,0.14,99.93
after,17,test_method_only_registrations_DynamoThunder_cpu_None,thunder/tests/test_dynamo.py::test_method_only_registrations_DynamoThunder_cpu_None,call,0.14,99.93
after,17,test_thunderfx_meta_tensor,thunder/tests/test_dynamo.py::test_thunderfx_meta_tensor,call,0.13,99.93
after,18,test_fxreport_DynamoThunder_cpu_None[benchmark],thunder/tests/test_dynamo.py::test_fxreport_DynamoThunder_cpu_None[benchmark],call,26.06,99.8
after,18,test_dynamo_reproducer_split_DynamoThunder_cpu_None[benchmark],thunder/tests/test_dynamo.py::test_dynamo_reproducer_split_DynamoThunder_cpu_None[benchmark],call,19.79,99.8
after,18,test_dynamo_reproducer_2graph_DynamoThunder_cpu_None[benchmark],thunder/tests/test_dynamo.py::test_dynamo_reproducer_2graph_DynamoThunder_cpu_None[benchmark],call,17.66,99.8
after,18,test_fxreport_DynamoThunder_cpu_None[repro],thunder/tests/test_dynamo.py::test_fxreport_DynamoThunder_cpu_None[repro],call,11.52,99.8
after,18,test_dynamo_reproducer_split_DynamoThunder_cpu_None[repro],thunder/tests/test_dynamo.py::test_dynamo_reproducer_split_DynamoThunder_cpu_None[repro],call,6.5,99.8
after,18,test_dynamo_reproducer_2graph_DynamoThunder_cpu_None[repro],thunder/tests/test_dynamo.py::test_dynamo_reproducer_2graph_DynamoThunder_cpu_None[repro],call,6.0,99.8
after,18,test_basic_DynamoThunder_cpu_None[dynamic],thunder/tests/test_dynamo.py::test_basic_DynamoThunder_cpu_None[dynamic],call,1.66,99.8
after,18,test_basic_splitter_DynamoThunder_cpu_None[dynamic],thunder/tests/test_dynamo.py::test_basic_splitter_DynamoThunder_cpu_None[dynamic],call,1.6,99.8
after,18,test_splitter_autograd_function_DynamoThunder_cpu_None[dynamic],thunder/tests/test_dynamo.py::test_splitter_autograd_function_DynamoThunder_cpu_None[dynamic],call,0.63,99.8
after,18,test_splitter_autocast_ctx_with_graph_break_DynamoThunder_cpu_None[auto],thunder/tests/test_dynamo.py::test_splitter_autocast_ctx_with_graph_break_DynamoThunder_cpu_None[auto],call,0.62,99.8
after,18,test_splitter_autocast_ctx_with_graph_break_DynamoThunder_cpu_None[dynamic],thunder/tests/test_dynamo.py::test_splitter_autocast_ctx_with_graph_break_DynamoThunder_cpu_None[dynamic],call,0.49,99.8
after,18,test_splitter_autograd_function_DynamoThunder_cpu_None[static],thunder/tests/test_dynamo.py::test_splitter_autograd_function_DynamoThunder_cpu_None[static],call,0.48,99.8
after,18,test_splitter_autograd_function_DynamoThunder_cpu_None[auto],thunder/tests/test_dynamo.py::test_splitter_autograd_function_DynamoThunder_cpu_None[auto],call,0.47,99.8
after,18,test_no_grad_ctx_manager_DynamoThunder_cpu_None,thunder/tests/test_dynamo.py::test_no_grad_ctx_manager_DynamoThunder_cpu_None,call,0.45,99.8
after,18,test_basic_DynamoThunder_cpu_None[auto],thunder/tests/test_dynamo.py::test_basic_DynamoThunder_cpu_None[auto],call,0.43,99.8
after,18,test_where_nonzero_overload_DynamoThunder_cpu_None,thunder/tests/test_dynamo.py::test_where_nonzero_overload_DynamoThunder_cpu_None,call,0.41,99.8
after,18,test_splitter_autocast_ctx_with_graph_break_DynamoThunder_cpu_None[static],thunder/tests/test_dynamo.py::test_splitter_autocast_ctx_with_graph_break_DynamoThunder_cpu_None[static],call,0.4,99.8
after,18,test_splitter_autocast_ctx_with_split_DynamoThunder_cpu_None[dynamic],thunder/tests/test_dynamo.py::test_splitter_autocast_ctx_with_split_DynamoThunder_cpu_None[dynamic],call,0.39,99.8
after,18,test_splitter_autocast_ctx_with_split_DynamoThunder_cpu_None[auto],thunder/tests/test_dynamo.py::test_splitter_autocast_ctx_with_split_DynamoThunder_cpu_None[auto],call,0.33,99.8
after,18,test_splitter_autocast_ctx_with_split_DynamoThunder_cpu_None[static],thunder/tests/test_dynamo.py::test_splitter_autocast_ctx_with_split_DynamoThunder_cpu_None[static],call,0.33,99.8
after,18,test_basic_splitter_DynamoThunder_cpu_None[auto],thunder/tests/test_dynamo.py::test_basic_splitter_DynamoThunder_cpu_None[auto],call,0.31,99.8
after,18,test_basic_splitter_DynamoThunder_cpu_None[static],thunder/tests/test_dynamo.py::test_basic_splitter_DynamoThunder_cpu_None[static],call,0.31,99.8
after,18,test_empty_autocast,thunder/tests/test_dynamo.py::test_empty_autocast,call,0.3,99.8
after,18,test_basic_DynamoThunder_cpu_None[static],thunder/tests/test_dynamo.py::test_basic_DynamoThunder_cpu_None[static],call,0.3,99.8
after,18,test_no_grad_enabled_grad_nested_ctx_manager_DynamoThunder_cpu_None,thunder/tests/test_dynamo.py::test_no_grad_enabled_grad_nested_ctx_manager_DynamoThunder_cpu_None,call,0.24,99.8
after,18,test_splitter_autocast_ctx_DynamoThunder_cpu_None[dynamic],thunder/tests/test_dynamo.py::test_splitter_autocast_ctx_DynamoThunder_cpu_None[dynamic],call,0.24,99.8
after,18,test_leak_on_unsupported_thunder_operator,thunder/tests/test_dynamo.py::test_leak_on_unsupported_thunder_operator,call,0.23,99.8
after,18,test_splitter_autocast_ctx_DynamoThunder_cpu_None[static],thunder/tests/test_dynamo.py::test_splitter_autocast_ctx_DynamoThunder_cpu_None[static],call,0.22,99.8
after,18,test_splitter_autocast_ctx_DynamoThunder_cpu_None[auto],thunder/tests/test_dynamo.py::test_splitter_autocast_ctx_DynamoThunder_cpu_None[auto],call,0.22,99.8
after,18,test_thunderfx_last_traces,thunder/tests/test_dynamo.py::test_thunderfx_last_traces,call,0.16,99.8
after,18,test_spliter_bwd,thunder/tests/test_dynamo.py::test_spliter_bwd,call,0.15,99.8
after,18,test_cat_no_split_DynamoThunder_cpu_None[True],thunder/tests/test_dynamo.py::test_cat_no_split_DynamoThunder_cpu_None[True],call,0.15,99.8
after,18,test_cat_no_split_DynamoThunder_cpu_None[False],thunder/tests/test_dynamo.py::test_cat_no_split_DynamoThunder_cpu_None[False],call,0.15,99.8
after,18,test_force_skip_lazy_graph_module_DynamoThunder_cpu_None,thunder/tests/test_dynamo.py::test_force_skip_lazy_graph_module_DynamoThunder_cpu_None,call,0.15,99.8
after,18,test_method_only_registrations_DynamoThunder_cpu_None,thunder/tests/test_dynamo.py::test_method_only_registrations_DynamoThunder_cpu_None,call,0.14,99.8
after,18,test_thunderfx_meta_tensor,thunder/tests/test_dynamo.py::test_thunderfx_meta_tensor,call,0.13,99.8
after,19,test_fxreport_DynamoThunder_cpu_None[benchmark],thunder/tests/test_dynamo.py::test_fxreport_DynamoThunder_cpu_None[benchmark],call,26.03,99.81
after,19,test_dynamo_reproducer_split_DynamoThunder_cpu_None[benchmark],thunder/tests/test_dynamo.py::test_dynamo_reproducer_split_DynamoThunder_cpu_None[benchmark],call,19.85,99.81
after,19,test_dynamo_reproducer_2graph_DynamoThunder_cpu_None[benchmark],thunder/tests/test_dynamo.py::test_dynamo_reproducer_2graph_DynamoThunder_cpu_None[benchmark],call,17.64,99.81
after,19,test_fxreport_DynamoThunder_cpu_None[repro],thunder/tests/test_dynamo.py::test_fxreport_DynamoThunder_cpu_None[repro],call,11.53,99.81
after,19,test_dynamo_reproducer_split_DynamoThunder_cpu_None[repro],thunder/tests/test_dynamo.py::test_dynamo_reproducer_split_DynamoThunder_cpu_None[repro],call,6.49,99.81
after,19,test_dynamo_reproducer_2graph_DynamoThunder_cpu_None[repro],thunder/tests/test_dynamo.py::test_dynamo_reproducer_2graph_DynamoThunder_cpu_None[repro],call,6.03,99.81
after,19,test_basic_DynamoThunder_cpu_None[dynamic],thunder/tests/test_dynamo.py::test_basic_DynamoThunder_cpu_None[dynamic],call,1.66,99.81
after,19,test_basic_splitter_DynamoThunder_cpu_None[dynamic],thunder/tests/test_dynamo.py::test_basic_splitter_DynamoThunder_cpu_None[dynamic],call,1.61,99.81
after,19,test_splitter_autograd_function_DynamoThunder_cpu_None[dynamic],thunder/tests/test_dynamo.py::test_splitter_autograd_function_DynamoThunder_cpu_None[dynamic],call,0.64,99.81
after,19,test_splitter_autocast_ctx_with_graph_break_DynamoThunder_cpu_None[auto],thunder/tests/test_dynamo.py::test_splitter_autocast_ctx_with_graph_break_DynamoThunder_cpu_None[auto],call,0.61,99.81
after,19,test_splitter_autocast_ctx_with_graph_break_DynamoThunder_cpu_None[dynamic],thunder/tests/test_dynamo.py::test_splitter_autocast_ctx_with_graph_break_DynamoThunder_cpu_None[dynamic],call,0.49,99.81
after,19,test_splitter_autograd_function_DynamoThunder_cpu_None[static],thunder/tests/test_dynamo.py::test_splitter_autograd_function_DynamoThunder_cpu_None[static],call,0.47,99.81
after,19,test_splitter_autograd_function_DynamoThunder_cpu_None[auto],thunder/tests/test_dynamo.py::test_splitter_autograd_function_DynamoThunder_cpu_None[auto],call,0.47,99.81
after,19,test_no_grad_ctx_manager_DynamoThunder_cpu_None,thunder/tests/test_dynamo.py::test_no_grad_ctx_manager_DynamoThunder_cpu_None,call,0.45,99.81
after,19,test_basic_DynamoThunder_cpu_None[auto],thunder/tests/test_dynamo.py::test_basic_DynamoThunder_cpu_None[auto],call,0.42,99.81
after,19,test_where_nonzero_overload_DynamoThunder_cpu_None,thunder/tests/test_dynamo.py::test_where_nonzero_overload_DynamoThunder_cpu_None,call,0.41,99.81
after,19,test_splitter_autocast_ctx_with_graph_break_DynamoThunder_cpu_None[static],thunder/tests/test_dynamo.py::test_splitter_autocast_ctx_with_graph_break_DynamoThunder_cpu_None[static],call,0.4,99.81
after,19,test_splitter_autocast_ctx_with_split_DynamoThunder_cpu_None[dynamic],thunder/tests/test_dynamo.py::test_splitter_autocast_ctx_with_split_DynamoThunder_cpu_None[dynamic],call,0.38,99.81
after,19,test_splitter_autocast_ctx_with_split_DynamoThunder_cpu_None[static],thunder/tests/test_dynamo.py::test_splitter_autocast_ctx_with_split_DynamoThunder_cpu_None[static],call,0.33,99.81
after,19,test_splitter_autocast_ctx_with_split_DynamoThunder_cpu_None[auto],thunder/tests/test_dynamo.py::test_splitter_autocast_ctx_with_split_DynamoThunder_cpu_None[auto],call,0.33,99.81
after,19,test_basic_splitter_DynamoThunder_cpu_None[auto],thunder/tests/test_dynamo.py::test_basic_splitter_DynamoThunder_cpu_None[auto],call,0.32,99.81
after,19,test_basic_splitter_DynamoThunder_cpu_None[static],thunder/tests/test_dynamo.py::test_basic_splitter_DynamoThunder_cpu_None[static],call,0.32,99.81
after,19,test_empty_autocast,thunder/tests/test_dynamo.py::test_empty_autocast,call,0.3,99.81
after,19,test_basic_DynamoThunder_cpu_None[static],thunder/tests/test_dynamo.py::test_basic_DynamoThunder_cpu_None[static],call,0.3,99.81
after,19,test_no_grad_enabled_grad_nested_ctx_manager_DynamoThunder_cpu_None,thunder/tests/test_dynamo.py::test_no_grad_enabled_grad_nested_ctx_manager_DynamoThunder_cpu_None,call,0.24,99.81
after,19,test_splitter_autocast_ctx_DynamoThunder_cpu_None[dynamic],thunder/tests/test_dynamo.py::test_splitter_autocast_ctx_DynamoThunder_cpu_None[dynamic],call,0.24,99.81
after,19,test_leak_on_unsupported_thunder_operator,thunder/tests/test_dynamo.py::test_leak_on_unsupported_thunder_operator,call,0.23,99.81
after,19,test_splitter_autocast_ctx_DynamoThunder_cpu_None[static],thunder/tests/test_dynamo.py::test_splitter_autocast_ctx_DynamoThunder_cpu_None[static],call,0.22,99.81
after,19,test_splitter_autocast_ctx_DynamoThunder_cpu_None[auto],thunder/tests/test_dynamo.py::test_splitter_autocast_ctx_DynamoThunder_cpu_None[auto],call,0.22,99.81
after,19,test_thunderfx_last_traces,thunder/tests/test_dynamo.py::test_thunderfx_last_traces,call,0.16,99.81
after,19,test_spliter_bwd,thunder/tests/test_dynamo.py::test_spliter_bwd,call,0.16,99.81
after,19,test_force_skip_lazy_graph_module_DynamoThunder_cpu_None,thunder/tests/test_dynamo.py::test_force_skip_lazy_graph_module_DynamoThunder_cpu_None,call,0.15,99.81
after,19,test_cat_no_split_DynamoThunder_cpu_None[True],thunder/tests/test_dynamo.py::test_cat_no_split_DynamoThunder_cpu_None[True],call,0.15,99.81
after,19,test_cat_no_split_DynamoThunder_cpu_None[False],thunder/tests/test_dynamo.py::test_cat_no_split_DynamoThunder_cpu_None[False],call,0.15,99.81
after,19,test_method_only_registrations_DynamoThunder_cpu_None,thunder/tests/test_dynamo.py::test_method_only_registrations_DynamoThunder_cpu_None,call,0.14,99.81
after,19,test_thunderfx_meta_tensor,thunder/tests/test_dynamo.py::test_thunderfx_meta_tensor,call,0.13,99.81
after,20,test_fxreport_DynamoThunder_cpu_None[benchmark],thunder/tests/test_dynamo.py::test_fxreport_DynamoThunder_cpu_None[benchmark],call,26.0,99.67
after,20,test_dynamo_reproducer_split_DynamoThunder_cpu_None[benchmark],thunder/tests/test_dynamo.py::test_dynamo_reproducer_split_DynamoThunder_cpu_None[benchmark],call,19.8,99.67
after,20,test_dynamo_reproducer_2graph_DynamoThunder_cpu_None[benchmark],thunder/tests/test_dynamo.py::test_dynamo_reproducer_2graph_DynamoThunder_cpu_None[benchmark],call,17.64,99.67
after,20,test_fxreport_DynamoThunder_cpu_None[repro],thunder/tests/test_dynamo.py::test_fxreport_DynamoThunder_cpu_None[repro],call,11.57,99.67
after,20,test_dynamo_reproducer_split_DynamoThunder_cpu_None[repro],thunder/tests/test_dynamo.py::test_dynamo_reproducer_split_DynamoThunder_cpu_None[repro],call,6.52,99.67
after,20,test_dynamo_reproducer_2graph_DynamoThunder_cpu_None[repro],thunder/tests/test_dynamo.py::test_dynamo_reproducer_2graph_DynamoThunder_cpu_None[repro],call,5.99,99.67
after,20,test_basic_DynamoThunder_cpu_None[dynamic],thunder/tests/test_dynamo.py::test_basic_DynamoThunder_cpu_None[dynamic],call,1.64,99.67
after,20,test_basic_splitter_DynamoThunder_cpu_None[dynamic],thunder/tests/test_dynamo.py::test_basic_splitter_DynamoThunder_cpu_None[dynamic],call,1.6,99.67
after,20,test_splitter_autograd_function_DynamoThunder_cpu_None[dynamic],thunder/tests/test_dynamo.py::test_splitter_autograd_function_DynamoThunder_cpu_None[dynamic],call,0.64,99.67
after,20,test_splitter_autocast_ctx_with_graph_break_DynamoThunder_cpu_None[auto],thunder/tests/test_dynamo.py::test_splitter_autocast_ctx_with_graph_break_DynamoThunder_cpu_None[auto],call,0.61,99.67
after,20,test_no_grad_enabled_grad_nested_ctx_manager_DynamoThunder_cpu_None,thunder/tests/test_dynamo.py::test_no_grad_enabled_grad_nested_ctx_manager_DynamoThunder_cpu_None,call,0.49,99.67
after,20,test_splitter_autocast_ctx_with_graph_break_DynamoThunder_cpu_None[dynamic],thunder/tests/test_dynamo.py::test_splitter_autocast_ctx_with_graph_break_DynamoThunder_cpu_None[dynamic],call,0.48,99.67
after,20,test_splitter_autograd_function_DynamoThunder_cpu_None[static],thunder/tests/test_dynamo.py::test_splitter_autograd_function_DynamoThunder_cpu_None[static],call,0.47,99.67
after,20,test_splitter_autograd_function_DynamoThunder_cpu_None[auto],thunder/tests/test_dynamo.py::test_splitter_autograd_function_DynamoThunder_cpu_None[auto],call,0.46,99.67
after,20,test_basic_DynamoThunder_cpu_None[auto],thunder/tests/test_dynamo.py::test_basic_DynamoThunder_cpu_None[auto],call,0.42,99.67
after,20,test_where_nonzero_overload_DynamoThunder_cpu_None,thunder/tests/test_dynamo.py::test_where_nonzero_overload_DynamoThunder_cpu_None,call,0.41,99.67
after,20,test_splitter_autocast_ctx_with_graph_break_DynamoThunder_cpu_None[static],thunder/tests/test_dynamo.py::test_splitter_autocast_ctx_with_graph_break_DynamoThunder_cpu_None[static],call,0.4,99.67
after,20,test_splitter_autocast_ctx_with_split_DynamoThunder_cpu_None[dynamic],thunder/tests/test_dynamo.py::test_splitter_autocast_ctx_with_split_DynamoThunder_cpu_None[dynamic],call,0.38,99.67
after,20,test_splitter_autocast_ctx_with_split_DynamoThunder_cpu_None[auto],thunder/tests/test_dynamo.py::test_splitter_autocast_ctx_with_split_DynamoThunder_cpu_None[auto],call,0.32,99.67
after,20,test_splitter_autocast_ctx_with_split_DynamoThunder_cpu_None[static],thunder/tests/test_dynamo.py::test_splitter_autocast_ctx_with_split_DynamoThunder_cpu_None[static],call,0.32,99.67
after,20,test_basic_splitter_DynamoThunder_cpu_None[static],thunder/tests/test_dynamo.py::test_basic_splitter_DynamoThunder_cpu_None[static],call,0.31,99.67
after,20,test_basic_splitter_DynamoThunder_cpu_None[auto],thunder/tests/test_dynamo.py::test_basic_splitter_DynamoThunder_cpu_None[auto],call,0.31,99.67
after,20,test_empty_autocast,thunder/tests/test_dynamo.py::test_empty_autocast,call,0.29,99.67
after,20,test_basic_DynamoThunder_cpu_None[static],thunder/tests/test_dynamo.py::test_basic_DynamoThunder_cpu_None[static],call,0.29,99.67
after,20,test_splitter_autocast_ctx_DynamoThunder_cpu_None[dynamic],thunder/tests/test_dynamo.py::test_splitter_autocast_ctx_DynamoThunder_cpu_None[dynamic],call,0.24,99.67
after,20,test_leak_on_unsupported_thunder_operator,thunder/tests/test_dynamo.py::test_leak_on_unsupported_thunder_operator,call,0.23,99.67
after,20,test_splitter_autocast_ctx_DynamoThunder_cpu_None[auto],thunder/tests/test_dynamo.py::test_splitter_autocast_ctx_DynamoThunder_cpu_None[auto],call,0.22,99.67
after,20,test_splitter_autocast_ctx_DynamoThunder_cpu_None[static],thunder/tests/test_dynamo.py::test_splitter_autocast_ctx_DynamoThunder_cpu_None[static],call,0.22,99.67
after,20,test_no_grad_ctx_manager_DynamoThunder_cpu_None,thunder/tests/test_dynamo.py::test_no_grad_ctx_manager_DynamoThunder_cpu_None,call,0.2,99.67
after,20,test_thunderfx_last_traces,thunder/tests/test_dynamo.py::test_thunderfx_last_traces,call,0.16,99.67
after,20,test_spliter_bwd,thunder/tests/test_dynamo.py::test_spliter_bwd,call,0.15,99.67
after,20,test_cat_no_split_DynamoThunder_cpu_None[True],thunder/tests/test_dynamo.py::test_cat_no_split_DynamoThunder_cpu_None[True],call,0.15,99.67
after,20,test_cat_no_split_DynamoThunder_cpu_None[False],thunder/tests/test_dynamo.py::test_cat_no_split_DynamoThunder_cpu_None[False],call,0.15,99.67
after,20,test_force_skip_lazy_graph_module_DynamoThunder_cpu_None,thunder/tests/test_dynamo.py::test_force_skip_lazy_graph_module_DynamoThunder_cpu_None,call,0.14,99.67
after,20,test_method_only_registrations_DynamoThunder_cpu_None,thunder/tests/test_dynamo.py::test_method_only_registrations_DynamoThunder_cpu_None,call,0.14,99.67
after,20,test_thunderfx_meta_tensor,thunder/tests/test_dynamo.py::test_thunderfx_meta_tensor,call,0.13,99.67
after,21,test_fxreport_DynamoThunder_cpu_None[benchmark],thunder/tests/test_dynamo.py::test_fxreport_DynamoThunder_cpu_None[benchmark],call,26.06,99.84
after,21,test_dynamo_reproducer_split_DynamoThunder_cpu_None[benchmark],thunder/tests/test_dynamo.py::test_dynamo_reproducer_split_DynamoThunder_cpu_None[benchmark],call,19.91,99.84
after,21,test_dynamo_reproducer_2graph_DynamoThunder_cpu_None[benchmark],thunder/tests/test_dynamo.py::test_dynamo_reproducer_2graph_DynamoThunder_cpu_None[benchmark],call,17.66,99.84
after,21,test_fxreport_DynamoThunder_cpu_None[repro],thunder/tests/test_dynamo.py::test_fxreport_DynamoThunder_cpu_None[repro],call,11.52,99.84
after,21,test_dynamo_reproducer_split_DynamoThunder_cpu_None[repro],thunder/tests/test_dynamo.py::test_dynamo_reproducer_split_DynamoThunder_cpu_None[repro],call,6.5,99.84
after,21,test_dynamo_reproducer_2graph_DynamoThunder_cpu_None[repro],thunder/tests/test_dynamo.py::test_dynamo_reproducer_2graph_DynamoThunder_cpu_None[repro],call,6.03,99.84
after,21,test_basic_DynamoThunder_cpu_None[dynamic],thunder/tests/test_dynamo.py::test_basic_DynamoThunder_cpu_None[dynamic],call,1.65,99.84
after,21,test_basic_splitter_DynamoThunder_cpu_None[dynamic],thunder/tests/test_dynamo.py::test_basic_splitter_DynamoThunder_cpu_None[dynamic],call,1.6,99.84
after,21,test_splitter_autograd_function_DynamoThunder_cpu_None[dynamic],thunder/tests/test_dynamo.py::test_splitter_autograd_function_DynamoThunder_cpu_None[dynamic],call,0.63,99.84
after,21,test_splitter_autocast_ctx_with_graph_break_DynamoThunder_cpu_None[auto],thunder/tests/test_dynamo.py::test_splitter_autocast_ctx_with_graph_break_DynamoThunder_cpu_None[auto],call,0.61,99.84
after,21,test_splitter_autocast_ctx_with_graph_break_DynamoThunder_cpu_None[dynamic],thunder/tests/test_dynamo.py::test_splitter_autocast_ctx_with_graph_break_DynamoThunder_cpu_None[dynamic],call,0.49,99.84
after,21,test_no_grad_enabled_grad_nested_ctx_manager_DynamoThunder_cpu_None,thunder/tests/test_dynamo.py::test_no_grad_enabled_grad_nested_ctx_manager_DynamoThunder_cpu_None,call,0.48,99.84
after,21,test_splitter_autograd_function_DynamoThunder_cpu_None[static],thunder/tests/test_dynamo.py::test_splitter_autograd_function_DynamoThunder_cpu_None[static],call,0.47,99.84
after,21,test_splitter_autograd_function_DynamoThunder_cpu_None[auto],thunder/tests/test_dynamo.py::test_splitter_autograd_function_DynamoThunder_cpu_None[auto],call,0.45,99.84
after,21,test_basic_DynamoThunder_cpu_None[auto],thunder/tests/test_dynamo.py::test_basic_DynamoThunder_cpu_None[auto],call,0.42,99.84
after,21,test_where_nonzero_overload_DynamoThunder_cpu_None,thunder/tests/test_dynamo.py::test_where_nonzero_overload_DynamoThunder_cpu_None,call,0.41,99.84
after,21,test_splitter_autocast_ctx_with_graph_break_DynamoThunder_cpu_None[static],thunder/tests/test_dynamo.py::test_splitter_autocast_ctx_with_graph_break_DynamoThunder_cpu_None[static],call,0.4,99.84
after,21,test_splitter_autocast_ctx_with_split_DynamoThunder_cpu_None[dynamic],thunder/tests/test_dynamo.py::test_splitter_autocast_ctx_with_split_DynamoThunder_cpu_None[dynamic],call,0.38,99.84
after,21,test_splitter_autocast_ctx_with_split_DynamoThunder_cpu_None[static],thunder/tests/test_dynamo.py::test_splitter_autocast_ctx_with_split_DynamoThunder_cpu_None[static],call,0.33,99.84
after,21,test_splitter_autocast_ctx_with_split_DynamoThunder_cpu_None[auto],thunder/tests/test_dynamo.py::test_splitter_autocast_ctx_with_split_DynamoThunder_cpu_None[auto],call,0.33,99.84
after,21,test_basic_splitter_DynamoThunder_cpu_None[auto],thunder/tests/test_dynamo.py::test_basic_splitter_DynamoThunder_cpu_None[auto],call,0.31,99.84
after,21,test_basic_splitter_DynamoThunder_cpu_None[static],thunder/tests/test_dynamo.py::test_basic_splitter_DynamoThunder_cpu_None[static],call,0.31,99.84
after,21,test_empty_autocast,thunder/tests/test_dynamo.py::test_empty_autocast,call,0.3,99.84
after,21,test_basic_DynamoThunder_cpu_None[static],thunder/tests/test_dynamo.py::test_basic_DynamoThunder_cpu_None[static],call,0.29,99.84
after,21,test_splitter_autocast_ctx_DynamoThunder_cpu_None[dynamic],thunder/tests/test_dynamo.py::test_splitter_autocast_ctx_DynamoThunder_cpu_None[dynamic],call,0.24,99.84
after,21,test_leak_on_unsupported_thunder_operator,thunder/tests/test_dynamo.py::test_leak_on_unsupported_thunder_operator,call,0.23,99.84
after,21,test_splitter_autocast_ctx_DynamoThunder_cpu_None[auto],thunder/tests/test_dynamo.py::test_splitter_autocast_ctx_DynamoThunder_cpu_None[auto],call,0.22,99.84
after,21,test_splitter_autocast_ctx_DynamoThunder_cpu_None[static],thunder/tests/test_dynamo.py::test_splitter_autocast_ctx_DynamoThunder_cpu_None[static],call,0.22,99.84
after,21,test_no_grad_ctx_manager_DynamoThunder_cpu_None,thunder/tests/test_dynamo.py::test_no_grad_ctx_manager_DynamoThunder_cpu_None,call,0.2,99.84
after,21,test_thunderfx_last_traces,thunder/tests/test_dynamo.py::test_thunderfx_last_traces,call,0.16,99.84
after,21,test_spliter_bwd,thunder/tests/test_dynamo.py::test_spliter_bwd,call,0.15,99.84
after,21,test_force_skip_lazy_graph_module_DynamoThunder_cpu_None,thunder/tests/test_dynamo.py::test_force_skip_lazy_graph_module_DynamoThunder_cpu_None,call,0.15,99.84
after,21,test_cat_no_split_DynamoThunder_cpu_None[False],thunder/tests/test_dynamo.py::test_cat_no_split_DynamoThunder_cpu_None[False],call,0.15,99.84
after,21,test_cat_no_split_DynamoThunder_cpu_None[True],thunder/tests/test_dynamo.py::test_cat_no_split_DynamoThunder_cpu_None[True],call,0.15,99.84
after,21,test_method_only_registrations_DynamoThunder_cpu_None,thunder/tests/test_dynamo.py::test_method_only_registrations_DynamoThunder_cpu_None,call,0.14,99.84
after,21,test_thunderfx_meta_tensor,thunder/tests/test_dynamo.py::test_thunderfx_meta_tensor,call,0.13,99.84
after,22,test_fxreport_DynamoThunder_cpu_None[benchmark],thunder/tests/test_dynamo.py::test_fxreport_DynamoThunder_cpu_None[benchmark],call,26.06,99.95
after,22,test_dynamo_reproducer_split_DynamoThunder_cpu_None[benchmark],thunder/tests/test_dynamo.py::test_dynamo_reproducer_split_DynamoThunder_cpu_None[benchmark],call,20.01,99.95
after,22,test_dynamo_reproducer_2graph_DynamoThunder_cpu_None[benchmark],thunder/tests/test_dynamo.py::test_dynamo_reproducer_2graph_DynamoThunder_cpu_None[benchmark],call,17.68,99.95
after,22,test_fxreport_DynamoThunder_cpu_None[repro],thunder/tests/test_dynamo.py::test_fxreport_DynamoThunder_cpu_None[repro],call,11.56,99.95
after,22,test_dynamo_reproducer_split_DynamoThunder_cpu_None[repro],thunder/tests/test_dynamo.py::test_dynamo_reproducer_split_DynamoThunder_cpu_None[repro],call,6.51,99.95
after,22,test_dynamo_reproducer_2graph_DynamoThunder_cpu_None[repro],thunder/tests/test_dynamo.py::test_dynamo_reproducer_2graph_DynamoThunder_cpu_None[repro],call,5.99,99.95
after,22,test_basic_DynamoThunder_cpu_None[dynamic],thunder/tests/test_dynamo.py::test_basic_DynamoThunder_cpu_None[dynamic],call,1.66,99.95
after,22,test_basic_splitter_DynamoThunder_cpu_None[dynamic],thunder/tests/test_dynamo.py::test_basic_splitter_DynamoThunder_cpu_None[dynamic],call,1.6,99.95
after,22,test_splitter_autograd_function_DynamoThunder_cpu_None[dynamic],thunder/tests/test_dynamo.py::test_splitter_autograd_function_DynamoThunder_cpu_None[dynamic],call,0.63,99.95
after,22,test_splitter_autocast_ctx_with_graph_break_DynamoThunder_cpu_None[auto],thunder/tests/test_dynamo.py::test_splitter_autocast_ctx_with_graph_break_DynamoThunder_cpu_None[auto],call,0.61,99.95
after,22,test_splitter_autocast_ctx_with_graph_break_DynamoThunder_cpu_None[dynamic],thunder/tests/test_dynamo.py::test_splitter_autocast_ctx_with_graph_break_DynamoThunder_cpu_None[dynamic],call,0.48,99.95
after,22,test_splitter_autograd_function_DynamoThunder_cpu_None[static],thunder/tests/test_dynamo.py::test_splitter_autograd_function_DynamoThunder_cpu_None[static],call,0.46,99.95
after,22,test_splitter_autograd_function_DynamoThunder_cpu_None[auto],thunder/tests/test_dynamo.py::test_splitter_autograd_function_DynamoThunder_cpu_None[auto],call,0.46,99.95
after,22,test_no_grad_ctx_manager_DynamoThunder_cpu_None,thunder/tests/test_dynamo.py::test_no_grad_ctx_manager_DynamoThunder_cpu_None,call,0.44,99.95
after,22,test_basic_DynamoThunder_cpu_None[auto],thunder/tests/test_dynamo.py::test_basic_DynamoThunder_cpu_None[auto],call,0.42,99.95
after,22,test_where_nonzero_overload_DynamoThunder_cpu_None,thunder/tests/test_dynamo.py::test_where_nonzero_overload_DynamoThunder_cpu_None,call,0.4,99.95
after,22,test_splitter_autocast_ctx_with_graph_break_DynamoThunder_cpu_None[static],thunder/tests/test_dynamo.py::test_splitter_autocast_ctx_with_graph_break_DynamoThunder_cpu_None[static],call,0.4,99.95
after,22,test_splitter_autocast_ctx_with_split_DynamoThunder_cpu_None[dynamic],thunder/tests/test_dynamo.py::test_splitter_autocast_ctx_with_split_DynamoThunder_cpu_None[dynamic],call,0.38,99.95
after,22,test_splitter_autocast_ctx_with_split_DynamoThunder_cpu_None[static],thunder/tests/test_dynamo.py::test_splitter_autocast_ctx_with_split_DynamoThunder_cpu_None[static],call,0.33,99.95
after,22,test_splitter_autocast_ctx_with_split_DynamoThunder_cpu_None[auto],thunder/tests/test_dynamo.py::test_splitter_autocast_ctx_with_split_DynamoThunder_cpu_None[auto],call,0.32,99.95
after,22,test_basic_splitter_DynamoThunder_cpu_None[auto],thunder/tests/test_dynamo.py::test_basic_splitter_DynamoThunder_cpu_None[auto],call,0.31,99.95
after,22,test_basic_splitter_DynamoThunder_cpu_None[static],thunder/tests/test_dynamo.py::test_basic_splitter_DynamoThunder_cpu_None[static],call,0.31,99.95
after,22,test_empty_autocast,thunder/tests/test_dynamo.py::test_empty_autocast,call,0.29,99.95
after,22,test_basic_DynamoThunder_cpu_None[static],thunder/tests/test_dynamo.py::test_basic_DynamoThunder_cpu_None[static],call,0.29,99.95
after,22,test_splitter_autocast_ctx_DynamoThunder_cpu_None[dynamic],thunder/tests/test_dynamo.py::test_splitter_autocast_ctx_DynamoThunder_cpu_None[dynamic],call,0.24,99.95
after,22,test_no_grad_enabled_grad_nested_ctx_manager_DynamoThunder_cpu_None,thunder/tests/test_dynamo.py::test_no_grad_enabled_grad_nested_ctx_manager_DynamoThunder_cpu_None,call,0.24,99.95
after,22,test_leak_on_unsupported_thunder_operator,thunder/tests/test_dynamo.py::test_leak_on_unsupported_thunder_operator,call,0.23,99.95
after,22,test_splitter_autocast_ctx_DynamoThunder_cpu_None[auto],thunder/tests/test_dynamo.py::test_splitter_autocast_ctx_DynamoThunder_cpu_None[auto],call,0.22,99.95
after,22,test_splitter_autocast_ctx_DynamoThunder_cpu_None[static],thunder/tests/test_dynamo.py::test_splitter_autocast_ctx_DynamoThunder_cpu_None[static],call,0.22,99.95
after,22,test_thunderfx_last_traces,thunder/tests/test_dynamo.py::test_thunderfx_last_traces,call,0.16,99.95
after,22,test_spliter_bwd,thunder/tests/test_dynamo.py::test_spliter_bwd,call,0.15,99.95
after,22,test_cat_no_split_DynamoThunder_cpu_None[False],thunder/tests/test_dynamo.py::test_cat_no_split_DynamoThunder_cpu_None[False],call,0.14,99.95
after,22,test_cat_no_split_DynamoThunder_cpu_None[True],thunder/tests/test_dynamo.py::test_cat_no_split_DynamoThunder_cpu_None[True],call,0.14,99.95
after,22,test_force_skip_lazy_graph_module_DynamoThunder_cpu_None,thunder/tests/test_dynamo.py::test_force_skip_lazy_graph_module_DynamoThunder_cpu_None,call,0.14,99.95
after,22,test_method_only_registrations_DynamoThunder_cpu_None,thunder/tests/test_dynamo.py::test_method_only_registrations_DynamoThunder_cpu_None,call,0.14,99.95
after,22,test_thunderfx_meta_tensor,thunder/tests/test_dynamo.py::test_thunderfx_meta_tensor,call,0.13,99.95
after,23,test_fxreport_DynamoThunder_cpu_None[benchmark],thunder/tests/test_dynamo.py::test_fxreport_DynamoThunder_cpu_None[benchmark],call,26.07,99.84
after,23,test_dynamo_reproducer_split_DynamoThunder_cpu_None[benchmark],thunder/tests/test_dynamo.py::test_dynamo_reproducer_split_DynamoThunder_cpu_None[benchmark],call,19.79,99.84
after,23,test_dynamo_reproducer_2graph_DynamoThunder_cpu_None[benchmark],thunder/tests/test_dynamo.py::test_dynamo_reproducer_2graph_DynamoThunder_cpu_None[benchmark],call,17.67,99.84
after,23,test_fxreport_DynamoThunder_cpu_None[repro],thunder/tests/test_dynamo.py::test_fxreport_DynamoThunder_cpu_None[repro],call,11.56,99.84
after,23,test_dynamo_reproducer_split_DynamoThunder_cpu_None[repro],thunder/tests/test_dynamo.py::test_dynamo_reproducer_split_DynamoThunder_cpu_None[repro],call,6.51,99.84
after,23,test_dynamo_reproducer_2graph_DynamoThunder_cpu_None[repro],thunder/tests/test_dynamo.py::test_dynamo_reproducer_2graph_DynamoThunder_cpu_None[repro],call,6.01,99.84
after,23,test_basic_DynamoThunder_cpu_None[dynamic],thunder/tests/test_dynamo.py::test_basic_DynamoThunder_cpu_None[dynamic],call,1.64,99.84
after,23,test_basic_splitter_DynamoThunder_cpu_None[dynamic],thunder/tests/test_dynamo.py::test_basic_splitter_DynamoThunder_cpu_None[dynamic],call,1.6,99.84
after,23,test_splitter_autograd_function_DynamoThunder_cpu_None[dynamic],thunder/tests/test_dynamo.py::test_splitter_autograd_function_DynamoThunder_cpu_None[dynamic],call,0.64,99.84
after,23,test_splitter_autocast_ctx_with_graph_break_DynamoThunder_cpu_None[auto],thunder/tests/test_dynamo.py::test_splitter_autocast_ctx_with_graph_break_DynamoThunder_cpu_None[auto],call,0.62,99.84
after,23,test_splitter_autocast_ctx_with_graph_break_DynamoThunder_cpu_None[dynamic],thunder/tests/test_dynamo.py::test_splitter_autocast_ctx_with_graph_break_DynamoThunder_cpu_None[dynamic],call,0.49,99.84
after,23,test_splitter_autograd_function_DynamoThunder_cpu_None[static],thunder/tests/test_dynamo.py::test_splitter_autograd_function_DynamoThunder_cpu_None[static],call,0.47,99.84
after,23,test_splitter_autograd_function_DynamoThunder_cpu_None[auto],thunder/tests/test_dynamo.py::test_splitter_autograd_function_DynamoThunder_cpu_None[auto],call,0.47,99.84
after,23,test_no_grad_ctx_manager_DynamoThunder_cpu_None,thunder/tests/test_dynamo.py::test_no_grad_ctx_manager_DynamoThunder_cpu_None,call,0.44,99.84
after,23,test_basic_DynamoThunder_cpu_None[auto],thunder/tests/test_dynamo.py::test_basic_DynamoThunder_cpu_None[auto],call,0.42,99.84
after,23,test_splitter_autocast_ctx_with_graph_break_DynamoThunder_cpu_None[static],thunder/tests/test_dynamo.py::test_splitter_autocast_ctx_with_graph_break_DynamoThunder_cpu_None[static],call,0.41,99.84
after,23,test_where_nonzero_overload_DynamoThunder_cpu_None,thunder/tests/test_dynamo.py::test_where_nonzero_overload_DynamoThunder_cpu_None,call,0.41,99.84
after,23,test_splitter_autocast_ctx_with_split_DynamoThunder_cpu_None[dynamic],thunder/tests/test_dynamo.py::test_splitter_autocast_ctx_with_split_DynamoThunder_cpu_None[dynamic],call,0.38,99.84
after,23,test_basic_splitter_DynamoThunder_cpu_None[static],thunder/tests/test_dynamo.py::test_basic_splitter_DynamoThunder_cpu_None[static],call,0.33,99.84
after,23,test_splitter_autocast_ctx_with_split_DynamoThunder_cpu_None[static],thunder/tests/test_dynamo.py::test_splitter_autocast_ctx_with_split_DynamoThunder_cpu_None[static],call,0.33,99.84
after,23,test_splitter_autocast_ctx_with_split_DynamoThunder_cpu_None[auto],thunder/tests/test_dynamo.py::test_splitter_autocast_ctx_with_split_DynamoThunder_cpu_None[auto],call,0.33,99.84
after,23,test_basic_splitter_DynamoThunder_cpu_None[auto],thunder/tests/test_dynamo.py::test_basic_splitter_DynamoThunder_cpu_None[auto],call,0.31,99.84
after,23,test_empty_autocast,thunder/tests/test_dynamo.py::test_empty_autocast,call,0.3,99.84
after,23,test_basic_DynamoThunder_cpu_None[static],thunder/tests/test_dynamo.py::test_basic_DynamoThunder_cpu_None[static],call,0.3,99.84
after,23,test_no_grad_enabled_grad_nested_ctx_manager_DynamoThunder_cpu_None,thunder/tests/test_dynamo.py::test_no_grad_enabled_grad_nested_ctx_manager_DynamoThunder_cpu_None,call,0.24,99.84
after,23,test_splitter_autocast_ctx_DynamoThunder_cpu_None[dynamic],thunder/tests/test_dynamo.py::test_splitter_autocast_ctx_DynamoThunder_cpu_None[dynamic],call,0.24,99.84
after,23,test_leak_on_unsupported_thunder_operator,thunder/tests/test_dynamo.py::test_leak_on_unsupported_thunder_operator,call,0.23,99.84
after,23,test_splitter_autocast_ctx_DynamoThunder_cpu_None[static],thunder/tests/test_dynamo.py::test_splitter_autocast_ctx_DynamoThunder_cpu_None[static],call,0.22,99.84
after,23,test_splitter_autocast_ctx_DynamoThunder_cpu_None[auto],thunder/tests/test_dynamo.py::test_splitter_autocast_ctx_DynamoThunder_cpu_None[auto],call,0.22,99.84
after,23,test_thunderfx_last_traces,thunder/tests/test_dynamo.py::test_thunderfx_last_traces,call,0.16,99.84
after,23,test_spliter_bwd,thunder/tests/test_dynamo.py::test_spliter_bwd,call,0.15,99.84
after,23,test_cat_no_split_DynamoThunder_cpu_None[True],thunder/tests/test_dynamo.py::test_cat_no_split_DynamoThunder_cpu_None[True],call,0.15,99.84
after,23,test_force_skip_lazy_graph_module_DynamoThunder_cpu_None,thunder/tests/test_dynamo.py::test_force_skip_lazy_graph_module_DynamoThunder_cpu_None,call,0.15,99.84
after,23,test_cat_no_split_DynamoThunder_cpu_None[False],thunder/tests/test_dynamo.py::test_cat_no_split_DynamoThunder_cpu_None[False],call,0.14,99.84
after,23,test_method_only_registrations_DynamoThunder_cpu_None,thunder/tests/test_dynamo.py::test_method_only_registrations_DynamoThunder_cpu_None,call,0.14,99.84
after,23,test_thunderfx_meta_tensor,thunder/tests/test_dynamo.py::test_thunderfx_meta_tensor,call,0.13,99.84
after,24,test_fxreport_DynamoThunder_cpu_None[benchmark],thunder/tests/test_dynamo.py::test_fxreport_DynamoThunder_cpu_None[benchmark],call,25.97,100.04
after,24,test_dynamo_reproducer_split_DynamoThunder_cpu_None[benchmark],thunder/tests/test_dynamo.py::test_dynamo_reproducer_split_DynamoThunder_cpu_None[benchmark],call,19.9,100.04
after,24,test_dynamo_reproducer_2graph_DynamoThunder_cpu_None[benchmark],thunder/tests/test_dynamo.py::test_dynamo_reproducer_2graph_DynamoThunder_cpu_None[benchmark],call,17.68,100.04
after,24,test_fxreport_DynamoThunder_cpu_None[repro],thunder/tests/test_dynamo.py::test_fxreport_DynamoThunder_cpu_None[repro],call,11.51,100.04
after,24,test_dynamo_reproducer_split_DynamoThunder_cpu_None[repro],thunder/tests/test_dynamo.py::test_dynamo_reproducer_split_DynamoThunder_cpu_None[repro],call,6.56,100.04
after,24,test_dynamo_reproducer_2graph_DynamoThunder_cpu_None[repro],thunder/tests/test_dynamo.py::test_dynamo_reproducer_2graph_DynamoThunder_cpu_None[repro],call,6.04,100.04
after,24,test_basic_DynamoThunder_cpu_None[dynamic],thunder/tests/test_dynamo.py::test_basic_DynamoThunder_cpu_None[dynamic],call,1.69,100.04
after,24,test_basic_splitter_DynamoThunder_cpu_None[dynamic],thunder/tests/test_dynamo.py::test_basic_splitter_DynamoThunder_cpu_None[dynamic],call,1.61,100.04
after,24,test_where_nonzero_overload_DynamoThunder_cpu_None,thunder/tests/test_dynamo.py::test_where_nonzero_overload_DynamoThunder_cpu_None,call,0.66,100.04
after,24,test_splitter_autograd_function_DynamoThunder_cpu_None[dynamic],thunder/tests/test_dynamo.py::test_splitter_autograd_function_DynamoThunder_cpu_None[dynamic],call,0.64,100.04
after,24,test_splitter_autocast_ctx_with_graph_break_DynamoThunder_cpu_None[auto],thunder/tests/test_dynamo.py::test_splitter_autocast_ctx_with_graph_break_DynamoThunder_cpu_None[auto],call,0.62,100.04
after,24,test_splitter_autocast_ctx_with_graph_break_DynamoThunder_cpu_None[dynamic],thunder/tests/test_dynamo.py::test_splitter_autocast_ctx_with_graph_break_DynamoThunder_cpu_None[dynamic],call,0.5,100.04
after,24,test_splitter_autograd_function_DynamoThunder_cpu_None[static],thunder/tests/test_dynamo.py::test_splitter_autograd_function_DynamoThunder_cpu_None[static],call,0.48,100.04
after,24,test_splitter_autograd_function_DynamoThunder_cpu_None[auto],thunder/tests/test_dynamo.py::test_splitter_autograd_function_DynamoThunder_cpu_None[auto],call,0.47,100.04
after,24,test_basic_DynamoThunder_cpu_None[auto],thunder/tests/test_dynamo.py::test_basic_DynamoThunder_cpu_None[auto],call,0.43,100.04
after,24,test_splitter_autocast_ctx_with_graph_break_DynamoThunder_cpu_None[static],thunder/tests/test_dynamo.py::test_splitter_autocast_ctx_with_graph_break_DynamoThunder_cpu_None[static],call,0.41,100.04
after,24,test_splitter_autocast_ctx_with_split_DynamoThunder_cpu_None[dynamic],thunder/tests/test_dynamo.py::test_splitter_autocast_ctx_with_split_DynamoThunder_cpu_None[dynamic],call,0.39,100.04
after,24,test_splitter_autocast_ctx_with_split_DynamoThunder_cpu_None[static],thunder/tests/test_dynamo.py::test_splitter_autocast_ctx_with_split_DynamoThunder_cpu_None[static],call,0.34,100.04
after,24,test_splitter_autocast_ctx_with_split_DynamoThunder_cpu_None[auto],thunder/tests/test_dynamo.py::test_splitter_autocast_ctx_with_split_DynamoThunder_cpu_None[auto],call,0.33,100.04
after,24,test_basic_splitter_DynamoThunder_cpu_None[static],thunder/tests/test_dynamo.py::test_basic_splitter_DynamoThunder_cpu_None[static],call,0.32,100.04
after,24,test_basic_splitter_DynamoThunder_cpu_None[auto],thunder/tests/test_dynamo.py::test_basic_splitter_DynamoThunder_cpu_None[auto],call,0.32,100.04
after,24,test_empty_autocast,thunder/tests/test_dynamo.py::test_empty_autocast,call,0.3,100.04
after,24,test_basic_DynamoThunder_cpu_None[static],thunder/tests/test_dynamo.py::test_basic_DynamoThunder_cpu_None[static],call,0.3,100.04
after,24,test_no_grad_enabled_grad_nested_ctx_manager_DynamoThunder_cpu_None,thunder/tests/test_dynamo.py::test_no_grad_enabled_grad_nested_ctx_manager_DynamoThunder_cpu_None,call,0.24,100.04
after,24,test_splitter_autocast_ctx_DynamoThunder_cpu_None[dynamic],thunder/tests/test_dynamo.py::test_splitter_autocast_ctx_DynamoThunder_cpu_None[dynamic],call,0.24,100.04
after,24,test_leak_on_unsupported_thunder_operator,thunder/tests/test_dynamo.py::test_leak_on_unsupported_thunder_operator,call,0.23,100.04
after,24,test_splitter_autocast_ctx_DynamoThunder_cpu_None[auto],thunder/tests/test_dynamo.py::test_splitter_autocast_ctx_DynamoThunder_cpu_None[auto],call,0.22,100.04
after,24,test_splitter_autocast_ctx_DynamoThunder_cpu_None[static],thunder/tests/test_dynamo.py::test_splitter_autocast_ctx_DynamoThunder_cpu_None[static],call,0.22,100.04
after,24,test_no_grad_ctx_manager_DynamoThunder_cpu_None,thunder/tests/test_dynamo.py::test_no_grad_ctx_manager_DynamoThunder_cpu_None,call,0.2,100.04
after,24,test_thunderfx_last_traces,thunder/tests/test_dynamo.py::test_thunderfx_last_traces,call,0.16,100.04
after,24,test_spliter_bwd,thunder/tests/test_dynamo.py::test_spliter_bwd,call,0.15,100.04
after,24,test_cat_no_split_DynamoThunder_cpu_None[False],thunder/tests/test_dynamo.py::test_cat_no_split_DynamoThunder_cpu_None[False],call,0.15,100.04
after,24,test_force_skip_lazy_graph_module_DynamoThunder_cpu_None,thunder/tests/test_dynamo.py::test_force_skip_lazy_graph_module_DynamoThunder_cpu_None,call,0.15,100.04
after,24,test_cat_no_split_DynamoThunder_cpu_None[True],thunder/tests/test_dynamo.py::test_cat_no_split_DynamoThunder_cpu_None[True],call,0.15,100.04
after,24,test_method_only_registrations_DynamoThunder_cpu_None,thunder/tests/test_dynamo.py::test_method_only_registrations_DynamoThunder_cpu_None,call,0.14,100.04
after,24,test_thunderfx_meta_tensor,thunder/tests/test_dynamo.py::test_thunderfx_meta_tensor,call,0.13,100.04
after,25,test_fxreport_DynamoThunder_cpu_None[benchmark],thunder/tests/test_dynamo.py::test_fxreport_DynamoThunder_cpu_None[benchmark],call,26.08,99.89
after,25,test_dynamo_reproducer_split_DynamoThunder_cpu_None[benchmark],thunder/tests/test_dynamo.py::test_dynamo_reproducer_split_DynamoThunder_cpu_None[benchmark],call,19.9,99.89
after,25,test_dynamo_reproducer_2graph_DynamoThunder_cpu_None[benchmark],thunder/tests/test_dynamo.py::test_dynamo_reproducer_2graph_DynamoThunder_cpu_None[benchmark],call,17.6,99.89
after,25,test_fxreport_DynamoThunder_cpu_None[repro],thunder/tests/test_dynamo.py::test_fxreport_DynamoThunder_cpu_None[repro],call,11.52,99.89
after,25,test_dynamo_reproducer_split_DynamoThunder_cpu_None[repro],thunder/tests/test_dynamo.py::test_dynamo_reproducer_split_DynamoThunder_cpu_None[repro],call,6.52,99.89
after,25,test_dynamo_reproducer_2graph_DynamoThunder_cpu_None[repro],thunder/tests/test_dynamo.py::test_dynamo_reproducer_2graph_DynamoThunder_cpu_None[repro],call,6.02,99.89
after,25,test_basic_DynamoThunder_cpu_None[dynamic],thunder/tests/test_dynamo.py::test_basic_DynamoThunder_cpu_None[dynamic],call,1.66,99.89
after,25,test_basic_splitter_DynamoThunder_cpu_None[dynamic],thunder/tests/test_dynamo.py::test_basic_splitter_DynamoThunder_cpu_None[dynamic],call,1.59,99.89
after,25,test_splitter_autograd_function_DynamoThunder_cpu_None[dynamic],thunder/tests/test_dynamo.py::test_splitter_autograd_function_DynamoThunder_cpu_None[dynamic],call,0.64,99.89
after,25,test_splitter_autocast_ctx_with_graph_break_DynamoThunder_cpu_None[auto],thunder/tests/test_dynamo.py::test_splitter_autocast_ctx_with_graph_break_DynamoThunder_cpu_None[auto],call,0.62,99.89
after,25,test_splitter_autocast_ctx_with_graph_break_DynamoThunder_cpu_None[dynamic],thunder/tests/test_dynamo.py::test_splitter_autocast_ctx_with_graph_break_DynamoThunder_cpu_None[dynamic],call,0.49,99.89
after,25,test_splitter_autograd_function_DynamoThunder_cpu_None[static],thunder/tests/test_dynamo.py::test_splitter_autograd_function_DynamoThunder_cpu_None[static],call,0.47,99.89
after,25,test_splitter_autograd_function_DynamoThunder_cpu_None[auto],thunder/tests/test_dynamo.py::test_splitter_autograd_function_DynamoThunder_cpu_None[auto],call,0.46,99.89
after,25,test_no_grad_ctx_manager_DynamoThunder_cpu_None,thunder/tests/test_dynamo.py::test_no_grad_ctx_manager_DynamoThunder_cpu_None,call,0.45,99.89
after,25,test_basic_DynamoThunder_cpu_None[auto],thunder/tests/test_dynamo.py::test_basic_DynamoThunder_cpu_None[auto],call,0.42,99.89
after,25,test_where_nonzero_overload_DynamoThunder_cpu_None,thunder/tests/test_dynamo.py::test_where_nonzero_overload_DynamoThunder_cpu_None,call,0.41,99.89
after,25,test_splitter_autocast_ctx_with_graph_break_DynamoThunder_cpu_None[static],thunder/tests/test_dynamo.py::test_splitter_autocast_ctx_with_graph_break_DynamoThunder_cpu_None[static],call,0.41,99.89
after,25,test_splitter_autocast_ctx_with_split_DynamoThunder_cpu_None[dynamic],thunder/tests/test_dynamo.py::test_splitter_autocast_ctx_with_split_DynamoThunder_cpu_None[dynamic],call,0.38,99.89
after,25,test_splitter_autocast_ctx_with_split_DynamoThunder_cpu_None[static],thunder/tests/test_dynamo.py::test_splitter_autocast_ctx_with_split_DynamoThunder_cpu_None[static],call,0.33,99.89
after,25,test_splitter_autocast_ctx_with_split_DynamoThunder_cpu_None[auto],thunder/tests/test_dynamo.py::test_splitter_autocast_ctx_with_split_DynamoThunder_cpu_None[auto],call,0.33,99.89
after,25,test_basic_splitter_DynamoThunder_cpu_None[auto],thunder/tests/test_dynamo.py::test_basic_splitter_DynamoThunder_cpu_None[auto],call,0.32,99.89
after,25,test_basic_splitter_DynamoThunder_cpu_None[static],thunder/tests/test_dynamo.py::test_basic_splitter_DynamoThunder_cpu_None[static],call,0.31,99.89
after,25,test_empty_autocast,thunder/tests/test_dynamo.py::test_empty_autocast,call,0.3,99.89
after,25,test_basic_DynamoThunder_cpu_None[static],thunder/tests/test_dynamo.py::test_basic_DynamoThunder_cpu_None[static],call,0.3,99.89
after,25,test_no_grad_enabled_grad_nested_ctx_manager_DynamoThunder_cpu_None,thunder/tests/test_dynamo.py::test_no_grad_enabled_grad_nested_ctx_manager_DynamoThunder_cpu_None,call,0.25,99.89
after,25,test_splitter_autocast_ctx_DynamoThunder_cpu_None[dynamic],thunder/tests/test_dynamo.py::test_splitter_autocast_ctx_DynamoThunder_cpu_None[dynamic],call,0.24,99.89
after,25,test_leak_on_unsupported_thunder_operator,thunder/tests/test_dynamo.py::test_leak_on_unsupported_thunder_operator,call,0.23,99.89
after,25,test_splitter_autocast_ctx_DynamoThunder_cpu_None[static],thunder/tests/test_dynamo.py::test_splitter_autocast_ctx_DynamoThunder_cpu_None[static],call,0.22,99.89
after,25,test_splitter_autocast_ctx_DynamoThunder_cpu_None[auto],thunder/tests/test_dynamo.py::test_splitter_autocast_ctx_DynamoThunder_cpu_None[auto],call,0.22,99.89
after,25,test_thunderfx_last_traces,thunder/tests/test_dynamo.py::test_thunderfx_last_traces,call,0.16,99.89
after,25,test_spliter_bwd,thunder/tests/test_dynamo.py::test_spliter_bwd,call,0.16,99.89
after,25,test_cat_no_split_DynamoThunder_cpu_None[True],thunder/tests/test_dynamo.py::test_cat_no_split_DynamoThunder_cpu_None[True],call,0.15,99.89
after,25,test_cat_no_split_DynamoThunder_cpu_None[False],thunder/tests/test_dynamo.py::test_cat_no_split_DynamoThunder_cpu_None[False],call,0.15,99.89
after,25,test_force_skip_lazy_graph_module_DynamoThunder_cpu_None,thunder/tests/test_dynamo.py::test_force_skip_lazy_graph_module_DynamoThunder_cpu_None,call,0.15,99.89
after,25,test_method_only_registrations_DynamoThunder_cpu_None,thunder/tests/test_dynamo.py::test_method_only_registrations_DynamoThunder_cpu_None,call,0.14,99.89
after,25,test_thunderfx_meta_tensor,thunder/tests/test_dynamo.py::test_thunderfx_meta_tensor,call,0.13,99.89
after,26,test_fxreport_DynamoThunder_cpu_None[benchmark],thunder/tests/test_dynamo.py::test_fxreport_DynamoThunder_cpu_None[benchmark],call,25.98,99.74
after,26,test_dynamo_reproducer_split_DynamoThunder_cpu_None[benchmark],thunder/tests/test_dynamo.py::test_dynamo_reproducer_split_DynamoThunder_cpu_None[benchmark],call,19.92,99.74
after,26,test_dynamo_reproducer_2graph_DynamoThunder_cpu_None[benchmark],thunder/tests/test_dynamo.py::test_dynamo_reproducer_2graph_DynamoThunder_cpu_None[benchmark],call,17.63,99.74
after,26,test_fxreport_DynamoThunder_cpu_None[repro],thunder/tests/test_dynamo.py::test_fxreport_DynamoThunder_cpu_None[repro],call,11.53,99.74
after,26,test_dynamo_reproducer_split_DynamoThunder_cpu_None[repro],thunder/tests/test_dynamo.py::test_dynamo_reproducer_split_DynamoThunder_cpu_None[repro],call,6.52,99.74
after,26,test_dynamo_reproducer_2graph_DynamoThunder_cpu_None[repro],thunder/tests/test_dynamo.py::test_dynamo_reproducer_2graph_DynamoThunder_cpu_None[repro],call,5.99,99.74
after,26,test_basic_DynamoThunder_cpu_None[dynamic],thunder/tests/test_dynamo.py::test_basic_DynamoThunder_cpu_None[dynamic],call,1.66,99.74
after,26,test_basic_splitter_DynamoThunder_cpu_None[dynamic],thunder/tests/test_dynamo.py::test_basic_splitter_DynamoThunder_cpu_None[dynamic],call,1.6,99.74
after,26,test_splitter_autograd_function_DynamoThunder_cpu_None[dynamic],thunder/tests/test_dynamo.py::test_splitter_autograd_function_DynamoThunder_cpu_None[dynamic],call,0.63,99.74
after,26,test_splitter_autocast_ctx_with_graph_break_DynamoThunder_cpu_None[auto],thunder/tests/test_dynamo.py::test_splitter_autocast_ctx_with_graph_break_DynamoThunder_cpu_None[auto],call,0.61,99.74
after,26,test_splitter_autocast_ctx_with_graph_break_DynamoThunder_cpu_None[dynamic],thunder/tests/test_dynamo.py::test_splitter_autocast_ctx_with_graph_break_DynamoThunder_cpu_None[dynamic],call,0.48,99.74
after,26,test_splitter_autograd_function_DynamoThunder_cpu_None[static],thunder/tests/test_dynamo.py::test_splitter_autograd_function_DynamoThunder_cpu_None[static],call,0.46,99.74
after,26,test_splitter_autograd_function_DynamoThunder_cpu_None[auto],thunder/tests/test_dynamo.py::test_splitter_autograd_function_DynamoThunder_cpu_None[auto],call,0.46,99.74
after,26,test_no_grad_ctx_manager_DynamoThunder_cpu_None,thunder/tests/test_dynamo.py::test_no_grad_ctx_manager_DynamoThunder_cpu_None,call,0.45,99.74
after,26,test_basic_DynamoThunder_cpu_None[auto],thunder/tests/test_dynamo.py::test_basic_DynamoThunder_cpu_None[auto],call,0.43,99.74
after,26,test_where_nonzero_overload_DynamoThunder_cpu_None,thunder/tests/test_dynamo.py::test_where_nonzero_overload_DynamoThunder_cpu_None,call,0.41,99.74
after,26,test_splitter_autocast_ctx_with_graph_break_DynamoThunder_cpu_None[static],thunder/tests/test_dynamo.py::test_splitter_autocast_ctx_with_graph_break_DynamoThunder_cpu_None[static],call,0.4,99.74
after,26,test_splitter_autocast_ctx_with_split_DynamoThunder_cpu_None[dynamic],thunder/tests/test_dynamo.py::test_splitter_autocast_ctx_with_split_DynamoThunder_cpu_None[dynamic],call,0.38,99.74
after,26,test_splitter_autocast_ctx_with_split_DynamoThunder_cpu_None[static],thunder/tests/test_dynamo.py::test_splitter_autocast_ctx_with_split_DynamoThunder_cpu_None[static],call,0.33,99.74
after,26,test_splitter_autocast_ctx_with_split_DynamoThunder_cpu_None[auto],thunder/tests/test_dynamo.py::test_splitter_autocast_ctx_with_split_DynamoThunder_cpu_None[auto],call,0.32,99.74
after,26,test_basic_splitter_DynamoThunder_cpu_None[auto],thunder/tests/test_dynamo.py::test_basic_splitter_DynamoThunder_cpu_None[auto],call,0.31,99.74
after,26,test_basic_splitter_DynamoThunder_cpu_None[static],thunder/tests/test_dynamo.py::test_basic_splitter_DynamoThunder_cpu_None[static],call,0.31,99.74
after,26,test_empty_autocast,thunder/tests/test_dynamo.py::test_empty_autocast,call,0.3,99.74
after,26,test_basic_DynamoThunder_cpu_None[static],thunder/tests/test_dynamo.py::test_basic_DynamoThunder_cpu_None[static],call,0.29,99.74
after,26,test_splitter_autocast_ctx_DynamoThunder_cpu_None[dynamic],thunder/tests/test_dynamo.py::test_splitter_autocast_ctx_DynamoThunder_cpu_None[dynamic],call,0.25,99.74
after,26,test_no_grad_enabled_grad_nested_ctx_manager_DynamoThunder_cpu_None,thunder/tests/test_dynamo.py::test_no_grad_enabled_grad_nested_ctx_manager_DynamoThunder_cpu_None,call,0.24,99.74
after,26,test_leak_on_unsupported_thunder_operator,thunder/tests/test_dynamo.py::test_leak_on_unsupported_thunder_operator,call,0.23,99.74
after,26,test_splitter_autocast_ctx_DynamoThunder_cpu_None[auto],thunder/tests/test_dynamo.py::test_splitter_autocast_ctx_DynamoThunder_cpu_None[auto],call,0.22,99.74
after,26,test_splitter_autocast_ctx_DynamoThunder_cpu_None[static],thunder/tests/test_dynamo.py::test_splitter_autocast_ctx_DynamoThunder_cpu_None[static],call,0.22,99.74
after,26,test_thunderfx_last_traces,thunder/tests/test_dynamo.py::test_thunderfx_last_traces,call,0.16,99.74
after,26,test_spliter_bwd,thunder/tests/test_dynamo.py::test_spliter_bwd,call,0.15,99.74
after,26,test_cat_no_split_DynamoThunder_cpu_None[False],thunder/tests/test_dynamo.py::test_cat_no_split_DynamoThunder_cpu_None[False],call,0.15,99.74
after,26,test_cat_no_split_DynamoThunder_cpu_None[True],thunder/tests/test_dynamo.py::test_cat_no_split_DynamoThunder_cpu_None[True],call,0.15,99.74
after,26,test_force_skip_lazy_graph_module_DynamoThunder_cpu_None,thunder/tests/test_dynamo.py::test_force_skip_lazy_graph_module_DynamoThunder_cpu_None,call,0.14,99.74
after,26,test_method_only_registrations_DynamoThunder_cpu_None,thunder/tests/test_dynamo.py::test_method_only_registrations_DynamoThunder_cpu_None,call,0.14,99.74
after,26,test_thunderfx_meta_tensor,thunder/tests/test_dynamo.py::test_thunderfx_meta_tensor,call,0.13,99.74
after,27,test_fxreport_DynamoThunder_cpu_None[benchmark],thunder/tests/test_dynamo.py::test_fxreport_DynamoThunder_cpu_None[benchmark],call,26.09,99.99
after,27,test_dynamo_reproducer_split_DynamoThunder_cpu_None[benchmark],thunder/tests/test_dynamo.py::test_dynamo_reproducer_split_DynamoThunder_cpu_None[benchmark],call,19.81,99.99
after,27,test_dynamo_reproducer_2graph_DynamoThunder_cpu_None[benchmark],thunder/tests/test_dynamo.py::test_dynamo_reproducer_2graph_DynamoThunder_cpu_None[benchmark],call,17.68,99.99
after,27,test_fxreport_DynamoThunder_cpu_None[repro],thunder/tests/test_dynamo.py::test_fxreport_DynamoThunder_cpu_None[repro],call,11.52,99.99
after,27,test_dynamo_reproducer_split_DynamoThunder_cpu_None[repro],thunder/tests/test_dynamo.py::test_dynamo_reproducer_split_DynamoThunder_cpu_None[repro],call,6.55,99.99
after,27,test_dynamo_reproducer_2graph_DynamoThunder_cpu_None[repro],thunder/tests/test_dynamo.py::test_dynamo_reproducer_2graph_DynamoThunder_cpu_None[repro],call,6.0,99.99
after,27,test_basic_DynamoThunder_cpu_None[dynamic],thunder/tests/test_dynamo.py::test_basic_DynamoThunder_cpu_None[dynamic],call,1.65,99.99
after,27,test_basic_splitter_DynamoThunder_cpu_None[dynamic],thunder/tests/test_dynamo.py::test_basic_splitter_DynamoThunder_cpu_None[dynamic],call,1.6,99.99
after,27,test_splitter_autograd_function_DynamoThunder_cpu_None[dynamic],thunder/tests/test_dynamo.py::test_splitter_autograd_function_DynamoThunder_cpu_None[dynamic],call,0.65,99.99
after,27,test_splitter_autocast_ctx_with_graph_break_DynamoThunder_cpu_None[auto],thunder/tests/test_dynamo.py::test_splitter_autocast_ctx_with_graph_break_DynamoThunder_cpu_None[auto],call,0.63,99.99
after,27,test_no_grad_enabled_grad_nested_ctx_manager_DynamoThunder_cpu_None,thunder/tests/test_dynamo.py::test_no_grad_enabled_grad_nested_ctx_manager_DynamoThunder_cpu_None,call,0.5,99.99
after,27,test_splitter_autocast_ctx_with_graph_break_DynamoThunder_cpu_None[dynamic],thunder/tests/test_dynamo.py::test_splitter_autocast_ctx_with_graph_break_DynamoThunder_cpu_None[dynamic],call,0.49,99.99
after,27,test_splitter_autograd_function_DynamoThunder_cpu_None[static],thunder/tests/test_dynamo.py::test_splitter_autograd_function_DynamoThunder_cpu_None[static],call,0.48,99.99
after,27,test_splitter_autograd_function_DynamoThunder_cpu_None[auto],thunder/tests/test_dynamo.py::test_splitter_autograd_function_DynamoThunder_cpu_None[auto],call,0.47,99.99
after,27,test_basic_DynamoThunder_cpu_None[auto],thunder/tests/test_dynamo.py::test_basic_DynamoThunder_cpu_None[auto],call,0.43,99.99
after,27,test_where_nonzero_overload_DynamoThunder_cpu_None,thunder/tests/test_dynamo.py::test_where_nonzero_overload_DynamoThunder_cpu_None,call,0.41,99.99
after,27,test_splitter_autocast_ctx_with_graph_break_DynamoThunder_cpu_None[static],thunder/tests/test_dynamo.py::test_splitter_autocast_ctx_with_graph_break_DynamoThunder_cpu_None[static],call,0.41,99.99
after,27,test_splitter_autocast_ctx_with_split_DynamoThunder_cpu_None[dynamic],thunder/tests/test_dynamo.py::test_splitter_autocast_ctx_with_split_DynamoThunder_cpu_None[dynamic],call,0.38,99.99
after,27,test_splitter_autocast_ctx_with_split_DynamoThunder_cpu_None[static],thunder/tests/test_dynamo.py::test_splitter_autocast_ctx_with_split_DynamoThunder_cpu_None[static],call,0.33,99.99
after,27,test_splitter_autocast_ctx_with_split_DynamoThunder_cpu_None[auto],thunder/tests/test_dynamo.py::test_splitter_autocast_ctx_with_split_DynamoThunder_cpu_None[auto],call,0.33,99.99
after,27,test_basic_splitter_DynamoThunder_cpu_None[static],thunder/tests/test_dynamo.py::test_basic_splitter_DynamoThunder_cpu_None[static],call,0.32,99.99
after,27,test_basic_splitter_DynamoThunder_cpu_None[auto],thunder/tests/test_dynamo.py::test_basic_splitter_DynamoThunder_cpu_None[auto],call,0.32,99.99
after,27,test_empty_autocast,thunder/tests/test_dynamo.py::test_empty_autocast,call,0.3,99.99
after,27,test_basic_DynamoThunder_cpu_None[static],thunder/tests/test_dynamo.py::test_basic_DynamoThunder_cpu_None[static],call,0.3,99.99
after,27,test_splitter_autocast_ctx_DynamoThunder_cpu_None[dynamic],thunder/tests/test_dynamo.py::test_splitter_autocast_ctx_DynamoThunder_cpu_None[dynamic],call,0.24,99.99
after,27,test_leak_on_unsupported_thunder_operator,thunder/tests/test_dynamo.py::test_leak_on_unsupported_thunder_operator,call,0.23,99.99
after,27,test_splitter_autocast_ctx_DynamoThunder_cpu_None[auto],thunder/tests/test_dynamo.py::test_splitter_autocast_ctx_DynamoThunder_cpu_None[auto],call,0.22,99.99
after,27,test_splitter_autocast_ctx_DynamoThunder_cpu_None[static],thunder/tests/test_dynamo.py::test_splitter_autocast_ctx_DynamoThunder_cpu_None[static],call,0.22,99.99
after,27,test_no_grad_ctx_manager_DynamoThunder_cpu_None,thunder/tests/test_dynamo.py::test_no_grad_ctx_manager_DynamoThunder_cpu_None,call,0.2,99.99
after,27,test_thunderfx_last_traces,thunder/tests/test_dynamo.py::test_thunderfx_last_traces,call,0.16,99.99
after,27,test_spliter_bwd,thunder/tests/test_dynamo.py::test_spliter_bwd,call,0.16,99.99
after,27,test_cat_no_split_DynamoThunder_cpu_None[True],thunder/tests/test_dynamo.py::test_cat_no_split_DynamoThunder_cpu_None[True],call,0.15,99.99
after,27,test_cat_no_split_DynamoThunder_cpu_None[False],thunder/tests/test_dynamo.py::test_cat_no_split_DynamoThunder_cpu_None[False],call,0.15,99.99
after,27,test_force_skip_lazy_graph_module_DynamoThunder_cpu_None,thunder/tests/test_dynamo.py::test_force_skip_lazy_graph_module_DynamoThunder_cpu_None,call,0.15,99.99
after,27,test_method_only_registrations_DynamoThunder_cpu_None,thunder/tests/test_dynamo.py::test_method_only_registrations_DynamoThunder_cpu_None,call,0.14,99.99
after,27,test_thunderfx_meta_tensor,thunder/tests/test_dynamo.py::test_thunderfx_meta_tensor,call,0.13,99.99
after,28,test_fxreport_DynamoThunder_cpu_None[benchmark],thunder/tests/test_dynamo.py::test_fxreport_DynamoThunder_cpu_None[benchmark],call,26.07,99.83
after,28,test_dynamo_reproducer_split_DynamoThunder_cpu_None[benchmark],thunder/tests/test_dynamo.py::test_dynamo_reproducer_split_DynamoThunder_cpu_None[benchmark],call,19.76,99.83
after,28,test_dynamo_reproducer_2graph_DynamoThunder_cpu_None[benchmark],thunder/tests/test_dynamo.py::test_dynamo_reproducer_2graph_DynamoThunder_cpu_None[benchmark],call,17.66,99.83
after,28,test_fxreport_DynamoThunder_cpu_None[repro],thunder/tests/test_dynamo.py::test_fxreport_DynamoThunder_cpu_None[repro],call,11.54,99.83
after,28,test_dynamo_reproducer_split_DynamoThunder_cpu_None[repro],thunder/tests/test_dynamo.py::test_dynamo_reproducer_split_DynamoThunder_cpu_None[repro],call,6.52,99.83
after,28,test_dynamo_reproducer_2graph_DynamoThunder_cpu_None[repro],thunder/tests/test_dynamo.py::test_dynamo_reproducer_2graph_DynamoThunder_cpu_None[repro],call,6.02,99.83
after,28,test_basic_DynamoThunder_cpu_None[dynamic],thunder/tests/test_dynamo.py::test_basic_DynamoThunder_cpu_None[dynamic],call,1.65,99.83
after,28,test_basic_splitter_DynamoThunder_cpu_None[dynamic],thunder/tests/test_dynamo.py::test_basic_splitter_DynamoThunder_cpu_None[dynamic],call,1.61,99.83
after,28,test_splitter_autograd_function_DynamoThunder_cpu_None[dynamic],thunder/tests/test_dynamo.py::test_splitter_autograd_function_DynamoThunder_cpu_None[dynamic],call,0.63,99.83
after,28,test_splitter_autocast_ctx_with_graph_break_DynamoThunder_cpu_None[auto],thunder/tests/test_dynamo.py::test_splitter_autocast_ctx_with_graph_break_DynamoThunder_cpu_None[auto],call,0.62,99.83
after,28,test_no_grad_enabled_grad_nested_ctx_manager_DynamoThunder_cpu_None,thunder/tests/test_dynamo.py::test_no_grad_enabled_grad_nested_ctx_manager_DynamoThunder_cpu_None,call,0.49,99.83
after,28,test_splitter_autocast_ctx_with_graph_break_DynamoThunder_cpu_None[dynamic],thunder/tests/test_dynamo.py::test_splitter_autocast_ctx_with_graph_break_DynamoThunder_cpu_None[dynamic],call,0.49,99.83
after,28,test_splitter_autograd_function_DynamoThunder_cpu_None[static],thunder/tests/test_dynamo.py::test_splitter_autograd_function_DynamoThunder_cpu_None[static],call,0.47,99.83
after,28,test_splitter_autograd_function_DynamoThunder_cpu_None[auto],thunder/tests/test_dynamo.py::test_splitter_autograd_function_DynamoThunder_cpu_None[auto],call,0.46,99.83
after,28,test_basic_DynamoThunder_cpu_None[auto],thunder/tests/test_dynamo.py::test_basic_DynamoThunder_cpu_None[auto],call,0.43,99.83
after,28,test_where_nonzero_overload_DynamoThunder_cpu_None,thunder/tests/test_dynamo.py::test_where_nonzero_overload_DynamoThunder_cpu_None,call,0.4,99.83
after,28,test_splitter_autocast_ctx_with_graph_break_DynamoThunder_cpu_None[static],thunder/tests/test_dynamo.py::test_splitter_autocast_ctx_with_graph_break_DynamoThunder_cpu_None[static],call,0.4,99.83
after,28,test_splitter_autocast_ctx_with_split_DynamoThunder_cpu_None[dynamic],thunder/tests/test_dynamo.py::test_splitter_autocast_ctx_with_split_DynamoThunder_cpu_None[dynamic],call,0.38,99.83
after,28,test_splitter_autocast_ctx_with_split_DynamoThunder_cpu_None[static],thunder/tests/test_dynamo.py::test_splitter_autocast_ctx_with_split_DynamoThunder_cpu_None[static],call,0.33,99.83
after,28,test_splitter_autocast_ctx_with_split_DynamoThunder_cpu_None[auto],thunder/tests/test_dynamo.py::test_splitter_autocast_ctx_with_split_DynamoThunder_cpu_None[auto],call,0.33,99.83
after,28,test_basic_splitter_DynamoThunder_cpu_None[static],thunder/tests/test_dynamo.py::test_basic_splitter_DynamoThunder_cpu_None[static],call,0.32,99.83
after,28,test_basic_splitter_DynamoThunder_cpu_None[auto],thunder/tests/test_dynamo.py::test_basic_splitter_DynamoThunder_cpu_None[auto],call,0.31,99.83
after,28,test_empty_autocast,thunder/tests/test_dynamo.py::test_empty_autocast,call,0.3,99.83
after,28,test_basic_DynamoThunder_cpu_None[static],thunder/tests/test_dynamo.py::test_basic_DynamoThunder_cpu_None[static],call,0.29,99.83
after,28,test_splitter_autocast_ctx_DynamoThunder_cpu_None[dynamic],thunder/tests/test_dynamo.py::test_splitter_autocast_ctx_DynamoThunder_cpu_None[dynamic],call,0.24,99.83
after,28,test_leak_on_unsupported_thunder_operator,thunder/tests/test_dynamo.py::test_leak_on_unsupported_thunder_operator,call,0.23,99.83
after,28,test_splitter_autocast_ctx_DynamoThunder_cpu_None[auto],thunder/tests/test_dynamo.py::test_splitter_autocast_ctx_DynamoThunder_cpu_None[auto],call,0.22,99.83
after,28,test_splitter_autocast_ctx_DynamoThunder_cpu_None[static],thunder/tests/test_dynamo.py::test_splitter_autocast_ctx_DynamoThunder_cpu_None[static],call,0.22,99.83
after,28,test_no_grad_ctx_manager_DynamoThunder_cpu_None,thunder/tests/test_dynamo.py::test_no_grad_ctx_manager_DynamoThunder_cpu_None,call,0.2,99.83
after,28,test_spliter_bwd,thunder/tests/test_dynamo.py::test_spliter_bwd,call,0.18,99.83
after,28,test_thunderfx_last_traces,thunder/tests/test_dynamo.py::test_thunderfx_last_traces,call,0.16,99.83
after,28,test_cat_no_split_DynamoThunder_cpu_None[False],thunder/tests/test_dynamo.py::test_cat_no_split_DynamoThunder_cpu_None[False],call,0.15,99.83
after,28,test_force_skip_lazy_graph_module_DynamoThunder_cpu_None,thunder/tests/test_dynamo.py::test_force_skip_lazy_graph_module_DynamoThunder_cpu_None,call,0.15,99.83
after,28,test_cat_no_split_DynamoThunder_cpu_None[True],thunder/tests/test_dynamo.py::test_cat_no_split_DynamoThunder_cpu_None[True],call,0.15,99.83
after,28,test_method_only_registrations_DynamoThunder_cpu_None,thunder/tests/test_dynamo.py::test_method_only_registrations_DynamoThunder_cpu_None,call,0.14,99.83
after,28,test_thunderfx_meta_tensor,thunder/tests/test_dynamo.py::test_thunderfx_meta_tensor,call,0.13,99.83
after,28,test_deepcopy_graph_module,thunder/tests/test_dynamo.py::test_deepcopy_graph_module,call,0.01,99.83
after,29,test_fxreport_DynamoThunder_cpu_None[benchmark],thunder/tests/test_dynamo.py::test_fxreport_DynamoThunder_cpu_None[benchmark],call,26.02,99.78
after,29,test_dynamo_reproducer_split_DynamoThunder_cpu_None[benchmark],thunder/tests/test_dynamo.py::test_dynamo_reproducer_split_DynamoThunder_cpu_None[benchmark],call,19.84,99.78
after,29,test_dynamo_reproducer_2graph_DynamoThunder_cpu_None[benchmark],thunder/tests/test_dynamo.py::test_dynamo_reproducer_2graph_DynamoThunder_cpu_None[benchmark],call,17.64,99.78
after,29,test_fxreport_DynamoThunder_cpu_None[repro],thunder/tests/test_dynamo.py::test_fxreport_DynamoThunder_cpu_None[repro],call,11.53,99.78
after,29,test_dynamo_reproducer_split_DynamoThunder_cpu_None[repro],thunder/tests/test_dynamo.py::test_dynamo_reproducer_split_DynamoThunder_cpu_None[repro],call,6.5,99.78
after,29,test_dynamo_reproducer_2graph_DynamoThunder_cpu_None[repro],thunder/tests/test_dynamo.py::test_dynamo_reproducer_2graph_DynamoThunder_cpu_None[repro],call,6.03,99.78
after,29,test_basic_DynamoThunder_cpu_None[dynamic],thunder/tests/test_dynamo.py::test_basic_DynamoThunder_cpu_None[dynamic],call,1.67,99.78
after,29,test_basic_splitter_DynamoThunder_cpu_None[dynamic],thunder/tests/test_dynamo.py::test_basic_splitter_DynamoThunder_cpu_None[dynamic],call,1.6,99.78
after,29,test_splitter_autograd_function_DynamoThunder_cpu_None[dynamic],thunder/tests/test_dynamo.py::test_splitter_autograd_function_DynamoThunder_cpu_None[dynamic],call,0.63,99.78
after,29,test_splitter_autocast_ctx_with_graph_break_DynamoThunder_cpu_None[auto],thunder/tests/test_dynamo.py::test_splitter_autocast_ctx_with_graph_break_DynamoThunder_cpu_None[auto],call,0.62,99.78
after,29,test_splitter_autocast_ctx_with_graph_break_DynamoThunder_cpu_None[dynamic],thunder/tests/test_dynamo.py::test_splitter_autocast_ctx_with_graph_break_DynamoThunder_cpu_None[dynamic],call,0.48,99.78
after,29,test_splitter_autograd_function_DynamoThunder_cpu_None[static],thunder/tests/test_dynamo.py::test_splitter_autograd_function_DynamoThunder_cpu_None[static],call,0.47,99.78
after,29,test_splitter_autograd_function_DynamoThunder_cpu_None[auto],thunder/tests/test_dynamo.py::test_splitter_autograd_function_DynamoThunder_cpu_None[auto],call,0.46,99.78
after,29,test_no_grad_ctx_manager_DynamoThunder_cpu_None,thunder/tests/test_dynamo.py::test_no_grad_ctx_manager_DynamoThunder_cpu_None,call,0.44,99.78
after,29,test_basic_DynamoThunder_cpu_None[auto],thunder/tests/test_dynamo.py::test_basic_DynamoThunder_cpu_None[auto],call,0.43,99.78
after,29,test_where_nonzero_overload_DynamoThunder_cpu_None,thunder/tests/test_dynamo.py::test_where_nonzero_overload_DynamoThunder_cpu_None,call,0.41,99.78
after,29,test_splitter_autocast_ctx_with_graph_break_DynamoThunder_cpu_None[static],thunder/tests/test_dynamo.py::test_splitter_autocast_ctx_with_graph_break_DynamoThunder_cpu_None[static],call,0.4,99.78
after,29,test_splitter_autocast_ctx_with_split_DynamoThunder_cpu_None[dynamic],thunder/tests/test_dynamo.py::test_splitter_autocast_ctx_with_split_DynamoThunder_cpu_None[dynamic],call,0.38,99.78
after,29,test_splitter_autocast_ctx_with_split_DynamoThunder_cpu_None[static],thunder/tests/test_dynamo.py::test_splitter_autocast_ctx_with_split_DynamoThunder_cpu_None[static],call,0.33,99.78
after,29,test_splitter_autocast_ctx_with_split_DynamoThunder_cpu_None[auto],thunder/tests/test_dynamo.py::test_splitter_autocast_ctx_with_split_DynamoThunder_cpu_None[auto],call,0.33,99.78
after,29,test_basic_splitter_DynamoThunder_cpu_None[static],thunder/tests/test_dynamo.py::test_basic_splitter_DynamoThunder_cpu_None[static],call,0.32,99.78
after,29,test_basic_splitter_DynamoThunder_cpu_None[auto],thunder/tests/test_dynamo.py::test_basic_splitter_DynamoThunder_cpu_None[auto],call,0.31,99.78
after,29,test_basic_DynamoThunder_cpu_None[static],thunder/tests/test_dynamo.py::test_basic_DynamoThunder_cpu_None[static],call,0.3,99.78
after,29,test_empty_autocast,thunder/tests/test_dynamo.py::test_empty_autocast,call,0.3,99.78
after,29,test_no_grad_enabled_grad_nested_ctx_manager_DynamoThunder_cpu_None,thunder/tests/test_dynamo.py::test_no_grad_enabled_grad_nested_ctx_manager_DynamoThunder_cpu_None,call,0.24,99.78
after,29,test_splitter_autocast_ctx_DynamoThunder_cpu_None[dynamic],thunder/tests/test_dynamo.py::test_splitter_autocast_ctx_DynamoThunder_cpu_None[dynamic],call,0.24,99.78
after,29,test_leak_on_unsupported_thunder_operator,thunder/tests/test_dynamo.py::test_leak_on_unsupported_thunder_operator,call,0.23,99.78
after,29,test_splitter_autocast_ctx_DynamoThunder_cpu_None[static],thunder/tests/test_dynamo.py::test_splitter_autocast_ctx_DynamoThunder_cpu_None[static],call,0.22,99.78
after,29,test_splitter_autocast_ctx_DynamoThunder_cpu_None[auto],thunder/tests/test_dynamo.py::test_splitter_autocast_ctx_DynamoThunder_cpu_None[auto],call,0.22,99.78
after,29,test_thunderfx_last_traces,thunder/tests/test_dynamo.py::test_thunderfx_last_traces,call,0.16,99.78
after,29,test_spliter_bwd,thunder/tests/test_dynamo.py::test_spliter_bwd,call,0.15,99.78
after,29,test_force_skip_lazy_graph_module_DynamoThunder_cpu_None,thunder/tests/test_dynamo.py::test_force_skip_lazy_graph_module_DynamoThunder_cpu_None,call,0.15,99.78
after,29,test_cat_no_split_DynamoThunder_cpu_None[True],thunder/tests/test_dynamo.py::test_cat_no_split_DynamoThunder_cpu_None[True],call,0.15,99.78
after,29,test_cat_no_split_DynamoThunder_cpu_None[False],thunder/tests/test_dynamo.py::test_cat_no_split_DynamoThunder_cpu_None[False],call,0.15,99.78
after,29,test_method_only_registrations_DynamoThunder_cpu_None,thunder/tests/test_dynamo.py::test_method_only_registrations_DynamoThunder_cpu_None,call,0.14,99.78
after,29,test_thunderfx_meta_tensor,thunder/tests/test_dynamo.py::test_thunderfx_meta_tensor,call,0.13,99.78
after,30,test_fxreport_DynamoThunder_cpu_None[benchmark],thunder/tests/test_dynamo.py::test_fxreport_DynamoThunder_cpu_None[benchmark],call,26.1,99.81
after,30,test_dynamo_reproducer_split_DynamoThunder_cpu_None[benchmark],thunder/tests/test_dynamo.py::test_dynamo_reproducer_split_DynamoThunder_cpu_None[benchmark],call,19.81,99.81
after,30,test_dynamo_reproducer_2graph_DynamoThunder_cpu_None[benchmark],thunder/tests/test_dynamo.py::test_dynamo_reproducer_2graph_DynamoThunder_cpu_None[benchmark],call,17.65,99.81
after,30,test_fxreport_DynamoThunder_cpu_None[repro],thunder/tests/test_dynamo.py::test_fxreport_DynamoThunder_cpu_None[repro],call,11.56,99.81
after,30,test_dynamo_reproducer_split_DynamoThunder_cpu_None[repro],thunder/tests/test_dynamo.py::test_dynamo_reproducer_split_DynamoThunder_cpu_None[repro],call,6.51,99.81
after,30,test_dynamo_reproducer_2graph_DynamoThunder_cpu_None[repro],thunder/tests/test_dynamo.py::test_dynamo_reproducer_2graph_DynamoThunder_cpu_None[repro],call,6.02,99.81
after,30,test_basic_DynamoThunder_cpu_None[dynamic],thunder/tests/test_dynamo.py::test_basic_DynamoThunder_cpu_None[dynamic],call,1.66,99.81
after,30,test_basic_splitter_DynamoThunder_cpu_None[dynamic],thunder/tests/test_dynamo.py::test_basic_splitter_DynamoThunder_cpu_None[dynamic],call,1.6,99.81
after,30,test_splitter_autograd_function_DynamoThunder_cpu_None[dynamic],thunder/tests/test_dynamo.py::test_splitter_autograd_function_DynamoThunder_cpu_None[dynamic],call,0.64,99.81
after,30,test_splitter_autocast_ctx_with_graph_break_DynamoThunder_cpu_None[auto],thunder/tests/test_dynamo.py::test_splitter_autocast_ctx_with_graph_break_DynamoThunder_cpu_None[auto],call,0.61,99.81
after,30,test_splitter_autocast_ctx_with_graph_break_DynamoThunder_cpu_None[dynamic],thunder/tests/test_dynamo.py::test_splitter_autocast_ctx_with_graph_break_DynamoThunder_cpu_None[dynamic],call,0.48,99.81
after,30,test_splitter_autograd_function_DynamoThunder_cpu_None[static],thunder/tests/test_dynamo.py::test_splitter_autograd_function_DynamoThunder_cpu_None[static],call,0.47,99.81
after,30,test_splitter_autograd_function_DynamoThunder_cpu_None[auto],thunder/tests/test_dynamo.py::test_splitter_autograd_function_DynamoThunder_cpu_None[auto],call,0.46,99.81
after,30,test_no_grad_ctx_manager_DynamoThunder_cpu_None,thunder/tests/test_dynamo.py::test_no_grad_ctx_manager_DynamoThunder_cpu_None,call,0.44,99.81
after,30,test_basic_DynamoThunder_cpu_None[auto],thunder/tests/test_dynamo.py::test_basic_DynamoThunder_cpu_None[auto],call,0.43,99.81
after,30,test_splitter_autocast_ctx_with_graph_break_DynamoThunder_cpu_None[static],thunder/tests/test_dynamo.py::test_splitter_autocast_ctx_with_graph_break_DynamoThunder_cpu_None[static],call,0.4,99.81
after,30,test_where_nonzero_overload_DynamoThunder_cpu_None,thunder/tests/test_dynamo.py::test_where_nonzero_overload_DynamoThunder_cpu_None,call,0.4,99.81
after,30,test_splitter_autocast_ctx_with_split_DynamoThunder_cpu_None[dynamic],thunder/tests/test_dynamo.py::test_splitter_autocast_ctx_with_split_DynamoThunder_cpu_None[dynamic],call,0.38,99.81
after,30,test_splitter_autocast_ctx_with_split_DynamoThunder_cpu_None[static],thunder/tests/test_dynamo.py::test_splitter_autocast_ctx_with_split_DynamoThunder_cpu_None[static],call,0.32,99.81
after,30,test_splitter_autocast_ctx_with_split_DynamoThunder_cpu_None[auto],thunder/tests/test_dynamo.py::test_splitter_autocast_ctx_with_split_DynamoThunder_cpu_None[auto],call,0.32,99.81
after,30,test_basic_splitter_DynamoThunder_cpu_None[static],thunder/tests/test_dynamo.py::test_basic_splitter_DynamoThunder_cpu_None[static],call,0.31,99.81
after,30,test_basic_splitter_DynamoThunder_cpu_None[auto],thunder/tests/test_dynamo.py::test_basic_splitter_DynamoThunder_cpu_None[auto],call,0.31,99.81
after,30,test_empty_autocast,thunder/tests/test_dynamo.py::test_empty_autocast,call,0.3,99.81
after,30,test_basic_DynamoThunder_cpu_None[static],thunder/tests/test_dynamo.py::test_basic_DynamoThunder_cpu_None[static],call,0.29,99.81
after,30,test_no_grad_enabled_grad_nested_ctx_manager_DynamoThunder_cpu_None,thunder/tests/test_dynamo.py::test_no_grad_enabled_grad_nested_ctx_manager_DynamoThunder_cpu_None,call,0.24,99.81
after,30,test_splitter_autocast_ctx_DynamoThunder_cpu_None[dynamic],thunder/tests/test_dynamo.py::test_splitter_autocast_ctx_DynamoThunder_cpu_None[dynamic],call,0.24,99.81
after,30,test_leak_on_unsupported_thunder_operator,thunder/tests/test_dynamo.py::test_leak_on_unsupported_thunder_operator,call,0.23,99.81
after,30,test_splitter_autocast_ctx_DynamoThunder_cpu_None[auto],thunder/tests/test_dynamo.py::test_splitter_autocast_ctx_DynamoThunder_cpu_None[auto],call,0.22,99.81
after,30,test_splitter_autocast_ctx_DynamoThunder_cpu_None[static],thunder/tests/test_dynamo.py::test_splitter_autocast_ctx_DynamoThunder_cpu_None[static],call,0.22,99.81
after,30,test_thunderfx_last_traces,thunder/tests/test_dynamo.py::test_thunderfx_last_traces,call,0.16,99.81
after,30,test_spliter_bwd,thunder/tests/test_dynamo.py::test_spliter_bwd,call,0.15,99.81
after,30,test_cat_no_split_DynamoThunder_cpu_None[True],thunder/tests/test_dynamo.py::test_cat_no_split_DynamoThunder_cpu_None[True],call,0.15,99.81
after,30,test_cat_no_split_DynamoThunder_cpu_None[False],thunder/tests/test_dynamo.py::test_cat_no_split_DynamoThunder_cpu_None[False],call,0.15,99.81
after,30,test_force_skip_lazy_graph_module_DynamoThunder_cpu_None,thunder/tests/test_dynamo.py::test_force_skip_lazy_graph_module_DynamoThunder_cpu_None,call,0.15,99.81
after,30,test_method_only_registrations_DynamoThunder_cpu_None,thunder/tests/test_dynamo.py::test_method_only_registrations_DynamoThunder_cpu_None,call,0.14,99.81
after,30,test_thunderfx_meta_tensor,thunder/tests/test_dynamo.py::test_thunderfx_meta_tensor,call,0.13,99.81
after,31,test_fxreport_DynamoThunder_cpu_None[benchmark],thunder/tests/test_dynamo.py::test_fxreport_DynamoThunder_cpu_None[benchmark],call,26.0,99.82
after,31,test_dynamo_reproducer_split_DynamoThunder_cpu_None[benchmark],thunder/tests/test_dynamo.py::test_dynamo_reproducer_split_DynamoThunder_cpu_None[benchmark],call,19.91,99.82
after,31,test_dynamo_reproducer_2graph_DynamoThunder_cpu_None[benchmark],thunder/tests/test_dynamo.py::test_dynamo_reproducer_2graph_DynamoThunder_cpu_None[benchmark],call,17.62,99.82
after,31,test_fxreport_DynamoThunder_cpu_None[repro],thunder/tests/test_dynamo.py::test_fxreport_DynamoThunder_cpu_None[repro],call,11.59,99.82
after,31,test_dynamo_reproducer_split_DynamoThunder_cpu_None[repro],thunder/tests/test_dynamo.py::test_dynamo_reproducer_split_DynamoThunder_cpu_None[repro],call,6.54,99.82
after,31,test_dynamo_reproducer_2graph_DynamoThunder_cpu_None[repro],thunder/tests/test_dynamo.py::test_dynamo_reproducer_2graph_DynamoThunder_cpu_None[repro],call,6.0,99.82
after,31,test_basic_DynamoThunder_cpu_None[dynamic],thunder/tests/test_dynamo.py::test_basic_DynamoThunder_cpu_None[dynamic],call,1.64,99.82
after,31,test_basic_splitter_DynamoThunder_cpu_None[dynamic],thunder/tests/test_dynamo.py::test_basic_splitter_DynamoThunder_cpu_None[dynamic],call,1.6,99.82
after,31,test_splitter_autograd_function_DynamoThunder_cpu_None[dynamic],thunder/tests/test_dynamo.py::test_splitter_autograd_function_DynamoThunder_cpu_None[dynamic],call,0.63,99.82
after,31,test_splitter_autocast_ctx_with_graph_break_DynamoThunder_cpu_None[auto],thunder/tests/test_dynamo.py::test_splitter_autocast_ctx_with_graph_break_DynamoThunder_cpu_None[auto],call,0.61,99.82
after,31,test_splitter_autocast_ctx_with_graph_break_DynamoThunder_cpu_None[dynamic],thunder/tests/test_dynamo.py::test_splitter_autocast_ctx_with_graph_break_DynamoThunder_cpu_None[dynamic],call,0.48,99.82
after,31,test_splitter_autograd_function_DynamoThunder_cpu_None[static],thunder/tests/test_dynamo.py::test_splitter_autograd_function_DynamoThunder_cpu_None[static],call,0.47,99.82
after,31,test_splitter_autograd_function_DynamoThunder_cpu_None[auto],thunder/tests/test_dynamo.py::test_splitter_autograd_function_DynamoThunder_cpu_None[auto],call,0.46,99.82
after,31,test_no_grad_ctx_manager_DynamoThunder_cpu_None,thunder/tests/test_dynamo.py::test_no_grad_ctx_manager_DynamoThunder_cpu_None,call,0.44,99.82
after,31,test_basic_DynamoThunder_cpu_None[auto],thunder/tests/test_dynamo.py::test_basic_DynamoThunder_cpu_None[auto],call,0.43,99.82
after,31,test_where_nonzero_overload_DynamoThunder_cpu_None,thunder/tests/test_dynamo.py::test_where_nonzero_overload_DynamoThunder_cpu_None,call,0.41,99.82
after,31,test_splitter_autocast_ctx_with_graph_break_DynamoThunder_cpu_None[static],thunder/tests/test_dynamo.py::test_splitter_autocast_ctx_with_graph_break_DynamoThunder_cpu_None[static],call,0.4,99.82
after,31,test_splitter_autocast_ctx_with_split_DynamoThunder_cpu_None[dynamic],thunder/tests/test_dynamo.py::test_splitter_autocast_ctx_with_split_DynamoThunder_cpu_None[dynamic],call,0.38,99.82
after,31,test_splitter_autocast_ctx_with_split_DynamoThunder_cpu_None[static],thunder/tests/test_dynamo.py::test_splitter_autocast_ctx_with_split_DynamoThunder_cpu_None[static],call,0.32,99.82
after,31,test_splitter_autocast_ctx_with_split_DynamoThunder_cpu_None[auto],thunder/tests/test_dynamo.py::test_splitter_autocast_ctx_with_split_DynamoThunder_cpu_None[auto],call,0.32,99.82
after,31,test_basic_splitter_DynamoThunder_cpu_None[auto],thunder/tests/test_dynamo.py::test_basic_splitter_DynamoThunder_cpu_None[auto],call,0.32,99.82
after,31,test_basic_splitter_DynamoThunder_cpu_None[static],thunder/tests/test_dynamo.py::test_basic_splitter_DynamoThunder_cpu_None[static],call,0.31,99.82
after,31,test_empty_autocast,thunder/tests/test_dynamo.py::test_empty_autocast,call,0.31,99.82
after,31,test_basic_DynamoThunder_cpu_None[static],thunder/tests/test_dynamo.py::test_basic_DynamoThunder_cpu_None[static],call,0.29,99.82
after,31,test_no_grad_enabled_grad_nested_ctx_manager_DynamoThunder_cpu_None,thunder/tests/test_dynamo.py::test_no_grad_enabled_grad_nested_ctx_manager_DynamoThunder_cpu_None,call,0.25,99.82
after,31,test_splitter_autocast_ctx_DynamoThunder_cpu_None[dynamic],thunder/tests/test_dynamo.py::test_splitter_autocast_ctx_DynamoThunder_cpu_None[dynamic],call,0.24,99.82
after,31,test_leak_on_unsupported_thunder_operator,thunder/tests/test_dynamo.py::test_leak_on_unsupported_thunder_operator,call,0.23,99.82
after,31,test_splitter_autocast_ctx_DynamoThunder_cpu_None[auto],thunder/tests/test_dynamo.py::test_splitter_autocast_ctx_DynamoThunder_cpu_None[auto],call,0.22,99.82
after,31,test_splitter_autocast_ctx_DynamoThunder_cpu_None[static],thunder/tests/test_dynamo.py::test_splitter_autocast_ctx_DynamoThunder_cpu_None[static],call,0.22,99.82
after,31,test_thunderfx_last_traces,thunder/tests/test_dynamo.py::test_thunderfx_last_traces,call,0.16,99.82
after,31,test_spliter_bwd,thunder/tests/test_dynamo.py::test_spliter_bwd,call,0.15,99.82
after,31,test_force_skip_lazy_graph_module_DynamoThunder_cpu_None,thunder/tests/test_dynamo.py::test_force_skip_lazy_graph_module_DynamoThunder_cpu_None,call,0.15,99.82
after,31,test_cat_no_split_DynamoThunder_cpu_None[True],thunder/tests/test_dynamo.py::test_cat_no_split_DynamoThunder_cpu_None[True],call,0.15,99.82
after,31,test_cat_no_split_DynamoThunder_cpu_None[False],thunder/tests/test_dynamo.py::test_cat_no_split_DynamoThunder_cpu_None[False],call,0.14,99.82
after,31,test_method_only_registrations_DynamoThunder_cpu_None,thunder/tests/test_dynamo.py::test_method_only_registrations_DynamoThunder_cpu_None,call,0.14,99.82
after,31,test_thunderfx_meta_tensor,thunder/tests/test_dynamo.py::test_thunderfx_meta_tensor,call,0.13,99.82
after,32,test_fxreport_DynamoThunder_cpu_None[benchmark],thunder/tests/test_dynamo.py::test_fxreport_DynamoThunder_cpu_None[benchmark],call,26.05,99.96
after,32,test_dynamo_reproducer_split_DynamoThunder_cpu_None[benchmark],thunder/tests/test_dynamo.py::test_dynamo_reproducer_split_DynamoThunder_cpu_None[benchmark],call,19.83,99.96
after,32,test_dynamo_reproducer_2graph_DynamoThunder_cpu_None[benchmark],thunder/tests/test_dynamo.py::test_dynamo_reproducer_2graph_DynamoThunder_cpu_None[benchmark],call,17.69,99.96
after,32,test_fxreport_DynamoThunder_cpu_None[repro],thunder/tests/test_dynamo.py::test_fxreport_DynamoThunder_cpu_None[repro],call,11.56,99.96
after,32,test_dynamo_reproducer_split_DynamoThunder_cpu_None[repro],thunder/tests/test_dynamo.py::test_dynamo_reproducer_split_DynamoThunder_cpu_None[repro],call,6.52,99.96
after,32,test_dynamo_reproducer_2graph_DynamoThunder_cpu_None[repro],thunder/tests/test_dynamo.py::test_dynamo_reproducer_2graph_DynamoThunder_cpu_None[repro],call,6.04,99.96
after,32,test_basic_DynamoThunder_cpu_None[dynamic],thunder/tests/test_dynamo.py::test_basic_DynamoThunder_cpu_None[dynamic],call,1.65,99.96
after,32,test_basic_splitter_DynamoThunder_cpu_None[dynamic],thunder/tests/test_dynamo.py::test_basic_splitter_DynamoThunder_cpu_None[dynamic],call,1.6,99.96
after,32,test_splitter_autograd_function_DynamoThunder_cpu_None[dynamic],thunder/tests/test_dynamo.py::test_splitter_autograd_function_DynamoThunder_cpu_None[dynamic],call,0.64,99.96
after,32,test_splitter_autocast_ctx_with_graph_break_DynamoThunder_cpu_None[auto],thunder/tests/test_dynamo.py::test_splitter_autocast_ctx_with_graph_break_DynamoThunder_cpu_None[auto],call,0.62,99.96
after,32,test_no_grad_enabled_grad_nested_ctx_manager_DynamoThunder_cpu_None,thunder/tests/test_dynamo.py::test_no_grad_enabled_grad_nested_ctx_manager_DynamoThunder_cpu_None,call,0.5,99.96
after,32,test_splitter_autocast_ctx_with_graph_break_DynamoThunder_cpu_None[dynamic],thunder/tests/test_dynamo.py::test_splitter_autocast_ctx_with_graph_break_DynamoThunder_cpu_None[dynamic],call,0.49,99.96
after,32,test_splitter_autograd_function_DynamoThunder_cpu_None[static],thunder/tests/test_dynamo.py::test_splitter_autograd_function_DynamoThunder_cpu_None[static],call,0.47,99.96
after,32,test_splitter_autograd_function_DynamoThunder_cpu_None[auto],thunder/tests/test_dynamo.py::test_splitter_autograd_function_DynamoThunder_cpu_None[auto],call,0.47,99.96
after,32,test_basic_DynamoThunder_cpu_None[auto],thunder/tests/test_dynamo.py::test_basic_DynamoThunder_cpu_None[auto],call,0.43,99.96
after,32,test_where_nonzero_overload_DynamoThunder_cpu_None,thunder/tests/test_dynamo.py::test_where_nonzero_overload_DynamoThunder_cpu_None,call,0.41,99.96
after,32,test_splitter_autocast_ctx_with_graph_break_DynamoThunder_cpu_None[static],thunder/tests/test_dynamo.py::test_splitter_autocast_ctx_with_graph_break_DynamoThunder_cpu_None[static],call,0.41,99.96
after,32,test_splitter_autocast_ctx_with_split_DynamoThunder_cpu_None[dynamic],thunder/tests/test_dynamo.py::test_splitter_autocast_ctx_with_split_DynamoThunder_cpu_None[dynamic],call,0.39,99.96
after,32,test_splitter_autocast_ctx_with_split_DynamoThunder_cpu_None[static],thunder/tests/test_dynamo.py::test_splitter_autocast_ctx_with_split_DynamoThunder_cpu_None[static],call,0.33,99.96
after,32,test_splitter_autocast_ctx_with_split_DynamoThunder_cpu_None[auto],thunder/tests/test_dynamo.py::test_splitter_autocast_ctx_with_split_DynamoThunder_cpu_None[auto],call,0.33,99.96
after,32,test_basic_splitter_DynamoThunder_cpu_None[static],thunder/tests/test_dynamo.py::test_basic_splitter_DynamoThunder_cpu_None[static],call,0.32,99.96
after,32,test_basic_splitter_DynamoThunder_cpu_None[auto],thunder/tests/test_dynamo.py::test_basic_splitter_DynamoThunder_cpu_None[auto],call,0.32,99.96
after,32,test_basic_DynamoThunder_cpu_None[static],thunder/tests/test_dynamo.py::test_basic_DynamoThunder_cpu_None[static],call,0.3,99.96
after,32,test_empty_autocast,thunder/tests/test_dynamo.py::test_empty_autocast,call,0.3,99.96
after,32,test_splitter_autocast_ctx_DynamoThunder_cpu_None[dynamic],thunder/tests/test_dynamo.py::test_splitter_autocast_ctx_DynamoThunder_cpu_None[dynamic],call,0.24,99.96
after,32,test_leak_on_unsupported_thunder_operator,thunder/tests/test_dynamo.py::test_leak_on_unsupported_thunder_operator,call,0.23,99.96
after,32,test_splitter_autocast_ctx_DynamoThunder_cpu_None[static],thunder/tests/test_dynamo.py::test_splitter_autocast_ctx_DynamoThunder_cpu_None[static],call,0.22,99.96
after,32,test_splitter_autocast_ctx_DynamoThunder_cpu_None[auto],thunder/tests/test_dynamo.py::test_splitter_autocast_ctx_DynamoThunder_cpu_None[auto],call,0.22,99.96
after,32,test_no_grad_ctx_manager_DynamoThunder_cpu_None,thunder/tests/test_dynamo.py::test_no_grad_ctx_manager_DynamoThunder_cpu_None,call,0.2,99.96
after,32,test_thunderfx_last_traces,thunder/tests/test_dynamo.py::test_thunderfx_last_traces,call,0.16,99.96
after,32,test_spliter_bwd,thunder/tests/test_dynamo.py::test_spliter_bwd,call,0.15,99.96
after,32,test_cat_no_split_DynamoThunder_cpu_None[True],thunder/tests/test_dynamo.py::test_cat_no_split_DynamoThunder_cpu_None[True],call,0.15,99.96
after,32,test_cat_no_split_DynamoThunder_cpu_None[False],thunder/tests/test_dynamo.py::test_cat_no_split_DynamoThunder_cpu_None[False],call,0.15,99.96
after,32,test_force_skip_lazy_graph_module_DynamoThunder_cpu_None,thunder/tests/test_dynamo.py::test_force_skip_lazy_graph_module_DynamoThunder_cpu_None,call,0.15,99.96
after,32,test_method_only_registrations_DynamoThunder_cpu_None,thunder/tests/test_dynamo.py::test_method_only_registrations_DynamoThunder_cpu_None,call,0.14,99.96
after,32,test_thunderfx_meta_tensor,thunder/tests/test_dynamo.py::test_thunderfx_meta_tensor,call,0.13,99.96
after,33,test_fxreport_DynamoThunder_cpu_None[benchmark],thunder/tests/test_dynamo.py::test_fxreport_DynamoThunder_cpu_None[benchmark],call,25.99,99.78
after,33,test_dynamo_reproducer_split_DynamoThunder_cpu_None[benchmark],thunder/tests/test_dynamo.py::test_dynamo_reproducer_split_DynamoThunder_cpu_None[benchmark],call,19.78,99.78
after,33,test_dynamo_reproducer_2graph_DynamoThunder_cpu_None[benchmark],thunder/tests/test_dynamo.py::test_dynamo_reproducer_2graph_DynamoThunder_cpu_None[benchmark],call,17.7,99.78
after,33,test_fxreport_DynamoThunder_cpu_None[repro],thunder/tests/test_dynamo.py::test_fxreport_DynamoThunder_cpu_None[repro],call,11.57,99.78
after,33,test_dynamo_reproducer_split_DynamoThunder_cpu_None[repro],thunder/tests/test_dynamo.py::test_dynamo_reproducer_split_DynamoThunder_cpu_None[repro],call,6.51,99.78
after,33,test_dynamo_reproducer_2graph_DynamoThunder_cpu_None[repro],thunder/tests/test_dynamo.py::test_dynamo_reproducer_2graph_DynamoThunder_cpu_None[repro],call,6.0,99.78
after,33,test_basic_DynamoThunder_cpu_None[dynamic],thunder/tests/test_dynamo.py::test_basic_DynamoThunder_cpu_None[dynamic],call,1.65,99.78
after,33,test_basic_splitter_DynamoThunder_cpu_None[dynamic],thunder/tests/test_dynamo.py::test_basic_splitter_DynamoThunder_cpu_None[dynamic],call,1.59,99.78
after,33,test_splitter_autograd_function_DynamoThunder_cpu_None[dynamic],thunder/tests/test_dynamo.py::test_splitter_autograd_function_DynamoThunder_cpu_None[dynamic],call,0.65,99.78
after,33,test_splitter_autocast_ctx_with_graph_break_DynamoThunder_cpu_None[auto],thunder/tests/test_dynamo.py::test_splitter_autocast_ctx_with_graph_break_DynamoThunder_cpu_None[auto],call,0.62,99.78
after,33,test_splitter_autocast_ctx_with_graph_break_DynamoThunder_cpu_None[dynamic],thunder/tests/test_dynamo.py::test_splitter_autocast_ctx_with_graph_break_DynamoThunder_cpu_None[dynamic],call,0.48,99.78
after,33,test_splitter_autograd_function_DynamoThunder_cpu_None[static],thunder/tests/test_dynamo.py::test_splitter_autograd_function_DynamoThunder_cpu_None[static],call,0.47,99.78
after,33,test_splitter_autograd_function_DynamoThunder_cpu_None[auto],thunder/tests/test_dynamo.py::test_splitter_autograd_function_DynamoThunder_cpu_None[auto],call,0.46,99.78
after,33,test_no_grad_ctx_manager_DynamoThunder_cpu_None,thunder/tests/test_dynamo.py::test_no_grad_ctx_manager_DynamoThunder_cpu_None,call,0.44,99.78
after,33,test_basic_DynamoThunder_cpu_None[auto],thunder/tests/test_dynamo.py::test_basic_DynamoThunder_cpu_None[auto],call,0.42,99.78
after,33,test_splitter_autocast_ctx_with_graph_break_DynamoThunder_cpu_None[static],thunder/tests/test_dynamo.py::test_splitter_autocast_ctx_with_graph_break_DynamoThunder_cpu_None[static],call,0.41,99.78
after,33,test_where_nonzero_overload_DynamoThunder_cpu_None,thunder/tests/test_dynamo.py::test_where_nonzero_overload_DynamoThunder_cpu_None,call,0.41,99.78
after,33,test_splitter_autocast_ctx_with_split_DynamoThunder_cpu_None[dynamic],thunder/tests/test_dynamo.py::test_splitter_autocast_ctx_with_split_DynamoThunder_cpu_None[dynamic],call,0.38,99.78
after,33,test_splitter_autocast_ctx_with_split_DynamoThunder_cpu_None[auto],thunder/tests/test_dynamo.py::test_splitter_autocast_ctx_with_split_DynamoThunder_cpu_None[auto],call,0.33,99.78
after,33,test_splitter_autocast_ctx_with_split_DynamoThunder_cpu_None[static],thunder/tests/test_dynamo.py::test_splitter_autocast_ctx_with_split_DynamoThunder_cpu_None[static],call,0.33,99.78
after,33,test_basic_splitter_DynamoThunder_cpu_None[auto],thunder/tests/test_dynamo.py::test_basic_splitter_DynamoThunder_cpu_None[auto],call,0.32,99.78
after,33,test_basic_splitter_DynamoThunder_cpu_None[static],thunder/tests/test_dynamo.py::test_basic_splitter_DynamoThunder_cpu_None[static],call,0.31,99.78
after,33,test_empty_autocast,thunder/tests/test_dynamo.py::test_empty_autocast,call,0.3,99.78
after,33,test_basic_DynamoThunder_cpu_None[static],thunder/tests/test_dynamo.py::test_basic_DynamoThunder_cpu_None[static],call,0.3,99.78
after,33,test_no_grad_enabled_grad_nested_ctx_manager_DynamoThunder_cpu_None,thunder/tests/test_dynamo.py::test_no_grad_enabled_grad_nested_ctx_manager_DynamoThunder_cpu_None,call,0.24,99.78
after,33,test_splitter_autocast_ctx_DynamoThunder_cpu_None[dynamic],thunder/tests/test_dynamo.py::test_splitter_autocast_ctx_DynamoThunder_cpu_None[dynamic],call,0.24,99.78
after,33,test_leak_on_unsupported_thunder_operator,thunder/tests/test_dynamo.py::test_leak_on_unsupported_thunder_operator,call,0.23,99.78
after,33,test_splitter_autocast_ctx_DynamoThunder_cpu_None[static],thunder/tests/test_dynamo.py::test_splitter_autocast_ctx_DynamoThunder_cpu_None[static],call,0.22,99.78
after,33,test_splitter_autocast_ctx_DynamoThunder_cpu_None[auto],thunder/tests/test_dynamo.py::test_splitter_autocast_ctx_DynamoThunder_cpu_None[auto],call,0.22,99.78
after,33,test_thunderfx_last_traces,thunder/tests/test_dynamo.py::test_thunderfx_last_traces,call,0.16,99.78
after,33,test_spliter_bwd,thunder/tests/test_dynamo.py::test_spliter_bwd,call,0.16,99.78
after,33,test_cat_no_split_DynamoThunder_cpu_None[False],thunder/tests/test_dynamo.py::test_cat_no_split_DynamoThunder_cpu_None[False],call,0.15,99.78
after,33,test_cat_no_split_DynamoThunder_cpu_None[True],thunder/tests/test_dynamo.py::test_cat_no_split_DynamoThunder_cpu_None[True],call,0.15,99.78
after,33,test_force_skip_lazy_graph_module_DynamoThunder_cpu_None,thunder/tests/test_dynamo.py::test_force_skip_lazy_graph_module_DynamoThunder_cpu_None,call,0.15,99.78
after,33,test_method_only_registrations_DynamoThunder_cpu_None,thunder/tests/test_dynamo.py::test_method_only_registrations_DynamoThunder_cpu_None,call,0.14,99.78
after,33,test_thunderfx_meta_tensor,thunder/tests/test_dynamo.py::test_thunderfx_meta_tensor,call,0.13,99.78
after,34,test_fxreport_DynamoThunder_cpu_None[benchmark],thunder/tests/test_dynamo.py::test_fxreport_DynamoThunder_cpu_None[benchmark],call,26.04,99.93
after,34,test_dynamo_reproducer_split_DynamoThunder_cpu_None[benchmark],thunder/tests/test_dynamo.py::test_dynamo_reproducer_split_DynamoThunder_cpu_None[benchmark],call,19.85,99.93
after,34,test_dynamo_reproducer_2graph_DynamoThunder_cpu_None[benchmark],thunder/tests/test_dynamo.py::test_dynamo_reproducer_2graph_DynamoThunder_cpu_None[benchmark],call,17.6,99.93
after,34,test_fxreport_DynamoThunder_cpu_None[repro],thunder/tests/test_dynamo.py::test_fxreport_DynamoThunder_cpu_None[repro],call,11.58,99.93
after,34,test_dynamo_reproducer_split_DynamoThunder_cpu_None[repro],thunder/tests/test_dynamo.py::test_dynamo_reproducer_split_DynamoThunder_cpu_None[repro],call,6.5,99.93
after,34,test_dynamo_reproducer_2graph_DynamoThunder_cpu_None[repro],thunder/tests/test_dynamo.py::test_dynamo_reproducer_2graph_DynamoThunder_cpu_None[repro],call,6.04,99.93
after,34,test_basic_DynamoThunder_cpu_None[dynamic],thunder/tests/test_dynamo.py::test_basic_DynamoThunder_cpu_None[dynamic],call,1.65,99.93
after,34,test_basic_splitter_DynamoThunder_cpu_None[dynamic],thunder/tests/test_dynamo.py::test_basic_splitter_DynamoThunder_cpu_None[dynamic],call,1.61,99.93
after,34,test_splitter_autograd_function_DynamoThunder_cpu_None[dynamic],thunder/tests/test_dynamo.py::test_splitter_autograd_function_DynamoThunder_cpu_None[dynamic],call,0.63,99.93
after,34,test_splitter_autocast_ctx_with_graph_break_DynamoThunder_cpu_None[auto],thunder/tests/test_dynamo.py::test_splitter_autocast_ctx_with_graph_break_DynamoThunder_cpu_None[auto],call,0.61,99.93
after,34,test_splitter_autocast_ctx_with_graph_break_DynamoThunder_cpu_None[dynamic],thunder/tests/test_dynamo.py::test_splitter_autocast_ctx_with_graph_break_DynamoThunder_cpu_None[dynamic],call,0.49,99.93
after,34,test_splitter_autograd_function_DynamoThunder_cpu_None[static],thunder/tests/test_dynamo.py::test_splitter_autograd_function_DynamoThunder_cpu_None[static],call,0.47,99.93
after,34,test_splitter_autograd_function_DynamoThunder_cpu_None[auto],thunder/tests/test_dynamo.py::test_splitter_autograd_function_DynamoThunder_cpu_None[auto],call,0.47,99.93
after,34,test_no_grad_ctx_manager_DynamoThunder_cpu_None,thunder/tests/test_dynamo.py::test_no_grad_ctx_manager_DynamoThunder_cpu_None,call,0.44,99.93
after,34,test_basic_DynamoThunder_cpu_None[auto],thunder/tests/test_dynamo.py::test_basic_DynamoThunder_cpu_None[auto],call,0.43,99.93
after,34,test_where_nonzero_overload_DynamoThunder_cpu_None,thunder/tests/test_dynamo.py::test_where_nonzero_overload_DynamoThunder_cpu_None,call,0.41,99.93
after,34,test_splitter_autocast_ctx_with_graph_break_DynamoThunder_cpu_None[static],thunder/tests/test_dynamo.py::test_splitter_autocast_ctx_with_graph_break_DynamoThunder_cpu_None[static],call,0.41,99.93
after,34,test_splitter_autocast_ctx_with_split_DynamoThunder_cpu_None[dynamic],thunder/tests/test_dynamo.py::test_splitter_autocast_ctx_with_split_DynamoThunder_cpu_None[dynamic],call,0.39,99.93
after,34,test_splitter_autocast_ctx_with_split_DynamoThunder_cpu_None[static],thunder/tests/test_dynamo.py::test_splitter_autocast_ctx_with_split_DynamoThunder_cpu_None[static],call,0.33,99.93
after,34,test_splitter_autocast_ctx_with_split_DynamoThunder_cpu_None[auto],thunder/tests/test_dynamo.py::test_splitter_autocast_ctx_with_split_DynamoThunder_cpu_None[auto],call,0.33,99.93
after,34,test_basic_splitter_DynamoThunder_cpu_None[static],thunder/tests/test_dynamo.py::test_basic_splitter_DynamoThunder_cpu_None[static],call,0.31,99.93
after,34,test_basic_splitter_DynamoThunder_cpu_None[auto],thunder/tests/test_dynamo.py::test_basic_splitter_DynamoThunder_cpu_None[auto],call,0.31,99.93
after,34,test_empty_autocast,thunder/tests/test_dynamo.py::test_empty_autocast,call,0.3,99.93
after,34,test_basic_DynamoThunder_cpu_None[static],thunder/tests/test_dynamo.py::test_basic_DynamoThunder_cpu_None[static],call,0.3,99.93
after,34,test_no_grad_enabled_grad_nested_ctx_manager_DynamoThunder_cpu_None,thunder/tests/test_dynamo.py::test_no_grad_enabled_grad_nested_ctx_manager_DynamoThunder_cpu_None,call,0.25,99.93
after,34,test_splitter_autocast_ctx_DynamoThunder_cpu_None[dynamic],thunder/tests/test_dynamo.py::test_splitter_autocast_ctx_DynamoThunder_cpu_None[dynamic],call,0.24,99.93
after,34,test_leak_on_unsupported_thunder_operator,thunder/tests/test_dynamo.py::test_leak_on_unsupported_thunder_operator,call,0.23,99.93
after,34,test_splitter_autocast_ctx_DynamoThunder_cpu_None[auto],thunder/tests/test_dynamo.py::test_splitter_autocast_ctx_DynamoThunder_cpu_None[auto],call,0.22,99.93
after,34,test_splitter_autocast_ctx_DynamoThunder_cpu_None[static],thunder/tests/test_dynamo.py::test_splitter_autocast_ctx_DynamoThunder_cpu_None[static],call,0.22,99.93
after,34,test_cat_no_split_DynamoThunder_cpu_None[False],thunder/tests/test_dynamo.py::test_cat_no_split_DynamoThunder_cpu_None[False],call,0.18,99.93
after,34,test_thunderfx_last_traces,thunder/tests/test_dynamo.py::test_thunderfx_last_traces,call,0.16,99.93
after,34,test_spliter_bwd,thunder/tests/test_dynamo.py::test_spliter_bwd,call,0.16,99.93
after,34,test_cat_no_split_DynamoThunder_cpu_None[True],thunder/tests/test_dynamo.py::test_cat_no_split_DynamoThunder_cpu_None[True],call,0.15,99.93
after,34,test_force_skip_lazy_graph_module_DynamoThunder_cpu_None,thunder/tests/test_dynamo.py::test_force_skip_lazy_graph_module_DynamoThunder_cpu_None,call,0.15,99.93
after,34,test_method_only_registrations_DynamoThunder_cpu_None,thunder/tests/test_dynamo.py::test_method_only_registrations_DynamoThunder_cpu_None,call,0.14,99.93
after,34,test_thunderfx_meta_tensor,thunder/tests/test_dynamo.py::test_thunderfx_meta_tensor,call,0.13,99.93
after,34,test_dynamo_reproducer_submodules[benchmark],thunder/tests/test_dynamo.py::test_dynamo_reproducer_submodules[benchmark],setup,0.03,99.93
after,35,test_fxreport_DynamoThunder_cpu_None[benchmark],thunder/tests/test_dynamo.py::test_fxreport_DynamoThunder_cpu_None[benchmark],call,26.01,100.05
after,35,test_dynamo_reproducer_split_DynamoThunder_cpu_None[benchmark],thunder/tests/test_dynamo.py::test_dynamo_reproducer_split_DynamoThunder_cpu_None[benchmark],call,19.9,100.05
after,35,test_dynamo_reproducer_2graph_DynamoThunder_cpu_None[benchmark],thunder/tests/test_dynamo.py::test_dynamo_reproducer_2graph_DynamoThunder_cpu_None[benchmark],call,17.63,100.05
after,35,test_fxreport_DynamoThunder_cpu_None[repro],thunder/tests/test_dynamo.py::test_fxreport_DynamoThunder_cpu_None[repro],call,11.59,100.05
after,35,test_dynamo_reproducer_split_DynamoThunder_cpu_None[repro],thunder/tests/test_dynamo.py::test_dynamo_reproducer_split_DynamoThunder_cpu_None[repro],call,6.54,100.05
after,35,test_dynamo_reproducer_2graph_DynamoThunder_cpu_None[repro],thunder/tests/test_dynamo.py::test_dynamo_reproducer_2graph_DynamoThunder_cpu_None[repro],call,6.04,100.05
after,35,test_basic_DynamoThunder_cpu_None[dynamic],thunder/tests/test_dynamo.py::test_basic_DynamoThunder_cpu_None[dynamic],call,1.66,100.05
after,35,test_basic_splitter_DynamoThunder_cpu_None[dynamic],thunder/tests/test_dynamo.py::test_basic_splitter_DynamoThunder_cpu_None[dynamic],call,1.61,100.05
after,35,test_splitter_autograd_function_DynamoThunder_cpu_None[dynamic],thunder/tests/test_dynamo.py::test_splitter_autograd_function_DynamoThunder_cpu_None[dynamic],call,0.64,100.05
after,35,test_splitter_autocast_ctx_with_graph_break_DynamoThunder_cpu_None[auto],thunder/tests/test_dynamo.py::test_splitter_autocast_ctx_with_graph_break_DynamoThunder_cpu_None[auto],call,0.63,100.05
after,35,test_splitter_autocast_ctx_with_graph_break_DynamoThunder_cpu_None[dynamic],thunder/tests/test_dynamo.py::test_splitter_autocast_ctx_with_graph_break_DynamoThunder_cpu_None[dynamic],call,0.49,100.05
after,35,test_splitter_autograd_function_DynamoThunder_cpu_None[static],thunder/tests/test_dynamo.py::test_splitter_autograd_function_DynamoThunder_cpu_None[static],call,0.48,100.05
after,35,test_splitter_autograd_function_DynamoThunder_cpu_None[auto],thunder/tests/test_dynamo.py::test_splitter_autograd_function_DynamoThunder_cpu_None[auto],call,0.47,100.05
after,35,test_no_grad_ctx_manager_DynamoThunder_cpu_None,thunder/tests/test_dynamo.py::test_no_grad_ctx_manager_DynamoThunder_cpu_None,call,0.45,100.05
after,35,test_basic_DynamoThunder_cpu_None[auto],thunder/tests/test_dynamo.py::test_basic_DynamoThunder_cpu_None[auto],call,0.42,100.05
after,35,test_splitter_autocast_ctx_with_graph_break_DynamoThunder_cpu_None[static],thunder/tests/test_dynamo.py::test_splitter_autocast_ctx_with_graph_break_DynamoThunder_cpu_None[static],call,0.41,100.05
after,35,test_where_nonzero_overload_DynamoThunder_cpu_None,thunder/tests/test_dynamo.py::test_where_nonzero_overload_DynamoThunder_cpu_None,call,0.41,100.05
after,35,test_splitter_autocast_ctx_with_split_DynamoThunder_cpu_None[dynamic],thunder/tests/test_dynamo.py::test_splitter_autocast_ctx_with_split_DynamoThunder_cpu_None[dynamic],call,0.39,100.05
after,35,test_splitter_autocast_ctx_with_split_DynamoThunder_cpu_None[static],thunder/tests/test_dynamo.py::test_splitter_autocast_ctx_with_split_DynamoThunder_cpu_None[static],call,0.33,100.05
after,35,test_splitter_autocast_ctx_with_split_DynamoThunder_cpu_None[auto],thunder/tests/test_dynamo.py::test_splitter_autocast_ctx_with_split_DynamoThunder_cpu_None[auto],call,0.33,100.05
after,35,test_basic_splitter_DynamoThunder_cpu_None[static],thunder/tests/test_dynamo.py::test_basic_splitter_DynamoThunder_cpu_None[static],call,0.32,100.05
after,35,test_basic_splitter_DynamoThunder_cpu_None[auto],thunder/tests/test_dynamo.py::test_basic_splitter_DynamoThunder_cpu_None[auto],call,0.32,100.05
after,35,test_basic_DynamoThunder_cpu_None[static],thunder/tests/test_dynamo.py::test_basic_DynamoThunder_cpu_None[static],call,0.3,100.05
after,35,test_empty_autocast,thunder/tests/test_dynamo.py::test_empty_autocast,call,0.3,100.05
after,35,test_splitter_autocast_ctx_DynamoThunder_cpu_None[dynamic],thunder/tests/test_dynamo.py::test_splitter_autocast_ctx_DynamoThunder_cpu_None[dynamic],call,0.25,100.05
after,35,test_no_grad_enabled_grad_nested_ctx_manager_DynamoThunder_cpu_None,thunder/tests/test_dynamo.py::test_no_grad_enabled_grad_nested_ctx_manager_DynamoThunder_cpu_None,call,0.24,100.05
after,35,test_leak_on_unsupported_thunder_operator,thunder/tests/test_dynamo.py::test_leak_on_unsupported_thunder_operator,call,0.23,100.05
after,35,test_splitter_autocast_ctx_DynamoThunder_cpu_None[static],thunder/tests/test_dynamo.py::test_splitter_autocast_ctx_DynamoThunder_cpu_None[static],call,0.22,100.05
after,35,test_splitter_autocast_ctx_DynamoThunder_cpu_None[auto],thunder/tests/test_dynamo.py::test_splitter_autocast_ctx_DynamoThunder_cpu_None[auto],call,0.22,100.05
after,35,test_thunderfx_last_traces,thunder/tests/test_dynamo.py::test_thunderfx_last_traces,call,0.16,100.05
after,35,test_spliter_bwd,thunder/tests/test_dynamo.py::test_spliter_bwd,call,0.16,100.05
after,35,test_cat_no_split_DynamoThunder_cpu_None[False],thunder/tests/test_dynamo.py::test_cat_no_split_DynamoThunder_cpu_None[False],call,0.15,100.05
after,35,test_force_skip_lazy_graph_module_DynamoThunder_cpu_None,thunder/tests/test_dynamo.py::test_force_skip_lazy_graph_module_DynamoThunder_cpu_None,call,0.15,100.05
after,35,test_cat_no_split_DynamoThunder_cpu_None[True],thunder/tests/test_dynamo.py::test_cat_no_split_DynamoThunder_cpu_None[True],call,0.15,100.05
after,35,test_method_only_registrations_DynamoThunder_cpu_None,thunder/tests/test_dynamo.py::test_method_only_registrations_DynamoThunder_cpu_None,call,0.14,100.05
after,35,test_thunderfx_meta_tensor,thunder/tests/test_dynamo.py::test_thunderfx_meta_tensor,call,0.13,100.05
after,36,test_fxreport_DynamoThunder_cpu_None[benchmark],thunder/tests/test_dynamo.py::test_fxreport_DynamoThunder_cpu_None[benchmark],call,25.98,99.78
after,36,test_dynamo_reproducer_split_DynamoThunder_cpu_None[benchmark],thunder/tests/test_dynamo.py::test_dynamo_reproducer_split_DynamoThunder_cpu_None[benchmark],call,19.84,99.78
after,36,test_dynamo_reproducer_2graph_DynamoThunder_cpu_None[benchmark],thunder/tests/test_dynamo.py::test_dynamo_reproducer_2graph_DynamoThunder_cpu_None[benchmark],call,17.68,99.78
after,36,test_fxreport_DynamoThunder_cpu_None[repro],thunder/tests/test_dynamo.py::test_fxreport_DynamoThunder_cpu_None[repro],call,11.52,99.78
after,36,test_dynamo_reproducer_split_DynamoThunder_cpu_None[repro],thunder/tests/test_dynamo.py::test_dynamo_reproducer_split_DynamoThunder_cpu_None[repro],call,6.48,99.78
after,36,test_dynamo_reproducer_2graph_DynamoThunder_cpu_None[repro],thunder/tests/test_dynamo.py::test_dynamo_reproducer_2graph_DynamoThunder_cpu_None[repro],call,6.01,99.78
after,36,test_basic_DynamoThunder_cpu_None[dynamic],thunder/tests/test_dynamo.py::test_basic_DynamoThunder_cpu_None[dynamic],call,1.64,99.78
after,36,test_basic_splitter_DynamoThunder_cpu_None[dynamic],thunder/tests/test_dynamo.py::test_basic_splitter_DynamoThunder_cpu_None[dynamic],call,1.6,99.78
after,36,test_splitter_autograd_function_DynamoThunder_cpu_None[dynamic],thunder/tests/test_dynamo.py::test_splitter_autograd_function_DynamoThunder_cpu_None[dynamic],call,0.64,99.78
after,36,test_splitter_autocast_ctx_with_graph_break_DynamoThunder_cpu_None[auto],thunder/tests/test_dynamo.py::test_splitter_autocast_ctx_with_graph_break_DynamoThunder_cpu_None[auto],call,0.62,99.78
after,36,test_splitter_autocast_ctx_with_graph_break_DynamoThunder_cpu_None[dynamic],thunder/tests/test_dynamo.py::test_splitter_autocast_ctx_with_graph_break_DynamoThunder_cpu_None[dynamic],call,0.49,99.78
after,36,test_splitter_autograd_function_DynamoThunder_cpu_None[static],thunder/tests/test_dynamo.py::test_splitter_autograd_function_DynamoThunder_cpu_None[static],call,0.47,99.78
after,36,test_splitter_autograd_function_DynamoThunder_cpu_None[auto],thunder/tests/test_dynamo.py::test_splitter_autograd_function_DynamoThunder_cpu_None[auto],call,0.47,99.78
after,36,test_no_grad_ctx_manager_DynamoThunder_cpu_None,thunder/tests/test_dynamo.py::test_no_grad_ctx_manager_DynamoThunder_cpu_None,call,0.45,99.78
after,36,test_basic_DynamoThunder_cpu_None[auto],thunder/tests/test_dynamo.py::test_basic_DynamoThunder_cpu_None[auto],call,0.43,99.78
after,36,test_where_nonzero_overload_DynamoThunder_cpu_None,thunder/tests/test_dynamo.py::test_where_nonzero_overload_DynamoThunder_cpu_None,call,0.41,99.78
after,36,test_splitter_autocast_ctx_with_graph_break_DynamoThunder_cpu_None[static],thunder/tests/test_dynamo.py::test_splitter_autocast_ctx_with_graph_break_DynamoThunder_cpu_None[static],call,0.41,99.78
after,36,test_splitter_autocast_ctx_with_split_DynamoThunder_cpu_None[dynamic],thunder/tests/test_dynamo.py::test_splitter_autocast_ctx_with_split_DynamoThunder_cpu_None[dynamic],call,0.39,99.78
after,36,test_splitter_autocast_ctx_with_split_DynamoThunder_cpu_None[static],thunder/tests/test_dynamo.py::test_splitter_autocast_ctx_with_split_DynamoThunder_cpu_None[static],call,0.33,99.78
after,36,test_splitter_autocast_ctx_with_split_DynamoThunder_cpu_None[auto],thunder/tests/test_dynamo.py::test_splitter_autocast_ctx_with_split_DynamoThunder_cpu_None[auto],call,0.33,99.78
after,36,test_basic_splitter_DynamoThunder_cpu_None[static],thunder/tests/test_dynamo.py::test_basic_splitter_DynamoThunder_cpu_None[static],call,0.32,99.78
after,36,test_basic_splitter_DynamoThunder_cpu_None[auto],thunder/tests/test_dynamo.py::test_basic_splitter_DynamoThunder_cpu_None[auto],call,0.32,99.78
after,36,test_basic_DynamoThunder_cpu_None[static],thunder/tests/test_dynamo.py::test_basic_DynamoThunder_cpu_None[static],call,0.3,99.78
after,36,test_empty_autocast,thunder/tests/test_dynamo.py::test_empty_autocast,call,0.3,99.78
after,36,test_splitter_autocast_ctx_DynamoThunder_cpu_None[dynamic],thunder/tests/test_dynamo.py::test_splitter_autocast_ctx_DynamoThunder_cpu_None[dynamic],call,0.24,99.78
after,36,test_no_grad_enabled_grad_nested_ctx_manager_DynamoThunder_cpu_None,thunder/tests/test_dynamo.py::test_no_grad_enabled_grad_nested_ctx_manager_DynamoThunder_cpu_None,call,0.24,99.78
after,36,test_leak_on_unsupported_thunder_operator,thunder/tests/test_dynamo.py::test_leak_on_unsupported_thunder_operator,call,0.23,99.78
after,36,test_splitter_autocast_ctx_DynamoThunder_cpu_None[static],thunder/tests/test_dynamo.py::test_splitter_autocast_ctx_DynamoThunder_cpu_None[static],call,0.22,99.78
after,36,test_splitter_autocast_ctx_DynamoThunder_cpu_None[auto],thunder/tests/test_dynamo.py::test_splitter_autocast_ctx_DynamoThunder_cpu_None[auto],call,0.22,99.78
after,36,test_thunderfx_last_traces,thunder/tests/test_dynamo.py::test_thunderfx_last_traces,call,0.16,99.78
after,36,test_spliter_bwd,thunder/tests/test_dynamo.py::test_spliter_bwd,call,0.16,99.78
after,36,test_force_skip_lazy_graph_module_DynamoThunder_cpu_None,thunder/tests/test_dynamo.py::test_force_skip_lazy_graph_module_DynamoThunder_cpu_None,call,0.15,99.78
after,36,test_cat_no_split_DynamoThunder_cpu_None[False],thunder/tests/test_dynamo.py::test_cat_no_split_DynamoThunder_cpu_None[False],call,0.15,99.78
after,36,test_cat_no_split_DynamoThunder_cpu_None[True],thunder/tests/test_dynamo.py::test_cat_no_split_DynamoThunder_cpu_None[True],call,0.14,99.78
after,36,test_method_only_registrations_DynamoThunder_cpu_None,thunder/tests/test_dynamo.py::test_method_only_registrations_DynamoThunder_cpu_None,call,0.14,99.78
after,36,test_thunderfx_meta_tensor,thunder/tests/test_dynamo.py::test_thunderfx_meta_tensor,call,0.13,99.78
after,37,test_fxreport_DynamoThunder_cpu_None[benchmark],thunder/tests/test_dynamo.py::test_fxreport_DynamoThunder_cpu_None[benchmark],call,26.01,99.6
after,37,test_dynamo_reproducer_split_DynamoThunder_cpu_None[benchmark],thunder/tests/test_dynamo.py::test_dynamo_reproducer_split_DynamoThunder_cpu_None[benchmark],call,19.81,99.6
after,37,test_dynamo_reproducer_2graph_DynamoThunder_cpu_None[benchmark],thunder/tests/test_dynamo.py::test_dynamo_reproducer_2graph_DynamoThunder_cpu_None[benchmark],call,17.54,99.6
after,37,test_fxreport_DynamoThunder_cpu_None[repro],thunder/tests/test_dynamo.py::test_fxreport_DynamoThunder_cpu_None[repro],call,11.55,99.6
after,37,test_dynamo_reproducer_split_DynamoThunder_cpu_None[repro],thunder/tests/test_dynamo.py::test_dynamo_reproducer_split_DynamoThunder_cpu_None[repro],call,6.51,99.6
after,37,test_dynamo_reproducer_2graph_DynamoThunder_cpu_None[repro],thunder/tests/test_dynamo.py::test_dynamo_reproducer_2graph_DynamoThunder_cpu_None[repro],call,6.0,99.6
after,37,test_basic_DynamoThunder_cpu_None[dynamic],thunder/tests/test_dynamo.py::test_basic_DynamoThunder_cpu_None[dynamic],call,1.65,99.6
after,37,test_basic_splitter_DynamoThunder_cpu_None[dynamic],thunder/tests/test_dynamo.py::test_basic_splitter_DynamoThunder_cpu_None[dynamic],call,1.6,99.6
after,37,test_splitter_autograd_function_DynamoThunder_cpu_None[dynamic],thunder/tests/test_dynamo.py::test_splitter_autograd_function_DynamoThunder_cpu_None[dynamic],call,0.63,99.6
after,37,test_splitter_autocast_ctx_with_graph_break_DynamoThunder_cpu_None[auto],thunder/tests/test_dynamo.py::test_splitter_autocast_ctx_with_graph_break_DynamoThunder_cpu_None[auto],call,0.61,99.6
after,37,test_splitter_autocast_ctx_with_graph_break_DynamoThunder_cpu_None[dynamic],thunder/tests/test_dynamo.py::test_splitter_autocast_ctx_with_graph_break_DynamoThunder_cpu_None[dynamic],call,0.49,99.6
after,37,test_splitter_autograd_function_DynamoThunder_cpu_None[static],thunder/tests/test_dynamo.py::test_splitter_autograd_function_DynamoThunder_cpu_None[static],call,0.47,99.6
after,37,test_splitter_autograd_function_DynamoThunder_cpu_None[auto],thunder/tests/test_dynamo.py::test_splitter_autograd_function_DynamoThunder_cpu_None[auto],call,0.46,99.6
after,37,test_no_grad_ctx_manager_DynamoThunder_cpu_None,thunder/tests/test_dynamo.py::test_no_grad_ctx_manager_DynamoThunder_cpu_None,call,0.44,99.6
after,37,test_basic_DynamoThunder_cpu_None[auto],thunder/tests/test_dynamo.py::test_basic_DynamoThunder_cpu_None[auto],call,0.42,99.6
after,37,test_where_nonzero_overload_DynamoThunder_cpu_None,thunder/tests/test_dynamo.py::test_where_nonzero_overload_DynamoThunder_cpu_None,call,0.41,99.6
after,37,test_splitter_autocast_ctx_with_graph_break_DynamoThunder_cpu_None[static],thunder/tests/test_dynamo.py::test_splitter_autocast_ctx_with_graph_break_DynamoThunder_cpu_None[static],call,0.4,99.6
after,37,test_splitter_autocast_ctx_with_split_DynamoThunder_cpu_None[dynamic],thunder/tests/test_dynamo.py::test_splitter_autocast_ctx_with_split_DynamoThunder_cpu_None[dynamic],call,0.39,99.6
after,37,test_splitter_autocast_ctx_with_split_DynamoThunder_cpu_None[static],thunder/tests/test_dynamo.py::test_splitter_autocast_ctx_with_split_DynamoThunder_cpu_None[static],call,0.33,99.6
after,37,test_splitter_autocast_ctx_with_split_DynamoThunder_cpu_None[auto],thunder/tests/test_dynamo.py::test_splitter_autocast_ctx_with_split_DynamoThunder_cpu_None[auto],call,0.33,99.6
after,37,test_basic_splitter_DynamoThunder_cpu_None[auto],thunder/tests/test_dynamo.py::test_basic_splitter_DynamoThunder_cpu_None[auto],call,0.31,99.6
after,37,test_basic_splitter_DynamoThunder_cpu_None[static],thunder/tests/test_dynamo.py::test_basic_splitter_DynamoThunder_cpu_None[static],call,0.31,99.6
after,37,test_basic_DynamoThunder_cpu_None[static],thunder/tests/test_dynamo.py::test_basic_DynamoThunder_cpu_None[static],call,0.3,99.6
after,37,test_empty_autocast,thunder/tests/test_dynamo.py::test_empty_autocast,call,0.3,99.6
after,37,test_no_grad_enabled_grad_nested_ctx_manager_DynamoThunder_cpu_None,thunder/tests/test_dynamo.py::test_no_grad_enabled_grad_nested_ctx_manager_DynamoThunder_cpu_None,call,0.24,99.6
after,37,test_splitter_autocast_ctx_DynamoThunder_cpu_None[dynamic],thunder/tests/test_dynamo.py::test_splitter_autocast_ctx_DynamoThunder_cpu_None[dynamic],call,0.24,99.6
after,37,test_leak_on_unsupported_thunder_operator,thunder/tests/test_dynamo.py::test_leak_on_unsupported_thunder_operator,call,0.23,99.6
after,37,test_splitter_autocast_ctx_DynamoThunder_cpu_None[auto],thunder/tests/test_dynamo.py::test_splitter_autocast_ctx_DynamoThunder_cpu_None[auto],call,0.22,99.6
after,37,test_splitter_autocast_ctx_DynamoThunder_cpu_None[static],thunder/tests/test_dynamo.py::test_splitter_autocast_ctx_DynamoThunder_cpu_None[static],call,0.22,99.6
after,37,test_thunderfx_last_traces,thunder/tests/test_dynamo.py::test_thunderfx_last_traces,call,0.16,99.6
after,37,test_spliter_bwd,thunder/tests/test_dynamo.py::test_spliter_bwd,call,0.15,99.6
after,37,test_force_skip_lazy_graph_module_DynamoThunder_cpu_None,thunder/tests/test_dynamo.py::test_force_skip_lazy_graph_module_DynamoThunder_cpu_None,call,0.15,99.6
after,37,test_cat_no_split_DynamoThunder_cpu_None[False],thunder/tests/test_dynamo.py::test_cat_no_split_DynamoThunder_cpu_None[False],call,0.15,99.6
after,37,test_cat_no_split_DynamoThunder_cpu_None[True],thunder/tests/test_dynamo.py::test_cat_no_split_DynamoThunder_cpu_None[True],call,0.15,99.6
after,37,test_method_only_registrations_DynamoThunder_cpu_None,thunder/tests/test_dynamo.py::test_method_only_registrations_DynamoThunder_cpu_None,call,0.14,99.6
after,37,test_thunderfx_meta_tensor,thunder/tests/test_dynamo.py::test_thunderfx_meta_tensor,call,0.13,99.6
after,38,test_fxreport_DynamoThunder_cpu_None[benchmark],thunder/tests/test_dynamo.py::test_fxreport_DynamoThunder_cpu_None[benchmark],call,26.03,99.7
after,38,test_dynamo_reproducer_split_DynamoThunder_cpu_None[benchmark],thunder/tests/test_dynamo.py::test_dynamo_reproducer_split_DynamoThunder_cpu_None[benchmark],call,19.87,99.7
after,38,test_dynamo_reproducer_2graph_DynamoThunder_cpu_None[benchmark],thunder/tests/test_dynamo.py::test_dynamo_reproducer_2graph_DynamoThunder_cpu_None[benchmark],call,17.65,99.7
after,38,test_fxreport_DynamoThunder_cpu_None[repro],thunder/tests/test_dynamo.py::test_fxreport_DynamoThunder_cpu_None[repro],call,11.47,99.7
after,38,test_dynamo_reproducer_split_DynamoThunder_cpu_None[repro],thunder/tests/test_dynamo.py::test_dynamo_reproducer_split_DynamoThunder_cpu_None[repro],call,6.53,99.7
after,38,test_dynamo_reproducer_2graph_DynamoThunder_cpu_None[repro],thunder/tests/test_dynamo.py::test_dynamo_reproducer_2graph_DynamoThunder_cpu_None[repro],call,5.98,99.7
after,38,test_basic_DynamoThunder_cpu_None[dynamic],thunder/tests/test_dynamo.py::test_basic_DynamoThunder_cpu_None[dynamic],call,1.65,99.7
after,38,test_basic_splitter_DynamoThunder_cpu_None[dynamic],thunder/tests/test_dynamo.py::test_basic_splitter_DynamoThunder_cpu_None[dynamic],call,1.59,99.7
after,38,test_splitter_autograd_function_DynamoThunder_cpu_None[dynamic],thunder/tests/test_dynamo.py::test_splitter_autograd_function_DynamoThunder_cpu_None[dynamic],call,0.63,99.7
after,38,test_splitter_autocast_ctx_with_graph_break_DynamoThunder_cpu_None[auto],thunder/tests/test_dynamo.py::test_splitter_autocast_ctx_with_graph_break_DynamoThunder_cpu_None[auto],call,0.61,99.7
after,38,test_splitter_autocast_ctx_with_graph_break_DynamoThunder_cpu_None[dynamic],thunder/tests/test_dynamo.py::test_splitter_autocast_ctx_with_graph_break_DynamoThunder_cpu_None[dynamic],call,0.48,99.7
after,38,test_splitter_autograd_function_DynamoThunder_cpu_None[static],thunder/tests/test_dynamo.py::test_splitter_autograd_function_DynamoThunder_cpu_None[static],call,0.47,99.7
after,38,test_splitter_autograd_function_DynamoThunder_cpu_None[auto],thunder/tests/test_dynamo.py::test_splitter_autograd_function_DynamoThunder_cpu_None[auto],call,0.46,99.7
after,38,test_no_grad_ctx_manager_DynamoThunder_cpu_None,thunder/tests/test_dynamo.py::test_no_grad_ctx_manager_DynamoThunder_cpu_None,call,0.45,99.7
after,38,test_basic_DynamoThunder_cpu_None[auto],thunder/tests/test_dynamo.py::test_basic_DynamoThunder_cpu_None[auto],call,0.42,99.7
after,38,test_where_nonzero_overload_DynamoThunder_cpu_None,thunder/tests/test_dynamo.py::test_where_nonzero_overload_DynamoThunder_cpu_None,call,0.41,99.7
after,38,test_splitter_autocast_ctx_with_graph_break_DynamoThunder_cpu_None[static],thunder/tests/test_dynamo.py::test_splitter_autocast_ctx_with_graph_break_DynamoThunder_cpu_None[static],call,0.4,99.7
after,38,test_splitter_autocast_ctx_with_split_DynamoThunder_cpu_None[dynamic],thunder/tests/test_dynamo.py::test_splitter_autocast_ctx_with_split_DynamoThunder_cpu_None[dynamic],call,0.38,99.7
after,38,test_splitter_autocast_ctx_with_split_DynamoThunder_cpu_None[static],thunder/tests/test_dynamo.py::test_splitter_autocast_ctx_with_split_DynamoThunder_cpu_None[static],call,0.33,99.7
after,38,test_splitter_autocast_ctx_with_split_DynamoThunder_cpu_None[auto],thunder/tests/test_dynamo.py::test_splitter_autocast_ctx_with_split_DynamoThunder_cpu_None[auto],call,0.32,99.7
after,38,test_basic_splitter_DynamoThunder_cpu_None[static],thunder/tests/test_dynamo.py::test_basic_splitter_DynamoThunder_cpu_None[static],call,0.31,99.7
after,38,test_basic_splitter_DynamoThunder_cpu_None[auto],thunder/tests/test_dynamo.py::test_basic_splitter_DynamoThunder_cpu_None[auto],call,0.31,99.7
after,38,test_empty_autocast,thunder/tests/test_dynamo.py::test_empty_autocast,call,0.3,99.7
after,38,test_basic_DynamoThunder_cpu_None[static],thunder/tests/test_dynamo.py::test_basic_DynamoThunder_cpu_None[static],call,0.29,99.7
after,38,test_no_grad_enabled_grad_nested_ctx_manager_DynamoThunder_cpu_None,thunder/tests/test_dynamo.py::test_no_grad_enabled_grad_nested_ctx_manager_DynamoThunder_cpu_None,call,0.24,99.7
after,38,test_splitter_autocast_ctx_DynamoThunder_cpu_None[dynamic],thunder/tests/test_dynamo.py::test_splitter_autocast_ctx_DynamoThunder_cpu_None[dynamic],call,0.24,99.7
after,38,test_leak_on_unsupported_thunder_operator,thunder/tests/test_dynamo.py::test_leak_on_unsupported_thunder_operator,call,0.23,99.7
after,38,test_splitter_autocast_ctx_DynamoThunder_cpu_None[auto],thunder/tests/test_dynamo.py::test_splitter_autocast_ctx_DynamoThunder_cpu_None[auto],call,0.22,99.7
after,38,test_splitter_autocast_ctx_DynamoThunder_cpu_None[static],thunder/tests/test_dynamo.py::test_splitter_autocast_ctx_DynamoThunder_cpu_None[static],call,0.22,99.7
after,38,test_thunderfx_last_traces,thunder/tests/test_dynamo.py::test_thunderfx_last_traces,call,0.16,99.7
after,38,test_spliter_bwd,thunder/tests/test_dynamo.py::test_spliter_bwd,call,0.15,99.7
after,38,test_cat_no_split_DynamoThunder_cpu_None[True],thunder/tests/test_dynamo.py::test_cat_no_split_DynamoThunder_cpu_None[True],call,0.15,99.7
after,38,test_cat_no_split_DynamoThunder_cpu_None[False],thunder/tests/test_dynamo.py::test_cat_no_split_DynamoThunder_cpu_None[False],call,0.15,99.7
after,38,test_force_skip_lazy_graph_module_DynamoThunder_cpu_None,thunder/tests/test_dynamo.py::test_force_skip_lazy_graph_module_DynamoThunder_cpu_None,call,0.14,99.7
after,38,test_method_only_registrations_DynamoThunder_cpu_None,thunder/tests/test_dynamo.py::test_method_only_registrations_DynamoThunder_cpu_None,call,0.14,99.7
after,38,test_thunderfx_meta_tensor,thunder/tests/test_dynamo.py::test_thunderfx_meta_tensor,call,0.12,99.7
after,39,test_fxreport_DynamoThunder_cpu_None[benchmark],thunder/tests/test_dynamo.py::test_fxreport_DynamoThunder_cpu_None[benchmark],call,26.03,99.93
after,39,test_dynamo_reproducer_split_DynamoThunder_cpu_None[benchmark],thunder/tests/test_dynamo.py::test_dynamo_reproducer_split_DynamoThunder_cpu_None[benchmark],call,19.89,99.93
after,39,test_dynamo_reproducer_2graph_DynamoThunder_cpu_None[benchmark],thunder/tests/test_dynamo.py::test_dynamo_reproducer_2graph_DynamoThunder_cpu_None[benchmark],call,17.65,99.93
after,39,test_fxreport_DynamoThunder_cpu_None[repro],thunder/tests/test_dynamo.py::test_fxreport_DynamoThunder_cpu_None[repro],call,11.59,99.93
after,39,test_dynamo_reproducer_split_DynamoThunder_cpu_None[repro],thunder/tests/test_dynamo.py::test_dynamo_reproducer_split_DynamoThunder_cpu_None[repro],call,6.53,99.93
after,39,test_dynamo_reproducer_2graph_DynamoThunder_cpu_None[repro],thunder/tests/test_dynamo.py::test_dynamo_reproducer_2graph_DynamoThunder_cpu_None[repro],call,6.0,99.93
after,39,test_basic_DynamoThunder_cpu_None[dynamic],thunder/tests/test_dynamo.py::test_basic_DynamoThunder_cpu_None[dynamic],call,1.65,99.93
after,39,test_basic_splitter_DynamoThunder_cpu_None[dynamic],thunder/tests/test_dynamo.py::test_basic_splitter_DynamoThunder_cpu_None[dynamic],call,1.58,99.93
after,39,test_splitter_autograd_function_DynamoThunder_cpu_None[dynamic],thunder/tests/test_dynamo.py::test_splitter_autograd_function_DynamoThunder_cpu_None[dynamic],call,0.63,99.93
after,39,test_splitter_autocast_ctx_with_graph_break_DynamoThunder_cpu_None[auto],thunder/tests/test_dynamo.py::test_splitter_autocast_ctx_with_graph_break_DynamoThunder_cpu_None[auto],call,0.62,99.93
after,39,test_no_grad_enabled_grad_nested_ctx_manager_DynamoThunder_cpu_None,thunder/tests/test_dynamo.py::test_no_grad_enabled_grad_nested_ctx_manager_DynamoThunder_cpu_None,call,0.49,99.93
after,39,test_splitter_autocast_ctx_with_graph_break_DynamoThunder_cpu_None[dynamic],thunder/tests/test_dynamo.py::test_splitter_autocast_ctx_with_graph_break_DynamoThunder_cpu_None[dynamic],call,0.49,99.93
after,39,test_splitter_autograd_function_DynamoThunder_cpu_None[static],thunder/tests/test_dynamo.py::test_splitter_autograd_function_DynamoThunder_cpu_None[static],call,0.47,99.93
after,39,test_splitter_autograd_function_DynamoThunder_cpu_None[auto],thunder/tests/test_dynamo.py::test_splitter_autograd_function_DynamoThunder_cpu_None[auto],call,0.46,99.93
after,39,test_basic_DynamoThunder_cpu_None[auto],thunder/tests/test_dynamo.py::test_basic_DynamoThunder_cpu_None[auto],call,0.42,99.93
after,39,test_where_nonzero_overload_DynamoThunder_cpu_None,thunder/tests/test_dynamo.py::test_where_nonzero_overload_DynamoThunder_cpu_None,call,0.41,99.93
after,39,test_splitter_autocast_ctx_with_graph_break_DynamoThunder_cpu_None[static],thunder/tests/test_dynamo.py::test_splitter_autocast_ctx_with_graph_break_DynamoThunder_cpu_None[static],call,0.4,99.93
after,39,test_splitter_autocast_ctx_with_split_DynamoThunder_cpu_None[dynamic],thunder/tests/test_dynamo.py::test_splitter_autocast_ctx_with_split_DynamoThunder_cpu_None[dynamic],call,0.39,99.93
after,39,test_splitter_autocast_ctx_with_split_DynamoThunder_cpu_None[static],thunder/tests/test_dynamo.py::test_splitter_autocast_ctx_with_split_DynamoThunder_cpu_None[static],call,0.33,99.93
after,39,test_splitter_autocast_ctx_with_split_DynamoThunder_cpu_None[auto],thunder/tests/test_dynamo.py::test_splitter_autocast_ctx_with_split_DynamoThunder_cpu_None[auto],call,0.33,99.93
after,39,test_basic_splitter_DynamoThunder_cpu_None[auto],thunder/tests/test_dynamo.py::test_basic_splitter_DynamoThunder_cpu_None[auto],call,0.32,99.93
after,39,test_basic_splitter_DynamoThunder_cpu_None[static],thunder/tests/test_dynamo.py::test_basic_splitter_DynamoThunder_cpu_None[static],call,0.31,99.93
after,39,test_basic_DynamoThunder_cpu_None[static],thunder/tests/test_dynamo.py::test_basic_DynamoThunder_cpu_None[static],call,0.3,99.93
after,39,test_empty_autocast,thunder/tests/test_dynamo.py::test_empty_autocast,call,0.3,99.93
after,39,test_splitter_autocast_ctx_DynamoThunder_cpu_None[dynamic],thunder/tests/test_dynamo.py::test_splitter_autocast_ctx_DynamoThunder_cpu_None[dynamic],call,0.24,99.93
after,39,test_leak_on_unsupported_thunder_operator,thunder/tests/test_dynamo.py::test_leak_on_unsupported_thunder_operator,call,0.23,99.93
after,39,test_splitter_autocast_ctx_DynamoThunder_cpu_None[auto],thunder/tests/test_dynamo.py::test_splitter_autocast_ctx_DynamoThunder_cpu_None[auto],call,0.22,99.93
after,39,test_splitter_autocast_ctx_DynamoThunder_cpu_None[static],thunder/tests/test_dynamo.py::test_splitter_autocast_ctx_DynamoThunder_cpu_None[static],call,0.22,99.93
after,39,test_no_grad_ctx_manager_DynamoThunder_cpu_None,thunder/tests/test_dynamo.py::test_no_grad_ctx_manager_DynamoThunder_cpu_None,call,0.21,99.93
after,39,test_thunderfx_last_traces,thunder/tests/test_dynamo.py::test_thunderfx_last_traces,call,0.16,99.93
after,39,test_spliter_bwd,thunder/tests/test_dynamo.py::test_spliter_bwd,call,0.15,99.93
after,39,test_cat_no_split_DynamoThunder_cpu_None[True],thunder/tests/test_dynamo.py::test_cat_no_split_DynamoThunder_cpu_None[True],call,0.15,99.93
after,39,test_force_skip_lazy_graph_module_DynamoThunder_cpu_None,thunder/tests/test_dynamo.py::test_force_skip_lazy_graph_module_DynamoThunder_cpu_None,call,0.15,99.93
after,39,test_cat_no_split_DynamoThunder_cpu_None[False],thunder/tests/test_dynamo.py::test_cat_no_split_DynamoThunder_cpu_None[False],call,0.15,99.93
after,39,test_method_only_registrations_DynamoThunder_cpu_None,thunder/tests/test_dynamo.py::test_method_only_registrations_DynamoThunder_cpu_None,call,0.14,99.93
after,39,test_thunderfx_meta_tensor,thunder/tests/test_dynamo.py::test_thunderfx_meta_tensor,call,0.13,99.93
after,40,test_fxreport_DynamoThunder_cpu_None[benchmark],thunder/tests/test_dynamo.py::test_fxreport_DynamoThunder_cpu_None[benchmark],call,25.99,100.0
after,40,test_dynamo_reproducer_split_DynamoThunder_cpu_None[benchmark],thunder/tests/test_dynamo.py::test_dynamo_reproducer_split_DynamoThunder_cpu_None[benchmark],call,19.86,100.0
after,40,test_dynamo_reproducer_2graph_DynamoThunder_cpu_None[benchmark],thunder/tests/test_dynamo.py::test_dynamo_reproducer_2graph_DynamoThunder_cpu_None[benchmark],call,17.63,100.0
after,40,test_fxreport_DynamoThunder_cpu_None[repro],thunder/tests/test_dynamo.py::test_fxreport_DynamoThunder_cpu_None[repro],call,11.6,100.0
after,40,test_dynamo_reproducer_split_DynamoThunder_cpu_None[repro],thunder/tests/test_dynamo.py::test_dynamo_reproducer_split_DynamoThunder_cpu_None[repro],call,6.53,100.0
after,40,test_dynamo_reproducer_2graph_DynamoThunder_cpu_None[repro],thunder/tests/test_dynamo.py::test_dynamo_reproducer_2graph_DynamoThunder_cpu_None[repro],call,6.03,100.0
after,40,test_basic_DynamoThunder_cpu_None[dynamic],thunder/tests/test_dynamo.py::test_basic_DynamoThunder_cpu_None[dynamic],call,1.67,100.0
after,40,test_basic_splitter_DynamoThunder_cpu_None[dynamic],thunder/tests/test_dynamo.py::test_basic_splitter_DynamoThunder_cpu_None[dynamic],call,1.6,100.0
after,40,test_splitter_autograd_function_DynamoThunder_cpu_None[dynamic],thunder/tests/test_dynamo.py::test_splitter_autograd_function_DynamoThunder_cpu_None[dynamic],call,0.65,100.0
after,40,test_splitter_autocast_ctx_with_graph_break_DynamoThunder_cpu_None[auto],thunder/tests/test_dynamo.py::test_splitter_autocast_ctx_with_graph_break_DynamoThunder_cpu_None[auto],call,0.62,100.0
after,40,test_splitter_autocast_ctx_with_graph_break_DynamoThunder_cpu_None[dynamic],thunder/tests/test_dynamo.py::test_splitter_autocast_ctx_with_graph_break_DynamoThunder_cpu_None[dynamic],call,0.5,100.0
after,40,test_no_grad_enabled_grad_nested_ctx_manager_DynamoThunder_cpu_None,thunder/tests/test_dynamo.py::test_no_grad_enabled_grad_nested_ctx_manager_DynamoThunder_cpu_None,call,0.5,100.0
after,40,test_splitter_autograd_function_DynamoThunder_cpu_None[static],thunder/tests/test_dynamo.py::test_splitter_autograd_function_DynamoThunder_cpu_None[static],call,0.48,100.0
after,40,test_splitter_autograd_function_DynamoThunder_cpu_None[auto],thunder/tests/test_dynamo.py::test_splitter_autograd_function_DynamoThunder_cpu_None[auto],call,0.47,100.0
after,40,test_basic_DynamoThunder_cpu_None[auto],thunder/tests/test_dynamo.py::test_basic_DynamoThunder_cpu_None[auto],call,0.42,100.0
after,40,test_where_nonzero_overload_DynamoThunder_cpu_None,thunder/tests/test_dynamo.py::test_where_nonzero_overload_DynamoThunder_cpu_None,call,0.41,100.0
after,40,test_splitter_autocast_ctx_with_graph_break_DynamoThunder_cpu_None[static],thunder/tests/test_dynamo.py::test_splitter_autocast_ctx_with_graph_break_DynamoThunder_cpu_None[static],call,0.41,100.0
after,40,test_splitter_autocast_ctx_with_split_DynamoThunder_cpu_None[dynamic],thunder/tests/test_dynamo.py::test_splitter_autocast_ctx_with_split_DynamoThunder_cpu_None[dynamic],call,0.39,100.0
after,40,test_splitter_autocast_ctx_with_split_DynamoThunder_cpu_None[static],thunder/tests/test_dynamo.py::test_splitter_autocast_ctx_with_split_DynamoThunder_cpu_None[static],call,0.34,100.0
after,40,test_splitter_autocast_ctx_with_split_DynamoThunder_cpu_None[auto],thunder/tests/test_dynamo.py::test_splitter_autocast_ctx_with_split_DynamoThunder_cpu_None[auto],call,0.33,100.0
after,40,test_basic_splitter_DynamoThunder_cpu_None[static],thunder/tests/test_dynamo.py::test_basic_splitter_DynamoThunder_cpu_None[static],call,0.32,100.0
after,40,test_basic_splitter_DynamoThunder_cpu_None[auto],thunder/tests/test_dynamo.py::test_basic_splitter_DynamoThunder_cpu_None[auto],call,0.32,100.0
after,40,test_empty_autocast,thunder/tests/test_dynamo.py::test_empty_autocast,call,0.3,100.0
after,40,test_basic_DynamoThunder_cpu_None[static],thunder/tests/test_dynamo.py::test_basic_DynamoThunder_cpu_None[static],call,0.3,100.0
after,40,test_splitter_autocast_ctx_DynamoThunder_cpu_None[dynamic],thunder/tests/test_dynamo.py::test_splitter_autocast_ctx_DynamoThunder_cpu_None[dynamic],call,0.25,100.0
after,40,test_leak_on_unsupported_thunder_operator,thunder/tests/test_dynamo.py::test_leak_on_unsupported_thunder_operator,call,0.23,100.0
after,40,test_splitter_autocast_ctx_DynamoThunder_cpu_None[auto],thunder/tests/test_dynamo.py::test_splitter_autocast_ctx_DynamoThunder_cpu_None[auto],call,0.22,100.0
after,40,test_splitter_autocast_ctx_DynamoThunder_cpu_None[static],thunder/tests/test_dynamo.py::test_splitter_autocast_ctx_DynamoThunder_cpu_None[static],call,0.22,100.0
after,40,test_no_grad_ctx_manager_DynamoThunder_cpu_None,thunder/tests/test_dynamo.py::test_no_grad_ctx_manager_DynamoThunder_cpu_None,call,0.2,100.0
after,40,test_thunderfx_last_traces,thunder/tests/test_dynamo.py::test_thunderfx_last_traces,call,0.17,100.0
after,40,test_spliter_bwd,thunder/tests/test_dynamo.py::test_spliter_bwd,call,0.16,100.0
after,40,test_force_skip_lazy_graph_module_DynamoThunder_cpu_None,thunder/tests/test_dynamo.py::test_force_skip_lazy_graph_module_DynamoThunder_cpu_None,call,0.15,100.0
after,40,test_cat_no_split_DynamoThunder_cpu_None[False],thunder/tests/test_dynamo.py::test_cat_no_split_DynamoThunder_cpu_None[False],call,0.15,100.0
after,40,test_cat_no_split_DynamoThunder_cpu_None[True],thunder/tests/test_dynamo.py::test_cat_no_split_DynamoThunder_cpu_None[True],call,0.15,100.0
after,40,test_method_only_registrations_DynamoThunder_cpu_None,thunder/tests/test_dynamo.py::test_method_only_registrations_DynamoThunder_cpu_None,call,0.14,100.0
after,40,test_thunderfx_meta_tensor,thunder/tests/test_dynamo.py::test_thunderfx_meta_tensor,call,0.13,100.0
