version,run_number,test_name,test_path,phase,duration_sec,total_test_time
before,1,test_dynamo_reproducer_split_DynamoThunder_cpu_None[benchmark],thunder/tests/test_dynamo.py::test_dynamo_reproducer_split_DynamoThunder_cpu_None[benchmark],call,35.48,106.84
before,1,test_fxreport_DynamoThunder_cpu_None[benchmark],thunder/tests/test_dynamo.py::test_fxreport_DynamoThunder_cpu_None[benchmark],call,32.08,106.84
before,1,test_dynamo_reproducer_2graph_DynamoThunder_cpu_None[benchmark],thunder/tests/test_dynamo.py::test_dynamo_reproducer_2graph_DynamoThunder_cpu_None[benchmark],call,21.95,106.84
before,1,test_fxreport_DynamoThunder_cpu_None[repro],thunder/tests/test_dynamo.py::test_fxreport_DynamoThunder_cpu_None[repro],call,11.94,106.84
before,1,test_dynamo_reproducer_split_DynamoThunder_cpu_None[repro],thunder/tests/test_dynamo.py::test_dynamo_reproducer_split_DynamoThunder_cpu_None[repro],call,3.0,106.84
before,1,test_dynamo_reproducer_2graph_DynamoThunder_cpu_None[repro],thunder/tests/test_dynamo.py::test_dynamo_reproducer_2graph_DynamoThunder_cpu_None[repro],call,2.1,106.84
before,1,test_fxreport_DynamoThunder_cpu_None[repro],thunder/tests/test_dynamo.py::test_fxreport_DynamoThunder_cpu_None[repro],setup,0.0,106.84
before,1,test_fxreport_DynamoThunder_cpu_None[benchmark],thunder/tests/test_dynamo.py::test_fxreport_DynamoThunder_cpu_None[benchmark],setup,0.0,106.84
before,1,test_dynamo_reproducer_split_DynamoThunder_cpu_None[repro],thunder/tests/test_dynamo.py::test_dynamo_reproducer_split_DynamoThunder_cpu_None[repro],setup,0.0,106.84
before,1,test_dynamo_reproducer_2graph_DynamoThunder_cpu_None[repro],thunder/tests/test_dynamo.py::test_dynamo_reproducer_2graph_DynamoThunder_cpu_None[repro],setup,0.0,106.84
before,1,test_dynamo_reproducer_2graph_DynamoThunder_cpu_None[benchmark],thunder/tests/test_dynamo.py::test_dynamo_reproducer_2graph_DynamoThunder_cpu_None[benchmark],setup,0.0,106.84
before,1,test_dynamo_reproducer_split_DynamoThunder_cpu_None[benchmark],thunder/tests/test_dynamo.py::test_dynamo_reproducer_split_DynamoThunder_cpu_None[benchmark],setup,0.0,106.84
before,1,test_dynamo_reproducer_2graph_DynamoThunder_cpu_None[repro],thunder/tests/test_dynamo.py::test_dynamo_reproducer_2graph_DynamoThunder_cpu_None[repro],teardown,0.0,106.84
before,1,test_fxreport_DynamoThunder_cpu_None[repro],thunder/tests/test_dynamo.py::test_fxreport_DynamoThunder_cpu_None[repro],teardown,0.0,106.84
before,1,test_dynamo_reproducer_split_DynamoThunder_cpu_None[repro],thunder/tests/test_dynamo.py::test_dynamo_reproducer_split_DynamoThunder_cpu_None[repro],teardown,0.0,106.84
before,1,test_dynamo_reproducer_split_DynamoThunder_cpu_None[benchmark],thunder/tests/test_dynamo.py::test_dynamo_reproducer_split_DynamoThunder_cpu_None[benchmark],teardown,0.0,106.84
before,1,test_dynamo_reproducer_2graph_DynamoThunder_cpu_None[benchmark],thunder/tests/test_dynamo.py::test_dynamo_reproducer_2graph_DynamoThunder_cpu_None[benchmark],teardown,0.0,106.84
before,1,test_fxreport_DynamoThunder_cpu_None[benchmark],thunder/tests/test_dynamo.py::test_fxreport_DynamoThunder_cpu_None[benchmark],teardown,0.0,106.84
before,2,test_dynamo_reproducer_split_DynamoThunder_cpu_None[benchmark],thunder/tests/test_dynamo.py::test_dynamo_reproducer_split_DynamoThunder_cpu_None[benchmark],call,33.03,96.62
before,2,test_fxreport_DynamoThunder_cpu_None[benchmark],thunder/tests/test_dynamo.py::test_fxreport_DynamoThunder_cpu_None[benchmark],call,31.75,96.62
before,2,test_dynamo_reproducer_2graph_DynamoThunder_cpu_None[benchmark],thunder/tests/test_dynamo.py::test_dynamo_reproducer_2graph_DynamoThunder_cpu_None[benchmark],call,20.94,96.62
before,2,test_fxreport_DynamoThunder_cpu_None[repro],thunder/tests/test_dynamo.py::test_fxreport_DynamoThunder_cpu_None[repro],call,4.69,96.62
before,2,test_dynamo_reproducer_split_DynamoThunder_cpu_None[repro],thunder/tests/test_dynamo.py::test_dynamo_reproducer_split_DynamoThunder_cpu_None[repro],call,3.88,96.62
before,2,test_dynamo_reproducer_2graph_DynamoThunder_cpu_None[repro],thunder/tests/test_dynamo.py::test_dynamo_reproducer_2graph_DynamoThunder_cpu_None[repro],call,2.09,96.62
before,2,test_dynamo_reproducer_split_DynamoThunder_cpu_None[repro],thunder/tests/test_dynamo.py::test_dynamo_reproducer_split_DynamoThunder_cpu_None[repro],setup,0.0,96.62
before,2,test_fxreport_DynamoThunder_cpu_None[repro],thunder/tests/test_dynamo.py::test_fxreport_DynamoThunder_cpu_None[repro],setup,0.0,96.62
before,2,test_dynamo_reproducer_2graph_DynamoThunder_cpu_None[repro],thunder/tests/test_dynamo.py::test_dynamo_reproducer_2graph_DynamoThunder_cpu_None[repro],setup,0.0,96.62
before,2,test_dynamo_reproducer_2graph_DynamoThunder_cpu_None[benchmark],thunder/tests/test_dynamo.py::test_dynamo_reproducer_2graph_DynamoThunder_cpu_None[benchmark],setup,0.0,96.62
before,2,test_fxreport_DynamoThunder_cpu_None[benchmark],thunder/tests/test_dynamo.py::test_fxreport_DynamoThunder_cpu_None[benchmark],setup,0.0,96.62
before,2,test_dynamo_reproducer_split_DynamoThunder_cpu_None[benchmark],thunder/tests/test_dynamo.py::test_dynamo_reproducer_split_DynamoThunder_cpu_None[benchmark],setup,0.0,96.62
before,2,test_dynamo_reproducer_2graph_DynamoThunder_cpu_None[benchmark],thunder/tests/test_dynamo.py::test_dynamo_reproducer_2graph_DynamoThunder_cpu_None[benchmark],teardown,0.0,96.62
before,2,test_dynamo_reproducer_2graph_DynamoThunder_cpu_None[repro],thunder/tests/test_dynamo.py::test_dynamo_reproducer_2graph_DynamoThunder_cpu_None[repro],teardown,0.0,96.62
before,2,test_fxreport_DynamoThunder_cpu_None[benchmark],thunder/tests/test_dynamo.py::test_fxreport_DynamoThunder_cpu_None[benchmark],teardown,0.0,96.62
before,2,test_dynamo_reproducer_split_DynamoThunder_cpu_None[repro],thunder/tests/test_dynamo.py::test_dynamo_reproducer_split_DynamoThunder_cpu_None[repro],teardown,0.0,96.62
before,2,test_fxreport_DynamoThunder_cpu_None[repro],thunder/tests/test_dynamo.py::test_fxreport_DynamoThunder_cpu_None[repro],teardown,0.0,96.62
before,2,test_dynamo_reproducer_split_DynamoThunder_cpu_None[benchmark],thunder/tests/test_dynamo.py::test_dynamo_reproducer_split_DynamoThunder_cpu_None[benchmark],teardown,0.0,96.62
before,3,test_dynamo_reproducer_split_DynamoThunder_cpu_None[benchmark],thunder/tests/test_dynamo.py::test_dynamo_reproducer_split_DynamoThunder_cpu_None[benchmark],call,34.18,96.15
before,3,test_fxreport_DynamoThunder_cpu_None[benchmark],thunder/tests/test_dynamo.py::test_fxreport_DynamoThunder_cpu_None[benchmark],call,31.4,96.15
before,3,test_dynamo_reproducer_2graph_DynamoThunder_cpu_None[benchmark],thunder/tests/test_dynamo.py::test_dynamo_reproducer_2graph_DynamoThunder_cpu_None[benchmark],call,20.55,96.15
before,3,test_fxreport_DynamoThunder_cpu_None[repro],thunder/tests/test_dynamo.py::test_fxreport_DynamoThunder_cpu_None[repro],call,4.69,96.15
before,3,test_dynamo_reproducer_split_DynamoThunder_cpu_None[repro],thunder/tests/test_dynamo.py::test_dynamo_reproducer_split_DynamoThunder_cpu_None[repro],call,3.0,96.15
before,3,test_dynamo_reproducer_2graph_DynamoThunder_cpu_None[repro],thunder/tests/test_dynamo.py::test_dynamo_reproducer_2graph_DynamoThunder_cpu_None[repro],call,2.08,96.15
before,3,test_dynamo_reproducer_split_DynamoThunder_cpu_None[benchmark],thunder/tests/test_dynamo.py::test_dynamo_reproducer_split_DynamoThunder_cpu_None[benchmark],setup,0.0,96.15
before,3,test_fxreport_DynamoThunder_cpu_None[repro],thunder/tests/test_dynamo.py::test_fxreport_DynamoThunder_cpu_None[repro],setup,0.0,96.15
before,3,test_dynamo_reproducer_2graph_DynamoThunder_cpu_None[repro],thunder/tests/test_dynamo.py::test_dynamo_reproducer_2graph_DynamoThunder_cpu_None[repro],setup,0.0,96.15
before,3,test_fxreport_DynamoThunder_cpu_None[benchmark],thunder/tests/test_dynamo.py::test_fxreport_DynamoThunder_cpu_None[benchmark],setup,0.0,96.15
before,3,test_dynamo_reproducer_2graph_DynamoThunder_cpu_None[benchmark],thunder/tests/test_dynamo.py::test_dynamo_reproducer_2graph_DynamoThunder_cpu_None[benchmark],setup,0.0,96.15
before,3,test_dynamo_reproducer_split_DynamoThunder_cpu_None[repro],thunder/tests/test_dynamo.py::test_dynamo_reproducer_split_DynamoThunder_cpu_None[repro],setup,0.0,96.15
before,3,test_fxreport_DynamoThunder_cpu_None[benchmark],thunder/tests/test_dynamo.py::test_fxreport_DynamoThunder_cpu_None[benchmark],teardown,0.0,96.15
before,3,test_dynamo_reproducer_split_DynamoThunder_cpu_None[benchmark],thunder/tests/test_dynamo.py::test_dynamo_reproducer_split_DynamoThunder_cpu_None[benchmark],teardown,0.0,96.15
before,3,test_dynamo_reproducer_2graph_DynamoThunder_cpu_None[benchmark],thunder/tests/test_dynamo.py::test_dynamo_reproducer_2graph_DynamoThunder_cpu_None[benchmark],teardown,0.0,96.15
before,3,test_dynamo_reproducer_2graph_DynamoThunder_cpu_None[repro],thunder/tests/test_dynamo.py::test_dynamo_reproducer_2graph_DynamoThunder_cpu_None[repro],teardown,0.0,96.15
before,3,test_dynamo_reproducer_split_DynamoThunder_cpu_None[repro],thunder/tests/test_dynamo.py::test_dynamo_reproducer_split_DynamoThunder_cpu_None[repro],teardown,0.0,96.15
before,3,test_fxreport_DynamoThunder_cpu_None[repro],thunder/tests/test_dynamo.py::test_fxreport_DynamoThunder_cpu_None[repro],teardown,0.0,96.15
before,4,test_fxreport_DynamoThunder_cpu_None[benchmark],thunder/tests/test_dynamo.py::test_fxreport_DynamoThunder_cpu_None[benchmark],call,34.21,96.59
before,4,test_dynamo_reproducer_split_DynamoThunder_cpu_None[benchmark],thunder/tests/test_dynamo.py::test_dynamo_reproducer_split_DynamoThunder_cpu_None[benchmark],call,33.37,96.59
before,4,test_dynamo_reproducer_2graph_DynamoThunder_cpu_None[benchmark],thunder/tests/test_dynamo.py::test_dynamo_reproducer_2graph_DynamoThunder_cpu_None[benchmark],call,21.07,96.59
before,4,test_dynamo_reproducer_split_DynamoThunder_cpu_None[repro],thunder/tests/test_dynamo.py::test_dynamo_reproducer_split_DynamoThunder_cpu_None[repro],call,2.97,96.59
before,4,test_fxreport_DynamoThunder_cpu_None[repro],thunder/tests/test_dynamo.py::test_fxreport_DynamoThunder_cpu_None[repro],call,2.64,96.59
before,4,test_dynamo_reproducer_2graph_DynamoThunder_cpu_None[repro],thunder/tests/test_dynamo.py::test_dynamo_reproducer_2graph_DynamoThunder_cpu_None[repro],call,2.09,96.59
before,4,test_dynamo_reproducer_2graph_DynamoThunder_cpu_None[benchmark],thunder/tests/test_dynamo.py::test_dynamo_reproducer_2graph_DynamoThunder_cpu_None[benchmark],setup,0.0,96.59
before,4,test_dynamo_reproducer_split_DynamoThunder_cpu_None[benchmark],thunder/tests/test_dynamo.py::test_dynamo_reproducer_split_DynamoThunder_cpu_None[benchmark],setup,0.0,96.59
before,4,test_fxreport_DynamoThunder_cpu_None[repro],thunder/tests/test_dynamo.py::test_fxreport_DynamoThunder_cpu_None[repro],setup,0.0,96.59
before,4,test_dynamo_reproducer_split_DynamoThunder_cpu_None[repro],thunder/tests/test_dynamo.py::test_dynamo_reproducer_split_DynamoThunder_cpu_None[repro],setup,0.0,96.59
before,4,test_fxreport_DynamoThunder_cpu_None[benchmark],thunder/tests/test_dynamo.py::test_fxreport_DynamoThunder_cpu_None[benchmark],setup,0.0,96.59
before,4,test_dynamo_reproducer_2graph_DynamoThunder_cpu_None[repro],thunder/tests/test_dynamo.py::test_dynamo_reproducer_2graph_DynamoThunder_cpu_None[repro],setup,0.0,96.59
before,4,test_dynamo_reproducer_split_DynamoThunder_cpu_None[benchmark],thunder/tests/test_dynamo.py::test_dynamo_reproducer_split_DynamoThunder_cpu_None[benchmark],teardown,0.0,96.59
before,4,test_fxreport_DynamoThunder_cpu_None[benchmark],thunder/tests/test_dynamo.py::test_fxreport_DynamoThunder_cpu_None[benchmark],teardown,0.0,96.59
before,4,test_dynamo_reproducer_2graph_DynamoThunder_cpu_None[repro],thunder/tests/test_dynamo.py::test_dynamo_reproducer_2graph_DynamoThunder_cpu_None[repro],teardown,0.0,96.59
before,4,test_dynamo_reproducer_split_DynamoThunder_cpu_None[repro],thunder/tests/test_dynamo.py::test_dynamo_reproducer_split_DynamoThunder_cpu_None[repro],teardown,0.0,96.59
before,4,test_dynamo_reproducer_2graph_DynamoThunder_cpu_None[benchmark],thunder/tests/test_dynamo.py::test_dynamo_reproducer_2graph_DynamoThunder_cpu_None[benchmark],teardown,0.0,96.59
before,4,test_fxreport_DynamoThunder_cpu_None[repro],thunder/tests/test_dynamo.py::test_fxreport_DynamoThunder_cpu_None[repro],teardown,0.0,96.59
before,5,test_dynamo_reproducer_split_DynamoThunder_cpu_None[benchmark],thunder/tests/test_dynamo.py::test_dynamo_reproducer_split_DynamoThunder_cpu_None[benchmark],call,33.26,96.55
before,5,test_fxreport_DynamoThunder_cpu_None[benchmark],thunder/tests/test_dynamo.py::test_fxreport_DynamoThunder_cpu_None[benchmark],call,31.76,96.55
before,5,test_dynamo_reproducer_2graph_DynamoThunder_cpu_None[benchmark],thunder/tests/test_dynamo.py::test_dynamo_reproducer_2graph_DynamoThunder_cpu_None[benchmark],call,20.71,96.55
before,5,test_fxreport_DynamoThunder_cpu_None[repro],thunder/tests/test_dynamo.py::test_fxreport_DynamoThunder_cpu_None[repro],call,4.64,96.55
before,5,test_dynamo_reproducer_split_DynamoThunder_cpu_None[repro],thunder/tests/test_dynamo.py::test_dynamo_reproducer_split_DynamoThunder_cpu_None[repro],call,3.87,96.55
before,5,test_dynamo_reproducer_2graph_DynamoThunder_cpu_None[repro],thunder/tests/test_dynamo.py::test_dynamo_reproducer_2graph_DynamoThunder_cpu_None[repro],call,2.08,96.55
before,5,test_dynamo_reproducer_split_DynamoThunder_cpu_None[repro],thunder/tests/test_dynamo.py::test_dynamo_reproducer_split_DynamoThunder_cpu_None[repro],setup,0.0,96.55
before,5,test_fxreport_DynamoThunder_cpu_None[benchmark],thunder/tests/test_dynamo.py::test_fxreport_DynamoThunder_cpu_None[benchmark],setup,0.0,96.55
before,5,test_fxreport_DynamoThunder_cpu_None[repro],thunder/tests/test_dynamo.py::test_fxreport_DynamoThunder_cpu_None[repro],setup,0.0,96.55
before,5,test_dynamo_reproducer_2graph_DynamoThunder_cpu_None[benchmark],thunder/tests/test_dynamo.py::test_dynamo_reproducer_2graph_DynamoThunder_cpu_None[benchmark],setup,0.0,96.55
before,5,test_dynamo_reproducer_2graph_DynamoThunder_cpu_None[repro],thunder/tests/test_dynamo.py::test_dynamo_reproducer_2graph_DynamoThunder_cpu_None[repro],setup,0.0,96.55
before,5,test_dynamo_reproducer_split_DynamoThunder_cpu_None[benchmark],thunder/tests/test_dynamo.py::test_dynamo_reproducer_split_DynamoThunder_cpu_None[benchmark],setup,0.0,96.55
before,5,test_dynamo_reproducer_split_DynamoThunder_cpu_None[benchmark],thunder/tests/test_dynamo.py::test_dynamo_reproducer_split_DynamoThunder_cpu_None[benchmark],teardown,0.0,96.55
before,5,test_fxreport_DynamoThunder_cpu_None[benchmark],thunder/tests/test_dynamo.py::test_fxreport_DynamoThunder_cpu_None[benchmark],teardown,0.0,96.55
before,5,test_dynamo_reproducer_2graph_DynamoThunder_cpu_None[benchmark],thunder/tests/test_dynamo.py::test_dynamo_reproducer_2graph_DynamoThunder_cpu_None[benchmark],teardown,0.0,96.55
before,5,test_dynamo_reproducer_split_DynamoThunder_cpu_None[repro],thunder/tests/test_dynamo.py::test_dynamo_reproducer_split_DynamoThunder_cpu_None[repro],teardown,0.0,96.55
before,5,test_dynamo_reproducer_2graph_DynamoThunder_cpu_None[repro],thunder/tests/test_dynamo.py::test_dynamo_reproducer_2graph_DynamoThunder_cpu_None[repro],teardown,0.0,96.55
before,5,test_fxreport_DynamoThunder_cpu_None[repro],thunder/tests/test_dynamo.py::test_fxreport_DynamoThunder_cpu_None[repro],teardown,0.0,96.55
before,6,test_dynamo_reproducer_split_DynamoThunder_cpu_None[benchmark],thunder/tests/test_dynamo.py::test_dynamo_reproducer_split_DynamoThunder_cpu_None[benchmark],call,32.94,96.5
before,6,test_fxreport_DynamoThunder_cpu_None[benchmark],thunder/tests/test_dynamo.py::test_fxreport_DynamoThunder_cpu_None[benchmark],call,31.51,96.5
before,6,test_dynamo_reproducer_2graph_DynamoThunder_cpu_None[benchmark],thunder/tests/test_dynamo.py::test_dynamo_reproducer_2graph_DynamoThunder_cpu_None[benchmark],call,21.38,96.5
before,6,test_fxreport_DynamoThunder_cpu_None[repro],thunder/tests/test_dynamo.py::test_fxreport_DynamoThunder_cpu_None[repro],call,5.33,96.5
before,6,test_dynamo_reproducer_split_DynamoThunder_cpu_None[repro],thunder/tests/test_dynamo.py::test_dynamo_reproducer_split_DynamoThunder_cpu_None[repro],call,3.01,96.5
before,6,test_dynamo_reproducer_2graph_DynamoThunder_cpu_None[repro],thunder/tests/test_dynamo.py::test_dynamo_reproducer_2graph_DynamoThunder_cpu_None[repro],call,2.07,96.5
before,6,test_fxreport_DynamoThunder_cpu_None[repro],thunder/tests/test_dynamo.py::test_fxreport_DynamoThunder_cpu_None[repro],setup,0.0,96.5
before,6,test_dynamo_reproducer_2graph_DynamoThunder_cpu_None[repro],thunder/tests/test_dynamo.py::test_dynamo_reproducer_2graph_DynamoThunder_cpu_None[repro],setup,0.0,96.5
before,6,test_fxreport_DynamoThunder_cpu_None[benchmark],thunder/tests/test_dynamo.py::test_fxreport_DynamoThunder_cpu_None[benchmark],setup,0.0,96.5
before,6,test_dynamo_reproducer_split_DynamoThunder_cpu_None[repro],thunder/tests/test_dynamo.py::test_dynamo_reproducer_split_DynamoThunder_cpu_None[repro],setup,0.0,96.5
before,6,test_dynamo_reproducer_2graph_DynamoThunder_cpu_None[benchmark],thunder/tests/test_dynamo.py::test_dynamo_reproducer_2graph_DynamoThunder_cpu_None[benchmark],setup,0.0,96.5
before,6,test_dynamo_reproducer_split_DynamoThunder_cpu_None[benchmark],thunder/tests/test_dynamo.py::test_dynamo_reproducer_split_DynamoThunder_cpu_None[benchmark],setup,0.0,96.5
before,6,test_fxreport_DynamoThunder_cpu_None[benchmark],thunder/tests/test_dynamo.py::test_fxreport_DynamoThunder_cpu_None[benchmark],teardown,0.0,96.5
before,6,test_dynamo_reproducer_split_DynamoThunder_cpu_None[benchmark],thunder/tests/test_dynamo.py::test_dynamo_reproducer_split_DynamoThunder_cpu_None[benchmark],teardown,0.0,96.5
before,6,test_dynamo_reproducer_2graph_DynamoThunder_cpu_None[repro],thunder/tests/test_dynamo.py::test_dynamo_reproducer_2graph_DynamoThunder_cpu_None[repro],teardown,0.0,96.5
before,6,test_dynamo_reproducer_split_DynamoThunder_cpu_None[repro],thunder/tests/test_dynamo.py::test_dynamo_reproducer_split_DynamoThunder_cpu_None[repro],teardown,0.0,96.5
before,6,test_dynamo_reproducer_2graph_DynamoThunder_cpu_None[benchmark],thunder/tests/test_dynamo.py::test_dynamo_reproducer_2graph_DynamoThunder_cpu_None[benchmark],teardown,0.0,96.5
before,6,test_fxreport_DynamoThunder_cpu_None[repro],thunder/tests/test_dynamo.py::test_fxreport_DynamoThunder_cpu_None[repro],teardown,0.0,96.5
before,7,test_fxreport_DynamoThunder_cpu_None[benchmark],thunder/tests/test_dynamo.py::test_fxreport_DynamoThunder_cpu_None[benchmark],call,33.51,95.97
before,7,test_dynamo_reproducer_split_DynamoThunder_cpu_None[benchmark],thunder/tests/test_dynamo.py::test_dynamo_reproducer_split_DynamoThunder_cpu_None[benchmark],call,32.98,95.97
before,7,test_dynamo_reproducer_2graph_DynamoThunder_cpu_None[benchmark],thunder/tests/test_dynamo.py::test_dynamo_reproducer_2graph_DynamoThunder_cpu_None[benchmark],call,20.63,95.97
before,7,test_dynamo_reproducer_split_DynamoThunder_cpu_None[repro],thunder/tests/test_dynamo.py::test_dynamo_reproducer_split_DynamoThunder_cpu_None[repro],call,3.88,95.97
before,7,test_fxreport_DynamoThunder_cpu_None[repro],thunder/tests/test_dynamo.py::test_fxreport_DynamoThunder_cpu_None[repro],call,2.64,95.97
before,7,test_dynamo_reproducer_2graph_DynamoThunder_cpu_None[repro],thunder/tests/test_dynamo.py::test_dynamo_reproducer_2graph_DynamoThunder_cpu_None[repro],call,2.07,95.97
before,7,test_dynamo_reproducer_split_DynamoThunder_cpu_None[repro],thunder/tests/test_dynamo.py::test_dynamo_reproducer_split_DynamoThunder_cpu_None[repro],setup,0.0,95.97
before,7,test_fxreport_DynamoThunder_cpu_None[repro],thunder/tests/test_dynamo.py::test_fxreport_DynamoThunder_cpu_None[repro],setup,0.0,95.97
before,7,test_fxreport_DynamoThunder_cpu_None[benchmark],thunder/tests/test_dynamo.py::test_fxreport_DynamoThunder_cpu_None[benchmark],setup,0.0,95.97
before,7,test_dynamo_reproducer_2graph_DynamoThunder_cpu_None[benchmark],thunder/tests/test_dynamo.py::test_dynamo_reproducer_2graph_DynamoThunder_cpu_None[benchmark],setup,0.0,95.97
before,7,test_dynamo_reproducer_split_DynamoThunder_cpu_None[benchmark],thunder/tests/test_dynamo.py::test_dynamo_reproducer_split_DynamoThunder_cpu_None[benchmark],setup,0.0,95.97
before,7,test_dynamo_reproducer_2graph_DynamoThunder_cpu_None[repro],thunder/tests/test_dynamo.py::test_dynamo_reproducer_2graph_DynamoThunder_cpu_None[repro],setup,0.0,95.97
before,7,test_fxreport_DynamoThunder_cpu_None[repro],thunder/tests/test_dynamo.py::test_fxreport_DynamoThunder_cpu_None[repro],teardown,0.0,95.97
before,7,test_dynamo_reproducer_split_DynamoThunder_cpu_None[benchmark],thunder/tests/test_dynamo.py::test_dynamo_reproducer_split_DynamoThunder_cpu_None[benchmark],teardown,0.0,95.97
before,7,test_dynamo_reproducer_2graph_DynamoThunder_cpu_None[repro],thunder/tests/test_dynamo.py::test_dynamo_reproducer_2graph_DynamoThunder_cpu_None[repro],teardown,0.0,95.97
before,7,test_dynamo_reproducer_split_DynamoThunder_cpu_None[repro],thunder/tests/test_dynamo.py::test_dynamo_reproducer_split_DynamoThunder_cpu_None[repro],teardown,0.0,95.97
before,7,test_dynamo_reproducer_2graph_DynamoThunder_cpu_None[benchmark],thunder/tests/test_dynamo.py::test_dynamo_reproducer_2graph_DynamoThunder_cpu_None[benchmark],teardown,0.0,95.97
before,7,test_fxreport_DynamoThunder_cpu_None[benchmark],thunder/tests/test_dynamo.py::test_fxreport_DynamoThunder_cpu_None[benchmark],teardown,0.0,95.97
before,8,test_dynamo_reproducer_split_DynamoThunder_cpu_None[benchmark],thunder/tests/test_dynamo.py::test_dynamo_reproducer_split_DynamoThunder_cpu_None[benchmark],call,33.26,96.59
before,8,test_fxreport_DynamoThunder_cpu_None[benchmark],thunder/tests/test_dynamo.py::test_fxreport_DynamoThunder_cpu_None[benchmark],call,31.41,96.59
before,8,test_dynamo_reproducer_2graph_DynamoThunder_cpu_None[benchmark],thunder/tests/test_dynamo.py::test_dynamo_reproducer_2graph_DynamoThunder_cpu_None[benchmark],call,21.02,96.59
before,8,test_fxreport_DynamoThunder_cpu_None[repro],thunder/tests/test_dynamo.py::test_fxreport_DynamoThunder_cpu_None[repro],call,4.69,96.59
before,8,test_dynamo_reproducer_split_DynamoThunder_cpu_None[repro],thunder/tests/test_dynamo.py::test_dynamo_reproducer_split_DynamoThunder_cpu_None[repro],call,3.89,96.59
before,8,test_dynamo_reproducer_2graph_DynamoThunder_cpu_None[repro],thunder/tests/test_dynamo.py::test_dynamo_reproducer_2graph_DynamoThunder_cpu_None[repro],call,2.07,96.59
before,8,test_dynamo_reproducer_split_DynamoThunder_cpu_None[repro],thunder/tests/test_dynamo.py::test_dynamo_reproducer_split_DynamoThunder_cpu_None[repro],setup,0.0,96.59
before,8,test_fxreport_DynamoThunder_cpu_None[benchmark],thunder/tests/test_dynamo.py::test_fxreport_DynamoThunder_cpu_None[benchmark],setup,0.0,96.59
before,8,test_dynamo_reproducer_2graph_DynamoThunder_cpu_None[benchmark],thunder/tests/test_dynamo.py::test_dynamo_reproducer_2graph_DynamoThunder_cpu_None[benchmark],setup,0.0,96.59
before,8,test_fxreport_DynamoThunder_cpu_None[repro],thunder/tests/test_dynamo.py::test_fxreport_DynamoThunder_cpu_None[repro],setup,0.0,96.59
before,8,test_dynamo_reproducer_split_DynamoThunder_cpu_None[benchmark],thunder/tests/test_dynamo.py::test_dynamo_reproducer_split_DynamoThunder_cpu_None[benchmark],setup,0.0,96.59
before,8,test_dynamo_reproducer_2graph_DynamoThunder_cpu_None[repro],thunder/tests/test_dynamo.py::test_dynamo_reproducer_2graph_DynamoThunder_cpu_None[repro],setup,0.0,96.59
before,8,test_fxreport_DynamoThunder_cpu_None[benchmark],thunder/tests/test_dynamo.py::test_fxreport_DynamoThunder_cpu_None[benchmark],teardown,0.0,96.59
before,8,test_dynamo_reproducer_split_DynamoThunder_cpu_None[benchmark],thunder/tests/test_dynamo.py::test_dynamo_reproducer_split_DynamoThunder_cpu_None[benchmark],teardown,0.0,96.59
before,8,test_dynamo_reproducer_2graph_DynamoThunder_cpu_None[benchmark],thunder/tests/test_dynamo.py::test_dynamo_reproducer_2graph_DynamoThunder_cpu_None[benchmark],teardown,0.0,96.59
before,8,test_dynamo_reproducer_2graph_DynamoThunder_cpu_None[repro],thunder/tests/test_dynamo.py::test_dynamo_reproducer_2graph_DynamoThunder_cpu_None[repro],teardown,0.0,96.59
before,8,test_dynamo_reproducer_split_DynamoThunder_cpu_None[repro],thunder/tests/test_dynamo.py::test_dynamo_reproducer_split_DynamoThunder_cpu_None[repro],teardown,0.0,96.59
before,8,test_fxreport_DynamoThunder_cpu_None[repro],thunder/tests/test_dynamo.py::test_fxreport_DynamoThunder_cpu_None[repro],teardown,0.0,96.59
before,9,test_dynamo_reproducer_split_DynamoThunder_cpu_None[benchmark],thunder/tests/test_dynamo.py::test_dynamo_reproducer_split_DynamoThunder_cpu_None[benchmark],call,33.86,96.27
before,9,test_fxreport_DynamoThunder_cpu_None[benchmark],thunder/tests/test_dynamo.py::test_fxreport_DynamoThunder_cpu_None[benchmark],call,31.71,96.27
before,9,test_dynamo_reproducer_2graph_DynamoThunder_cpu_None[benchmark],thunder/tests/test_dynamo.py::test_dynamo_reproducer_2graph_DynamoThunder_cpu_None[benchmark],call,20.65,96.27
before,9,test_fxreport_DynamoThunder_cpu_None[repro],thunder/tests/test_dynamo.py::test_fxreport_DynamoThunder_cpu_None[repro],call,4.67,96.27
before,9,test_dynamo_reproducer_split_DynamoThunder_cpu_None[repro],thunder/tests/test_dynamo.py::test_dynamo_reproducer_split_DynamoThunder_cpu_None[repro],call,2.97,96.27
before,9,test_dynamo_reproducer_2graph_DynamoThunder_cpu_None[repro],thunder/tests/test_dynamo.py::test_dynamo_reproducer_2graph_DynamoThunder_cpu_None[repro],call,2.18,96.27
before,9,test_dynamo_reproducer_2graph_DynamoThunder_cpu_None[repro],thunder/tests/test_dynamo.py::test_dynamo_reproducer_2graph_DynamoThunder_cpu_None[repro],setup,0.0,96.27
before,9,test_fxreport_DynamoThunder_cpu_None[benchmark],thunder/tests/test_dynamo.py::test_fxreport_DynamoThunder_cpu_None[benchmark],setup,0.0,96.27
before,9,test_fxreport_DynamoThunder_cpu_None[repro],thunder/tests/test_dynamo.py::test_fxreport_DynamoThunder_cpu_None[repro],setup,0.0,96.27
before,9,test_dynamo_reproducer_split_DynamoThunder_cpu_None[repro],thunder/tests/test_dynamo.py::test_dynamo_reproducer_split_DynamoThunder_cpu_None[repro],setup,0.0,96.27
before,9,test_dynamo_reproducer_2graph_DynamoThunder_cpu_None[benchmark],thunder/tests/test_dynamo.py::test_dynamo_reproducer_2graph_DynamoThunder_cpu_None[benchmark],setup,0.0,96.27
before,9,test_dynamo_reproducer_split_DynamoThunder_cpu_None[benchmark],thunder/tests/test_dynamo.py::test_dynamo_reproducer_split_DynamoThunder_cpu_None[benchmark],setup,0.0,96.27
before,9,test_fxreport_DynamoThunder_cpu_None[benchmark],thunder/tests/test_dynamo.py::test_fxreport_DynamoThunder_cpu_None[benchmark],teardown,0.0,96.27
before,9,test_dynamo_reproducer_2graph_DynamoThunder_cpu_None[benchmark],thunder/tests/test_dynamo.py::test_dynamo_reproducer_2graph_DynamoThunder_cpu_None[benchmark],teardown,0.0,96.27
before,9,test_fxreport_DynamoThunder_cpu_None[repro],thunder/tests/test_dynamo.py::test_fxreport_DynamoThunder_cpu_None[repro],teardown,0.0,96.27
before,9,test_dynamo_reproducer_split_DynamoThunder_cpu_None[benchmark],thunder/tests/test_dynamo.py::test_dynamo_reproducer_split_DynamoThunder_cpu_None[benchmark],teardown,0.0,96.27
before,9,test_dynamo_reproducer_2graph_DynamoThunder_cpu_None[repro],thunder/tests/test_dynamo.py::test_dynamo_reproducer_2graph_DynamoThunder_cpu_None[repro],teardown,0.0,96.27
before,9,test_dynamo_reproducer_split_DynamoThunder_cpu_None[repro],thunder/tests/test_dynamo.py::test_dynamo_reproducer_split_DynamoThunder_cpu_None[repro],teardown,0.0,96.27
before,10,test_fxreport_DynamoThunder_cpu_None[benchmark],thunder/tests/test_dynamo.py::test_fxreport_DynamoThunder_cpu_None[benchmark],call,33.86,95.64
before,10,test_dynamo_reproducer_split_DynamoThunder_cpu_None[benchmark],thunder/tests/test_dynamo.py::test_dynamo_reproducer_split_DynamoThunder_cpu_None[benchmark],call,32.71,95.64
before,10,test_dynamo_reproducer_2graph_DynamoThunder_cpu_None[benchmark],thunder/tests/test_dynamo.py::test_dynamo_reproducer_2graph_DynamoThunder_cpu_None[benchmark],call,20.86,95.64
before,10,test_dynamo_reproducer_split_DynamoThunder_cpu_None[repro],thunder/tests/test_dynamo.py::test_dynamo_reproducer_split_DynamoThunder_cpu_None[repro],call,2.98,95.64
before,10,test_fxreport_DynamoThunder_cpu_None[repro],thunder/tests/test_dynamo.py::test_fxreport_DynamoThunder_cpu_None[repro],call,2.67,95.64
before,10,test_dynamo_reproducer_2graph_DynamoThunder_cpu_None[repro],thunder/tests/test_dynamo.py::test_dynamo_reproducer_2graph_DynamoThunder_cpu_None[repro],call,2.31,95.64
before,10,test_fxreport_DynamoThunder_cpu_None[benchmark],thunder/tests/test_dynamo.py::test_fxreport_DynamoThunder_cpu_None[benchmark],setup,0.0,95.64
before,10,test_dynamo_reproducer_2graph_DynamoThunder_cpu_None[benchmark],thunder/tests/test_dynamo.py::test_dynamo_reproducer_2graph_DynamoThunder_cpu_None[benchmark],setup,0.0,95.64
before,10,test_fxreport_DynamoThunder_cpu_None[repro],thunder/tests/test_dynamo.py::test_fxreport_DynamoThunder_cpu_None[repro],setup,0.0,95.64
before,10,test_dynamo_reproducer_split_DynamoThunder_cpu_None[benchmark],thunder/tests/test_dynamo.py::test_dynamo_reproducer_split_DynamoThunder_cpu_None[benchmark],setup,0.0,95.64
before,10,test_dynamo_reproducer_2graph_DynamoThunder_cpu_None[repro],thunder/tests/test_dynamo.py::test_dynamo_reproducer_2graph_DynamoThunder_cpu_None[repro],setup,0.0,95.64
before,10,test_dynamo_reproducer_split_DynamoThunder_cpu_None[repro],thunder/tests/test_dynamo.py::test_dynamo_reproducer_split_DynamoThunder_cpu_None[repro],setup,0.0,95.64
before,10,test_dynamo_reproducer_split_DynamoThunder_cpu_None[repro],thunder/tests/test_dynamo.py::test_dynamo_reproducer_split_DynamoThunder_cpu_None[repro],teardown,0.0,95.64
before,10,test_dynamo_reproducer_split_DynamoThunder_cpu_None[benchmark],thunder/tests/test_dynamo.py::test_dynamo_reproducer_split_DynamoThunder_cpu_None[benchmark],teardown,0.0,95.64
before,10,test_fxreport_DynamoThunder_cpu_None[repro],thunder/tests/test_dynamo.py::test_fxreport_DynamoThunder_cpu_None[repro],teardown,0.0,95.64
before,10,test_dynamo_reproducer_2graph_DynamoThunder_cpu_None[benchmark],thunder/tests/test_dynamo.py::test_dynamo_reproducer_2graph_DynamoThunder_cpu_None[benchmark],teardown,0.0,95.64
before,10,test_dynamo_reproducer_2graph_DynamoThunder_cpu_None[repro],thunder/tests/test_dynamo.py::test_dynamo_reproducer_2graph_DynamoThunder_cpu_None[repro],teardown,0.0,95.64
before,10,test_fxreport_DynamoThunder_cpu_None[benchmark],thunder/tests/test_dynamo.py::test_fxreport_DynamoThunder_cpu_None[benchmark],teardown,0.0,95.64
before,11,test_dynamo_reproducer_split_DynamoThunder_cpu_None[benchmark],thunder/tests/test_dynamo.py::test_dynamo_reproducer_split_DynamoThunder_cpu_None[benchmark],call,32.63,96.0
before,11,test_fxreport_DynamoThunder_cpu_None[benchmark],thunder/tests/test_dynamo.py::test_fxreport_DynamoThunder_cpu_None[benchmark],call,31.72,96.0
before,11,test_dynamo_reproducer_2graph_DynamoThunder_cpu_None[benchmark],thunder/tests/test_dynamo.py::test_dynamo_reproducer_2graph_DynamoThunder_cpu_None[benchmark],call,20.97,96.0
before,11,test_fxreport_DynamoThunder_cpu_None[repro],thunder/tests/test_dynamo.py::test_fxreport_DynamoThunder_cpu_None[repro],call,5.32,96.0
before,11,test_dynamo_reproducer_split_DynamoThunder_cpu_None[repro],thunder/tests/test_dynamo.py::test_dynamo_reproducer_split_DynamoThunder_cpu_None[repro],call,2.99,96.0
before,11,test_dynamo_reproducer_2graph_DynamoThunder_cpu_None[repro],thunder/tests/test_dynamo.py::test_dynamo_reproducer_2graph_DynamoThunder_cpu_None[repro],call,2.11,96.0
before,11,test_fxreport_DynamoThunder_cpu_None[repro],thunder/tests/test_dynamo.py::test_fxreport_DynamoThunder_cpu_None[repro],setup,0.0,96.0
before,11,test_dynamo_reproducer_split_DynamoThunder_cpu_None[repro],thunder/tests/test_dynamo.py::test_dynamo_reproducer_split_DynamoThunder_cpu_None[repro],setup,0.0,96.0
before,11,test_dynamo_reproducer_2graph_DynamoThunder_cpu_None[repro],thunder/tests/test_dynamo.py::test_dynamo_reproducer_2graph_DynamoThunder_cpu_None[repro],setup,0.0,96.0
before,11,test_fxreport_DynamoThunder_cpu_None[benchmark],thunder/tests/test_dynamo.py::test_fxreport_DynamoThunder_cpu_None[benchmark],setup,0.0,96.0
before,11,test_dynamo_reproducer_2graph_DynamoThunder_cpu_None[benchmark],thunder/tests/test_dynamo.py::test_dynamo_reproducer_2graph_DynamoThunder_cpu_None[benchmark],setup,0.0,96.0
before,11,test_dynamo_reproducer_split_DynamoThunder_cpu_None[benchmark],thunder/tests/test_dynamo.py::test_dynamo_reproducer_split_DynamoThunder_cpu_None[benchmark],setup,0.0,96.0
before,11,test_dynamo_reproducer_2graph_DynamoThunder_cpu_None[benchmark],thunder/tests/test_dynamo.py::test_dynamo_reproducer_2graph_DynamoThunder_cpu_None[benchmark],teardown,0.0,96.0
before,11,test_fxreport_DynamoThunder_cpu_None[benchmark],thunder/tests/test_dynamo.py::test_fxreport_DynamoThunder_cpu_None[benchmark],teardown,0.0,96.0
before,11,test_fxreport_DynamoThunder_cpu_None[repro],thunder/tests/test_dynamo.py::test_fxreport_DynamoThunder_cpu_None[repro],teardown,0.0,96.0
before,11,test_dynamo_reproducer_split_DynamoThunder_cpu_None[repro],thunder/tests/test_dynamo.py::test_dynamo_reproducer_split_DynamoThunder_cpu_None[repro],teardown,0.0,96.0
before,11,test_dynamo_reproducer_split_DynamoThunder_cpu_None[benchmark],thunder/tests/test_dynamo.py::test_dynamo_reproducer_split_DynamoThunder_cpu_None[benchmark],teardown,0.0,96.0
before,11,test_dynamo_reproducer_2graph_DynamoThunder_cpu_None[repro],thunder/tests/test_dynamo.py::test_dynamo_reproducer_2graph_DynamoThunder_cpu_None[repro],teardown,0.0,96.0
before,12,test_fxreport_DynamoThunder_cpu_None[benchmark],thunder/tests/test_dynamo.py::test_fxreport_DynamoThunder_cpu_None[benchmark],call,33.48,96.07
before,12,test_dynamo_reproducer_split_DynamoThunder_cpu_None[benchmark],thunder/tests/test_dynamo.py::test_dynamo_reproducer_split_DynamoThunder_cpu_None[benchmark],call,33.27,96.07
before,12,test_dynamo_reproducer_2graph_DynamoThunder_cpu_None[benchmark],thunder/tests/test_dynamo.py::test_dynamo_reproducer_2graph_DynamoThunder_cpu_None[benchmark],call,20.51,96.07
before,12,test_dynamo_reproducer_split_DynamoThunder_cpu_None[repro],thunder/tests/test_dynamo.py::test_dynamo_reproducer_split_DynamoThunder_cpu_None[repro],call,3.86,96.07
before,12,test_fxreport_DynamoThunder_cpu_None[repro],thunder/tests/test_dynamo.py::test_fxreport_DynamoThunder_cpu_None[repro],call,2.64,96.07
before,12,test_dynamo_reproducer_2graph_DynamoThunder_cpu_None[repro],thunder/tests/test_dynamo.py::test_dynamo_reproducer_2graph_DynamoThunder_cpu_None[repro],call,2.08,96.07
before,12,test_dynamo_reproducer_split_DynamoThunder_cpu_None[repro],thunder/tests/test_dynamo.py::test_dynamo_reproducer_split_DynamoThunder_cpu_None[repro],setup,0.0,96.07
before,12,test_dynamo_reproducer_split_DynamoThunder_cpu_None[benchmark],thunder/tests/test_dynamo.py::test_dynamo_reproducer_split_DynamoThunder_cpu_None[benchmark],setup,0.0,96.07
before,12,test_fxreport_DynamoThunder_cpu_None[repro],thunder/tests/test_dynamo.py::test_fxreport_DynamoThunder_cpu_None[repro],setup,0.0,96.07
before,12,test_dynamo_reproducer_2graph_DynamoThunder_cpu_None[repro],thunder/tests/test_dynamo.py::test_dynamo_reproducer_2graph_DynamoThunder_cpu_None[repro],setup,0.0,96.07
before,12,test_dynamo_reproducer_2graph_DynamoThunder_cpu_None[benchmark],thunder/tests/test_dynamo.py::test_dynamo_reproducer_2graph_DynamoThunder_cpu_None[benchmark],setup,0.0,96.07
before,12,test_fxreport_DynamoThunder_cpu_None[benchmark],thunder/tests/test_dynamo.py::test_fxreport_DynamoThunder_cpu_None[benchmark],setup,0.0,96.07
before,12,test_fxreport_DynamoThunder_cpu_None[repro],thunder/tests/test_dynamo.py::test_fxreport_DynamoThunder_cpu_None[repro],teardown,0.0,96.07
before,12,test_dynamo_reproducer_2graph_DynamoThunder_cpu_None[benchmark],thunder/tests/test_dynamo.py::test_dynamo_reproducer_2graph_DynamoThunder_cpu_None[benchmark],teardown,0.0,96.07
before,12,test_fxreport_DynamoThunder_cpu_None[benchmark],thunder/tests/test_dynamo.py::test_fxreport_DynamoThunder_cpu_None[benchmark],teardown,0.0,96.07
before,12,test_dynamo_reproducer_split_DynamoThunder_cpu_None[repro],thunder/tests/test_dynamo.py::test_dynamo_reproducer_split_DynamoThunder_cpu_None[repro],teardown,0.0,96.07
before,12,test_dynamo_reproducer_2graph_DynamoThunder_cpu_None[repro],thunder/tests/test_dynamo.py::test_dynamo_reproducer_2graph_DynamoThunder_cpu_None[repro],teardown,0.0,96.07
before,12,test_dynamo_reproducer_split_DynamoThunder_cpu_None[benchmark],thunder/tests/test_dynamo.py::test_dynamo_reproducer_split_DynamoThunder_cpu_None[benchmark],teardown,0.0,96.07
before,13,test_dynamo_reproducer_split_DynamoThunder_cpu_None[benchmark],thunder/tests/test_dynamo.py::test_dynamo_reproducer_split_DynamoThunder_cpu_None[benchmark],call,33.71,96.29
before,13,test_fxreport_DynamoThunder_cpu_None[benchmark],thunder/tests/test_dynamo.py::test_fxreport_DynamoThunder_cpu_None[benchmark],call,30.95,96.29
before,13,test_dynamo_reproducer_2graph_DynamoThunder_cpu_None[benchmark],thunder/tests/test_dynamo.py::test_dynamo_reproducer_2graph_DynamoThunder_cpu_None[benchmark],call,20.97,96.29
before,13,test_fxreport_DynamoThunder_cpu_None[repro],thunder/tests/test_dynamo.py::test_fxreport_DynamoThunder_cpu_None[repro],call,5.34,96.29
before,13,test_dynamo_reproducer_split_DynamoThunder_cpu_None[repro],thunder/tests/test_dynamo.py::test_dynamo_reproducer_split_DynamoThunder_cpu_None[repro],call,2.98,96.29
before,13,test_dynamo_reproducer_2graph_DynamoThunder_cpu_None[repro],thunder/tests/test_dynamo.py::test_dynamo_reproducer_2graph_DynamoThunder_cpu_None[repro],call,2.08,96.29
before,13,test_fxreport_DynamoThunder_cpu_None[repro],thunder/tests/test_dynamo.py::test_fxreport_DynamoThunder_cpu_None[repro],setup,0.0,96.29
before,13,test_dynamo_reproducer_2graph_DynamoThunder_cpu_None[repro],thunder/tests/test_dynamo.py::test_dynamo_reproducer_2graph_DynamoThunder_cpu_None[repro],setup,0.0,96.29
before,13,test_fxreport_DynamoThunder_cpu_None[benchmark],thunder/tests/test_dynamo.py::test_fxreport_DynamoThunder_cpu_None[benchmark],setup,0.0,96.29
before,13,test_dynamo_reproducer_split_DynamoThunder_cpu_None[repro],thunder/tests/test_dynamo.py::test_dynamo_reproducer_split_DynamoThunder_cpu_None[repro],setup,0.0,96.29
before,13,test_dynamo_reproducer_split_DynamoThunder_cpu_None[benchmark],thunder/tests/test_dynamo.py::test_dynamo_reproducer_split_DynamoThunder_cpu_None[benchmark],setup,0.0,96.29
before,13,test_dynamo_reproducer_2graph_DynamoThunder_cpu_None[benchmark],thunder/tests/test_dynamo.py::test_dynamo_reproducer_2graph_DynamoThunder_cpu_None[benchmark],setup,0.0,96.29
before,13,test_dynamo_reproducer_split_DynamoThunder_cpu_None[benchmark],thunder/tests/test_dynamo.py::test_dynamo_reproducer_split_DynamoThunder_cpu_None[benchmark],teardown,0.0,96.29
before,13,test_dynamo_reproducer_2graph_DynamoThunder_cpu_None[repro],thunder/tests/test_dynamo.py::test_dynamo_reproducer_2graph_DynamoThunder_cpu_None[repro],teardown,0.0,96.29
before,13,test_dynamo_reproducer_2graph_DynamoThunder_cpu_None[benchmark],thunder/tests/test_dynamo.py::test_dynamo_reproducer_2graph_DynamoThunder_cpu_None[benchmark],teardown,0.0,96.29
before,13,test_dynamo_reproducer_split_DynamoThunder_cpu_None[repro],thunder/tests/test_dynamo.py::test_dynamo_reproducer_split_DynamoThunder_cpu_None[repro],teardown,0.0,96.29
before,13,test_fxreport_DynamoThunder_cpu_None[benchmark],thunder/tests/test_dynamo.py::test_fxreport_DynamoThunder_cpu_None[benchmark],teardown,0.0,96.29
before,13,test_fxreport_DynamoThunder_cpu_None[repro],thunder/tests/test_dynamo.py::test_fxreport_DynamoThunder_cpu_None[repro],teardown,0.0,96.29
before,14,test_fxreport_DynamoThunder_cpu_None[benchmark],thunder/tests/test_dynamo.py::test_fxreport_DynamoThunder_cpu_None[benchmark],call,33.88,96.69
before,14,test_dynamo_reproducer_split_DynamoThunder_cpu_None[benchmark],thunder/tests/test_dynamo.py::test_dynamo_reproducer_split_DynamoThunder_cpu_None[benchmark],call,32.69,96.69
before,14,test_dynamo_reproducer_2graph_DynamoThunder_cpu_None[benchmark],thunder/tests/test_dynamo.py::test_dynamo_reproducer_2graph_DynamoThunder_cpu_None[benchmark],call,21.28,96.69
before,14,test_dynamo_reproducer_split_DynamoThunder_cpu_None[repro],thunder/tests/test_dynamo.py::test_dynamo_reproducer_split_DynamoThunder_cpu_None[repro],call,3.89,96.69
before,14,test_fxreport_DynamoThunder_cpu_None[repro],thunder/tests/test_dynamo.py::test_fxreport_DynamoThunder_cpu_None[repro],call,2.63,96.69
before,14,test_dynamo_reproducer_2graph_DynamoThunder_cpu_None[repro],thunder/tests/test_dynamo.py::test_dynamo_reproducer_2graph_DynamoThunder_cpu_None[repro],call,2.08,96.69
before,14,test_fxreport_DynamoThunder_cpu_None[benchmark],thunder/tests/test_dynamo.py::test_fxreport_DynamoThunder_cpu_None[benchmark],teardown,0.0,96.69
before,14,test_dynamo_reproducer_split_DynamoThunder_cpu_None[repro],thunder/tests/test_dynamo.py::test_dynamo_reproducer_split_DynamoThunder_cpu_None[repro],setup,0.0,96.69
before,14,test_fxreport_DynamoThunder_cpu_None[repro],thunder/tests/test_dynamo.py::test_fxreport_DynamoThunder_cpu_None[repro],setup,0.0,96.69
before,14,test_dynamo_reproducer_2graph_DynamoThunder_cpu_None[repro],thunder/tests/test_dynamo.py::test_dynamo_reproducer_2graph_DynamoThunder_cpu_None[repro],setup,0.0,96.69
before,14,test_dynamo_reproducer_split_DynamoThunder_cpu_None[benchmark],thunder/tests/test_dynamo.py::test_dynamo_reproducer_split_DynamoThunder_cpu_None[benchmark],setup,0.0,96.69
before,14,test_fxreport_DynamoThunder_cpu_None[benchmark],thunder/tests/test_dynamo.py::test_fxreport_DynamoThunder_cpu_None[benchmark],setup,0.0,96.69
before,14,test_dynamo_reproducer_2graph_DynamoThunder_cpu_None[benchmark],thunder/tests/test_dynamo.py::test_dynamo_reproducer_2graph_DynamoThunder_cpu_None[benchmark],setup,0.0,96.69
before,14,test_dynamo_reproducer_split_DynamoThunder_cpu_None[benchmark],thunder/tests/test_dynamo.py::test_dynamo_reproducer_split_DynamoThunder_cpu_None[benchmark],teardown,0.0,96.69
before,14,test_dynamo_reproducer_2graph_DynamoThunder_cpu_None[benchmark],thunder/tests/test_dynamo.py::test_dynamo_reproducer_2graph_DynamoThunder_cpu_None[benchmark],teardown,0.0,96.69
before,14,test_dynamo_reproducer_2graph_DynamoThunder_cpu_None[repro],thunder/tests/test_dynamo.py::test_dynamo_reproducer_2graph_DynamoThunder_cpu_None[repro],teardown,0.0,96.69
before,14,test_fxreport_DynamoThunder_cpu_None[repro],thunder/tests/test_dynamo.py::test_fxreport_DynamoThunder_cpu_None[repro],teardown,0.0,96.69
before,14,test_dynamo_reproducer_split_DynamoThunder_cpu_None[repro],thunder/tests/test_dynamo.py::test_dynamo_reproducer_split_DynamoThunder_cpu_None[repro],teardown,0.0,96.69
before,15,test_fxreport_DynamoThunder_cpu_None[benchmark],thunder/tests/test_dynamo.py::test_fxreport_DynamoThunder_cpu_None[benchmark],call,34.05,95.76
before,15,test_dynamo_reproducer_split_DynamoThunder_cpu_None[benchmark],thunder/tests/test_dynamo.py::test_dynamo_reproducer_split_DynamoThunder_cpu_None[benchmark],call,32.95,95.76
before,15,test_dynamo_reproducer_2graph_DynamoThunder_cpu_None[benchmark],thunder/tests/test_dynamo.py::test_dynamo_reproducer_2graph_DynamoThunder_cpu_None[benchmark],call,20.71,95.76
before,15,test_dynamo_reproducer_split_DynamoThunder_cpu_None[repro],thunder/tests/test_dynamo.py::test_dynamo_reproducer_split_DynamoThunder_cpu_None[repro],call,2.98,95.76
before,15,test_fxreport_DynamoThunder_cpu_None[repro],thunder/tests/test_dynamo.py::test_fxreport_DynamoThunder_cpu_None[repro],call,2.65,95.76
before,15,test_dynamo_reproducer_2graph_DynamoThunder_cpu_None[repro],thunder/tests/test_dynamo.py::test_dynamo_reproducer_2graph_DynamoThunder_cpu_None[repro],call,2.18,95.76
before,15,test_dynamo_reproducer_2graph_DynamoThunder_cpu_None[repro],thunder/tests/test_dynamo.py::test_dynamo_reproducer_2graph_DynamoThunder_cpu_None[repro],setup,0.0,95.76
before,15,test_dynamo_reproducer_2graph_DynamoThunder_cpu_None[benchmark],thunder/tests/test_dynamo.py::test_dynamo_reproducer_2graph_DynamoThunder_cpu_None[benchmark],setup,0.0,95.76
before,15,test_fxreport_DynamoThunder_cpu_None[repro],thunder/tests/test_dynamo.py::test_fxreport_DynamoThunder_cpu_None[repro],setup,0.0,95.76
before,15,test_dynamo_reproducer_split_DynamoThunder_cpu_None[repro],thunder/tests/test_dynamo.py::test_dynamo_reproducer_split_DynamoThunder_cpu_None[repro],setup,0.0,95.76
before,15,test_fxreport_DynamoThunder_cpu_None[benchmark],thunder/tests/test_dynamo.py::test_fxreport_DynamoThunder_cpu_None[benchmark],setup,0.0,95.76
before,15,test_dynamo_reproducer_split_DynamoThunder_cpu_None[benchmark],thunder/tests/test_dynamo.py::test_dynamo_reproducer_split_DynamoThunder_cpu_None[benchmark],setup,0.0,95.76
before,15,test_dynamo_reproducer_split_DynamoThunder_cpu_None[repro],thunder/tests/test_dynamo.py::test_dynamo_reproducer_split_DynamoThunder_cpu_None[repro],teardown,0.0,95.76
before,15,test_dynamo_reproducer_2graph_DynamoThunder_cpu_None[benchmark],thunder/tests/test_dynamo.py::test_dynamo_reproducer_2graph_DynamoThunder_cpu_None[benchmark],teardown,0.0,95.76
before,15,test_fxreport_DynamoThunder_cpu_None[repro],thunder/tests/test_dynamo.py::test_fxreport_DynamoThunder_cpu_None[repro],teardown,0.0,95.76
before,15,test_dynamo_reproducer_split_DynamoThunder_cpu_None[benchmark],thunder/tests/test_dynamo.py::test_dynamo_reproducer_split_DynamoThunder_cpu_None[benchmark],teardown,0.0,95.76
before,15,test_dynamo_reproducer_2graph_DynamoThunder_cpu_None[repro],thunder/tests/test_dynamo.py::test_dynamo_reproducer_2graph_DynamoThunder_cpu_None[repro],teardown,0.0,95.76
before,15,test_fxreport_DynamoThunder_cpu_None[benchmark],thunder/tests/test_dynamo.py::test_fxreport_DynamoThunder_cpu_None[benchmark],teardown,0.0,95.76
before,16,test_fxreport_DynamoThunder_cpu_None[benchmark],thunder/tests/test_dynamo.py::test_fxreport_DynamoThunder_cpu_None[benchmark],call,34.36,96.77
before,16,test_dynamo_reproducer_split_DynamoThunder_cpu_None[benchmark],thunder/tests/test_dynamo.py::test_dynamo_reproducer_split_DynamoThunder_cpu_None[benchmark],call,33.51,96.77
before,16,test_dynamo_reproducer_2graph_DynamoThunder_cpu_None[benchmark],thunder/tests/test_dynamo.py::test_dynamo_reproducer_2graph_DynamoThunder_cpu_None[benchmark],call,20.97,96.77
before,16,test_dynamo_reproducer_split_DynamoThunder_cpu_None[repro],thunder/tests/test_dynamo.py::test_dynamo_reproducer_split_DynamoThunder_cpu_None[repro],call,2.97,96.77
before,16,test_fxreport_DynamoThunder_cpu_None[repro],thunder/tests/test_dynamo.py::test_fxreport_DynamoThunder_cpu_None[repro],call,2.64,96.77
before,16,test_dynamo_reproducer_2graph_DynamoThunder_cpu_None[repro],thunder/tests/test_dynamo.py::test_dynamo_reproducer_2graph_DynamoThunder_cpu_None[repro],call,2.09,96.77
before,16,test_fxreport_DynamoThunder_cpu_None[benchmark],thunder/tests/test_dynamo.py::test_fxreport_DynamoThunder_cpu_None[benchmark],setup,0.0,96.77
before,16,test_dynamo_reproducer_split_DynamoThunder_cpu_None[repro],thunder/tests/test_dynamo.py::test_dynamo_reproducer_split_DynamoThunder_cpu_None[repro],setup,0.0,96.77
before,16,test_dynamo_reproducer_2graph_DynamoThunder_cpu_None[benchmark],thunder/tests/test_dynamo.py::test_dynamo_reproducer_2graph_DynamoThunder_cpu_None[benchmark],setup,0.0,96.77
before,16,test_fxreport_DynamoThunder_cpu_None[repro],thunder/tests/test_dynamo.py::test_fxreport_DynamoThunder_cpu_None[repro],setup,0.0,96.77
before,16,test_dynamo_reproducer_2graph_DynamoThunder_cpu_None[repro],thunder/tests/test_dynamo.py::test_dynamo_reproducer_2graph_DynamoThunder_cpu_None[repro],setup,0.0,96.77
before,16,test_dynamo_reproducer_split_DynamoThunder_cpu_None[benchmark],thunder/tests/test_dynamo.py::test_dynamo_reproducer_split_DynamoThunder_cpu_None[benchmark],setup,0.0,96.77
before,16,test_dynamo_reproducer_2graph_DynamoThunder_cpu_None[benchmark],thunder/tests/test_dynamo.py::test_dynamo_reproducer_2graph_DynamoThunder_cpu_None[benchmark],teardown,0.0,96.77
before,16,test_fxreport_DynamoThunder_cpu_None[benchmark],thunder/tests/test_dynamo.py::test_fxreport_DynamoThunder_cpu_None[benchmark],teardown,0.0,96.77
before,16,test_dynamo_reproducer_split_DynamoThunder_cpu_None[benchmark],thunder/tests/test_dynamo.py::test_dynamo_reproducer_split_DynamoThunder_cpu_None[benchmark],teardown,0.0,96.77
before,16,test_dynamo_reproducer_split_DynamoThunder_cpu_None[repro],thunder/tests/test_dynamo.py::test_dynamo_reproducer_split_DynamoThunder_cpu_None[repro],teardown,0.0,96.77
before,16,test_fxreport_DynamoThunder_cpu_None[repro],thunder/tests/test_dynamo.py::test_fxreport_DynamoThunder_cpu_None[repro],teardown,0.0,96.77
before,16,test_dynamo_reproducer_2graph_DynamoThunder_cpu_None[repro],thunder/tests/test_dynamo.py::test_dynamo_reproducer_2graph_DynamoThunder_cpu_None[repro],teardown,0.0,96.77
before,17,test_dynamo_reproducer_split_DynamoThunder_cpu_None[benchmark],thunder/tests/test_dynamo.py::test_dynamo_reproducer_split_DynamoThunder_cpu_None[benchmark],call,33.87,95.69
before,17,test_fxreport_DynamoThunder_cpu_None[benchmark],thunder/tests/test_dynamo.py::test_fxreport_DynamoThunder_cpu_None[benchmark],call,31.18,95.69
before,17,test_dynamo_reproducer_2graph_DynamoThunder_cpu_None[benchmark],thunder/tests/test_dynamo.py::test_dynamo_reproducer_2graph_DynamoThunder_cpu_None[benchmark],call,20.65,95.69
before,17,test_fxreport_DynamoThunder_cpu_None[repro],thunder/tests/test_dynamo.py::test_fxreport_DynamoThunder_cpu_None[repro],call,4.68,95.69
before,17,test_dynamo_reproducer_split_DynamoThunder_cpu_None[repro],thunder/tests/test_dynamo.py::test_dynamo_reproducer_split_DynamoThunder_cpu_None[repro],call,2.98,95.69
before,17,test_dynamo_reproducer_2graph_DynamoThunder_cpu_None[repro],thunder/tests/test_dynamo.py::test_dynamo_reproducer_2graph_DynamoThunder_cpu_None[repro],call,2.09,95.69
before,17,test_dynamo_reproducer_split_DynamoThunder_cpu_None[benchmark],thunder/tests/test_dynamo.py::test_dynamo_reproducer_split_DynamoThunder_cpu_None[benchmark],setup,0.0,95.69
before,17,test_dynamo_reproducer_split_DynamoThunder_cpu_None[repro],thunder/tests/test_dynamo.py::test_dynamo_reproducer_split_DynamoThunder_cpu_None[repro],setup,0.0,95.69
before,17,test_fxreport_DynamoThunder_cpu_None[benchmark],thunder/tests/test_dynamo.py::test_fxreport_DynamoThunder_cpu_None[benchmark],setup,0.0,95.69
before,17,test_dynamo_reproducer_2graph_DynamoThunder_cpu_None[benchmark],thunder/tests/test_dynamo.py::test_dynamo_reproducer_2graph_DynamoThunder_cpu_None[benchmark],setup,0.0,95.69
before,17,test_dynamo_reproducer_2graph_DynamoThunder_cpu_None[repro],thunder/tests/test_dynamo.py::test_dynamo_reproducer_2graph_DynamoThunder_cpu_None[repro],setup,0.0,95.69
before,17,test_fxreport_DynamoThunder_cpu_None[repro],thunder/tests/test_dynamo.py::test_fxreport_DynamoThunder_cpu_None[repro],setup,0.0,95.69
before,17,test_dynamo_reproducer_2graph_DynamoThunder_cpu_None[benchmark],thunder/tests/test_dynamo.py::test_dynamo_reproducer_2graph_DynamoThunder_cpu_None[benchmark],teardown,0.0,95.69
before,17,test_dynamo_reproducer_split_DynamoThunder_cpu_None[repro],thunder/tests/test_dynamo.py::test_dynamo_reproducer_split_DynamoThunder_cpu_None[repro],teardown,0.0,95.69
before,17,test_fxreport_DynamoThunder_cpu_None[repro],thunder/tests/test_dynamo.py::test_fxreport_DynamoThunder_cpu_None[repro],teardown,0.0,95.69
before,17,test_fxreport_DynamoThunder_cpu_None[benchmark],thunder/tests/test_dynamo.py::test_fxreport_DynamoThunder_cpu_None[benchmark],teardown,0.0,95.69
before,17,test_dynamo_reproducer_split_DynamoThunder_cpu_None[benchmark],thunder/tests/test_dynamo.py::test_dynamo_reproducer_split_DynamoThunder_cpu_None[benchmark],teardown,0.0,95.69
before,17,test_dynamo_reproducer_2graph_DynamoThunder_cpu_None[repro],thunder/tests/test_dynamo.py::test_dynamo_reproducer_2graph_DynamoThunder_cpu_None[repro],teardown,0.0,95.69
before,18,test_fxreport_DynamoThunder_cpu_None[benchmark],thunder/tests/test_dynamo.py::test_fxreport_DynamoThunder_cpu_None[benchmark],call,34.0,96.05
before,18,test_dynamo_reproducer_split_DynamoThunder_cpu_None[benchmark],thunder/tests/test_dynamo.py::test_dynamo_reproducer_split_DynamoThunder_cpu_None[benchmark],call,33.35,96.05
before,18,test_dynamo_reproducer_2graph_DynamoThunder_cpu_None[benchmark],thunder/tests/test_dynamo.py::test_dynamo_reproducer_2graph_DynamoThunder_cpu_None[benchmark],call,20.66,96.05
before,18,test_dynamo_reproducer_split_DynamoThunder_cpu_None[repro],thunder/tests/test_dynamo.py::test_dynamo_reproducer_split_DynamoThunder_cpu_None[repro],call,2.98,96.05
before,18,test_fxreport_DynamoThunder_cpu_None[repro],thunder/tests/test_dynamo.py::test_fxreport_DynamoThunder_cpu_None[repro],call,2.63,96.05
before,18,test_dynamo_reproducer_2graph_DynamoThunder_cpu_None[repro],thunder/tests/test_dynamo.py::test_dynamo_reproducer_2graph_DynamoThunder_cpu_None[repro],call,2.18,96.05
before,18,test_dynamo_reproducer_2graph_DynamoThunder_cpu_None[repro],thunder/tests/test_dynamo.py::test_dynamo_reproducer_2graph_DynamoThunder_cpu_None[repro],setup,0.0,96.05
before,18,test_fxreport_DynamoThunder_cpu_None[repro],thunder/tests/test_dynamo.py::test_fxreport_DynamoThunder_cpu_None[repro],setup,0.0,96.05
before,18,test_dynamo_reproducer_split_DynamoThunder_cpu_None[repro],thunder/tests/test_dynamo.py::test_dynamo_reproducer_split_DynamoThunder_cpu_None[repro],setup,0.0,96.05
before,18,test_dynamo_reproducer_2graph_DynamoThunder_cpu_None[benchmark],thunder/tests/test_dynamo.py::test_dynamo_reproducer_2graph_DynamoThunder_cpu_None[benchmark],setup,0.0,96.05
before,18,test_dynamo_reproducer_split_DynamoThunder_cpu_None[benchmark],thunder/tests/test_dynamo.py::test_dynamo_reproducer_split_DynamoThunder_cpu_None[benchmark],setup,0.0,96.05
before,18,test_fxreport_DynamoThunder_cpu_None[benchmark],thunder/tests/test_dynamo.py::test_fxreport_DynamoThunder_cpu_None[benchmark],setup,0.0,96.05
before,18,test_fxreport_DynamoThunder_cpu_None[benchmark],thunder/tests/test_dynamo.py::test_fxreport_DynamoThunder_cpu_None[benchmark],teardown,0.0,96.05
before,18,test_fxreport_DynamoThunder_cpu_None[repro],thunder/tests/test_dynamo.py::test_fxreport_DynamoThunder_cpu_None[repro],teardown,0.0,96.05
before,18,test_dynamo_reproducer_split_DynamoThunder_cpu_None[benchmark],thunder/tests/test_dynamo.py::test_dynamo_reproducer_split_DynamoThunder_cpu_None[benchmark],teardown,0.0,96.05
before,18,test_dynamo_reproducer_split_DynamoThunder_cpu_None[repro],thunder/tests/test_dynamo.py::test_dynamo_reproducer_split_DynamoThunder_cpu_None[repro],teardown,0.0,96.05
before,18,test_dynamo_reproducer_2graph_DynamoThunder_cpu_None[repro],thunder/tests/test_dynamo.py::test_dynamo_reproducer_2graph_DynamoThunder_cpu_None[repro],teardown,0.0,96.05
before,18,test_dynamo_reproducer_2graph_DynamoThunder_cpu_None[benchmark],thunder/tests/test_dynamo.py::test_dynamo_reproducer_2graph_DynamoThunder_cpu_None[benchmark],teardown,0.0,96.05
before,19,test_dynamo_reproducer_split_DynamoThunder_cpu_None[benchmark],thunder/tests/test_dynamo.py::test_dynamo_reproducer_split_DynamoThunder_cpu_None[benchmark],call,32.73,96.2
before,19,test_fxreport_DynamoThunder_cpu_None[benchmark],thunder/tests/test_dynamo.py::test_fxreport_DynamoThunder_cpu_None[benchmark],call,31.87,96.2
before,19,test_dynamo_reproducer_2graph_DynamoThunder_cpu_None[benchmark],thunder/tests/test_dynamo.py::test_dynamo_reproducer_2graph_DynamoThunder_cpu_None[benchmark],call,20.79,96.2
before,19,test_fxreport_DynamoThunder_cpu_None[repro],thunder/tests/test_dynamo.py::test_fxreport_DynamoThunder_cpu_None[repro],call,5.49,96.2
before,19,test_dynamo_reproducer_split_DynamoThunder_cpu_None[repro],thunder/tests/test_dynamo.py::test_dynamo_reproducer_split_DynamoThunder_cpu_None[repro],call,2.97,96.2
before,19,test_dynamo_reproducer_2graph_DynamoThunder_cpu_None[repro],thunder/tests/test_dynamo.py::test_dynamo_reproducer_2graph_DynamoThunder_cpu_None[repro],call,2.1,96.2
before,19,test_dynamo_reproducer_2graph_DynamoThunder_cpu_None[benchmark],thunder/tests/test_dynamo.py::test_dynamo_reproducer_2graph_DynamoThunder_cpu_None[benchmark],setup,0.0,96.2
before,19,test_dynamo_reproducer_2graph_DynamoThunder_cpu_None[repro],thunder/tests/test_dynamo.py::test_dynamo_reproducer_2graph_DynamoThunder_cpu_None[repro],setup,0.0,96.2
before,19,test_dynamo_reproducer_split_DynamoThunder_cpu_None[repro],thunder/tests/test_dynamo.py::test_dynamo_reproducer_split_DynamoThunder_cpu_None[repro],setup,0.0,96.2
before,19,test_fxreport_DynamoThunder_cpu_None[repro],thunder/tests/test_dynamo.py::test_fxreport_DynamoThunder_cpu_None[repro],setup,0.0,96.2
before,19,test_fxreport_DynamoThunder_cpu_None[benchmark],thunder/tests/test_dynamo.py::test_fxreport_DynamoThunder_cpu_None[benchmark],setup,0.0,96.2
before,19,test_dynamo_reproducer_split_DynamoThunder_cpu_None[benchmark],thunder/tests/test_dynamo.py::test_dynamo_reproducer_split_DynamoThunder_cpu_None[benchmark],setup,0.0,96.2
before,19,test_fxreport_DynamoThunder_cpu_None[benchmark],thunder/tests/test_dynamo.py::test_fxreport_DynamoThunder_cpu_None[benchmark],teardown,0.0,96.2
before,19,test_fxreport_DynamoThunder_cpu_None[repro],thunder/tests/test_dynamo.py::test_fxreport_DynamoThunder_cpu_None[repro],teardown,0.0,96.2
before,19,test_dynamo_reproducer_split_DynamoThunder_cpu_None[benchmark],thunder/tests/test_dynamo.py::test_dynamo_reproducer_split_DynamoThunder_cpu_None[benchmark],teardown,0.0,96.2
before,19,test_dynamo_reproducer_2graph_DynamoThunder_cpu_None[repro],thunder/tests/test_dynamo.py::test_dynamo_reproducer_2graph_DynamoThunder_cpu_None[repro],teardown,0.0,96.2
before,19,test_dynamo_reproducer_2graph_DynamoThunder_cpu_None[benchmark],thunder/tests/test_dynamo.py::test_dynamo_reproducer_2graph_DynamoThunder_cpu_None[benchmark],teardown,0.0,96.2
before,19,test_dynamo_reproducer_split_DynamoThunder_cpu_None[repro],thunder/tests/test_dynamo.py::test_dynamo_reproducer_split_DynamoThunder_cpu_None[repro],teardown,0.0,96.2
before,20,test_fxreport_DynamoThunder_cpu_None[benchmark],thunder/tests/test_dynamo.py::test_fxreport_DynamoThunder_cpu_None[benchmark],call,34.02,95.95
before,20,test_dynamo_reproducer_split_DynamoThunder_cpu_None[benchmark],thunder/tests/test_dynamo.py::test_dynamo_reproducer_split_DynamoThunder_cpu_None[benchmark],call,33.2,95.95
before,20,test_dynamo_reproducer_2graph_DynamoThunder_cpu_None[benchmark],thunder/tests/test_dynamo.py::test_dynamo_reproducer_2graph_DynamoThunder_cpu_None[benchmark],call,20.67,95.95
before,20,test_dynamo_reproducer_split_DynamoThunder_cpu_None[repro],thunder/tests/test_dynamo.py::test_dynamo_reproducer_split_DynamoThunder_cpu_None[repro],call,2.97,95.95
before,20,test_fxreport_DynamoThunder_cpu_None[repro],thunder/tests/test_dynamo.py::test_fxreport_DynamoThunder_cpu_None[repro],call,2.64,95.95
before,20,test_dynamo_reproducer_2graph_DynamoThunder_cpu_None[repro],thunder/tests/test_dynamo.py::test_dynamo_reproducer_2graph_DynamoThunder_cpu_None[repro],call,2.19,95.95
before,20,test_dynamo_reproducer_2graph_DynamoThunder_cpu_None[repro],thunder/tests/test_dynamo.py::test_dynamo_reproducer_2graph_DynamoThunder_cpu_None[repro],setup,0.0,95.95
before,20,test_dynamo_reproducer_split_DynamoThunder_cpu_None[repro],thunder/tests/test_dynamo.py::test_dynamo_reproducer_split_DynamoThunder_cpu_None[repro],setup,0.0,95.95
before,20,test_fxreport_DynamoThunder_cpu_None[benchmark],thunder/tests/test_dynamo.py::test_fxreport_DynamoThunder_cpu_None[benchmark],setup,0.0,95.95
before,20,test_fxreport_DynamoThunder_cpu_None[repro],thunder/tests/test_dynamo.py::test_fxreport_DynamoThunder_cpu_None[repro],setup,0.0,95.95
before,20,test_dynamo_reproducer_2graph_DynamoThunder_cpu_None[benchmark],thunder/tests/test_dynamo.py::test_dynamo_reproducer_2graph_DynamoThunder_cpu_None[benchmark],setup,0.0,95.95
before,20,test_dynamo_reproducer_split_DynamoThunder_cpu_None[benchmark],thunder/tests/test_dynamo.py::test_dynamo_reproducer_split_DynamoThunder_cpu_None[benchmark],setup,0.0,95.95
before,20,test_dynamo_reproducer_split_DynamoThunder_cpu_None[repro],thunder/tests/test_dynamo.py::test_dynamo_reproducer_split_DynamoThunder_cpu_None[repro],teardown,0.0,95.95
before,20,test_dynamo_reproducer_2graph_DynamoThunder_cpu_None[benchmark],thunder/tests/test_dynamo.py::test_dynamo_reproducer_2graph_DynamoThunder_cpu_None[benchmark],teardown,0.0,95.95
before,20,test_dynamo_reproducer_2graph_DynamoThunder_cpu_None[repro],thunder/tests/test_dynamo.py::test_dynamo_reproducer_2graph_DynamoThunder_cpu_None[repro],teardown,0.0,95.95
before,20,test_dynamo_reproducer_split_DynamoThunder_cpu_None[benchmark],thunder/tests/test_dynamo.py::test_dynamo_reproducer_split_DynamoThunder_cpu_None[benchmark],teardown,0.0,95.95
before,20,test_fxreport_DynamoThunder_cpu_None[repro],thunder/tests/test_dynamo.py::test_fxreport_DynamoThunder_cpu_None[repro],teardown,0.0,95.95
before,20,test_fxreport_DynamoThunder_cpu_None[benchmark],thunder/tests/test_dynamo.py::test_fxreport_DynamoThunder_cpu_None[benchmark],teardown,0.0,95.95
before,21,test_dynamo_reproducer_split_DynamoThunder_cpu_None[benchmark],thunder/tests/test_dynamo.py::test_dynamo_reproducer_split_DynamoThunder_cpu_None[benchmark],call,32.91,96.01
before,21,test_fxreport_DynamoThunder_cpu_None[benchmark],thunder/tests/test_dynamo.py::test_fxreport_DynamoThunder_cpu_None[benchmark],call,31.58,96.01
before,21,test_dynamo_reproducer_2graph_DynamoThunder_cpu_None[benchmark],thunder/tests/test_dynamo.py::test_dynamo_reproducer_2graph_DynamoThunder_cpu_None[benchmark],call,20.81,96.01
before,21,test_fxreport_DynamoThunder_cpu_None[repro],thunder/tests/test_dynamo.py::test_fxreport_DynamoThunder_cpu_None[repro],call,5.34,96.01
before,21,test_dynamo_reproducer_split_DynamoThunder_cpu_None[repro],thunder/tests/test_dynamo.py::test_dynamo_reproducer_split_DynamoThunder_cpu_None[repro],call,2.98,96.01
before,21,test_dynamo_reproducer_2graph_DynamoThunder_cpu_None[repro],thunder/tests/test_dynamo.py::test_dynamo_reproducer_2graph_DynamoThunder_cpu_None[repro],call,2.12,96.01
before,21,test_fxreport_DynamoThunder_cpu_None[repro],thunder/tests/test_dynamo.py::test_fxreport_DynamoThunder_cpu_None[repro],setup,0.0,96.01
before,21,test_dynamo_reproducer_split_DynamoThunder_cpu_None[repro],thunder/tests/test_dynamo.py::test_dynamo_reproducer_split_DynamoThunder_cpu_None[repro],setup,0.0,96.01
before,21,test_fxreport_DynamoThunder_cpu_None[benchmark],thunder/tests/test_dynamo.py::test_fxreport_DynamoThunder_cpu_None[benchmark],setup,0.0,96.01
before,21,test_dynamo_reproducer_split_DynamoThunder_cpu_None[benchmark],thunder/tests/test_dynamo.py::test_dynamo_reproducer_split_DynamoThunder_cpu_None[benchmark],setup,0.0,96.01
before,21,test_dynamo_reproducer_2graph_DynamoThunder_cpu_None[benchmark],thunder/tests/test_dynamo.py::test_dynamo_reproducer_2graph_DynamoThunder_cpu_None[benchmark],setup,0.0,96.01
before,21,test_dynamo_reproducer_2graph_DynamoThunder_cpu_None[repro],thunder/tests/test_dynamo.py::test_dynamo_reproducer_2graph_DynamoThunder_cpu_None[repro],setup,0.0,96.01
before,21,test_dynamo_reproducer_split_DynamoThunder_cpu_None[repro],thunder/tests/test_dynamo.py::test_dynamo_reproducer_split_DynamoThunder_cpu_None[repro],teardown,0.0,96.01
before,21,test_fxreport_DynamoThunder_cpu_None[benchmark],thunder/tests/test_dynamo.py::test_fxreport_DynamoThunder_cpu_None[benchmark],teardown,0.0,96.01
before,21,test_dynamo_reproducer_split_DynamoThunder_cpu_None[benchmark],thunder/tests/test_dynamo.py::test_dynamo_reproducer_split_DynamoThunder_cpu_None[benchmark],teardown,0.0,96.01
before,21,test_dynamo_reproducer_2graph_DynamoThunder_cpu_None[repro],thunder/tests/test_dynamo.py::test_dynamo_reproducer_2graph_DynamoThunder_cpu_None[repro],teardown,0.0,96.01
before,21,test_dynamo_reproducer_2graph_DynamoThunder_cpu_None[benchmark],thunder/tests/test_dynamo.py::test_dynamo_reproducer_2graph_DynamoThunder_cpu_None[benchmark],teardown,0.0,96.01
before,21,test_fxreport_DynamoThunder_cpu_None[repro],thunder/tests/test_dynamo.py::test_fxreport_DynamoThunder_cpu_None[repro],teardown,0.0,96.01
before,22,test_fxreport_DynamoThunder_cpu_None[benchmark],thunder/tests/test_dynamo.py::test_fxreport_DynamoThunder_cpu_None[benchmark],call,34.56,96.71
before,22,test_dynamo_reproducer_split_DynamoThunder_cpu_None[benchmark],thunder/tests/test_dynamo.py::test_dynamo_reproducer_split_DynamoThunder_cpu_None[benchmark],call,32.71,96.71
before,22,test_dynamo_reproducer_2graph_DynamoThunder_cpu_None[benchmark],thunder/tests/test_dynamo.py::test_dynamo_reproducer_2graph_DynamoThunder_cpu_None[benchmark],call,21.49,96.71
before,22,test_dynamo_reproducer_split_DynamoThunder_cpu_None[repro],thunder/tests/test_dynamo.py::test_dynamo_reproducer_split_DynamoThunder_cpu_None[repro],call,3.0,96.71
before,22,test_fxreport_DynamoThunder_cpu_None[repro],thunder/tests/test_dynamo.py::test_fxreport_DynamoThunder_cpu_None[repro],call,2.64,96.71
before,22,test_dynamo_reproducer_2graph_DynamoThunder_cpu_None[repro],thunder/tests/test_dynamo.py::test_dynamo_reproducer_2graph_DynamoThunder_cpu_None[repro],call,2.08,96.71
before,22,test_fxreport_DynamoThunder_cpu_None[benchmark],thunder/tests/test_dynamo.py::test_fxreport_DynamoThunder_cpu_None[benchmark],setup,0.0,96.71
before,22,test_fxreport_DynamoThunder_cpu_None[repro],thunder/tests/test_dynamo.py::test_fxreport_DynamoThunder_cpu_None[repro],setup,0.0,96.71
before,22,test_dynamo_reproducer_split_DynamoThunder_cpu_None[repro],thunder/tests/test_dynamo.py::test_dynamo_reproducer_split_DynamoThunder_cpu_None[repro],setup,0.0,96.71
before,22,test_dynamo_reproducer_2graph_DynamoThunder_cpu_None[benchmark],thunder/tests/test_dynamo.py::test_dynamo_reproducer_2graph_DynamoThunder_cpu_None[benchmark],setup,0.0,96.71
before,22,test_dynamo_reproducer_2graph_DynamoThunder_cpu_None[repro],thunder/tests/test_dynamo.py::test_dynamo_reproducer_2graph_DynamoThunder_cpu_None[repro],setup,0.0,96.71
before,22,test_dynamo_reproducer_split_DynamoThunder_cpu_None[benchmark],thunder/tests/test_dynamo.py::test_dynamo_reproducer_split_DynamoThunder_cpu_None[benchmark],setup,0.0,96.71
before,22,test_dynamo_reproducer_2graph_DynamoThunder_cpu_None[repro],thunder/tests/test_dynamo.py::test_dynamo_reproducer_2graph_DynamoThunder_cpu_None[repro],teardown,0.0,96.71
before,22,test_fxreport_DynamoThunder_cpu_None[benchmark],thunder/tests/test_dynamo.py::test_fxreport_DynamoThunder_cpu_None[benchmark],teardown,0.0,96.71
before,22,test_dynamo_reproducer_2graph_DynamoThunder_cpu_None[benchmark],thunder/tests/test_dynamo.py::test_dynamo_reproducer_2graph_DynamoThunder_cpu_None[benchmark],teardown,0.0,96.71
before,22,test_dynamo_reproducer_split_DynamoThunder_cpu_None[repro],thunder/tests/test_dynamo.py::test_dynamo_reproducer_split_DynamoThunder_cpu_None[repro],teardown,0.0,96.71
before,22,test_fxreport_DynamoThunder_cpu_None[repro],thunder/tests/test_dynamo.py::test_fxreport_DynamoThunder_cpu_None[repro],teardown,0.0,96.71
before,22,test_dynamo_reproducer_split_DynamoThunder_cpu_None[benchmark],thunder/tests/test_dynamo.py::test_dynamo_reproducer_split_DynamoThunder_cpu_None[benchmark],teardown,0.0,96.71
before,23,test_fxreport_DynamoThunder_cpu_None[benchmark],thunder/tests/test_dynamo.py::test_fxreport_DynamoThunder_cpu_None[benchmark],call,33.93,97.28
before,23,test_dynamo_reproducer_split_DynamoThunder_cpu_None[benchmark],thunder/tests/test_dynamo.py::test_dynamo_reproducer_split_DynamoThunder_cpu_None[benchmark],call,33.56,97.28
before,23,test_dynamo_reproducer_2graph_DynamoThunder_cpu_None[benchmark],thunder/tests/test_dynamo.py::test_dynamo_reproducer_2graph_DynamoThunder_cpu_None[benchmark],call,20.9,97.28
before,23,test_dynamo_reproducer_split_DynamoThunder_cpu_None[repro],thunder/tests/test_dynamo.py::test_dynamo_reproducer_split_DynamoThunder_cpu_None[repro],call,3.79,97.28
before,23,test_fxreport_DynamoThunder_cpu_None[repro],thunder/tests/test_dynamo.py::test_fxreport_DynamoThunder_cpu_None[repro],call,2.66,97.28
before,23,test_dynamo_reproducer_2graph_DynamoThunder_cpu_None[repro],thunder/tests/test_dynamo.py::test_dynamo_reproducer_2graph_DynamoThunder_cpu_None[repro],call,2.21,97.28
before,23,test_dynamo_reproducer_2graph_DynamoThunder_cpu_None[repro],thunder/tests/test_dynamo.py::test_dynamo_reproducer_2graph_DynamoThunder_cpu_None[repro],setup,0.0,97.28
before,23,test_dynamo_reproducer_split_DynamoThunder_cpu_None[repro],thunder/tests/test_dynamo.py::test_dynamo_reproducer_split_DynamoThunder_cpu_None[repro],setup,0.0,97.28
before,23,test_dynamo_reproducer_split_DynamoThunder_cpu_None[benchmark],thunder/tests/test_dynamo.py::test_dynamo_reproducer_split_DynamoThunder_cpu_None[benchmark],setup,0.0,97.28
before,23,test_fxreport_DynamoThunder_cpu_None[repro],thunder/tests/test_dynamo.py::test_fxreport_DynamoThunder_cpu_None[repro],setup,0.0,97.28
before,23,test_dynamo_reproducer_2graph_DynamoThunder_cpu_None[benchmark],thunder/tests/test_dynamo.py::test_dynamo_reproducer_2graph_DynamoThunder_cpu_None[benchmark],setup,0.0,97.28
before,23,test_fxreport_DynamoThunder_cpu_None[benchmark],thunder/tests/test_dynamo.py::test_fxreport_DynamoThunder_cpu_None[benchmark],setup,0.0,97.28
before,23,test_fxreport_DynamoThunder_cpu_None[repro],thunder/tests/test_dynamo.py::test_fxreport_DynamoThunder_cpu_None[repro],teardown,0.0,97.28
before,23,test_dynamo_reproducer_split_DynamoThunder_cpu_None[benchmark],thunder/tests/test_dynamo.py::test_dynamo_reproducer_split_DynamoThunder_cpu_None[benchmark],teardown,0.0,97.28
before,23,test_dynamo_reproducer_split_DynamoThunder_cpu_None[repro],thunder/tests/test_dynamo.py::test_dynamo_reproducer_split_DynamoThunder_cpu_None[repro],teardown,0.0,97.28
before,23,test_dynamo_reproducer_2graph_DynamoThunder_cpu_None[benchmark],thunder/tests/test_dynamo.py::test_dynamo_reproducer_2graph_DynamoThunder_cpu_None[benchmark],teardown,0.0,97.28
before,23,test_fxreport_DynamoThunder_cpu_None[benchmark],thunder/tests/test_dynamo.py::test_fxreport_DynamoThunder_cpu_None[benchmark],teardown,0.0,97.28
before,23,test_dynamo_reproducer_2graph_DynamoThunder_cpu_None[repro],thunder/tests/test_dynamo.py::test_dynamo_reproducer_2graph_DynamoThunder_cpu_None[repro],teardown,0.0,97.28
before,24,test_dynamo_reproducer_split_DynamoThunder_cpu_None[benchmark],thunder/tests/test_dynamo.py::test_dynamo_reproducer_split_DynamoThunder_cpu_None[benchmark],call,33.21,96.5
before,24,test_fxreport_DynamoThunder_cpu_None[benchmark],thunder/tests/test_dynamo.py::test_fxreport_DynamoThunder_cpu_None[benchmark],call,31.86,96.5
before,24,test_dynamo_reproducer_2graph_DynamoThunder_cpu_None[benchmark],thunder/tests/test_dynamo.py::test_dynamo_reproducer_2graph_DynamoThunder_cpu_None[benchmark],call,20.63,96.5
before,24,test_fxreport_DynamoThunder_cpu_None[repro],thunder/tests/test_dynamo.py::test_fxreport_DynamoThunder_cpu_None[repro],call,5.48,96.5
before,24,test_dynamo_reproducer_split_DynamoThunder_cpu_None[repro],thunder/tests/test_dynamo.py::test_dynamo_reproducer_split_DynamoThunder_cpu_None[repro],call,2.98,96.5
before,24,test_dynamo_reproducer_2graph_DynamoThunder_cpu_None[repro],thunder/tests/test_dynamo.py::test_dynamo_reproducer_2graph_DynamoThunder_cpu_None[repro],call,2.08,96.5
before,24,test_dynamo_reproducer_2graph_DynamoThunder_cpu_None[benchmark],thunder/tests/test_dynamo.py::test_dynamo_reproducer_2graph_DynamoThunder_cpu_None[benchmark],setup,0.0,96.5
before,24,test_dynamo_reproducer_2graph_DynamoThunder_cpu_None[repro],thunder/tests/test_dynamo.py::test_dynamo_reproducer_2graph_DynamoThunder_cpu_None[repro],setup,0.0,96.5
before,24,test_dynamo_reproducer_split_DynamoThunder_cpu_None[repro],thunder/tests/test_dynamo.py::test_dynamo_reproducer_split_DynamoThunder_cpu_None[repro],setup,0.0,96.5
before,24,test_fxreport_DynamoThunder_cpu_None[benchmark],thunder/tests/test_dynamo.py::test_fxreport_DynamoThunder_cpu_None[benchmark],setup,0.0,96.5
before,24,test_fxreport_DynamoThunder_cpu_None[repro],thunder/tests/test_dynamo.py::test_fxreport_DynamoThunder_cpu_None[repro],setup,0.0,96.5
before,24,test_dynamo_reproducer_split_DynamoThunder_cpu_None[benchmark],thunder/tests/test_dynamo.py::test_dynamo_reproducer_split_DynamoThunder_cpu_None[benchmark],setup,0.0,96.5
before,24,test_fxreport_DynamoThunder_cpu_None[benchmark],thunder/tests/test_dynamo.py::test_fxreport_DynamoThunder_cpu_None[benchmark],teardown,0.0,96.5
before,24,test_dynamo_reproducer_2graph_DynamoThunder_cpu_None[benchmark],thunder/tests/test_dynamo.py::test_dynamo_reproducer_2graph_DynamoThunder_cpu_None[benchmark],teardown,0.0,96.5
before,24,test_dynamo_reproducer_split_DynamoThunder_cpu_None[repro],thunder/tests/test_dynamo.py::test_dynamo_reproducer_split_DynamoThunder_cpu_None[repro],teardown,0.0,96.5
before,24,test_fxreport_DynamoThunder_cpu_None[repro],thunder/tests/test_dynamo.py::test_fxreport_DynamoThunder_cpu_None[repro],teardown,0.0,96.5
before,24,test_dynamo_reproducer_split_DynamoThunder_cpu_None[benchmark],thunder/tests/test_dynamo.py::test_dynamo_reproducer_split_DynamoThunder_cpu_None[benchmark],teardown,0.0,96.5
before,24,test_dynamo_reproducer_2graph_DynamoThunder_cpu_None[repro],thunder/tests/test_dynamo.py::test_dynamo_reproducer_2graph_DynamoThunder_cpu_None[repro],teardown,0.0,96.5
before,25,test_dynamo_reproducer_split_DynamoThunder_cpu_None[benchmark],thunder/tests/test_dynamo.py::test_dynamo_reproducer_split_DynamoThunder_cpu_None[benchmark],call,33.97,96.42
before,25,test_fxreport_DynamoThunder_cpu_None[benchmark],thunder/tests/test_dynamo.py::test_fxreport_DynamoThunder_cpu_None[benchmark],call,31.38,96.42
before,25,test_dynamo_reproducer_2graph_DynamoThunder_cpu_None[benchmark],thunder/tests/test_dynamo.py::test_dynamo_reproducer_2graph_DynamoThunder_cpu_None[benchmark],call,21.07,96.42
before,25,test_fxreport_DynamoThunder_cpu_None[repro],thunder/tests/test_dynamo.py::test_fxreport_DynamoThunder_cpu_None[repro],call,4.72,96.42
before,25,test_dynamo_reproducer_split_DynamoThunder_cpu_None[repro],thunder/tests/test_dynamo.py::test_dynamo_reproducer_split_DynamoThunder_cpu_None[repro],call,2.96,96.42
before,25,test_dynamo_reproducer_2graph_DynamoThunder_cpu_None[repro],thunder/tests/test_dynamo.py::test_dynamo_reproducer_2graph_DynamoThunder_cpu_None[repro],call,2.08,96.42
before,25,test_dynamo_reproducer_split_DynamoThunder_cpu_None[benchmark],thunder/tests/test_dynamo.py::test_dynamo_reproducer_split_DynamoThunder_cpu_None[benchmark],setup,0.0,96.42
before,25,test_dynamo_reproducer_split_DynamoThunder_cpu_None[repro],thunder/tests/test_dynamo.py::test_dynamo_reproducer_split_DynamoThunder_cpu_None[repro],setup,0.0,96.42
before,25,test_fxreport_DynamoThunder_cpu_None[repro],thunder/tests/test_dynamo.py::test_fxreport_DynamoThunder_cpu_None[repro],setup,0.0,96.42
before,25,test_dynamo_reproducer_2graph_DynamoThunder_cpu_None[benchmark],thunder/tests/test_dynamo.py::test_dynamo_reproducer_2graph_DynamoThunder_cpu_None[benchmark],setup,0.0,96.42
before,25,test_fxreport_DynamoThunder_cpu_None[benchmark],thunder/tests/test_dynamo.py::test_fxreport_DynamoThunder_cpu_None[benchmark],setup,0.0,96.42
before,25,test_dynamo_reproducer_2graph_DynamoThunder_cpu_None[repro],thunder/tests/test_dynamo.py::test_dynamo_reproducer_2graph_DynamoThunder_cpu_None[repro],setup,0.0,96.42
before,25,test_dynamo_reproducer_split_DynamoThunder_cpu_None[benchmark],thunder/tests/test_dynamo.py::test_dynamo_reproducer_split_DynamoThunder_cpu_None[benchmark],teardown,0.0,96.42
before,25,test_dynamo_reproducer_2graph_DynamoThunder_cpu_None[benchmark],thunder/tests/test_dynamo.py::test_dynamo_reproducer_2graph_DynamoThunder_cpu_None[benchmark],teardown,0.0,96.42
before,25,test_fxreport_DynamoThunder_cpu_None[repro],thunder/tests/test_dynamo.py::test_fxreport_DynamoThunder_cpu_None[repro],teardown,0.0,96.42
before,25,test_dynamo_reproducer_2graph_DynamoThunder_cpu_None[repro],thunder/tests/test_dynamo.py::test_dynamo_reproducer_2graph_DynamoThunder_cpu_None[repro],teardown,0.0,96.42
before,25,test_dynamo_reproducer_split_DynamoThunder_cpu_None[repro],thunder/tests/test_dynamo.py::test_dynamo_reproducer_split_DynamoThunder_cpu_None[repro],teardown,0.0,96.42
before,25,test_fxreport_DynamoThunder_cpu_None[benchmark],thunder/tests/test_dynamo.py::test_fxreport_DynamoThunder_cpu_None[benchmark],teardown,0.0,96.42
before,26,test_fxreport_DynamoThunder_cpu_None[benchmark],thunder/tests/test_dynamo.py::test_fxreport_DynamoThunder_cpu_None[benchmark],call,33.86,96.81
before,26,test_dynamo_reproducer_split_DynamoThunder_cpu_None[benchmark],thunder/tests/test_dynamo.py::test_dynamo_reproducer_split_DynamoThunder_cpu_None[benchmark],call,33.0,96.81
before,26,test_dynamo_reproducer_2graph_DynamoThunder_cpu_None[benchmark],thunder/tests/test_dynamo.py::test_dynamo_reproducer_2graph_DynamoThunder_cpu_None[benchmark],call,21.04,96.81
before,26,test_dynamo_reproducer_split_DynamoThunder_cpu_None[repro],thunder/tests/test_dynamo.py::test_dynamo_reproducer_split_DynamoThunder_cpu_None[repro],call,3.92,96.81
before,26,test_fxreport_DynamoThunder_cpu_None[repro],thunder/tests/test_dynamo.py::test_fxreport_DynamoThunder_cpu_None[repro],call,2.64,96.81
before,26,test_dynamo_reproducer_2graph_DynamoThunder_cpu_None[repro],thunder/tests/test_dynamo.py::test_dynamo_reproducer_2graph_DynamoThunder_cpu_None[repro],call,2.11,96.81
before,26,test_dynamo_reproducer_split_DynamoThunder_cpu_None[repro],thunder/tests/test_dynamo.py::test_dynamo_reproducer_split_DynamoThunder_cpu_None[repro],setup,0.0,96.81
before,26,test_fxreport_DynamoThunder_cpu_None[benchmark],thunder/tests/test_dynamo.py::test_fxreport_DynamoThunder_cpu_None[benchmark],setup,0.0,96.81
before,26,test_dynamo_reproducer_split_DynamoThunder_cpu_None[benchmark],thunder/tests/test_dynamo.py::test_dynamo_reproducer_split_DynamoThunder_cpu_None[benchmark],setup,0.0,96.81
before,26,test_fxreport_DynamoThunder_cpu_None[repro],thunder/tests/test_dynamo.py::test_fxreport_DynamoThunder_cpu_None[repro],setup,0.0,96.81
before,26,test_dynamo_reproducer_2graph_DynamoThunder_cpu_None[repro],thunder/tests/test_dynamo.py::test_dynamo_reproducer_2graph_DynamoThunder_cpu_None[repro],setup,0.0,96.81
before,26,test_dynamo_reproducer_2graph_DynamoThunder_cpu_None[benchmark],thunder/tests/test_dynamo.py::test_dynamo_reproducer_2graph_DynamoThunder_cpu_None[benchmark],setup,0.0,96.81
before,26,test_dynamo_reproducer_2graph_DynamoThunder_cpu_None[benchmark],thunder/tests/test_dynamo.py::test_dynamo_reproducer_2graph_DynamoThunder_cpu_None[benchmark],teardown,0.0,96.81
before,26,test_dynamo_reproducer_split_DynamoThunder_cpu_None[repro],thunder/tests/test_dynamo.py::test_dynamo_reproducer_split_DynamoThunder_cpu_None[repro],teardown,0.0,96.81
before,26,test_dynamo_reproducer_split_DynamoThunder_cpu_None[benchmark],thunder/tests/test_dynamo.py::test_dynamo_reproducer_split_DynamoThunder_cpu_None[benchmark],teardown,0.0,96.81
before,26,test_dynamo_reproducer_2graph_DynamoThunder_cpu_None[repro],thunder/tests/test_dynamo.py::test_dynamo_reproducer_2graph_DynamoThunder_cpu_None[repro],teardown,0.0,96.81
before,26,test_fxreport_DynamoThunder_cpu_None[repro],thunder/tests/test_dynamo.py::test_fxreport_DynamoThunder_cpu_None[repro],teardown,0.0,96.81
before,26,test_fxreport_DynamoThunder_cpu_None[benchmark],thunder/tests/test_dynamo.py::test_fxreport_DynamoThunder_cpu_None[benchmark],teardown,0.0,96.81
before,27,test_fxreport_DynamoThunder_cpu_None[benchmark],thunder/tests/test_dynamo.py::test_fxreport_DynamoThunder_cpu_None[benchmark],call,33.84,95.43
before,27,test_dynamo_reproducer_split_DynamoThunder_cpu_None[benchmark],thunder/tests/test_dynamo.py::test_dynamo_reproducer_split_DynamoThunder_cpu_None[benchmark],call,32.76,95.43
before,27,test_dynamo_reproducer_2graph_DynamoThunder_cpu_None[benchmark],thunder/tests/test_dynamo.py::test_dynamo_reproducer_2graph_DynamoThunder_cpu_None[benchmark],call,20.61,95.43
before,27,test_dynamo_reproducer_split_DynamoThunder_cpu_None[repro],thunder/tests/test_dynamo.py::test_dynamo_reproducer_split_DynamoThunder_cpu_None[repro],call,3.24,95.43
before,27,test_fxreport_DynamoThunder_cpu_None[repro],thunder/tests/test_dynamo.py::test_fxreport_DynamoThunder_cpu_None[repro],call,2.64,95.43
before,27,test_dynamo_reproducer_2graph_DynamoThunder_cpu_None[repro],thunder/tests/test_dynamo.py::test_dynamo_reproducer_2graph_DynamoThunder_cpu_None[repro],call,2.09,95.43
before,27,test_fxreport_DynamoThunder_cpu_None[benchmark],thunder/tests/test_dynamo.py::test_fxreport_DynamoThunder_cpu_None[benchmark],setup,0.0,95.43
before,27,test_fxreport_DynamoThunder_cpu_None[repro],thunder/tests/test_dynamo.py::test_fxreport_DynamoThunder_cpu_None[repro],setup,0.0,95.43
before,27,test_dynamo_reproducer_split_DynamoThunder_cpu_None[repro],thunder/tests/test_dynamo.py::test_dynamo_reproducer_split_DynamoThunder_cpu_None[repro],setup,0.0,95.43
before,27,test_dynamo_reproducer_2graph_DynamoThunder_cpu_None[benchmark],thunder/tests/test_dynamo.py::test_dynamo_reproducer_2graph_DynamoThunder_cpu_None[benchmark],setup,0.0,95.43
before,27,test_dynamo_reproducer_2graph_DynamoThunder_cpu_None[repro],thunder/tests/test_dynamo.py::test_dynamo_reproducer_2graph_DynamoThunder_cpu_None[repro],setup,0.0,95.43
before,27,test_dynamo_reproducer_split_DynamoThunder_cpu_None[benchmark],thunder/tests/test_dynamo.py::test_dynamo_reproducer_split_DynamoThunder_cpu_None[benchmark],setup,0.0,95.43
before,27,test_dynamo_reproducer_2graph_DynamoThunder_cpu_None[benchmark],thunder/tests/test_dynamo.py::test_dynamo_reproducer_2graph_DynamoThunder_cpu_None[benchmark],teardown,0.0,95.43
before,27,test_fxreport_DynamoThunder_cpu_None[benchmark],thunder/tests/test_dynamo.py::test_fxreport_DynamoThunder_cpu_None[benchmark],teardown,0.0,95.43
before,27,test_dynamo_reproducer_split_DynamoThunder_cpu_None[benchmark],thunder/tests/test_dynamo.py::test_dynamo_reproducer_split_DynamoThunder_cpu_None[benchmark],teardown,0.0,95.43
before,27,test_fxreport_DynamoThunder_cpu_None[repro],thunder/tests/test_dynamo.py::test_fxreport_DynamoThunder_cpu_None[repro],teardown,0.0,95.43
before,27,test_dynamo_reproducer_2graph_DynamoThunder_cpu_None[repro],thunder/tests/test_dynamo.py::test_dynamo_reproducer_2graph_DynamoThunder_cpu_None[repro],teardown,0.0,95.43
before,27,test_dynamo_reproducer_split_DynamoThunder_cpu_None[repro],thunder/tests/test_dynamo.py::test_dynamo_reproducer_split_DynamoThunder_cpu_None[repro],teardown,0.0,95.43
before,28,test_fxreport_DynamoThunder_cpu_None[benchmark],thunder/tests/test_dynamo.py::test_fxreport_DynamoThunder_cpu_None[benchmark],call,34.69,96.49
before,28,test_dynamo_reproducer_split_DynamoThunder_cpu_None[benchmark],thunder/tests/test_dynamo.py::test_dynamo_reproducer_split_DynamoThunder_cpu_None[benchmark],call,33.11,96.49
before,28,test_dynamo_reproducer_2graph_DynamoThunder_cpu_None[benchmark],thunder/tests/test_dynamo.py::test_dynamo_reproducer_2graph_DynamoThunder_cpu_None[benchmark],call,20.54,96.49
before,28,test_dynamo_reproducer_split_DynamoThunder_cpu_None[repro],thunder/tests/test_dynamo.py::test_dynamo_reproducer_split_DynamoThunder_cpu_None[repro],call,3.02,96.49
before,28,test_fxreport_DynamoThunder_cpu_None[repro],thunder/tests/test_dynamo.py::test_fxreport_DynamoThunder_cpu_None[repro],call,2.67,96.49
before,28,test_dynamo_reproducer_2graph_DynamoThunder_cpu_None[repro],thunder/tests/test_dynamo.py::test_dynamo_reproducer_2graph_DynamoThunder_cpu_None[repro],call,2.22,96.49
before,28,test_dynamo_reproducer_2graph_DynamoThunder_cpu_None[repro],thunder/tests/test_dynamo.py::test_dynamo_reproducer_2graph_DynamoThunder_cpu_None[repro],setup,0.0,96.49
before,28,test_dynamo_reproducer_split_DynamoThunder_cpu_None[repro],thunder/tests/test_dynamo.py::test_dynamo_reproducer_split_DynamoThunder_cpu_None[repro],setup,0.0,96.49
before,28,test_dynamo_reproducer_2graph_DynamoThunder_cpu_None[benchmark],thunder/tests/test_dynamo.py::test_dynamo_reproducer_2graph_DynamoThunder_cpu_None[benchmark],setup,0.0,96.49
before,28,test_fxreport_DynamoThunder_cpu_None[repro],thunder/tests/test_dynamo.py::test_fxreport_DynamoThunder_cpu_None[repro],setup,0.0,96.49
before,28,test_dynamo_reproducer_split_DynamoThunder_cpu_None[benchmark],thunder/tests/test_dynamo.py::test_dynamo_reproducer_split_DynamoThunder_cpu_None[benchmark],setup,0.0,96.49
before,28,test_fxreport_DynamoThunder_cpu_None[benchmark],thunder/tests/test_dynamo.py::test_fxreport_DynamoThunder_cpu_None[benchmark],setup,0.0,96.49
before,28,test_fxreport_DynamoThunder_cpu_None[benchmark],thunder/tests/test_dynamo.py::test_fxreport_DynamoThunder_cpu_None[benchmark],teardown,0.0,96.49
before,28,test_dynamo_reproducer_split_DynamoThunder_cpu_None[benchmark],thunder/tests/test_dynamo.py::test_dynamo_reproducer_split_DynamoThunder_cpu_None[benchmark],teardown,0.0,96.49
before,28,test_dynamo_reproducer_2graph_DynamoThunder_cpu_None[repro],thunder/tests/test_dynamo.py::test_dynamo_reproducer_2graph_DynamoThunder_cpu_None[repro],teardown,0.0,96.49
before,28,test_fxreport_DynamoThunder_cpu_None[repro],thunder/tests/test_dynamo.py::test_fxreport_DynamoThunder_cpu_None[repro],teardown,0.0,96.49
before,28,test_dynamo_reproducer_split_DynamoThunder_cpu_None[repro],thunder/tests/test_dynamo.py::test_dynamo_reproducer_split_DynamoThunder_cpu_None[repro],teardown,0.0,96.49
before,28,test_dynamo_reproducer_2graph_DynamoThunder_cpu_None[benchmark],thunder/tests/test_dynamo.py::test_dynamo_reproducer_2graph_DynamoThunder_cpu_None[benchmark],teardown,0.0,96.49
before,29,test_dynamo_reproducer_split_DynamoThunder_cpu_None[benchmark],thunder/tests/test_dynamo.py::test_dynamo_reproducer_split_DynamoThunder_cpu_None[benchmark],call,33.83,96.28
before,29,test_fxreport_DynamoThunder_cpu_None[benchmark],thunder/tests/test_dynamo.py::test_fxreport_DynamoThunder_cpu_None[benchmark],call,31.43,96.28
before,29,test_dynamo_reproducer_2graph_DynamoThunder_cpu_None[benchmark],thunder/tests/test_dynamo.py::test_dynamo_reproducer_2graph_DynamoThunder_cpu_None[benchmark],call,21.01,96.28
before,29,test_fxreport_DynamoThunder_cpu_None[repro],thunder/tests/test_dynamo.py::test_fxreport_DynamoThunder_cpu_None[repro],call,4.71,96.28
before,29,test_dynamo_reproducer_split_DynamoThunder_cpu_None[repro],thunder/tests/test_dynamo.py::test_dynamo_reproducer_split_DynamoThunder_cpu_None[repro],call,2.96,96.28
before,29,test_dynamo_reproducer_2graph_DynamoThunder_cpu_None[repro],thunder/tests/test_dynamo.py::test_dynamo_reproducer_2graph_DynamoThunder_cpu_None[repro],call,2.09,96.28
before,29,test_dynamo_reproducer_split_DynamoThunder_cpu_None[benchmark],thunder/tests/test_dynamo.py::test_dynamo_reproducer_split_DynamoThunder_cpu_None[benchmark],setup,0.0,96.28
before,29,test_dynamo_reproducer_2graph_DynamoThunder_cpu_None[benchmark],thunder/tests/test_dynamo.py::test_dynamo_reproducer_2graph_DynamoThunder_cpu_None[benchmark],setup,0.0,96.28
before,29,test_dynamo_reproducer_split_DynamoThunder_cpu_None[repro],thunder/tests/test_dynamo.py::test_dynamo_reproducer_split_DynamoThunder_cpu_None[repro],setup,0.0,96.28
before,29,test_fxreport_DynamoThunder_cpu_None[benchmark],thunder/tests/test_dynamo.py::test_fxreport_DynamoThunder_cpu_None[benchmark],setup,0.0,96.28
before,29,test_fxreport_DynamoThunder_cpu_None[repro],thunder/tests/test_dynamo.py::test_fxreport_DynamoThunder_cpu_None[repro],setup,0.0,96.28
before,29,test_dynamo_reproducer_2graph_DynamoThunder_cpu_None[repro],thunder/tests/test_dynamo.py::test_dynamo_reproducer_2graph_DynamoThunder_cpu_None[repro],setup,0.0,96.28
before,29,test_fxreport_DynamoThunder_cpu_None[benchmark],thunder/tests/test_dynamo.py::test_fxreport_DynamoThunder_cpu_None[benchmark],teardown,0.0,96.28
before,29,test_dynamo_reproducer_split_DynamoThunder_cpu_None[repro],thunder/tests/test_dynamo.py::test_dynamo_reproducer_split_DynamoThunder_cpu_None[repro],teardown,0.0,96.28
before,29,test_fxreport_DynamoThunder_cpu_None[repro],thunder/tests/test_dynamo.py::test_fxreport_DynamoThunder_cpu_None[repro],teardown,0.0,96.28
before,29,test_dynamo_reproducer_split_DynamoThunder_cpu_None[benchmark],thunder/tests/test_dynamo.py::test_dynamo_reproducer_split_DynamoThunder_cpu_None[benchmark],teardown,0.0,96.28
before,29,test_dynamo_reproducer_2graph_DynamoThunder_cpu_None[repro],thunder/tests/test_dynamo.py::test_dynamo_reproducer_2graph_DynamoThunder_cpu_None[repro],teardown,0.0,96.28
before,29,test_dynamo_reproducer_2graph_DynamoThunder_cpu_None[benchmark],thunder/tests/test_dynamo.py::test_dynamo_reproducer_2graph_DynamoThunder_cpu_None[benchmark],teardown,0.0,96.28
before,30,test_fxreport_DynamoThunder_cpu_None[benchmark],thunder/tests/test_dynamo.py::test_fxreport_DynamoThunder_cpu_None[benchmark],call,34.56,96.63
before,30,test_dynamo_reproducer_split_DynamoThunder_cpu_None[benchmark],thunder/tests/test_dynamo.py::test_dynamo_reproducer_split_DynamoThunder_cpu_None[benchmark],call,33.17,96.63
before,30,test_dynamo_reproducer_2graph_DynamoThunder_cpu_None[benchmark],thunder/tests/test_dynamo.py::test_dynamo_reproducer_2graph_DynamoThunder_cpu_None[benchmark],call,20.73,96.63
before,30,test_dynamo_reproducer_split_DynamoThunder_cpu_None[repro],thunder/tests/test_dynamo.py::test_dynamo_reproducer_split_DynamoThunder_cpu_None[repro],call,3.21,96.63
before,30,test_fxreport_DynamoThunder_cpu_None[repro],thunder/tests/test_dynamo.py::test_fxreport_DynamoThunder_cpu_None[repro],call,2.63,96.63
before,30,test_dynamo_reproducer_2graph_DynamoThunder_cpu_None[repro],thunder/tests/test_dynamo.py::test_dynamo_reproducer_2graph_DynamoThunder_cpu_None[repro],call,2.09,96.63
before,30,test_fxreport_DynamoThunder_cpu_None[benchmark],thunder/tests/test_dynamo.py::test_fxreport_DynamoThunder_cpu_None[benchmark],setup,0.0,96.63
before,30,test_dynamo_reproducer_split_DynamoThunder_cpu_None[benchmark],thunder/tests/test_dynamo.py::test_dynamo_reproducer_split_DynamoThunder_cpu_None[benchmark],setup,0.0,96.63
before,30,test_fxreport_DynamoThunder_cpu_None[repro],thunder/tests/test_dynamo.py::test_fxreport_DynamoThunder_cpu_None[repro],setup,0.0,96.63
before,30,test_dynamo_reproducer_split_DynamoThunder_cpu_None[repro],thunder/tests/test_dynamo.py::test_dynamo_reproducer_split_DynamoThunder_cpu_None[repro],setup,0.0,96.63
before,30,test_dynamo_reproducer_2graph_DynamoThunder_cpu_None[repro],thunder/tests/test_dynamo.py::test_dynamo_reproducer_2graph_DynamoThunder_cpu_None[repro],setup,0.0,96.63
before,30,test_dynamo_reproducer_2graph_DynamoThunder_cpu_None[benchmark],thunder/tests/test_dynamo.py::test_dynamo_reproducer_2graph_DynamoThunder_cpu_None[benchmark],setup,0.0,96.63
before,30,test_dynamo_reproducer_split_DynamoThunder_cpu_None[benchmark],thunder/tests/test_dynamo.py::test_dynamo_reproducer_split_DynamoThunder_cpu_None[benchmark],teardown,0.0,96.63
before,30,test_dynamo_reproducer_2graph_DynamoThunder_cpu_None[repro],thunder/tests/test_dynamo.py::test_dynamo_reproducer_2graph_DynamoThunder_cpu_None[repro],teardown,0.0,96.63
before,30,test_dynamo_reproducer_2graph_DynamoThunder_cpu_None[benchmark],thunder/tests/test_dynamo.py::test_dynamo_reproducer_2graph_DynamoThunder_cpu_None[benchmark],teardown,0.0,96.63
before,30,test_fxreport_DynamoThunder_cpu_None[repro],thunder/tests/test_dynamo.py::test_fxreport_DynamoThunder_cpu_None[repro],teardown,0.0,96.63
before,30,test_fxreport_DynamoThunder_cpu_None[benchmark],thunder/tests/test_dynamo.py::test_fxreport_DynamoThunder_cpu_None[benchmark],teardown,0.0,96.63
before,30,test_dynamo_reproducer_split_DynamoThunder_cpu_None[repro],thunder/tests/test_dynamo.py::test_dynamo_reproducer_split_DynamoThunder_cpu_None[repro],teardown,0.0,96.63
before,31,test_dynamo_reproducer_split_DynamoThunder_cpu_None[benchmark],thunder/tests/test_dynamo.py::test_dynamo_reproducer_split_DynamoThunder_cpu_None[benchmark],call,33.86,95.91
before,31,test_fxreport_DynamoThunder_cpu_None[benchmark],thunder/tests/test_dynamo.py::test_fxreport_DynamoThunder_cpu_None[benchmark],call,31.41,95.91
before,31,test_dynamo_reproducer_2graph_DynamoThunder_cpu_None[benchmark],thunder/tests/test_dynamo.py::test_dynamo_reproducer_2graph_DynamoThunder_cpu_None[benchmark],call,20.63,95.91
before,31,test_fxreport_DynamoThunder_cpu_None[repro],thunder/tests/test_dynamo.py::test_fxreport_DynamoThunder_cpu_None[repro],call,4.49,95.91
before,31,test_dynamo_reproducer_split_DynamoThunder_cpu_None[repro],thunder/tests/test_dynamo.py::test_dynamo_reproducer_split_DynamoThunder_cpu_None[repro],call,3.17,95.91
before,31,test_dynamo_reproducer_2graph_DynamoThunder_cpu_None[repro],thunder/tests/test_dynamo.py::test_dynamo_reproducer_2graph_DynamoThunder_cpu_None[repro],call,2.11,95.91
before,31,test_fxreport_DynamoThunder_cpu_None[benchmark],thunder/tests/test_dynamo.py::test_fxreport_DynamoThunder_cpu_None[benchmark],teardown,0.0,95.91
before,31,test_dynamo_reproducer_2graph_DynamoThunder_cpu_None[benchmark],thunder/tests/test_dynamo.py::test_dynamo_reproducer_2graph_DynamoThunder_cpu_None[benchmark],setup,0.0,95.91
before,31,test_fxreport_DynamoThunder_cpu_None[repro],thunder/tests/test_dynamo.py::test_fxreport_DynamoThunder_cpu_None[repro],setup,0.0,95.91
before,31,test_fxreport_DynamoThunder_cpu_None[benchmark],thunder/tests/test_dynamo.py::test_fxreport_DynamoThunder_cpu_None[benchmark],setup,0.0,95.91
before,31,test_dynamo_reproducer_split_DynamoThunder_cpu_None[repro],thunder/tests/test_dynamo.py::test_dynamo_reproducer_split_DynamoThunder_cpu_None[repro],setup,0.0,95.91
before,31,test_dynamo_reproducer_split_DynamoThunder_cpu_None[benchmark],thunder/tests/test_dynamo.py::test_dynamo_reproducer_split_DynamoThunder_cpu_None[benchmark],setup,0.0,95.91
before,31,test_dynamo_reproducer_2graph_DynamoThunder_cpu_None[repro],thunder/tests/test_dynamo.py::test_dynamo_reproducer_2graph_DynamoThunder_cpu_None[repro],setup,0.0,95.91
before,31,test_dynamo_reproducer_split_DynamoThunder_cpu_None[benchmark],thunder/tests/test_dynamo.py::test_dynamo_reproducer_split_DynamoThunder_cpu_None[benchmark],teardown,0.0,95.91
before,31,test_dynamo_reproducer_2graph_DynamoThunder_cpu_None[benchmark],thunder/tests/test_dynamo.py::test_dynamo_reproducer_2graph_DynamoThunder_cpu_None[benchmark],teardown,0.0,95.91
before,31,test_dynamo_reproducer_2graph_DynamoThunder_cpu_None[repro],thunder/tests/test_dynamo.py::test_dynamo_reproducer_2graph_DynamoThunder_cpu_None[repro],teardown,0.0,95.91
before,31,test_fxreport_DynamoThunder_cpu_None[repro],thunder/tests/test_dynamo.py::test_fxreport_DynamoThunder_cpu_None[repro],teardown,0.0,95.91
before,31,test_dynamo_reproducer_split_DynamoThunder_cpu_None[repro],thunder/tests/test_dynamo.py::test_dynamo_reproducer_split_DynamoThunder_cpu_None[repro],teardown,0.0,95.91
before,32,test_fxreport_DynamoThunder_cpu_None[benchmark],thunder/tests/test_dynamo.py::test_fxreport_DynamoThunder_cpu_None[benchmark],call,33.91,95.73
before,32,test_dynamo_reproducer_split_DynamoThunder_cpu_None[benchmark],thunder/tests/test_dynamo.py::test_dynamo_reproducer_split_DynamoThunder_cpu_None[benchmark],call,32.71,95.73
before,32,test_dynamo_reproducer_2graph_DynamoThunder_cpu_None[benchmark],thunder/tests/test_dynamo.py::test_dynamo_reproducer_2graph_DynamoThunder_cpu_None[benchmark],call,20.91,95.73
before,32,test_dynamo_reproducer_split_DynamoThunder_cpu_None[repro],thunder/tests/test_dynamo.py::test_dynamo_reproducer_split_DynamoThunder_cpu_None[repro],call,2.97,95.73
before,32,test_fxreport_DynamoThunder_cpu_None[repro],thunder/tests/test_dynamo.py::test_fxreport_DynamoThunder_cpu_None[repro],call,2.66,95.73
before,32,test_dynamo_reproducer_2graph_DynamoThunder_cpu_None[repro],thunder/tests/test_dynamo.py::test_dynamo_reproducer_2graph_DynamoThunder_cpu_None[repro],call,2.33,95.73
before,32,test_fxreport_DynamoThunder_cpu_None[benchmark],thunder/tests/test_dynamo.py::test_fxreport_DynamoThunder_cpu_None[benchmark],setup,0.0,95.73
before,32,test_dynamo_reproducer_split_DynamoThunder_cpu_None[repro],thunder/tests/test_dynamo.py::test_dynamo_reproducer_split_DynamoThunder_cpu_None[repro],setup,0.0,95.73
before,32,test_dynamo_reproducer_2graph_DynamoThunder_cpu_None[repro],thunder/tests/test_dynamo.py::test_dynamo_reproducer_2graph_DynamoThunder_cpu_None[repro],setup,0.0,95.73
before,32,test_fxreport_DynamoThunder_cpu_None[repro],thunder/tests/test_dynamo.py::test_fxreport_DynamoThunder_cpu_None[repro],setup,0.0,95.73
before,32,test_dynamo_reproducer_2graph_DynamoThunder_cpu_None[benchmark],thunder/tests/test_dynamo.py::test_dynamo_reproducer_2graph_DynamoThunder_cpu_None[benchmark],setup,0.0,95.73
before,32,test_dynamo_reproducer_split_DynamoThunder_cpu_None[benchmark],thunder/tests/test_dynamo.py::test_dynamo_reproducer_split_DynamoThunder_cpu_None[benchmark],setup,0.0,95.73
before,32,test_dynamo_reproducer_split_DynamoThunder_cpu_None[repro],thunder/tests/test_dynamo.py::test_dynamo_reproducer_split_DynamoThunder_cpu_None[repro],teardown,0.0,95.73
before,32,test_dynamo_reproducer_2graph_DynamoThunder_cpu_None[repro],thunder/tests/test_dynamo.py::test_dynamo_reproducer_2graph_DynamoThunder_cpu_None[repro],teardown,0.0,95.73
before,32,test_fxreport_DynamoThunder_cpu_None[repro],thunder/tests/test_dynamo.py::test_fxreport_DynamoThunder_cpu_None[repro],teardown,0.0,95.73
before,32,test_dynamo_reproducer_split_DynamoThunder_cpu_None[benchmark],thunder/tests/test_dynamo.py::test_dynamo_reproducer_split_DynamoThunder_cpu_None[benchmark],teardown,0.0,95.73
before,32,test_dynamo_reproducer_2graph_DynamoThunder_cpu_None[benchmark],thunder/tests/test_dynamo.py::test_dynamo_reproducer_2graph_DynamoThunder_cpu_None[benchmark],teardown,0.0,95.73
before,32,test_fxreport_DynamoThunder_cpu_None[benchmark],thunder/tests/test_dynamo.py::test_fxreport_DynamoThunder_cpu_None[benchmark],teardown,0.0,95.73
before,33,test_fxreport_DynamoThunder_cpu_None[benchmark],thunder/tests/test_dynamo.py::test_fxreport_DynamoThunder_cpu_None[benchmark],call,33.98,95.84
before,33,test_dynamo_reproducer_split_DynamoThunder_cpu_None[benchmark],thunder/tests/test_dynamo.py::test_dynamo_reproducer_split_DynamoThunder_cpu_None[benchmark],call,33.03,95.84
before,33,test_dynamo_reproducer_2graph_DynamoThunder_cpu_None[benchmark],thunder/tests/test_dynamo.py::test_dynamo_reproducer_2graph_DynamoThunder_cpu_None[benchmark],call,20.63,95.84
before,33,test_dynamo_reproducer_split_DynamoThunder_cpu_None[repro],thunder/tests/test_dynamo.py::test_dynamo_reproducer_split_DynamoThunder_cpu_None[repro],call,3.22,95.84
before,33,test_fxreport_DynamoThunder_cpu_None[repro],thunder/tests/test_dynamo.py::test_fxreport_DynamoThunder_cpu_None[repro],call,2.65,95.84
before,33,test_dynamo_reproducer_2graph_DynamoThunder_cpu_None[repro],thunder/tests/test_dynamo.py::test_dynamo_reproducer_2graph_DynamoThunder_cpu_None[repro],call,2.09,95.84
before,33,test_fxreport_DynamoThunder_cpu_None[benchmark],thunder/tests/test_dynamo.py::test_fxreport_DynamoThunder_cpu_None[benchmark],setup,0.0,95.84
before,33,test_fxreport_DynamoThunder_cpu_None[repro],thunder/tests/test_dynamo.py::test_fxreport_DynamoThunder_cpu_None[repro],setup,0.0,95.84
before,33,test_dynamo_reproducer_2graph_DynamoThunder_cpu_None[repro],thunder/tests/test_dynamo.py::test_dynamo_reproducer_2graph_DynamoThunder_cpu_None[repro],setup,0.0,95.84
before,33,test_dynamo_reproducer_split_DynamoThunder_cpu_None[benchmark],thunder/tests/test_dynamo.py::test_dynamo_reproducer_split_DynamoThunder_cpu_None[benchmark],setup,0.0,95.84
before,33,test_dynamo_reproducer_2graph_DynamoThunder_cpu_None[benchmark],thunder/tests/test_dynamo.py::test_dynamo_reproducer_2graph_DynamoThunder_cpu_None[benchmark],setup,0.0,95.84
before,33,test_dynamo_reproducer_split_DynamoThunder_cpu_None[repro],thunder/tests/test_dynamo.py::test_dynamo_reproducer_split_DynamoThunder_cpu_None[repro],setup,0.0,95.84
before,33,test_dynamo_reproducer_2graph_DynamoThunder_cpu_None[benchmark],thunder/tests/test_dynamo.py::test_dynamo_reproducer_2graph_DynamoThunder_cpu_None[benchmark],teardown,0.0,95.84
before,33,test_fxreport_DynamoThunder_cpu_None[benchmark],thunder/tests/test_dynamo.py::test_fxreport_DynamoThunder_cpu_None[benchmark],teardown,0.0,95.84
before,33,test_dynamo_reproducer_2graph_DynamoThunder_cpu_None[repro],thunder/tests/test_dynamo.py::test_dynamo_reproducer_2graph_DynamoThunder_cpu_None[repro],teardown,0.0,95.84
before,33,test_fxreport_DynamoThunder_cpu_None[repro],thunder/tests/test_dynamo.py::test_fxreport_DynamoThunder_cpu_None[repro],teardown,0.0,95.84
before,33,test_dynamo_reproducer_split_DynamoThunder_cpu_None[benchmark],thunder/tests/test_dynamo.py::test_dynamo_reproducer_split_DynamoThunder_cpu_None[benchmark],teardown,0.0,95.84
before,33,test_dynamo_reproducer_split_DynamoThunder_cpu_None[repro],thunder/tests/test_dynamo.py::test_dynamo_reproducer_split_DynamoThunder_cpu_None[repro],teardown,0.0,95.84
before,34,test_dynamo_reproducer_split_DynamoThunder_cpu_None[benchmark],thunder/tests/test_dynamo.py::test_dynamo_reproducer_split_DynamoThunder_cpu_None[benchmark],call,33.43,96.28
before,34,test_fxreport_DynamoThunder_cpu_None[benchmark],thunder/tests/test_dynamo.py::test_fxreport_DynamoThunder_cpu_None[benchmark],call,33.35,96.28
before,34,test_dynamo_reproducer_2graph_DynamoThunder_cpu_None[benchmark],thunder/tests/test_dynamo.py::test_dynamo_reproducer_2graph_DynamoThunder_cpu_None[benchmark],call,20.66,96.28
before,34,test_dynamo_reproducer_split_DynamoThunder_cpu_None[repro],thunder/tests/test_dynamo.py::test_dynamo_reproducer_split_DynamoThunder_cpu_None[repro],call,3.87,96.28
before,34,test_fxreport_DynamoThunder_cpu_None[repro],thunder/tests/test_dynamo.py::test_fxreport_DynamoThunder_cpu_None[repro],call,2.66,96.28
before,34,test_dynamo_reproducer_2graph_DynamoThunder_cpu_None[repro],thunder/tests/test_dynamo.py::test_dynamo_reproducer_2graph_DynamoThunder_cpu_None[repro],call,2.07,96.28
before,34,test_dynamo_reproducer_split_DynamoThunder_cpu_None[repro],thunder/tests/test_dynamo.py::test_dynamo_reproducer_split_DynamoThunder_cpu_None[repro],setup,0.0,96.28
before,34,test_fxreport_DynamoThunder_cpu_None[benchmark],thunder/tests/test_dynamo.py::test_fxreport_DynamoThunder_cpu_None[benchmark],setup,0.0,96.28
before,34,test_fxreport_DynamoThunder_cpu_None[repro],thunder/tests/test_dynamo.py::test_fxreport_DynamoThunder_cpu_None[repro],setup,0.0,96.28
before,34,test_dynamo_reproducer_split_DynamoThunder_cpu_None[benchmark],thunder/tests/test_dynamo.py::test_dynamo_reproducer_split_DynamoThunder_cpu_None[benchmark],setup,0.0,96.28
before,34,test_dynamo_reproducer_2graph_DynamoThunder_cpu_None[repro],thunder/tests/test_dynamo.py::test_dynamo_reproducer_2graph_DynamoThunder_cpu_None[repro],setup,0.0,96.28
before,34,test_dynamo_reproducer_2graph_DynamoThunder_cpu_None[benchmark],thunder/tests/test_dynamo.py::test_dynamo_reproducer_2graph_DynamoThunder_cpu_None[benchmark],setup,0.0,96.28
before,34,test_fxreport_DynamoThunder_cpu_None[repro],thunder/tests/test_dynamo.py::test_fxreport_DynamoThunder_cpu_None[repro],teardown,0.0,96.28
before,34,test_dynamo_reproducer_split_DynamoThunder_cpu_None[repro],thunder/tests/test_dynamo.py::test_dynamo_reproducer_split_DynamoThunder_cpu_None[repro],teardown,0.0,96.28
before,34,test_dynamo_reproducer_2graph_DynamoThunder_cpu_None[benchmark],thunder/tests/test_dynamo.py::test_dynamo_reproducer_2graph_DynamoThunder_cpu_None[benchmark],teardown,0.0,96.28
before,34,test_fxreport_DynamoThunder_cpu_None[benchmark],thunder/tests/test_dynamo.py::test_fxreport_DynamoThunder_cpu_None[benchmark],teardown,0.0,96.28
before,34,test_dynamo_reproducer_2graph_DynamoThunder_cpu_None[repro],thunder/tests/test_dynamo.py::test_dynamo_reproducer_2graph_DynamoThunder_cpu_None[repro],teardown,0.0,96.28
before,34,test_dynamo_reproducer_split_DynamoThunder_cpu_None[benchmark],thunder/tests/test_dynamo.py::test_dynamo_reproducer_split_DynamoThunder_cpu_None[benchmark],teardown,0.0,96.28
before,35,test_fxreport_DynamoThunder_cpu_None[benchmark],thunder/tests/test_dynamo.py::test_fxreport_DynamoThunder_cpu_None[benchmark],call,33.83,95.59
before,35,test_dynamo_reproducer_split_DynamoThunder_cpu_None[benchmark],thunder/tests/test_dynamo.py::test_dynamo_reproducer_split_DynamoThunder_cpu_None[benchmark],call,32.88,95.59
before,35,test_dynamo_reproducer_2graph_DynamoThunder_cpu_None[benchmark],thunder/tests/test_dynamo.py::test_dynamo_reproducer_2graph_DynamoThunder_cpu_None[benchmark],call,20.78,95.59
before,35,test_dynamo_reproducer_split_DynamoThunder_cpu_None[repro],thunder/tests/test_dynamo.py::test_dynamo_reproducer_split_DynamoThunder_cpu_None[repro],call,3.01,95.59
before,35,test_fxreport_DynamoThunder_cpu_None[repro],thunder/tests/test_dynamo.py::test_fxreport_DynamoThunder_cpu_None[repro],call,2.65,95.59
before,35,test_dynamo_reproducer_2graph_DynamoThunder_cpu_None[repro],thunder/tests/test_dynamo.py::test_dynamo_reproducer_2graph_DynamoThunder_cpu_None[repro],call,2.2,95.59
before,35,test_dynamo_reproducer_2graph_DynamoThunder_cpu_None[repro],thunder/tests/test_dynamo.py::test_dynamo_reproducer_2graph_DynamoThunder_cpu_None[repro],setup,0.0,95.59
before,35,test_dynamo_reproducer_2graph_DynamoThunder_cpu_None[benchmark],thunder/tests/test_dynamo.py::test_dynamo_reproducer_2graph_DynamoThunder_cpu_None[benchmark],setup,0.0,95.59
before,35,test_fxreport_DynamoThunder_cpu_None[repro],thunder/tests/test_dynamo.py::test_fxreport_DynamoThunder_cpu_None[repro],setup,0.0,95.59
before,35,test_fxreport_DynamoThunder_cpu_None[benchmark],thunder/tests/test_dynamo.py::test_fxreport_DynamoThunder_cpu_None[benchmark],setup,0.0,95.59
before,35,test_dynamo_reproducer_split_DynamoThunder_cpu_None[benchmark],thunder/tests/test_dynamo.py::test_dynamo_reproducer_split_DynamoThunder_cpu_None[benchmark],setup,0.0,95.59
before,35,test_dynamo_reproducer_split_DynamoThunder_cpu_None[repro],thunder/tests/test_dynamo.py::test_dynamo_reproducer_split_DynamoThunder_cpu_None[repro],setup,0.0,95.59
before,35,test_dynamo_reproducer_split_DynamoThunder_cpu_None[benchmark],thunder/tests/test_dynamo.py::test_dynamo_reproducer_split_DynamoThunder_cpu_None[benchmark],teardown,0.0,95.59
before,35,test_dynamo_reproducer_2graph_DynamoThunder_cpu_None[benchmark],thunder/tests/test_dynamo.py::test_dynamo_reproducer_2graph_DynamoThunder_cpu_None[benchmark],teardown,0.0,95.59
before,35,test_fxreport_DynamoThunder_cpu_None[benchmark],thunder/tests/test_dynamo.py::test_fxreport_DynamoThunder_cpu_None[benchmark],teardown,0.0,95.59
before,35,test_fxreport_DynamoThunder_cpu_None[repro],thunder/tests/test_dynamo.py::test_fxreport_DynamoThunder_cpu_None[repro],teardown,0.0,95.59
before,35,test_dynamo_reproducer_split_DynamoThunder_cpu_None[repro],thunder/tests/test_dynamo.py::test_dynamo_reproducer_split_DynamoThunder_cpu_None[repro],teardown,0.0,95.59
before,35,test_dynamo_reproducer_2graph_DynamoThunder_cpu_None[repro],thunder/tests/test_dynamo.py::test_dynamo_reproducer_2graph_DynamoThunder_cpu_None[repro],teardown,0.0,95.59
before,36,test_dynamo_reproducer_split_DynamoThunder_cpu_None[benchmark],thunder/tests/test_dynamo.py::test_dynamo_reproducer_split_DynamoThunder_cpu_None[benchmark],call,34.04,96.4
before,36,test_fxreport_DynamoThunder_cpu_None[benchmark],thunder/tests/test_dynamo.py::test_fxreport_DynamoThunder_cpu_None[benchmark],call,33.63,96.4
before,36,test_dynamo_reproducer_2graph_DynamoThunder_cpu_None[benchmark],thunder/tests/test_dynamo.py::test_dynamo_reproducer_2graph_DynamoThunder_cpu_None[benchmark],call,20.68,96.4
before,36,test_dynamo_reproducer_split_DynamoThunder_cpu_None[repro],thunder/tests/test_dynamo.py::test_dynamo_reproducer_split_DynamoThunder_cpu_None[repro],call,2.98,96.4
before,36,test_fxreport_DynamoThunder_cpu_None[repro],thunder/tests/test_dynamo.py::test_fxreport_DynamoThunder_cpu_None[repro],call,2.64,96.4
before,36,test_dynamo_reproducer_2graph_DynamoThunder_cpu_None[repro],thunder/tests/test_dynamo.py::test_dynamo_reproducer_2graph_DynamoThunder_cpu_None[repro],call,2.2,96.4
before,36,test_dynamo_reproducer_2graph_DynamoThunder_cpu_None[repro],thunder/tests/test_dynamo.py::test_dynamo_reproducer_2graph_DynamoThunder_cpu_None[repro],setup,0.0,96.4
before,36,test_fxreport_DynamoThunder_cpu_None[benchmark],thunder/tests/test_dynamo.py::test_fxreport_DynamoThunder_cpu_None[benchmark],setup,0.0,96.4
before,36,test_dynamo_reproducer_2graph_DynamoThunder_cpu_None[benchmark],thunder/tests/test_dynamo.py::test_dynamo_reproducer_2graph_DynamoThunder_cpu_None[benchmark],setup,0.0,96.4
before,36,test_fxreport_DynamoThunder_cpu_None[repro],thunder/tests/test_dynamo.py::test_fxreport_DynamoThunder_cpu_None[repro],setup,0.0,96.4
before,36,test_dynamo_reproducer_split_DynamoThunder_cpu_None[repro],thunder/tests/test_dynamo.py::test_dynamo_reproducer_split_DynamoThunder_cpu_None[repro],setup,0.0,96.4
before,36,test_dynamo_reproducer_split_DynamoThunder_cpu_None[benchmark],thunder/tests/test_dynamo.py::test_dynamo_reproducer_split_DynamoThunder_cpu_None[benchmark],setup,0.0,96.4
before,36,test_dynamo_reproducer_2graph_DynamoThunder_cpu_None[benchmark],thunder/tests/test_dynamo.py::test_dynamo_reproducer_2graph_DynamoThunder_cpu_None[benchmark],teardown,0.0,96.4
before,36,test_dynamo_reproducer_2graph_DynamoThunder_cpu_None[repro],thunder/tests/test_dynamo.py::test_dynamo_reproducer_2graph_DynamoThunder_cpu_None[repro],teardown,0.0,96.4
before,36,test_fxreport_DynamoThunder_cpu_None[benchmark],thunder/tests/test_dynamo.py::test_fxreport_DynamoThunder_cpu_None[benchmark],teardown,0.0,96.4
before,36,test_dynamo_reproducer_split_DynamoThunder_cpu_None[benchmark],thunder/tests/test_dynamo.py::test_dynamo_reproducer_split_DynamoThunder_cpu_None[benchmark],teardown,0.0,96.4
before,36,test_fxreport_DynamoThunder_cpu_None[repro],thunder/tests/test_dynamo.py::test_fxreport_DynamoThunder_cpu_None[repro],teardown,0.0,96.4
before,36,test_dynamo_reproducer_split_DynamoThunder_cpu_None[repro],thunder/tests/test_dynamo.py::test_dynamo_reproducer_split_DynamoThunder_cpu_None[repro],teardown,0.0,96.4
before,37,test_fxreport_DynamoThunder_cpu_None[benchmark],thunder/tests/test_dynamo.py::test_fxreport_DynamoThunder_cpu_None[benchmark],call,33.98,96.0
before,37,test_dynamo_reproducer_split_DynamoThunder_cpu_None[benchmark],thunder/tests/test_dynamo.py::test_dynamo_reproducer_split_DynamoThunder_cpu_None[benchmark],call,33.13,96.0
before,37,test_dynamo_reproducer_2graph_DynamoThunder_cpu_None[benchmark],thunder/tests/test_dynamo.py::test_dynamo_reproducer_2graph_DynamoThunder_cpu_None[benchmark],call,20.86,96.0
before,37,test_dynamo_reproducer_split_DynamoThunder_cpu_None[repro],thunder/tests/test_dynamo.py::test_dynamo_reproducer_split_DynamoThunder_cpu_None[repro],call,2.96,96.0
before,37,test_fxreport_DynamoThunder_cpu_None[repro],thunder/tests/test_dynamo.py::test_fxreport_DynamoThunder_cpu_None[repro],call,2.64,96.0
before,37,test_dynamo_reproducer_2graph_DynamoThunder_cpu_None[repro],thunder/tests/test_dynamo.py::test_dynamo_reproducer_2graph_DynamoThunder_cpu_None[repro],call,2.18,96.0
before,37,test_dynamo_reproducer_2graph_DynamoThunder_cpu_None[repro],thunder/tests/test_dynamo.py::test_dynamo_reproducer_2graph_DynamoThunder_cpu_None[repro],setup,0.0,96.0
before,37,test_dynamo_reproducer_split_DynamoThunder_cpu_None[benchmark],thunder/tests/test_dynamo.py::test_dynamo_reproducer_split_DynamoThunder_cpu_None[benchmark],setup,0.0,96.0
before,37,test_fxreport_DynamoThunder_cpu_None[repro],thunder/tests/test_dynamo.py::test_fxreport_DynamoThunder_cpu_None[repro],setup,0.0,96.0
before,37,test_dynamo_reproducer_split_DynamoThunder_cpu_None[repro],thunder/tests/test_dynamo.py::test_dynamo_reproducer_split_DynamoThunder_cpu_None[repro],setup,0.0,96.0
before,37,test_fxreport_DynamoThunder_cpu_None[benchmark],thunder/tests/test_dynamo.py::test_fxreport_DynamoThunder_cpu_None[benchmark],setup,0.0,96.0
before,37,test_dynamo_reproducer_2graph_DynamoThunder_cpu_None[benchmark],thunder/tests/test_dynamo.py::test_dynamo_reproducer_2graph_DynamoThunder_cpu_None[benchmark],setup,0.0,96.0
before,37,test_dynamo_reproducer_2graph_DynamoThunder_cpu_None[benchmark],thunder/tests/test_dynamo.py::test_dynamo_reproducer_2graph_DynamoThunder_cpu_None[benchmark],teardown,0.0,96.0
before,37,test_dynamo_reproducer_split_DynamoThunder_cpu_None[benchmark],thunder/tests/test_dynamo.py::test_dynamo_reproducer_split_DynamoThunder_cpu_None[benchmark],teardown,0.0,96.0
before,37,test_dynamo_reproducer_split_DynamoThunder_cpu_None[repro],thunder/tests/test_dynamo.py::test_dynamo_reproducer_split_DynamoThunder_cpu_None[repro],teardown,0.0,96.0
before,37,test_fxreport_DynamoThunder_cpu_None[benchmark],thunder/tests/test_dynamo.py::test_fxreport_DynamoThunder_cpu_None[benchmark],teardown,0.0,96.0
before,37,test_fxreport_DynamoThunder_cpu_None[repro],thunder/tests/test_dynamo.py::test_fxreport_DynamoThunder_cpu_None[repro],teardown,0.0,96.0
before,37,test_dynamo_reproducer_2graph_DynamoThunder_cpu_None[repro],thunder/tests/test_dynamo.py::test_dynamo_reproducer_2graph_DynamoThunder_cpu_None[repro],teardown,0.0,96.0
before,38,test_dynamo_reproducer_split_DynamoThunder_cpu_None[benchmark],thunder/tests/test_dynamo.py::test_dynamo_reproducer_split_DynamoThunder_cpu_None[benchmark],call,33.14,96.61
before,38,test_fxreport_DynamoThunder_cpu_None[benchmark],thunder/tests/test_dynamo.py::test_fxreport_DynamoThunder_cpu_None[benchmark],call,31.68,96.61
before,38,test_dynamo_reproducer_2graph_DynamoThunder_cpu_None[benchmark],thunder/tests/test_dynamo.py::test_dynamo_reproducer_2graph_DynamoThunder_cpu_None[benchmark],call,20.95,96.61
before,38,test_fxreport_DynamoThunder_cpu_None[repro],thunder/tests/test_dynamo.py::test_fxreport_DynamoThunder_cpu_None[repro],call,4.64,96.61
before,38,test_dynamo_reproducer_split_DynamoThunder_cpu_None[repro],thunder/tests/test_dynamo.py::test_dynamo_reproducer_split_DynamoThunder_cpu_None[repro],call,3.88,96.61
before,38,test_dynamo_reproducer_2graph_DynamoThunder_cpu_None[repro],thunder/tests/test_dynamo.py::test_dynamo_reproducer_2graph_DynamoThunder_cpu_None[repro],call,2.09,96.61
before,38,test_dynamo_reproducer_2graph_DynamoThunder_cpu_None[repro],thunder/tests/test_dynamo.py::test_dynamo_reproducer_2graph_DynamoThunder_cpu_None[repro],setup,0.0,96.61
before,38,test_dynamo_reproducer_split_DynamoThunder_cpu_None[repro],thunder/tests/test_dynamo.py::test_dynamo_reproducer_split_DynamoThunder_cpu_None[repro],setup,0.0,96.61
before,38,test_dynamo_reproducer_split_DynamoThunder_cpu_None[benchmark],thunder/tests/test_dynamo.py::test_dynamo_reproducer_split_DynamoThunder_cpu_None[benchmark],setup,0.0,96.61
before,38,test_fxreport_DynamoThunder_cpu_None[benchmark],thunder/tests/test_dynamo.py::test_fxreport_DynamoThunder_cpu_None[benchmark],setup,0.0,96.61
before,38,test_fxreport_DynamoThunder_cpu_None[repro],thunder/tests/test_dynamo.py::test_fxreport_DynamoThunder_cpu_None[repro],setup,0.0,96.61
before,38,test_dynamo_reproducer_2graph_DynamoThunder_cpu_None[benchmark],thunder/tests/test_dynamo.py::test_dynamo_reproducer_2graph_DynamoThunder_cpu_None[benchmark],setup,0.0,96.61
before,38,test_dynamo_reproducer_split_DynamoThunder_cpu_None[benchmark],thunder/tests/test_dynamo.py::test_dynamo_reproducer_split_DynamoThunder_cpu_None[benchmark],teardown,0.0,96.61
before,38,test_fxreport_DynamoThunder_cpu_None[benchmark],thunder/tests/test_dynamo.py::test_fxreport_DynamoThunder_cpu_None[benchmark],teardown,0.0,96.61
before,38,test_dynamo_reproducer_split_DynamoThunder_cpu_None[repro],thunder/tests/test_dynamo.py::test_dynamo_reproducer_split_DynamoThunder_cpu_None[repro],teardown,0.0,96.61
before,38,test_fxreport_DynamoThunder_cpu_None[repro],thunder/tests/test_dynamo.py::test_fxreport_DynamoThunder_cpu_None[repro],teardown,0.0,96.61
before,38,test_dynamo_reproducer_2graph_DynamoThunder_cpu_None[benchmark],thunder/tests/test_dynamo.py::test_dynamo_reproducer_2graph_DynamoThunder_cpu_None[benchmark],teardown,0.0,96.61
before,38,test_dynamo_reproducer_2graph_DynamoThunder_cpu_None[repro],thunder/tests/test_dynamo.py::test_dynamo_reproducer_2graph_DynamoThunder_cpu_None[repro],teardown,0.0,96.61
before,39,test_dynamo_reproducer_split_DynamoThunder_cpu_None[benchmark],thunder/tests/test_dynamo.py::test_dynamo_reproducer_split_DynamoThunder_cpu_None[benchmark],call,33.38,96.69
before,39,test_fxreport_DynamoThunder_cpu_None[benchmark],thunder/tests/test_dynamo.py::test_fxreport_DynamoThunder_cpu_None[benchmark],call,31.54,96.69
before,39,test_dynamo_reproducer_2graph_DynamoThunder_cpu_None[benchmark],thunder/tests/test_dynamo.py::test_dynamo_reproducer_2graph_DynamoThunder_cpu_None[benchmark],call,20.9,96.69
before,39,test_fxreport_DynamoThunder_cpu_None[repro],thunder/tests/test_dynamo.py::test_fxreport_DynamoThunder_cpu_None[repro],call,5.34,96.69
before,39,test_dynamo_reproducer_split_DynamoThunder_cpu_None[repro],thunder/tests/test_dynamo.py::test_dynamo_reproducer_split_DynamoThunder_cpu_None[repro],call,3.19,96.69
before,39,test_dynamo_reproducer_2graph_DynamoThunder_cpu_None[repro],thunder/tests/test_dynamo.py::test_dynamo_reproducer_2graph_DynamoThunder_cpu_None[repro],call,2.08,96.69
before,39,test_fxreport_DynamoThunder_cpu_None[repro],thunder/tests/test_dynamo.py::test_fxreport_DynamoThunder_cpu_None[repro],setup,0.0,96.69
before,39,test_dynamo_reproducer_split_DynamoThunder_cpu_None[repro],thunder/tests/test_dynamo.py::test_dynamo_reproducer_split_DynamoThunder_cpu_None[repro],setup,0.0,96.69
before,39,test_fxreport_DynamoThunder_cpu_None[benchmark],thunder/tests/test_dynamo.py::test_fxreport_DynamoThunder_cpu_None[benchmark],setup,0.0,96.69
before,39,test_dynamo_reproducer_2graph_DynamoThunder_cpu_None[benchmark],thunder/tests/test_dynamo.py::test_dynamo_reproducer_2graph_DynamoThunder_cpu_None[benchmark],setup,0.0,96.69
before,39,test_dynamo_reproducer_2graph_DynamoThunder_cpu_None[repro],thunder/tests/test_dynamo.py::test_dynamo_reproducer_2graph_DynamoThunder_cpu_None[repro],setup,0.0,96.69
before,39,test_dynamo_reproducer_split_DynamoThunder_cpu_None[benchmark],thunder/tests/test_dynamo.py::test_dynamo_reproducer_split_DynamoThunder_cpu_None[benchmark],setup,0.0,96.69
before,39,test_dynamo_reproducer_2graph_DynamoThunder_cpu_None[benchmark],thunder/tests/test_dynamo.py::test_dynamo_reproducer_2graph_DynamoThunder_cpu_None[benchmark],teardown,0.0,96.69
before,39,test_fxreport_DynamoThunder_cpu_None[benchmark],thunder/tests/test_dynamo.py::test_fxreport_DynamoThunder_cpu_None[benchmark],teardown,0.0,96.69
before,39,test_dynamo_reproducer_2graph_DynamoThunder_cpu_None[repro],thunder/tests/test_dynamo.py::test_dynamo_reproducer_2graph_DynamoThunder_cpu_None[repro],teardown,0.0,96.69
before,39,test_dynamo_reproducer_split_DynamoThunder_cpu_None[repro],thunder/tests/test_dynamo.py::test_dynamo_reproducer_split_DynamoThunder_cpu_None[repro],teardown,0.0,96.69
before,39,test_dynamo_reproducer_split_DynamoThunder_cpu_None[benchmark],thunder/tests/test_dynamo.py::test_dynamo_reproducer_split_DynamoThunder_cpu_None[benchmark],teardown,0.0,96.69
before,39,test_fxreport_DynamoThunder_cpu_None[repro],thunder/tests/test_dynamo.py::test_fxreport_DynamoThunder_cpu_None[repro],teardown,0.0,96.69
before,40,test_fxreport_DynamoThunder_cpu_None[benchmark],thunder/tests/test_dynamo.py::test_fxreport_DynamoThunder_cpu_None[benchmark],call,34.11,95.97
before,40,test_dynamo_reproducer_split_DynamoThunder_cpu_None[benchmark],thunder/tests/test_dynamo.py::test_dynamo_reproducer_split_DynamoThunder_cpu_None[benchmark],call,33.09,95.97
before,40,test_dynamo_reproducer_2graph_DynamoThunder_cpu_None[benchmark],thunder/tests/test_dynamo.py::test_dynamo_reproducer_2graph_DynamoThunder_cpu_None[benchmark],call,20.54,95.97
before,40,test_dynamo_reproducer_split_DynamoThunder_cpu_None[repro],thunder/tests/test_dynamo.py::test_dynamo_reproducer_split_DynamoThunder_cpu_None[repro],call,3.0,95.97
before,40,test_fxreport_DynamoThunder_cpu_None[repro],thunder/tests/test_dynamo.py::test_fxreport_DynamoThunder_cpu_None[repro],call,2.66,95.97
before,40,test_dynamo_reproducer_2graph_DynamoThunder_cpu_None[repro],thunder/tests/test_dynamo.py::test_dynamo_reproducer_2graph_DynamoThunder_cpu_None[repro],call,2.32,95.97
before,40,test_fxreport_DynamoThunder_cpu_None[benchmark],thunder/tests/test_dynamo.py::test_fxreport_DynamoThunder_cpu_None[benchmark],setup,0.0,95.97
before,40,test_dynamo_reproducer_split_DynamoThunder_cpu_None[repro],thunder/tests/test_dynamo.py::test_dynamo_reproducer_split_DynamoThunder_cpu_None[repro],setup,0.0,95.97
before,40,test_dynamo_reproducer_split_DynamoThunder_cpu_None[benchmark],thunder/tests/test_dynamo.py::test_dynamo_reproducer_split_DynamoThunder_cpu_None[benchmark],setup,0.0,95.97
before,40,test_dynamo_reproducer_2graph_DynamoThunder_cpu_None[repro],thunder/tests/test_dynamo.py::test_dynamo_reproducer_2graph_DynamoThunder_cpu_None[repro],setup,0.0,95.97
before,40,test_fxreport_DynamoThunder_cpu_None[repro],thunder/tests/test_dynamo.py::test_fxreport_DynamoThunder_cpu_None[repro],setup,0.0,95.97
before,40,test_dynamo_reproducer_2graph_DynamoThunder_cpu_None[benchmark],thunder/tests/test_dynamo.py::test_dynamo_reproducer_2graph_DynamoThunder_cpu_None[benchmark],setup,0.0,95.97
before,40,test_dynamo_reproducer_2graph_DynamoThunder_cpu_None[benchmark],thunder/tests/test_dynamo.py::test_dynamo_reproducer_2graph_DynamoThunder_cpu_None[benchmark],teardown,0.0,95.97
before,40,test_dynamo_reproducer_split_DynamoThunder_cpu_None[benchmark],thunder/tests/test_dynamo.py::test_dynamo_reproducer_split_DynamoThunder_cpu_None[benchmark],teardown,0.0,95.97
before,40,test_fxreport_DynamoThunder_cpu_None[repro],thunder/tests/test_dynamo.py::test_fxreport_DynamoThunder_cpu_None[repro],teardown,0.0,95.97
before,40,test_dynamo_reproducer_split_DynamoThunder_cpu_None[repro],thunder/tests/test_dynamo.py::test_dynamo_reproducer_split_DynamoThunder_cpu_None[repro],teardown,0.0,95.97
before,40,test_dynamo_reproducer_2graph_DynamoThunder_cpu_None[repro],thunder/tests/test_dynamo.py::test_dynamo_reproducer_2graph_DynamoThunder_cpu_None[repro],teardown,0.0,95.97
before,40,test_fxreport_DynamoThunder_cpu_None[benchmark],thunder/tests/test_dynamo.py::test_fxreport_DynamoThunder_cpu_None[benchmark],teardown,0.0,95.97
after_careful_mock,1,test_fxreport_DynamoThunder_cpu_None[repro],thunder/tests/test_dynamo.py::test_fxreport_DynamoThunder_cpu_None[repro],call,5.52,18.71
after_careful_mock,1,test_fxreport_DynamoThunder_cpu_None[benchmark],thunder/tests/test_dynamo.py::test_fxreport_DynamoThunder_cpu_None[benchmark],call,3.31,18.71
after_careful_mock,1,test_dynamo_reproducer_split_DynamoThunder_cpu_None[repro],thunder/tests/test_dynamo.py::test_dynamo_reproducer_split_DynamoThunder_cpu_None[repro],call,2.91,18.71
after_careful_mock,1,test_dynamo_reproducer_split_DynamoThunder_cpu_None[benchmark],thunder/tests/test_dynamo.py::test_dynamo_reproducer_split_DynamoThunder_cpu_None[benchmark],call,2.89,18.71
after_careful_mock,1,test_dynamo_reproducer_2graph_DynamoThunder_cpu_None[repro],thunder/tests/test_dynamo.py::test_dynamo_reproducer_2graph_DynamoThunder_cpu_None[repro],call,1.95,18.71
after_careful_mock,1,test_dynamo_reproducer_2graph_DynamoThunder_cpu_None[benchmark],thunder/tests/test_dynamo.py::test_dynamo_reproducer_2graph_DynamoThunder_cpu_None[benchmark],call,1.91,18.71
after_careful_mock,1,test_fxreport_DynamoThunder_cpu_None[repro],thunder/tests/test_dynamo.py::test_fxreport_DynamoThunder_cpu_None[repro],setup,0.0,18.71
after_careful_mock,1,test_dynamo_reproducer_2graph_DynamoThunder_cpu_None[benchmark],thunder/tests/test_dynamo.py::test_dynamo_reproducer_2graph_DynamoThunder_cpu_None[benchmark],setup,0.0,18.71
after_careful_mock,1,test_dynamo_reproducer_2graph_DynamoThunder_cpu_None[repro],thunder/tests/test_dynamo.py::test_dynamo_reproducer_2graph_DynamoThunder_cpu_None[repro],setup,0.0,18.71
after_careful_mock,1,test_fxreport_DynamoThunder_cpu_None[benchmark],thunder/tests/test_dynamo.py::test_fxreport_DynamoThunder_cpu_None[benchmark],setup,0.0,18.71
after_careful_mock,1,test_dynamo_reproducer_split_DynamoThunder_cpu_None[repro],thunder/tests/test_dynamo.py::test_dynamo_reproducer_split_DynamoThunder_cpu_None[repro],setup,0.0,18.71
after_careful_mock,1,test_dynamo_reproducer_split_DynamoThunder_cpu_None[benchmark],thunder/tests/test_dynamo.py::test_dynamo_reproducer_split_DynamoThunder_cpu_None[benchmark],setup,0.0,18.71
after_careful_mock,1,test_dynamo_reproducer_split_DynamoThunder_cpu_None[repro],thunder/tests/test_dynamo.py::test_dynamo_reproducer_split_DynamoThunder_cpu_None[repro],teardown,0.0,18.71
after_careful_mock,1,test_fxreport_DynamoThunder_cpu_None[benchmark],thunder/tests/test_dynamo.py::test_fxreport_DynamoThunder_cpu_None[benchmark],teardown,0.0,18.71
after_careful_mock,1,test_dynamo_reproducer_split_DynamoThunder_cpu_None[benchmark],thunder/tests/test_dynamo.py::test_dynamo_reproducer_split_DynamoThunder_cpu_None[benchmark],teardown,0.0,18.71
after_careful_mock,1,test_dynamo_reproducer_2graph_DynamoThunder_cpu_None[repro],thunder/tests/test_dynamo.py::test_dynamo_reproducer_2graph_DynamoThunder_cpu_None[repro],teardown,0.0,18.71
after_careful_mock,1,test_dynamo_reproducer_2graph_DynamoThunder_cpu_None[benchmark],thunder/tests/test_dynamo.py::test_dynamo_reproducer_2graph_DynamoThunder_cpu_None[benchmark],teardown,0.0,18.71
after_careful_mock,1,test_fxreport_DynamoThunder_cpu_None[repro],thunder/tests/test_dynamo.py::test_fxreport_DynamoThunder_cpu_None[repro],teardown,0.0,18.71
after_careful_mock,2,test_fxreport_DynamoThunder_cpu_None[benchmark],thunder/tests/test_dynamo.py::test_fxreport_DynamoThunder_cpu_None[benchmark],call,6.1,18.58
after_careful_mock,2,test_dynamo_reproducer_split_DynamoThunder_cpu_None[repro],thunder/tests/test_dynamo.py::test_dynamo_reproducer_split_DynamoThunder_cpu_None[repro],call,2.94,18.58
after_careful_mock,2,test_dynamo_reproducer_split_DynamoThunder_cpu_None[benchmark],thunder/tests/test_dynamo.py::test_dynamo_reproducer_split_DynamoThunder_cpu_None[benchmark],call,2.82,18.58
after_careful_mock,2,test_fxreport_DynamoThunder_cpu_None[repro],thunder/tests/test_dynamo.py::test_fxreport_DynamoThunder_cpu_None[repro],call,2.57,18.58
after_careful_mock,2,test_dynamo_reproducer_2graph_DynamoThunder_cpu_None[benchmark],thunder/tests/test_dynamo.py::test_dynamo_reproducer_2graph_DynamoThunder_cpu_None[benchmark],call,2.0,18.58
after_careful_mock,2,test_dynamo_reproducer_2graph_DynamoThunder_cpu_None[repro],thunder/tests/test_dynamo.py::test_dynamo_reproducer_2graph_DynamoThunder_cpu_None[repro],call,1.95,18.58
after_careful_mock,2,test_dynamo_reproducer_2graph_DynamoThunder_cpu_None[benchmark],thunder/tests/test_dynamo.py::test_dynamo_reproducer_2graph_DynamoThunder_cpu_None[benchmark],setup,0.0,18.58
after_careful_mock,2,test_dynamo_reproducer_2graph_DynamoThunder_cpu_None[repro],thunder/tests/test_dynamo.py::test_dynamo_reproducer_2graph_DynamoThunder_cpu_None[repro],setup,0.0,18.58
after_careful_mock,2,test_dynamo_reproducer_split_DynamoThunder_cpu_None[benchmark],thunder/tests/test_dynamo.py::test_dynamo_reproducer_split_DynamoThunder_cpu_None[benchmark],setup,0.0,18.58
after_careful_mock,2,test_fxreport_DynamoThunder_cpu_None[repro],thunder/tests/test_dynamo.py::test_fxreport_DynamoThunder_cpu_None[repro],setup,0.0,18.58
after_careful_mock,2,test_fxreport_DynamoThunder_cpu_None[benchmark],thunder/tests/test_dynamo.py::test_fxreport_DynamoThunder_cpu_None[benchmark],setup,0.0,18.58
after_careful_mock,2,test_dynamo_reproducer_split_DynamoThunder_cpu_None[repro],thunder/tests/test_dynamo.py::test_dynamo_reproducer_split_DynamoThunder_cpu_None[repro],setup,0.0,18.58
after_careful_mock,2,test_dynamo_reproducer_split_DynamoThunder_cpu_None[benchmark],thunder/tests/test_dynamo.py::test_dynamo_reproducer_split_DynamoThunder_cpu_None[benchmark],teardown,0.0,18.58
after_careful_mock,2,test_dynamo_reproducer_2graph_DynamoThunder_cpu_None[repro],thunder/tests/test_dynamo.py::test_dynamo_reproducer_2graph_DynamoThunder_cpu_None[repro],teardown,0.0,18.58
after_careful_mock,2,test_dynamo_reproducer_2graph_DynamoThunder_cpu_None[benchmark],thunder/tests/test_dynamo.py::test_dynamo_reproducer_2graph_DynamoThunder_cpu_None[benchmark],teardown,0.0,18.58
after_careful_mock,2,test_fxreport_DynamoThunder_cpu_None[benchmark],thunder/tests/test_dynamo.py::test_fxreport_DynamoThunder_cpu_None[benchmark],teardown,0.0,18.58
after_careful_mock,2,test_dynamo_reproducer_split_DynamoThunder_cpu_None[repro],thunder/tests/test_dynamo.py::test_dynamo_reproducer_split_DynamoThunder_cpu_None[repro],teardown,0.0,18.58
after_careful_mock,2,test_fxreport_DynamoThunder_cpu_None[repro],thunder/tests/test_dynamo.py::test_fxreport_DynamoThunder_cpu_None[repro],teardown,0.0,18.58
after_careful_mock,3,test_fxreport_DynamoThunder_cpu_None[benchmark],thunder/tests/test_dynamo.py::test_fxreport_DynamoThunder_cpu_None[benchmark],call,6.19,18.64
after_careful_mock,3,test_dynamo_reproducer_split_DynamoThunder_cpu_None[repro],thunder/tests/test_dynamo.py::test_dynamo_reproducer_split_DynamoThunder_cpu_None[repro],call,2.92,18.64
after_careful_mock,3,test_dynamo_reproducer_split_DynamoThunder_cpu_None[benchmark],thunder/tests/test_dynamo.py::test_dynamo_reproducer_split_DynamoThunder_cpu_None[benchmark],call,2.82,18.64
after_careful_mock,3,test_fxreport_DynamoThunder_cpu_None[repro],thunder/tests/test_dynamo.py::test_fxreport_DynamoThunder_cpu_None[repro],call,2.59,18.64
after_careful_mock,3,test_dynamo_reproducer_2graph_DynamoThunder_cpu_None[repro],thunder/tests/test_dynamo.py::test_dynamo_reproducer_2graph_DynamoThunder_cpu_None[repro],call,1.97,18.64
after_careful_mock,3,test_dynamo_reproducer_2graph_DynamoThunder_cpu_None[benchmark],thunder/tests/test_dynamo.py::test_dynamo_reproducer_2graph_DynamoThunder_cpu_None[benchmark],call,1.94,18.64
after_careful_mock,3,test_fxreport_DynamoThunder_cpu_None[benchmark],thunder/tests/test_dynamo.py::test_fxreport_DynamoThunder_cpu_None[benchmark],setup,0.0,18.64
after_careful_mock,3,test_fxreport_DynamoThunder_cpu_None[repro],thunder/tests/test_dynamo.py::test_fxreport_DynamoThunder_cpu_None[repro],setup,0.0,18.64
after_careful_mock,3,test_dynamo_reproducer_2graph_DynamoThunder_cpu_None[repro],thunder/tests/test_dynamo.py::test_dynamo_reproducer_2graph_DynamoThunder_cpu_None[repro],setup,0.0,18.64
after_careful_mock,3,test_dynamo_reproducer_2graph_DynamoThunder_cpu_None[benchmark],thunder/tests/test_dynamo.py::test_dynamo_reproducer_2graph_DynamoThunder_cpu_None[benchmark],setup,0.0,18.64
after_careful_mock,3,test_dynamo_reproducer_split_DynamoThunder_cpu_None[benchmark],thunder/tests/test_dynamo.py::test_dynamo_reproducer_split_DynamoThunder_cpu_None[benchmark],setup,0.0,18.64
after_careful_mock,3,test_dynamo_reproducer_split_DynamoThunder_cpu_None[repro],thunder/tests/test_dynamo.py::test_dynamo_reproducer_split_DynamoThunder_cpu_None[repro],setup,0.0,18.64
after_careful_mock,3,test_dynamo_reproducer_split_DynamoThunder_cpu_None[benchmark],thunder/tests/test_dynamo.py::test_dynamo_reproducer_split_DynamoThunder_cpu_None[benchmark],teardown,0.0,18.64
after_careful_mock,3,test_dynamo_reproducer_2graph_DynamoThunder_cpu_None[benchmark],thunder/tests/test_dynamo.py::test_dynamo_reproducer_2graph_DynamoThunder_cpu_None[benchmark],teardown,0.0,18.64
after_careful_mock,3,test_dynamo_reproducer_2graph_DynamoThunder_cpu_None[repro],thunder/tests/test_dynamo.py::test_dynamo_reproducer_2graph_DynamoThunder_cpu_None[repro],teardown,0.0,18.64
after_careful_mock,3,test_dynamo_reproducer_split_DynamoThunder_cpu_None[repro],thunder/tests/test_dynamo.py::test_dynamo_reproducer_split_DynamoThunder_cpu_None[repro],teardown,0.0,18.64
after_careful_mock,3,test_fxreport_DynamoThunder_cpu_None[repro],thunder/tests/test_dynamo.py::test_fxreport_DynamoThunder_cpu_None[repro],teardown,0.0,18.64
after_careful_mock,3,test_fxreport_DynamoThunder_cpu_None[benchmark],thunder/tests/test_dynamo.py::test_fxreport_DynamoThunder_cpu_None[benchmark],teardown,0.0,18.64
after_careful_mock,4,test_fxreport_DynamoThunder_cpu_None[benchmark],thunder/tests/test_dynamo.py::test_fxreport_DynamoThunder_cpu_None[benchmark],call,5.31,18.67
after_careful_mock,4,test_dynamo_reproducer_split_DynamoThunder_cpu_None[benchmark],thunder/tests/test_dynamo.py::test_dynamo_reproducer_split_DynamoThunder_cpu_None[benchmark],call,3.76,18.67
after_careful_mock,4,test_dynamo_reproducer_split_DynamoThunder_cpu_None[repro],thunder/tests/test_dynamo.py::test_dynamo_reproducer_split_DynamoThunder_cpu_None[repro],call,2.94,18.67
after_careful_mock,4,test_fxreport_DynamoThunder_cpu_None[repro],thunder/tests/test_dynamo.py::test_fxreport_DynamoThunder_cpu_None[repro],call,2.58,18.67
after_careful_mock,4,test_dynamo_reproducer_2graph_DynamoThunder_cpu_None[repro],thunder/tests/test_dynamo.py::test_dynamo_reproducer_2graph_DynamoThunder_cpu_None[repro],call,1.97,18.67
after_careful_mock,4,test_dynamo_reproducer_2graph_DynamoThunder_cpu_None[benchmark],thunder/tests/test_dynamo.py::test_dynamo_reproducer_2graph_DynamoThunder_cpu_None[benchmark],call,1.92,18.67
after_careful_mock,4,test_dynamo_reproducer_split_DynamoThunder_cpu_None[benchmark],thunder/tests/test_dynamo.py::test_dynamo_reproducer_split_DynamoThunder_cpu_None[benchmark],setup,0.0,18.67
after_careful_mock,4,test_dynamo_reproducer_split_DynamoThunder_cpu_None[repro],thunder/tests/test_dynamo.py::test_dynamo_reproducer_split_DynamoThunder_cpu_None[repro],setup,0.0,18.67
after_careful_mock,4,test_fxreport_DynamoThunder_cpu_None[repro],thunder/tests/test_dynamo.py::test_fxreport_DynamoThunder_cpu_None[repro],setup,0.0,18.67
after_careful_mock,4,test_dynamo_reproducer_2graph_DynamoThunder_cpu_None[benchmark],thunder/tests/test_dynamo.py::test_dynamo_reproducer_2graph_DynamoThunder_cpu_None[benchmark],setup,0.0,18.67
after_careful_mock,4,test_dynamo_reproducer_2graph_DynamoThunder_cpu_None[repro],thunder/tests/test_dynamo.py::test_dynamo_reproducer_2graph_DynamoThunder_cpu_None[repro],setup,0.0,18.67
after_careful_mock,4,test_fxreport_DynamoThunder_cpu_None[benchmark],thunder/tests/test_dynamo.py::test_fxreport_DynamoThunder_cpu_None[benchmark],setup,0.0,18.67
after_careful_mock,4,test_fxreport_DynamoThunder_cpu_None[repro],thunder/tests/test_dynamo.py::test_fxreport_DynamoThunder_cpu_None[repro],teardown,0.0,18.67
after_careful_mock,4,test_dynamo_reproducer_2graph_DynamoThunder_cpu_None[repro],thunder/tests/test_dynamo.py::test_dynamo_reproducer_2graph_DynamoThunder_cpu_None[repro],teardown,0.0,18.67
after_careful_mock,4,test_fxreport_DynamoThunder_cpu_None[benchmark],thunder/tests/test_dynamo.py::test_fxreport_DynamoThunder_cpu_None[benchmark],teardown,0.0,18.67
after_careful_mock,4,test_dynamo_reproducer_split_DynamoThunder_cpu_None[repro],thunder/tests/test_dynamo.py::test_dynamo_reproducer_split_DynamoThunder_cpu_None[repro],teardown,0.0,18.67
after_careful_mock,4,test_dynamo_reproducer_2graph_DynamoThunder_cpu_None[benchmark],thunder/tests/test_dynamo.py::test_dynamo_reproducer_2graph_DynamoThunder_cpu_None[benchmark],teardown,0.0,18.67
after_careful_mock,4,test_dynamo_reproducer_split_DynamoThunder_cpu_None[benchmark],thunder/tests/test_dynamo.py::test_dynamo_reproducer_split_DynamoThunder_cpu_None[benchmark],teardown,0.0,18.67
after_careful_mock,5,test_fxreport_DynamoThunder_cpu_None[benchmark],thunder/tests/test_dynamo.py::test_fxreport_DynamoThunder_cpu_None[benchmark],call,5.38,18.64
after_careful_mock,5,test_dynamo_reproducer_split_DynamoThunder_cpu_None[repro],thunder/tests/test_dynamo.py::test_dynamo_reproducer_split_DynamoThunder_cpu_None[repro],call,3.71,18.64
after_careful_mock,5,test_dynamo_reproducer_split_DynamoThunder_cpu_None[benchmark],thunder/tests/test_dynamo.py::test_dynamo_reproducer_split_DynamoThunder_cpu_None[benchmark],call,2.81,18.64
after_careful_mock,5,test_fxreport_DynamoThunder_cpu_None[repro],thunder/tests/test_dynamo.py::test_fxreport_DynamoThunder_cpu_None[repro],call,2.58,18.64
after_careful_mock,5,test_dynamo_reproducer_2graph_DynamoThunder_cpu_None[repro],thunder/tests/test_dynamo.py::test_dynamo_reproducer_2graph_DynamoThunder_cpu_None[repro],call,2.06,18.64
after_careful_mock,5,test_dynamo_reproducer_2graph_DynamoThunder_cpu_None[benchmark],thunder/tests/test_dynamo.py::test_dynamo_reproducer_2graph_DynamoThunder_cpu_None[benchmark],call,1.91,18.64
after_careful_mock,5,test_dynamo_reproducer_2graph_DynamoThunder_cpu_None[repro],thunder/tests/test_dynamo.py::test_dynamo_reproducer_2graph_DynamoThunder_cpu_None[repro],setup,0.0,18.64
after_careful_mock,5,test_fxreport_DynamoThunder_cpu_None[repro],thunder/tests/test_dynamo.py::test_fxreport_DynamoThunder_cpu_None[repro],setup,0.0,18.64
after_careful_mock,5,test_dynamo_reproducer_split_DynamoThunder_cpu_None[benchmark],thunder/tests/test_dynamo.py::test_dynamo_reproducer_split_DynamoThunder_cpu_None[benchmark],setup,0.0,18.64
after_careful_mock,5,test_dynamo_reproducer_2graph_DynamoThunder_cpu_None[benchmark],thunder/tests/test_dynamo.py::test_dynamo_reproducer_2graph_DynamoThunder_cpu_None[benchmark],setup,0.0,18.64
after_careful_mock,5,test_fxreport_DynamoThunder_cpu_None[benchmark],thunder/tests/test_dynamo.py::test_fxreport_DynamoThunder_cpu_None[benchmark],setup,0.0,18.64
after_careful_mock,5,test_dynamo_reproducer_split_DynamoThunder_cpu_None[repro],thunder/tests/test_dynamo.py::test_dynamo_reproducer_split_DynamoThunder_cpu_None[repro],setup,0.0,18.64
after_careful_mock,5,test_fxreport_DynamoThunder_cpu_None[repro],thunder/tests/test_dynamo.py::test_fxreport_DynamoThunder_cpu_None[repro],teardown,0.0,18.64
after_careful_mock,5,test_fxreport_DynamoThunder_cpu_None[benchmark],thunder/tests/test_dynamo.py::test_fxreport_DynamoThunder_cpu_None[benchmark],teardown,0.0,18.64
after_careful_mock,5,test_dynamo_reproducer_split_DynamoThunder_cpu_None[benchmark],thunder/tests/test_dynamo.py::test_dynamo_reproducer_split_DynamoThunder_cpu_None[benchmark],teardown,0.0,18.64
after_careful_mock,5,test_dynamo_reproducer_2graph_DynamoThunder_cpu_None[benchmark],thunder/tests/test_dynamo.py::test_dynamo_reproducer_2graph_DynamoThunder_cpu_None[benchmark],teardown,0.0,18.64
after_careful_mock,5,test_dynamo_reproducer_2graph_DynamoThunder_cpu_None[repro],thunder/tests/test_dynamo.py::test_dynamo_reproducer_2graph_DynamoThunder_cpu_None[repro],teardown,0.0,18.64
after_careful_mock,5,test_dynamo_reproducer_split_DynamoThunder_cpu_None[repro],thunder/tests/test_dynamo.py::test_dynamo_reproducer_split_DynamoThunder_cpu_None[repro],teardown,0.0,18.64
after_careful_mock,6,test_fxreport_DynamoThunder_cpu_None[benchmark],thunder/tests/test_dynamo.py::test_fxreport_DynamoThunder_cpu_None[benchmark],call,6.18,18.63
after_careful_mock,6,test_dynamo_reproducer_split_DynamoThunder_cpu_None[repro],thunder/tests/test_dynamo.py::test_dynamo_reproducer_split_DynamoThunder_cpu_None[repro],call,2.95,18.63
after_careful_mock,6,test_dynamo_reproducer_split_DynamoThunder_cpu_None[benchmark],thunder/tests/test_dynamo.py::test_dynamo_reproducer_split_DynamoThunder_cpu_None[benchmark],call,2.82,18.63
after_careful_mock,6,test_fxreport_DynamoThunder_cpu_None[repro],thunder/tests/test_dynamo.py::test_fxreport_DynamoThunder_cpu_None[repro],call,2.57,18.63
after_careful_mock,6,test_dynamo_reproducer_2graph_DynamoThunder_cpu_None[repro],thunder/tests/test_dynamo.py::test_dynamo_reproducer_2graph_DynamoThunder_cpu_None[repro],call,1.99,18.63
after_careful_mock,6,test_dynamo_reproducer_2graph_DynamoThunder_cpu_None[benchmark],thunder/tests/test_dynamo.py::test_dynamo_reproducer_2graph_DynamoThunder_cpu_None[benchmark],call,1.93,18.63
after_careful_mock,6,test_fxreport_DynamoThunder_cpu_None[benchmark],thunder/tests/test_dynamo.py::test_fxreport_DynamoThunder_cpu_None[benchmark],setup,0.0,18.63
after_careful_mock,6,test_fxreport_DynamoThunder_cpu_None[repro],thunder/tests/test_dynamo.py::test_fxreport_DynamoThunder_cpu_None[repro],setup,0.0,18.63
after_careful_mock,6,test_dynamo_reproducer_2graph_DynamoThunder_cpu_None[repro],thunder/tests/test_dynamo.py::test_dynamo_reproducer_2graph_DynamoThunder_cpu_None[repro],setup,0.0,18.63
after_careful_mock,6,test_dynamo_reproducer_split_DynamoThunder_cpu_None[benchmark],thunder/tests/test_dynamo.py::test_dynamo_reproducer_split_DynamoThunder_cpu_None[benchmark],setup,0.0,18.63
after_careful_mock,6,test_dynamo_reproducer_2graph_DynamoThunder_cpu_None[benchmark],thunder/tests/test_dynamo.py::test_dynamo_reproducer_2graph_DynamoThunder_cpu_None[benchmark],setup,0.0,18.63
after_careful_mock,6,test_dynamo_reproducer_split_DynamoThunder_cpu_None[repro],thunder/tests/test_dynamo.py::test_dynamo_reproducer_split_DynamoThunder_cpu_None[repro],setup,0.0,18.63
after_careful_mock,6,test_dynamo_reproducer_split_DynamoThunder_cpu_None[benchmark],thunder/tests/test_dynamo.py::test_dynamo_reproducer_split_DynamoThunder_cpu_None[benchmark],teardown,0.0,18.63
after_careful_mock,6,test_fxreport_DynamoThunder_cpu_None[repro],thunder/tests/test_dynamo.py::test_fxreport_DynamoThunder_cpu_None[repro],teardown,0.0,18.63
after_careful_mock,6,test_dynamo_reproducer_2graph_DynamoThunder_cpu_None[repro],thunder/tests/test_dynamo.py::test_dynamo_reproducer_2graph_DynamoThunder_cpu_None[repro],teardown,0.0,18.63
after_careful_mock,6,test_dynamo_reproducer_split_DynamoThunder_cpu_None[repro],thunder/tests/test_dynamo.py::test_dynamo_reproducer_split_DynamoThunder_cpu_None[repro],teardown,0.0,18.63
after_careful_mock,6,test_dynamo_reproducer_2graph_DynamoThunder_cpu_None[benchmark],thunder/tests/test_dynamo.py::test_dynamo_reproducer_2graph_DynamoThunder_cpu_None[benchmark],teardown,0.0,18.63
after_careful_mock,6,test_fxreport_DynamoThunder_cpu_None[benchmark],thunder/tests/test_dynamo.py::test_fxreport_DynamoThunder_cpu_None[benchmark],teardown,0.0,18.63
after_careful_mock,7,test_fxreport_DynamoThunder_cpu_None[repro],thunder/tests/test_dynamo.py::test_fxreport_DynamoThunder_cpu_None[repro],call,4.6,18.65
after_careful_mock,7,test_dynamo_reproducer_split_DynamoThunder_cpu_None[benchmark],thunder/tests/test_dynamo.py::test_dynamo_reproducer_split_DynamoThunder_cpu_None[benchmark],call,3.74,18.65
after_careful_mock,7,test_fxreport_DynamoThunder_cpu_None[benchmark],thunder/tests/test_dynamo.py::test_fxreport_DynamoThunder_cpu_None[benchmark],call,3.31,18.65
after_careful_mock,7,test_dynamo_reproducer_split_DynamoThunder_cpu_None[repro],thunder/tests/test_dynamo.py::test_dynamo_reproducer_split_DynamoThunder_cpu_None[repro],call,2.91,18.65
after_careful_mock,7,test_dynamo_reproducer_2graph_DynamoThunder_cpu_None[repro],thunder/tests/test_dynamo.py::test_dynamo_reproducer_2graph_DynamoThunder_cpu_None[repro],call,1.97,18.65
after_careful_mock,7,test_dynamo_reproducer_2graph_DynamoThunder_cpu_None[benchmark],thunder/tests/test_dynamo.py::test_dynamo_reproducer_2graph_DynamoThunder_cpu_None[benchmark],call,1.92,18.65
after_careful_mock,7,test_dynamo_reproducer_split_DynamoThunder_cpu_None[benchmark],thunder/tests/test_dynamo.py::test_dynamo_reproducer_split_DynamoThunder_cpu_None[benchmark],setup,0.0,18.65
after_careful_mock,7,test_dynamo_reproducer_split_DynamoThunder_cpu_None[repro],thunder/tests/test_dynamo.py::test_dynamo_reproducer_split_DynamoThunder_cpu_None[repro],setup,0.0,18.65
after_careful_mock,7,test_fxreport_DynamoThunder_cpu_None[repro],thunder/tests/test_dynamo.py::test_fxreport_DynamoThunder_cpu_None[repro],setup,0.0,18.65
after_careful_mock,7,test_fxreport_DynamoThunder_cpu_None[benchmark],thunder/tests/test_dynamo.py::test_fxreport_DynamoThunder_cpu_None[benchmark],setup,0.0,18.65
after_careful_mock,7,test_dynamo_reproducer_2graph_DynamoThunder_cpu_None[repro],thunder/tests/test_dynamo.py::test_dynamo_reproducer_2graph_DynamoThunder_cpu_None[repro],setup,0.0,18.65
after_careful_mock,7,test_dynamo_reproducer_2graph_DynamoThunder_cpu_None[benchmark],thunder/tests/test_dynamo.py::test_dynamo_reproducer_2graph_DynamoThunder_cpu_None[benchmark],setup,0.0,18.65
after_careful_mock,7,test_dynamo_reproducer_2graph_DynamoThunder_cpu_None[repro],thunder/tests/test_dynamo.py::test_dynamo_reproducer_2graph_DynamoThunder_cpu_None[repro],teardown,0.0,18.65
after_careful_mock,7,test_fxreport_DynamoThunder_cpu_None[repro],thunder/tests/test_dynamo.py::test_fxreport_DynamoThunder_cpu_None[repro],teardown,0.0,18.65
after_careful_mock,7,test_dynamo_reproducer_2graph_DynamoThunder_cpu_None[benchmark],thunder/tests/test_dynamo.py::test_dynamo_reproducer_2graph_DynamoThunder_cpu_None[benchmark],teardown,0.0,18.65
after_careful_mock,7,test_fxreport_DynamoThunder_cpu_None[benchmark],thunder/tests/test_dynamo.py::test_fxreport_DynamoThunder_cpu_None[benchmark],teardown,0.0,18.65
after_careful_mock,7,test_dynamo_reproducer_split_DynamoThunder_cpu_None[repro],thunder/tests/test_dynamo.py::test_dynamo_reproducer_split_DynamoThunder_cpu_None[repro],teardown,0.0,18.65
after_careful_mock,7,test_dynamo_reproducer_split_DynamoThunder_cpu_None[benchmark],thunder/tests/test_dynamo.py::test_dynamo_reproducer_split_DynamoThunder_cpu_None[benchmark],teardown,0.0,18.65
after_careful_mock,8,test_fxreport_DynamoThunder_cpu_None[benchmark],thunder/tests/test_dynamo.py::test_fxreport_DynamoThunder_cpu_None[benchmark],call,5.31,18.55
after_careful_mock,8,test_dynamo_reproducer_split_DynamoThunder_cpu_None[benchmark],thunder/tests/test_dynamo.py::test_dynamo_reproducer_split_DynamoThunder_cpu_None[benchmark],call,3.62,18.55
after_careful_mock,8,test_dynamo_reproducer_split_DynamoThunder_cpu_None[repro],thunder/tests/test_dynamo.py::test_dynamo_reproducer_split_DynamoThunder_cpu_None[repro],call,2.89,18.55
after_careful_mock,8,test_fxreport_DynamoThunder_cpu_None[repro],thunder/tests/test_dynamo.py::test_fxreport_DynamoThunder_cpu_None[repro],call,2.59,18.55
after_careful_mock,8,test_dynamo_reproducer_2graph_DynamoThunder_cpu_None[repro],thunder/tests/test_dynamo.py::test_dynamo_reproducer_2graph_DynamoThunder_cpu_None[repro],call,2.06,18.55
after_careful_mock,8,test_dynamo_reproducer_2graph_DynamoThunder_cpu_None[benchmark],thunder/tests/test_dynamo.py::test_dynamo_reproducer_2graph_DynamoThunder_cpu_None[benchmark],call,1.89,18.55
after_careful_mock,8,test_dynamo_reproducer_2graph_DynamoThunder_cpu_None[repro],thunder/tests/test_dynamo.py::test_dynamo_reproducer_2graph_DynamoThunder_cpu_None[repro],setup,0.0,18.55
after_careful_mock,8,test_dynamo_reproducer_2graph_DynamoThunder_cpu_None[benchmark],thunder/tests/test_dynamo.py::test_dynamo_reproducer_2graph_DynamoThunder_cpu_None[benchmark],setup,0.0,18.55
after_careful_mock,8,test_fxreport_DynamoThunder_cpu_None[benchmark],thunder/tests/test_dynamo.py::test_fxreport_DynamoThunder_cpu_None[benchmark],setup,0.0,18.55
after_careful_mock,8,test_dynamo_reproducer_split_DynamoThunder_cpu_None[benchmark],thunder/tests/test_dynamo.py::test_dynamo_reproducer_split_DynamoThunder_cpu_None[benchmark],setup,0.0,18.55
after_careful_mock,8,test_fxreport_DynamoThunder_cpu_None[repro],thunder/tests/test_dynamo.py::test_fxreport_DynamoThunder_cpu_None[repro],setup,0.0,18.55
after_careful_mock,8,test_dynamo_reproducer_split_DynamoThunder_cpu_None[repro],thunder/tests/test_dynamo.py::test_dynamo_reproducer_split_DynamoThunder_cpu_None[repro],setup,0.0,18.55
after_careful_mock,8,test_fxreport_DynamoThunder_cpu_None[repro],thunder/tests/test_dynamo.py::test_fxreport_DynamoThunder_cpu_None[repro],teardown,0.0,18.55
after_careful_mock,8,test_dynamo_reproducer_2graph_DynamoThunder_cpu_None[repro],thunder/tests/test_dynamo.py::test_dynamo_reproducer_2graph_DynamoThunder_cpu_None[repro],teardown,0.0,18.55
after_careful_mock,8,test_dynamo_reproducer_split_DynamoThunder_cpu_None[repro],thunder/tests/test_dynamo.py::test_dynamo_reproducer_split_DynamoThunder_cpu_None[repro],teardown,0.0,18.55
after_careful_mock,8,test_dynamo_reproducer_2graph_DynamoThunder_cpu_None[benchmark],thunder/tests/test_dynamo.py::test_dynamo_reproducer_2graph_DynamoThunder_cpu_None[benchmark],teardown,0.0,18.55
after_careful_mock,8,test_dynamo_reproducer_split_DynamoThunder_cpu_None[benchmark],thunder/tests/test_dynamo.py::test_dynamo_reproducer_split_DynamoThunder_cpu_None[benchmark],teardown,0.0,18.55
after_careful_mock,8,test_fxreport_DynamoThunder_cpu_None[benchmark],thunder/tests/test_dynamo.py::test_fxreport_DynamoThunder_cpu_None[benchmark],teardown,0.0,18.55
after_careful_mock,9,test_fxreport_DynamoThunder_cpu_None[repro],thunder/tests/test_dynamo.py::test_fxreport_DynamoThunder_cpu_None[repro],call,5.45,18.66
after_careful_mock,9,test_fxreport_DynamoThunder_cpu_None[benchmark],thunder/tests/test_dynamo.py::test_fxreport_DynamoThunder_cpu_None[benchmark],call,3.3,18.66
after_careful_mock,9,test_dynamo_reproducer_split_DynamoThunder_cpu_None[repro],thunder/tests/test_dynamo.py::test_dynamo_reproducer_split_DynamoThunder_cpu_None[repro],call,2.93,18.66
after_careful_mock,9,test_dynamo_reproducer_split_DynamoThunder_cpu_None[benchmark],thunder/tests/test_dynamo.py::test_dynamo_reproducer_split_DynamoThunder_cpu_None[benchmark],call,2.85,18.66
after_careful_mock,9,test_dynamo_reproducer_2graph_DynamoThunder_cpu_None[repro],thunder/tests/test_dynamo.py::test_dynamo_reproducer_2graph_DynamoThunder_cpu_None[repro],call,1.96,18.66
after_careful_mock,9,test_dynamo_reproducer_2graph_DynamoThunder_cpu_None[benchmark],thunder/tests/test_dynamo.py::test_dynamo_reproducer_2graph_DynamoThunder_cpu_None[benchmark],call,1.95,18.66
after_careful_mock,9,test_fxreport_DynamoThunder_cpu_None[repro],thunder/tests/test_dynamo.py::test_fxreport_DynamoThunder_cpu_None[repro],setup,0.0,18.66
after_careful_mock,9,test_fxreport_DynamoThunder_cpu_None[benchmark],thunder/tests/test_dynamo.py::test_fxreport_DynamoThunder_cpu_None[benchmark],setup,0.0,18.66
after_careful_mock,9,test_dynamo_reproducer_2graph_DynamoThunder_cpu_None[repro],thunder/tests/test_dynamo.py::test_dynamo_reproducer_2graph_DynamoThunder_cpu_None[repro],setup,0.0,18.66
after_careful_mock,9,test_dynamo_reproducer_split_DynamoThunder_cpu_None[repro],thunder/tests/test_dynamo.py::test_dynamo_reproducer_split_DynamoThunder_cpu_None[repro],setup,0.0,18.66
after_careful_mock,9,test_dynamo_reproducer_2graph_DynamoThunder_cpu_None[benchmark],thunder/tests/test_dynamo.py::test_dynamo_reproducer_2graph_DynamoThunder_cpu_None[benchmark],setup,0.0,18.66
after_careful_mock,9,test_dynamo_reproducer_split_DynamoThunder_cpu_None[benchmark],thunder/tests/test_dynamo.py::test_dynamo_reproducer_split_DynamoThunder_cpu_None[benchmark],setup,0.0,18.66
after_careful_mock,9,test_dynamo_reproducer_split_DynamoThunder_cpu_None[repro],thunder/tests/test_dynamo.py::test_dynamo_reproducer_split_DynamoThunder_cpu_None[repro],teardown,0.0,18.66
after_careful_mock,9,test_dynamo_reproducer_split_DynamoThunder_cpu_None[benchmark],thunder/tests/test_dynamo.py::test_dynamo_reproducer_split_DynamoThunder_cpu_None[benchmark],teardown,0.0,18.66
after_careful_mock,9,test_dynamo_reproducer_2graph_DynamoThunder_cpu_None[benchmark],thunder/tests/test_dynamo.py::test_dynamo_reproducer_2graph_DynamoThunder_cpu_None[benchmark],teardown,0.0,18.66
after_careful_mock,9,test_dynamo_reproducer_2graph_DynamoThunder_cpu_None[repro],thunder/tests/test_dynamo.py::test_dynamo_reproducer_2graph_DynamoThunder_cpu_None[repro],teardown,0.0,18.66
after_careful_mock,9,test_fxreport_DynamoThunder_cpu_None[benchmark],thunder/tests/test_dynamo.py::test_fxreport_DynamoThunder_cpu_None[benchmark],teardown,0.0,18.66
after_careful_mock,9,test_fxreport_DynamoThunder_cpu_None[repro],thunder/tests/test_dynamo.py::test_fxreport_DynamoThunder_cpu_None[repro],teardown,0.0,18.66
after_careful_mock,10,test_fxreport_DynamoThunder_cpu_None[benchmark],thunder/tests/test_dynamo.py::test_fxreport_DynamoThunder_cpu_None[benchmark],call,5.35,18.6
after_careful_mock,10,test_dynamo_reproducer_split_DynamoThunder_cpu_None[repro],thunder/tests/test_dynamo.py::test_dynamo_reproducer_split_DynamoThunder_cpu_None[repro],call,3.83,18.6
after_careful_mock,10,test_dynamo_reproducer_split_DynamoThunder_cpu_None[benchmark],thunder/tests/test_dynamo.py::test_dynamo_reproducer_split_DynamoThunder_cpu_None[benchmark],call,2.8,18.6
after_careful_mock,10,test_fxreport_DynamoThunder_cpu_None[repro],thunder/tests/test_dynamo.py::test_fxreport_DynamoThunder_cpu_None[repro],call,2.58,18.6
after_careful_mock,10,test_dynamo_reproducer_2graph_DynamoThunder_cpu_None[repro],thunder/tests/test_dynamo.py::test_dynamo_reproducer_2graph_DynamoThunder_cpu_None[repro],call,1.95,18.6
after_careful_mock,10,test_dynamo_reproducer_2graph_DynamoThunder_cpu_None[benchmark],thunder/tests/test_dynamo.py::test_dynamo_reproducer_2graph_DynamoThunder_cpu_None[benchmark],call,1.9,18.6
after_careful_mock,10,test_dynamo_reproducer_split_DynamoThunder_cpu_None[repro],thunder/tests/test_dynamo.py::test_dynamo_reproducer_split_DynamoThunder_cpu_None[repro],setup,0.0,18.6
after_careful_mock,10,test_dynamo_reproducer_split_DynamoThunder_cpu_None[benchmark],thunder/tests/test_dynamo.py::test_dynamo_reproducer_split_DynamoThunder_cpu_None[benchmark],setup,0.0,18.6
after_careful_mock,10,test_fxreport_DynamoThunder_cpu_None[benchmark],thunder/tests/test_dynamo.py::test_fxreport_DynamoThunder_cpu_None[benchmark],setup,0.0,18.6
after_careful_mock,10,test_fxreport_DynamoThunder_cpu_None[repro],thunder/tests/test_dynamo.py::test_fxreport_DynamoThunder_cpu_None[repro],setup,0.0,18.6
after_careful_mock,10,test_dynamo_reproducer_2graph_DynamoThunder_cpu_None[repro],thunder/tests/test_dynamo.py::test_dynamo_reproducer_2graph_DynamoThunder_cpu_None[repro],setup,0.0,18.6
after_careful_mock,10,test_dynamo_reproducer_2graph_DynamoThunder_cpu_None[benchmark],thunder/tests/test_dynamo.py::test_dynamo_reproducer_2graph_DynamoThunder_cpu_None[benchmark],setup,0.0,18.6
after_careful_mock,10,test_fxreport_DynamoThunder_cpu_None[repro],thunder/tests/test_dynamo.py::test_fxreport_DynamoThunder_cpu_None[repro],teardown,0.0,18.6
after_careful_mock,10,test_dynamo_reproducer_2graph_DynamoThunder_cpu_None[repro],thunder/tests/test_dynamo.py::test_dynamo_reproducer_2graph_DynamoThunder_cpu_None[repro],teardown,0.0,18.6
after_careful_mock,10,test_fxreport_DynamoThunder_cpu_None[benchmark],thunder/tests/test_dynamo.py::test_fxreport_DynamoThunder_cpu_None[benchmark],teardown,0.0,18.6
after_careful_mock,10,test_dynamo_reproducer_split_DynamoThunder_cpu_None[repro],thunder/tests/test_dynamo.py::test_dynamo_reproducer_split_DynamoThunder_cpu_None[repro],teardown,0.0,18.6
after_careful_mock,10,test_dynamo_reproducer_split_DynamoThunder_cpu_None[benchmark],thunder/tests/test_dynamo.py::test_dynamo_reproducer_split_DynamoThunder_cpu_None[benchmark],teardown,0.0,18.6
after_careful_mock,10,test_dynamo_reproducer_2graph_DynamoThunder_cpu_None[benchmark],thunder/tests/test_dynamo.py::test_dynamo_reproducer_2graph_DynamoThunder_cpu_None[benchmark],teardown,0.0,18.6
after_careful_mock,11,test_fxreport_DynamoThunder_cpu_None[benchmark],thunder/tests/test_dynamo.py::test_fxreport_DynamoThunder_cpu_None[benchmark],call,6.17,18.68
after_careful_mock,11,test_dynamo_reproducer_split_DynamoThunder_cpu_None[repro],thunder/tests/test_dynamo.py::test_dynamo_reproducer_split_DynamoThunder_cpu_None[repro],call,2.92,18.68
after_careful_mock,11,test_dynamo_reproducer_split_DynamoThunder_cpu_None[benchmark],thunder/tests/test_dynamo.py::test_dynamo_reproducer_split_DynamoThunder_cpu_None[benchmark],call,2.9,18.68
after_careful_mock,11,test_fxreport_DynamoThunder_cpu_None[repro],thunder/tests/test_dynamo.py::test_fxreport_DynamoThunder_cpu_None[repro],call,2.59,18.68
after_careful_mock,11,test_dynamo_reproducer_2graph_DynamoThunder_cpu_None[repro],thunder/tests/test_dynamo.py::test_dynamo_reproducer_2graph_DynamoThunder_cpu_None[repro],call,1.97,18.68
after_careful_mock,11,test_dynamo_reproducer_2graph_DynamoThunder_cpu_None[benchmark],thunder/tests/test_dynamo.py::test_dynamo_reproducer_2graph_DynamoThunder_cpu_None[benchmark],call,1.92,18.68
after_careful_mock,11,test_fxreport_DynamoThunder_cpu_None[benchmark],thunder/tests/test_dynamo.py::test_fxreport_DynamoThunder_cpu_None[benchmark],setup,0.0,18.68
after_careful_mock,11,test_fxreport_DynamoThunder_cpu_None[repro],thunder/tests/test_dynamo.py::test_fxreport_DynamoThunder_cpu_None[repro],setup,0.0,18.68
after_careful_mock,11,test_dynamo_reproducer_split_DynamoThunder_cpu_None[benchmark],thunder/tests/test_dynamo.py::test_dynamo_reproducer_split_DynamoThunder_cpu_None[benchmark],setup,0.0,18.68
after_careful_mock,11,test_dynamo_reproducer_2graph_DynamoThunder_cpu_None[benchmark],thunder/tests/test_dynamo.py::test_dynamo_reproducer_2graph_DynamoThunder_cpu_None[benchmark],setup,0.0,18.68
after_careful_mock,11,test_dynamo_reproducer_split_DynamoThunder_cpu_None[repro],thunder/tests/test_dynamo.py::test_dynamo_reproducer_split_DynamoThunder_cpu_None[repro],setup,0.0,18.68
after_careful_mock,11,test_dynamo_reproducer_2graph_DynamoThunder_cpu_None[repro],thunder/tests/test_dynamo.py::test_dynamo_reproducer_2graph_DynamoThunder_cpu_None[repro],setup,0.0,18.68
after_careful_mock,11,test_fxreport_DynamoThunder_cpu_None[repro],thunder/tests/test_dynamo.py::test_fxreport_DynamoThunder_cpu_None[repro],teardown,0.0,18.68
after_careful_mock,11,test_dynamo_reproducer_2graph_DynamoThunder_cpu_None[repro],thunder/tests/test_dynamo.py::test_dynamo_reproducer_2graph_DynamoThunder_cpu_None[repro],teardown,0.0,18.68
after_careful_mock,11,test_dynamo_reproducer_split_DynamoThunder_cpu_None[repro],thunder/tests/test_dynamo.py::test_dynamo_reproducer_split_DynamoThunder_cpu_None[repro],teardown,0.0,18.68
after_careful_mock,11,test_dynamo_reproducer_split_DynamoThunder_cpu_None[benchmark],thunder/tests/test_dynamo.py::test_dynamo_reproducer_split_DynamoThunder_cpu_None[benchmark],teardown,0.0,18.68
after_careful_mock,11,test_dynamo_reproducer_2graph_DynamoThunder_cpu_None[benchmark],thunder/tests/test_dynamo.py::test_dynamo_reproducer_2graph_DynamoThunder_cpu_None[benchmark],teardown,0.0,18.68
after_careful_mock,11,test_fxreport_DynamoThunder_cpu_None[benchmark],thunder/tests/test_dynamo.py::test_fxreport_DynamoThunder_cpu_None[benchmark],teardown,0.0,18.68
after_careful_mock,12,test_fxreport_DynamoThunder_cpu_None[benchmark],thunder/tests/test_dynamo.py::test_fxreport_DynamoThunder_cpu_None[benchmark],call,5.33,18.63
after_careful_mock,12,test_dynamo_reproducer_split_DynamoThunder_cpu_None[repro],thunder/tests/test_dynamo.py::test_dynamo_reproducer_split_DynamoThunder_cpu_None[repro],call,3.81,18.63
after_careful_mock,12,test_dynamo_reproducer_split_DynamoThunder_cpu_None[benchmark],thunder/tests/test_dynamo.py::test_dynamo_reproducer_split_DynamoThunder_cpu_None[benchmark],call,2.84,18.63
after_careful_mock,12,test_fxreport_DynamoThunder_cpu_None[repro],thunder/tests/test_dynamo.py::test_fxreport_DynamoThunder_cpu_None[repro],call,2.59,18.63
after_careful_mock,12,test_dynamo_reproducer_2graph_DynamoThunder_cpu_None[repro],thunder/tests/test_dynamo.py::test_dynamo_reproducer_2graph_DynamoThunder_cpu_None[repro],call,1.95,18.63
after_careful_mock,12,test_dynamo_reproducer_2graph_DynamoThunder_cpu_None[benchmark],thunder/tests/test_dynamo.py::test_dynamo_reproducer_2graph_DynamoThunder_cpu_None[benchmark],call,1.91,18.63
after_careful_mock,12,test_dynamo_reproducer_split_DynamoThunder_cpu_None[repro],thunder/tests/test_dynamo.py::test_dynamo_reproducer_split_DynamoThunder_cpu_None[repro],setup,0.0,18.63
after_careful_mock,12,test_fxreport_DynamoThunder_cpu_None[benchmark],thunder/tests/test_dynamo.py::test_fxreport_DynamoThunder_cpu_None[benchmark],setup,0.0,18.63
after_careful_mock,12,test_fxreport_DynamoThunder_cpu_None[repro],thunder/tests/test_dynamo.py::test_fxreport_DynamoThunder_cpu_None[repro],setup,0.0,18.63
after_careful_mock,12,test_dynamo_reproducer_2graph_DynamoThunder_cpu_None[repro],thunder/tests/test_dynamo.py::test_dynamo_reproducer_2graph_DynamoThunder_cpu_None[repro],setup,0.0,18.63
after_careful_mock,12,test_dynamo_reproducer_2graph_DynamoThunder_cpu_None[benchmark],thunder/tests/test_dynamo.py::test_dynamo_reproducer_2graph_DynamoThunder_cpu_None[benchmark],setup,0.0,18.63
after_careful_mock,12,test_dynamo_reproducer_split_DynamoThunder_cpu_None[benchmark],thunder/tests/test_dynamo.py::test_dynamo_reproducer_split_DynamoThunder_cpu_None[benchmark],setup,0.0,18.63
after_careful_mock,12,test_dynamo_reproducer_2graph_DynamoThunder_cpu_None[benchmark],thunder/tests/test_dynamo.py::test_dynamo_reproducer_2graph_DynamoThunder_cpu_None[benchmark],teardown,0.0,18.63
after_careful_mock,12,test_dynamo_reproducer_split_DynamoThunder_cpu_None[benchmark],thunder/tests/test_dynamo.py::test_dynamo_reproducer_split_DynamoThunder_cpu_None[benchmark],teardown,0.0,18.63
after_careful_mock,12,test_dynamo_reproducer_split_DynamoThunder_cpu_None[repro],thunder/tests/test_dynamo.py::test_dynamo_reproducer_split_DynamoThunder_cpu_None[repro],teardown,0.0,18.63
after_careful_mock,12,test_dynamo_reproducer_2graph_DynamoThunder_cpu_None[repro],thunder/tests/test_dynamo.py::test_dynamo_reproducer_2graph_DynamoThunder_cpu_None[repro],teardown,0.0,18.63
after_careful_mock,12,test_fxreport_DynamoThunder_cpu_None[repro],thunder/tests/test_dynamo.py::test_fxreport_DynamoThunder_cpu_None[repro],teardown,0.0,18.63
after_careful_mock,12,test_fxreport_DynamoThunder_cpu_None[benchmark],thunder/tests/test_dynamo.py::test_fxreport_DynamoThunder_cpu_None[benchmark],teardown,0.0,18.63
after_careful_mock,13,test_fxreport_DynamoThunder_cpu_None[repro],thunder/tests/test_dynamo.py::test_fxreport_DynamoThunder_cpu_None[repro],call,4.6,18.64
after_careful_mock,13,test_dynamo_reproducer_split_DynamoThunder_cpu_None[repro],thunder/tests/test_dynamo.py::test_dynamo_reproducer_split_DynamoThunder_cpu_None[repro],call,3.81,18.64
after_careful_mock,13,test_fxreport_DynamoThunder_cpu_None[benchmark],thunder/tests/test_dynamo.py::test_fxreport_DynamoThunder_cpu_None[benchmark],call,3.32,18.64
after_careful_mock,13,test_dynamo_reproducer_split_DynamoThunder_cpu_None[benchmark],thunder/tests/test_dynamo.py::test_dynamo_reproducer_split_DynamoThunder_cpu_None[benchmark],call,2.83,18.64
after_careful_mock,13,test_dynamo_reproducer_2graph_DynamoThunder_cpu_None[repro],thunder/tests/test_dynamo.py::test_dynamo_reproducer_2graph_DynamoThunder_cpu_None[repro],call,1.97,18.64
after_careful_mock,13,test_dynamo_reproducer_2graph_DynamoThunder_cpu_None[benchmark],thunder/tests/test_dynamo.py::test_dynamo_reproducer_2graph_DynamoThunder_cpu_None[benchmark],call,1.91,18.64
after_careful_mock,13,test_dynamo_reproducer_split_DynamoThunder_cpu_None[repro],thunder/tests/test_dynamo.py::test_dynamo_reproducer_split_DynamoThunder_cpu_None[repro],setup,0.0,18.64
after_careful_mock,13,test_dynamo_reproducer_2graph_DynamoThunder_cpu_None[repro],thunder/tests/test_dynamo.py::test_dynamo_reproducer_2graph_DynamoThunder_cpu_None[repro],setup,0.0,18.64
after_careful_mock,13,test_fxreport_DynamoThunder_cpu_None[benchmark],thunder/tests/test_dynamo.py::test_fxreport_DynamoThunder_cpu_None[benchmark],setup,0.0,18.64
after_careful_mock,13,test_fxreport_DynamoThunder_cpu_None[repro],thunder/tests/test_dynamo.py::test_fxreport_DynamoThunder_cpu_None[repro],setup,0.0,18.64
after_careful_mock,13,test_dynamo_reproducer_split_DynamoThunder_cpu_None[benchmark],thunder/tests/test_dynamo.py::test_dynamo_reproducer_split_DynamoThunder_cpu_None[benchmark],setup,0.0,18.64
after_careful_mock,13,test_dynamo_reproducer_2graph_DynamoThunder_cpu_None[benchmark],thunder/tests/test_dynamo.py::test_dynamo_reproducer_2graph_DynamoThunder_cpu_None[benchmark],setup,0.0,18.64
after_careful_mock,13,test_dynamo_reproducer_split_DynamoThunder_cpu_None[benchmark],thunder/tests/test_dynamo.py::test_dynamo_reproducer_split_DynamoThunder_cpu_None[benchmark],teardown,0.0,18.64
after_careful_mock,13,test_dynamo_reproducer_2graph_DynamoThunder_cpu_None[benchmark],thunder/tests/test_dynamo.py::test_dynamo_reproducer_2graph_DynamoThunder_cpu_None[benchmark],teardown,0.0,18.64
after_careful_mock,13,test_fxreport_DynamoThunder_cpu_None[repro],thunder/tests/test_dynamo.py::test_fxreport_DynamoThunder_cpu_None[repro],teardown,0.0,18.64
after_careful_mock,13,test_fxreport_DynamoThunder_cpu_None[benchmark],thunder/tests/test_dynamo.py::test_fxreport_DynamoThunder_cpu_None[benchmark],teardown,0.0,18.64
after_careful_mock,13,test_dynamo_reproducer_2graph_DynamoThunder_cpu_None[repro],thunder/tests/test_dynamo.py::test_dynamo_reproducer_2graph_DynamoThunder_cpu_None[repro],teardown,0.0,18.64
after_careful_mock,13,test_dynamo_reproducer_split_DynamoThunder_cpu_None[repro],thunder/tests/test_dynamo.py::test_dynamo_reproducer_split_DynamoThunder_cpu_None[repro],teardown,0.0,18.64
after_careful_mock,14,test_fxreport_DynamoThunder_cpu_None[repro],thunder/tests/test_dynamo.py::test_fxreport_DynamoThunder_cpu_None[repro],call,4.6,18.55
after_careful_mock,14,test_dynamo_reproducer_split_DynamoThunder_cpu_None[benchmark],thunder/tests/test_dynamo.py::test_dynamo_reproducer_split_DynamoThunder_cpu_None[benchmark],call,3.71,18.55
after_careful_mock,14,test_fxreport_DynamoThunder_cpu_None[benchmark],thunder/tests/test_dynamo.py::test_fxreport_DynamoThunder_cpu_None[benchmark],call,3.28,18.55
after_careful_mock,14,test_dynamo_reproducer_split_DynamoThunder_cpu_None[repro],thunder/tests/test_dynamo.py::test_dynamo_reproducer_split_DynamoThunder_cpu_None[repro],call,2.91,18.55
after_careful_mock,14,test_dynamo_reproducer_2graph_DynamoThunder_cpu_None[repro],thunder/tests/test_dynamo.py::test_dynamo_reproducer_2graph_DynamoThunder_cpu_None[repro],call,1.96,18.55
after_careful_mock,14,test_dynamo_reproducer_2graph_DynamoThunder_cpu_None[benchmark],thunder/tests/test_dynamo.py::test_dynamo_reproducer_2graph_DynamoThunder_cpu_None[benchmark],call,1.89,18.55
after_careful_mock,14,test_dynamo_reproducer_split_DynamoThunder_cpu_None[benchmark],thunder/tests/test_dynamo.py::test_dynamo_reproducer_split_DynamoThunder_cpu_None[benchmark],setup,0.0,18.55
after_careful_mock,14,test_fxreport_DynamoThunder_cpu_None[benchmark],thunder/tests/test_dynamo.py::test_fxreport_DynamoThunder_cpu_None[benchmark],setup,0.0,18.55
after_careful_mock,14,test_dynamo_reproducer_2graph_DynamoThunder_cpu_None[benchmark],thunder/tests/test_dynamo.py::test_dynamo_reproducer_2graph_DynamoThunder_cpu_None[benchmark],setup,0.0,18.55
after_careful_mock,14,test_fxreport_DynamoThunder_cpu_None[repro],thunder/tests/test_dynamo.py::test_fxreport_DynamoThunder_cpu_None[repro],setup,0.0,18.55
after_careful_mock,14,test_dynamo_reproducer_2graph_DynamoThunder_cpu_None[repro],thunder/tests/test_dynamo.py::test_dynamo_reproducer_2graph_DynamoThunder_cpu_None[repro],setup,0.0,18.55
after_careful_mock,14,test_dynamo_reproducer_split_DynamoThunder_cpu_None[repro],thunder/tests/test_dynamo.py::test_dynamo_reproducer_split_DynamoThunder_cpu_None[repro],setup,0.0,18.55
after_careful_mock,14,test_dynamo_reproducer_2graph_DynamoThunder_cpu_None[benchmark],thunder/tests/test_dynamo.py::test_dynamo_reproducer_2graph_DynamoThunder_cpu_None[benchmark],teardown,0.0,18.55
after_careful_mock,14,test_dynamo_reproducer_2graph_DynamoThunder_cpu_None[repro],thunder/tests/test_dynamo.py::test_dynamo_reproducer_2graph_DynamoThunder_cpu_None[repro],teardown,0.0,18.55
after_careful_mock,14,test_dynamo_reproducer_split_DynamoThunder_cpu_None[repro],thunder/tests/test_dynamo.py::test_dynamo_reproducer_split_DynamoThunder_cpu_None[repro],teardown,0.0,18.55
after_careful_mock,14,test_fxreport_DynamoThunder_cpu_None[benchmark],thunder/tests/test_dynamo.py::test_fxreport_DynamoThunder_cpu_None[benchmark],teardown,0.0,18.55
after_careful_mock,14,test_fxreport_DynamoThunder_cpu_None[repro],thunder/tests/test_dynamo.py::test_fxreport_DynamoThunder_cpu_None[repro],teardown,0.0,18.55
after_careful_mock,14,test_dynamo_reproducer_split_DynamoThunder_cpu_None[benchmark],thunder/tests/test_dynamo.py::test_dynamo_reproducer_split_DynamoThunder_cpu_None[benchmark],teardown,0.0,18.55
after_careful_mock,15,test_fxreport_DynamoThunder_cpu_None[benchmark],thunder/tests/test_dynamo.py::test_fxreport_DynamoThunder_cpu_None[benchmark],call,6.11,18.64
after_careful_mock,15,test_dynamo_reproducer_split_DynamoThunder_cpu_None[repro],thunder/tests/test_dynamo.py::test_dynamo_reproducer_split_DynamoThunder_cpu_None[repro],call,2.91,18.64
after_careful_mock,15,test_dynamo_reproducer_split_DynamoThunder_cpu_None[benchmark],thunder/tests/test_dynamo.py::test_dynamo_reproducer_split_DynamoThunder_cpu_None[benchmark],call,2.84,18.64
after_careful_mock,15,test_fxreport_DynamoThunder_cpu_None[repro],thunder/tests/test_dynamo.py::test_fxreport_DynamoThunder_cpu_None[repro],call,2.59,18.64
after_careful_mock,15,test_dynamo_reproducer_2graph_DynamoThunder_cpu_None[benchmark],thunder/tests/test_dynamo.py::test_dynamo_reproducer_2graph_DynamoThunder_cpu_None[benchmark],call,2.02,18.64
after_careful_mock,15,test_dynamo_reproducer_2graph_DynamoThunder_cpu_None[repro],thunder/tests/test_dynamo.py::test_dynamo_reproducer_2graph_DynamoThunder_cpu_None[repro],call,1.96,18.64
after_careful_mock,15,test_dynamo_reproducer_2graph_DynamoThunder_cpu_None[benchmark],thunder/tests/test_dynamo.py::test_dynamo_reproducer_2graph_DynamoThunder_cpu_None[benchmark],setup,0.0,18.64
after_careful_mock,15,test_fxreport_DynamoThunder_cpu_None[repro],thunder/tests/test_dynamo.py::test_fxreport_DynamoThunder_cpu_None[repro],setup,0.0,18.64
after_careful_mock,15,test_dynamo_reproducer_2graph_DynamoThunder_cpu_None[repro],thunder/tests/test_dynamo.py::test_dynamo_reproducer_2graph_DynamoThunder_cpu_None[repro],setup,0.0,18.64
after_careful_mock,15,test_dynamo_reproducer_split_DynamoThunder_cpu_None[repro],thunder/tests/test_dynamo.py::test_dynamo_reproducer_split_DynamoThunder_cpu_None[repro],setup,0.0,18.64
after_careful_mock,15,test_dynamo_reproducer_split_DynamoThunder_cpu_None[benchmark],thunder/tests/test_dynamo.py::test_dynamo_reproducer_split_DynamoThunder_cpu_None[benchmark],setup,0.0,18.64
after_careful_mock,15,test_fxreport_DynamoThunder_cpu_None[benchmark],thunder/tests/test_dynamo.py::test_fxreport_DynamoThunder_cpu_None[benchmark],setup,0.0,18.64
after_careful_mock,15,test_fxreport_DynamoThunder_cpu_None[repro],thunder/tests/test_dynamo.py::test_fxreport_DynamoThunder_cpu_None[repro],teardown,0.0,18.64
after_careful_mock,15,test_dynamo_reproducer_split_DynamoThunder_cpu_None[repro],thunder/tests/test_dynamo.py::test_dynamo_reproducer_split_DynamoThunder_cpu_None[repro],teardown,0.0,18.64
after_careful_mock,15,test_fxreport_DynamoThunder_cpu_None[benchmark],thunder/tests/test_dynamo.py::test_fxreport_DynamoThunder_cpu_None[benchmark],teardown,0.0,18.64
after_careful_mock,15,test_dynamo_reproducer_2graph_DynamoThunder_cpu_None[repro],thunder/tests/test_dynamo.py::test_dynamo_reproducer_2graph_DynamoThunder_cpu_None[repro],teardown,0.0,18.64
after_careful_mock,15,test_dynamo_reproducer_2graph_DynamoThunder_cpu_None[benchmark],thunder/tests/test_dynamo.py::test_dynamo_reproducer_2graph_DynamoThunder_cpu_None[benchmark],teardown,0.0,18.64
after_careful_mock,15,test_dynamo_reproducer_split_DynamoThunder_cpu_None[benchmark],thunder/tests/test_dynamo.py::test_dynamo_reproducer_split_DynamoThunder_cpu_None[benchmark],teardown,0.0,18.64
after_careful_mock,16,test_fxreport_DynamoThunder_cpu_None[benchmark],thunder/tests/test_dynamo.py::test_fxreport_DynamoThunder_cpu_None[benchmark],call,6.13,18.63
after_careful_mock,16,test_dynamo_reproducer_split_DynamoThunder_cpu_None[repro],thunder/tests/test_dynamo.py::test_dynamo_reproducer_split_DynamoThunder_cpu_None[repro],call,2.94,18.63
after_careful_mock,16,test_dynamo_reproducer_split_DynamoThunder_cpu_None[benchmark],thunder/tests/test_dynamo.py::test_dynamo_reproducer_split_DynamoThunder_cpu_None[benchmark],call,2.81,18.63
after_careful_mock,16,test_fxreport_DynamoThunder_cpu_None[repro],thunder/tests/test_dynamo.py::test_fxreport_DynamoThunder_cpu_None[repro],call,2.57,18.63
after_careful_mock,16,test_dynamo_reproducer_2graph_DynamoThunder_cpu_None[repro],thunder/tests/test_dynamo.py::test_dynamo_reproducer_2graph_DynamoThunder_cpu_None[repro],call,2.05,18.63
after_careful_mock,16,test_dynamo_reproducer_2graph_DynamoThunder_cpu_None[benchmark],thunder/tests/test_dynamo.py::test_dynamo_reproducer_2graph_DynamoThunder_cpu_None[benchmark],call,1.91,18.63
after_careful_mock,16,test_dynamo_reproducer_2graph_DynamoThunder_cpu_None[repro],thunder/tests/test_dynamo.py::test_dynamo_reproducer_2graph_DynamoThunder_cpu_None[repro],setup,0.0,18.63
after_careful_mock,16,test_dynamo_reproducer_2graph_DynamoThunder_cpu_None[benchmark],thunder/tests/test_dynamo.py::test_dynamo_reproducer_2graph_DynamoThunder_cpu_None[benchmark],setup,0.0,18.63
after_careful_mock,16,test_dynamo_reproducer_split_DynamoThunder_cpu_None[repro],thunder/tests/test_dynamo.py::test_dynamo_reproducer_split_DynamoThunder_cpu_None[repro],setup,0.0,18.63
after_careful_mock,16,test_fxreport_DynamoThunder_cpu_None[repro],thunder/tests/test_dynamo.py::test_fxreport_DynamoThunder_cpu_None[repro],setup,0.0,18.63
after_careful_mock,16,test_dynamo_reproducer_split_DynamoThunder_cpu_None[benchmark],thunder/tests/test_dynamo.py::test_dynamo_reproducer_split_DynamoThunder_cpu_None[benchmark],setup,0.0,18.63
after_careful_mock,16,test_fxreport_DynamoThunder_cpu_None[benchmark],thunder/tests/test_dynamo.py::test_fxreport_DynamoThunder_cpu_None[benchmark],setup,0.0,18.63
after_careful_mock,16,test_fxreport_DynamoThunder_cpu_None[repro],thunder/tests/test_dynamo.py::test_fxreport_DynamoThunder_cpu_None[repro],teardown,0.0,18.63
after_careful_mock,16,test_dynamo_reproducer_2graph_DynamoThunder_cpu_None[repro],thunder/tests/test_dynamo.py::test_dynamo_reproducer_2graph_DynamoThunder_cpu_None[repro],teardown,0.0,18.63
after_careful_mock,16,test_dynamo_reproducer_split_DynamoThunder_cpu_None[repro],thunder/tests/test_dynamo.py::test_dynamo_reproducer_split_DynamoThunder_cpu_None[repro],teardown,0.0,18.63
after_careful_mock,16,test_dynamo_reproducer_2graph_DynamoThunder_cpu_None[benchmark],thunder/tests/test_dynamo.py::test_dynamo_reproducer_2graph_DynamoThunder_cpu_None[benchmark],teardown,0.0,18.63
after_careful_mock,16,test_dynamo_reproducer_split_DynamoThunder_cpu_None[benchmark],thunder/tests/test_dynamo.py::test_dynamo_reproducer_split_DynamoThunder_cpu_None[benchmark],teardown,0.0,18.63
after_careful_mock,16,test_fxreport_DynamoThunder_cpu_None[benchmark],thunder/tests/test_dynamo.py::test_fxreport_DynamoThunder_cpu_None[benchmark],teardown,0.0,18.63
after_careful_mock,17,test_fxreport_DynamoThunder_cpu_None[repro],thunder/tests/test_dynamo.py::test_fxreport_DynamoThunder_cpu_None[repro],call,5.44,18.67
after_careful_mock,17,test_fxreport_DynamoThunder_cpu_None[benchmark],thunder/tests/test_dynamo.py::test_fxreport_DynamoThunder_cpu_None[benchmark],call,3.31,18.67
after_careful_mock,17,test_dynamo_reproducer_split_DynamoThunder_cpu_None[repro],thunder/tests/test_dynamo.py::test_dynamo_reproducer_split_DynamoThunder_cpu_None[repro],call,3.02,18.67
after_careful_mock,17,test_dynamo_reproducer_split_DynamoThunder_cpu_None[benchmark],thunder/tests/test_dynamo.py::test_dynamo_reproducer_split_DynamoThunder_cpu_None[benchmark],call,2.84,18.67
after_careful_mock,17,test_dynamo_reproducer_2graph_DynamoThunder_cpu_None[repro],thunder/tests/test_dynamo.py::test_dynamo_reproducer_2graph_DynamoThunder_cpu_None[repro],call,1.97,18.67
after_careful_mock,17,test_dynamo_reproducer_2graph_DynamoThunder_cpu_None[benchmark],thunder/tests/test_dynamo.py::test_dynamo_reproducer_2graph_DynamoThunder_cpu_None[benchmark],call,1.89,18.67
after_careful_mock,17,test_fxreport_DynamoThunder_cpu_None[benchmark],thunder/tests/test_dynamo.py::test_fxreport_DynamoThunder_cpu_None[benchmark],setup,0.0,18.67
after_careful_mock,17,test_fxreport_DynamoThunder_cpu_None[repro],thunder/tests/test_dynamo.py::test_fxreport_DynamoThunder_cpu_None[repro],setup,0.0,18.67
after_careful_mock,17,test_dynamo_reproducer_split_DynamoThunder_cpu_None[repro],thunder/tests/test_dynamo.py::test_dynamo_reproducer_split_DynamoThunder_cpu_None[repro],setup,0.0,18.67
after_careful_mock,17,test_dynamo_reproducer_split_DynamoThunder_cpu_None[benchmark],thunder/tests/test_dynamo.py::test_dynamo_reproducer_split_DynamoThunder_cpu_None[benchmark],setup,0.0,18.67
after_careful_mock,17,test_dynamo_reproducer_2graph_DynamoThunder_cpu_None[benchmark],thunder/tests/test_dynamo.py::test_dynamo_reproducer_2graph_DynamoThunder_cpu_None[benchmark],setup,0.0,18.67
after_careful_mock,17,test_dynamo_reproducer_2graph_DynamoThunder_cpu_None[repro],thunder/tests/test_dynamo.py::test_dynamo_reproducer_2graph_DynamoThunder_cpu_None[repro],setup,0.0,18.67
after_careful_mock,17,test_dynamo_reproducer_2graph_DynamoThunder_cpu_None[repro],thunder/tests/test_dynamo.py::test_dynamo_reproducer_2graph_DynamoThunder_cpu_None[repro],teardown,0.0,18.67
after_careful_mock,17,test_dynamo_reproducer_2graph_DynamoThunder_cpu_None[benchmark],thunder/tests/test_dynamo.py::test_dynamo_reproducer_2graph_DynamoThunder_cpu_None[benchmark],teardown,0.0,18.67
after_careful_mock,17,test_fxreport_DynamoThunder_cpu_None[benchmark],thunder/tests/test_dynamo.py::test_fxreport_DynamoThunder_cpu_None[benchmark],teardown,0.0,18.67
after_careful_mock,17,test_dynamo_reproducer_split_DynamoThunder_cpu_None[repro],thunder/tests/test_dynamo.py::test_dynamo_reproducer_split_DynamoThunder_cpu_None[repro],teardown,0.0,18.67
after_careful_mock,17,test_dynamo_reproducer_split_DynamoThunder_cpu_None[benchmark],thunder/tests/test_dynamo.py::test_dynamo_reproducer_split_DynamoThunder_cpu_None[benchmark],teardown,0.0,18.67
after_careful_mock,17,test_fxreport_DynamoThunder_cpu_None[repro],thunder/tests/test_dynamo.py::test_fxreport_DynamoThunder_cpu_None[repro],teardown,0.0,18.67
after_careful_mock,18,test_fxreport_DynamoThunder_cpu_None[benchmark],thunder/tests/test_dynamo.py::test_fxreport_DynamoThunder_cpu_None[benchmark],call,5.35,18.61
after_careful_mock,18,test_dynamo_reproducer_split_DynamoThunder_cpu_None[repro],thunder/tests/test_dynamo.py::test_dynamo_reproducer_split_DynamoThunder_cpu_None[repro],call,3.69,18.61
after_careful_mock,18,test_dynamo_reproducer_split_DynamoThunder_cpu_None[benchmark],thunder/tests/test_dynamo.py::test_dynamo_reproducer_split_DynamoThunder_cpu_None[benchmark],call,2.84,18.61
after_careful_mock,18,test_fxreport_DynamoThunder_cpu_None[repro],thunder/tests/test_dynamo.py::test_fxreport_DynamoThunder_cpu_None[repro],call,2.59,18.61
after_careful_mock,18,test_dynamo_reproducer_2graph_DynamoThunder_cpu_None[repro],thunder/tests/test_dynamo.py::test_dynamo_reproducer_2graph_DynamoThunder_cpu_None[repro],call,2.06,18.61
after_careful_mock,18,test_dynamo_reproducer_2graph_DynamoThunder_cpu_None[benchmark],thunder/tests/test_dynamo.py::test_dynamo_reproducer_2graph_DynamoThunder_cpu_None[benchmark],call,1.9,18.61
after_careful_mock,18,test_dynamo_reproducer_2graph_DynamoThunder_cpu_None[repro],thunder/tests/test_dynamo.py::test_dynamo_reproducer_2graph_DynamoThunder_cpu_None[repro],setup,0.0,18.61
after_careful_mock,18,test_dynamo_reproducer_2graph_DynamoThunder_cpu_None[benchmark],thunder/tests/test_dynamo.py::test_dynamo_reproducer_2graph_DynamoThunder_cpu_None[benchmark],setup,0.0,18.61
after_careful_mock,18,test_fxreport_DynamoThunder_cpu_None[benchmark],thunder/tests/test_dynamo.py::test_fxreport_DynamoThunder_cpu_None[benchmark],setup,0.0,18.61
after_careful_mock,18,test_fxreport_DynamoThunder_cpu_None[repro],thunder/tests/test_dynamo.py::test_fxreport_DynamoThunder_cpu_None[repro],setup,0.0,18.61
after_careful_mock,18,test_dynamo_reproducer_split_DynamoThunder_cpu_None[benchmark],thunder/tests/test_dynamo.py::test_dynamo_reproducer_split_DynamoThunder_cpu_None[benchmark],setup,0.0,18.61
after_careful_mock,18,test_dynamo_reproducer_split_DynamoThunder_cpu_None[repro],thunder/tests/test_dynamo.py::test_dynamo_reproducer_split_DynamoThunder_cpu_None[repro],setup,0.0,18.61
after_careful_mock,18,test_fxreport_DynamoThunder_cpu_None[benchmark],thunder/tests/test_dynamo.py::test_fxreport_DynamoThunder_cpu_None[benchmark],teardown,0.0,18.61
after_careful_mock,18,test_dynamo_reproducer_2graph_DynamoThunder_cpu_None[benchmark],thunder/tests/test_dynamo.py::test_dynamo_reproducer_2graph_DynamoThunder_cpu_None[benchmark],teardown,0.0,18.61
after_careful_mock,18,test_dynamo_reproducer_split_DynamoThunder_cpu_None[benchmark],thunder/tests/test_dynamo.py::test_dynamo_reproducer_split_DynamoThunder_cpu_None[benchmark],teardown,0.0,18.61
after_careful_mock,18,test_fxreport_DynamoThunder_cpu_None[repro],thunder/tests/test_dynamo.py::test_fxreport_DynamoThunder_cpu_None[repro],teardown,0.0,18.61
after_careful_mock,18,test_dynamo_reproducer_split_DynamoThunder_cpu_None[repro],thunder/tests/test_dynamo.py::test_dynamo_reproducer_split_DynamoThunder_cpu_None[repro],teardown,0.0,18.61
after_careful_mock,18,test_dynamo_reproducer_2graph_DynamoThunder_cpu_None[repro],thunder/tests/test_dynamo.py::test_dynamo_reproducer_2graph_DynamoThunder_cpu_None[repro],teardown,0.0,18.61
after_careful_mock,19,test_fxreport_DynamoThunder_cpu_None[repro],thunder/tests/test_dynamo.py::test_fxreport_DynamoThunder_cpu_None[repro],call,4.61,18.62
after_careful_mock,19,test_dynamo_reproducer_split_DynamoThunder_cpu_None[repro],thunder/tests/test_dynamo.py::test_dynamo_reproducer_split_DynamoThunder_cpu_None[repro],call,3.81,18.62
after_careful_mock,19,test_fxreport_DynamoThunder_cpu_None[benchmark],thunder/tests/test_dynamo.py::test_fxreport_DynamoThunder_cpu_None[benchmark],call,3.29,18.62
after_careful_mock,19,test_dynamo_reproducer_split_DynamoThunder_cpu_None[benchmark],thunder/tests/test_dynamo.py::test_dynamo_reproducer_split_DynamoThunder_cpu_None[benchmark],call,2.84,18.62
after_careful_mock,19,test_dynamo_reproducer_2graph_DynamoThunder_cpu_None[repro],thunder/tests/test_dynamo.py::test_dynamo_reproducer_2graph_DynamoThunder_cpu_None[repro],call,1.96,18.62
after_careful_mock,19,test_dynamo_reproducer_2graph_DynamoThunder_cpu_None[benchmark],thunder/tests/test_dynamo.py::test_dynamo_reproducer_2graph_DynamoThunder_cpu_None[benchmark],call,1.9,18.62
after_careful_mock,19,test_dynamo_reproducer_split_DynamoThunder_cpu_None[repro],thunder/tests/test_dynamo.py::test_dynamo_reproducer_split_DynamoThunder_cpu_None[repro],setup,0.0,18.62
after_careful_mock,19,test_dynamo_reproducer_2graph_DynamoThunder_cpu_None[benchmark],thunder/tests/test_dynamo.py::test_dynamo_reproducer_2graph_DynamoThunder_cpu_None[benchmark],setup,0.0,18.62
after_careful_mock,19,test_dynamo_reproducer_2graph_DynamoThunder_cpu_None[repro],thunder/tests/test_dynamo.py::test_dynamo_reproducer_2graph_DynamoThunder_cpu_None[repro],setup,0.0,18.62
after_careful_mock,19,test_fxreport_DynamoThunder_cpu_None[repro],thunder/tests/test_dynamo.py::test_fxreport_DynamoThunder_cpu_None[repro],setup,0.0,18.62
after_careful_mock,19,test_dynamo_reproducer_split_DynamoThunder_cpu_None[benchmark],thunder/tests/test_dynamo.py::test_dynamo_reproducer_split_DynamoThunder_cpu_None[benchmark],setup,0.0,18.62
after_careful_mock,19,test_fxreport_DynamoThunder_cpu_None[benchmark],thunder/tests/test_dynamo.py::test_fxreport_DynamoThunder_cpu_None[benchmark],setup,0.0,18.62
after_careful_mock,19,test_dynamo_reproducer_2graph_DynamoThunder_cpu_None[benchmark],thunder/tests/test_dynamo.py::test_dynamo_reproducer_2graph_DynamoThunder_cpu_None[benchmark],teardown,0.0,18.62
after_careful_mock,19,test_fxreport_DynamoThunder_cpu_None[benchmark],thunder/tests/test_dynamo.py::test_fxreport_DynamoThunder_cpu_None[benchmark],teardown,0.0,18.62
after_careful_mock,19,test_dynamo_reproducer_split_DynamoThunder_cpu_None[benchmark],thunder/tests/test_dynamo.py::test_dynamo_reproducer_split_DynamoThunder_cpu_None[benchmark],teardown,0.0,18.62
after_careful_mock,19,test_dynamo_reproducer_2graph_DynamoThunder_cpu_None[repro],thunder/tests/test_dynamo.py::test_dynamo_reproducer_2graph_DynamoThunder_cpu_None[repro],teardown,0.0,18.62
after_careful_mock,19,test_fxreport_DynamoThunder_cpu_None[repro],thunder/tests/test_dynamo.py::test_fxreport_DynamoThunder_cpu_None[repro],teardown,0.0,18.62
after_careful_mock,19,test_dynamo_reproducer_split_DynamoThunder_cpu_None[repro],thunder/tests/test_dynamo.py::test_dynamo_reproducer_split_DynamoThunder_cpu_None[repro],teardown,0.0,18.62
after_careful_mock,20,test_fxreport_DynamoThunder_cpu_None[repro],thunder/tests/test_dynamo.py::test_fxreport_DynamoThunder_cpu_None[repro],call,4.59,18.63
after_careful_mock,20,test_dynamo_reproducer_split_DynamoThunder_cpu_None[repro],thunder/tests/test_dynamo.py::test_dynamo_reproducer_split_DynamoThunder_cpu_None[repro],call,3.81,18.63
after_careful_mock,20,test_fxreport_DynamoThunder_cpu_None[benchmark],thunder/tests/test_dynamo.py::test_fxreport_DynamoThunder_cpu_None[benchmark],call,3.3,18.63
after_careful_mock,20,test_dynamo_reproducer_split_DynamoThunder_cpu_None[benchmark],thunder/tests/test_dynamo.py::test_dynamo_reproducer_split_DynamoThunder_cpu_None[benchmark],call,2.82,18.63
after_careful_mock,20,test_dynamo_reproducer_2graph_DynamoThunder_cpu_None[repro],thunder/tests/test_dynamo.py::test_dynamo_reproducer_2graph_DynamoThunder_cpu_None[repro],call,1.98,18.63
after_careful_mock,20,test_dynamo_reproducer_2graph_DynamoThunder_cpu_None[benchmark],thunder/tests/test_dynamo.py::test_dynamo_reproducer_2graph_DynamoThunder_cpu_None[benchmark],call,1.92,18.63
after_careful_mock,20,test_dynamo_reproducer_split_DynamoThunder_cpu_None[repro],thunder/tests/test_dynamo.py::test_dynamo_reproducer_split_DynamoThunder_cpu_None[repro],setup,0.0,18.63
after_careful_mock,20,test_fxreport_DynamoThunder_cpu_None[repro],thunder/tests/test_dynamo.py::test_fxreport_DynamoThunder_cpu_None[repro],setup,0.0,18.63
after_careful_mock,20,test_fxreport_DynamoThunder_cpu_None[benchmark],thunder/tests/test_dynamo.py::test_fxreport_DynamoThunder_cpu_None[benchmark],setup,0.0,18.63
after_careful_mock,20,test_dynamo_reproducer_split_DynamoThunder_cpu_None[benchmark],thunder/tests/test_dynamo.py::test_dynamo_reproducer_split_DynamoThunder_cpu_None[benchmark],setup,0.0,18.63
after_careful_mock,20,test_dynamo_reproducer_2graph_DynamoThunder_cpu_None[benchmark],thunder/tests/test_dynamo.py::test_dynamo_reproducer_2graph_DynamoThunder_cpu_None[benchmark],setup,0.0,18.63
after_careful_mock,20,test_dynamo_reproducer_2graph_DynamoThunder_cpu_None[repro],thunder/tests/test_dynamo.py::test_dynamo_reproducer_2graph_DynamoThunder_cpu_None[repro],setup,0.0,18.63
after_careful_mock,20,test_dynamo_reproducer_split_DynamoThunder_cpu_None[benchmark],thunder/tests/test_dynamo.py::test_dynamo_reproducer_split_DynamoThunder_cpu_None[benchmark],teardown,0.0,18.63
after_careful_mock,20,test_dynamo_reproducer_2graph_DynamoThunder_cpu_None[benchmark],thunder/tests/test_dynamo.py::test_dynamo_reproducer_2graph_DynamoThunder_cpu_None[benchmark],teardown,0.0,18.63
after_careful_mock,20,test_fxreport_DynamoThunder_cpu_None[repro],thunder/tests/test_dynamo.py::test_fxreport_DynamoThunder_cpu_None[repro],teardown,0.0,18.63
after_careful_mock,20,test_fxreport_DynamoThunder_cpu_None[benchmark],thunder/tests/test_dynamo.py::test_fxreport_DynamoThunder_cpu_None[benchmark],teardown,0.0,18.63
after_careful_mock,20,test_dynamo_reproducer_2graph_DynamoThunder_cpu_None[repro],thunder/tests/test_dynamo.py::test_dynamo_reproducer_2graph_DynamoThunder_cpu_None[repro],teardown,0.0,18.63
after_careful_mock,20,test_dynamo_reproducer_split_DynamoThunder_cpu_None[repro],thunder/tests/test_dynamo.py::test_dynamo_reproducer_split_DynamoThunder_cpu_None[repro],teardown,0.0,18.63
after_careful_mock,21,test_fxreport_DynamoThunder_cpu_None[repro],thunder/tests/test_dynamo.py::test_fxreport_DynamoThunder_cpu_None[repro],call,4.58,18.63
after_careful_mock,21,test_dynamo_reproducer_split_DynamoThunder_cpu_None[repro],thunder/tests/test_dynamo.py::test_dynamo_reproducer_split_DynamoThunder_cpu_None[repro],call,3.83,18.63
after_careful_mock,21,test_fxreport_DynamoThunder_cpu_None[benchmark],thunder/tests/test_dynamo.py::test_fxreport_DynamoThunder_cpu_None[benchmark],call,3.31,18.63
after_careful_mock,21,test_dynamo_reproducer_split_DynamoThunder_cpu_None[benchmark],thunder/tests/test_dynamo.py::test_dynamo_reproducer_split_DynamoThunder_cpu_None[benchmark],call,2.84,18.63
after_careful_mock,21,test_dynamo_reproducer_2graph_DynamoThunder_cpu_None[repro],thunder/tests/test_dynamo.py::test_dynamo_reproducer_2graph_DynamoThunder_cpu_None[repro],call,1.98,18.63
after_careful_mock,21,test_dynamo_reproducer_2graph_DynamoThunder_cpu_None[benchmark],thunder/tests/test_dynamo.py::test_dynamo_reproducer_2graph_DynamoThunder_cpu_None[benchmark],call,1.91,18.63
after_careful_mock,21,test_dynamo_reproducer_split_DynamoThunder_cpu_None[repro],thunder/tests/test_dynamo.py::test_dynamo_reproducer_split_DynamoThunder_cpu_None[repro],setup,0.0,18.63
after_careful_mock,21,test_fxreport_DynamoThunder_cpu_None[benchmark],thunder/tests/test_dynamo.py::test_fxreport_DynamoThunder_cpu_None[benchmark],setup,0.0,18.63
after_careful_mock,21,test_fxreport_DynamoThunder_cpu_None[repro],thunder/tests/test_dynamo.py::test_fxreport_DynamoThunder_cpu_None[repro],setup,0.0,18.63
after_careful_mock,21,test_dynamo_reproducer_2graph_DynamoThunder_cpu_None[benchmark],thunder/tests/test_dynamo.py::test_dynamo_reproducer_2graph_DynamoThunder_cpu_None[benchmark],setup,0.0,18.63
after_careful_mock,21,test_dynamo_reproducer_split_DynamoThunder_cpu_None[benchmark],thunder/tests/test_dynamo.py::test_dynamo_reproducer_split_DynamoThunder_cpu_None[benchmark],setup,0.0,18.63
after_careful_mock,21,test_dynamo_reproducer_2graph_DynamoThunder_cpu_None[repro],thunder/tests/test_dynamo.py::test_dynamo_reproducer_2graph_DynamoThunder_cpu_None[repro],setup,0.0,18.63
after_careful_mock,21,test_dynamo_reproducer_split_DynamoThunder_cpu_None[benchmark],thunder/tests/test_dynamo.py::test_dynamo_reproducer_split_DynamoThunder_cpu_None[benchmark],teardown,0.0,18.63
after_careful_mock,21,test_dynamo_reproducer_2graph_DynamoThunder_cpu_None[benchmark],thunder/tests/test_dynamo.py::test_dynamo_reproducer_2graph_DynamoThunder_cpu_None[benchmark],teardown,0.0,18.63
after_careful_mock,21,test_dynamo_reproducer_split_DynamoThunder_cpu_None[repro],thunder/tests/test_dynamo.py::test_dynamo_reproducer_split_DynamoThunder_cpu_None[repro],teardown,0.0,18.63
after_careful_mock,21,test_dynamo_reproducer_2graph_DynamoThunder_cpu_None[repro],thunder/tests/test_dynamo.py::test_dynamo_reproducer_2graph_DynamoThunder_cpu_None[repro],teardown,0.0,18.63
after_careful_mock,21,test_fxreport_DynamoThunder_cpu_None[repro],thunder/tests/test_dynamo.py::test_fxreport_DynamoThunder_cpu_None[repro],teardown,0.0,18.63
after_careful_mock,21,test_fxreport_DynamoThunder_cpu_None[benchmark],thunder/tests/test_dynamo.py::test_fxreport_DynamoThunder_cpu_None[benchmark],teardown,0.0,18.63
after_careful_mock,22,test_fxreport_DynamoThunder_cpu_None[repro],thunder/tests/test_dynamo.py::test_fxreport_DynamoThunder_cpu_None[repro],call,5.8,19.02
after_careful_mock,22,test_fxreport_DynamoThunder_cpu_None[benchmark],thunder/tests/test_dynamo.py::test_fxreport_DynamoThunder_cpu_None[benchmark],call,3.3,19.02
after_careful_mock,22,test_dynamo_reproducer_split_DynamoThunder_cpu_None[repro],thunder/tests/test_dynamo.py::test_dynamo_reproducer_split_DynamoThunder_cpu_None[repro],call,2.92,19.02
after_careful_mock,22,test_dynamo_reproducer_split_DynamoThunder_cpu_None[benchmark],thunder/tests/test_dynamo.py::test_dynamo_reproducer_split_DynamoThunder_cpu_None[benchmark],call,2.82,19.02
after_careful_mock,22,test_dynamo_reproducer_2graph_DynamoThunder_cpu_None[repro],thunder/tests/test_dynamo.py::test_dynamo_reproducer_2graph_DynamoThunder_cpu_None[repro],call,2.08,19.02
after_careful_mock,22,test_dynamo_reproducer_2graph_DynamoThunder_cpu_None[benchmark],thunder/tests/test_dynamo.py::test_dynamo_reproducer_2graph_DynamoThunder_cpu_None[benchmark],call,1.89,19.02
after_careful_mock,22,test_fxreport_DynamoThunder_cpu_None[repro],thunder/tests/test_dynamo.py::test_fxreport_DynamoThunder_cpu_None[repro],setup,0.0,19.02
after_careful_mock,22,test_dynamo_reproducer_split_DynamoThunder_cpu_None[repro],thunder/tests/test_dynamo.py::test_dynamo_reproducer_split_DynamoThunder_cpu_None[repro],setup,0.0,19.02
after_careful_mock,22,test_fxreport_DynamoThunder_cpu_None[benchmark],thunder/tests/test_dynamo.py::test_fxreport_DynamoThunder_cpu_None[benchmark],setup,0.0,19.02
after_careful_mock,22,test_dynamo_reproducer_2graph_DynamoThunder_cpu_None[repro],thunder/tests/test_dynamo.py::test_dynamo_reproducer_2graph_DynamoThunder_cpu_None[repro],setup,0.0,19.02
after_careful_mock,22,test_dynamo_reproducer_2graph_DynamoThunder_cpu_None[benchmark],thunder/tests/test_dynamo.py::test_dynamo_reproducer_2graph_DynamoThunder_cpu_None[benchmark],setup,0.0,19.02
after_careful_mock,22,test_dynamo_reproducer_split_DynamoThunder_cpu_None[benchmark],thunder/tests/test_dynamo.py::test_dynamo_reproducer_split_DynamoThunder_cpu_None[benchmark],setup,0.0,19.02
after_careful_mock,22,test_dynamo_reproducer_split_DynamoThunder_cpu_None[repro],thunder/tests/test_dynamo.py::test_dynamo_reproducer_split_DynamoThunder_cpu_None[repro],teardown,0.0,19.02
after_careful_mock,22,test_dynamo_reproducer_split_DynamoThunder_cpu_None[benchmark],thunder/tests/test_dynamo.py::test_dynamo_reproducer_split_DynamoThunder_cpu_None[benchmark],teardown,0.0,19.02
after_careful_mock,22,test_dynamo_reproducer_2graph_DynamoThunder_cpu_None[benchmark],thunder/tests/test_dynamo.py::test_dynamo_reproducer_2graph_DynamoThunder_cpu_None[benchmark],teardown,0.0,19.02
after_careful_mock,22,test_fxreport_DynamoThunder_cpu_None[benchmark],thunder/tests/test_dynamo.py::test_fxreport_DynamoThunder_cpu_None[benchmark],teardown,0.0,19.02
after_careful_mock,22,test_dynamo_reproducer_2graph_DynamoThunder_cpu_None[repro],thunder/tests/test_dynamo.py::test_dynamo_reproducer_2graph_DynamoThunder_cpu_None[repro],teardown,0.0,19.02
after_careful_mock,22,test_fxreport_DynamoThunder_cpu_None[repro],thunder/tests/test_dynamo.py::test_fxreport_DynamoThunder_cpu_None[repro],teardown,0.0,19.02
after_careful_mock,23,test_fxreport_DynamoThunder_cpu_None[benchmark],thunder/tests/test_dynamo.py::test_fxreport_DynamoThunder_cpu_None[benchmark],call,5.36,18.65
after_careful_mock,23,test_dynamo_reproducer_split_DynamoThunder_cpu_None[repro],thunder/tests/test_dynamo.py::test_dynamo_reproducer_split_DynamoThunder_cpu_None[repro],call,3.74,18.65
after_careful_mock,23,test_dynamo_reproducer_split_DynamoThunder_cpu_None[benchmark],thunder/tests/test_dynamo.py::test_dynamo_reproducer_split_DynamoThunder_cpu_None[benchmark],call,2.84,18.65
after_careful_mock,23,test_fxreport_DynamoThunder_cpu_None[repro],thunder/tests/test_dynamo.py::test_fxreport_DynamoThunder_cpu_None[repro],call,2.57,18.65
after_careful_mock,23,test_dynamo_reproducer_2graph_DynamoThunder_cpu_None[benchmark],thunder/tests/test_dynamo.py::test_dynamo_reproducer_2graph_DynamoThunder_cpu_None[benchmark],call,2.01,18.65
after_careful_mock,23,test_dynamo_reproducer_2graph_DynamoThunder_cpu_None[repro],thunder/tests/test_dynamo.py::test_dynamo_reproducer_2graph_DynamoThunder_cpu_None[repro],call,1.95,18.65
after_careful_mock,23,test_dynamo_reproducer_2graph_DynamoThunder_cpu_None[benchmark],thunder/tests/test_dynamo.py::test_dynamo_reproducer_2graph_DynamoThunder_cpu_None[benchmark],setup,0.0,18.65
after_careful_mock,23,test_dynamo_reproducer_split_DynamoThunder_cpu_None[benchmark],thunder/tests/test_dynamo.py::test_dynamo_reproducer_split_DynamoThunder_cpu_None[benchmark],setup,0.0,18.65
after_careful_mock,23,test_fxreport_DynamoThunder_cpu_None[repro],thunder/tests/test_dynamo.py::test_fxreport_DynamoThunder_cpu_None[repro],setup,0.0,18.65
after_careful_mock,23,test_fxreport_DynamoThunder_cpu_None[benchmark],thunder/tests/test_dynamo.py::test_fxreport_DynamoThunder_cpu_None[benchmark],setup,0.0,18.65
after_careful_mock,23,test_dynamo_reproducer_2graph_DynamoThunder_cpu_None[repro],thunder/tests/test_dynamo.py::test_dynamo_reproducer_2graph_DynamoThunder_cpu_None[repro],setup,0.0,18.65
after_careful_mock,23,test_dynamo_reproducer_split_DynamoThunder_cpu_None[repro],thunder/tests/test_dynamo.py::test_dynamo_reproducer_split_DynamoThunder_cpu_None[repro],setup,0.0,18.65
after_careful_mock,23,test_fxreport_DynamoThunder_cpu_None[repro],thunder/tests/test_dynamo.py::test_fxreport_DynamoThunder_cpu_None[repro],teardown,0.0,18.65
after_careful_mock,23,test_dynamo_reproducer_split_DynamoThunder_cpu_None[benchmark],thunder/tests/test_dynamo.py::test_dynamo_reproducer_split_DynamoThunder_cpu_None[benchmark],teardown,0.0,18.65
after_careful_mock,23,test_dynamo_reproducer_split_DynamoThunder_cpu_None[repro],thunder/tests/test_dynamo.py::test_dynamo_reproducer_split_DynamoThunder_cpu_None[repro],teardown,0.0,18.65
after_careful_mock,23,test_dynamo_reproducer_2graph_DynamoThunder_cpu_None[repro],thunder/tests/test_dynamo.py::test_dynamo_reproducer_2graph_DynamoThunder_cpu_None[repro],teardown,0.0,18.65
after_careful_mock,23,test_dynamo_reproducer_2graph_DynamoThunder_cpu_None[benchmark],thunder/tests/test_dynamo.py::test_dynamo_reproducer_2graph_DynamoThunder_cpu_None[benchmark],teardown,0.0,18.65
after_careful_mock,23,test_fxreport_DynamoThunder_cpu_None[benchmark],thunder/tests/test_dynamo.py::test_fxreport_DynamoThunder_cpu_None[benchmark],teardown,0.0,18.65
after_careful_mock,24,test_fxreport_DynamoThunder_cpu_None[benchmark],thunder/tests/test_dynamo.py::test_fxreport_DynamoThunder_cpu_None[benchmark],call,5.31,18.85
after_careful_mock,24,test_dynamo_reproducer_split_DynamoThunder_cpu_None[benchmark],thunder/tests/test_dynamo.py::test_dynamo_reproducer_split_DynamoThunder_cpu_None[benchmark],call,3.76,18.85
after_careful_mock,24,test_dynamo_reproducer_split_DynamoThunder_cpu_None[repro],thunder/tests/test_dynamo.py::test_dynamo_reproducer_split_DynamoThunder_cpu_None[repro],call,2.93,18.85
after_careful_mock,24,test_fxreport_DynamoThunder_cpu_None[repro],thunder/tests/test_dynamo.py::test_fxreport_DynamoThunder_cpu_None[repro],call,2.58,18.85
after_careful_mock,24,test_dynamo_reproducer_2graph_DynamoThunder_cpu_None[repro],thunder/tests/test_dynamo.py::test_dynamo_reproducer_2graph_DynamoThunder_cpu_None[repro],call,2.07,18.85
after_careful_mock,24,test_dynamo_reproducer_2graph_DynamoThunder_cpu_None[benchmark],thunder/tests/test_dynamo.py::test_dynamo_reproducer_2graph_DynamoThunder_cpu_None[benchmark],call,2.0,18.85
after_careful_mock,24,test_dynamo_reproducer_2graph_DynamoThunder_cpu_None[benchmark],thunder/tests/test_dynamo.py::test_dynamo_reproducer_2graph_DynamoThunder_cpu_None[benchmark],setup,0.0,18.85
after_careful_mock,24,test_dynamo_reproducer_split_DynamoThunder_cpu_None[repro],thunder/tests/test_dynamo.py::test_dynamo_reproducer_split_DynamoThunder_cpu_None[repro],setup,0.0,18.85
after_careful_mock,24,test_fxreport_DynamoThunder_cpu_None[repro],thunder/tests/test_dynamo.py::test_fxreport_DynamoThunder_cpu_None[repro],setup,0.0,18.85
after_careful_mock,24,test_dynamo_reproducer_split_DynamoThunder_cpu_None[benchmark],thunder/tests/test_dynamo.py::test_dynamo_reproducer_split_DynamoThunder_cpu_None[benchmark],setup,0.0,18.85
after_careful_mock,24,test_dynamo_reproducer_2graph_DynamoThunder_cpu_None[repro],thunder/tests/test_dynamo.py::test_dynamo_reproducer_2graph_DynamoThunder_cpu_None[repro],setup,0.0,18.85
after_careful_mock,24,test_fxreport_DynamoThunder_cpu_None[benchmark],thunder/tests/test_dynamo.py::test_fxreport_DynamoThunder_cpu_None[benchmark],setup,0.0,18.85
after_careful_mock,24,test_dynamo_reproducer_split_DynamoThunder_cpu_None[repro],thunder/tests/test_dynamo.py::test_dynamo_reproducer_split_DynamoThunder_cpu_None[repro],teardown,0.0,18.85
after_careful_mock,24,test_dynamo_reproducer_2graph_DynamoThunder_cpu_None[repro],thunder/tests/test_dynamo.py::test_dynamo_reproducer_2graph_DynamoThunder_cpu_None[repro],teardown,0.0,18.85
after_careful_mock,24,test_fxreport_DynamoThunder_cpu_None[repro],thunder/tests/test_dynamo.py::test_fxreport_DynamoThunder_cpu_None[repro],teardown,0.0,18.85
after_careful_mock,24,test_dynamo_reproducer_split_DynamoThunder_cpu_None[benchmark],thunder/tests/test_dynamo.py::test_dynamo_reproducer_split_DynamoThunder_cpu_None[benchmark],teardown,0.0,18.85
after_careful_mock,24,test_fxreport_DynamoThunder_cpu_None[benchmark],thunder/tests/test_dynamo.py::test_fxreport_DynamoThunder_cpu_None[benchmark],teardown,0.0,18.85
after_careful_mock,24,test_dynamo_reproducer_2graph_DynamoThunder_cpu_None[benchmark],thunder/tests/test_dynamo.py::test_dynamo_reproducer_2graph_DynamoThunder_cpu_None[benchmark],teardown,0.0,18.85
after_careful_mock,25,test_fxreport_DynamoThunder_cpu_None[repro],thunder/tests/test_dynamo.py::test_fxreport_DynamoThunder_cpu_None[repro],call,5.45,18.58
after_careful_mock,25,test_fxreport_DynamoThunder_cpu_None[benchmark],thunder/tests/test_dynamo.py::test_fxreport_DynamoThunder_cpu_None[benchmark],call,3.32,18.58
after_careful_mock,25,test_dynamo_reproducer_split_DynamoThunder_cpu_None[repro],thunder/tests/test_dynamo.py::test_dynamo_reproducer_split_DynamoThunder_cpu_None[repro],call,2.89,18.58
after_careful_mock,25,test_dynamo_reproducer_split_DynamoThunder_cpu_None[benchmark],thunder/tests/test_dynamo.py::test_dynamo_reproducer_split_DynamoThunder_cpu_None[benchmark],call,2.88,18.58
after_careful_mock,25,test_dynamo_reproducer_2graph_DynamoThunder_cpu_None[repro],thunder/tests/test_dynamo.py::test_dynamo_reproducer_2graph_DynamoThunder_cpu_None[repro],call,1.95,18.58
after_careful_mock,25,test_dynamo_reproducer_2graph_DynamoThunder_cpu_None[benchmark],thunder/tests/test_dynamo.py::test_dynamo_reproducer_2graph_DynamoThunder_cpu_None[benchmark],call,1.9,18.58
after_careful_mock,25,test_fxreport_DynamoThunder_cpu_None[repro],thunder/tests/test_dynamo.py::test_fxreport_DynamoThunder_cpu_None[repro],setup,0.0,18.58
after_careful_mock,25,test_dynamo_reproducer_split_DynamoThunder_cpu_None[repro],thunder/tests/test_dynamo.py::test_dynamo_reproducer_split_DynamoThunder_cpu_None[repro],setup,0.0,18.58
after_careful_mock,25,test_dynamo_reproducer_2graph_DynamoThunder_cpu_None[repro],thunder/tests/test_dynamo.py::test_dynamo_reproducer_2graph_DynamoThunder_cpu_None[repro],setup,0.0,18.58
after_careful_mock,25,test_dynamo_reproducer_2graph_DynamoThunder_cpu_None[benchmark],thunder/tests/test_dynamo.py::test_dynamo_reproducer_2graph_DynamoThunder_cpu_None[benchmark],setup,0.0,18.58
after_careful_mock,25,test_fxreport_DynamoThunder_cpu_None[benchmark],thunder/tests/test_dynamo.py::test_fxreport_DynamoThunder_cpu_None[benchmark],setup,0.0,18.58
after_careful_mock,25,test_dynamo_reproducer_split_DynamoThunder_cpu_None[benchmark],thunder/tests/test_dynamo.py::test_dynamo_reproducer_split_DynamoThunder_cpu_None[benchmark],setup,0.0,18.58
after_careful_mock,25,test_dynamo_reproducer_2graph_DynamoThunder_cpu_None[repro],thunder/tests/test_dynamo.py::test_dynamo_reproducer_2graph_DynamoThunder_cpu_None[repro],teardown,0.0,18.58
after_careful_mock,25,test_dynamo_reproducer_2graph_DynamoThunder_cpu_None[benchmark],thunder/tests/test_dynamo.py::test_dynamo_reproducer_2graph_DynamoThunder_cpu_None[benchmark],teardown,0.0,18.58
after_careful_mock,25,test_dynamo_reproducer_split_DynamoThunder_cpu_None[repro],thunder/tests/test_dynamo.py::test_dynamo_reproducer_split_DynamoThunder_cpu_None[repro],teardown,0.0,18.58
after_careful_mock,25,test_dynamo_reproducer_split_DynamoThunder_cpu_None[benchmark],thunder/tests/test_dynamo.py::test_dynamo_reproducer_split_DynamoThunder_cpu_None[benchmark],teardown,0.0,18.58
after_careful_mock,25,test_fxreport_DynamoThunder_cpu_None[repro],thunder/tests/test_dynamo.py::test_fxreport_DynamoThunder_cpu_None[repro],teardown,0.0,18.58
after_careful_mock,25,test_fxreport_DynamoThunder_cpu_None[benchmark],thunder/tests/test_dynamo.py::test_fxreport_DynamoThunder_cpu_None[benchmark],teardown,0.0,18.58
after_careful_mock,26,test_fxreport_DynamoThunder_cpu_None[benchmark],thunder/tests/test_dynamo.py::test_fxreport_DynamoThunder_cpu_None[benchmark],call,6.18,18.7
after_careful_mock,26,test_dynamo_reproducer_split_DynamoThunder_cpu_None[repro],thunder/tests/test_dynamo.py::test_dynamo_reproducer_split_DynamoThunder_cpu_None[repro],call,2.93,18.7
after_careful_mock,26,test_dynamo_reproducer_split_DynamoThunder_cpu_None[benchmark],thunder/tests/test_dynamo.py::test_dynamo_reproducer_split_DynamoThunder_cpu_None[benchmark],call,2.9,18.7
after_careful_mock,26,test_fxreport_DynamoThunder_cpu_None[repro],thunder/tests/test_dynamo.py::test_fxreport_DynamoThunder_cpu_None[repro],call,2.6,18.7
after_careful_mock,26,test_dynamo_reproducer_2graph_DynamoThunder_cpu_None[repro],thunder/tests/test_dynamo.py::test_dynamo_reproducer_2graph_DynamoThunder_cpu_None[repro],call,1.96,18.7
after_careful_mock,26,test_dynamo_reproducer_2graph_DynamoThunder_cpu_None[benchmark],thunder/tests/test_dynamo.py::test_dynamo_reproducer_2graph_DynamoThunder_cpu_None[benchmark],call,1.92,18.7
after_careful_mock,26,test_fxreport_DynamoThunder_cpu_None[benchmark],thunder/tests/test_dynamo.py::test_fxreport_DynamoThunder_cpu_None[benchmark],setup,0.0,18.7
after_careful_mock,26,test_dynamo_reproducer_2graph_DynamoThunder_cpu_None[benchmark],thunder/tests/test_dynamo.py::test_dynamo_reproducer_2graph_DynamoThunder_cpu_None[benchmark],setup,0.0,18.7
after_careful_mock,26,test_fxreport_DynamoThunder_cpu_None[repro],thunder/tests/test_dynamo.py::test_fxreport_DynamoThunder_cpu_None[repro],setup,0.0,18.7
after_careful_mock,26,test_dynamo_reproducer_2graph_DynamoThunder_cpu_None[repro],thunder/tests/test_dynamo.py::test_dynamo_reproducer_2graph_DynamoThunder_cpu_None[repro],setup,0.0,18.7
after_careful_mock,26,test_dynamo_reproducer_split_DynamoThunder_cpu_None[repro],thunder/tests/test_dynamo.py::test_dynamo_reproducer_split_DynamoThunder_cpu_None[repro],setup,0.0,18.7
after_careful_mock,26,test_dynamo_reproducer_split_DynamoThunder_cpu_None[benchmark],thunder/tests/test_dynamo.py::test_dynamo_reproducer_split_DynamoThunder_cpu_None[benchmark],setup,0.0,18.7
after_careful_mock,26,test_dynamo_reproducer_2graph_DynamoThunder_cpu_None[repro],thunder/tests/test_dynamo.py::test_dynamo_reproducer_2graph_DynamoThunder_cpu_None[repro],teardown,0.0,18.7
after_careful_mock,26,test_dynamo_reproducer_2graph_DynamoThunder_cpu_None[benchmark],thunder/tests/test_dynamo.py::test_dynamo_reproducer_2graph_DynamoThunder_cpu_None[benchmark],teardown,0.0,18.7
after_careful_mock,26,test_dynamo_reproducer_split_DynamoThunder_cpu_None[benchmark],thunder/tests/test_dynamo.py::test_dynamo_reproducer_split_DynamoThunder_cpu_None[benchmark],teardown,0.0,18.7
after_careful_mock,26,test_fxreport_DynamoThunder_cpu_None[repro],thunder/tests/test_dynamo.py::test_fxreport_DynamoThunder_cpu_None[repro],teardown,0.0,18.7
after_careful_mock,26,test_dynamo_reproducer_split_DynamoThunder_cpu_None[repro],thunder/tests/test_dynamo.py::test_dynamo_reproducer_split_DynamoThunder_cpu_None[repro],teardown,0.0,18.7
after_careful_mock,26,test_fxreport_DynamoThunder_cpu_None[benchmark],thunder/tests/test_dynamo.py::test_fxreport_DynamoThunder_cpu_None[benchmark],teardown,0.0,18.7
after_careful_mock,27,test_fxreport_DynamoThunder_cpu_None[benchmark],thunder/tests/test_dynamo.py::test_fxreport_DynamoThunder_cpu_None[benchmark],call,6.13,18.68
after_careful_mock,27,test_dynamo_reproducer_split_DynamoThunder_cpu_None[repro],thunder/tests/test_dynamo.py::test_dynamo_reproducer_split_DynamoThunder_cpu_None[repro],call,2.93,18.68
after_careful_mock,27,test_dynamo_reproducer_split_DynamoThunder_cpu_None[benchmark],thunder/tests/test_dynamo.py::test_dynamo_reproducer_split_DynamoThunder_cpu_None[benchmark],call,2.85,18.68
after_careful_mock,27,test_fxreport_DynamoThunder_cpu_None[repro],thunder/tests/test_dynamo.py::test_fxreport_DynamoThunder_cpu_None[repro],call,2.58,18.68
after_careful_mock,27,test_dynamo_reproducer_2graph_DynamoThunder_cpu_None[repro],thunder/tests/test_dynamo.py::test_dynamo_reproducer_2graph_DynamoThunder_cpu_None[repro],call,2.08,18.68
after_careful_mock,27,test_dynamo_reproducer_2graph_DynamoThunder_cpu_None[benchmark],thunder/tests/test_dynamo.py::test_dynamo_reproducer_2graph_DynamoThunder_cpu_None[benchmark],call,1.9,18.68
after_careful_mock,27,test_dynamo_reproducer_2graph_DynamoThunder_cpu_None[repro],thunder/tests/test_dynamo.py::test_dynamo_reproducer_2graph_DynamoThunder_cpu_None[repro],setup,0.0,18.68
after_careful_mock,27,test_dynamo_reproducer_split_DynamoThunder_cpu_None[benchmark],thunder/tests/test_dynamo.py::test_dynamo_reproducer_split_DynamoThunder_cpu_None[benchmark],setup,0.0,18.68
after_careful_mock,27,test_fxreport_DynamoThunder_cpu_None[repro],thunder/tests/test_dynamo.py::test_fxreport_DynamoThunder_cpu_None[repro],setup,0.0,18.68
after_careful_mock,27,test_fxreport_DynamoThunder_cpu_None[benchmark],thunder/tests/test_dynamo.py::test_fxreport_DynamoThunder_cpu_None[benchmark],setup,0.0,18.68
after_careful_mock,27,test_dynamo_reproducer_2graph_DynamoThunder_cpu_None[benchmark],thunder/tests/test_dynamo.py::test_dynamo_reproducer_2graph_DynamoThunder_cpu_None[benchmark],setup,0.0,18.68
after_careful_mock,27,test_dynamo_reproducer_split_DynamoThunder_cpu_None[repro],thunder/tests/test_dynamo.py::test_dynamo_reproducer_split_DynamoThunder_cpu_None[repro],setup,0.0,18.68
after_careful_mock,27,test_dynamo_reproducer_split_DynamoThunder_cpu_None[benchmark],thunder/tests/test_dynamo.py::test_dynamo_reproducer_split_DynamoThunder_cpu_None[benchmark],teardown,0.0,18.68
after_careful_mock,27,test_dynamo_reproducer_split_DynamoThunder_cpu_None[repro],thunder/tests/test_dynamo.py::test_dynamo_reproducer_split_DynamoThunder_cpu_None[repro],teardown,0.0,18.68
after_careful_mock,27,test_fxreport_DynamoThunder_cpu_None[benchmark],thunder/tests/test_dynamo.py::test_fxreport_DynamoThunder_cpu_None[benchmark],teardown,0.0,18.68
after_careful_mock,27,test_fxreport_DynamoThunder_cpu_None[repro],thunder/tests/test_dynamo.py::test_fxreport_DynamoThunder_cpu_None[repro],teardown,0.0,18.68
after_careful_mock,27,test_dynamo_reproducer_2graph_DynamoThunder_cpu_None[benchmark],thunder/tests/test_dynamo.py::test_dynamo_reproducer_2graph_DynamoThunder_cpu_None[benchmark],teardown,0.0,18.68
after_careful_mock,27,test_dynamo_reproducer_2graph_DynamoThunder_cpu_None[repro],thunder/tests/test_dynamo.py::test_dynamo_reproducer_2graph_DynamoThunder_cpu_None[repro],teardown,0.0,18.68
after_careful_mock,28,test_fxreport_DynamoThunder_cpu_None[benchmark],thunder/tests/test_dynamo.py::test_fxreport_DynamoThunder_cpu_None[benchmark],call,6.12,18.72
after_careful_mock,28,test_dynamo_reproducer_split_DynamoThunder_cpu_None[repro],thunder/tests/test_dynamo.py::test_dynamo_reproducer_split_DynamoThunder_cpu_None[repro],call,2.94,18.72
after_careful_mock,28,test_dynamo_reproducer_split_DynamoThunder_cpu_None[benchmark],thunder/tests/test_dynamo.py::test_dynamo_reproducer_split_DynamoThunder_cpu_None[benchmark],call,2.84,18.72
after_careful_mock,28,test_fxreport_DynamoThunder_cpu_None[repro],thunder/tests/test_dynamo.py::test_fxreport_DynamoThunder_cpu_None[repro],call,2.61,18.72
after_careful_mock,28,test_dynamo_reproducer_2graph_DynamoThunder_cpu_None[repro],thunder/tests/test_dynamo.py::test_dynamo_reproducer_2graph_DynamoThunder_cpu_None[repro],call,2.07,18.72
after_careful_mock,28,test_dynamo_reproducer_2graph_DynamoThunder_cpu_None[benchmark],thunder/tests/test_dynamo.py::test_dynamo_reproducer_2graph_DynamoThunder_cpu_None[benchmark],call,1.93,18.72
after_careful_mock,28,test_dynamo_reproducer_2graph_DynamoThunder_cpu_None[repro],thunder/tests/test_dynamo.py::test_dynamo_reproducer_2graph_DynamoThunder_cpu_None[repro],setup,0.0,18.72
after_careful_mock,28,test_fxreport_DynamoThunder_cpu_None[repro],thunder/tests/test_dynamo.py::test_fxreport_DynamoThunder_cpu_None[repro],setup,0.0,18.72
after_careful_mock,28,test_dynamo_reproducer_split_DynamoThunder_cpu_None[benchmark],thunder/tests/test_dynamo.py::test_dynamo_reproducer_split_DynamoThunder_cpu_None[benchmark],setup,0.0,18.72
after_careful_mock,28,test_fxreport_DynamoThunder_cpu_None[benchmark],thunder/tests/test_dynamo.py::test_fxreport_DynamoThunder_cpu_None[benchmark],setup,0.0,18.72
after_careful_mock,28,test_dynamo_reproducer_split_DynamoThunder_cpu_None[repro],thunder/tests/test_dynamo.py::test_dynamo_reproducer_split_DynamoThunder_cpu_None[repro],setup,0.0,18.72
after_careful_mock,28,test_dynamo_reproducer_2graph_DynamoThunder_cpu_None[benchmark],thunder/tests/test_dynamo.py::test_dynamo_reproducer_2graph_DynamoThunder_cpu_None[benchmark],setup,0.0,18.72
after_careful_mock,28,test_dynamo_reproducer_split_DynamoThunder_cpu_None[benchmark],thunder/tests/test_dynamo.py::test_dynamo_reproducer_split_DynamoThunder_cpu_None[benchmark],teardown,0.0,18.72
after_careful_mock,28,test_dynamo_reproducer_2graph_DynamoThunder_cpu_None[benchmark],thunder/tests/test_dynamo.py::test_dynamo_reproducer_2graph_DynamoThunder_cpu_None[benchmark],teardown,0.0,18.72
after_careful_mock,28,test_fxreport_DynamoThunder_cpu_None[repro],thunder/tests/test_dynamo.py::test_fxreport_DynamoThunder_cpu_None[repro],teardown,0.0,18.72
after_careful_mock,28,test_fxreport_DynamoThunder_cpu_None[benchmark],thunder/tests/test_dynamo.py::test_fxreport_DynamoThunder_cpu_None[benchmark],teardown,0.0,18.72
after_careful_mock,28,test_dynamo_reproducer_split_DynamoThunder_cpu_None[repro],thunder/tests/test_dynamo.py::test_dynamo_reproducer_split_DynamoThunder_cpu_None[repro],teardown,0.0,18.72
after_careful_mock,28,test_dynamo_reproducer_2graph_DynamoThunder_cpu_None[repro],thunder/tests/test_dynamo.py::test_dynamo_reproducer_2graph_DynamoThunder_cpu_None[repro],teardown,0.0,18.72
after_careful_mock,29,test_fxreport_DynamoThunder_cpu_None[benchmark],thunder/tests/test_dynamo.py::test_fxreport_DynamoThunder_cpu_None[benchmark],call,6.11,18.68
after_careful_mock,29,test_dynamo_reproducer_split_DynamoThunder_cpu_None[repro],thunder/tests/test_dynamo.py::test_dynamo_reproducer_split_DynamoThunder_cpu_None[repro],call,2.92,18.68
after_careful_mock,29,test_dynamo_reproducer_split_DynamoThunder_cpu_None[benchmark],thunder/tests/test_dynamo.py::test_dynamo_reproducer_split_DynamoThunder_cpu_None[benchmark],call,2.85,18.68
after_careful_mock,29,test_fxreport_DynamoThunder_cpu_None[repro],thunder/tests/test_dynamo.py::test_fxreport_DynamoThunder_cpu_None[repro],call,2.58,18.68
after_careful_mock,29,test_dynamo_reproducer_2graph_DynamoThunder_cpu_None[repro],thunder/tests/test_dynamo.py::test_dynamo_reproducer_2graph_DynamoThunder_cpu_None[repro],call,2.09,18.68
after_careful_mock,29,test_dynamo_reproducer_2graph_DynamoThunder_cpu_None[benchmark],thunder/tests/test_dynamo.py::test_dynamo_reproducer_2graph_DynamoThunder_cpu_None[benchmark],call,1.94,18.68
after_careful_mock,29,test_dynamo_reproducer_2graph_DynamoThunder_cpu_None[repro],thunder/tests/test_dynamo.py::test_dynamo_reproducer_2graph_DynamoThunder_cpu_None[repro],setup,0.0,18.68
after_careful_mock,29,test_dynamo_reproducer_split_DynamoThunder_cpu_None[benchmark],thunder/tests/test_dynamo.py::test_dynamo_reproducer_split_DynamoThunder_cpu_None[benchmark],setup,0.0,18.68
after_careful_mock,29,test_dynamo_reproducer_2graph_DynamoThunder_cpu_None[benchmark],thunder/tests/test_dynamo.py::test_dynamo_reproducer_2graph_DynamoThunder_cpu_None[benchmark],setup,0.0,18.68
after_careful_mock,29,test_dynamo_reproducer_split_DynamoThunder_cpu_None[repro],thunder/tests/test_dynamo.py::test_dynamo_reproducer_split_DynamoThunder_cpu_None[repro],setup,0.0,18.68
after_careful_mock,29,test_fxreport_DynamoThunder_cpu_None[benchmark],thunder/tests/test_dynamo.py::test_fxreport_DynamoThunder_cpu_None[benchmark],setup,0.0,18.68
after_careful_mock,29,test_fxreport_DynamoThunder_cpu_None[repro],thunder/tests/test_dynamo.py::test_fxreport_DynamoThunder_cpu_None[repro],setup,0.0,18.68
after_careful_mock,29,test_dynamo_reproducer_split_DynamoThunder_cpu_None[benchmark],thunder/tests/test_dynamo.py::test_dynamo_reproducer_split_DynamoThunder_cpu_None[benchmark],teardown,0.0,18.68
after_careful_mock,29,test_dynamo_reproducer_split_DynamoThunder_cpu_None[repro],thunder/tests/test_dynamo.py::test_dynamo_reproducer_split_DynamoThunder_cpu_None[repro],teardown,0.0,18.68
after_careful_mock,29,test_dynamo_reproducer_2graph_DynamoThunder_cpu_None[benchmark],thunder/tests/test_dynamo.py::test_dynamo_reproducer_2graph_DynamoThunder_cpu_None[benchmark],teardown,0.0,18.68
after_careful_mock,29,test_dynamo_reproducer_2graph_DynamoThunder_cpu_None[repro],thunder/tests/test_dynamo.py::test_dynamo_reproducer_2graph_DynamoThunder_cpu_None[repro],teardown,0.0,18.68
after_careful_mock,29,test_fxreport_DynamoThunder_cpu_None[repro],thunder/tests/test_dynamo.py::test_fxreport_DynamoThunder_cpu_None[repro],teardown,0.0,18.68
after_careful_mock,29,test_fxreport_DynamoThunder_cpu_None[benchmark],thunder/tests/test_dynamo.py::test_fxreport_DynamoThunder_cpu_None[benchmark],teardown,0.0,18.68
after_careful_mock,30,test_fxreport_DynamoThunder_cpu_None[repro],thunder/tests/test_dynamo.py::test_fxreport_DynamoThunder_cpu_None[repro],call,4.63,18.64
after_careful_mock,30,test_dynamo_reproducer_split_DynamoThunder_cpu_None[benchmark],thunder/tests/test_dynamo.py::test_dynamo_reproducer_split_DynamoThunder_cpu_None[benchmark],call,3.72,18.64
after_careful_mock,30,test_fxreport_DynamoThunder_cpu_None[benchmark],thunder/tests/test_dynamo.py::test_fxreport_DynamoThunder_cpu_None[benchmark],call,3.31,18.64
after_careful_mock,30,test_dynamo_reproducer_split_DynamoThunder_cpu_None[repro],thunder/tests/test_dynamo.py::test_dynamo_reproducer_split_DynamoThunder_cpu_None[repro],call,2.92,18.64
after_careful_mock,30,test_dynamo_reproducer_2graph_DynamoThunder_cpu_None[repro],thunder/tests/test_dynamo.py::test_dynamo_reproducer_2graph_DynamoThunder_cpu_None[repro],call,1.95,18.64
after_careful_mock,30,test_dynamo_reproducer_2graph_DynamoThunder_cpu_None[benchmark],thunder/tests/test_dynamo.py::test_dynamo_reproducer_2graph_DynamoThunder_cpu_None[benchmark],call,1.9,18.64
after_careful_mock,30,test_dynamo_reproducer_split_DynamoThunder_cpu_None[benchmark],thunder/tests/test_dynamo.py::test_dynamo_reproducer_split_DynamoThunder_cpu_None[benchmark],setup,0.0,18.64
after_careful_mock,30,test_dynamo_reproducer_split_DynamoThunder_cpu_None[repro],thunder/tests/test_dynamo.py::test_dynamo_reproducer_split_DynamoThunder_cpu_None[repro],setup,0.0,18.64
after_careful_mock,30,test_fxreport_DynamoThunder_cpu_None[benchmark],thunder/tests/test_dynamo.py::test_fxreport_DynamoThunder_cpu_None[benchmark],setup,0.0,18.64
after_careful_mock,30,test_fxreport_DynamoThunder_cpu_None[repro],thunder/tests/test_dynamo.py::test_fxreport_DynamoThunder_cpu_None[repro],setup,0.0,18.64
after_careful_mock,30,test_dynamo_reproducer_2graph_DynamoThunder_cpu_None[repro],thunder/tests/test_dynamo.py::test_dynamo_reproducer_2graph_DynamoThunder_cpu_None[repro],setup,0.0,18.64
after_careful_mock,30,test_dynamo_reproducer_2graph_DynamoThunder_cpu_None[benchmark],thunder/tests/test_dynamo.py::test_dynamo_reproducer_2graph_DynamoThunder_cpu_None[benchmark],setup,0.0,18.64
after_careful_mock,30,test_dynamo_reproducer_2graph_DynamoThunder_cpu_None[benchmark],thunder/tests/test_dynamo.py::test_dynamo_reproducer_2graph_DynamoThunder_cpu_None[benchmark],teardown,0.0,18.64
after_careful_mock,30,test_dynamo_reproducer_2graph_DynamoThunder_cpu_None[repro],thunder/tests/test_dynamo.py::test_dynamo_reproducer_2graph_DynamoThunder_cpu_None[repro],teardown,0.0,18.64
after_careful_mock,30,test_dynamo_reproducer_split_DynamoThunder_cpu_None[benchmark],thunder/tests/test_dynamo.py::test_dynamo_reproducer_split_DynamoThunder_cpu_None[benchmark],teardown,0.0,18.64
after_careful_mock,30,test_fxreport_DynamoThunder_cpu_None[repro],thunder/tests/test_dynamo.py::test_fxreport_DynamoThunder_cpu_None[repro],teardown,0.0,18.64
after_careful_mock,30,test_fxreport_DynamoThunder_cpu_None[benchmark],thunder/tests/test_dynamo.py::test_fxreport_DynamoThunder_cpu_None[benchmark],teardown,0.0,18.64
after_careful_mock,30,test_dynamo_reproducer_split_DynamoThunder_cpu_None[repro],thunder/tests/test_dynamo.py::test_dynamo_reproducer_split_DynamoThunder_cpu_None[repro],teardown,0.0,18.64
after_careful_mock,31,test_fxreport_DynamoThunder_cpu_None[repro],thunder/tests/test_dynamo.py::test_fxreport_DynamoThunder_cpu_None[repro],call,5.41,18.72
after_careful_mock,31,test_fxreport_DynamoThunder_cpu_None[benchmark],thunder/tests/test_dynamo.py::test_fxreport_DynamoThunder_cpu_None[benchmark],call,3.31,18.72
after_careful_mock,31,test_dynamo_reproducer_split_DynamoThunder_cpu_None[repro],thunder/tests/test_dynamo.py::test_dynamo_reproducer_split_DynamoThunder_cpu_None[repro],call,2.93,18.72
after_careful_mock,31,test_dynamo_reproducer_split_DynamoThunder_cpu_None[benchmark],thunder/tests/test_dynamo.py::test_dynamo_reproducer_split_DynamoThunder_cpu_None[benchmark],call,2.87,18.72
after_careful_mock,31,test_dynamo_reproducer_2graph_DynamoThunder_cpu_None[repro],thunder/tests/test_dynamo.py::test_dynamo_reproducer_2graph_DynamoThunder_cpu_None[repro],call,2.06,18.72
after_careful_mock,31,test_dynamo_reproducer_2graph_DynamoThunder_cpu_None[benchmark],thunder/tests/test_dynamo.py::test_dynamo_reproducer_2graph_DynamoThunder_cpu_None[benchmark],call,1.93,18.72
after_careful_mock,31,test_dynamo_reproducer_2graph_DynamoThunder_cpu_None[repro],thunder/tests/test_dynamo.py::test_dynamo_reproducer_2graph_DynamoThunder_cpu_None[repro],setup,0.0,18.72
after_careful_mock,31,test_dynamo_reproducer_split_DynamoThunder_cpu_None[repro],thunder/tests/test_dynamo.py::test_dynamo_reproducer_split_DynamoThunder_cpu_None[repro],setup,0.0,18.72
after_careful_mock,31,test_fxreport_DynamoThunder_cpu_None[repro],thunder/tests/test_dynamo.py::test_fxreport_DynamoThunder_cpu_None[repro],setup,0.0,18.72
after_careful_mock,31,test_dynamo_reproducer_2graph_DynamoThunder_cpu_None[benchmark],thunder/tests/test_dynamo.py::test_dynamo_reproducer_2graph_DynamoThunder_cpu_None[benchmark],setup,0.0,18.72
after_careful_mock,31,test_fxreport_DynamoThunder_cpu_None[benchmark],thunder/tests/test_dynamo.py::test_fxreport_DynamoThunder_cpu_None[benchmark],setup,0.0,18.72
after_careful_mock,31,test_dynamo_reproducer_split_DynamoThunder_cpu_None[benchmark],thunder/tests/test_dynamo.py::test_dynamo_reproducer_split_DynamoThunder_cpu_None[benchmark],setup,0.0,18.72
after_careful_mock,31,test_dynamo_reproducer_split_DynamoThunder_cpu_None[repro],thunder/tests/test_dynamo.py::test_dynamo_reproducer_split_DynamoThunder_cpu_None[repro],teardown,0.0,18.72
after_careful_mock,31,test_dynamo_reproducer_2graph_DynamoThunder_cpu_None[benchmark],thunder/tests/test_dynamo.py::test_dynamo_reproducer_2graph_DynamoThunder_cpu_None[benchmark],teardown,0.0,18.72
after_careful_mock,31,test_dynamo_reproducer_split_DynamoThunder_cpu_None[benchmark],thunder/tests/test_dynamo.py::test_dynamo_reproducer_split_DynamoThunder_cpu_None[benchmark],teardown,0.0,18.72
after_careful_mock,31,test_dynamo_reproducer_2graph_DynamoThunder_cpu_None[repro],thunder/tests/test_dynamo.py::test_dynamo_reproducer_2graph_DynamoThunder_cpu_None[repro],teardown,0.0,18.72
after_careful_mock,31,test_fxreport_DynamoThunder_cpu_None[benchmark],thunder/tests/test_dynamo.py::test_fxreport_DynamoThunder_cpu_None[benchmark],teardown,0.0,18.72
after_careful_mock,31,test_fxreport_DynamoThunder_cpu_None[repro],thunder/tests/test_dynamo.py::test_fxreport_DynamoThunder_cpu_None[repro],teardown,0.0,18.72
after_careful_mock,32,test_fxreport_DynamoThunder_cpu_None[benchmark],thunder/tests/test_dynamo.py::test_fxreport_DynamoThunder_cpu_None[benchmark],call,6.21,18.69
after_careful_mock,32,test_dynamo_reproducer_split_DynamoThunder_cpu_None[repro],thunder/tests/test_dynamo.py::test_dynamo_reproducer_split_DynamoThunder_cpu_None[repro],call,2.92,18.69
after_careful_mock,32,test_dynamo_reproducer_split_DynamoThunder_cpu_None[benchmark],thunder/tests/test_dynamo.py::test_dynamo_reproducer_split_DynamoThunder_cpu_None[benchmark],call,2.9,18.69
after_careful_mock,32,test_fxreport_DynamoThunder_cpu_None[repro],thunder/tests/test_dynamo.py::test_fxreport_DynamoThunder_cpu_None[repro],call,2.58,18.69
after_careful_mock,32,test_dynamo_reproducer_2graph_DynamoThunder_cpu_None[repro],thunder/tests/test_dynamo.py::test_dynamo_reproducer_2graph_DynamoThunder_cpu_None[repro],call,1.97,18.69
after_careful_mock,32,test_dynamo_reproducer_2graph_DynamoThunder_cpu_None[benchmark],thunder/tests/test_dynamo.py::test_dynamo_reproducer_2graph_DynamoThunder_cpu_None[benchmark],call,1.91,18.69
after_careful_mock,32,test_fxreport_DynamoThunder_cpu_None[benchmark],thunder/tests/test_dynamo.py::test_fxreport_DynamoThunder_cpu_None[benchmark],setup,0.0,18.69
after_careful_mock,32,test_dynamo_reproducer_2graph_DynamoThunder_cpu_None[repro],thunder/tests/test_dynamo.py::test_dynamo_reproducer_2graph_DynamoThunder_cpu_None[repro],setup,0.0,18.69
after_careful_mock,32,test_dynamo_reproducer_split_DynamoThunder_cpu_None[benchmark],thunder/tests/test_dynamo.py::test_dynamo_reproducer_split_DynamoThunder_cpu_None[benchmark],setup,0.0,18.69
after_careful_mock,32,test_dynamo_reproducer_split_DynamoThunder_cpu_None[repro],thunder/tests/test_dynamo.py::test_dynamo_reproducer_split_DynamoThunder_cpu_None[repro],setup,0.0,18.69
after_careful_mock,32,test_fxreport_DynamoThunder_cpu_None[repro],thunder/tests/test_dynamo.py::test_fxreport_DynamoThunder_cpu_None[repro],setup,0.0,18.69
after_careful_mock,32,test_dynamo_reproducer_2graph_DynamoThunder_cpu_None[benchmark],thunder/tests/test_dynamo.py::test_dynamo_reproducer_2graph_DynamoThunder_cpu_None[benchmark],setup,0.0,18.69
after_careful_mock,32,test_dynamo_reproducer_split_DynamoThunder_cpu_None[repro],thunder/tests/test_dynamo.py::test_dynamo_reproducer_split_DynamoThunder_cpu_None[repro],teardown,0.0,18.69
after_careful_mock,32,test_dynamo_reproducer_2graph_DynamoThunder_cpu_None[repro],thunder/tests/test_dynamo.py::test_dynamo_reproducer_2graph_DynamoThunder_cpu_None[repro],teardown,0.0,18.69
after_careful_mock,32,test_fxreport_DynamoThunder_cpu_None[repro],thunder/tests/test_dynamo.py::test_fxreport_DynamoThunder_cpu_None[repro],teardown,0.0,18.69
after_careful_mock,32,test_dynamo_reproducer_split_DynamoThunder_cpu_None[benchmark],thunder/tests/test_dynamo.py::test_dynamo_reproducer_split_DynamoThunder_cpu_None[benchmark],teardown,0.0,18.69
after_careful_mock,32,test_fxreport_DynamoThunder_cpu_None[benchmark],thunder/tests/test_dynamo.py::test_fxreport_DynamoThunder_cpu_None[benchmark],teardown,0.0,18.69
after_careful_mock,32,test_dynamo_reproducer_2graph_DynamoThunder_cpu_None[benchmark],thunder/tests/test_dynamo.py::test_dynamo_reproducer_2graph_DynamoThunder_cpu_None[benchmark],teardown,0.0,18.69
after_careful_mock,33,test_fxreport_DynamoThunder_cpu_None[repro],thunder/tests/test_dynamo.py::test_fxreport_DynamoThunder_cpu_None[repro],call,5.43,18.62
after_careful_mock,33,test_fxreport_DynamoThunder_cpu_None[benchmark],thunder/tests/test_dynamo.py::test_fxreport_DynamoThunder_cpu_None[benchmark],call,3.31,18.62
after_careful_mock,33,test_dynamo_reproducer_split_DynamoThunder_cpu_None[repro],thunder/tests/test_dynamo.py::test_dynamo_reproducer_split_DynamoThunder_cpu_None[repro],call,2.9,18.62
after_careful_mock,33,test_dynamo_reproducer_split_DynamoThunder_cpu_None[benchmark],thunder/tests/test_dynamo.py::test_dynamo_reproducer_split_DynamoThunder_cpu_None[benchmark],call,2.85,18.62
after_careful_mock,33,test_dynamo_reproducer_2graph_DynamoThunder_cpu_None[benchmark],thunder/tests/test_dynamo.py::test_dynamo_reproducer_2graph_DynamoThunder_cpu_None[benchmark],call,1.98,18.62
after_careful_mock,33,test_dynamo_reproducer_2graph_DynamoThunder_cpu_None[repro],thunder/tests/test_dynamo.py::test_dynamo_reproducer_2graph_DynamoThunder_cpu_None[repro],call,1.95,18.62
after_careful_mock,33,test_fxreport_DynamoThunder_cpu_None[repro],thunder/tests/test_dynamo.py::test_fxreport_DynamoThunder_cpu_None[repro],setup,0.0,18.62
after_careful_mock,33,test_dynamo_reproducer_2graph_DynamoThunder_cpu_None[benchmark],thunder/tests/test_dynamo.py::test_dynamo_reproducer_2graph_DynamoThunder_cpu_None[benchmark],setup,0.0,18.62
after_careful_mock,33,test_dynamo_reproducer_split_DynamoThunder_cpu_None[repro],thunder/tests/test_dynamo.py::test_dynamo_reproducer_split_DynamoThunder_cpu_None[repro],setup,0.0,18.62
after_careful_mock,33,test_dynamo_reproducer_split_DynamoThunder_cpu_None[benchmark],thunder/tests/test_dynamo.py::test_dynamo_reproducer_split_DynamoThunder_cpu_None[benchmark],setup,0.0,18.62
after_careful_mock,33,test_dynamo_reproducer_2graph_DynamoThunder_cpu_None[repro],thunder/tests/test_dynamo.py::test_dynamo_reproducer_2graph_DynamoThunder_cpu_None[repro],setup,0.0,18.62
after_careful_mock,33,test_fxreport_DynamoThunder_cpu_None[benchmark],thunder/tests/test_dynamo.py::test_fxreport_DynamoThunder_cpu_None[benchmark],setup,0.0,18.62
after_careful_mock,33,test_dynamo_reproducer_split_DynamoThunder_cpu_None[repro],thunder/tests/test_dynamo.py::test_dynamo_reproducer_split_DynamoThunder_cpu_None[repro],teardown,0.0,18.62
after_careful_mock,33,test_fxreport_DynamoThunder_cpu_None[benchmark],thunder/tests/test_dynamo.py::test_fxreport_DynamoThunder_cpu_None[benchmark],teardown,0.0,18.62
after_careful_mock,33,test_dynamo_reproducer_2graph_DynamoThunder_cpu_None[repro],thunder/tests/test_dynamo.py::test_dynamo_reproducer_2graph_DynamoThunder_cpu_None[repro],teardown,0.0,18.62
after_careful_mock,33,test_dynamo_reproducer_split_DynamoThunder_cpu_None[benchmark],thunder/tests/test_dynamo.py::test_dynamo_reproducer_split_DynamoThunder_cpu_None[benchmark],teardown,0.0,18.62
after_careful_mock,33,test_dynamo_reproducer_2graph_DynamoThunder_cpu_None[benchmark],thunder/tests/test_dynamo.py::test_dynamo_reproducer_2graph_DynamoThunder_cpu_None[benchmark],teardown,0.0,18.62
after_careful_mock,33,test_fxreport_DynamoThunder_cpu_None[repro],thunder/tests/test_dynamo.py::test_fxreport_DynamoThunder_cpu_None[repro],teardown,0.0,18.62
after_careful_mock,34,test_fxreport_DynamoThunder_cpu_None[repro],thunder/tests/test_dynamo.py::test_fxreport_DynamoThunder_cpu_None[repro],call,5.46,18.62
after_careful_mock,34,test_fxreport_DynamoThunder_cpu_None[benchmark],thunder/tests/test_dynamo.py::test_fxreport_DynamoThunder_cpu_None[benchmark],call,3.3,18.62
after_careful_mock,34,test_dynamo_reproducer_split_DynamoThunder_cpu_None[repro],thunder/tests/test_dynamo.py::test_dynamo_reproducer_split_DynamoThunder_cpu_None[repro],call,2.95,18.62
after_careful_mock,34,test_dynamo_reproducer_split_DynamoThunder_cpu_None[benchmark],thunder/tests/test_dynamo.py::test_dynamo_reproducer_split_DynamoThunder_cpu_None[benchmark],call,2.84,18.62
after_careful_mock,34,test_dynamo_reproducer_2graph_DynamoThunder_cpu_None[repro],thunder/tests/test_dynamo.py::test_dynamo_reproducer_2graph_DynamoThunder_cpu_None[repro],call,1.96,18.62
after_careful_mock,34,test_dynamo_reproducer_2graph_DynamoThunder_cpu_None[benchmark],thunder/tests/test_dynamo.py::test_dynamo_reproducer_2graph_DynamoThunder_cpu_None[benchmark],call,1.9,18.62
after_careful_mock,34,test_fxreport_DynamoThunder_cpu_None[repro],thunder/tests/test_dynamo.py::test_fxreport_DynamoThunder_cpu_None[repro],setup,0.0,18.62
after_careful_mock,34,test_dynamo_reproducer_split_DynamoThunder_cpu_None[benchmark],thunder/tests/test_dynamo.py::test_dynamo_reproducer_split_DynamoThunder_cpu_None[benchmark],setup,0.0,18.62
after_careful_mock,34,test_dynamo_reproducer_2graph_DynamoThunder_cpu_None[repro],thunder/tests/test_dynamo.py::test_dynamo_reproducer_2graph_DynamoThunder_cpu_None[repro],setup,0.0,18.62
after_careful_mock,34,test_fxreport_DynamoThunder_cpu_None[benchmark],thunder/tests/test_dynamo.py::test_fxreport_DynamoThunder_cpu_None[benchmark],setup,0.0,18.62
after_careful_mock,34,test_dynamo_reproducer_2graph_DynamoThunder_cpu_None[benchmark],thunder/tests/test_dynamo.py::test_dynamo_reproducer_2graph_DynamoThunder_cpu_None[benchmark],setup,0.0,18.62
after_careful_mock,34,test_dynamo_reproducer_split_DynamoThunder_cpu_None[repro],thunder/tests/test_dynamo.py::test_dynamo_reproducer_split_DynamoThunder_cpu_None[repro],setup,0.0,18.62
after_careful_mock,34,test_dynamo_reproducer_2graph_DynamoThunder_cpu_None[repro],thunder/tests/test_dynamo.py::test_dynamo_reproducer_2graph_DynamoThunder_cpu_None[repro],teardown,0.0,18.62
after_careful_mock,34,test_dynamo_reproducer_2graph_DynamoThunder_cpu_None[benchmark],thunder/tests/test_dynamo.py::test_dynamo_reproducer_2graph_DynamoThunder_cpu_None[benchmark],teardown,0.0,18.62
after_careful_mock,34,test_dynamo_reproducer_split_DynamoThunder_cpu_None[benchmark],thunder/tests/test_dynamo.py::test_dynamo_reproducer_split_DynamoThunder_cpu_None[benchmark],teardown,0.0,18.62
after_careful_mock,34,test_dynamo_reproducer_split_DynamoThunder_cpu_None[repro],thunder/tests/test_dynamo.py::test_dynamo_reproducer_split_DynamoThunder_cpu_None[repro],teardown,0.0,18.62
after_careful_mock,34,test_fxreport_DynamoThunder_cpu_None[benchmark],thunder/tests/test_dynamo.py::test_fxreport_DynamoThunder_cpu_None[benchmark],teardown,0.0,18.62
after_careful_mock,34,test_fxreport_DynamoThunder_cpu_None[repro],thunder/tests/test_dynamo.py::test_fxreport_DynamoThunder_cpu_None[repro],teardown,0.0,18.62
after_careful_mock,35,test_fxreport_DynamoThunder_cpu_None[benchmark],thunder/tests/test_dynamo.py::test_fxreport_DynamoThunder_cpu_None[benchmark],call,6.18,18.64
after_careful_mock,35,test_dynamo_reproducer_split_DynamoThunder_cpu_None[repro],thunder/tests/test_dynamo.py::test_dynamo_reproducer_split_DynamoThunder_cpu_None[repro],call,2.91,18.64
after_careful_mock,35,test_dynamo_reproducer_split_DynamoThunder_cpu_None[benchmark],thunder/tests/test_dynamo.py::test_dynamo_reproducer_split_DynamoThunder_cpu_None[benchmark],call,2.84,18.64
after_careful_mock,35,test_fxreport_DynamoThunder_cpu_None[repro],thunder/tests/test_dynamo.py::test_fxreport_DynamoThunder_cpu_None[repro],call,2.59,18.64
after_careful_mock,35,test_dynamo_reproducer_2graph_DynamoThunder_cpu_None[benchmark],thunder/tests/test_dynamo.py::test_dynamo_reproducer_2graph_DynamoThunder_cpu_None[benchmark],call,1.97,18.64
after_careful_mock,35,test_dynamo_reproducer_2graph_DynamoThunder_cpu_None[repro],thunder/tests/test_dynamo.py::test_dynamo_reproducer_2graph_DynamoThunder_cpu_None[repro],call,1.96,18.64
after_careful_mock,35,test_fxreport_DynamoThunder_cpu_None[benchmark],thunder/tests/test_dynamo.py::test_fxreport_DynamoThunder_cpu_None[benchmark],setup,0.0,18.64
after_careful_mock,35,test_dynamo_reproducer_split_DynamoThunder_cpu_None[repro],thunder/tests/test_dynamo.py::test_dynamo_reproducer_split_DynamoThunder_cpu_None[repro],setup,0.0,18.64
after_careful_mock,35,test_dynamo_reproducer_2graph_DynamoThunder_cpu_None[benchmark],thunder/tests/test_dynamo.py::test_dynamo_reproducer_2graph_DynamoThunder_cpu_None[benchmark],setup,0.0,18.64
after_careful_mock,35,test_dynamo_reproducer_2graph_DynamoThunder_cpu_None[repro],thunder/tests/test_dynamo.py::test_dynamo_reproducer_2graph_DynamoThunder_cpu_None[repro],setup,0.0,18.64
after_careful_mock,35,test_fxreport_DynamoThunder_cpu_None[repro],thunder/tests/test_dynamo.py::test_fxreport_DynamoThunder_cpu_None[repro],setup,0.0,18.64
after_careful_mock,35,test_dynamo_reproducer_split_DynamoThunder_cpu_None[benchmark],thunder/tests/test_dynamo.py::test_dynamo_reproducer_split_DynamoThunder_cpu_None[benchmark],setup,0.0,18.64
after_careful_mock,35,test_dynamo_reproducer_split_DynamoThunder_cpu_None[repro],thunder/tests/test_dynamo.py::test_dynamo_reproducer_split_DynamoThunder_cpu_None[repro],teardown,0.0,18.64
after_careful_mock,35,test_dynamo_reproducer_split_DynamoThunder_cpu_None[benchmark],thunder/tests/test_dynamo.py::test_dynamo_reproducer_split_DynamoThunder_cpu_None[benchmark],teardown,0.0,18.64
after_careful_mock,35,test_dynamo_reproducer_2graph_DynamoThunder_cpu_None[repro],thunder/tests/test_dynamo.py::test_dynamo_reproducer_2graph_DynamoThunder_cpu_None[repro],teardown,0.0,18.64
after_careful_mock,35,test_fxreport_DynamoThunder_cpu_None[benchmark],thunder/tests/test_dynamo.py::test_fxreport_DynamoThunder_cpu_None[benchmark],teardown,0.0,18.64
after_careful_mock,35,test_fxreport_DynamoThunder_cpu_None[repro],thunder/tests/test_dynamo.py::test_fxreport_DynamoThunder_cpu_None[repro],teardown,0.0,18.64
after_careful_mock,35,test_dynamo_reproducer_2graph_DynamoThunder_cpu_None[benchmark],thunder/tests/test_dynamo.py::test_dynamo_reproducer_2graph_DynamoThunder_cpu_None[benchmark],teardown,0.0,18.64
after_careful_mock,36,test_fxreport_DynamoThunder_cpu_None[benchmark],thunder/tests/test_dynamo.py::test_fxreport_DynamoThunder_cpu_None[benchmark],call,6.14,18.61
after_careful_mock,36,test_dynamo_reproducer_split_DynamoThunder_cpu_None[repro],thunder/tests/test_dynamo.py::test_dynamo_reproducer_split_DynamoThunder_cpu_None[repro],call,2.95,18.61
after_careful_mock,36,test_dynamo_reproducer_split_DynamoThunder_cpu_None[benchmark],thunder/tests/test_dynamo.py::test_dynamo_reproducer_split_DynamoThunder_cpu_None[benchmark],call,2.81,18.61
after_careful_mock,36,test_fxreport_DynamoThunder_cpu_None[repro],thunder/tests/test_dynamo.py::test_fxreport_DynamoThunder_cpu_None[repro],call,2.6,18.61
after_careful_mock,36,test_dynamo_reproducer_2graph_DynamoThunder_cpu_None[repro],thunder/tests/test_dynamo.py::test_dynamo_reproducer_2graph_DynamoThunder_cpu_None[repro],call,1.96,18.61
after_careful_mock,36,test_dynamo_reproducer_2graph_DynamoThunder_cpu_None[benchmark],thunder/tests/test_dynamo.py::test_dynamo_reproducer_2graph_DynamoThunder_cpu_None[benchmark],call,1.94,18.61
after_careful_mock,36,test_fxreport_DynamoThunder_cpu_None[benchmark],thunder/tests/test_dynamo.py::test_fxreport_DynamoThunder_cpu_None[benchmark],setup,0.0,18.61
after_careful_mock,36,test_fxreport_DynamoThunder_cpu_None[repro],thunder/tests/test_dynamo.py::test_fxreport_DynamoThunder_cpu_None[repro],setup,0.0,18.61
after_careful_mock,36,test_dynamo_reproducer_split_DynamoThunder_cpu_None[repro],thunder/tests/test_dynamo.py::test_dynamo_reproducer_split_DynamoThunder_cpu_None[repro],setup,0.0,18.61
after_careful_mock,36,test_dynamo_reproducer_2graph_DynamoThunder_cpu_None[repro],thunder/tests/test_dynamo.py::test_dynamo_reproducer_2graph_DynamoThunder_cpu_None[repro],setup,0.0,18.61
after_careful_mock,36,test_dynamo_reproducer_split_DynamoThunder_cpu_None[benchmark],thunder/tests/test_dynamo.py::test_dynamo_reproducer_split_DynamoThunder_cpu_None[benchmark],setup,0.0,18.61
after_careful_mock,36,test_dynamo_reproducer_2graph_DynamoThunder_cpu_None[benchmark],thunder/tests/test_dynamo.py::test_dynamo_reproducer_2graph_DynamoThunder_cpu_None[benchmark],setup,0.0,18.61
after_careful_mock,36,test_fxreport_DynamoThunder_cpu_None[benchmark],thunder/tests/test_dynamo.py::test_fxreport_DynamoThunder_cpu_None[benchmark],teardown,0.0,18.61
after_careful_mock,36,test_dynamo_reproducer_split_DynamoThunder_cpu_None[benchmark],thunder/tests/test_dynamo.py::test_dynamo_reproducer_split_DynamoThunder_cpu_None[benchmark],teardown,0.0,18.61
after_careful_mock,36,test_dynamo_reproducer_2graph_DynamoThunder_cpu_None[benchmark],thunder/tests/test_dynamo.py::test_dynamo_reproducer_2graph_DynamoThunder_cpu_None[benchmark],teardown,0.0,18.61
after_careful_mock,36,test_dynamo_reproducer_2graph_DynamoThunder_cpu_None[repro],thunder/tests/test_dynamo.py::test_dynamo_reproducer_2graph_DynamoThunder_cpu_None[repro],teardown,0.0,18.61
after_careful_mock,36,test_fxreport_DynamoThunder_cpu_None[repro],thunder/tests/test_dynamo.py::test_fxreport_DynamoThunder_cpu_None[repro],teardown,0.0,18.61
after_careful_mock,36,test_dynamo_reproducer_split_DynamoThunder_cpu_None[repro],thunder/tests/test_dynamo.py::test_dynamo_reproducer_split_DynamoThunder_cpu_None[repro],teardown,0.0,18.61
after_careful_mock,37,test_fxreport_DynamoThunder_cpu_None[benchmark],thunder/tests/test_dynamo.py::test_fxreport_DynamoThunder_cpu_None[benchmark],call,6.17,18.68
after_careful_mock,37,test_dynamo_reproducer_split_DynamoThunder_cpu_None[repro],thunder/tests/test_dynamo.py::test_dynamo_reproducer_split_DynamoThunder_cpu_None[repro],call,2.93,18.68
after_careful_mock,37,test_dynamo_reproducer_split_DynamoThunder_cpu_None[benchmark],thunder/tests/test_dynamo.py::test_dynamo_reproducer_split_DynamoThunder_cpu_None[benchmark],call,2.87,18.68
after_careful_mock,37,test_fxreport_DynamoThunder_cpu_None[repro],thunder/tests/test_dynamo.py::test_fxreport_DynamoThunder_cpu_None[repro],call,2.59,18.68
after_careful_mock,37,test_dynamo_reproducer_2graph_DynamoThunder_cpu_None[repro],thunder/tests/test_dynamo.py::test_dynamo_reproducer_2graph_DynamoThunder_cpu_None[repro],call,1.97,18.68
after_careful_mock,37,test_dynamo_reproducer_2graph_DynamoThunder_cpu_None[benchmark],thunder/tests/test_dynamo.py::test_dynamo_reproducer_2graph_DynamoThunder_cpu_None[benchmark],call,1.95,18.68
after_careful_mock,37,test_fxreport_DynamoThunder_cpu_None[benchmark],thunder/tests/test_dynamo.py::test_fxreport_DynamoThunder_cpu_None[benchmark],setup,0.0,18.68
after_careful_mock,37,test_fxreport_DynamoThunder_cpu_None[repro],thunder/tests/test_dynamo.py::test_fxreport_DynamoThunder_cpu_None[repro],setup,0.0,18.68
after_careful_mock,37,test_dynamo_reproducer_2graph_DynamoThunder_cpu_None[repro],thunder/tests/test_dynamo.py::test_dynamo_reproducer_2graph_DynamoThunder_cpu_None[repro],setup,0.0,18.68
after_careful_mock,37,test_dynamo_reproducer_2graph_DynamoThunder_cpu_None[benchmark],thunder/tests/test_dynamo.py::test_dynamo_reproducer_2graph_DynamoThunder_cpu_None[benchmark],setup,0.0,18.68
after_careful_mock,37,test_dynamo_reproducer_split_DynamoThunder_cpu_None[benchmark],thunder/tests/test_dynamo.py::test_dynamo_reproducer_split_DynamoThunder_cpu_None[benchmark],setup,0.0,18.68
after_careful_mock,37,test_dynamo_reproducer_split_DynamoThunder_cpu_None[repro],thunder/tests/test_dynamo.py::test_dynamo_reproducer_split_DynamoThunder_cpu_None[repro],setup,0.0,18.68
after_careful_mock,37,test_dynamo_reproducer_2graph_DynamoThunder_cpu_None[repro],thunder/tests/test_dynamo.py::test_dynamo_reproducer_2graph_DynamoThunder_cpu_None[repro],teardown,0.0,18.68
after_careful_mock,37,test_dynamo_reproducer_2graph_DynamoThunder_cpu_None[benchmark],thunder/tests/test_dynamo.py::test_dynamo_reproducer_2graph_DynamoThunder_cpu_None[benchmark],teardown,0.0,18.68
after_careful_mock,37,test_dynamo_reproducer_split_DynamoThunder_cpu_None[repro],thunder/tests/test_dynamo.py::test_dynamo_reproducer_split_DynamoThunder_cpu_None[repro],teardown,0.0,18.68
after_careful_mock,37,test_fxreport_DynamoThunder_cpu_None[repro],thunder/tests/test_dynamo.py::test_fxreport_DynamoThunder_cpu_None[repro],teardown,0.0,18.68
after_careful_mock,37,test_dynamo_reproducer_split_DynamoThunder_cpu_None[benchmark],thunder/tests/test_dynamo.py::test_dynamo_reproducer_split_DynamoThunder_cpu_None[benchmark],teardown,0.0,18.68
after_careful_mock,37,test_fxreport_DynamoThunder_cpu_None[benchmark],thunder/tests/test_dynamo.py::test_fxreport_DynamoThunder_cpu_None[benchmark],teardown,0.0,18.68
after_careful_mock,38,test_fxreport_DynamoThunder_cpu_None[repro],thunder/tests/test_dynamo.py::test_fxreport_DynamoThunder_cpu_None[repro],call,5.46,18.61
after_careful_mock,38,test_fxreport_DynamoThunder_cpu_None[benchmark],thunder/tests/test_dynamo.py::test_fxreport_DynamoThunder_cpu_None[benchmark],call,3.3,18.61
after_careful_mock,38,test_dynamo_reproducer_split_DynamoThunder_cpu_None[repro],thunder/tests/test_dynamo.py::test_dynamo_reproducer_split_DynamoThunder_cpu_None[repro],call,2.93,18.61
after_careful_mock,38,test_dynamo_reproducer_split_DynamoThunder_cpu_None[benchmark],thunder/tests/test_dynamo.py::test_dynamo_reproducer_split_DynamoThunder_cpu_None[benchmark],call,2.82,18.61
after_careful_mock,38,test_dynamo_reproducer_2graph_DynamoThunder_cpu_None[repro],thunder/tests/test_dynamo.py::test_dynamo_reproducer_2graph_DynamoThunder_cpu_None[repro],call,2.0,18.61
after_careful_mock,38,test_dynamo_reproducer_2graph_DynamoThunder_cpu_None[benchmark],thunder/tests/test_dynamo.py::test_dynamo_reproducer_2graph_DynamoThunder_cpu_None[benchmark],call,1.9,18.61
after_careful_mock,38,test_fxreport_DynamoThunder_cpu_None[repro],thunder/tests/test_dynamo.py::test_fxreport_DynamoThunder_cpu_None[repro],setup,0.0,18.61
after_careful_mock,38,test_fxreport_DynamoThunder_cpu_None[benchmark],thunder/tests/test_dynamo.py::test_fxreport_DynamoThunder_cpu_None[benchmark],setup,0.0,18.61
after_careful_mock,38,test_dynamo_reproducer_2graph_DynamoThunder_cpu_None[repro],thunder/tests/test_dynamo.py::test_dynamo_reproducer_2graph_DynamoThunder_cpu_None[repro],setup,0.0,18.61
after_careful_mock,38,test_dynamo_reproducer_split_DynamoThunder_cpu_None[benchmark],thunder/tests/test_dynamo.py::test_dynamo_reproducer_split_DynamoThunder_cpu_None[benchmark],setup,0.0,18.61
after_careful_mock,38,test_dynamo_reproducer_split_DynamoThunder_cpu_None[repro],thunder/tests/test_dynamo.py::test_dynamo_reproducer_split_DynamoThunder_cpu_None[repro],setup,0.0,18.61
after_careful_mock,38,test_dynamo_reproducer_2graph_DynamoThunder_cpu_None[benchmark],thunder/tests/test_dynamo.py::test_dynamo_reproducer_2graph_DynamoThunder_cpu_None[benchmark],setup,0.0,18.61
after_careful_mock,38,test_dynamo_reproducer_split_DynamoThunder_cpu_None[benchmark],thunder/tests/test_dynamo.py::test_dynamo_reproducer_split_DynamoThunder_cpu_None[benchmark],teardown,0.0,18.61
after_careful_mock,38,test_dynamo_reproducer_split_DynamoThunder_cpu_None[repro],thunder/tests/test_dynamo.py::test_dynamo_reproducer_split_DynamoThunder_cpu_None[repro],teardown,0.0,18.61
after_careful_mock,38,test_dynamo_reproducer_2graph_DynamoThunder_cpu_None[benchmark],thunder/tests/test_dynamo.py::test_dynamo_reproducer_2graph_DynamoThunder_cpu_None[benchmark],teardown,0.0,18.61
after_careful_mock,38,test_fxreport_DynamoThunder_cpu_None[benchmark],thunder/tests/test_dynamo.py::test_fxreport_DynamoThunder_cpu_None[benchmark],teardown,0.0,18.61
after_careful_mock,38,test_dynamo_reproducer_2graph_DynamoThunder_cpu_None[repro],thunder/tests/test_dynamo.py::test_dynamo_reproducer_2graph_DynamoThunder_cpu_None[repro],teardown,0.0,18.61
after_careful_mock,38,test_fxreport_DynamoThunder_cpu_None[repro],thunder/tests/test_dynamo.py::test_fxreport_DynamoThunder_cpu_None[repro],teardown,0.0,18.61
after_careful_mock,39,test_fxreport_DynamoThunder_cpu_None[benchmark],thunder/tests/test_dynamo.py::test_fxreport_DynamoThunder_cpu_None[benchmark],call,5.33,18.65
after_careful_mock,39,test_dynamo_reproducer_split_DynamoThunder_cpu_None[repro],thunder/tests/test_dynamo.py::test_dynamo_reproducer_split_DynamoThunder_cpu_None[repro],call,3.83,18.65
after_careful_mock,39,test_dynamo_reproducer_split_DynamoThunder_cpu_None[benchmark],thunder/tests/test_dynamo.py::test_dynamo_reproducer_split_DynamoThunder_cpu_None[benchmark],call,2.83,18.65
after_careful_mock,39,test_fxreport_DynamoThunder_cpu_None[repro],thunder/tests/test_dynamo.py::test_fxreport_DynamoThunder_cpu_None[repro],call,2.58,18.65
after_careful_mock,39,test_dynamo_reproducer_2graph_DynamoThunder_cpu_None[repro],thunder/tests/test_dynamo.py::test_dynamo_reproducer_2graph_DynamoThunder_cpu_None[repro],call,1.97,18.65
after_careful_mock,39,test_dynamo_reproducer_2graph_DynamoThunder_cpu_None[benchmark],thunder/tests/test_dynamo.py::test_dynamo_reproducer_2graph_DynamoThunder_cpu_None[benchmark],call,1.92,18.65
after_careful_mock,39,test_dynamo_reproducer_split_DynamoThunder_cpu_None[repro],thunder/tests/test_dynamo.py::test_dynamo_reproducer_split_DynamoThunder_cpu_None[repro],setup,0.0,18.65
after_careful_mock,39,test_dynamo_reproducer_2graph_DynamoThunder_cpu_None[repro],thunder/tests/test_dynamo.py::test_dynamo_reproducer_2graph_DynamoThunder_cpu_None[repro],setup,0.0,18.65
after_careful_mock,39,test_fxreport_DynamoThunder_cpu_None[repro],thunder/tests/test_dynamo.py::test_fxreport_DynamoThunder_cpu_None[repro],setup,0.0,18.65
after_careful_mock,39,test_dynamo_reproducer_split_DynamoThunder_cpu_None[benchmark],thunder/tests/test_dynamo.py::test_dynamo_reproducer_split_DynamoThunder_cpu_None[benchmark],setup,0.0,18.65
after_careful_mock,39,test_dynamo_reproducer_2graph_DynamoThunder_cpu_None[benchmark],thunder/tests/test_dynamo.py::test_dynamo_reproducer_2graph_DynamoThunder_cpu_None[benchmark],setup,0.0,18.65
after_careful_mock,39,test_fxreport_DynamoThunder_cpu_None[benchmark],thunder/tests/test_dynamo.py::test_fxreport_DynamoThunder_cpu_None[benchmark],setup,0.0,18.65
after_careful_mock,39,test_fxreport_DynamoThunder_cpu_None[repro],thunder/tests/test_dynamo.py::test_fxreport_DynamoThunder_cpu_None[repro],teardown,0.0,18.65
after_careful_mock,39,test_dynamo_reproducer_2graph_DynamoThunder_cpu_None[benchmark],thunder/tests/test_dynamo.py::test_dynamo_reproducer_2graph_DynamoThunder_cpu_None[benchmark],teardown,0.0,18.65
after_careful_mock,39,test_fxreport_DynamoThunder_cpu_None[benchmark],thunder/tests/test_dynamo.py::test_fxreport_DynamoThunder_cpu_None[benchmark],teardown,0.0,18.65
after_careful_mock,39,test_dynamo_reproducer_split_DynamoThunder_cpu_None[benchmark],thunder/tests/test_dynamo.py::test_dynamo_reproducer_split_DynamoThunder_cpu_None[benchmark],teardown,0.0,18.65
after_careful_mock,39,test_dynamo_reproducer_split_DynamoThunder_cpu_None[repro],thunder/tests/test_dynamo.py::test_dynamo_reproducer_split_DynamoThunder_cpu_None[repro],teardown,0.0,18.65
after_careful_mock,39,test_dynamo_reproducer_2graph_DynamoThunder_cpu_None[repro],thunder/tests/test_dynamo.py::test_dynamo_reproducer_2graph_DynamoThunder_cpu_None[repro],teardown,0.0,18.65
after_careful_mock,40,test_fxreport_DynamoThunder_cpu_None[benchmark],thunder/tests/test_dynamo.py::test_fxreport_DynamoThunder_cpu_None[benchmark],call,5.34,18.72
after_careful_mock,40,test_dynamo_reproducer_split_DynamoThunder_cpu_None[benchmark],thunder/tests/test_dynamo.py::test_dynamo_reproducer_split_DynamoThunder_cpu_None[benchmark],call,3.65,18.72
after_careful_mock,40,test_dynamo_reproducer_split_DynamoThunder_cpu_None[repro],thunder/tests/test_dynamo.py::test_dynamo_reproducer_split_DynamoThunder_cpu_None[repro],call,2.94,18.72
after_careful_mock,40,test_fxreport_DynamoThunder_cpu_None[repro],thunder/tests/test_dynamo.py::test_fxreport_DynamoThunder_cpu_None[repro],call,2.62,18.72
after_careful_mock,40,test_dynamo_reproducer_2graph_DynamoThunder_cpu_None[repro],thunder/tests/test_dynamo.py::test_dynamo_reproducer_2graph_DynamoThunder_cpu_None[repro],call,2.06,18.72
after_careful_mock,40,test_dynamo_reproducer_2graph_DynamoThunder_cpu_None[benchmark],thunder/tests/test_dynamo.py::test_dynamo_reproducer_2graph_DynamoThunder_cpu_None[benchmark],call,1.9,18.72
after_careful_mock,40,test_dynamo_reproducer_2graph_DynamoThunder_cpu_None[repro],thunder/tests/test_dynamo.py::test_dynamo_reproducer_2graph_DynamoThunder_cpu_None[repro],setup,0.0,18.72
after_careful_mock,40,test_fxreport_DynamoThunder_cpu_None[repro],thunder/tests/test_dynamo.py::test_fxreport_DynamoThunder_cpu_None[repro],setup,0.0,18.72
after_careful_mock,40,test_fxreport_DynamoThunder_cpu_None[benchmark],thunder/tests/test_dynamo.py::test_fxreport_DynamoThunder_cpu_None[benchmark],setup,0.0,18.72
after_careful_mock,40,test_dynamo_reproducer_2graph_DynamoThunder_cpu_None[benchmark],thunder/tests/test_dynamo.py::test_dynamo_reproducer_2graph_DynamoThunder_cpu_None[benchmark],setup,0.0,18.72
after_careful_mock,40,test_dynamo_reproducer_split_DynamoThunder_cpu_None[repro],thunder/tests/test_dynamo.py::test_dynamo_reproducer_split_DynamoThunder_cpu_None[repro],setup,0.0,18.72
after_careful_mock,40,test_dynamo_reproducer_split_DynamoThunder_cpu_None[benchmark],thunder/tests/test_dynamo.py::test_dynamo_reproducer_split_DynamoThunder_cpu_None[benchmark],setup,0.0,18.72
after_careful_mock,40,test_fxreport_DynamoThunder_cpu_None[repro],thunder/tests/test_dynamo.py::test_fxreport_DynamoThunder_cpu_None[repro],teardown,0.0,18.72
after_careful_mock,40,test_dynamo_reproducer_split_DynamoThunder_cpu_None[repro],thunder/tests/test_dynamo.py::test_dynamo_reproducer_split_DynamoThunder_cpu_None[repro],teardown,0.0,18.72
after_careful_mock,40,test_dynamo_reproducer_split_DynamoThunder_cpu_None[benchmark],thunder/tests/test_dynamo.py::test_dynamo_reproducer_split_DynamoThunder_cpu_None[benchmark],teardown,0.0,18.72
after_careful_mock,40,test_fxreport_DynamoThunder_cpu_None[benchmark],thunder/tests/test_dynamo.py::test_fxreport_DynamoThunder_cpu_None[benchmark],teardown,0.0,18.72
after_careful_mock,40,test_dynamo_reproducer_2graph_DynamoThunder_cpu_None[repro],thunder/tests/test_dynamo.py::test_dynamo_reproducer_2graph_DynamoThunder_cpu_None[repro],teardown,0.0,18.72
after_careful_mock,40,test_dynamo_reproducer_2graph_DynamoThunder_cpu_None[benchmark],thunder/tests/test_dynamo.py::test_dynamo_reproducer_2graph_DynamoThunder_cpu_None[benchmark],teardown,0.0,18.72
