version,run_number,test_name,test_path,phase,duration_sec,total_test_time
before,1,test_rdflib_examples[05_parse_flat.py],tests/integration_tests/test_rdflib/test_examples.py::test_rdflib_examples[05_parse_flat.py],call,4.6,5.59
before,1,test_rdflib_examples[04_parse_grouped.py],tests/integration_tests/test_rdflib/test_examples.py::test_rdflib_examples[04_parse_grouped.py],call,0.7,5.59
before,1,test_rdflib_examples[01_serialize.py],tests/integration_tests/test_rdflib/test_examples.py::test_rdflib_examples[01_serialize.py],call,0.1,5.59
before,1,test_rdflib_examples[02_parse.py],tests/integration_tests/test_rdflib/test_examples.py::test_rdflib_examples[02_parse.py],call,0.01,5.59
before,1,test_rdflib_examples[03_parse_autodetect.py],tests/integration_tests/test_rdflib/test_examples.py::test_rdflib_examples[03_parse_autodetect.py],call,0.0,5.59
before,1,test_rdflib_examples[06_serialize_grouped.py],tests/integration_tests/test_rdflib/test_examples.py::test_rdflib_examples[06_serialize_grouped.py],call,0.0,5.59
before,1,test_rdflib_examples[07_serialize_flat.py],tests/integration_tests/test_rdflib/test_examples.py::test_rdflib_examples[07_serialize_flat.py],call,0.0,5.59
before,1,test_rdflib_examples[01_serialize.py],tests/integration_tests/test_rdflib/test_examples.py::test_rdflib_examples[01_serialize.py],setup,0.0,5.59
before,1,test_rdflib_examples[06_serialize_grouped.py],tests/integration_tests/test_rdflib/test_examples.py::test_rdflib_examples[06_serialize_grouped.py],setup,0.0,5.59
before,1,test_rdflib_examples[02_parse.py],tests/integration_tests/test_rdflib/test_examples.py::test_rdflib_examples[02_parse.py],setup,0.0,5.59
before,1,test_rdflib_examples[05_parse_flat.py],tests/integration_tests/test_rdflib/test_examples.py::test_rdflib_examples[05_parse_flat.py],setup,0.0,5.59
before,1,test_rdflib_examples[04_parse_grouped.py],tests/integration_tests/test_rdflib/test_examples.py::test_rdflib_examples[04_parse_grouped.py],setup,0.0,5.59
before,1,test_rdflib_examples[07_serialize_flat.py],tests/integration_tests/test_rdflib/test_examples.py::test_rdflib_examples[07_serialize_flat.py],setup,0.0,5.59
before,1,test_rdflib_examples[03_parse_autodetect.py],tests/integration_tests/test_rdflib/test_examples.py::test_rdflib_examples[03_parse_autodetect.py],teardown,0.0,5.59
before,1,test_rdflib_examples[03_parse_autodetect.py],tests/integration_tests/test_rdflib/test_examples.py::test_rdflib_examples[03_parse_autodetect.py],setup,0.0,5.59
before,1,test_rdflib_examples[05_parse_flat.py],tests/integration_tests/test_rdflib/test_examples.py::test_rdflib_examples[05_parse_flat.py],teardown,0.0,5.59
before,1,test_rdflib_examples[04_parse_grouped.py],tests/integration_tests/test_rdflib/test_examples.py::test_rdflib_examples[04_parse_grouped.py],teardown,0.0,5.59
before,1,test_rdflib_examples[01_serialize.py],tests/integration_tests/test_rdflib/test_examples.py::test_rdflib_examples[01_serialize.py],teardown,0.0,5.59
before,1,test_rdflib_examples[07_serialize_flat.py],tests/integration_tests/test_rdflib/test_examples.py::test_rdflib_examples[07_serialize_flat.py],teardown,0.0,5.59
before,1,test_rdflib_examples[06_serialize_grouped.py],tests/integration_tests/test_rdflib/test_examples.py::test_rdflib_examples[06_serialize_grouped.py],teardown,0.0,5.59
before,1,test_rdflib_examples[02_parse.py],tests/integration_tests/test_rdflib/test_examples.py::test_rdflib_examples[02_parse.py],teardown,0.0,5.59
before,2,test_rdflib_examples[05_parse_flat.py],tests/integration_tests/test_rdflib/test_examples.py::test_rdflib_examples[05_parse_flat.py],call,3.89,4.75
before,2,test_rdflib_examples[04_parse_grouped.py],tests/integration_tests/test_rdflib/test_examples.py::test_rdflib_examples[04_parse_grouped.py],call,0.6,4.75
before,2,test_rdflib_examples[01_serialize.py],tests/integration_tests/test_rdflib/test_examples.py::test_rdflib_examples[01_serialize.py],call,0.08,4.75
before,2,test_rdflib_examples[02_parse.py],tests/integration_tests/test_rdflib/test_examples.py::test_rdflib_examples[02_parse.py],call,0.01,4.75
before,2,test_rdflib_examples[06_serialize_grouped.py],tests/integration_tests/test_rdflib/test_examples.py::test_rdflib_examples[06_serialize_grouped.py],call,0.0,4.75
before,2,test_rdflib_examples[03_parse_autodetect.py],tests/integration_tests/test_rdflib/test_examples.py::test_rdflib_examples[03_parse_autodetect.py],call,0.0,4.75
before,2,test_rdflib_examples[07_serialize_flat.py],tests/integration_tests/test_rdflib/test_examples.py::test_rdflib_examples[07_serialize_flat.py],call,0.0,4.75
before,2,test_rdflib_examples[01_serialize.py],tests/integration_tests/test_rdflib/test_examples.py::test_rdflib_examples[01_serialize.py],setup,0.0,4.75
before,2,test_rdflib_examples[05_parse_flat.py],tests/integration_tests/test_rdflib/test_examples.py::test_rdflib_examples[05_parse_flat.py],setup,0.0,4.75
before,2,test_rdflib_examples[06_serialize_grouped.py],tests/integration_tests/test_rdflib/test_examples.py::test_rdflib_examples[06_serialize_grouped.py],setup,0.0,4.75
before,2,test_rdflib_examples[02_parse.py],tests/integration_tests/test_rdflib/test_examples.py::test_rdflib_examples[02_parse.py],setup,0.0,4.75
before,2,test_rdflib_examples[04_parse_grouped.py],tests/integration_tests/test_rdflib/test_examples.py::test_rdflib_examples[04_parse_grouped.py],setup,0.0,4.75
before,2,test_rdflib_examples[07_serialize_flat.py],tests/integration_tests/test_rdflib/test_examples.py::test_rdflib_examples[07_serialize_flat.py],setup,0.0,4.75
before,2,test_rdflib_examples[03_parse_autodetect.py],tests/integration_tests/test_rdflib/test_examples.py::test_rdflib_examples[03_parse_autodetect.py],setup,0.0,4.75
before,2,test_rdflib_examples[03_parse_autodetect.py],tests/integration_tests/test_rdflib/test_examples.py::test_rdflib_examples[03_parse_autodetect.py],teardown,0.0,4.75
before,2,test_rdflib_examples[05_parse_flat.py],tests/integration_tests/test_rdflib/test_examples.py::test_rdflib_examples[05_parse_flat.py],teardown,0.0,4.75
before,2,test_rdflib_examples[04_parse_grouped.py],tests/integration_tests/test_rdflib/test_examples.py::test_rdflib_examples[04_parse_grouped.py],teardown,0.0,4.75
before,2,test_rdflib_examples[01_serialize.py],tests/integration_tests/test_rdflib/test_examples.py::test_rdflib_examples[01_serialize.py],teardown,0.0,4.75
before,2,test_rdflib_examples[02_parse.py],tests/integration_tests/test_rdflib/test_examples.py::test_rdflib_examples[02_parse.py],teardown,0.0,4.75
before,2,test_rdflib_examples[07_serialize_flat.py],tests/integration_tests/test_rdflib/test_examples.py::test_rdflib_examples[07_serialize_flat.py],teardown,0.0,4.75
before,2,test_rdflib_examples[06_serialize_grouped.py],tests/integration_tests/test_rdflib/test_examples.py::test_rdflib_examples[06_serialize_grouped.py],teardown,0.0,4.75
before,3,test_rdflib_examples[05_parse_flat.py],tests/integration_tests/test_rdflib/test_examples.py::test_rdflib_examples[05_parse_flat.py],call,4.25,5.2
before,3,test_rdflib_examples[04_parse_grouped.py],tests/integration_tests/test_rdflib/test_examples.py::test_rdflib_examples[04_parse_grouped.py],call,0.68,5.2
before,3,test_rdflib_examples[01_serialize.py],tests/integration_tests/test_rdflib/test_examples.py::test_rdflib_examples[01_serialize.py],call,0.08,5.2
before,3,test_rdflib_examples[02_parse.py],tests/integration_tests/test_rdflib/test_examples.py::test_rdflib_examples[02_parse.py],call,0.01,5.2
before,3,test_rdflib_examples[03_parse_autodetect.py],tests/integration_tests/test_rdflib/test_examples.py::test_rdflib_examples[03_parse_autodetect.py],call,0.0,5.2
before,3,test_rdflib_examples[06_serialize_grouped.py],tests/integration_tests/test_rdflib/test_examples.py::test_rdflib_examples[06_serialize_grouped.py],call,0.0,5.2
before,3,test_rdflib_examples[07_serialize_flat.py],tests/integration_tests/test_rdflib/test_examples.py::test_rdflib_examples[07_serialize_flat.py],call,0.0,5.2
before,3,test_rdflib_examples[01_serialize.py],tests/integration_tests/test_rdflib/test_examples.py::test_rdflib_examples[01_serialize.py],setup,0.0,5.2
before,3,test_rdflib_examples[05_parse_flat.py],tests/integration_tests/test_rdflib/test_examples.py::test_rdflib_examples[05_parse_flat.py],setup,0.0,5.2
before,3,test_rdflib_examples[06_serialize_grouped.py],tests/integration_tests/test_rdflib/test_examples.py::test_rdflib_examples[06_serialize_grouped.py],setup,0.0,5.2
before,3,test_rdflib_examples[02_parse.py],tests/integration_tests/test_rdflib/test_examples.py::test_rdflib_examples[02_parse.py],setup,0.0,5.2
before,3,test_rdflib_examples[04_parse_grouped.py],tests/integration_tests/test_rdflib/test_examples.py::test_rdflib_examples[04_parse_grouped.py],setup,0.0,5.2
before,3,test_rdflib_examples[07_serialize_flat.py],tests/integration_tests/test_rdflib/test_examples.py::test_rdflib_examples[07_serialize_flat.py],setup,0.0,5.2
before,3,test_rdflib_examples[03_parse_autodetect.py],tests/integration_tests/test_rdflib/test_examples.py::test_rdflib_examples[03_parse_autodetect.py],setup,0.0,5.2
before,3,test_rdflib_examples[03_parse_autodetect.py],tests/integration_tests/test_rdflib/test_examples.py::test_rdflib_examples[03_parse_autodetect.py],teardown,0.0,5.2
before,3,test_rdflib_examples[05_parse_flat.py],tests/integration_tests/test_rdflib/test_examples.py::test_rdflib_examples[05_parse_flat.py],teardown,0.0,5.2
before,3,test_rdflib_examples[04_parse_grouped.py],tests/integration_tests/test_rdflib/test_examples.py::test_rdflib_examples[04_parse_grouped.py],teardown,0.0,5.2
before,3,test_rdflib_examples[01_serialize.py],tests/integration_tests/test_rdflib/test_examples.py::test_rdflib_examples[01_serialize.py],teardown,0.0,5.2
before,3,test_rdflib_examples[07_serialize_flat.py],tests/integration_tests/test_rdflib/test_examples.py::test_rdflib_examples[07_serialize_flat.py],teardown,0.0,5.2
before,3,test_rdflib_examples[06_serialize_grouped.py],tests/integration_tests/test_rdflib/test_examples.py::test_rdflib_examples[06_serialize_grouped.py],teardown,0.0,5.2
before,3,test_rdflib_examples[02_parse.py],tests/integration_tests/test_rdflib/test_examples.py::test_rdflib_examples[02_parse.py],teardown,0.0,5.2
before,4,test_rdflib_examples[05_parse_flat.py],tests/integration_tests/test_rdflib/test_examples.py::test_rdflib_examples[05_parse_flat.py],call,3.99,5.17
before,4,test_rdflib_examples[04_parse_grouped.py],tests/integration_tests/test_rdflib/test_examples.py::test_rdflib_examples[04_parse_grouped.py],call,0.92,5.17
before,4,test_rdflib_examples[01_serialize.py],tests/integration_tests/test_rdflib/test_examples.py::test_rdflib_examples[01_serialize.py],call,0.08,5.17
before,4,test_rdflib_examples[02_parse.py],tests/integration_tests/test_rdflib/test_examples.py::test_rdflib_examples[02_parse.py],call,0.01,5.17
before,4,test_rdflib_examples[03_parse_autodetect.py],tests/integration_tests/test_rdflib/test_examples.py::test_rdflib_examples[03_parse_autodetect.py],call,0.0,5.17
before,4,test_rdflib_examples[06_serialize_grouped.py],tests/integration_tests/test_rdflib/test_examples.py::test_rdflib_examples[06_serialize_grouped.py],call,0.0,5.17
before,4,test_rdflib_examples[07_serialize_flat.py],tests/integration_tests/test_rdflib/test_examples.py::test_rdflib_examples[07_serialize_flat.py],call,0.0,5.17
before,4,test_rdflib_examples[01_serialize.py],tests/integration_tests/test_rdflib/test_examples.py::test_rdflib_examples[01_serialize.py],setup,0.0,5.17
before,4,test_rdflib_examples[05_parse_flat.py],tests/integration_tests/test_rdflib/test_examples.py::test_rdflib_examples[05_parse_flat.py],setup,0.0,5.17
before,4,test_rdflib_examples[04_parse_grouped.py],tests/integration_tests/test_rdflib/test_examples.py::test_rdflib_examples[04_parse_grouped.py],setup,0.0,5.17
before,4,test_rdflib_examples[06_serialize_grouped.py],tests/integration_tests/test_rdflib/test_examples.py::test_rdflib_examples[06_serialize_grouped.py],setup,0.0,5.17
before,4,test_rdflib_examples[02_parse.py],tests/integration_tests/test_rdflib/test_examples.py::test_rdflib_examples[02_parse.py],setup,0.0,5.17
before,4,test_rdflib_examples[07_serialize_flat.py],tests/integration_tests/test_rdflib/test_examples.py::test_rdflib_examples[07_serialize_flat.py],setup,0.0,5.17
before,4,test_rdflib_examples[03_parse_autodetect.py],tests/integration_tests/test_rdflib/test_examples.py::test_rdflib_examples[03_parse_autodetect.py],teardown,0.0,5.17
before,4,test_rdflib_examples[05_parse_flat.py],tests/integration_tests/test_rdflib/test_examples.py::test_rdflib_examples[05_parse_flat.py],teardown,0.0,5.17
before,4,test_rdflib_examples[03_parse_autodetect.py],tests/integration_tests/test_rdflib/test_examples.py::test_rdflib_examples[03_parse_autodetect.py],setup,0.0,5.17
before,4,test_rdflib_examples[04_parse_grouped.py],tests/integration_tests/test_rdflib/test_examples.py::test_rdflib_examples[04_parse_grouped.py],teardown,0.0,5.17
before,4,test_rdflib_examples[01_serialize.py],tests/integration_tests/test_rdflib/test_examples.py::test_rdflib_examples[01_serialize.py],teardown,0.0,5.17
before,4,test_rdflib_examples[07_serialize_flat.py],tests/integration_tests/test_rdflib/test_examples.py::test_rdflib_examples[07_serialize_flat.py],teardown,0.0,5.17
before,4,test_rdflib_examples[06_serialize_grouped.py],tests/integration_tests/test_rdflib/test_examples.py::test_rdflib_examples[06_serialize_grouped.py],teardown,0.0,5.17
before,4,test_rdflib_examples[02_parse.py],tests/integration_tests/test_rdflib/test_examples.py::test_rdflib_examples[02_parse.py],teardown,0.0,5.17
before,5,test_rdflib_examples[05_parse_flat.py],tests/integration_tests/test_rdflib/test_examples.py::test_rdflib_examples[05_parse_flat.py],call,4.18,4.84
before,5,test_rdflib_examples[04_parse_grouped.py],tests/integration_tests/test_rdflib/test_examples.py::test_rdflib_examples[04_parse_grouped.py],call,0.4,4.84
before,5,test_rdflib_examples[01_serialize.py],tests/integration_tests/test_rdflib/test_examples.py::test_rdflib_examples[01_serialize.py],call,0.09,4.84
before,5,test_rdflib_examples[02_parse.py],tests/integration_tests/test_rdflib/test_examples.py::test_rdflib_examples[02_parse.py],call,0.02,4.84
before,5,test_rdflib_examples[03_parse_autodetect.py],tests/integration_tests/test_rdflib/test_examples.py::test_rdflib_examples[03_parse_autodetect.py],call,0.0,4.84
before,5,test_rdflib_examples[06_serialize_grouped.py],tests/integration_tests/test_rdflib/test_examples.py::test_rdflib_examples[06_serialize_grouped.py],call,0.0,4.84
before,5,test_rdflib_examples[07_serialize_flat.py],tests/integration_tests/test_rdflib/test_examples.py::test_rdflib_examples[07_serialize_flat.py],call,0.0,4.84
before,5,test_rdflib_examples[02_parse.py],tests/integration_tests/test_rdflib/test_examples.py::test_rdflib_examples[02_parse.py],setup,0.0,4.84
before,5,test_rdflib_examples[01_serialize.py],tests/integration_tests/test_rdflib/test_examples.py::test_rdflib_examples[01_serialize.py],setup,0.0,4.84
before,5,test_rdflib_examples[06_serialize_grouped.py],tests/integration_tests/test_rdflib/test_examples.py::test_rdflib_examples[06_serialize_grouped.py],setup,0.0,4.84
before,5,test_rdflib_examples[04_parse_grouped.py],tests/integration_tests/test_rdflib/test_examples.py::test_rdflib_examples[04_parse_grouped.py],setup,0.0,4.84
before,5,test_rdflib_examples[05_parse_flat.py],tests/integration_tests/test_rdflib/test_examples.py::test_rdflib_examples[05_parse_flat.py],setup,0.0,4.84
before,5,test_rdflib_examples[03_parse_autodetect.py],tests/integration_tests/test_rdflib/test_examples.py::test_rdflib_examples[03_parse_autodetect.py],setup,0.0,4.84
before,5,test_rdflib_examples[03_parse_autodetect.py],tests/integration_tests/test_rdflib/test_examples.py::test_rdflib_examples[03_parse_autodetect.py],teardown,0.0,4.84
before,5,test_rdflib_examples[07_serialize_flat.py],tests/integration_tests/test_rdflib/test_examples.py::test_rdflib_examples[07_serialize_flat.py],setup,0.0,4.84
before,5,test_rdflib_examples[05_parse_flat.py],tests/integration_tests/test_rdflib/test_examples.py::test_rdflib_examples[05_parse_flat.py],teardown,0.0,4.84
before,5,test_rdflib_examples[04_parse_grouped.py],tests/integration_tests/test_rdflib/test_examples.py::test_rdflib_examples[04_parse_grouped.py],teardown,0.0,4.84
before,5,test_rdflib_examples[01_serialize.py],tests/integration_tests/test_rdflib/test_examples.py::test_rdflib_examples[01_serialize.py],teardown,0.0,4.84
before,5,test_rdflib_examples[07_serialize_flat.py],tests/integration_tests/test_rdflib/test_examples.py::test_rdflib_examples[07_serialize_flat.py],teardown,0.0,4.84
before,5,test_rdflib_examples[06_serialize_grouped.py],tests/integration_tests/test_rdflib/test_examples.py::test_rdflib_examples[06_serialize_grouped.py],teardown,0.0,4.84
before,5,test_rdflib_examples[02_parse.py],tests/integration_tests/test_rdflib/test_examples.py::test_rdflib_examples[02_parse.py],teardown,0.0,4.84
before,6,test_rdflib_examples[05_parse_flat.py],tests/integration_tests/test_rdflib/test_examples.py::test_rdflib_examples[05_parse_flat.py],call,4.17,4.82
before,6,test_rdflib_examples[04_parse_grouped.py],tests/integration_tests/test_rdflib/test_examples.py::test_rdflib_examples[04_parse_grouped.py],call,0.38,4.82
before,6,test_rdflib_examples[01_serialize.py],tests/integration_tests/test_rdflib/test_examples.py::test_rdflib_examples[01_serialize.py],call,0.09,4.82
before,6,test_rdflib_examples[02_parse.py],tests/integration_tests/test_rdflib/test_examples.py::test_rdflib_examples[02_parse.py],call,0.01,4.82
before,6,test_rdflib_examples[03_parse_autodetect.py],tests/integration_tests/test_rdflib/test_examples.py::test_rdflib_examples[03_parse_autodetect.py],call,0.0,4.82
before,6,test_rdflib_examples[06_serialize_grouped.py],tests/integration_tests/test_rdflib/test_examples.py::test_rdflib_examples[06_serialize_grouped.py],call,0.0,4.82
before,6,test_rdflib_examples[07_serialize_flat.py],tests/integration_tests/test_rdflib/test_examples.py::test_rdflib_examples[07_serialize_flat.py],call,0.0,4.82
before,6,test_rdflib_examples[01_serialize.py],tests/integration_tests/test_rdflib/test_examples.py::test_rdflib_examples[01_serialize.py],setup,0.0,4.82
before,6,test_rdflib_examples[05_parse_flat.py],tests/integration_tests/test_rdflib/test_examples.py::test_rdflib_examples[05_parse_flat.py],setup,0.0,4.82
before,6,test_rdflib_examples[06_serialize_grouped.py],tests/integration_tests/test_rdflib/test_examples.py::test_rdflib_examples[06_serialize_grouped.py],setup,0.0,4.82
before,6,test_rdflib_examples[02_parse.py],tests/integration_tests/test_rdflib/test_examples.py::test_rdflib_examples[02_parse.py],setup,0.0,4.82
before,6,test_rdflib_examples[04_parse_grouped.py],tests/integration_tests/test_rdflib/test_examples.py::test_rdflib_examples[04_parse_grouped.py],setup,0.0,4.82
before,6,test_rdflib_examples[07_serialize_flat.py],tests/integration_tests/test_rdflib/test_examples.py::test_rdflib_examples[07_serialize_flat.py],setup,0.0,4.82
before,6,test_rdflib_examples[03_parse_autodetect.py],tests/integration_tests/test_rdflib/test_examples.py::test_rdflib_examples[03_parse_autodetect.py],teardown,0.0,4.82
before,6,test_rdflib_examples[03_parse_autodetect.py],tests/integration_tests/test_rdflib/test_examples.py::test_rdflib_examples[03_parse_autodetect.py],setup,0.0,4.82
before,6,test_rdflib_examples[04_parse_grouped.py],tests/integration_tests/test_rdflib/test_examples.py::test_rdflib_examples[04_parse_grouped.py],teardown,0.0,4.82
before,6,test_rdflib_examples[05_parse_flat.py],tests/integration_tests/test_rdflib/test_examples.py::test_rdflib_examples[05_parse_flat.py],teardown,0.0,4.82
before,6,test_rdflib_examples[01_serialize.py],tests/integration_tests/test_rdflib/test_examples.py::test_rdflib_examples[01_serialize.py],teardown,0.0,4.82
before,6,test_rdflib_examples[06_serialize_grouped.py],tests/integration_tests/test_rdflib/test_examples.py::test_rdflib_examples[06_serialize_grouped.py],teardown,0.0,4.82
before,6,test_rdflib_examples[07_serialize_flat.py],tests/integration_tests/test_rdflib/test_examples.py::test_rdflib_examples[07_serialize_flat.py],teardown,0.0,4.82
before,6,test_rdflib_examples[02_parse.py],tests/integration_tests/test_rdflib/test_examples.py::test_rdflib_examples[02_parse.py],teardown,0.0,4.82
before,7,test_rdflib_examples[05_parse_flat.py],tests/integration_tests/test_rdflib/test_examples.py::test_rdflib_examples[05_parse_flat.py],call,4.16,4.79
before,7,test_rdflib_examples[04_parse_grouped.py],tests/integration_tests/test_rdflib/test_examples.py::test_rdflib_examples[04_parse_grouped.py],call,0.38,4.79
before,7,test_rdflib_examples[01_serialize.py],tests/integration_tests/test_rdflib/test_examples.py::test_rdflib_examples[01_serialize.py],call,0.07,4.79
before,7,test_rdflib_examples[02_parse.py],tests/integration_tests/test_rdflib/test_examples.py::test_rdflib_examples[02_parse.py],call,0.01,4.79
before,7,test_rdflib_examples[03_parse_autodetect.py],tests/integration_tests/test_rdflib/test_examples.py::test_rdflib_examples[03_parse_autodetect.py],call,0.0,4.79
before,7,test_rdflib_examples[06_serialize_grouped.py],tests/integration_tests/test_rdflib/test_examples.py::test_rdflib_examples[06_serialize_grouped.py],call,0.0,4.79
before,7,test_rdflib_examples[07_serialize_flat.py],tests/integration_tests/test_rdflib/test_examples.py::test_rdflib_examples[07_serialize_flat.py],call,0.0,4.79
before,7,test_rdflib_examples[01_serialize.py],tests/integration_tests/test_rdflib/test_examples.py::test_rdflib_examples[01_serialize.py],setup,0.0,4.79
before,7,test_rdflib_examples[05_parse_flat.py],tests/integration_tests/test_rdflib/test_examples.py::test_rdflib_examples[05_parse_flat.py],setup,0.0,4.79
before,7,test_rdflib_examples[02_parse.py],tests/integration_tests/test_rdflib/test_examples.py::test_rdflib_examples[02_parse.py],setup,0.0,4.79
before,7,test_rdflib_examples[06_serialize_grouped.py],tests/integration_tests/test_rdflib/test_examples.py::test_rdflib_examples[06_serialize_grouped.py],setup,0.0,4.79
before,7,test_rdflib_examples[04_parse_grouped.py],tests/integration_tests/test_rdflib/test_examples.py::test_rdflib_examples[04_parse_grouped.py],setup,0.0,4.79
before,7,test_rdflib_examples[03_parse_autodetect.py],tests/integration_tests/test_rdflib/test_examples.py::test_rdflib_examples[03_parse_autodetect.py],teardown,0.0,4.79
before,7,test_rdflib_examples[03_parse_autodetect.py],tests/integration_tests/test_rdflib/test_examples.py::test_rdflib_examples[03_parse_autodetect.py],setup,0.0,4.79
before,7,test_rdflib_examples[04_parse_grouped.py],tests/integration_tests/test_rdflib/test_examples.py::test_rdflib_examples[04_parse_grouped.py],teardown,0.0,4.79
before,7,test_rdflib_examples[07_serialize_flat.py],tests/integration_tests/test_rdflib/test_examples.py::test_rdflib_examples[07_serialize_flat.py],setup,0.0,4.79
before,7,test_rdflib_examples[05_parse_flat.py],tests/integration_tests/test_rdflib/test_examples.py::test_rdflib_examples[05_parse_flat.py],teardown,0.0,4.79
before,7,test_rdflib_examples[01_serialize.py],tests/integration_tests/test_rdflib/test_examples.py::test_rdflib_examples[01_serialize.py],teardown,0.0,4.79
before,7,test_rdflib_examples[07_serialize_flat.py],tests/integration_tests/test_rdflib/test_examples.py::test_rdflib_examples[07_serialize_flat.py],teardown,0.0,4.79
before,7,test_rdflib_examples[06_serialize_grouped.py],tests/integration_tests/test_rdflib/test_examples.py::test_rdflib_examples[06_serialize_grouped.py],teardown,0.0,4.79
before,7,test_rdflib_examples[02_parse.py],tests/integration_tests/test_rdflib/test_examples.py::test_rdflib_examples[02_parse.py],teardown,0.0,4.79
before,8,test_rdflib_examples[05_parse_flat.py],tests/integration_tests/test_rdflib/test_examples.py::test_rdflib_examples[05_parse_flat.py],call,4.01,4.85
before,8,test_rdflib_examples[04_parse_grouped.py],tests/integration_tests/test_rdflib/test_examples.py::test_rdflib_examples[04_parse_grouped.py],call,0.59,4.85
before,8,test_rdflib_examples[01_serialize.py],tests/integration_tests/test_rdflib/test_examples.py::test_rdflib_examples[01_serialize.py],call,0.07,4.85
before,8,test_rdflib_examples[02_parse.py],tests/integration_tests/test_rdflib/test_examples.py::test_rdflib_examples[02_parse.py],call,0.01,4.85
before,8,test_rdflib_examples[03_parse_autodetect.py],tests/integration_tests/test_rdflib/test_examples.py::test_rdflib_examples[03_parse_autodetect.py],call,0.0,4.85
before,8,test_rdflib_examples[06_serialize_grouped.py],tests/integration_tests/test_rdflib/test_examples.py::test_rdflib_examples[06_serialize_grouped.py],call,0.0,4.85
before,8,test_rdflib_examples[07_serialize_flat.py],tests/integration_tests/test_rdflib/test_examples.py::test_rdflib_examples[07_serialize_flat.py],call,0.0,4.85
before,8,test_rdflib_examples[01_serialize.py],tests/integration_tests/test_rdflib/test_examples.py::test_rdflib_examples[01_serialize.py],setup,0.0,4.85
before,8,test_rdflib_examples[02_parse.py],tests/integration_tests/test_rdflib/test_examples.py::test_rdflib_examples[02_parse.py],setup,0.0,4.85
before,8,test_rdflib_examples[05_parse_flat.py],tests/integration_tests/test_rdflib/test_examples.py::test_rdflib_examples[05_parse_flat.py],setup,0.0,4.85
before,8,test_rdflib_examples[04_parse_grouped.py],tests/integration_tests/test_rdflib/test_examples.py::test_rdflib_examples[04_parse_grouped.py],setup,0.0,4.85
before,8,test_rdflib_examples[06_serialize_grouped.py],tests/integration_tests/test_rdflib/test_examples.py::test_rdflib_examples[06_serialize_grouped.py],setup,0.0,4.85
before,8,test_rdflib_examples[07_serialize_flat.py],tests/integration_tests/test_rdflib/test_examples.py::test_rdflib_examples[07_serialize_flat.py],setup,0.0,4.85
before,8,test_rdflib_examples[03_parse_autodetect.py],tests/integration_tests/test_rdflib/test_examples.py::test_rdflib_examples[03_parse_autodetect.py],teardown,0.0,4.85
before,8,test_rdflib_examples[03_parse_autodetect.py],tests/integration_tests/test_rdflib/test_examples.py::test_rdflib_examples[03_parse_autodetect.py],setup,0.0,4.85
before,8,test_rdflib_examples[04_parse_grouped.py],tests/integration_tests/test_rdflib/test_examples.py::test_rdflib_examples[04_parse_grouped.py],teardown,0.0,4.85
before,8,test_rdflib_examples[05_parse_flat.py],tests/integration_tests/test_rdflib/test_examples.py::test_rdflib_examples[05_parse_flat.py],teardown,0.0,4.85
before,8,test_rdflib_examples[01_serialize.py],tests/integration_tests/test_rdflib/test_examples.py::test_rdflib_examples[01_serialize.py],teardown,0.0,4.85
before,8,test_rdflib_examples[07_serialize_flat.py],tests/integration_tests/test_rdflib/test_examples.py::test_rdflib_examples[07_serialize_flat.py],teardown,0.0,4.85
before,8,test_rdflib_examples[06_serialize_grouped.py],tests/integration_tests/test_rdflib/test_examples.py::test_rdflib_examples[06_serialize_grouped.py],teardown,0.0,4.85
before,8,test_rdflib_examples[02_parse.py],tests/integration_tests/test_rdflib/test_examples.py::test_rdflib_examples[02_parse.py],teardown,0.0,4.85
before,9,test_rdflib_examples[05_parse_flat.py],tests/integration_tests/test_rdflib/test_examples.py::test_rdflib_examples[05_parse_flat.py],call,3.88,4.86
before,9,test_rdflib_examples[04_parse_grouped.py],tests/integration_tests/test_rdflib/test_examples.py::test_rdflib_examples[04_parse_grouped.py],call,0.72,4.86
before,9,test_rdflib_examples[01_serialize.py],tests/integration_tests/test_rdflib/test_examples.py::test_rdflib_examples[01_serialize.py],call,0.08,4.86
before,9,test_rdflib_examples[02_parse.py],tests/integration_tests/test_rdflib/test_examples.py::test_rdflib_examples[02_parse.py],call,0.01,4.86
before,9,test_rdflib_examples[06_serialize_grouped.py],tests/integration_tests/test_rdflib/test_examples.py::test_rdflib_examples[06_serialize_grouped.py],call,0.0,4.86
before,9,test_rdflib_examples[03_parse_autodetect.py],tests/integration_tests/test_rdflib/test_examples.py::test_rdflib_examples[03_parse_autodetect.py],call,0.0,4.86
before,9,test_rdflib_examples[07_serialize_flat.py],tests/integration_tests/test_rdflib/test_examples.py::test_rdflib_examples[07_serialize_flat.py],call,0.0,4.86
before,9,test_rdflib_examples[01_serialize.py],tests/integration_tests/test_rdflib/test_examples.py::test_rdflib_examples[01_serialize.py],setup,0.0,4.86
before,9,test_rdflib_examples[06_serialize_grouped.py],tests/integration_tests/test_rdflib/test_examples.py::test_rdflib_examples[06_serialize_grouped.py],setup,0.0,4.86
before,9,test_rdflib_examples[04_parse_grouped.py],tests/integration_tests/test_rdflib/test_examples.py::test_rdflib_examples[04_parse_grouped.py],setup,0.0,4.86
before,9,test_rdflib_examples[05_parse_flat.py],tests/integration_tests/test_rdflib/test_examples.py::test_rdflib_examples[05_parse_flat.py],setup,0.0,4.86
before,9,test_rdflib_examples[02_parse.py],tests/integration_tests/test_rdflib/test_examples.py::test_rdflib_examples[02_parse.py],setup,0.0,4.86
before,9,test_rdflib_examples[07_serialize_flat.py],tests/integration_tests/test_rdflib/test_examples.py::test_rdflib_examples[07_serialize_flat.py],setup,0.0,4.86
before,9,test_rdflib_examples[05_parse_flat.py],tests/integration_tests/test_rdflib/test_examples.py::test_rdflib_examples[05_parse_flat.py],teardown,0.0,4.86
before,9,test_rdflib_examples[03_parse_autodetect.py],tests/integration_tests/test_rdflib/test_examples.py::test_rdflib_examples[03_parse_autodetect.py],teardown,0.0,4.86
before,9,test_rdflib_examples[03_parse_autodetect.py],tests/integration_tests/test_rdflib/test_examples.py::test_rdflib_examples[03_parse_autodetect.py],setup,0.0,4.86
before,9,test_rdflib_examples[04_parse_grouped.py],tests/integration_tests/test_rdflib/test_examples.py::test_rdflib_examples[04_parse_grouped.py],teardown,0.0,4.86
before,9,test_rdflib_examples[01_serialize.py],tests/integration_tests/test_rdflib/test_examples.py::test_rdflib_examples[01_serialize.py],teardown,0.0,4.86
before,9,test_rdflib_examples[06_serialize_grouped.py],tests/integration_tests/test_rdflib/test_examples.py::test_rdflib_examples[06_serialize_grouped.py],teardown,0.0,4.86
before,9,test_rdflib_examples[07_serialize_flat.py],tests/integration_tests/test_rdflib/test_examples.py::test_rdflib_examples[07_serialize_flat.py],teardown,0.0,4.86
before,9,test_rdflib_examples[02_parse.py],tests/integration_tests/test_rdflib/test_examples.py::test_rdflib_examples[02_parse.py],teardown,0.0,4.86
before,10,test_rdflib_examples[05_parse_flat.py],tests/integration_tests/test_rdflib/test_examples.py::test_rdflib_examples[05_parse_flat.py],call,4.13,5.14
before,10,test_rdflib_examples[04_parse_grouped.py],tests/integration_tests/test_rdflib/test_examples.py::test_rdflib_examples[04_parse_grouped.py],call,0.74,5.14
before,10,test_rdflib_examples[01_serialize.py],tests/integration_tests/test_rdflib/test_examples.py::test_rdflib_examples[01_serialize.py],call,0.09,5.14
before,10,test_rdflib_examples[02_parse.py],tests/integration_tests/test_rdflib/test_examples.py::test_rdflib_examples[02_parse.py],call,0.01,5.14
before,10,test_rdflib_examples[03_parse_autodetect.py],tests/integration_tests/test_rdflib/test_examples.py::test_rdflib_examples[03_parse_autodetect.py],call,0.0,5.14
before,10,test_rdflib_examples[06_serialize_grouped.py],tests/integration_tests/test_rdflib/test_examples.py::test_rdflib_examples[06_serialize_grouped.py],call,0.0,5.14
before,10,test_rdflib_examples[07_serialize_flat.py],tests/integration_tests/test_rdflib/test_examples.py::test_rdflib_examples[07_serialize_flat.py],call,0.0,5.14
before,10,test_rdflib_examples[01_serialize.py],tests/integration_tests/test_rdflib/test_examples.py::test_rdflib_examples[01_serialize.py],setup,0.0,5.14
before,10,test_rdflib_examples[04_parse_grouped.py],tests/integration_tests/test_rdflib/test_examples.py::test_rdflib_examples[04_parse_grouped.py],setup,0.0,5.14
before,10,test_rdflib_examples[05_parse_flat.py],tests/integration_tests/test_rdflib/test_examples.py::test_rdflib_examples[05_parse_flat.py],setup,0.0,5.14
before,10,test_rdflib_examples[02_parse.py],tests/integration_tests/test_rdflib/test_examples.py::test_rdflib_examples[02_parse.py],setup,0.0,5.14
before,10,test_rdflib_examples[06_serialize_grouped.py],tests/integration_tests/test_rdflib/test_examples.py::test_rdflib_examples[06_serialize_grouped.py],setup,0.0,5.14
before,10,test_rdflib_examples[03_parse_autodetect.py],tests/integration_tests/test_rdflib/test_examples.py::test_rdflib_examples[03_parse_autodetect.py],setup,0.0,5.14
before,10,test_rdflib_examples[07_serialize_flat.py],tests/integration_tests/test_rdflib/test_examples.py::test_rdflib_examples[07_serialize_flat.py],setup,0.0,5.14
before,10,test_rdflib_examples[05_parse_flat.py],tests/integration_tests/test_rdflib/test_examples.py::test_rdflib_examples[05_parse_flat.py],teardown,0.0,5.14
before,10,test_rdflib_examples[03_parse_autodetect.py],tests/integration_tests/test_rdflib/test_examples.py::test_rdflib_examples[03_parse_autodetect.py],teardown,0.0,5.14
before,10,test_rdflib_examples[04_parse_grouped.py],tests/integration_tests/test_rdflib/test_examples.py::test_rdflib_examples[04_parse_grouped.py],teardown,0.0,5.14
before,10,test_rdflib_examples[01_serialize.py],tests/integration_tests/test_rdflib/test_examples.py::test_rdflib_examples[01_serialize.py],teardown,0.0,5.14
before,10,test_rdflib_examples[02_parse.py],tests/integration_tests/test_rdflib/test_examples.py::test_rdflib_examples[02_parse.py],teardown,0.0,5.14
before,10,test_rdflib_examples[06_serialize_grouped.py],tests/integration_tests/test_rdflib/test_examples.py::test_rdflib_examples[06_serialize_grouped.py],teardown,0.0,5.14
before,10,test_rdflib_examples[07_serialize_flat.py],tests/integration_tests/test_rdflib/test_examples.py::test_rdflib_examples[07_serialize_flat.py],teardown,0.0,5.14
before,11,test_rdflib_examples[05_parse_flat.py],tests/integration_tests/test_rdflib/test_examples.py::test_rdflib_examples[05_parse_flat.py],call,4.42,5.06
before,11,test_rdflib_examples[04_parse_grouped.py],tests/integration_tests/test_rdflib/test_examples.py::test_rdflib_examples[04_parse_grouped.py],call,0.39,5.06
before,11,test_rdflib_examples[01_serialize.py],tests/integration_tests/test_rdflib/test_examples.py::test_rdflib_examples[01_serialize.py],call,0.07,5.06
before,11,test_rdflib_examples[02_parse.py],tests/integration_tests/test_rdflib/test_examples.py::test_rdflib_examples[02_parse.py],call,0.01,5.06
before,11,test_rdflib_examples[03_parse_autodetect.py],tests/integration_tests/test_rdflib/test_examples.py::test_rdflib_examples[03_parse_autodetect.py],call,0.0,5.06
before,11,test_rdflib_examples[06_serialize_grouped.py],tests/integration_tests/test_rdflib/test_examples.py::test_rdflib_examples[06_serialize_grouped.py],call,0.0,5.06
before,11,test_rdflib_examples[07_serialize_flat.py],tests/integration_tests/test_rdflib/test_examples.py::test_rdflib_examples[07_serialize_flat.py],call,0.0,5.06
before,11,test_rdflib_examples[01_serialize.py],tests/integration_tests/test_rdflib/test_examples.py::test_rdflib_examples[01_serialize.py],setup,0.0,5.06
before,11,test_rdflib_examples[05_parse_flat.py],tests/integration_tests/test_rdflib/test_examples.py::test_rdflib_examples[05_parse_flat.py],setup,0.0,5.06
before,11,test_rdflib_examples[06_serialize_grouped.py],tests/integration_tests/test_rdflib/test_examples.py::test_rdflib_examples[06_serialize_grouped.py],setup,0.0,5.06
before,11,test_rdflib_examples[02_parse.py],tests/integration_tests/test_rdflib/test_examples.py::test_rdflib_examples[02_parse.py],setup,0.0,5.06
before,11,test_rdflib_examples[04_parse_grouped.py],tests/integration_tests/test_rdflib/test_examples.py::test_rdflib_examples[04_parse_grouped.py],setup,0.0,5.06
before,11,test_rdflib_examples[03_parse_autodetect.py],tests/integration_tests/test_rdflib/test_examples.py::test_rdflib_examples[03_parse_autodetect.py],setup,0.0,5.06
before,11,test_rdflib_examples[07_serialize_flat.py],tests/integration_tests/test_rdflib/test_examples.py::test_rdflib_examples[07_serialize_flat.py],setup,0.0,5.06
before,11,test_rdflib_examples[03_parse_autodetect.py],tests/integration_tests/test_rdflib/test_examples.py::test_rdflib_examples[03_parse_autodetect.py],teardown,0.0,5.06
before,11,test_rdflib_examples[05_parse_flat.py],tests/integration_tests/test_rdflib/test_examples.py::test_rdflib_examples[05_parse_flat.py],teardown,0.0,5.06
before,11,test_rdflib_examples[04_parse_grouped.py],tests/integration_tests/test_rdflib/test_examples.py::test_rdflib_examples[04_parse_grouped.py],teardown,0.0,5.06
before,11,test_rdflib_examples[01_serialize.py],tests/integration_tests/test_rdflib/test_examples.py::test_rdflib_examples[01_serialize.py],teardown,0.0,5.06
before,11,test_rdflib_examples[07_serialize_flat.py],tests/integration_tests/test_rdflib/test_examples.py::test_rdflib_examples[07_serialize_flat.py],teardown,0.0,5.06
before,11,test_rdflib_examples[06_serialize_grouped.py],tests/integration_tests/test_rdflib/test_examples.py::test_rdflib_examples[06_serialize_grouped.py],teardown,0.0,5.06
before,11,test_rdflib_examples[02_parse.py],tests/integration_tests/test_rdflib/test_examples.py::test_rdflib_examples[02_parse.py],teardown,0.0,5.06
before,12,test_rdflib_examples[05_parse_flat.py],tests/integration_tests/test_rdflib/test_examples.py::test_rdflib_examples[05_parse_flat.py],call,3.92,4.88
before,12,test_rdflib_examples[04_parse_grouped.py],tests/integration_tests/test_rdflib/test_examples.py::test_rdflib_examples[04_parse_grouped.py],call,0.7,4.88
before,12,test_rdflib_examples[01_serialize.py],tests/integration_tests/test_rdflib/test_examples.py::test_rdflib_examples[01_serialize.py],call,0.07,4.88
before,12,test_rdflib_examples[02_parse.py],tests/integration_tests/test_rdflib/test_examples.py::test_rdflib_examples[02_parse.py],call,0.01,4.88
before,12,test_rdflib_examples[03_parse_autodetect.py],tests/integration_tests/test_rdflib/test_examples.py::test_rdflib_examples[03_parse_autodetect.py],call,0.0,4.88
before,12,test_rdflib_examples[06_serialize_grouped.py],tests/integration_tests/test_rdflib/test_examples.py::test_rdflib_examples[06_serialize_grouped.py],call,0.0,4.88
before,12,test_rdflib_examples[07_serialize_flat.py],tests/integration_tests/test_rdflib/test_examples.py::test_rdflib_examples[07_serialize_flat.py],call,0.0,4.88
before,12,test_rdflib_examples[01_serialize.py],tests/integration_tests/test_rdflib/test_examples.py::test_rdflib_examples[01_serialize.py],setup,0.0,4.88
before,12,test_rdflib_examples[06_serialize_grouped.py],tests/integration_tests/test_rdflib/test_examples.py::test_rdflib_examples[06_serialize_grouped.py],setup,0.0,4.88
before,12,test_rdflib_examples[05_parse_flat.py],tests/integration_tests/test_rdflib/test_examples.py::test_rdflib_examples[05_parse_flat.py],setup,0.0,4.88
before,12,test_rdflib_examples[02_parse.py],tests/integration_tests/test_rdflib/test_examples.py::test_rdflib_examples[02_parse.py],setup,0.0,4.88
before,12,test_rdflib_examples[04_parse_grouped.py],tests/integration_tests/test_rdflib/test_examples.py::test_rdflib_examples[04_parse_grouped.py],setup,0.0,4.88
before,12,test_rdflib_examples[03_parse_autodetect.py],tests/integration_tests/test_rdflib/test_examples.py::test_rdflib_examples[03_parse_autodetect.py],setup,0.0,4.88
before,12,test_rdflib_examples[07_serialize_flat.py],tests/integration_tests/test_rdflib/test_examples.py::test_rdflib_examples[07_serialize_flat.py],setup,0.0,4.88
before,12,test_rdflib_examples[03_parse_autodetect.py],tests/integration_tests/test_rdflib/test_examples.py::test_rdflib_examples[03_parse_autodetect.py],teardown,0.0,4.88
before,12,test_rdflib_examples[05_parse_flat.py],tests/integration_tests/test_rdflib/test_examples.py::test_rdflib_examples[05_parse_flat.py],teardown,0.0,4.88
before,12,test_rdflib_examples[04_parse_grouped.py],tests/integration_tests/test_rdflib/test_examples.py::test_rdflib_examples[04_parse_grouped.py],teardown,0.0,4.88
before,12,test_rdflib_examples[01_serialize.py],tests/integration_tests/test_rdflib/test_examples.py::test_rdflib_examples[01_serialize.py],teardown,0.0,4.88
before,12,test_rdflib_examples[07_serialize_flat.py],tests/integration_tests/test_rdflib/test_examples.py::test_rdflib_examples[07_serialize_flat.py],teardown,0.0,4.88
before,12,test_rdflib_examples[06_serialize_grouped.py],tests/integration_tests/test_rdflib/test_examples.py::test_rdflib_examples[06_serialize_grouped.py],teardown,0.0,4.88
before,12,test_rdflib_examples[02_parse.py],tests/integration_tests/test_rdflib/test_examples.py::test_rdflib_examples[02_parse.py],teardown,0.0,4.88
before,13,test_rdflib_examples[05_parse_flat.py],tests/integration_tests/test_rdflib/test_examples.py::test_rdflib_examples[05_parse_flat.py],call,4.14,4.95
before,13,test_rdflib_examples[04_parse_grouped.py],tests/integration_tests/test_rdflib/test_examples.py::test_rdflib_examples[04_parse_grouped.py],call,0.55,4.95
before,13,test_rdflib_examples[01_serialize.py],tests/integration_tests/test_rdflib/test_examples.py::test_rdflib_examples[01_serialize.py],call,0.09,4.95
before,13,test_rdflib_examples[02_parse.py],tests/integration_tests/test_rdflib/test_examples.py::test_rdflib_examples[02_parse.py],call,0.01,4.95
before,13,test_rdflib_examples[03_parse_autodetect.py],tests/integration_tests/test_rdflib/test_examples.py::test_rdflib_examples[03_parse_autodetect.py],call,0.0,4.95
before,13,test_rdflib_examples[06_serialize_grouped.py],tests/integration_tests/test_rdflib/test_examples.py::test_rdflib_examples[06_serialize_grouped.py],call,0.0,4.95
before,13,test_rdflib_examples[07_serialize_flat.py],tests/integration_tests/test_rdflib/test_examples.py::test_rdflib_examples[07_serialize_flat.py],call,0.0,4.95
before,13,test_rdflib_examples[01_serialize.py],tests/integration_tests/test_rdflib/test_examples.py::test_rdflib_examples[01_serialize.py],setup,0.0,4.95
before,13,test_rdflib_examples[02_parse.py],tests/integration_tests/test_rdflib/test_examples.py::test_rdflib_examples[02_parse.py],setup,0.0,4.95
before,13,test_rdflib_examples[05_parse_flat.py],tests/integration_tests/test_rdflib/test_examples.py::test_rdflib_examples[05_parse_flat.py],setup,0.0,4.95
before,13,test_rdflib_examples[04_parse_grouped.py],tests/integration_tests/test_rdflib/test_examples.py::test_rdflib_examples[04_parse_grouped.py],setup,0.0,4.95
before,13,test_rdflib_examples[06_serialize_grouped.py],tests/integration_tests/test_rdflib/test_examples.py::test_rdflib_examples[06_serialize_grouped.py],setup,0.0,4.95
before,13,test_rdflib_examples[03_parse_autodetect.py],tests/integration_tests/test_rdflib/test_examples.py::test_rdflib_examples[03_parse_autodetect.py],teardown,0.0,4.95
before,13,test_rdflib_examples[03_parse_autodetect.py],tests/integration_tests/test_rdflib/test_examples.py::test_rdflib_examples[03_parse_autodetect.py],setup,0.0,4.95
before,13,test_rdflib_examples[07_serialize_flat.py],tests/integration_tests/test_rdflib/test_examples.py::test_rdflib_examples[07_serialize_flat.py],setup,0.0,4.95
before,13,test_rdflib_examples[04_parse_grouped.py],tests/integration_tests/test_rdflib/test_examples.py::test_rdflib_examples[04_parse_grouped.py],teardown,0.0,4.95
before,13,test_rdflib_examples[05_parse_flat.py],tests/integration_tests/test_rdflib/test_examples.py::test_rdflib_examples[05_parse_flat.py],teardown,0.0,4.95
before,13,test_rdflib_examples[01_serialize.py],tests/integration_tests/test_rdflib/test_examples.py::test_rdflib_examples[01_serialize.py],teardown,0.0,4.95
before,13,test_rdflib_examples[02_parse.py],tests/integration_tests/test_rdflib/test_examples.py::test_rdflib_examples[02_parse.py],teardown,0.0,4.95
before,13,test_rdflib_examples[06_serialize_grouped.py],tests/integration_tests/test_rdflib/test_examples.py::test_rdflib_examples[06_serialize_grouped.py],teardown,0.0,4.95
before,13,test_rdflib_examples[07_serialize_flat.py],tests/integration_tests/test_rdflib/test_examples.py::test_rdflib_examples[07_serialize_flat.py],teardown,0.0,4.95
before,14,test_rdflib_examples[05_parse_flat.py],tests/integration_tests/test_rdflib/test_examples.py::test_rdflib_examples[05_parse_flat.py],call,4.05,4.88
before,14,test_rdflib_examples[04_parse_grouped.py],tests/integration_tests/test_rdflib/test_examples.py::test_rdflib_examples[04_parse_grouped.py],call,0.55,4.88
before,14,test_rdflib_examples[01_serialize.py],tests/integration_tests/test_rdflib/test_examples.py::test_rdflib_examples[01_serialize.py],call,0.1,4.88
before,14,test_rdflib_examples[02_parse.py],tests/integration_tests/test_rdflib/test_examples.py::test_rdflib_examples[02_parse.py],call,0.01,4.88
before,14,test_rdflib_examples[03_parse_autodetect.py],tests/integration_tests/test_rdflib/test_examples.py::test_rdflib_examples[03_parse_autodetect.py],call,0.0,4.88
before,14,test_rdflib_examples[06_serialize_grouped.py],tests/integration_tests/test_rdflib/test_examples.py::test_rdflib_examples[06_serialize_grouped.py],call,0.0,4.88
before,14,test_rdflib_examples[07_serialize_flat.py],tests/integration_tests/test_rdflib/test_examples.py::test_rdflib_examples[07_serialize_flat.py],call,0.0,4.88
before,14,test_rdflib_examples[01_serialize.py],tests/integration_tests/test_rdflib/test_examples.py::test_rdflib_examples[01_serialize.py],setup,0.0,4.88
before,14,test_rdflib_examples[06_serialize_grouped.py],tests/integration_tests/test_rdflib/test_examples.py::test_rdflib_examples[06_serialize_grouped.py],setup,0.0,4.88
before,14,test_rdflib_examples[05_parse_flat.py],tests/integration_tests/test_rdflib/test_examples.py::test_rdflib_examples[05_parse_flat.py],setup,0.0,4.88
before,14,test_rdflib_examples[02_parse.py],tests/integration_tests/test_rdflib/test_examples.py::test_rdflib_examples[02_parse.py],setup,0.0,4.88
before,14,test_rdflib_examples[04_parse_grouped.py],tests/integration_tests/test_rdflib/test_examples.py::test_rdflib_examples[04_parse_grouped.py],setup,0.0,4.88
before,14,test_rdflib_examples[07_serialize_flat.py],tests/integration_tests/test_rdflib/test_examples.py::test_rdflib_examples[07_serialize_flat.py],setup,0.0,4.88
before,14,test_rdflib_examples[03_parse_autodetect.py],tests/integration_tests/test_rdflib/test_examples.py::test_rdflib_examples[03_parse_autodetect.py],setup,0.0,4.88
before,14,test_rdflib_examples[03_parse_autodetect.py],tests/integration_tests/test_rdflib/test_examples.py::test_rdflib_examples[03_parse_autodetect.py],teardown,0.0,4.88
before,14,test_rdflib_examples[04_parse_grouped.py],tests/integration_tests/test_rdflib/test_examples.py::test_rdflib_examples[04_parse_grouped.py],teardown,0.0,4.88
before,14,test_rdflib_examples[05_parse_flat.py],tests/integration_tests/test_rdflib/test_examples.py::test_rdflib_examples[05_parse_flat.py],teardown,0.0,4.88
before,14,test_rdflib_examples[01_serialize.py],tests/integration_tests/test_rdflib/test_examples.py::test_rdflib_examples[01_serialize.py],teardown,0.0,4.88
before,14,test_rdflib_examples[07_serialize_flat.py],tests/integration_tests/test_rdflib/test_examples.py::test_rdflib_examples[07_serialize_flat.py],teardown,0.0,4.88
before,14,test_rdflib_examples[06_serialize_grouped.py],tests/integration_tests/test_rdflib/test_examples.py::test_rdflib_examples[06_serialize_grouped.py],teardown,0.0,4.88
before,14,test_rdflib_examples[02_parse.py],tests/integration_tests/test_rdflib/test_examples.py::test_rdflib_examples[02_parse.py],teardown,0.0,4.88
before,15,test_rdflib_examples[05_parse_flat.py],tests/integration_tests/test_rdflib/test_examples.py::test_rdflib_examples[05_parse_flat.py],call,4.24,4.89
before,15,test_rdflib_examples[04_parse_grouped.py],tests/integration_tests/test_rdflib/test_examples.py::test_rdflib_examples[04_parse_grouped.py],call,0.38,4.89
before,15,test_rdflib_examples[01_serialize.py],tests/integration_tests/test_rdflib/test_examples.py::test_rdflib_examples[01_serialize.py],call,0.08,4.89
before,15,test_rdflib_examples[02_parse.py],tests/integration_tests/test_rdflib/test_examples.py::test_rdflib_examples[02_parse.py],call,0.01,4.89
before,15,test_rdflib_examples[03_parse_autodetect.py],tests/integration_tests/test_rdflib/test_examples.py::test_rdflib_examples[03_parse_autodetect.py],call,0.0,4.89
before,15,test_rdflib_examples[06_serialize_grouped.py],tests/integration_tests/test_rdflib/test_examples.py::test_rdflib_examples[06_serialize_grouped.py],call,0.0,4.89
before,15,test_rdflib_examples[07_serialize_flat.py],tests/integration_tests/test_rdflib/test_examples.py::test_rdflib_examples[07_serialize_flat.py],call,0.0,4.89
before,15,test_rdflib_examples[01_serialize.py],tests/integration_tests/test_rdflib/test_examples.py::test_rdflib_examples[01_serialize.py],setup,0.0,4.89
before,15,test_rdflib_examples[05_parse_flat.py],tests/integration_tests/test_rdflib/test_examples.py::test_rdflib_examples[05_parse_flat.py],setup,0.0,4.89
before,15,test_rdflib_examples[02_parse.py],tests/integration_tests/test_rdflib/test_examples.py::test_rdflib_examples[02_parse.py],setup,0.0,4.89
before,15,test_rdflib_examples[06_serialize_grouped.py],tests/integration_tests/test_rdflib/test_examples.py::test_rdflib_examples[06_serialize_grouped.py],setup,0.0,4.89
before,15,test_rdflib_examples[04_parse_grouped.py],tests/integration_tests/test_rdflib/test_examples.py::test_rdflib_examples[04_parse_grouped.py],setup,0.0,4.89
before,15,test_rdflib_examples[07_serialize_flat.py],tests/integration_tests/test_rdflib/test_examples.py::test_rdflib_examples[07_serialize_flat.py],setup,0.0,4.89
before,15,test_rdflib_examples[03_parse_autodetect.py],tests/integration_tests/test_rdflib/test_examples.py::test_rdflib_examples[03_parse_autodetect.py],teardown,0.0,4.89
before,15,test_rdflib_examples[05_parse_flat.py],tests/integration_tests/test_rdflib/test_examples.py::test_rdflib_examples[05_parse_flat.py],teardown,0.0,4.89
before,15,test_rdflib_examples[04_parse_grouped.py],tests/integration_tests/test_rdflib/test_examples.py::test_rdflib_examples[04_parse_grouped.py],teardown,0.0,4.89
before,15,test_rdflib_examples[03_parse_autodetect.py],tests/integration_tests/test_rdflib/test_examples.py::test_rdflib_examples[03_parse_autodetect.py],setup,0.0,4.89
before,15,test_rdflib_examples[01_serialize.py],tests/integration_tests/test_rdflib/test_examples.py::test_rdflib_examples[01_serialize.py],teardown,0.0,4.89
before,15,test_rdflib_examples[06_serialize_grouped.py],tests/integration_tests/test_rdflib/test_examples.py::test_rdflib_examples[06_serialize_grouped.py],teardown,0.0,4.89
before,15,test_rdflib_examples[07_serialize_flat.py],tests/integration_tests/test_rdflib/test_examples.py::test_rdflib_examples[07_serialize_flat.py],teardown,0.0,4.89
before,15,test_rdflib_examples[02_parse.py],tests/integration_tests/test_rdflib/test_examples.py::test_rdflib_examples[02_parse.py],teardown,0.0,4.89
before,16,test_rdflib_examples[05_parse_flat.py],tests/integration_tests/test_rdflib/test_examples.py::test_rdflib_examples[05_parse_flat.py],call,4.02,4.91
before,16,test_rdflib_examples[04_parse_grouped.py],tests/integration_tests/test_rdflib/test_examples.py::test_rdflib_examples[04_parse_grouped.py],call,0.63,4.91
before,16,test_rdflib_examples[01_serialize.py],tests/integration_tests/test_rdflib/test_examples.py::test_rdflib_examples[01_serialize.py],call,0.08,4.91
before,16,test_rdflib_examples[02_parse.py],tests/integration_tests/test_rdflib/test_examples.py::test_rdflib_examples[02_parse.py],call,0.01,4.91
before,16,test_rdflib_examples[03_parse_autodetect.py],tests/integration_tests/test_rdflib/test_examples.py::test_rdflib_examples[03_parse_autodetect.py],call,0.0,4.91
before,16,test_rdflib_examples[06_serialize_grouped.py],tests/integration_tests/test_rdflib/test_examples.py::test_rdflib_examples[06_serialize_grouped.py],call,0.0,4.91
before,16,test_rdflib_examples[07_serialize_flat.py],tests/integration_tests/test_rdflib/test_examples.py::test_rdflib_examples[07_serialize_flat.py],call,0.0,4.91
before,16,test_rdflib_examples[01_serialize.py],tests/integration_tests/test_rdflib/test_examples.py::test_rdflib_examples[01_serialize.py],setup,0.0,4.91
before,16,test_rdflib_examples[04_parse_grouped.py],tests/integration_tests/test_rdflib/test_examples.py::test_rdflib_examples[04_parse_grouped.py],setup,0.0,4.91
before,16,test_rdflib_examples[02_parse.py],tests/integration_tests/test_rdflib/test_examples.py::test_rdflib_examples[02_parse.py],setup,0.0,4.91
before,16,test_rdflib_examples[05_parse_flat.py],tests/integration_tests/test_rdflib/test_examples.py::test_rdflib_examples[05_parse_flat.py],setup,0.0,4.91
before,16,test_rdflib_examples[06_serialize_grouped.py],tests/integration_tests/test_rdflib/test_examples.py::test_rdflib_examples[06_serialize_grouped.py],setup,0.0,4.91
before,16,test_rdflib_examples[03_parse_autodetect.py],tests/integration_tests/test_rdflib/test_examples.py::test_rdflib_examples[03_parse_autodetect.py],teardown,0.0,4.91
before,16,test_rdflib_examples[07_serialize_flat.py],tests/integration_tests/test_rdflib/test_examples.py::test_rdflib_examples[07_serialize_flat.py],setup,0.0,4.91
before,16,test_rdflib_examples[03_parse_autodetect.py],tests/integration_tests/test_rdflib/test_examples.py::test_rdflib_examples[03_parse_autodetect.py],setup,0.0,4.91
before,16,test_rdflib_examples[05_parse_flat.py],tests/integration_tests/test_rdflib/test_examples.py::test_rdflib_examples[05_parse_flat.py],teardown,0.0,4.91
before,16,test_rdflib_examples[01_serialize.py],tests/integration_tests/test_rdflib/test_examples.py::test_rdflib_examples[01_serialize.py],teardown,0.0,4.91
before,16,test_rdflib_examples[04_parse_grouped.py],tests/integration_tests/test_rdflib/test_examples.py::test_rdflib_examples[04_parse_grouped.py],teardown,0.0,4.91
before,16,test_rdflib_examples[02_parse.py],tests/integration_tests/test_rdflib/test_examples.py::test_rdflib_examples[02_parse.py],teardown,0.0,4.91
before,16,test_rdflib_examples[07_serialize_flat.py],tests/integration_tests/test_rdflib/test_examples.py::test_rdflib_examples[07_serialize_flat.py],teardown,0.0,4.91
before,16,test_rdflib_examples[06_serialize_grouped.py],tests/integration_tests/test_rdflib/test_examples.py::test_rdflib_examples[06_serialize_grouped.py],teardown,0.0,4.91
before,17,test_rdflib_examples[05_parse_flat.py],tests/integration_tests/test_rdflib/test_examples.py::test_rdflib_examples[05_parse_flat.py],call,4.15,4.8
before,17,test_rdflib_examples[04_parse_grouped.py],tests/integration_tests/test_rdflib/test_examples.py::test_rdflib_examples[04_parse_grouped.py],call,0.39,4.8
before,17,test_rdflib_examples[01_serialize.py],tests/integration_tests/test_rdflib/test_examples.py::test_rdflib_examples[01_serialize.py],call,0.07,4.8
before,17,test_rdflib_examples[02_parse.py],tests/integration_tests/test_rdflib/test_examples.py::test_rdflib_examples[02_parse.py],call,0.01,4.8
before,17,test_rdflib_examples[03_parse_autodetect.py],tests/integration_tests/test_rdflib/test_examples.py::test_rdflib_examples[03_parse_autodetect.py],call,0.0,4.8
before,17,test_rdflib_examples[06_serialize_grouped.py],tests/integration_tests/test_rdflib/test_examples.py::test_rdflib_examples[06_serialize_grouped.py],call,0.0,4.8
before,17,test_rdflib_examples[07_serialize_flat.py],tests/integration_tests/test_rdflib/test_examples.py::test_rdflib_examples[07_serialize_flat.py],call,0.0,4.8
before,17,test_rdflib_examples[01_serialize.py],tests/integration_tests/test_rdflib/test_examples.py::test_rdflib_examples[01_serialize.py],setup,0.0,4.8
before,17,test_rdflib_examples[04_parse_grouped.py],tests/integration_tests/test_rdflib/test_examples.py::test_rdflib_examples[04_parse_grouped.py],setup,0.0,4.8
before,17,test_rdflib_examples[06_serialize_grouped.py],tests/integration_tests/test_rdflib/test_examples.py::test_rdflib_examples[06_serialize_grouped.py],setup,0.0,4.8
before,17,test_rdflib_examples[05_parse_flat.py],tests/integration_tests/test_rdflib/test_examples.py::test_rdflib_examples[05_parse_flat.py],setup,0.0,4.8
before,17,test_rdflib_examples[02_parse.py],tests/integration_tests/test_rdflib/test_examples.py::test_rdflib_examples[02_parse.py],setup,0.0,4.8
before,17,test_rdflib_examples[07_serialize_flat.py],tests/integration_tests/test_rdflib/test_examples.py::test_rdflib_examples[07_serialize_flat.py],setup,0.0,4.8
before,17,test_rdflib_examples[03_parse_autodetect.py],tests/integration_tests/test_rdflib/test_examples.py::test_rdflib_examples[03_parse_autodetect.py],setup,0.0,4.8
before,17,test_rdflib_examples[03_parse_autodetect.py],tests/integration_tests/test_rdflib/test_examples.py::test_rdflib_examples[03_parse_autodetect.py],teardown,0.0,4.8
before,17,test_rdflib_examples[05_parse_flat.py],tests/integration_tests/test_rdflib/test_examples.py::test_rdflib_examples[05_parse_flat.py],teardown,0.0,4.8
before,17,test_rdflib_examples[04_parse_grouped.py],tests/integration_tests/test_rdflib/test_examples.py::test_rdflib_examples[04_parse_grouped.py],teardown,0.0,4.8
before,17,test_rdflib_examples[01_serialize.py],tests/integration_tests/test_rdflib/test_examples.py::test_rdflib_examples[01_serialize.py],teardown,0.0,4.8
before,17,test_rdflib_examples[06_serialize_grouped.py],tests/integration_tests/test_rdflib/test_examples.py::test_rdflib_examples[06_serialize_grouped.py],teardown,0.0,4.8
before,17,test_rdflib_examples[07_serialize_flat.py],tests/integration_tests/test_rdflib/test_examples.py::test_rdflib_examples[07_serialize_flat.py],teardown,0.0,4.8
before,17,test_rdflib_examples[02_parse.py],tests/integration_tests/test_rdflib/test_examples.py::test_rdflib_examples[02_parse.py],teardown,0.0,4.8
before,18,test_rdflib_examples[05_parse_flat.py],tests/integration_tests/test_rdflib/test_examples.py::test_rdflib_examples[05_parse_flat.py],call,4.18,5.32
before,18,test_rdflib_examples[04_parse_grouped.py],tests/integration_tests/test_rdflib/test_examples.py::test_rdflib_examples[04_parse_grouped.py],call,0.88,5.32
before,18,test_rdflib_examples[01_serialize.py],tests/integration_tests/test_rdflib/test_examples.py::test_rdflib_examples[01_serialize.py],call,0.07,5.32
before,18,test_rdflib_examples[02_parse.py],tests/integration_tests/test_rdflib/test_examples.py::test_rdflib_examples[02_parse.py],call,0.01,5.32
before,18,test_rdflib_examples[06_serialize_grouped.py],tests/integration_tests/test_rdflib/test_examples.py::test_rdflib_examples[06_serialize_grouped.py],call,0.0,5.32
before,18,test_rdflib_examples[03_parse_autodetect.py],tests/integration_tests/test_rdflib/test_examples.py::test_rdflib_examples[03_parse_autodetect.py],call,0.0,5.32
before,18,test_rdflib_examples[07_serialize_flat.py],tests/integration_tests/test_rdflib/test_examples.py::test_rdflib_examples[07_serialize_flat.py],call,0.0,5.32
before,18,test_rdflib_examples[01_serialize.py],tests/integration_tests/test_rdflib/test_examples.py::test_rdflib_examples[01_serialize.py],setup,0.0,5.32
before,18,test_rdflib_examples[06_serialize_grouped.py],tests/integration_tests/test_rdflib/test_examples.py::test_rdflib_examples[06_serialize_grouped.py],setup,0.0,5.32
before,18,test_rdflib_examples[04_parse_grouped.py],tests/integration_tests/test_rdflib/test_examples.py::test_rdflib_examples[04_parse_grouped.py],setup,0.0,5.32
before,18,test_rdflib_examples[02_parse.py],tests/integration_tests/test_rdflib/test_examples.py::test_rdflib_examples[02_parse.py],setup,0.0,5.32
before,18,test_rdflib_examples[05_parse_flat.py],tests/integration_tests/test_rdflib/test_examples.py::test_rdflib_examples[05_parse_flat.py],setup,0.0,5.32
before,18,test_rdflib_examples[07_serialize_flat.py],tests/integration_tests/test_rdflib/test_examples.py::test_rdflib_examples[07_serialize_flat.py],setup,0.0,5.32
before,18,test_rdflib_examples[05_parse_flat.py],tests/integration_tests/test_rdflib/test_examples.py::test_rdflib_examples[05_parse_flat.py],teardown,0.0,5.32
before,18,test_rdflib_examples[03_parse_autodetect.py],tests/integration_tests/test_rdflib/test_examples.py::test_rdflib_examples[03_parse_autodetect.py],setup,0.0,5.32
before,18,test_rdflib_examples[03_parse_autodetect.py],tests/integration_tests/test_rdflib/test_examples.py::test_rdflib_examples[03_parse_autodetect.py],teardown,0.0,5.32
before,18,test_rdflib_examples[04_parse_grouped.py],tests/integration_tests/test_rdflib/test_examples.py::test_rdflib_examples[04_parse_grouped.py],teardown,0.0,5.32
before,18,test_rdflib_examples[01_serialize.py],tests/integration_tests/test_rdflib/test_examples.py::test_rdflib_examples[01_serialize.py],teardown,0.0,5.32
before,18,test_rdflib_examples[06_serialize_grouped.py],tests/integration_tests/test_rdflib/test_examples.py::test_rdflib_examples[06_serialize_grouped.py],teardown,0.0,5.32
before,18,test_rdflib_examples[07_serialize_flat.py],tests/integration_tests/test_rdflib/test_examples.py::test_rdflib_examples[07_serialize_flat.py],teardown,0.0,5.32
before,18,test_rdflib_examples[02_parse.py],tests/integration_tests/test_rdflib/test_examples.py::test_rdflib_examples[02_parse.py],teardown,0.0,5.32
before,19,test_rdflib_examples[05_parse_flat.py],tests/integration_tests/test_rdflib/test_examples.py::test_rdflib_examples[05_parse_flat.py],call,4.06,5.05
before,19,test_rdflib_examples[04_parse_grouped.py],tests/integration_tests/test_rdflib/test_examples.py::test_rdflib_examples[04_parse_grouped.py],call,0.73,5.05
before,19,test_rdflib_examples[01_serialize.py],tests/integration_tests/test_rdflib/test_examples.py::test_rdflib_examples[01_serialize.py],call,0.07,5.05
before,19,test_rdflib_examples[02_parse.py],tests/integration_tests/test_rdflib/test_examples.py::test_rdflib_examples[02_parse.py],call,0.01,5.05
before,19,test_rdflib_examples[03_parse_autodetect.py],tests/integration_tests/test_rdflib/test_examples.py::test_rdflib_examples[03_parse_autodetect.py],call,0.0,5.05
before,19,test_rdflib_examples[06_serialize_grouped.py],tests/integration_tests/test_rdflib/test_examples.py::test_rdflib_examples[06_serialize_grouped.py],call,0.0,5.05
before,19,test_rdflib_examples[07_serialize_flat.py],tests/integration_tests/test_rdflib/test_examples.py::test_rdflib_examples[07_serialize_flat.py],call,0.0,5.05
before,19,test_rdflib_examples[01_serialize.py],tests/integration_tests/test_rdflib/test_examples.py::test_rdflib_examples[01_serialize.py],setup,0.0,5.05
before,19,test_rdflib_examples[06_serialize_grouped.py],tests/integration_tests/test_rdflib/test_examples.py::test_rdflib_examples[06_serialize_grouped.py],setup,0.0,5.05
before,19,test_rdflib_examples[05_parse_flat.py],tests/integration_tests/test_rdflib/test_examples.py::test_rdflib_examples[05_parse_flat.py],setup,0.0,5.05
before,19,test_rdflib_examples[04_parse_grouped.py],tests/integration_tests/test_rdflib/test_examples.py::test_rdflib_examples[04_parse_grouped.py],setup,0.0,5.05
before,19,test_rdflib_examples[02_parse.py],tests/integration_tests/test_rdflib/test_examples.py::test_rdflib_examples[02_parse.py],setup,0.0,5.05
before,19,test_rdflib_examples[03_parse_autodetect.py],tests/integration_tests/test_rdflib/test_examples.py::test_rdflib_examples[03_parse_autodetect.py],teardown,0.0,5.05
before,19,test_rdflib_examples[07_serialize_flat.py],tests/integration_tests/test_rdflib/test_examples.py::test_rdflib_examples[07_serialize_flat.py],setup,0.0,5.05
before,19,test_rdflib_examples[03_parse_autodetect.py],tests/integration_tests/test_rdflib/test_examples.py::test_rdflib_examples[03_parse_autodetect.py],setup,0.0,5.05
before,19,test_rdflib_examples[04_parse_grouped.py],tests/integration_tests/test_rdflib/test_examples.py::test_rdflib_examples[04_parse_grouped.py],teardown,0.0,5.05
before,19,test_rdflib_examples[05_parse_flat.py],tests/integration_tests/test_rdflib/test_examples.py::test_rdflib_examples[05_parse_flat.py],teardown,0.0,5.05
before,19,test_rdflib_examples[01_serialize.py],tests/integration_tests/test_rdflib/test_examples.py::test_rdflib_examples[01_serialize.py],teardown,0.0,5.05
before,19,test_rdflib_examples[07_serialize_flat.py],tests/integration_tests/test_rdflib/test_examples.py::test_rdflib_examples[07_serialize_flat.py],teardown,0.0,5.05
before,19,test_rdflib_examples[06_serialize_grouped.py],tests/integration_tests/test_rdflib/test_examples.py::test_rdflib_examples[06_serialize_grouped.py],teardown,0.0,5.05
before,19,test_rdflib_examples[02_parse.py],tests/integration_tests/test_rdflib/test_examples.py::test_rdflib_examples[02_parse.py],teardown,0.0,5.05
before,20,test_rdflib_examples[05_parse_flat.py],tests/integration_tests/test_rdflib/test_examples.py::test_rdflib_examples[05_parse_flat.py],call,4.06,4.72
before,20,test_rdflib_examples[04_parse_grouped.py],tests/integration_tests/test_rdflib/test_examples.py::test_rdflib_examples[04_parse_grouped.py],call,0.39,4.72
before,20,test_rdflib_examples[01_serialize.py],tests/integration_tests/test_rdflib/test_examples.py::test_rdflib_examples[01_serialize.py],call,0.08,4.72
before,20,test_rdflib_examples[02_parse.py],tests/integration_tests/test_rdflib/test_examples.py::test_rdflib_examples[02_parse.py],call,0.01,4.72
before,20,test_rdflib_examples[03_parse_autodetect.py],tests/integration_tests/test_rdflib/test_examples.py::test_rdflib_examples[03_parse_autodetect.py],call,0.0,4.72
before,20,test_rdflib_examples[06_serialize_grouped.py],tests/integration_tests/test_rdflib/test_examples.py::test_rdflib_examples[06_serialize_grouped.py],call,0.0,4.72
before,20,test_rdflib_examples[07_serialize_flat.py],tests/integration_tests/test_rdflib/test_examples.py::test_rdflib_examples[07_serialize_flat.py],call,0.0,4.72
before,20,test_rdflib_examples[01_serialize.py],tests/integration_tests/test_rdflib/test_examples.py::test_rdflib_examples[01_serialize.py],setup,0.0,4.72
before,20,test_rdflib_examples[05_parse_flat.py],tests/integration_tests/test_rdflib/test_examples.py::test_rdflib_examples[05_parse_flat.py],setup,0.0,4.72
before,20,test_rdflib_examples[02_parse.py],tests/integration_tests/test_rdflib/test_examples.py::test_rdflib_examples[02_parse.py],setup,0.0,4.72
before,20,test_rdflib_examples[06_serialize_grouped.py],tests/integration_tests/test_rdflib/test_examples.py::test_rdflib_examples[06_serialize_grouped.py],setup,0.0,4.72
before,20,test_rdflib_examples[04_parse_grouped.py],tests/integration_tests/test_rdflib/test_examples.py::test_rdflib_examples[04_parse_grouped.py],setup,0.0,4.72
before,20,test_rdflib_examples[03_parse_autodetect.py],tests/integration_tests/test_rdflib/test_examples.py::test_rdflib_examples[03_parse_autodetect.py],setup,0.0,4.72
before,20,test_rdflib_examples[07_serialize_flat.py],tests/integration_tests/test_rdflib/test_examples.py::test_rdflib_examples[07_serialize_flat.py],setup,0.0,4.72
before,20,test_rdflib_examples[03_parse_autodetect.py],tests/integration_tests/test_rdflib/test_examples.py::test_rdflib_examples[03_parse_autodetect.py],teardown,0.0,4.72
before,20,test_rdflib_examples[05_parse_flat.py],tests/integration_tests/test_rdflib/test_examples.py::test_rdflib_examples[05_parse_flat.py],teardown,0.0,4.72
before,20,test_rdflib_examples[04_parse_grouped.py],tests/integration_tests/test_rdflib/test_examples.py::test_rdflib_examples[04_parse_grouped.py],teardown,0.0,4.72
before,20,test_rdflib_examples[01_serialize.py],tests/integration_tests/test_rdflib/test_examples.py::test_rdflib_examples[01_serialize.py],teardown,0.0,4.72
before,20,test_rdflib_examples[06_serialize_grouped.py],tests/integration_tests/test_rdflib/test_examples.py::test_rdflib_examples[06_serialize_grouped.py],teardown,0.0,4.72
before,20,test_rdflib_examples[02_parse.py],tests/integration_tests/test_rdflib/test_examples.py::test_rdflib_examples[02_parse.py],teardown,0.0,4.72
before,20,test_rdflib_examples[07_serialize_flat.py],tests/integration_tests/test_rdflib/test_examples.py::test_rdflib_examples[07_serialize_flat.py],teardown,0.0,4.72
before,21,test_rdflib_examples[05_parse_flat.py],tests/integration_tests/test_rdflib/test_examples.py::test_rdflib_examples[05_parse_flat.py],call,2.63,3.72
before,21,test_rdflib_examples[04_parse_grouped.py],tests/integration_tests/test_rdflib/test_examples.py::test_rdflib_examples[04_parse_grouped.py],call,0.73,3.72
before,21,test_rdflib_examples[01_serialize.py],tests/integration_tests/test_rdflib/test_examples.py::test_rdflib_examples[01_serialize.py],call,0.18,3.72
before,21,test_rdflib_examples[02_parse.py],tests/integration_tests/test_rdflib/test_examples.py::test_rdflib_examples[02_parse.py],call,0.01,3.72
before,21,test_rdflib_examples[06_serialize_grouped.py],tests/integration_tests/test_rdflib/test_examples.py::test_rdflib_examples[06_serialize_grouped.py],call,0.0,3.72
before,21,test_rdflib_examples[03_parse_autodetect.py],tests/integration_tests/test_rdflib/test_examples.py::test_rdflib_examples[03_parse_autodetect.py],call,0.0,3.72
before,21,test_rdflib_examples[07_serialize_flat.py],tests/integration_tests/test_rdflib/test_examples.py::test_rdflib_examples[07_serialize_flat.py],call,0.0,3.72
before,21,test_rdflib_examples[01_serialize.py],tests/integration_tests/test_rdflib/test_examples.py::test_rdflib_examples[01_serialize.py],setup,0.0,3.72
before,21,test_rdflib_examples[06_serialize_grouped.py],tests/integration_tests/test_rdflib/test_examples.py::test_rdflib_examples[06_serialize_grouped.py],setup,0.0,3.72
before,21,test_rdflib_examples[05_parse_flat.py],tests/integration_tests/test_rdflib/test_examples.py::test_rdflib_examples[05_parse_flat.py],setup,0.0,3.72
before,21,test_rdflib_examples[04_parse_grouped.py],tests/integration_tests/test_rdflib/test_examples.py::test_rdflib_examples[04_parse_grouped.py],setup,0.0,3.72
before,21,test_rdflib_examples[02_parse.py],tests/integration_tests/test_rdflib/test_examples.py::test_rdflib_examples[02_parse.py],setup,0.0,3.72
before,21,test_rdflib_examples[03_parse_autodetect.py],tests/integration_tests/test_rdflib/test_examples.py::test_rdflib_examples[03_parse_autodetect.py],teardown,0.0,3.72
before,21,test_rdflib_examples[03_parse_autodetect.py],tests/integration_tests/test_rdflib/test_examples.py::test_rdflib_examples[03_parse_autodetect.py],setup,0.0,3.72
before,21,test_rdflib_examples[07_serialize_flat.py],tests/integration_tests/test_rdflib/test_examples.py::test_rdflib_examples[07_serialize_flat.py],setup,0.0,3.72
before,21,test_rdflib_examples[05_parse_flat.py],tests/integration_tests/test_rdflib/test_examples.py::test_rdflib_examples[05_parse_flat.py],teardown,0.0,3.72
before,21,test_rdflib_examples[04_parse_grouped.py],tests/integration_tests/test_rdflib/test_examples.py::test_rdflib_examples[04_parse_grouped.py],teardown,0.0,3.72
before,21,test_rdflib_examples[01_serialize.py],tests/integration_tests/test_rdflib/test_examples.py::test_rdflib_examples[01_serialize.py],teardown,0.0,3.72
before,21,test_rdflib_examples[07_serialize_flat.py],tests/integration_tests/test_rdflib/test_examples.py::test_rdflib_examples[07_serialize_flat.py],teardown,0.0,3.72
before,21,test_rdflib_examples[06_serialize_grouped.py],tests/integration_tests/test_rdflib/test_examples.py::test_rdflib_examples[06_serialize_grouped.py],teardown,0.0,3.72
before,21,test_rdflib_examples[02_parse.py],tests/integration_tests/test_rdflib/test_examples.py::test_rdflib_examples[02_parse.py],teardown,0.0,3.72
before,22,test_rdflib_examples[05_parse_flat.py],tests/integration_tests/test_rdflib/test_examples.py::test_rdflib_examples[05_parse_flat.py],call,2.45,3.32
before,22,test_rdflib_examples[04_parse_grouped.py],tests/integration_tests/test_rdflib/test_examples.py::test_rdflib_examples[04_parse_grouped.py],call,0.62,3.32
before,22,test_rdflib_examples[01_serialize.py],tests/integration_tests/test_rdflib/test_examples.py::test_rdflib_examples[01_serialize.py],call,0.07,3.32
before,22,test_rdflib_examples[02_parse.py],tests/integration_tests/test_rdflib/test_examples.py::test_rdflib_examples[02_parse.py],call,0.01,3.32
before,22,test_rdflib_examples[03_parse_autodetect.py],tests/integration_tests/test_rdflib/test_examples.py::test_rdflib_examples[03_parse_autodetect.py],call,0.0,3.32
before,22,test_rdflib_examples[06_serialize_grouped.py],tests/integration_tests/test_rdflib/test_examples.py::test_rdflib_examples[06_serialize_grouped.py],call,0.0,3.32
before,22,test_rdflib_examples[07_serialize_flat.py],tests/integration_tests/test_rdflib/test_examples.py::test_rdflib_examples[07_serialize_flat.py],call,0.0,3.32
before,22,test_rdflib_examples[01_serialize.py],tests/integration_tests/test_rdflib/test_examples.py::test_rdflib_examples[01_serialize.py],setup,0.0,3.32
before,22,test_rdflib_examples[02_parse.py],tests/integration_tests/test_rdflib/test_examples.py::test_rdflib_examples[02_parse.py],setup,0.0,3.32
before,22,test_rdflib_examples[06_serialize_grouped.py],tests/integration_tests/test_rdflib/test_examples.py::test_rdflib_examples[06_serialize_grouped.py],setup,0.0,3.32
before,22,test_rdflib_examples[05_parse_flat.py],tests/integration_tests/test_rdflib/test_examples.py::test_rdflib_examples[05_parse_flat.py],setup,0.0,3.32
before,22,test_rdflib_examples[04_parse_grouped.py],tests/integration_tests/test_rdflib/test_examples.py::test_rdflib_examples[04_parse_grouped.py],setup,0.0,3.32
before,22,test_rdflib_examples[03_parse_autodetect.py],tests/integration_tests/test_rdflib/test_examples.py::test_rdflib_examples[03_parse_autodetect.py],teardown,0.0,3.32
before,22,test_rdflib_examples[03_parse_autodetect.py],tests/integration_tests/test_rdflib/test_examples.py::test_rdflib_examples[03_parse_autodetect.py],setup,0.0,3.32
before,22,test_rdflib_examples[07_serialize_flat.py],tests/integration_tests/test_rdflib/test_examples.py::test_rdflib_examples[07_serialize_flat.py],setup,0.0,3.32
before,22,test_rdflib_examples[05_parse_flat.py],tests/integration_tests/test_rdflib/test_examples.py::test_rdflib_examples[05_parse_flat.py],teardown,0.0,3.32
before,22,test_rdflib_examples[04_parse_grouped.py],tests/integration_tests/test_rdflib/test_examples.py::test_rdflib_examples[04_parse_grouped.py],teardown,0.0,3.32
before,22,test_rdflib_examples[01_serialize.py],tests/integration_tests/test_rdflib/test_examples.py::test_rdflib_examples[01_serialize.py],teardown,0.0,3.32
before,22,test_rdflib_examples[07_serialize_flat.py],tests/integration_tests/test_rdflib/test_examples.py::test_rdflib_examples[07_serialize_flat.py],teardown,0.0,3.32
before,22,test_rdflib_examples[06_serialize_grouped.py],tests/integration_tests/test_rdflib/test_examples.py::test_rdflib_examples[06_serialize_grouped.py],teardown,0.0,3.32
before,22,test_rdflib_examples[02_parse.py],tests/integration_tests/test_rdflib/test_examples.py::test_rdflib_examples[02_parse.py],teardown,0.0,3.32
before,23,test_rdflib_examples[05_parse_flat.py],tests/integration_tests/test_rdflib/test_examples.py::test_rdflib_examples[05_parse_flat.py],call,2.45,3.33
before,23,test_rdflib_examples[04_parse_grouped.py],tests/integration_tests/test_rdflib/test_examples.py::test_rdflib_examples[04_parse_grouped.py],call,0.63,3.33
before,23,test_rdflib_examples[01_serialize.py],tests/integration_tests/test_rdflib/test_examples.py::test_rdflib_examples[01_serialize.py],call,0.07,3.33
before,23,test_rdflib_examples[02_parse.py],tests/integration_tests/test_rdflib/test_examples.py::test_rdflib_examples[02_parse.py],call,0.01,3.33
before,23,test_rdflib_examples[03_parse_autodetect.py],tests/integration_tests/test_rdflib/test_examples.py::test_rdflib_examples[03_parse_autodetect.py],call,0.0,3.33
before,23,test_rdflib_examples[06_serialize_grouped.py],tests/integration_tests/test_rdflib/test_examples.py::test_rdflib_examples[06_serialize_grouped.py],call,0.0,3.33
before,23,test_rdflib_examples[07_serialize_flat.py],tests/integration_tests/test_rdflib/test_examples.py::test_rdflib_examples[07_serialize_flat.py],call,0.0,3.33
before,23,test_rdflib_examples[01_serialize.py],tests/integration_tests/test_rdflib/test_examples.py::test_rdflib_examples[01_serialize.py],setup,0.0,3.33
before,23,test_rdflib_examples[06_serialize_grouped.py],tests/integration_tests/test_rdflib/test_examples.py::test_rdflib_examples[06_serialize_grouped.py],setup,0.0,3.33
before,23,test_rdflib_examples[02_parse.py],tests/integration_tests/test_rdflib/test_examples.py::test_rdflib_examples[02_parse.py],setup,0.0,3.33
before,23,test_rdflib_examples[05_parse_flat.py],tests/integration_tests/test_rdflib/test_examples.py::test_rdflib_examples[05_parse_flat.py],setup,0.0,3.33
before,23,test_rdflib_examples[04_parse_grouped.py],tests/integration_tests/test_rdflib/test_examples.py::test_rdflib_examples[04_parse_grouped.py],setup,0.0,3.33
before,23,test_rdflib_examples[03_parse_autodetect.py],tests/integration_tests/test_rdflib/test_examples.py::test_rdflib_examples[03_parse_autodetect.py],setup,0.0,3.33
before,23,test_rdflib_examples[03_parse_autodetect.py],tests/integration_tests/test_rdflib/test_examples.py::test_rdflib_examples[03_parse_autodetect.py],teardown,0.0,3.33
before,23,test_rdflib_examples[07_serialize_flat.py],tests/integration_tests/test_rdflib/test_examples.py::test_rdflib_examples[07_serialize_flat.py],setup,0.0,3.33
before,23,test_rdflib_examples[04_parse_grouped.py],tests/integration_tests/test_rdflib/test_examples.py::test_rdflib_examples[04_parse_grouped.py],teardown,0.0,3.33
before,23,test_rdflib_examples[05_parse_flat.py],tests/integration_tests/test_rdflib/test_examples.py::test_rdflib_examples[05_parse_flat.py],teardown,0.0,3.33
before,23,test_rdflib_examples[01_serialize.py],tests/integration_tests/test_rdflib/test_examples.py::test_rdflib_examples[01_serialize.py],teardown,0.0,3.33
before,23,test_rdflib_examples[07_serialize_flat.py],tests/integration_tests/test_rdflib/test_examples.py::test_rdflib_examples[07_serialize_flat.py],teardown,0.0,3.33
before,23,test_rdflib_examples[06_serialize_grouped.py],tests/integration_tests/test_rdflib/test_examples.py::test_rdflib_examples[06_serialize_grouped.py],teardown,0.0,3.33
before,23,test_rdflib_examples[02_parse.py],tests/integration_tests/test_rdflib/test_examples.py::test_rdflib_examples[02_parse.py],teardown,0.0,3.33
before,24,test_rdflib_examples[05_parse_flat.py],tests/integration_tests/test_rdflib/test_examples.py::test_rdflib_examples[05_parse_flat.py],call,2.75,3.39
before,24,test_rdflib_examples[04_parse_grouped.py],tests/integration_tests/test_rdflib/test_examples.py::test_rdflib_examples[04_parse_grouped.py],call,0.38,3.39
before,24,test_rdflib_examples[01_serialize.py],tests/integration_tests/test_rdflib/test_examples.py::test_rdflib_examples[01_serialize.py],call,0.08,3.39
before,24,test_rdflib_examples[02_parse.py],tests/integration_tests/test_rdflib/test_examples.py::test_rdflib_examples[02_parse.py],call,0.01,3.39
before,24,test_rdflib_examples[06_serialize_grouped.py],tests/integration_tests/test_rdflib/test_examples.py::test_rdflib_examples[06_serialize_grouped.py],call,0.0,3.39
before,24,test_rdflib_examples[03_parse_autodetect.py],tests/integration_tests/test_rdflib/test_examples.py::test_rdflib_examples[03_parse_autodetect.py],call,0.0,3.39
before,24,test_rdflib_examples[07_serialize_flat.py],tests/integration_tests/test_rdflib/test_examples.py::test_rdflib_examples[07_serialize_flat.py],call,0.0,3.39
before,24,test_rdflib_examples[06_serialize_grouped.py],tests/integration_tests/test_rdflib/test_examples.py::test_rdflib_examples[06_serialize_grouped.py],setup,0.0,3.39
before,24,test_rdflib_examples[01_serialize.py],tests/integration_tests/test_rdflib/test_examples.py::test_rdflib_examples[01_serialize.py],setup,0.0,3.39
before,24,test_rdflib_examples[02_parse.py],tests/integration_tests/test_rdflib/test_examples.py::test_rdflib_examples[02_parse.py],setup,0.0,3.39
before,24,test_rdflib_examples[05_parse_flat.py],tests/integration_tests/test_rdflib/test_examples.py::test_rdflib_examples[05_parse_flat.py],setup,0.0,3.39
before,24,test_rdflib_examples[04_parse_grouped.py],tests/integration_tests/test_rdflib/test_examples.py::test_rdflib_examples[04_parse_grouped.py],setup,0.0,3.39
before,24,test_rdflib_examples[07_serialize_flat.py],tests/integration_tests/test_rdflib/test_examples.py::test_rdflib_examples[07_serialize_flat.py],setup,0.0,3.39
before,24,test_rdflib_examples[03_parse_autodetect.py],tests/integration_tests/test_rdflib/test_examples.py::test_rdflib_examples[03_parse_autodetect.py],setup,0.0,3.39
before,24,test_rdflib_examples[05_parse_flat.py],tests/integration_tests/test_rdflib/test_examples.py::test_rdflib_examples[05_parse_flat.py],teardown,0.0,3.39
before,24,test_rdflib_examples[03_parse_autodetect.py],tests/integration_tests/test_rdflib/test_examples.py::test_rdflib_examples[03_parse_autodetect.py],teardown,0.0,3.39
before,24,test_rdflib_examples[04_parse_grouped.py],tests/integration_tests/test_rdflib/test_examples.py::test_rdflib_examples[04_parse_grouped.py],teardown,0.0,3.39
before,24,test_rdflib_examples[01_serialize.py],tests/integration_tests/test_rdflib/test_examples.py::test_rdflib_examples[01_serialize.py],teardown,0.0,3.39
before,24,test_rdflib_examples[06_serialize_grouped.py],tests/integration_tests/test_rdflib/test_examples.py::test_rdflib_examples[06_serialize_grouped.py],teardown,0.0,3.39
before,24,test_rdflib_examples[07_serialize_flat.py],tests/integration_tests/test_rdflib/test_examples.py::test_rdflib_examples[07_serialize_flat.py],teardown,0.0,3.39
before,24,test_rdflib_examples[02_parse.py],tests/integration_tests/test_rdflib/test_examples.py::test_rdflib_examples[02_parse.py],teardown,0.0,3.39
before,25,test_rdflib_examples[05_parse_flat.py],tests/integration_tests/test_rdflib/test_examples.py::test_rdflib_examples[05_parse_flat.py],call,2.45,3.34
before,25,test_rdflib_examples[04_parse_grouped.py],tests/integration_tests/test_rdflib/test_examples.py::test_rdflib_examples[04_parse_grouped.py],call,0.64,3.34
before,25,test_rdflib_examples[01_serialize.py],tests/integration_tests/test_rdflib/test_examples.py::test_rdflib_examples[01_serialize.py],call,0.07,3.34
before,25,test_rdflib_examples[02_parse.py],tests/integration_tests/test_rdflib/test_examples.py::test_rdflib_examples[02_parse.py],call,0.01,3.34
before,25,test_rdflib_examples[03_parse_autodetect.py],tests/integration_tests/test_rdflib/test_examples.py::test_rdflib_examples[03_parse_autodetect.py],call,0.0,3.34
before,25,test_rdflib_examples[06_serialize_grouped.py],tests/integration_tests/test_rdflib/test_examples.py::test_rdflib_examples[06_serialize_grouped.py],call,0.0,3.34
before,25,test_rdflib_examples[07_serialize_flat.py],tests/integration_tests/test_rdflib/test_examples.py::test_rdflib_examples[07_serialize_flat.py],call,0.0,3.34
before,25,test_rdflib_examples[01_serialize.py],tests/integration_tests/test_rdflib/test_examples.py::test_rdflib_examples[01_serialize.py],setup,0.0,3.34
before,25,test_rdflib_examples[03_parse_autodetect.py],tests/integration_tests/test_rdflib/test_examples.py::test_rdflib_examples[03_parse_autodetect.py],setup,0.0,3.34
before,25,test_rdflib_examples[06_serialize_grouped.py],tests/integration_tests/test_rdflib/test_examples.py::test_rdflib_examples[06_serialize_grouped.py],setup,0.0,3.34
before,25,test_rdflib_examples[05_parse_flat.py],tests/integration_tests/test_rdflib/test_examples.py::test_rdflib_examples[05_parse_flat.py],setup,0.0,3.34
before,25,test_rdflib_examples[02_parse.py],tests/integration_tests/test_rdflib/test_examples.py::test_rdflib_examples[02_parse.py],setup,0.0,3.34
before,25,test_rdflib_examples[04_parse_grouped.py],tests/integration_tests/test_rdflib/test_examples.py::test_rdflib_examples[04_parse_grouped.py],setup,0.0,3.34
before,25,test_rdflib_examples[03_parse_autodetect.py],tests/integration_tests/test_rdflib/test_examples.py::test_rdflib_examples[03_parse_autodetect.py],teardown,0.0,3.34
before,25,test_rdflib_examples[07_serialize_flat.py],tests/integration_tests/test_rdflib/test_examples.py::test_rdflib_examples[07_serialize_flat.py],setup,0.0,3.34
before,25,test_rdflib_examples[04_parse_grouped.py],tests/integration_tests/test_rdflib/test_examples.py::test_rdflib_examples[04_parse_grouped.py],teardown,0.0,3.34
before,25,test_rdflib_examples[05_parse_flat.py],tests/integration_tests/test_rdflib/test_examples.py::test_rdflib_examples[05_parse_flat.py],teardown,0.0,3.34
before,25,test_rdflib_examples[01_serialize.py],tests/integration_tests/test_rdflib/test_examples.py::test_rdflib_examples[01_serialize.py],teardown,0.0,3.34
before,25,test_rdflib_examples[06_serialize_grouped.py],tests/integration_tests/test_rdflib/test_examples.py::test_rdflib_examples[06_serialize_grouped.py],teardown,0.0,3.34
before,25,test_rdflib_examples[02_parse.py],tests/integration_tests/test_rdflib/test_examples.py::test_rdflib_examples[02_parse.py],teardown,0.0,3.34
before,25,test_rdflib_examples[07_serialize_flat.py],tests/integration_tests/test_rdflib/test_examples.py::test_rdflib_examples[07_serialize_flat.py],teardown,0.0,3.34
before,26,test_rdflib_examples[05_parse_flat.py],tests/integration_tests/test_rdflib/test_examples.py::test_rdflib_examples[05_parse_flat.py],call,2.64,3.27
before,26,test_rdflib_examples[04_parse_grouped.py],tests/integration_tests/test_rdflib/test_examples.py::test_rdflib_examples[04_parse_grouped.py],call,0.38,3.27
before,26,test_rdflib_examples[01_serialize.py],tests/integration_tests/test_rdflib/test_examples.py::test_rdflib_examples[01_serialize.py],call,0.07,3.27
before,26,test_rdflib_examples[02_parse.py],tests/integration_tests/test_rdflib/test_examples.py::test_rdflib_examples[02_parse.py],call,0.01,3.27
before,26,test_rdflib_examples[06_serialize_grouped.py],tests/integration_tests/test_rdflib/test_examples.py::test_rdflib_examples[06_serialize_grouped.py],call,0.0,3.27
before,26,test_rdflib_examples[03_parse_autodetect.py],tests/integration_tests/test_rdflib/test_examples.py::test_rdflib_examples[03_parse_autodetect.py],call,0.0,3.27
before,26,test_rdflib_examples[07_serialize_flat.py],tests/integration_tests/test_rdflib/test_examples.py::test_rdflib_examples[07_serialize_flat.py],call,0.0,3.27
before,26,test_rdflib_examples[01_serialize.py],tests/integration_tests/test_rdflib/test_examples.py::test_rdflib_examples[01_serialize.py],setup,0.0,3.27
before,26,test_rdflib_examples[06_serialize_grouped.py],tests/integration_tests/test_rdflib/test_examples.py::test_rdflib_examples[06_serialize_grouped.py],setup,0.0,3.27
before,26,test_rdflib_examples[02_parse.py],tests/integration_tests/test_rdflib/test_examples.py::test_rdflib_examples[02_parse.py],setup,0.0,3.27
before,26,test_rdflib_examples[05_parse_flat.py],tests/integration_tests/test_rdflib/test_examples.py::test_rdflib_examples[05_parse_flat.py],setup,0.0,3.27
before,26,test_rdflib_examples[04_parse_grouped.py],tests/integration_tests/test_rdflib/test_examples.py::test_rdflib_examples[04_parse_grouped.py],setup,0.0,3.27
before,26,test_rdflib_examples[07_serialize_flat.py],tests/integration_tests/test_rdflib/test_examples.py::test_rdflib_examples[07_serialize_flat.py],setup,0.0,3.27
before,26,test_rdflib_examples[03_parse_autodetect.py],tests/integration_tests/test_rdflib/test_examples.py::test_rdflib_examples[03_parse_autodetect.py],setup,0.0,3.27
before,26,test_rdflib_examples[03_parse_autodetect.py],tests/integration_tests/test_rdflib/test_examples.py::test_rdflib_examples[03_parse_autodetect.py],teardown,0.0,3.27
before,26,test_rdflib_examples[05_parse_flat.py],tests/integration_tests/test_rdflib/test_examples.py::test_rdflib_examples[05_parse_flat.py],teardown,0.0,3.27
before,26,test_rdflib_examples[04_parse_grouped.py],tests/integration_tests/test_rdflib/test_examples.py::test_rdflib_examples[04_parse_grouped.py],teardown,0.0,3.27
before,26,test_rdflib_examples[01_serialize.py],tests/integration_tests/test_rdflib/test_examples.py::test_rdflib_examples[01_serialize.py],teardown,0.0,3.27
before,26,test_rdflib_examples[07_serialize_flat.py],tests/integration_tests/test_rdflib/test_examples.py::test_rdflib_examples[07_serialize_flat.py],teardown,0.0,3.27
before,26,test_rdflib_examples[06_serialize_grouped.py],tests/integration_tests/test_rdflib/test_examples.py::test_rdflib_examples[06_serialize_grouped.py],teardown,0.0,3.27
before,26,test_rdflib_examples[02_parse.py],tests/integration_tests/test_rdflib/test_examples.py::test_rdflib_examples[02_parse.py],teardown,0.0,3.27
before,27,test_rdflib_examples[05_parse_flat.py],tests/integration_tests/test_rdflib/test_examples.py::test_rdflib_examples[05_parse_flat.py],call,2.61,3.23
before,27,test_rdflib_examples[04_parse_grouped.py],tests/integration_tests/test_rdflib/test_examples.py::test_rdflib_examples[04_parse_grouped.py],call,0.38,3.23
before,27,test_rdflib_examples[01_serialize.py],tests/integration_tests/test_rdflib/test_examples.py::test_rdflib_examples[01_serialize.py],call,0.07,3.23
before,27,test_rdflib_examples[02_parse.py],tests/integration_tests/test_rdflib/test_examples.py::test_rdflib_examples[02_parse.py],call,0.01,3.23
before,27,test_rdflib_examples[03_parse_autodetect.py],tests/integration_tests/test_rdflib/test_examples.py::test_rdflib_examples[03_parse_autodetect.py],call,0.0,3.23
before,27,test_rdflib_examples[06_serialize_grouped.py],tests/integration_tests/test_rdflib/test_examples.py::test_rdflib_examples[06_serialize_grouped.py],call,0.0,3.23
before,27,test_rdflib_examples[07_serialize_flat.py],tests/integration_tests/test_rdflib/test_examples.py::test_rdflib_examples[07_serialize_flat.py],call,0.0,3.23
before,27,test_rdflib_examples[01_serialize.py],tests/integration_tests/test_rdflib/test_examples.py::test_rdflib_examples[01_serialize.py],setup,0.0,3.23
before,27,test_rdflib_examples[06_serialize_grouped.py],tests/integration_tests/test_rdflib/test_examples.py::test_rdflib_examples[06_serialize_grouped.py],setup,0.0,3.23
before,27,test_rdflib_examples[05_parse_flat.py],tests/integration_tests/test_rdflib/test_examples.py::test_rdflib_examples[05_parse_flat.py],setup,0.0,3.23
before,27,test_rdflib_examples[02_parse.py],tests/integration_tests/test_rdflib/test_examples.py::test_rdflib_examples[02_parse.py],setup,0.0,3.23
before,27,test_rdflib_examples[04_parse_grouped.py],tests/integration_tests/test_rdflib/test_examples.py::test_rdflib_examples[04_parse_grouped.py],setup,0.0,3.23
before,27,test_rdflib_examples[03_parse_autodetect.py],tests/integration_tests/test_rdflib/test_examples.py::test_rdflib_examples[03_parse_autodetect.py],teardown,0.0,3.23
before,27,test_rdflib_examples[03_parse_autodetect.py],tests/integration_tests/test_rdflib/test_examples.py::test_rdflib_examples[03_parse_autodetect.py],setup,0.0,3.23
before,27,test_rdflib_examples[07_serialize_flat.py],tests/integration_tests/test_rdflib/test_examples.py::test_rdflib_examples[07_serialize_flat.py],setup,0.0,3.23
before,27,test_rdflib_examples[05_parse_flat.py],tests/integration_tests/test_rdflib/test_examples.py::test_rdflib_examples[05_parse_flat.py],teardown,0.0,3.23
before,27,test_rdflib_examples[01_serialize.py],tests/integration_tests/test_rdflib/test_examples.py::test_rdflib_examples[01_serialize.py],teardown,0.0,3.23
before,27,test_rdflib_examples[04_parse_grouped.py],tests/integration_tests/test_rdflib/test_examples.py::test_rdflib_examples[04_parse_grouped.py],teardown,0.0,3.23
before,27,test_rdflib_examples[07_serialize_flat.py],tests/integration_tests/test_rdflib/test_examples.py::test_rdflib_examples[07_serialize_flat.py],teardown,0.0,3.23
before,27,test_rdflib_examples[06_serialize_grouped.py],tests/integration_tests/test_rdflib/test_examples.py::test_rdflib_examples[06_serialize_grouped.py],teardown,0.0,3.23
before,27,test_rdflib_examples[02_parse.py],tests/integration_tests/test_rdflib/test_examples.py::test_rdflib_examples[02_parse.py],teardown,0.0,3.23
before,28,test_rdflib_examples[05_parse_flat.py],tests/integration_tests/test_rdflib/test_examples.py::test_rdflib_examples[05_parse_flat.py],call,2.48,3.11
before,28,test_rdflib_examples[04_parse_grouped.py],tests/integration_tests/test_rdflib/test_examples.py::test_rdflib_examples[04_parse_grouped.py],call,0.38,3.11
before,28,test_rdflib_examples[01_serialize.py],tests/integration_tests/test_rdflib/test_examples.py::test_rdflib_examples[01_serialize.py],call,0.07,3.11
before,28,test_rdflib_examples[02_parse.py],tests/integration_tests/test_rdflib/test_examples.py::test_rdflib_examples[02_parse.py],call,0.01,3.11
before,28,test_rdflib_examples[03_parse_autodetect.py],tests/integration_tests/test_rdflib/test_examples.py::test_rdflib_examples[03_parse_autodetect.py],call,0.0,3.11
before,28,test_rdflib_examples[06_serialize_grouped.py],tests/integration_tests/test_rdflib/test_examples.py::test_rdflib_examples[06_serialize_grouped.py],call,0.0,3.11
before,28,test_rdflib_examples[07_serialize_flat.py],tests/integration_tests/test_rdflib/test_examples.py::test_rdflib_examples[07_serialize_flat.py],call,0.0,3.11
before,28,test_rdflib_examples[01_serialize.py],tests/integration_tests/test_rdflib/test_examples.py::test_rdflib_examples[01_serialize.py],setup,0.0,3.11
before,28,test_rdflib_examples[04_parse_grouped.py],tests/integration_tests/test_rdflib/test_examples.py::test_rdflib_examples[04_parse_grouped.py],teardown,0.0,3.11
before,28,test_rdflib_examples[06_serialize_grouped.py],tests/integration_tests/test_rdflib/test_examples.py::test_rdflib_examples[06_serialize_grouped.py],setup,0.0,3.11
before,28,test_rdflib_examples[05_parse_flat.py],tests/integration_tests/test_rdflib/test_examples.py::test_rdflib_examples[05_parse_flat.py],setup,0.0,3.11
before,28,test_rdflib_examples[04_parse_grouped.py],tests/integration_tests/test_rdflib/test_examples.py::test_rdflib_examples[04_parse_grouped.py],setup,0.0,3.11
before,28,test_rdflib_examples[02_parse.py],tests/integration_tests/test_rdflib/test_examples.py::test_rdflib_examples[02_parse.py],setup,0.0,3.11
before,28,test_rdflib_examples[03_parse_autodetect.py],tests/integration_tests/test_rdflib/test_examples.py::test_rdflib_examples[03_parse_autodetect.py],teardown,0.0,3.11
before,28,test_rdflib_examples[07_serialize_flat.py],tests/integration_tests/test_rdflib/test_examples.py::test_rdflib_examples[07_serialize_flat.py],setup,0.0,3.11
before,28,test_rdflib_examples[05_parse_flat.py],tests/integration_tests/test_rdflib/test_examples.py::test_rdflib_examples[05_parse_flat.py],teardown,0.0,3.11
before,28,test_rdflib_examples[03_parse_autodetect.py],tests/integration_tests/test_rdflib/test_examples.py::test_rdflib_examples[03_parse_autodetect.py],setup,0.0,3.11
before,28,test_rdflib_examples[01_serialize.py],tests/integration_tests/test_rdflib/test_examples.py::test_rdflib_examples[01_serialize.py],teardown,0.0,3.11
before,28,test_rdflib_examples[06_serialize_grouped.py],tests/integration_tests/test_rdflib/test_examples.py::test_rdflib_examples[06_serialize_grouped.py],teardown,0.0,3.11
before,28,test_rdflib_examples[07_serialize_flat.py],tests/integration_tests/test_rdflib/test_examples.py::test_rdflib_examples[07_serialize_flat.py],teardown,0.0,3.11
before,28,test_rdflib_examples[02_parse.py],tests/integration_tests/test_rdflib/test_examples.py::test_rdflib_examples[02_parse.py],teardown,0.0,3.11
before,29,test_rdflib_examples[05_parse_flat.py],tests/integration_tests/test_rdflib/test_examples.py::test_rdflib_examples[05_parse_flat.py],call,2.87,3.73
before,29,test_rdflib_examples[04_parse_grouped.py],tests/integration_tests/test_rdflib/test_examples.py::test_rdflib_examples[04_parse_grouped.py],call,0.61,3.73
before,29,test_rdflib_examples[01_serialize.py],tests/integration_tests/test_rdflib/test_examples.py::test_rdflib_examples[01_serialize.py],call,0.07,3.73
before,29,test_rdflib_examples[02_parse.py],tests/integration_tests/test_rdflib/test_examples.py::test_rdflib_examples[02_parse.py],call,0.01,3.73
before,29,test_rdflib_examples[03_parse_autodetect.py],tests/integration_tests/test_rdflib/test_examples.py::test_rdflib_examples[03_parse_autodetect.py],call,0.0,3.73
before,29,test_rdflib_examples[06_serialize_grouped.py],tests/integration_tests/test_rdflib/test_examples.py::test_rdflib_examples[06_serialize_grouped.py],call,0.0,3.73
before,29,test_rdflib_examples[07_serialize_flat.py],tests/integration_tests/test_rdflib/test_examples.py::test_rdflib_examples[07_serialize_flat.py],call,0.0,3.73
before,29,test_rdflib_examples[01_serialize.py],tests/integration_tests/test_rdflib/test_examples.py::test_rdflib_examples[01_serialize.py],setup,0.0,3.73
before,29,test_rdflib_examples[02_parse.py],tests/integration_tests/test_rdflib/test_examples.py::test_rdflib_examples[02_parse.py],setup,0.0,3.73
before,29,test_rdflib_examples[06_serialize_grouped.py],tests/integration_tests/test_rdflib/test_examples.py::test_rdflib_examples[06_serialize_grouped.py],setup,0.0,3.73
before,29,test_rdflib_examples[05_parse_flat.py],tests/integration_tests/test_rdflib/test_examples.py::test_rdflib_examples[05_parse_flat.py],setup,0.0,3.73
before,29,test_rdflib_examples[04_parse_grouped.py],tests/integration_tests/test_rdflib/test_examples.py::test_rdflib_examples[04_parse_grouped.py],setup,0.0,3.73
before,29,test_rdflib_examples[03_parse_autodetect.py],tests/integration_tests/test_rdflib/test_examples.py::test_rdflib_examples[03_parse_autodetect.py],teardown,0.0,3.73
before,29,test_rdflib_examples[01_serialize.py],tests/integration_tests/test_rdflib/test_examples.py::test_rdflib_examples[01_serialize.py],teardown,0.0,3.73
before,29,test_rdflib_examples[03_parse_autodetect.py],tests/integration_tests/test_rdflib/test_examples.py::test_rdflib_examples[03_parse_autodetect.py],setup,0.0,3.73
before,29,test_rdflib_examples[07_serialize_flat.py],tests/integration_tests/test_rdflib/test_examples.py::test_rdflib_examples[07_serialize_flat.py],setup,0.0,3.73
before,29,test_rdflib_examples[05_parse_flat.py],tests/integration_tests/test_rdflib/test_examples.py::test_rdflib_examples[05_parse_flat.py],teardown,0.0,3.73
before,29,test_rdflib_examples[04_parse_grouped.py],tests/integration_tests/test_rdflib/test_examples.py::test_rdflib_examples[04_parse_grouped.py],teardown,0.0,3.73
before,29,test_rdflib_examples[07_serialize_flat.py],tests/integration_tests/test_rdflib/test_examples.py::test_rdflib_examples[07_serialize_flat.py],teardown,0.0,3.73
before,29,test_rdflib_examples[02_parse.py],tests/integration_tests/test_rdflib/test_examples.py::test_rdflib_examples[02_parse.py],teardown,0.0,3.73
before,29,test_rdflib_examples[06_serialize_grouped.py],tests/integration_tests/test_rdflib/test_examples.py::test_rdflib_examples[06_serialize_grouped.py],teardown,0.0,3.73
before,30,test_rdflib_examples[05_parse_flat.py],tests/integration_tests/test_rdflib/test_examples.py::test_rdflib_examples[05_parse_flat.py],call,2.45,3.27
before,30,test_rdflib_examples[04_parse_grouped.py],tests/integration_tests/test_rdflib/test_examples.py::test_rdflib_examples[04_parse_grouped.py],call,0.57,3.27
before,30,test_rdflib_examples[01_serialize.py],tests/integration_tests/test_rdflib/test_examples.py::test_rdflib_examples[01_serialize.py],call,0.07,3.27
before,30,test_rdflib_examples[02_parse.py],tests/integration_tests/test_rdflib/test_examples.py::test_rdflib_examples[02_parse.py],call,0.01,3.27
before,30,test_rdflib_examples[03_parse_autodetect.py],tests/integration_tests/test_rdflib/test_examples.py::test_rdflib_examples[03_parse_autodetect.py],call,0.0,3.27
before,30,test_rdflib_examples[06_serialize_grouped.py],tests/integration_tests/test_rdflib/test_examples.py::test_rdflib_examples[06_serialize_grouped.py],call,0.0,3.27
before,30,test_rdflib_examples[07_serialize_flat.py],tests/integration_tests/test_rdflib/test_examples.py::test_rdflib_examples[07_serialize_flat.py],call,0.0,3.27
before,30,test_rdflib_examples[01_serialize.py],tests/integration_tests/test_rdflib/test_examples.py::test_rdflib_examples[01_serialize.py],setup,0.0,3.27
before,30,test_rdflib_examples[06_serialize_grouped.py],tests/integration_tests/test_rdflib/test_examples.py::test_rdflib_examples[06_serialize_grouped.py],setup,0.0,3.27
before,30,test_rdflib_examples[05_parse_flat.py],tests/integration_tests/test_rdflib/test_examples.py::test_rdflib_examples[05_parse_flat.py],setup,0.0,3.27
before,30,test_rdflib_examples[02_parse.py],tests/integration_tests/test_rdflib/test_examples.py::test_rdflib_examples[02_parse.py],setup,0.0,3.27
before,30,test_rdflib_examples[04_parse_grouped.py],tests/integration_tests/test_rdflib/test_examples.py::test_rdflib_examples[04_parse_grouped.py],setup,0.0,3.27
before,30,test_rdflib_examples[05_parse_flat.py],tests/integration_tests/test_rdflib/test_examples.py::test_rdflib_examples[05_parse_flat.py],teardown,0.0,3.27
before,30,test_rdflib_examples[03_parse_autodetect.py],tests/integration_tests/test_rdflib/test_examples.py::test_rdflib_examples[03_parse_autodetect.py],teardown,0.0,3.27
before,30,test_rdflib_examples[07_serialize_flat.py],tests/integration_tests/test_rdflib/test_examples.py::test_rdflib_examples[07_serialize_flat.py],setup,0.0,3.27
before,30,test_rdflib_examples[03_parse_autodetect.py],tests/integration_tests/test_rdflib/test_examples.py::test_rdflib_examples[03_parse_autodetect.py],setup,0.0,3.27
before,30,test_rdflib_examples[04_parse_grouped.py],tests/integration_tests/test_rdflib/test_examples.py::test_rdflib_examples[04_parse_grouped.py],teardown,0.0,3.27
before,30,test_rdflib_examples[01_serialize.py],tests/integration_tests/test_rdflib/test_examples.py::test_rdflib_examples[01_serialize.py],teardown,0.0,3.27
before,30,test_rdflib_examples[06_serialize_grouped.py],tests/integration_tests/test_rdflib/test_examples.py::test_rdflib_examples[06_serialize_grouped.py],teardown,0.0,3.27
before,30,test_rdflib_examples[07_serialize_flat.py],tests/integration_tests/test_rdflib/test_examples.py::test_rdflib_examples[07_serialize_flat.py],teardown,0.0,3.27
before,30,test_rdflib_examples[02_parse.py],tests/integration_tests/test_rdflib/test_examples.py::test_rdflib_examples[02_parse.py],teardown,0.0,3.27
before,31,test_rdflib_examples[05_parse_flat.py],tests/integration_tests/test_rdflib/test_examples.py::test_rdflib_examples[05_parse_flat.py],call,2.52,3.59
before,31,test_rdflib_examples[04_parse_grouped.py],tests/integration_tests/test_rdflib/test_examples.py::test_rdflib_examples[04_parse_grouped.py],call,0.8,3.59
before,31,test_rdflib_examples[01_serialize.py],tests/integration_tests/test_rdflib/test_examples.py::test_rdflib_examples[01_serialize.py],call,0.09,3.59
before,31,test_rdflib_examples[02_parse.py],tests/integration_tests/test_rdflib/test_examples.py::test_rdflib_examples[02_parse.py],call,0.01,3.59
before,31,test_rdflib_examples[03_parse_autodetect.py],tests/integration_tests/test_rdflib/test_examples.py::test_rdflib_examples[03_parse_autodetect.py],call,0.0,3.59
before,31,test_rdflib_examples[06_serialize_grouped.py],tests/integration_tests/test_rdflib/test_examples.py::test_rdflib_examples[06_serialize_grouped.py],call,0.0,3.59
before,31,test_rdflib_examples[07_serialize_flat.py],tests/integration_tests/test_rdflib/test_examples.py::test_rdflib_examples[07_serialize_flat.py],call,0.0,3.59
before,31,test_rdflib_examples[01_serialize.py],tests/integration_tests/test_rdflib/test_examples.py::test_rdflib_examples[01_serialize.py],setup,0.0,3.59
before,31,test_rdflib_examples[06_serialize_grouped.py],tests/integration_tests/test_rdflib/test_examples.py::test_rdflib_examples[06_serialize_grouped.py],setup,0.0,3.59
before,31,test_rdflib_examples[04_parse_grouped.py],tests/integration_tests/test_rdflib/test_examples.py::test_rdflib_examples[04_parse_grouped.py],setup,0.0,3.59
before,31,test_rdflib_examples[02_parse.py],tests/integration_tests/test_rdflib/test_examples.py::test_rdflib_examples[02_parse.py],setup,0.0,3.59
before,31,test_rdflib_examples[05_parse_flat.py],tests/integration_tests/test_rdflib/test_examples.py::test_rdflib_examples[05_parse_flat.py],setup,0.0,3.59
before,31,test_rdflib_examples[07_serialize_flat.py],tests/integration_tests/test_rdflib/test_examples.py::test_rdflib_examples[07_serialize_flat.py],setup,0.0,3.59
before,31,test_rdflib_examples[03_parse_autodetect.py],tests/integration_tests/test_rdflib/test_examples.py::test_rdflib_examples[03_parse_autodetect.py],setup,0.0,3.59
before,31,test_rdflib_examples[03_parse_autodetect.py],tests/integration_tests/test_rdflib/test_examples.py::test_rdflib_examples[03_parse_autodetect.py],teardown,0.0,3.59
before,31,test_rdflib_examples[05_parse_flat.py],tests/integration_tests/test_rdflib/test_examples.py::test_rdflib_examples[05_parse_flat.py],teardown,0.0,3.59
before,31,test_rdflib_examples[01_serialize.py],tests/integration_tests/test_rdflib/test_examples.py::test_rdflib_examples[01_serialize.py],teardown,0.0,3.59
before,31,test_rdflib_examples[04_parse_grouped.py],tests/integration_tests/test_rdflib/test_examples.py::test_rdflib_examples[04_parse_grouped.py],teardown,0.0,3.59
before,31,test_rdflib_examples[07_serialize_flat.py],tests/integration_tests/test_rdflib/test_examples.py::test_rdflib_examples[07_serialize_flat.py],teardown,0.0,3.59
before,31,test_rdflib_examples[06_serialize_grouped.py],tests/integration_tests/test_rdflib/test_examples.py::test_rdflib_examples[06_serialize_grouped.py],teardown,0.0,3.59
before,31,test_rdflib_examples[02_parse.py],tests/integration_tests/test_rdflib/test_examples.py::test_rdflib_examples[02_parse.py],teardown,0.0,3.59
before,32,test_rdflib_examples[05_parse_flat.py],tests/integration_tests/test_rdflib/test_examples.py::test_rdflib_examples[05_parse_flat.py],call,2.48,3.12
before,32,test_rdflib_examples[04_parse_grouped.py],tests/integration_tests/test_rdflib/test_examples.py::test_rdflib_examples[04_parse_grouped.py],call,0.39,3.12
before,32,test_rdflib_examples[01_serialize.py],tests/integration_tests/test_rdflib/test_examples.py::test_rdflib_examples[01_serialize.py],call,0.07,3.12
before,32,test_rdflib_examples[02_parse.py],tests/integration_tests/test_rdflib/test_examples.py::test_rdflib_examples[02_parse.py],call,0.01,3.12
before,32,test_rdflib_examples[06_serialize_grouped.py],tests/integration_tests/test_rdflib/test_examples.py::test_rdflib_examples[06_serialize_grouped.py],call,0.0,3.12
before,32,test_rdflib_examples[03_parse_autodetect.py],tests/integration_tests/test_rdflib/test_examples.py::test_rdflib_examples[03_parse_autodetect.py],call,0.0,3.12
before,32,test_rdflib_examples[07_serialize_flat.py],tests/integration_tests/test_rdflib/test_examples.py::test_rdflib_examples[07_serialize_flat.py],call,0.0,3.12
before,32,test_rdflib_examples[01_serialize.py],tests/integration_tests/test_rdflib/test_examples.py::test_rdflib_examples[01_serialize.py],setup,0.0,3.12
before,32,test_rdflib_examples[06_serialize_grouped.py],tests/integration_tests/test_rdflib/test_examples.py::test_rdflib_examples[06_serialize_grouped.py],setup,0.0,3.12
before,32,test_rdflib_examples[02_parse.py],tests/integration_tests/test_rdflib/test_examples.py::test_rdflib_examples[02_parse.py],setup,0.0,3.12
before,32,test_rdflib_examples[05_parse_flat.py],tests/integration_tests/test_rdflib/test_examples.py::test_rdflib_examples[05_parse_flat.py],setup,0.0,3.12
before,32,test_rdflib_examples[04_parse_grouped.py],tests/integration_tests/test_rdflib/test_examples.py::test_rdflib_examples[04_parse_grouped.py],setup,0.0,3.12
before,32,test_rdflib_examples[07_serialize_flat.py],tests/integration_tests/test_rdflib/test_examples.py::test_rdflib_examples[07_serialize_flat.py],setup,0.0,3.12
before,32,test_rdflib_examples[03_parse_autodetect.py],tests/integration_tests/test_rdflib/test_examples.py::test_rdflib_examples[03_parse_autodetect.py],teardown,0.0,3.12
before,32,test_rdflib_examples[05_parse_flat.py],tests/integration_tests/test_rdflib/test_examples.py::test_rdflib_examples[05_parse_flat.py],teardown,0.0,3.12
before,32,test_rdflib_examples[03_parse_autodetect.py],tests/integration_tests/test_rdflib/test_examples.py::test_rdflib_examples[03_parse_autodetect.py],setup,0.0,3.12
before,32,test_rdflib_examples[04_parse_grouped.py],tests/integration_tests/test_rdflib/test_examples.py::test_rdflib_examples[04_parse_grouped.py],teardown,0.0,3.12
before,32,test_rdflib_examples[01_serialize.py],tests/integration_tests/test_rdflib/test_examples.py::test_rdflib_examples[01_serialize.py],teardown,0.0,3.12
before,32,test_rdflib_examples[06_serialize_grouped.py],tests/integration_tests/test_rdflib/test_examples.py::test_rdflib_examples[06_serialize_grouped.py],teardown,0.0,3.12
before,32,test_rdflib_examples[07_serialize_flat.py],tests/integration_tests/test_rdflib/test_examples.py::test_rdflib_examples[07_serialize_flat.py],teardown,0.0,3.12
before,32,test_rdflib_examples[02_parse.py],tests/integration_tests/test_rdflib/test_examples.py::test_rdflib_examples[02_parse.py],teardown,0.0,3.12
before,33,test_rdflib_examples[05_parse_flat.py],tests/integration_tests/test_rdflib/test_examples.py::test_rdflib_examples[05_parse_flat.py],call,2.74,3.7
before,33,test_rdflib_examples[04_parse_grouped.py],tests/integration_tests/test_rdflib/test_examples.py::test_rdflib_examples[04_parse_grouped.py],call,0.7,3.7
before,33,test_rdflib_examples[01_serialize.py],tests/integration_tests/test_rdflib/test_examples.py::test_rdflib_examples[01_serialize.py],call,0.07,3.7
before,33,test_rdflib_examples[02_parse.py],tests/integration_tests/test_rdflib/test_examples.py::test_rdflib_examples[02_parse.py],call,0.01,3.7
before,33,test_rdflib_examples[03_parse_autodetect.py],tests/integration_tests/test_rdflib/test_examples.py::test_rdflib_examples[03_parse_autodetect.py],call,0.0,3.7
before,33,test_rdflib_examples[06_serialize_grouped.py],tests/integration_tests/test_rdflib/test_examples.py::test_rdflib_examples[06_serialize_grouped.py],call,0.0,3.7
before,33,test_rdflib_examples[07_serialize_flat.py],tests/integration_tests/test_rdflib/test_examples.py::test_rdflib_examples[07_serialize_flat.py],call,0.0,3.7
before,33,test_rdflib_examples[06_serialize_grouped.py],tests/integration_tests/test_rdflib/test_examples.py::test_rdflib_examples[06_serialize_grouped.py],setup,0.0,3.7
before,33,test_rdflib_examples[01_serialize.py],tests/integration_tests/test_rdflib/test_examples.py::test_rdflib_examples[01_serialize.py],setup,0.0,3.7
before,33,test_rdflib_examples[05_parse_flat.py],tests/integration_tests/test_rdflib/test_examples.py::test_rdflib_examples[05_parse_flat.py],teardown,0.0,3.7
before,33,test_rdflib_examples[02_parse.py],tests/integration_tests/test_rdflib/test_examples.py::test_rdflib_examples[02_parse.py],setup,0.0,3.7
before,33,test_rdflib_examples[05_parse_flat.py],tests/integration_tests/test_rdflib/test_examples.py::test_rdflib_examples[05_parse_flat.py],setup,0.0,3.7
before,33,test_rdflib_examples[04_parse_grouped.py],tests/integration_tests/test_rdflib/test_examples.py::test_rdflib_examples[04_parse_grouped.py],setup,0.0,3.7
before,33,test_rdflib_examples[07_serialize_flat.py],tests/integration_tests/test_rdflib/test_examples.py::test_rdflib_examples[07_serialize_flat.py],setup,0.0,3.7
before,33,test_rdflib_examples[03_parse_autodetect.py],tests/integration_tests/test_rdflib/test_examples.py::test_rdflib_examples[03_parse_autodetect.py],teardown,0.0,3.7
before,33,test_rdflib_examples[01_serialize.py],tests/integration_tests/test_rdflib/test_examples.py::test_rdflib_examples[01_serialize.py],teardown,0.0,3.7
before,33,test_rdflib_examples[03_parse_autodetect.py],tests/integration_tests/test_rdflib/test_examples.py::test_rdflib_examples[03_parse_autodetect.py],setup,0.0,3.7
before,33,test_rdflib_examples[04_parse_grouped.py],tests/integration_tests/test_rdflib/test_examples.py::test_rdflib_examples[04_parse_grouped.py],teardown,0.0,3.7
before,33,test_rdflib_examples[07_serialize_flat.py],tests/integration_tests/test_rdflib/test_examples.py::test_rdflib_examples[07_serialize_flat.py],teardown,0.0,3.7
before,33,test_rdflib_examples[02_parse.py],tests/integration_tests/test_rdflib/test_examples.py::test_rdflib_examples[02_parse.py],teardown,0.0,3.7
before,33,test_rdflib_examples[06_serialize_grouped.py],tests/integration_tests/test_rdflib/test_examples.py::test_rdflib_examples[06_serialize_grouped.py],teardown,0.0,3.7
before,34,test_rdflib_examples[05_parse_flat.py],tests/integration_tests/test_rdflib/test_examples.py::test_rdflib_examples[05_parse_flat.py],call,2.43,3.09
before,34,test_rdflib_examples[04_parse_grouped.py],tests/integration_tests/test_rdflib/test_examples.py::test_rdflib_examples[04_parse_grouped.py],call,0.38,3.09
before,34,test_rdflib_examples[01_serialize.py],tests/integration_tests/test_rdflib/test_examples.py::test_rdflib_examples[01_serialize.py],call,0.1,3.09
before,34,test_rdflib_examples[02_parse.py],tests/integration_tests/test_rdflib/test_examples.py::test_rdflib_examples[02_parse.py],call,0.01,3.09
before,34,test_rdflib_examples[03_parse_autodetect.py],tests/integration_tests/test_rdflib/test_examples.py::test_rdflib_examples[03_parse_autodetect.py],call,0.0,3.09
before,34,test_rdflib_examples[06_serialize_grouped.py],tests/integration_tests/test_rdflib/test_examples.py::test_rdflib_examples[06_serialize_grouped.py],call,0.0,3.09
before,34,test_rdflib_examples[07_serialize_flat.py],tests/integration_tests/test_rdflib/test_examples.py::test_rdflib_examples[07_serialize_flat.py],call,0.0,3.09
before,34,test_rdflib_examples[01_serialize.py],tests/integration_tests/test_rdflib/test_examples.py::test_rdflib_examples[01_serialize.py],setup,0.0,3.09
before,34,test_rdflib_examples[06_serialize_grouped.py],tests/integration_tests/test_rdflib/test_examples.py::test_rdflib_examples[06_serialize_grouped.py],setup,0.0,3.09
before,34,test_rdflib_examples[02_parse.py],tests/integration_tests/test_rdflib/test_examples.py::test_rdflib_examples[02_parse.py],setup,0.0,3.09
before,34,test_rdflib_examples[04_parse_grouped.py],tests/integration_tests/test_rdflib/test_examples.py::test_rdflib_examples[04_parse_grouped.py],setup,0.0,3.09
before,34,test_rdflib_examples[05_parse_flat.py],tests/integration_tests/test_rdflib/test_examples.py::test_rdflib_examples[05_parse_flat.py],setup,0.0,3.09
before,34,test_rdflib_examples[03_parse_autodetect.py],tests/integration_tests/test_rdflib/test_examples.py::test_rdflib_examples[03_parse_autodetect.py],setup,0.0,3.09
before,34,test_rdflib_examples[03_parse_autodetect.py],tests/integration_tests/test_rdflib/test_examples.py::test_rdflib_examples[03_parse_autodetect.py],teardown,0.0,3.09
before,34,test_rdflib_examples[07_serialize_flat.py],tests/integration_tests/test_rdflib/test_examples.py::test_rdflib_examples[07_serialize_flat.py],setup,0.0,3.09
before,34,test_rdflib_examples[05_parse_flat.py],tests/integration_tests/test_rdflib/test_examples.py::test_rdflib_examples[05_parse_flat.py],teardown,0.0,3.09
before,34,test_rdflib_examples[01_serialize.py],tests/integration_tests/test_rdflib/test_examples.py::test_rdflib_examples[01_serialize.py],teardown,0.0,3.09
before,34,test_rdflib_examples[04_parse_grouped.py],tests/integration_tests/test_rdflib/test_examples.py::test_rdflib_examples[04_parse_grouped.py],teardown,0.0,3.09
before,34,test_rdflib_examples[07_serialize_flat.py],tests/integration_tests/test_rdflib/test_examples.py::test_rdflib_examples[07_serialize_flat.py],teardown,0.0,3.09
before,34,test_rdflib_examples[06_serialize_grouped.py],tests/integration_tests/test_rdflib/test_examples.py::test_rdflib_examples[06_serialize_grouped.py],teardown,0.0,3.09
before,34,test_rdflib_examples[02_parse.py],tests/integration_tests/test_rdflib/test_examples.py::test_rdflib_examples[02_parse.py],teardown,0.0,3.09
before,35,test_rdflib_examples[05_parse_flat.py],tests/integration_tests/test_rdflib/test_examples.py::test_rdflib_examples[05_parse_flat.py],call,2.68,3.63
before,35,test_rdflib_examples[04_parse_grouped.py],tests/integration_tests/test_rdflib/test_examples.py::test_rdflib_examples[04_parse_grouped.py],call,0.7,3.63
before,35,test_rdflib_examples[01_serialize.py],tests/integration_tests/test_rdflib/test_examples.py::test_rdflib_examples[01_serialize.py],call,0.07,3.63
before,35,test_rdflib_examples[02_parse.py],tests/integration_tests/test_rdflib/test_examples.py::test_rdflib_examples[02_parse.py],call,0.01,3.63
before,35,test_rdflib_examples[06_serialize_grouped.py],tests/integration_tests/test_rdflib/test_examples.py::test_rdflib_examples[06_serialize_grouped.py],call,0.0,3.63
before,35,test_rdflib_examples[03_parse_autodetect.py],tests/integration_tests/test_rdflib/test_examples.py::test_rdflib_examples[03_parse_autodetect.py],call,0.0,3.63
before,35,test_rdflib_examples[07_serialize_flat.py],tests/integration_tests/test_rdflib/test_examples.py::test_rdflib_examples[07_serialize_flat.py],call,0.0,3.63
before,35,test_rdflib_examples[01_serialize.py],tests/integration_tests/test_rdflib/test_examples.py::test_rdflib_examples[01_serialize.py],setup,0.0,3.63
before,35,test_rdflib_examples[06_serialize_grouped.py],tests/integration_tests/test_rdflib/test_examples.py::test_rdflib_examples[06_serialize_grouped.py],setup,0.0,3.63
before,35,test_rdflib_examples[04_parse_grouped.py],tests/integration_tests/test_rdflib/test_examples.py::test_rdflib_examples[04_parse_grouped.py],setup,0.0,3.63
before,35,test_rdflib_examples[02_parse.py],tests/integration_tests/test_rdflib/test_examples.py::test_rdflib_examples[02_parse.py],setup,0.0,3.63
before,35,test_rdflib_examples[05_parse_flat.py],tests/integration_tests/test_rdflib/test_examples.py::test_rdflib_examples[05_parse_flat.py],setup,0.0,3.63
before,35,test_rdflib_examples[05_parse_flat.py],tests/integration_tests/test_rdflib/test_examples.py::test_rdflib_examples[05_parse_flat.py],teardown,0.0,3.63
before,35,test_rdflib_examples[07_serialize_flat.py],tests/integration_tests/test_rdflib/test_examples.py::test_rdflib_examples[07_serialize_flat.py],setup,0.0,3.63
before,35,test_rdflib_examples[03_parse_autodetect.py],tests/integration_tests/test_rdflib/test_examples.py::test_rdflib_examples[03_parse_autodetect.py],teardown,0.0,3.63
before,35,test_rdflib_examples[03_parse_autodetect.py],tests/integration_tests/test_rdflib/test_examples.py::test_rdflib_examples[03_parse_autodetect.py],setup,0.0,3.63
before,35,test_rdflib_examples[04_parse_grouped.py],tests/integration_tests/test_rdflib/test_examples.py::test_rdflib_examples[04_parse_grouped.py],teardown,0.0,3.63
before,35,test_rdflib_examples[01_serialize.py],tests/integration_tests/test_rdflib/test_examples.py::test_rdflib_examples[01_serialize.py],teardown,0.0,3.63
before,35,test_rdflib_examples[06_serialize_grouped.py],tests/integration_tests/test_rdflib/test_examples.py::test_rdflib_examples[06_serialize_grouped.py],teardown,0.0,3.63
before,35,test_rdflib_examples[07_serialize_flat.py],tests/integration_tests/test_rdflib/test_examples.py::test_rdflib_examples[07_serialize_flat.py],teardown,0.0,3.63
before,35,test_rdflib_examples[02_parse.py],tests/integration_tests/test_rdflib/test_examples.py::test_rdflib_examples[02_parse.py],teardown,0.0,3.63
before,36,test_rdflib_examples[05_parse_flat.py],tests/integration_tests/test_rdflib/test_examples.py::test_rdflib_examples[05_parse_flat.py],call,2.55,3.61
before,36,test_rdflib_examples[04_parse_grouped.py],tests/integration_tests/test_rdflib/test_examples.py::test_rdflib_examples[04_parse_grouped.py],call,0.81,3.61
before,36,test_rdflib_examples[01_serialize.py],tests/integration_tests/test_rdflib/test_examples.py::test_rdflib_examples[01_serialize.py],call,0.07,3.61
before,36,test_rdflib_examples[02_parse.py],tests/integration_tests/test_rdflib/test_examples.py::test_rdflib_examples[02_parse.py],call,0.01,3.61
before,36,test_rdflib_examples[06_serialize_grouped.py],tests/integration_tests/test_rdflib/test_examples.py::test_rdflib_examples[06_serialize_grouped.py],call,0.0,3.61
before,36,test_rdflib_examples[03_parse_autodetect.py],tests/integration_tests/test_rdflib/test_examples.py::test_rdflib_examples[03_parse_autodetect.py],call,0.0,3.61
before,36,test_rdflib_examples[07_serialize_flat.py],tests/integration_tests/test_rdflib/test_examples.py::test_rdflib_examples[07_serialize_flat.py],call,0.0,3.61
before,36,test_rdflib_examples[01_serialize.py],tests/integration_tests/test_rdflib/test_examples.py::test_rdflib_examples[01_serialize.py],setup,0.0,3.61
before,36,test_rdflib_examples[06_serialize_grouped.py],tests/integration_tests/test_rdflib/test_examples.py::test_rdflib_examples[06_serialize_grouped.py],setup,0.0,3.61
before,36,test_rdflib_examples[02_parse.py],tests/integration_tests/test_rdflib/test_examples.py::test_rdflib_examples[02_parse.py],setup,0.0,3.61
before,36,test_rdflib_examples[05_parse_flat.py],tests/integration_tests/test_rdflib/test_examples.py::test_rdflib_examples[05_parse_flat.py],setup,0.0,3.61
before,36,test_rdflib_examples[04_parse_grouped.py],tests/integration_tests/test_rdflib/test_examples.py::test_rdflib_examples[04_parse_grouped.py],setup,0.0,3.61
before,36,test_rdflib_examples[07_serialize_flat.py],tests/integration_tests/test_rdflib/test_examples.py::test_rdflib_examples[07_serialize_flat.py],setup,0.0,3.61
before,36,test_rdflib_examples[05_parse_flat.py],tests/integration_tests/test_rdflib/test_examples.py::test_rdflib_examples[05_parse_flat.py],teardown,0.0,3.61
before,36,test_rdflib_examples[03_parse_autodetect.py],tests/integration_tests/test_rdflib/test_examples.py::test_rdflib_examples[03_parse_autodetect.py],teardown,0.0,3.61
before,36,test_rdflib_examples[03_parse_autodetect.py],tests/integration_tests/test_rdflib/test_examples.py::test_rdflib_examples[03_parse_autodetect.py],setup,0.0,3.61
before,36,test_rdflib_examples[04_parse_grouped.py],tests/integration_tests/test_rdflib/test_examples.py::test_rdflib_examples[04_parse_grouped.py],teardown,0.0,3.61
before,36,test_rdflib_examples[01_serialize.py],tests/integration_tests/test_rdflib/test_examples.py::test_rdflib_examples[01_serialize.py],teardown,0.0,3.61
before,36,test_rdflib_examples[07_serialize_flat.py],tests/integration_tests/test_rdflib/test_examples.py::test_rdflib_examples[07_serialize_flat.py],teardown,0.0,3.61
before,36,test_rdflib_examples[06_serialize_grouped.py],tests/integration_tests/test_rdflib/test_examples.py::test_rdflib_examples[06_serialize_grouped.py],teardown,0.0,3.61
before,36,test_rdflib_examples[02_parse.py],tests/integration_tests/test_rdflib/test_examples.py::test_rdflib_examples[02_parse.py],teardown,0.0,3.61
before,37,test_rdflib_examples[05_parse_flat.py],tests/integration_tests/test_rdflib/test_examples.py::test_rdflib_examples[05_parse_flat.py],call,2.74,3.53
before,37,test_rdflib_examples[04_parse_grouped.py],tests/integration_tests/test_rdflib/test_examples.py::test_rdflib_examples[04_parse_grouped.py],call,0.54,3.53
before,37,test_rdflib_examples[01_serialize.py],tests/integration_tests/test_rdflib/test_examples.py::test_rdflib_examples[01_serialize.py],call,0.07,3.53
before,37,test_rdflib_examples[02_parse.py],tests/integration_tests/test_rdflib/test_examples.py::test_rdflib_examples[02_parse.py],call,0.01,3.53
before,37,test_rdflib_examples[03_parse_autodetect.py],tests/integration_tests/test_rdflib/test_examples.py::test_rdflib_examples[03_parse_autodetect.py],call,0.0,3.53
before,37,test_rdflib_examples[06_serialize_grouped.py],tests/integration_tests/test_rdflib/test_examples.py::test_rdflib_examples[06_serialize_grouped.py],call,0.0,3.53
before,37,test_rdflib_examples[07_serialize_flat.py],tests/integration_tests/test_rdflib/test_examples.py::test_rdflib_examples[07_serialize_flat.py],call,0.0,3.53
before,37,test_rdflib_examples[01_serialize.py],tests/integration_tests/test_rdflib/test_examples.py::test_rdflib_examples[01_serialize.py],setup,0.0,3.53
before,37,test_rdflib_examples[02_parse.py],tests/integration_tests/test_rdflib/test_examples.py::test_rdflib_examples[02_parse.py],setup,0.0,3.53
before,37,test_rdflib_examples[04_parse_grouped.py],tests/integration_tests/test_rdflib/test_examples.py::test_rdflib_examples[04_parse_grouped.py],setup,0.0,3.53
before,37,test_rdflib_examples[06_serialize_grouped.py],tests/integration_tests/test_rdflib/test_examples.py::test_rdflib_examples[06_serialize_grouped.py],setup,0.0,3.53
before,37,test_rdflib_examples[05_parse_flat.py],tests/integration_tests/test_rdflib/test_examples.py::test_rdflib_examples[05_parse_flat.py],setup,0.0,3.53
before,37,test_rdflib_examples[07_serialize_flat.py],tests/integration_tests/test_rdflib/test_examples.py::test_rdflib_examples[07_serialize_flat.py],setup,0.0,3.53
before,37,test_rdflib_examples[03_parse_autodetect.py],tests/integration_tests/test_rdflib/test_examples.py::test_rdflib_examples[03_parse_autodetect.py],setup,0.0,3.53
before,37,test_rdflib_examples[03_parse_autodetect.py],tests/integration_tests/test_rdflib/test_examples.py::test_rdflib_examples[03_parse_autodetect.py],teardown,0.0,3.53
before,37,test_rdflib_examples[05_parse_flat.py],tests/integration_tests/test_rdflib/test_examples.py::test_rdflib_examples[05_parse_flat.py],teardown,0.0,3.53
before,37,test_rdflib_examples[04_parse_grouped.py],tests/integration_tests/test_rdflib/test_examples.py::test_rdflib_examples[04_parse_grouped.py],teardown,0.0,3.53
before,37,test_rdflib_examples[01_serialize.py],tests/integration_tests/test_rdflib/test_examples.py::test_rdflib_examples[01_serialize.py],teardown,0.0,3.53
before,37,test_rdflib_examples[06_serialize_grouped.py],tests/integration_tests/test_rdflib/test_examples.py::test_rdflib_examples[06_serialize_grouped.py],teardown,0.0,3.53
before,37,test_rdflib_examples[07_serialize_flat.py],tests/integration_tests/test_rdflib/test_examples.py::test_rdflib_examples[07_serialize_flat.py],teardown,0.0,3.53
before,37,test_rdflib_examples[02_parse.py],tests/integration_tests/test_rdflib/test_examples.py::test_rdflib_examples[02_parse.py],teardown,0.0,3.53
before,38,test_rdflib_examples[05_parse_flat.py],tests/integration_tests/test_rdflib/test_examples.py::test_rdflib_examples[05_parse_flat.py],call,2.47,3.42
before,38,test_rdflib_examples[04_parse_grouped.py],tests/integration_tests/test_rdflib/test_examples.py::test_rdflib_examples[04_parse_grouped.py],call,0.7,3.42
before,38,test_rdflib_examples[01_serialize.py],tests/integration_tests/test_rdflib/test_examples.py::test_rdflib_examples[01_serialize.py],call,0.07,3.42
before,38,test_rdflib_examples[02_parse.py],tests/integration_tests/test_rdflib/test_examples.py::test_rdflib_examples[02_parse.py],call,0.01,3.42
before,38,test_rdflib_examples[06_serialize_grouped.py],tests/integration_tests/test_rdflib/test_examples.py::test_rdflib_examples[06_serialize_grouped.py],call,0.0,3.42
before,38,test_rdflib_examples[03_parse_autodetect.py],tests/integration_tests/test_rdflib/test_examples.py::test_rdflib_examples[03_parse_autodetect.py],call,0.0,3.42
before,38,test_rdflib_examples[07_serialize_flat.py],tests/integration_tests/test_rdflib/test_examples.py::test_rdflib_examples[07_serialize_flat.py],call,0.0,3.42
before,38,test_rdflib_examples[01_serialize.py],tests/integration_tests/test_rdflib/test_examples.py::test_rdflib_examples[01_serialize.py],setup,0.0,3.42
before,38,test_rdflib_examples[06_serialize_grouped.py],tests/integration_tests/test_rdflib/test_examples.py::test_rdflib_examples[06_serialize_grouped.py],setup,0.0,3.42
before,38,test_rdflib_examples[04_parse_grouped.py],tests/integration_tests/test_rdflib/test_examples.py::test_rdflib_examples[04_parse_grouped.py],setup,0.0,3.42
before,38,test_rdflib_examples[02_parse.py],tests/integration_tests/test_rdflib/test_examples.py::test_rdflib_examples[02_parse.py],setup,0.0,3.42
before,38,test_rdflib_examples[05_parse_flat.py],tests/integration_tests/test_rdflib/test_examples.py::test_rdflib_examples[05_parse_flat.py],setup,0.0,3.42
before,38,test_rdflib_examples[07_serialize_flat.py],tests/integration_tests/test_rdflib/test_examples.py::test_rdflib_examples[07_serialize_flat.py],setup,0.0,3.42
before,38,test_rdflib_examples[03_parse_autodetect.py],tests/integration_tests/test_rdflib/test_examples.py::test_rdflib_examples[03_parse_autodetect.py],setup,0.0,3.42
before,38,test_rdflib_examples[03_parse_autodetect.py],tests/integration_tests/test_rdflib/test_examples.py::test_rdflib_examples[03_parse_autodetect.py],teardown,0.0,3.42
before,38,test_rdflib_examples[05_parse_flat.py],tests/integration_tests/test_rdflib/test_examples.py::test_rdflib_examples[05_parse_flat.py],teardown,0.0,3.42
before,38,test_rdflib_examples[01_serialize.py],tests/integration_tests/test_rdflib/test_examples.py::test_rdflib_examples[01_serialize.py],teardown,0.0,3.42
before,38,test_rdflib_examples[04_parse_grouped.py],tests/integration_tests/test_rdflib/test_examples.py::test_rdflib_examples[04_parse_grouped.py],teardown,0.0,3.42
before,38,test_rdflib_examples[06_serialize_grouped.py],tests/integration_tests/test_rdflib/test_examples.py::test_rdflib_examples[06_serialize_grouped.py],teardown,0.0,3.42
before,38,test_rdflib_examples[07_serialize_flat.py],tests/integration_tests/test_rdflib/test_examples.py::test_rdflib_examples[07_serialize_flat.py],teardown,0.0,3.42
before,38,test_rdflib_examples[02_parse.py],tests/integration_tests/test_rdflib/test_examples.py::test_rdflib_examples[02_parse.py],teardown,0.0,3.42
before,39,test_rdflib_examples[05_parse_flat.py],tests/integration_tests/test_rdflib/test_examples.py::test_rdflib_examples[05_parse_flat.py],call,2.47,3.12
before,39,test_rdflib_examples[04_parse_grouped.py],tests/integration_tests/test_rdflib/test_examples.py::test_rdflib_examples[04_parse_grouped.py],call,0.4,3.12
before,39,test_rdflib_examples[01_serialize.py],tests/integration_tests/test_rdflib/test_examples.py::test_rdflib_examples[01_serialize.py],call,0.07,3.12
before,39,test_rdflib_examples[02_parse.py],tests/integration_tests/test_rdflib/test_examples.py::test_rdflib_examples[02_parse.py],call,0.01,3.12
before,39,test_rdflib_examples[03_parse_autodetect.py],tests/integration_tests/test_rdflib/test_examples.py::test_rdflib_examples[03_parse_autodetect.py],call,0.0,3.12
before,39,test_rdflib_examples[06_serialize_grouped.py],tests/integration_tests/test_rdflib/test_examples.py::test_rdflib_examples[06_serialize_grouped.py],call,0.0,3.12
before,39,test_rdflib_examples[07_serialize_flat.py],tests/integration_tests/test_rdflib/test_examples.py::test_rdflib_examples[07_serialize_flat.py],call,0.0,3.12
before,39,test_rdflib_examples[01_serialize.py],tests/integration_tests/test_rdflib/test_examples.py::test_rdflib_examples[01_serialize.py],setup,0.0,3.12
before,39,test_rdflib_examples[06_serialize_grouped.py],tests/integration_tests/test_rdflib/test_examples.py::test_rdflib_examples[06_serialize_grouped.py],setup,0.0,3.12
before,39,test_rdflib_examples[02_parse.py],tests/integration_tests/test_rdflib/test_examples.py::test_rdflib_examples[02_parse.py],setup,0.0,3.12
before,39,test_rdflib_examples[05_parse_flat.py],tests/integration_tests/test_rdflib/test_examples.py::test_rdflib_examples[05_parse_flat.py],setup,0.0,3.12
before,39,test_rdflib_examples[04_parse_grouped.py],tests/integration_tests/test_rdflib/test_examples.py::test_rdflib_examples[04_parse_grouped.py],setup,0.0,3.12
before,39,test_rdflib_examples[03_parse_autodetect.py],tests/integration_tests/test_rdflib/test_examples.py::test_rdflib_examples[03_parse_autodetect.py],teardown,0.0,3.12
before,39,test_rdflib_examples[03_parse_autodetect.py],tests/integration_tests/test_rdflib/test_examples.py::test_rdflib_examples[03_parse_autodetect.py],setup,0.0,3.12
before,39,test_rdflib_examples[07_serialize_flat.py],tests/integration_tests/test_rdflib/test_examples.py::test_rdflib_examples[07_serialize_flat.py],setup,0.0,3.12
before,39,test_rdflib_examples[05_parse_flat.py],tests/integration_tests/test_rdflib/test_examples.py::test_rdflib_examples[05_parse_flat.py],teardown,0.0,3.12
before,39,test_rdflib_examples[04_parse_grouped.py],tests/integration_tests/test_rdflib/test_examples.py::test_rdflib_examples[04_parse_grouped.py],teardown,0.0,3.12
before,39,test_rdflib_examples[01_serialize.py],tests/integration_tests/test_rdflib/test_examples.py::test_rdflib_examples[01_serialize.py],teardown,0.0,3.12
before,39,test_rdflib_examples[06_serialize_grouped.py],tests/integration_tests/test_rdflib/test_examples.py::test_rdflib_examples[06_serialize_grouped.py],teardown,0.0,3.12
before,39,test_rdflib_examples[07_serialize_flat.py],tests/integration_tests/test_rdflib/test_examples.py::test_rdflib_examples[07_serialize_flat.py],teardown,0.0,3.12
before,39,test_rdflib_examples[02_parse.py],tests/integration_tests/test_rdflib/test_examples.py::test_rdflib_examples[02_parse.py],teardown,0.0,3.12
before,40,test_rdflib_examples[05_parse_flat.py],tests/integration_tests/test_rdflib/test_examples.py::test_rdflib_examples[05_parse_flat.py],call,2.53,3.16
before,40,test_rdflib_examples[04_parse_grouped.py],tests/integration_tests/test_rdflib/test_examples.py::test_rdflib_examples[04_parse_grouped.py],call,0.37,3.16
before,40,test_rdflib_examples[01_serialize.py],tests/integration_tests/test_rdflib/test_examples.py::test_rdflib_examples[01_serialize.py],call,0.08,3.16
before,40,test_rdflib_examples[02_parse.py],tests/integration_tests/test_rdflib/test_examples.py::test_rdflib_examples[02_parse.py],call,0.02,3.16
before,40,test_rdflib_examples[03_parse_autodetect.py],tests/integration_tests/test_rdflib/test_examples.py::test_rdflib_examples[03_parse_autodetect.py],call,0.0,3.16
before,40,test_rdflib_examples[06_serialize_grouped.py],tests/integration_tests/test_rdflib/test_examples.py::test_rdflib_examples[06_serialize_grouped.py],call,0.0,3.16
before,40,test_rdflib_examples[07_serialize_flat.py],tests/integration_tests/test_rdflib/test_examples.py::test_rdflib_examples[07_serialize_flat.py],call,0.0,3.16
before,40,test_rdflib_examples[01_serialize.py],tests/integration_tests/test_rdflib/test_examples.py::test_rdflib_examples[01_serialize.py],setup,0.0,3.16
before,40,test_rdflib_examples[06_serialize_grouped.py],tests/integration_tests/test_rdflib/test_examples.py::test_rdflib_examples[06_serialize_grouped.py],setup,0.0,3.16
before,40,test_rdflib_examples[04_parse_grouped.py],tests/integration_tests/test_rdflib/test_examples.py::test_rdflib_examples[04_parse_grouped.py],setup,0.0,3.16
before,40,test_rdflib_examples[02_parse.py],tests/integration_tests/test_rdflib/test_examples.py::test_rdflib_examples[02_parse.py],setup,0.0,3.16
before,40,test_rdflib_examples[05_parse_flat.py],tests/integration_tests/test_rdflib/test_examples.py::test_rdflib_examples[05_parse_flat.py],setup,0.0,3.16
before,40,test_rdflib_examples[07_serialize_flat.py],tests/integration_tests/test_rdflib/test_examples.py::test_rdflib_examples[07_serialize_flat.py],setup,0.0,3.16
before,40,test_rdflib_examples[03_parse_autodetect.py],tests/integration_tests/test_rdflib/test_examples.py::test_rdflib_examples[03_parse_autodetect.py],teardown,0.0,3.16
before,40,test_rdflib_examples[05_parse_flat.py],tests/integration_tests/test_rdflib/test_examples.py::test_rdflib_examples[05_parse_flat.py],teardown,0.0,3.16
before,40,test_rdflib_examples[03_parse_autodetect.py],tests/integration_tests/test_rdflib/test_examples.py::test_rdflib_examples[03_parse_autodetect.py],setup,0.0,3.16
before,40,test_rdflib_examples[04_parse_grouped.py],tests/integration_tests/test_rdflib/test_examples.py::test_rdflib_examples[04_parse_grouped.py],teardown,0.0,3.16
before,40,test_rdflib_examples[01_serialize.py],tests/integration_tests/test_rdflib/test_examples.py::test_rdflib_examples[01_serialize.py],teardown,0.0,3.16
before,40,test_rdflib_examples[06_serialize_grouped.py],tests/integration_tests/test_rdflib/test_examples.py::test_rdflib_examples[06_serialize_grouped.py],teardown,0.0,3.16
before,40,test_rdflib_examples[07_serialize_flat.py],tests/integration_tests/test_rdflib/test_examples.py::test_rdflib_examples[07_serialize_flat.py],teardown,0.0,3.16
before,40,test_rdflib_examples[02_parse.py],tests/integration_tests/test_rdflib/test_examples.py::test_rdflib_examples[02_parse.py],teardown,0.0,3.16
after,1,test_rdflib_examples[01_serialize.py],tests/integration_tests/test_rdflib/test_examples.py::test_rdflib_examples[01_serialize.py],call,0.07,0.26
after,1,test_rdflib_examples[02_parse.py],tests/integration_tests/test_rdflib/test_examples.py::test_rdflib_examples[02_parse.py],call,0.01,0.26
after,1,test_rdflib_examples[03_parse_autodetect.py],tests/integration_tests/test_rdflib/test_examples.py::test_rdflib_examples[03_parse_autodetect.py],call,0.0,0.26
after,1,test_rdflib_examples[06_serialize_grouped.py],tests/integration_tests/test_rdflib/test_examples.py::test_rdflib_examples[06_serialize_grouped.py],call,0.0,0.26
after,1,test_rdflib_examples[04_parse_grouped.py],tests/integration_tests/test_rdflib/test_examples.py::test_rdflib_examples[04_parse_grouped.py],call,0.0,0.26
after,1,test_rdflib_examples[05_parse_flat.py],tests/integration_tests/test_rdflib/test_examples.py::test_rdflib_examples[05_parse_flat.py],call,0.0,0.26
after,1,test_rdflib_examples[07_serialize_flat.py],tests/integration_tests/test_rdflib/test_examples.py::test_rdflib_examples[07_serialize_flat.py],call,0.0,0.26
after,1,test_rdflib_examples[01_serialize.py],tests/integration_tests/test_rdflib/test_examples.py::test_rdflib_examples[01_serialize.py],setup,0.0,0.26
after,1,test_rdflib_examples[04_parse_grouped.py],tests/integration_tests/test_rdflib/test_examples.py::test_rdflib_examples[04_parse_grouped.py],setup,0.0,0.26
after,1,test_rdflib_examples[02_parse.py],tests/integration_tests/test_rdflib/test_examples.py::test_rdflib_examples[02_parse.py],setup,0.0,0.26
after,1,test_rdflib_examples[07_serialize_flat.py],tests/integration_tests/test_rdflib/test_examples.py::test_rdflib_examples[07_serialize_flat.py],setup,0.0,0.26
after,1,test_rdflib_examples[06_serialize_grouped.py],tests/integration_tests/test_rdflib/test_examples.py::test_rdflib_examples[06_serialize_grouped.py],setup,0.0,0.26
after,1,test_rdflib_examples[03_parse_autodetect.py],tests/integration_tests/test_rdflib/test_examples.py::test_rdflib_examples[03_parse_autodetect.py],teardown,0.0,0.26
after,1,test_rdflib_examples[03_parse_autodetect.py],tests/integration_tests/test_rdflib/test_examples.py::test_rdflib_examples[03_parse_autodetect.py],setup,0.0,0.26
after,1,test_rdflib_examples[05_parse_flat.py],tests/integration_tests/test_rdflib/test_examples.py::test_rdflib_examples[05_parse_flat.py],setup,0.0,0.26
after,1,test_rdflib_examples[01_serialize.py],tests/integration_tests/test_rdflib/test_examples.py::test_rdflib_examples[01_serialize.py],teardown,0.0,0.26
after,1,test_rdflib_examples[07_serialize_flat.py],tests/integration_tests/test_rdflib/test_examples.py::test_rdflib_examples[07_serialize_flat.py],teardown,0.0,0.26
after,1,test_rdflib_examples[05_parse_flat.py],tests/integration_tests/test_rdflib/test_examples.py::test_rdflib_examples[05_parse_flat.py],teardown,0.0,0.26
after,1,test_rdflib_examples[06_serialize_grouped.py],tests/integration_tests/test_rdflib/test_examples.py::test_rdflib_examples[06_serialize_grouped.py],teardown,0.0,0.26
after,1,test_rdflib_examples[04_parse_grouped.py],tests/integration_tests/test_rdflib/test_examples.py::test_rdflib_examples[04_parse_grouped.py],teardown,0.0,0.26
after,1,test_rdflib_examples[02_parse.py],tests/integration_tests/test_rdflib/test_examples.py::test_rdflib_examples[02_parse.py],teardown,0.0,0.26
after,2,test_rdflib_examples[01_serialize.py],tests/integration_tests/test_rdflib/test_examples.py::test_rdflib_examples[01_serialize.py],call,0.07,0.26
after,2,test_rdflib_examples[02_parse.py],tests/integration_tests/test_rdflib/test_examples.py::test_rdflib_examples[02_parse.py],call,0.01,0.26
after,2,test_rdflib_examples[04_parse_grouped.py],tests/integration_tests/test_rdflib/test_examples.py::test_rdflib_examples[04_parse_grouped.py],call,0.0,0.26
after,2,test_rdflib_examples[03_parse_autodetect.py],tests/integration_tests/test_rdflib/test_examples.py::test_rdflib_examples[03_parse_autodetect.py],call,0.0,0.26
after,2,test_rdflib_examples[06_serialize_grouped.py],tests/integration_tests/test_rdflib/test_examples.py::test_rdflib_examples[06_serialize_grouped.py],call,0.0,0.26
after,2,test_rdflib_examples[04_parse_grouped.py],tests/integration_tests/test_rdflib/test_examples.py::test_rdflib_examples[04_parse_grouped.py],setup,0.0,0.26
after,2,test_rdflib_examples[05_parse_flat.py],tests/integration_tests/test_rdflib/test_examples.py::test_rdflib_examples[05_parse_flat.py],call,0.0,0.26
after,2,test_rdflib_examples[07_serialize_flat.py],tests/integration_tests/test_rdflib/test_examples.py::test_rdflib_examples[07_serialize_flat.py],call,0.0,0.26
after,2,test_rdflib_examples[01_serialize.py],tests/integration_tests/test_rdflib/test_examples.py::test_rdflib_examples[01_serialize.py],setup,0.0,0.26
after,2,test_rdflib_examples[02_parse.py],tests/integration_tests/test_rdflib/test_examples.py::test_rdflib_examples[02_parse.py],setup,0.0,0.26
after,2,test_rdflib_examples[06_serialize_grouped.py],tests/integration_tests/test_rdflib/test_examples.py::test_rdflib_examples[06_serialize_grouped.py],setup,0.0,0.26
after,2,test_rdflib_examples[07_serialize_flat.py],tests/integration_tests/test_rdflib/test_examples.py::test_rdflib_examples[07_serialize_flat.py],setup,0.0,0.26
after,2,test_rdflib_examples[03_parse_autodetect.py],tests/integration_tests/test_rdflib/test_examples.py::test_rdflib_examples[03_parse_autodetect.py],setup,0.0,0.26
after,2,test_rdflib_examples[03_parse_autodetect.py],tests/integration_tests/test_rdflib/test_examples.py::test_rdflib_examples[03_parse_autodetect.py],teardown,0.0,0.26
after,2,test_rdflib_examples[05_parse_flat.py],tests/integration_tests/test_rdflib/test_examples.py::test_rdflib_examples[05_parse_flat.py],setup,0.0,0.26
after,2,test_rdflib_examples[01_serialize.py],tests/integration_tests/test_rdflib/test_examples.py::test_rdflib_examples[01_serialize.py],teardown,0.0,0.26
after,2,test_rdflib_examples[05_parse_flat.py],tests/integration_tests/test_rdflib/test_examples.py::test_rdflib_examples[05_parse_flat.py],teardown,0.0,0.26
after,2,test_rdflib_examples[06_serialize_grouped.py],tests/integration_tests/test_rdflib/test_examples.py::test_rdflib_examples[06_serialize_grouped.py],teardown,0.0,0.26
after,2,test_rdflib_examples[04_parse_grouped.py],tests/integration_tests/test_rdflib/test_examples.py::test_rdflib_examples[04_parse_grouped.py],teardown,0.0,0.26
after,2,test_rdflib_examples[07_serialize_flat.py],tests/integration_tests/test_rdflib/test_examples.py::test_rdflib_examples[07_serialize_flat.py],teardown,0.0,0.26
after,2,test_rdflib_examples[02_parse.py],tests/integration_tests/test_rdflib/test_examples.py::test_rdflib_examples[02_parse.py],teardown,0.0,0.26
after,3,test_rdflib_examples[01_serialize.py],tests/integration_tests/test_rdflib/test_examples.py::test_rdflib_examples[01_serialize.py],call,0.07,0.25
after,3,test_rdflib_examples[02_parse.py],tests/integration_tests/test_rdflib/test_examples.py::test_rdflib_examples[02_parse.py],call,0.01,0.25
after,3,test_rdflib_examples[03_parse_autodetect.py],tests/integration_tests/test_rdflib/test_examples.py::test_rdflib_examples[03_parse_autodetect.py],call,0.0,0.25
after,3,test_rdflib_examples[06_serialize_grouped.py],tests/integration_tests/test_rdflib/test_examples.py::test_rdflib_examples[06_serialize_grouped.py],call,0.0,0.25
after,3,test_rdflib_examples[04_parse_grouped.py],tests/integration_tests/test_rdflib/test_examples.py::test_rdflib_examples[04_parse_grouped.py],call,0.0,0.25
after,3,test_rdflib_examples[05_parse_flat.py],tests/integration_tests/test_rdflib/test_examples.py::test_rdflib_examples[05_parse_flat.py],call,0.0,0.25
after,3,test_rdflib_examples[07_serialize_flat.py],tests/integration_tests/test_rdflib/test_examples.py::test_rdflib_examples[07_serialize_flat.py],call,0.0,0.25
after,3,test_rdflib_examples[01_serialize.py],tests/integration_tests/test_rdflib/test_examples.py::test_rdflib_examples[01_serialize.py],setup,0.0,0.25
after,3,test_rdflib_examples[04_parse_grouped.py],tests/integration_tests/test_rdflib/test_examples.py::test_rdflib_examples[04_parse_grouped.py],setup,0.0,0.25
after,3,test_rdflib_examples[02_parse.py],tests/integration_tests/test_rdflib/test_examples.py::test_rdflib_examples[02_parse.py],setup,0.0,0.25
after,3,test_rdflib_examples[03_parse_autodetect.py],tests/integration_tests/test_rdflib/test_examples.py::test_rdflib_examples[03_parse_autodetect.py],setup,0.0,0.25
after,3,test_rdflib_examples[03_parse_autodetect.py],tests/integration_tests/test_rdflib/test_examples.py::test_rdflib_examples[03_parse_autodetect.py],teardown,0.0,0.25
after,3,test_rdflib_examples[05_parse_flat.py],tests/integration_tests/test_rdflib/test_examples.py::test_rdflib_examples[05_parse_flat.py],setup,0.0,0.25
after,3,test_rdflib_examples[07_serialize_flat.py],tests/integration_tests/test_rdflib/test_examples.py::test_rdflib_examples[07_serialize_flat.py],setup,0.0,0.25
after,3,test_rdflib_examples[06_serialize_grouped.py],tests/integration_tests/test_rdflib/test_examples.py::test_rdflib_examples[06_serialize_grouped.py],setup,0.0,0.25
after,3,test_rdflib_examples[01_serialize.py],tests/integration_tests/test_rdflib/test_examples.py::test_rdflib_examples[01_serialize.py],teardown,0.0,0.25
after,3,test_rdflib_examples[07_serialize_flat.py],tests/integration_tests/test_rdflib/test_examples.py::test_rdflib_examples[07_serialize_flat.py],teardown,0.0,0.25
after,3,test_rdflib_examples[05_parse_flat.py],tests/integration_tests/test_rdflib/test_examples.py::test_rdflib_examples[05_parse_flat.py],teardown,0.0,0.25
after,3,test_rdflib_examples[04_parse_grouped.py],tests/integration_tests/test_rdflib/test_examples.py::test_rdflib_examples[04_parse_grouped.py],teardown,0.0,0.25
after,3,test_rdflib_examples[06_serialize_grouped.py],tests/integration_tests/test_rdflib/test_examples.py::test_rdflib_examples[06_serialize_grouped.py],teardown,0.0,0.25
after,3,test_rdflib_examples[02_parse.py],tests/integration_tests/test_rdflib/test_examples.py::test_rdflib_examples[02_parse.py],teardown,0.0,0.25
after,4,test_rdflib_examples[01_serialize.py],tests/integration_tests/test_rdflib/test_examples.py::test_rdflib_examples[01_serialize.py],call,0.07,0.25
after,4,test_rdflib_examples[02_parse.py],tests/integration_tests/test_rdflib/test_examples.py::test_rdflib_examples[02_parse.py],call,0.01,0.25
after,4,test_rdflib_examples[03_parse_autodetect.py],tests/integration_tests/test_rdflib/test_examples.py::test_rdflib_examples[03_parse_autodetect.py],call,0.0,0.25
after,4,test_rdflib_examples[06_serialize_grouped.py],tests/integration_tests/test_rdflib/test_examples.py::test_rdflib_examples[06_serialize_grouped.py],call,0.0,0.25
after,4,test_rdflib_examples[04_parse_grouped.py],tests/integration_tests/test_rdflib/test_examples.py::test_rdflib_examples[04_parse_grouped.py],call,0.0,0.25
after,4,test_rdflib_examples[05_parse_flat.py],tests/integration_tests/test_rdflib/test_examples.py::test_rdflib_examples[05_parse_flat.py],call,0.0,0.25
after,4,test_rdflib_examples[07_serialize_flat.py],tests/integration_tests/test_rdflib/test_examples.py::test_rdflib_examples[07_serialize_flat.py],call,0.0,0.25
after,4,test_rdflib_examples[01_serialize.py],tests/integration_tests/test_rdflib/test_examples.py::test_rdflib_examples[01_serialize.py],setup,0.0,0.25
after,4,test_rdflib_examples[02_parse.py],tests/integration_tests/test_rdflib/test_examples.py::test_rdflib_examples[02_parse.py],setup,0.0,0.25
after,4,test_rdflib_examples[04_parse_grouped.py],tests/integration_tests/test_rdflib/test_examples.py::test_rdflib_examples[04_parse_grouped.py],setup,0.0,0.25
after,4,test_rdflib_examples[05_parse_flat.py],tests/integration_tests/test_rdflib/test_examples.py::test_rdflib_examples[05_parse_flat.py],setup,0.0,0.25
after,4,test_rdflib_examples[06_serialize_grouped.py],tests/integration_tests/test_rdflib/test_examples.py::test_rdflib_examples[06_serialize_grouped.py],setup,0.0,0.25
after,4,test_rdflib_examples[07_serialize_flat.py],tests/integration_tests/test_rdflib/test_examples.py::test_rdflib_examples[07_serialize_flat.py],setup,0.0,0.25
after,4,test_rdflib_examples[03_parse_autodetect.py],tests/integration_tests/test_rdflib/test_examples.py::test_rdflib_examples[03_parse_autodetect.py],teardown,0.0,0.25
after,4,test_rdflib_examples[03_parse_autodetect.py],tests/integration_tests/test_rdflib/test_examples.py::test_rdflib_examples[03_parse_autodetect.py],setup,0.0,0.25
after,4,test_rdflib_examples[01_serialize.py],tests/integration_tests/test_rdflib/test_examples.py::test_rdflib_examples[01_serialize.py],teardown,0.0,0.25
after,4,test_rdflib_examples[06_serialize_grouped.py],tests/integration_tests/test_rdflib/test_examples.py::test_rdflib_examples[06_serialize_grouped.py],teardown,0.0,0.25
after,4,test_rdflib_examples[04_parse_grouped.py],tests/integration_tests/test_rdflib/test_examples.py::test_rdflib_examples[04_parse_grouped.py],teardown,0.0,0.25
after,4,test_rdflib_examples[05_parse_flat.py],tests/integration_tests/test_rdflib/test_examples.py::test_rdflib_examples[05_parse_flat.py],teardown,0.0,0.25
after,4,test_rdflib_examples[07_serialize_flat.py],tests/integration_tests/test_rdflib/test_examples.py::test_rdflib_examples[07_serialize_flat.py],teardown,0.0,0.25
after,4,test_rdflib_examples[02_parse.py],tests/integration_tests/test_rdflib/test_examples.py::test_rdflib_examples[02_parse.py],teardown,0.0,0.25
after,5,test_rdflib_examples[01_serialize.py],tests/integration_tests/test_rdflib/test_examples.py::test_rdflib_examples[01_serialize.py],call,0.07,0.26
after,5,test_rdflib_examples[02_parse.py],tests/integration_tests/test_rdflib/test_examples.py::test_rdflib_examples[02_parse.py],call,0.01,0.26
after,5,test_rdflib_examples[03_parse_autodetect.py],tests/integration_tests/test_rdflib/test_examples.py::test_rdflib_examples[03_parse_autodetect.py],call,0.0,0.26
after,5,test_rdflib_examples[06_serialize_grouped.py],tests/integration_tests/test_rdflib/test_examples.py::test_rdflib_examples[06_serialize_grouped.py],call,0.0,0.26
after,5,test_rdflib_examples[04_parse_grouped.py],tests/integration_tests/test_rdflib/test_examples.py::test_rdflib_examples[04_parse_grouped.py],call,0.0,0.26
after,5,test_rdflib_examples[05_parse_flat.py],tests/integration_tests/test_rdflib/test_examples.py::test_rdflib_examples[05_parse_flat.py],call,0.0,0.26
after,5,test_rdflib_examples[07_serialize_flat.py],tests/integration_tests/test_rdflib/test_examples.py::test_rdflib_examples[07_serialize_flat.py],call,0.0,0.26
after,5,test_rdflib_examples[01_serialize.py],tests/integration_tests/test_rdflib/test_examples.py::test_rdflib_examples[01_serialize.py],setup,0.0,0.26
after,5,test_rdflib_examples[02_parse.py],tests/integration_tests/test_rdflib/test_examples.py::test_rdflib_examples[02_parse.py],setup,0.0,0.26
after,5,test_rdflib_examples[04_parse_grouped.py],tests/integration_tests/test_rdflib/test_examples.py::test_rdflib_examples[04_parse_grouped.py],setup,0.0,0.26
after,5,test_rdflib_examples[06_serialize_grouped.py],tests/integration_tests/test_rdflib/test_examples.py::test_rdflib_examples[06_serialize_grouped.py],setup,0.0,0.26
after,5,test_rdflib_examples[03_parse_autodetect.py],tests/integration_tests/test_rdflib/test_examples.py::test_rdflib_examples[03_parse_autodetect.py],setup,0.0,0.26
after,5,test_rdflib_examples[03_parse_autodetect.py],tests/integration_tests/test_rdflib/test_examples.py::test_rdflib_examples[03_parse_autodetect.py],teardown,0.0,0.26
after,5,test_rdflib_examples[05_parse_flat.py],tests/integration_tests/test_rdflib/test_examples.py::test_rdflib_examples[05_parse_flat.py],setup,0.0,0.26
after,5,test_rdflib_examples[07_serialize_flat.py],tests/integration_tests/test_rdflib/test_examples.py::test_rdflib_examples[07_serialize_flat.py],setup,0.0,0.26
after,5,test_rdflib_examples[01_serialize.py],tests/integration_tests/test_rdflib/test_examples.py::test_rdflib_examples[01_serialize.py],teardown,0.0,0.26
after,5,test_rdflib_examples[05_parse_flat.py],tests/integration_tests/test_rdflib/test_examples.py::test_rdflib_examples[05_parse_flat.py],teardown,0.0,0.26
after,5,test_rdflib_examples[06_serialize_grouped.py],tests/integration_tests/test_rdflib/test_examples.py::test_rdflib_examples[06_serialize_grouped.py],teardown,0.0,0.26
after,5,test_rdflib_examples[04_parse_grouped.py],tests/integration_tests/test_rdflib/test_examples.py::test_rdflib_examples[04_parse_grouped.py],teardown,0.0,0.26
after,5,test_rdflib_examples[07_serialize_flat.py],tests/integration_tests/test_rdflib/test_examples.py::test_rdflib_examples[07_serialize_flat.py],teardown,0.0,0.26
after,5,test_rdflib_examples[02_parse.py],tests/integration_tests/test_rdflib/test_examples.py::test_rdflib_examples[02_parse.py],teardown,0.0,0.26
after,6,test_rdflib_examples[01_serialize.py],tests/integration_tests/test_rdflib/test_examples.py::test_rdflib_examples[01_serialize.py],call,0.07,0.25
after,6,test_rdflib_examples[02_parse.py],tests/integration_tests/test_rdflib/test_examples.py::test_rdflib_examples[02_parse.py],call,0.01,0.25
after,6,test_rdflib_examples[03_parse_autodetect.py],tests/integration_tests/test_rdflib/test_examples.py::test_rdflib_examples[03_parse_autodetect.py],call,0.0,0.25
after,6,test_rdflib_examples[06_serialize_grouped.py],tests/integration_tests/test_rdflib/test_examples.py::test_rdflib_examples[06_serialize_grouped.py],call,0.0,0.25
after,6,test_rdflib_examples[04_parse_grouped.py],tests/integration_tests/test_rdflib/test_examples.py::test_rdflib_examples[04_parse_grouped.py],call,0.0,0.25
after,6,test_rdflib_examples[05_parse_flat.py],tests/integration_tests/test_rdflib/test_examples.py::test_rdflib_examples[05_parse_flat.py],call,0.0,0.25
after,6,test_rdflib_examples[07_serialize_flat.py],tests/integration_tests/test_rdflib/test_examples.py::test_rdflib_examples[07_serialize_flat.py],call,0.0,0.25
after,6,test_rdflib_examples[01_serialize.py],tests/integration_tests/test_rdflib/test_examples.py::test_rdflib_examples[01_serialize.py],setup,0.0,0.25
after,6,test_rdflib_examples[04_parse_grouped.py],tests/integration_tests/test_rdflib/test_examples.py::test_rdflib_examples[04_parse_grouped.py],setup,0.0,0.25
after,6,test_rdflib_examples[02_parse.py],tests/integration_tests/test_rdflib/test_examples.py::test_rdflib_examples[02_parse.py],setup,0.0,0.25
after,6,test_rdflib_examples[06_serialize_grouped.py],tests/integration_tests/test_rdflib/test_examples.py::test_rdflib_examples[06_serialize_grouped.py],setup,0.0,0.25
after,6,test_rdflib_examples[03_parse_autodetect.py],tests/integration_tests/test_rdflib/test_examples.py::test_rdflib_examples[03_parse_autodetect.py],teardown,0.0,0.25
after,6,test_rdflib_examples[07_serialize_flat.py],tests/integration_tests/test_rdflib/test_examples.py::test_rdflib_examples[07_serialize_flat.py],setup,0.0,0.25
after,6,test_rdflib_examples[05_parse_flat.py],tests/integration_tests/test_rdflib/test_examples.py::test_rdflib_examples[05_parse_flat.py],setup,0.0,0.25
after,6,test_rdflib_examples[03_parse_autodetect.py],tests/integration_tests/test_rdflib/test_examples.py::test_rdflib_examples[03_parse_autodetect.py],setup,0.0,0.25
after,6,test_rdflib_examples[01_serialize.py],tests/integration_tests/test_rdflib/test_examples.py::test_rdflib_examples[01_serialize.py],teardown,0.0,0.25
after,6,test_rdflib_examples[05_parse_flat.py],tests/integration_tests/test_rdflib/test_examples.py::test_rdflib_examples[05_parse_flat.py],teardown,0.0,0.25
after,6,test_rdflib_examples[06_serialize_grouped.py],tests/integration_tests/test_rdflib/test_examples.py::test_rdflib_examples[06_serialize_grouped.py],teardown,0.0,0.25
after,6,test_rdflib_examples[04_parse_grouped.py],tests/integration_tests/test_rdflib/test_examples.py::test_rdflib_examples[04_parse_grouped.py],teardown,0.0,0.25
after,6,test_rdflib_examples[07_serialize_flat.py],tests/integration_tests/test_rdflib/test_examples.py::test_rdflib_examples[07_serialize_flat.py],teardown,0.0,0.25
after,6,test_rdflib_examples[02_parse.py],tests/integration_tests/test_rdflib/test_examples.py::test_rdflib_examples[02_parse.py],teardown,0.0,0.25
after,7,test_rdflib_examples[01_serialize.py],tests/integration_tests/test_rdflib/test_examples.py::test_rdflib_examples[01_serialize.py],call,0.07,0.25
after,7,test_rdflib_examples[02_parse.py],tests/integration_tests/test_rdflib/test_examples.py::test_rdflib_examples[02_parse.py],call,0.01,0.25
after,7,test_rdflib_examples[03_parse_autodetect.py],tests/integration_tests/test_rdflib/test_examples.py::test_rdflib_examples[03_parse_autodetect.py],call,0.0,0.25
after,7,test_rdflib_examples[06_serialize_grouped.py],tests/integration_tests/test_rdflib/test_examples.py::test_rdflib_examples[06_serialize_grouped.py],call,0.0,0.25
after,7,test_rdflib_examples[04_parse_grouped.py],tests/integration_tests/test_rdflib/test_examples.py::test_rdflib_examples[04_parse_grouped.py],call,0.0,0.25
after,7,test_rdflib_examples[05_parse_flat.py],tests/integration_tests/test_rdflib/test_examples.py::test_rdflib_examples[05_parse_flat.py],call,0.0,0.25
after,7,test_rdflib_examples[07_serialize_flat.py],tests/integration_tests/test_rdflib/test_examples.py::test_rdflib_examples[07_serialize_flat.py],call,0.0,0.25
after,7,test_rdflib_examples[01_serialize.py],tests/integration_tests/test_rdflib/test_examples.py::test_rdflib_examples[01_serialize.py],setup,0.0,0.25
after,7,test_rdflib_examples[04_parse_grouped.py],tests/integration_tests/test_rdflib/test_examples.py::test_rdflib_examples[04_parse_grouped.py],setup,0.0,0.25
after,7,test_rdflib_examples[02_parse.py],tests/integration_tests/test_rdflib/test_examples.py::test_rdflib_examples[02_parse.py],setup,0.0,0.25
after,7,test_rdflib_examples[06_serialize_grouped.py],tests/integration_tests/test_rdflib/test_examples.py::test_rdflib_examples[06_serialize_grouped.py],setup,0.0,0.25
after,7,test_rdflib_examples[03_parse_autodetect.py],tests/integration_tests/test_rdflib/test_examples.py::test_rdflib_examples[03_parse_autodetect.py],teardown,0.0,0.25
after,7,test_rdflib_examples[07_serialize_flat.py],tests/integration_tests/test_rdflib/test_examples.py::test_rdflib_examples[07_serialize_flat.py],setup,0.0,0.25
after,7,test_rdflib_examples[03_parse_autodetect.py],tests/integration_tests/test_rdflib/test_examples.py::test_rdflib_examples[03_parse_autodetect.py],setup,0.0,0.25
after,7,test_rdflib_examples[05_parse_flat.py],tests/integration_tests/test_rdflib/test_examples.py::test_rdflib_examples[05_parse_flat.py],setup,0.0,0.25
after,7,test_rdflib_examples[01_serialize.py],tests/integration_tests/test_rdflib/test_examples.py::test_rdflib_examples[01_serialize.py],teardown,0.0,0.25
after,7,test_rdflib_examples[06_serialize_grouped.py],tests/integration_tests/test_rdflib/test_examples.py::test_rdflib_examples[06_serialize_grouped.py],teardown,0.0,0.25
after,7,test_rdflib_examples[04_parse_grouped.py],tests/integration_tests/test_rdflib/test_examples.py::test_rdflib_examples[04_parse_grouped.py],teardown,0.0,0.25
after,7,test_rdflib_examples[07_serialize_flat.py],tests/integration_tests/test_rdflib/test_examples.py::test_rdflib_examples[07_serialize_flat.py],teardown,0.0,0.25
after,7,test_rdflib_examples[05_parse_flat.py],tests/integration_tests/test_rdflib/test_examples.py::test_rdflib_examples[05_parse_flat.py],teardown,0.0,0.25
after,7,test_rdflib_examples[02_parse.py],tests/integration_tests/test_rdflib/test_examples.py::test_rdflib_examples[02_parse.py],teardown,0.0,0.25
after,8,test_rdflib_examples[01_serialize.py],tests/integration_tests/test_rdflib/test_examples.py::test_rdflib_examples[01_serialize.py],call,0.07,0.25
after,8,test_rdflib_examples[02_parse.py],tests/integration_tests/test_rdflib/test_examples.py::test_rdflib_examples[02_parse.py],call,0.01,0.25
after,8,test_rdflib_examples[03_parse_autodetect.py],tests/integration_tests/test_rdflib/test_examples.py::test_rdflib_examples[03_parse_autodetect.py],call,0.0,0.25
after,8,test_rdflib_examples[06_serialize_grouped.py],tests/integration_tests/test_rdflib/test_examples.py::test_rdflib_examples[06_serialize_grouped.py],call,0.0,0.25
after,8,test_rdflib_examples[04_parse_grouped.py],tests/integration_tests/test_rdflib/test_examples.py::test_rdflib_examples[04_parse_grouped.py],call,0.0,0.25
after,8,test_rdflib_examples[05_parse_flat.py],tests/integration_tests/test_rdflib/test_examples.py::test_rdflib_examples[05_parse_flat.py],call,0.0,0.25
after,8,test_rdflib_examples[07_serialize_flat.py],tests/integration_tests/test_rdflib/test_examples.py::test_rdflib_examples[07_serialize_flat.py],call,0.0,0.25
after,8,test_rdflib_examples[01_serialize.py],tests/integration_tests/test_rdflib/test_examples.py::test_rdflib_examples[01_serialize.py],setup,0.0,0.25
after,8,test_rdflib_examples[02_parse.py],tests/integration_tests/test_rdflib/test_examples.py::test_rdflib_examples[02_parse.py],setup,0.0,0.25
after,8,test_rdflib_examples[04_parse_grouped.py],tests/integration_tests/test_rdflib/test_examples.py::test_rdflib_examples[04_parse_grouped.py],setup,0.0,0.25
after,8,test_rdflib_examples[06_serialize_grouped.py],tests/integration_tests/test_rdflib/test_examples.py::test_rdflib_examples[06_serialize_grouped.py],setup,0.0,0.25
after,8,test_rdflib_examples[07_serialize_flat.py],tests/integration_tests/test_rdflib/test_examples.py::test_rdflib_examples[07_serialize_flat.py],setup,0.0,0.25
after,8,test_rdflib_examples[03_parse_autodetect.py],tests/integration_tests/test_rdflib/test_examples.py::test_rdflib_examples[03_parse_autodetect.py],teardown,0.0,0.25
after,8,test_rdflib_examples[05_parse_flat.py],tests/integration_tests/test_rdflib/test_examples.py::test_rdflib_examples[05_parse_flat.py],setup,0.0,0.25
after,8,test_rdflib_examples[03_parse_autodetect.py],tests/integration_tests/test_rdflib/test_examples.py::test_rdflib_examples[03_parse_autodetect.py],setup,0.0,0.25
after,8,test_rdflib_examples[01_serialize.py],tests/integration_tests/test_rdflib/test_examples.py::test_rdflib_examples[01_serialize.py],teardown,0.0,0.25
after,8,test_rdflib_examples[04_parse_grouped.py],tests/integration_tests/test_rdflib/test_examples.py::test_rdflib_examples[04_parse_grouped.py],teardown,0.0,0.25
after,8,test_rdflib_examples[07_serialize_flat.py],tests/integration_tests/test_rdflib/test_examples.py::test_rdflib_examples[07_serialize_flat.py],teardown,0.0,0.25
after,8,test_rdflib_examples[06_serialize_grouped.py],tests/integration_tests/test_rdflib/test_examples.py::test_rdflib_examples[06_serialize_grouped.py],teardown,0.0,0.25
after,8,test_rdflib_examples[05_parse_flat.py],tests/integration_tests/test_rdflib/test_examples.py::test_rdflib_examples[05_parse_flat.py],teardown,0.0,0.25
after,8,test_rdflib_examples[02_parse.py],tests/integration_tests/test_rdflib/test_examples.py::test_rdflib_examples[02_parse.py],teardown,0.0,0.25
after,9,test_rdflib_examples[01_serialize.py],tests/integration_tests/test_rdflib/test_examples.py::test_rdflib_examples[01_serialize.py],call,0.07,0.25
after,9,test_rdflib_examples[02_parse.py],tests/integration_tests/test_rdflib/test_examples.py::test_rdflib_examples[02_parse.py],call,0.01,0.25
after,9,test_rdflib_examples[03_parse_autodetect.py],tests/integration_tests/test_rdflib/test_examples.py::test_rdflib_examples[03_parse_autodetect.py],call,0.0,0.25
after,9,test_rdflib_examples[06_serialize_grouped.py],tests/integration_tests/test_rdflib/test_examples.py::test_rdflib_examples[06_serialize_grouped.py],call,0.0,0.25
after,9,test_rdflib_examples[04_parse_grouped.py],tests/integration_tests/test_rdflib/test_examples.py::test_rdflib_examples[04_parse_grouped.py],call,0.0,0.25
after,9,test_rdflib_examples[05_parse_flat.py],tests/integration_tests/test_rdflib/test_examples.py::test_rdflib_examples[05_parse_flat.py],call,0.0,0.25
after,9,test_rdflib_examples[07_serialize_flat.py],tests/integration_tests/test_rdflib/test_examples.py::test_rdflib_examples[07_serialize_flat.py],call,0.0,0.25
after,9,test_rdflib_examples[01_serialize.py],tests/integration_tests/test_rdflib/test_examples.py::test_rdflib_examples[01_serialize.py],setup,0.0,0.25
after,9,test_rdflib_examples[02_parse.py],tests/integration_tests/test_rdflib/test_examples.py::test_rdflib_examples[02_parse.py],setup,0.0,0.25
after,9,test_rdflib_examples[04_parse_grouped.py],tests/integration_tests/test_rdflib/test_examples.py::test_rdflib_examples[04_parse_grouped.py],setup,0.0,0.25
after,9,test_rdflib_examples[07_serialize_flat.py],tests/integration_tests/test_rdflib/test_examples.py::test_rdflib_examples[07_serialize_flat.py],setup,0.0,0.25
after,9,test_rdflib_examples[03_parse_autodetect.py],tests/integration_tests/test_rdflib/test_examples.py::test_rdflib_examples[03_parse_autodetect.py],setup,0.0,0.25
after,9,test_rdflib_examples[06_serialize_grouped.py],tests/integration_tests/test_rdflib/test_examples.py::test_rdflib_examples[06_serialize_grouped.py],setup,0.0,0.25
after,9,test_rdflib_examples[03_parse_autodetect.py],tests/integration_tests/test_rdflib/test_examples.py::test_rdflib_examples[03_parse_autodetect.py],teardown,0.0,0.25
after,9,test_rdflib_examples[05_parse_flat.py],tests/integration_tests/test_rdflib/test_examples.py::test_rdflib_examples[05_parse_flat.py],setup,0.0,0.25
after,9,test_rdflib_examples[01_serialize.py],tests/integration_tests/test_rdflib/test_examples.py::test_rdflib_examples[01_serialize.py],teardown,0.0,0.25
after,9,test_rdflib_examples[02_parse.py],tests/integration_tests/test_rdflib/test_examples.py::test_rdflib_examples[02_parse.py],teardown,0.0,0.25
after,9,test_rdflib_examples[05_parse_flat.py],tests/integration_tests/test_rdflib/test_examples.py::test_rdflib_examples[05_parse_flat.py],teardown,0.0,0.25
after,9,test_rdflib_examples[07_serialize_flat.py],tests/integration_tests/test_rdflib/test_examples.py::test_rdflib_examples[07_serialize_flat.py],teardown,0.0,0.25
after,9,test_rdflib_examples[06_serialize_grouped.py],tests/integration_tests/test_rdflib/test_examples.py::test_rdflib_examples[06_serialize_grouped.py],teardown,0.0,0.25
after,9,test_rdflib_examples[04_parse_grouped.py],tests/integration_tests/test_rdflib/test_examples.py::test_rdflib_examples[04_parse_grouped.py],teardown,0.0,0.25
after,10,test_rdflib_examples[01_serialize.py],tests/integration_tests/test_rdflib/test_examples.py::test_rdflib_examples[01_serialize.py],call,0.07,0.25
after,10,test_rdflib_examples[02_parse.py],tests/integration_tests/test_rdflib/test_examples.py::test_rdflib_examples[02_parse.py],call,0.01,0.25
after,10,test_rdflib_examples[03_parse_autodetect.py],tests/integration_tests/test_rdflib/test_examples.py::test_rdflib_examples[03_parse_autodetect.py],call,0.0,0.25
after,10,test_rdflib_examples[06_serialize_grouped.py],tests/integration_tests/test_rdflib/test_examples.py::test_rdflib_examples[06_serialize_grouped.py],call,0.0,0.25
after,10,test_rdflib_examples[04_parse_grouped.py],tests/integration_tests/test_rdflib/test_examples.py::test_rdflib_examples[04_parse_grouped.py],call,0.0,0.25
after,10,test_rdflib_examples[05_parse_flat.py],tests/integration_tests/test_rdflib/test_examples.py::test_rdflib_examples[05_parse_flat.py],call,0.0,0.25
after,10,test_rdflib_examples[07_serialize_flat.py],tests/integration_tests/test_rdflib/test_examples.py::test_rdflib_examples[07_serialize_flat.py],call,0.0,0.25
after,10,test_rdflib_examples[01_serialize.py],tests/integration_tests/test_rdflib/test_examples.py::test_rdflib_examples[01_serialize.py],setup,0.0,0.25
after,10,test_rdflib_examples[04_parse_grouped.py],tests/integration_tests/test_rdflib/test_examples.py::test_rdflib_examples[04_parse_grouped.py],setup,0.0,0.25
after,10,test_rdflib_examples[02_parse.py],tests/integration_tests/test_rdflib/test_examples.py::test_rdflib_examples[02_parse.py],setup,0.0,0.25
after,10,test_rdflib_examples[05_parse_flat.py],tests/integration_tests/test_rdflib/test_examples.py::test_rdflib_examples[05_parse_flat.py],setup,0.0,0.25
after,10,test_rdflib_examples[06_serialize_grouped.py],tests/integration_tests/test_rdflib/test_examples.py::test_rdflib_examples[06_serialize_grouped.py],setup,0.0,0.25
after,10,test_rdflib_examples[03_parse_autodetect.py],tests/integration_tests/test_rdflib/test_examples.py::test_rdflib_examples[03_parse_autodetect.py],teardown,0.0,0.25
after,10,test_rdflib_examples[03_parse_autodetect.py],tests/integration_tests/test_rdflib/test_examples.py::test_rdflib_examples[03_parse_autodetect.py],setup,0.0,0.25
after,10,test_rdflib_examples[07_serialize_flat.py],tests/integration_tests/test_rdflib/test_examples.py::test_rdflib_examples[07_serialize_flat.py],setup,0.0,0.25
after,10,test_rdflib_examples[01_serialize.py],tests/integration_tests/test_rdflib/test_examples.py::test_rdflib_examples[01_serialize.py],teardown,0.0,0.25
after,10,test_rdflib_examples[04_parse_grouped.py],tests/integration_tests/test_rdflib/test_examples.py::test_rdflib_examples[04_parse_grouped.py],teardown,0.0,0.25
after,10,test_rdflib_examples[07_serialize_flat.py],tests/integration_tests/test_rdflib/test_examples.py::test_rdflib_examples[07_serialize_flat.py],teardown,0.0,0.25
after,10,test_rdflib_examples[05_parse_flat.py],tests/integration_tests/test_rdflib/test_examples.py::test_rdflib_examples[05_parse_flat.py],teardown,0.0,0.25
after,10,test_rdflib_examples[06_serialize_grouped.py],tests/integration_tests/test_rdflib/test_examples.py::test_rdflib_examples[06_serialize_grouped.py],teardown,0.0,0.25
after,10,test_rdflib_examples[02_parse.py],tests/integration_tests/test_rdflib/test_examples.py::test_rdflib_examples[02_parse.py],teardown,0.0,0.25
after,11,test_rdflib_examples[01_serialize.py],tests/integration_tests/test_rdflib/test_examples.py::test_rdflib_examples[01_serialize.py],call,0.07,0.25
after,11,test_rdflib_examples[02_parse.py],tests/integration_tests/test_rdflib/test_examples.py::test_rdflib_examples[02_parse.py],call,0.01,0.25
after,11,test_rdflib_examples[03_parse_autodetect.py],tests/integration_tests/test_rdflib/test_examples.py::test_rdflib_examples[03_parse_autodetect.py],call,0.0,0.25
after,11,test_rdflib_examples[06_serialize_grouped.py],tests/integration_tests/test_rdflib/test_examples.py::test_rdflib_examples[06_serialize_grouped.py],call,0.0,0.25
after,11,test_rdflib_examples[05_parse_flat.py],tests/integration_tests/test_rdflib/test_examples.py::test_rdflib_examples[05_parse_flat.py],call,0.0,0.25
after,11,test_rdflib_examples[04_parse_grouped.py],tests/integration_tests/test_rdflib/test_examples.py::test_rdflib_examples[04_parse_grouped.py],call,0.0,0.25
after,11,test_rdflib_examples[07_serialize_flat.py],tests/integration_tests/test_rdflib/test_examples.py::test_rdflib_examples[07_serialize_flat.py],call,0.0,0.25
after,11,test_rdflib_examples[01_serialize.py],tests/integration_tests/test_rdflib/test_examples.py::test_rdflib_examples[01_serialize.py],setup,0.0,0.25
after,11,test_rdflib_examples[02_parse.py],tests/integration_tests/test_rdflib/test_examples.py::test_rdflib_examples[02_parse.py],setup,0.0,0.25
after,11,test_rdflib_examples[04_parse_grouped.py],tests/integration_tests/test_rdflib/test_examples.py::test_rdflib_examples[04_parse_grouped.py],setup,0.0,0.25
after,11,test_rdflib_examples[06_serialize_grouped.py],tests/integration_tests/test_rdflib/test_examples.py::test_rdflib_examples[06_serialize_grouped.py],setup,0.0,0.25
after,11,test_rdflib_examples[07_serialize_flat.py],tests/integration_tests/test_rdflib/test_examples.py::test_rdflib_examples[07_serialize_flat.py],setup,0.0,0.25
after,11,test_rdflib_examples[03_parse_autodetect.py],tests/integration_tests/test_rdflib/test_examples.py::test_rdflib_examples[03_parse_autodetect.py],teardown,0.0,0.25
after,11,test_rdflib_examples[05_parse_flat.py],tests/integration_tests/test_rdflib/test_examples.py::test_rdflib_examples[05_parse_flat.py],setup,0.0,0.25
after,11,test_rdflib_examples[03_parse_autodetect.py],tests/integration_tests/test_rdflib/test_examples.py::test_rdflib_examples[03_parse_autodetect.py],setup,0.0,0.25
after,11,test_rdflib_examples[01_serialize.py],tests/integration_tests/test_rdflib/test_examples.py::test_rdflib_examples[01_serialize.py],teardown,0.0,0.25
after,11,test_rdflib_examples[07_serialize_flat.py],tests/integration_tests/test_rdflib/test_examples.py::test_rdflib_examples[07_serialize_flat.py],teardown,0.0,0.25
after,11,test_rdflib_examples[06_serialize_grouped.py],tests/integration_tests/test_rdflib/test_examples.py::test_rdflib_examples[06_serialize_grouped.py],teardown,0.0,0.25
after,11,test_rdflib_examples[04_parse_grouped.py],tests/integration_tests/test_rdflib/test_examples.py::test_rdflib_examples[04_parse_grouped.py],teardown,0.0,0.25
after,11,test_rdflib_examples[05_parse_flat.py],tests/integration_tests/test_rdflib/test_examples.py::test_rdflib_examples[05_parse_flat.py],teardown,0.0,0.25
after,11,test_rdflib_examples[02_parse.py],tests/integration_tests/test_rdflib/test_examples.py::test_rdflib_examples[02_parse.py],teardown,0.0,0.25
after,12,test_rdflib_examples[01_serialize.py],tests/integration_tests/test_rdflib/test_examples.py::test_rdflib_examples[01_serialize.py],call,0.07,0.25
after,12,test_rdflib_examples[02_parse.py],tests/integration_tests/test_rdflib/test_examples.py::test_rdflib_examples[02_parse.py],call,0.01,0.25
after,12,test_rdflib_examples[03_parse_autodetect.py],tests/integration_tests/test_rdflib/test_examples.py::test_rdflib_examples[03_parse_autodetect.py],call,0.0,0.25
after,12,test_rdflib_examples[06_serialize_grouped.py],tests/integration_tests/test_rdflib/test_examples.py::test_rdflib_examples[06_serialize_grouped.py],call,0.0,0.25
after,12,test_rdflib_examples[04_parse_grouped.py],tests/integration_tests/test_rdflib/test_examples.py::test_rdflib_examples[04_parse_grouped.py],call,0.0,0.25
after,12,test_rdflib_examples[05_parse_flat.py],tests/integration_tests/test_rdflib/test_examples.py::test_rdflib_examples[05_parse_flat.py],call,0.0,0.25
after,12,test_rdflib_examples[07_serialize_flat.py],tests/integration_tests/test_rdflib/test_examples.py::test_rdflib_examples[07_serialize_flat.py],call,0.0,0.25
after,12,test_rdflib_examples[01_serialize.py],tests/integration_tests/test_rdflib/test_examples.py::test_rdflib_examples[01_serialize.py],setup,0.0,0.25
after,12,test_rdflib_examples[02_parse.py],tests/integration_tests/test_rdflib/test_examples.py::test_rdflib_examples[02_parse.py],setup,0.0,0.25
after,12,test_rdflib_examples[04_parse_grouped.py],tests/integration_tests/test_rdflib/test_examples.py::test_rdflib_examples[04_parse_grouped.py],setup,0.0,0.25
after,12,test_rdflib_examples[05_parse_flat.py],tests/integration_tests/test_rdflib/test_examples.py::test_rdflib_examples[05_parse_flat.py],setup,0.0,0.25
after,12,test_rdflib_examples[06_serialize_grouped.py],tests/integration_tests/test_rdflib/test_examples.py::test_rdflib_examples[06_serialize_grouped.py],setup,0.0,0.25
after,12,test_rdflib_examples[03_parse_autodetect.py],tests/integration_tests/test_rdflib/test_examples.py::test_rdflib_examples[03_parse_autodetect.py],teardown,0.0,0.25
after,12,test_rdflib_examples[07_serialize_flat.py],tests/integration_tests/test_rdflib/test_examples.py::test_rdflib_examples[07_serialize_flat.py],setup,0.0,0.25
after,12,test_rdflib_examples[03_parse_autodetect.py],tests/integration_tests/test_rdflib/test_examples.py::test_rdflib_examples[03_parse_autodetect.py],setup,0.0,0.25
after,12,test_rdflib_examples[01_serialize.py],tests/integration_tests/test_rdflib/test_examples.py::test_rdflib_examples[01_serialize.py],teardown,0.0,0.25
after,12,test_rdflib_examples[07_serialize_flat.py],tests/integration_tests/test_rdflib/test_examples.py::test_rdflib_examples[07_serialize_flat.py],teardown,0.0,0.25
after,12,test_rdflib_examples[04_parse_grouped.py],tests/integration_tests/test_rdflib/test_examples.py::test_rdflib_examples[04_parse_grouped.py],teardown,0.0,0.25
after,12,test_rdflib_examples[05_parse_flat.py],tests/integration_tests/test_rdflib/test_examples.py::test_rdflib_examples[05_parse_flat.py],teardown,0.0,0.25
after,12,test_rdflib_examples[02_parse.py],tests/integration_tests/test_rdflib/test_examples.py::test_rdflib_examples[02_parse.py],teardown,0.0,0.25
after,12,test_rdflib_examples[06_serialize_grouped.py],tests/integration_tests/test_rdflib/test_examples.py::test_rdflib_examples[06_serialize_grouped.py],teardown,0.0,0.25
after,13,test_rdflib_examples[01_serialize.py],tests/integration_tests/test_rdflib/test_examples.py::test_rdflib_examples[01_serialize.py],call,0.11,0.29
after,13,test_rdflib_examples[02_parse.py],tests/integration_tests/test_rdflib/test_examples.py::test_rdflib_examples[02_parse.py],call,0.01,0.29
after,13,test_rdflib_examples[03_parse_autodetect.py],tests/integration_tests/test_rdflib/test_examples.py::test_rdflib_examples[03_parse_autodetect.py],call,0.0,0.29
after,13,test_rdflib_examples[06_serialize_grouped.py],tests/integration_tests/test_rdflib/test_examples.py::test_rdflib_examples[06_serialize_grouped.py],call,0.0,0.29
after,13,test_rdflib_examples[04_parse_grouped.py],tests/integration_tests/test_rdflib/test_examples.py::test_rdflib_examples[04_parse_grouped.py],call,0.0,0.29
after,13,test_rdflib_examples[05_parse_flat.py],tests/integration_tests/test_rdflib/test_examples.py::test_rdflib_examples[05_parse_flat.py],call,0.0,0.29
after,13,test_rdflib_examples[07_serialize_flat.py],tests/integration_tests/test_rdflib/test_examples.py::test_rdflib_examples[07_serialize_flat.py],call,0.0,0.29
after,13,test_rdflib_examples[01_serialize.py],tests/integration_tests/test_rdflib/test_examples.py::test_rdflib_examples[01_serialize.py],setup,0.0,0.29
after,13,test_rdflib_examples[04_parse_grouped.py],tests/integration_tests/test_rdflib/test_examples.py::test_rdflib_examples[04_parse_grouped.py],setup,0.0,0.29
after,13,test_rdflib_examples[02_parse.py],tests/integration_tests/test_rdflib/test_examples.py::test_rdflib_examples[02_parse.py],setup,0.0,0.29
after,13,test_rdflib_examples[06_serialize_grouped.py],tests/integration_tests/test_rdflib/test_examples.py::test_rdflib_examples[06_serialize_grouped.py],setup,0.0,0.29
after,13,test_rdflib_examples[03_parse_autodetect.py],tests/integration_tests/test_rdflib/test_examples.py::test_rdflib_examples[03_parse_autodetect.py],setup,0.0,0.29
after,13,test_rdflib_examples[03_parse_autodetect.py],tests/integration_tests/test_rdflib/test_examples.py::test_rdflib_examples[03_parse_autodetect.py],teardown,0.0,0.29
after,13,test_rdflib_examples[07_serialize_flat.py],tests/integration_tests/test_rdflib/test_examples.py::test_rdflib_examples[07_serialize_flat.py],setup,0.0,0.29
after,13,test_rdflib_examples[05_parse_flat.py],tests/integration_tests/test_rdflib/test_examples.py::test_rdflib_examples[05_parse_flat.py],setup,0.0,0.29
after,13,test_rdflib_examples[01_serialize.py],tests/integration_tests/test_rdflib/test_examples.py::test_rdflib_examples[01_serialize.py],teardown,0.0,0.29
after,13,test_rdflib_examples[05_parse_flat.py],tests/integration_tests/test_rdflib/test_examples.py::test_rdflib_examples[05_parse_flat.py],teardown,0.0,0.29
after,13,test_rdflib_examples[06_serialize_grouped.py],tests/integration_tests/test_rdflib/test_examples.py::test_rdflib_examples[06_serialize_grouped.py],teardown,0.0,0.29
after,13,test_rdflib_examples[04_parse_grouped.py],tests/integration_tests/test_rdflib/test_examples.py::test_rdflib_examples[04_parse_grouped.py],teardown,0.0,0.29
after,13,test_rdflib_examples[02_parse.py],tests/integration_tests/test_rdflib/test_examples.py::test_rdflib_examples[02_parse.py],teardown,0.0,0.29
after,13,test_rdflib_examples[07_serialize_flat.py],tests/integration_tests/test_rdflib/test_examples.py::test_rdflib_examples[07_serialize_flat.py],teardown,0.0,0.29
after,14,test_rdflib_examples[01_serialize.py],tests/integration_tests/test_rdflib/test_examples.py::test_rdflib_examples[01_serialize.py],call,0.07,0.25
after,14,test_rdflib_examples[02_parse.py],tests/integration_tests/test_rdflib/test_examples.py::test_rdflib_examples[02_parse.py],call,0.01,0.25
after,14,test_rdflib_examples[03_parse_autodetect.py],tests/integration_tests/test_rdflib/test_examples.py::test_rdflib_examples[03_parse_autodetect.py],call,0.0,0.25
after,14,test_rdflib_examples[06_serialize_grouped.py],tests/integration_tests/test_rdflib/test_examples.py::test_rdflib_examples[06_serialize_grouped.py],call,0.0,0.25
after,14,test_rdflib_examples[04_parse_grouped.py],tests/integration_tests/test_rdflib/test_examples.py::test_rdflib_examples[04_parse_grouped.py],call,0.0,0.25
after,14,test_rdflib_examples[05_parse_flat.py],tests/integration_tests/test_rdflib/test_examples.py::test_rdflib_examples[05_parse_flat.py],call,0.0,0.25
after,14,test_rdflib_examples[07_serialize_flat.py],tests/integration_tests/test_rdflib/test_examples.py::test_rdflib_examples[07_serialize_flat.py],call,0.0,0.25
after,14,test_rdflib_examples[01_serialize.py],tests/integration_tests/test_rdflib/test_examples.py::test_rdflib_examples[01_serialize.py],setup,0.0,0.25
after,14,test_rdflib_examples[04_parse_grouped.py],tests/integration_tests/test_rdflib/test_examples.py::test_rdflib_examples[04_parse_grouped.py],setup,0.0,0.25
after,14,test_rdflib_examples[02_parse.py],tests/integration_tests/test_rdflib/test_examples.py::test_rdflib_examples[02_parse.py],setup,0.0,0.25
after,14,test_rdflib_examples[05_parse_flat.py],tests/integration_tests/test_rdflib/test_examples.py::test_rdflib_examples[05_parse_flat.py],setup,0.0,0.25
after,14,test_rdflib_examples[07_serialize_flat.py],tests/integration_tests/test_rdflib/test_examples.py::test_rdflib_examples[07_serialize_flat.py],setup,0.0,0.25
after,14,test_rdflib_examples[06_serialize_grouped.py],tests/integration_tests/test_rdflib/test_examples.py::test_rdflib_examples[06_serialize_grouped.py],setup,0.0,0.25
after,14,test_rdflib_examples[03_parse_autodetect.py],tests/integration_tests/test_rdflib/test_examples.py::test_rdflib_examples[03_parse_autodetect.py],setup,0.0,0.25
after,14,test_rdflib_examples[03_parse_autodetect.py],tests/integration_tests/test_rdflib/test_examples.py::test_rdflib_examples[03_parse_autodetect.py],teardown,0.0,0.25
after,14,test_rdflib_examples[01_serialize.py],tests/integration_tests/test_rdflib/test_examples.py::test_rdflib_examples[01_serialize.py],teardown,0.0,0.25
after,14,test_rdflib_examples[06_serialize_grouped.py],tests/integration_tests/test_rdflib/test_examples.py::test_rdflib_examples[06_serialize_grouped.py],teardown,0.0,0.25
after,14,test_rdflib_examples[07_serialize_flat.py],tests/integration_tests/test_rdflib/test_examples.py::test_rdflib_examples[07_serialize_flat.py],teardown,0.0,0.25
after,14,test_rdflib_examples[04_parse_grouped.py],tests/integration_tests/test_rdflib/test_examples.py::test_rdflib_examples[04_parse_grouped.py],teardown,0.0,0.25
after,14,test_rdflib_examples[05_parse_flat.py],tests/integration_tests/test_rdflib/test_examples.py::test_rdflib_examples[05_parse_flat.py],teardown,0.0,0.25
after,14,test_rdflib_examples[02_parse.py],tests/integration_tests/test_rdflib/test_examples.py::test_rdflib_examples[02_parse.py],teardown,0.0,0.25
after,15,test_rdflib_examples[01_serialize.py],tests/integration_tests/test_rdflib/test_examples.py::test_rdflib_examples[01_serialize.py],call,0.07,0.25
after,15,test_rdflib_examples[02_parse.py],tests/integration_tests/test_rdflib/test_examples.py::test_rdflib_examples[02_parse.py],call,0.01,0.25
after,15,test_rdflib_examples[03_parse_autodetect.py],tests/integration_tests/test_rdflib/test_examples.py::test_rdflib_examples[03_parse_autodetect.py],call,0.0,0.25
after,15,test_rdflib_examples[06_serialize_grouped.py],tests/integration_tests/test_rdflib/test_examples.py::test_rdflib_examples[06_serialize_grouped.py],call,0.0,0.25
after,15,test_rdflib_examples[04_parse_grouped.py],tests/integration_tests/test_rdflib/test_examples.py::test_rdflib_examples[04_parse_grouped.py],call,0.0,0.25
after,15,test_rdflib_examples[05_parse_flat.py],tests/integration_tests/test_rdflib/test_examples.py::test_rdflib_examples[05_parse_flat.py],call,0.0,0.25
after,15,test_rdflib_examples[07_serialize_flat.py],tests/integration_tests/test_rdflib/test_examples.py::test_rdflib_examples[07_serialize_flat.py],call,0.0,0.25
after,15,test_rdflib_examples[01_serialize.py],tests/integration_tests/test_rdflib/test_examples.py::test_rdflib_examples[01_serialize.py],setup,0.0,0.25
after,15,test_rdflib_examples[02_parse.py],tests/integration_tests/test_rdflib/test_examples.py::test_rdflib_examples[02_parse.py],setup,0.0,0.25
after,15,test_rdflib_examples[04_parse_grouped.py],tests/integration_tests/test_rdflib/test_examples.py::test_rdflib_examples[04_parse_grouped.py],setup,0.0,0.25
after,15,test_rdflib_examples[06_serialize_grouped.py],tests/integration_tests/test_rdflib/test_examples.py::test_rdflib_examples[06_serialize_grouped.py],setup,0.0,0.25
after,15,test_rdflib_examples[03_parse_autodetect.py],tests/integration_tests/test_rdflib/test_examples.py::test_rdflib_examples[03_parse_autodetect.py],teardown,0.0,0.25
after,15,test_rdflib_examples[03_parse_autodetect.py],tests/integration_tests/test_rdflib/test_examples.py::test_rdflib_examples[03_parse_autodetect.py],setup,0.0,0.25
after,15,test_rdflib_examples[05_parse_flat.py],tests/integration_tests/test_rdflib/test_examples.py::test_rdflib_examples[05_parse_flat.py],setup,0.0,0.25
after,15,test_rdflib_examples[07_serialize_flat.py],tests/integration_tests/test_rdflib/test_examples.py::test_rdflib_examples[07_serialize_flat.py],setup,0.0,0.25
after,15,test_rdflib_examples[01_serialize.py],tests/integration_tests/test_rdflib/test_examples.py::test_rdflib_examples[01_serialize.py],teardown,0.0,0.25
after,15,test_rdflib_examples[07_serialize_flat.py],tests/integration_tests/test_rdflib/test_examples.py::test_rdflib_examples[07_serialize_flat.py],teardown,0.0,0.25
after,15,test_rdflib_examples[05_parse_flat.py],tests/integration_tests/test_rdflib/test_examples.py::test_rdflib_examples[05_parse_flat.py],teardown,0.0,0.25
after,15,test_rdflib_examples[04_parse_grouped.py],tests/integration_tests/test_rdflib/test_examples.py::test_rdflib_examples[04_parse_grouped.py],teardown,0.0,0.25
after,15,test_rdflib_examples[06_serialize_grouped.py],tests/integration_tests/test_rdflib/test_examples.py::test_rdflib_examples[06_serialize_grouped.py],teardown,0.0,0.25
after,15,test_rdflib_examples[02_parse.py],tests/integration_tests/test_rdflib/test_examples.py::test_rdflib_examples[02_parse.py],teardown,0.0,0.25
after,16,test_rdflib_examples[01_serialize.py],tests/integration_tests/test_rdflib/test_examples.py::test_rdflib_examples[01_serialize.py],call,0.07,0.26
after,16,test_rdflib_examples[02_parse.py],tests/integration_tests/test_rdflib/test_examples.py::test_rdflib_examples[02_parse.py],call,0.01,0.26
after,16,test_rdflib_examples[03_parse_autodetect.py],tests/integration_tests/test_rdflib/test_examples.py::test_rdflib_examples[03_parse_autodetect.py],call,0.0,0.26
after,16,test_rdflib_examples[06_serialize_grouped.py],tests/integration_tests/test_rdflib/test_examples.py::test_rdflib_examples[06_serialize_grouped.py],call,0.0,0.26
after,16,test_rdflib_examples[04_parse_grouped.py],tests/integration_tests/test_rdflib/test_examples.py::test_rdflib_examples[04_parse_grouped.py],call,0.0,0.26
after,16,test_rdflib_examples[05_parse_flat.py],tests/integration_tests/test_rdflib/test_examples.py::test_rdflib_examples[05_parse_flat.py],call,0.0,0.26
after,16,test_rdflib_examples[07_serialize_flat.py],tests/integration_tests/test_rdflib/test_examples.py::test_rdflib_examples[07_serialize_flat.py],call,0.0,0.26
after,16,test_rdflib_examples[01_serialize.py],tests/integration_tests/test_rdflib/test_examples.py::test_rdflib_examples[01_serialize.py],setup,0.0,0.26
after,16,test_rdflib_examples[04_parse_grouped.py],tests/integration_tests/test_rdflib/test_examples.py::test_rdflib_examples[04_parse_grouped.py],setup,0.0,0.26
after,16,test_rdflib_examples[02_parse.py],tests/integration_tests/test_rdflib/test_examples.py::test_rdflib_examples[02_parse.py],setup,0.0,0.26
after,16,test_rdflib_examples[03_parse_autodetect.py],tests/integration_tests/test_rdflib/test_examples.py::test_rdflib_examples[03_parse_autodetect.py],teardown,0.0,0.26
after,16,test_rdflib_examples[05_parse_flat.py],tests/integration_tests/test_rdflib/test_examples.py::test_rdflib_examples[05_parse_flat.py],setup,0.0,0.26
after,16,test_rdflib_examples[06_serialize_grouped.py],tests/integration_tests/test_rdflib/test_examples.py::test_rdflib_examples[06_serialize_grouped.py],setup,0.0,0.26
after,16,test_rdflib_examples[07_serialize_flat.py],tests/integration_tests/test_rdflib/test_examples.py::test_rdflib_examples[07_serialize_flat.py],setup,0.0,0.26
after,16,test_rdflib_examples[03_parse_autodetect.py],tests/integration_tests/test_rdflib/test_examples.py::test_rdflib_examples[03_parse_autodetect.py],setup,0.0,0.26
after,16,test_rdflib_examples[01_serialize.py],tests/integration_tests/test_rdflib/test_examples.py::test_rdflib_examples[01_serialize.py],teardown,0.0,0.26
after,16,test_rdflib_examples[06_serialize_grouped.py],tests/integration_tests/test_rdflib/test_examples.py::test_rdflib_examples[06_serialize_grouped.py],teardown,0.0,0.26
after,16,test_rdflib_examples[07_serialize_flat.py],tests/integration_tests/test_rdflib/test_examples.py::test_rdflib_examples[07_serialize_flat.py],teardown,0.0,0.26
after,16,test_rdflib_examples[02_parse.py],tests/integration_tests/test_rdflib/test_examples.py::test_rdflib_examples[02_parse.py],teardown,0.0,0.26
after,16,test_rdflib_examples[04_parse_grouped.py],tests/integration_tests/test_rdflib/test_examples.py::test_rdflib_examples[04_parse_grouped.py],teardown,0.0,0.26
after,16,test_rdflib_examples[05_parse_flat.py],tests/integration_tests/test_rdflib/test_examples.py::test_rdflib_examples[05_parse_flat.py],teardown,0.0,0.26
after,17,test_rdflib_examples[01_serialize.py],tests/integration_tests/test_rdflib/test_examples.py::test_rdflib_examples[01_serialize.py],call,0.07,0.25
after,17,test_rdflib_examples[02_parse.py],tests/integration_tests/test_rdflib/test_examples.py::test_rdflib_examples[02_parse.py],call,0.01,0.25
after,17,test_rdflib_examples[03_parse_autodetect.py],tests/integration_tests/test_rdflib/test_examples.py::test_rdflib_examples[03_parse_autodetect.py],call,0.0,0.25
after,17,test_rdflib_examples[06_serialize_grouped.py],tests/integration_tests/test_rdflib/test_examples.py::test_rdflib_examples[06_serialize_grouped.py],call,0.0,0.25
after,17,test_rdflib_examples[04_parse_grouped.py],tests/integration_tests/test_rdflib/test_examples.py::test_rdflib_examples[04_parse_grouped.py],call,0.0,0.25
after,17,test_rdflib_examples[05_parse_flat.py],tests/integration_tests/test_rdflib/test_examples.py::test_rdflib_examples[05_parse_flat.py],call,0.0,0.25
after,17,test_rdflib_examples[07_serialize_flat.py],tests/integration_tests/test_rdflib/test_examples.py::test_rdflib_examples[07_serialize_flat.py],call,0.0,0.25
after,17,test_rdflib_examples[01_serialize.py],tests/integration_tests/test_rdflib/test_examples.py::test_rdflib_examples[01_serialize.py],setup,0.0,0.25
after,17,test_rdflib_examples[02_parse.py],tests/integration_tests/test_rdflib/test_examples.py::test_rdflib_examples[02_parse.py],setup,0.0,0.25
after,17,test_rdflib_examples[04_parse_grouped.py],tests/integration_tests/test_rdflib/test_examples.py::test_rdflib_examples[04_parse_grouped.py],setup,0.0,0.25
after,17,test_rdflib_examples[06_serialize_grouped.py],tests/integration_tests/test_rdflib/test_examples.py::test_rdflib_examples[06_serialize_grouped.py],setup,0.0,0.25
after,17,test_rdflib_examples[05_parse_flat.py],tests/integration_tests/test_rdflib/test_examples.py::test_rdflib_examples[05_parse_flat.py],setup,0.0,0.25
after,17,test_rdflib_examples[03_parse_autodetect.py],tests/integration_tests/test_rdflib/test_examples.py::test_rdflib_examples[03_parse_autodetect.py],teardown,0.0,0.25
after,17,test_rdflib_examples[03_parse_autodetect.py],tests/integration_tests/test_rdflib/test_examples.py::test_rdflib_examples[03_parse_autodetect.py],setup,0.0,0.25
after,17,test_rdflib_examples[07_serialize_flat.py],tests/integration_tests/test_rdflib/test_examples.py::test_rdflib_examples[07_serialize_flat.py],setup,0.0,0.25
after,17,test_rdflib_examples[01_serialize.py],tests/integration_tests/test_rdflib/test_examples.py::test_rdflib_examples[01_serialize.py],teardown,0.0,0.25
after,17,test_rdflib_examples[04_parse_grouped.py],tests/integration_tests/test_rdflib/test_examples.py::test_rdflib_examples[04_parse_grouped.py],teardown,0.0,0.25
after,17,test_rdflib_examples[07_serialize_flat.py],tests/integration_tests/test_rdflib/test_examples.py::test_rdflib_examples[07_serialize_flat.py],teardown,0.0,0.25
after,17,test_rdflib_examples[06_serialize_grouped.py],tests/integration_tests/test_rdflib/test_examples.py::test_rdflib_examples[06_serialize_grouped.py],teardown,0.0,0.25
after,17,test_rdflib_examples[05_parse_flat.py],tests/integration_tests/test_rdflib/test_examples.py::test_rdflib_examples[05_parse_flat.py],teardown,0.0,0.25
after,17,test_rdflib_examples[02_parse.py],tests/integration_tests/test_rdflib/test_examples.py::test_rdflib_examples[02_parse.py],teardown,0.0,0.25
after,18,test_rdflib_examples[01_serialize.py],tests/integration_tests/test_rdflib/test_examples.py::test_rdflib_examples[01_serialize.py],call,0.07,0.25
after,18,test_rdflib_examples[02_parse.py],tests/integration_tests/test_rdflib/test_examples.py::test_rdflib_examples[02_parse.py],call,0.01,0.25
after,18,test_rdflib_examples[03_parse_autodetect.py],tests/integration_tests/test_rdflib/test_examples.py::test_rdflib_examples[03_parse_autodetect.py],call,0.0,0.25
after,18,test_rdflib_examples[06_serialize_grouped.py],tests/integration_tests/test_rdflib/test_examples.py::test_rdflib_examples[06_serialize_grouped.py],call,0.0,0.25
after,18,test_rdflib_examples[04_parse_grouped.py],tests/integration_tests/test_rdflib/test_examples.py::test_rdflib_examples[04_parse_grouped.py],call,0.0,0.25
after,18,test_rdflib_examples[05_parse_flat.py],tests/integration_tests/test_rdflib/test_examples.py::test_rdflib_examples[05_parse_flat.py],call,0.0,0.25
after,18,test_rdflib_examples[07_serialize_flat.py],tests/integration_tests/test_rdflib/test_examples.py::test_rdflib_examples[07_serialize_flat.py],call,0.0,0.25
after,18,test_rdflib_examples[01_serialize.py],tests/integration_tests/test_rdflib/test_examples.py::test_rdflib_examples[01_serialize.py],setup,0.0,0.25
after,18,test_rdflib_examples[02_parse.py],tests/integration_tests/test_rdflib/test_examples.py::test_rdflib_examples[02_parse.py],setup,0.0,0.25
after,18,test_rdflib_examples[04_parse_grouped.py],tests/integration_tests/test_rdflib/test_examples.py::test_rdflib_examples[04_parse_grouped.py],setup,0.0,0.25
after,18,test_rdflib_examples[07_serialize_flat.py],tests/integration_tests/test_rdflib/test_examples.py::test_rdflib_examples[07_serialize_flat.py],setup,0.0,0.25
after,18,test_rdflib_examples[06_serialize_grouped.py],tests/integration_tests/test_rdflib/test_examples.py::test_rdflib_examples[06_serialize_grouped.py],setup,0.0,0.25
after,18,test_rdflib_examples[03_parse_autodetect.py],tests/integration_tests/test_rdflib/test_examples.py::test_rdflib_examples[03_parse_autodetect.py],teardown,0.0,0.25
after,18,test_rdflib_examples[03_parse_autodetect.py],tests/integration_tests/test_rdflib/test_examples.py::test_rdflib_examples[03_parse_autodetect.py],setup,0.0,0.25
after,18,test_rdflib_examples[05_parse_flat.py],tests/integration_tests/test_rdflib/test_examples.py::test_rdflib_examples[05_parse_flat.py],setup,0.0,0.25
after,18,test_rdflib_examples[01_serialize.py],tests/integration_tests/test_rdflib/test_examples.py::test_rdflib_examples[01_serialize.py],teardown,0.0,0.25
after,18,test_rdflib_examples[07_serialize_flat.py],tests/integration_tests/test_rdflib/test_examples.py::test_rdflib_examples[07_serialize_flat.py],teardown,0.0,0.25
after,18,test_rdflib_examples[05_parse_flat.py],tests/integration_tests/test_rdflib/test_examples.py::test_rdflib_examples[05_parse_flat.py],teardown,0.0,0.25
after,18,test_rdflib_examples[06_serialize_grouped.py],tests/integration_tests/test_rdflib/test_examples.py::test_rdflib_examples[06_serialize_grouped.py],teardown,0.0,0.25
after,18,test_rdflib_examples[04_parse_grouped.py],tests/integration_tests/test_rdflib/test_examples.py::test_rdflib_examples[04_parse_grouped.py],teardown,0.0,0.25
after,18,test_rdflib_examples[02_parse.py],tests/integration_tests/test_rdflib/test_examples.py::test_rdflib_examples[02_parse.py],teardown,0.0,0.25
after,19,test_rdflib_examples[01_serialize.py],tests/integration_tests/test_rdflib/test_examples.py::test_rdflib_examples[01_serialize.py],call,0.07,0.25
after,19,test_rdflib_examples[02_parse.py],tests/integration_tests/test_rdflib/test_examples.py::test_rdflib_examples[02_parse.py],call,0.01,0.25
after,19,test_rdflib_examples[03_parse_autodetect.py],tests/integration_tests/test_rdflib/test_examples.py::test_rdflib_examples[03_parse_autodetect.py],call,0.0,0.25
after,19,test_rdflib_examples[06_serialize_grouped.py],tests/integration_tests/test_rdflib/test_examples.py::test_rdflib_examples[06_serialize_grouped.py],call,0.0,0.25
after,19,test_rdflib_examples[04_parse_grouped.py],tests/integration_tests/test_rdflib/test_examples.py::test_rdflib_examples[04_parse_grouped.py],call,0.0,0.25
after,19,test_rdflib_examples[05_parse_flat.py],tests/integration_tests/test_rdflib/test_examples.py::test_rdflib_examples[05_parse_flat.py],call,0.0,0.25
after,19,test_rdflib_examples[07_serialize_flat.py],tests/integration_tests/test_rdflib/test_examples.py::test_rdflib_examples[07_serialize_flat.py],call,0.0,0.25
after,19,test_rdflib_examples[01_serialize.py],tests/integration_tests/test_rdflib/test_examples.py::test_rdflib_examples[01_serialize.py],setup,0.0,0.25
after,19,test_rdflib_examples[04_parse_grouped.py],tests/integration_tests/test_rdflib/test_examples.py::test_rdflib_examples[04_parse_grouped.py],setup,0.0,0.25
after,19,test_rdflib_examples[02_parse.py],tests/integration_tests/test_rdflib/test_examples.py::test_rdflib_examples[02_parse.py],setup,0.0,0.25
after,19,test_rdflib_examples[06_serialize_grouped.py],tests/integration_tests/test_rdflib/test_examples.py::test_rdflib_examples[06_serialize_grouped.py],setup,0.0,0.25
after,19,test_rdflib_examples[07_serialize_flat.py],tests/integration_tests/test_rdflib/test_examples.py::test_rdflib_examples[07_serialize_flat.py],setup,0.0,0.25
after,19,test_rdflib_examples[03_parse_autodetect.py],tests/integration_tests/test_rdflib/test_examples.py::test_rdflib_examples[03_parse_autodetect.py],teardown,0.0,0.25
after,19,test_rdflib_examples[05_parse_flat.py],tests/integration_tests/test_rdflib/test_examples.py::test_rdflib_examples[05_parse_flat.py],setup,0.0,0.25
after,19,test_rdflib_examples[03_parse_autodetect.py],tests/integration_tests/test_rdflib/test_examples.py::test_rdflib_examples[03_parse_autodetect.py],setup,0.0,0.25
after,19,test_rdflib_examples[01_serialize.py],tests/integration_tests/test_rdflib/test_examples.py::test_rdflib_examples[01_serialize.py],teardown,0.0,0.25
after,19,test_rdflib_examples[06_serialize_grouped.py],tests/integration_tests/test_rdflib/test_examples.py::test_rdflib_examples[06_serialize_grouped.py],teardown,0.0,0.25
after,19,test_rdflib_examples[05_parse_flat.py],tests/integration_tests/test_rdflib/test_examples.py::test_rdflib_examples[05_parse_flat.py],teardown,0.0,0.25
after,19,test_rdflib_examples[04_parse_grouped.py],tests/integration_tests/test_rdflib/test_examples.py::test_rdflib_examples[04_parse_grouped.py],teardown,0.0,0.25
after,19,test_rdflib_examples[07_serialize_flat.py],tests/integration_tests/test_rdflib/test_examples.py::test_rdflib_examples[07_serialize_flat.py],teardown,0.0,0.25
after,19,test_rdflib_examples[02_parse.py],tests/integration_tests/test_rdflib/test_examples.py::test_rdflib_examples[02_parse.py],teardown,0.0,0.25
after,20,test_rdflib_examples[01_serialize.py],tests/integration_tests/test_rdflib/test_examples.py::test_rdflib_examples[01_serialize.py],call,0.08,0.26
after,20,test_rdflib_examples[02_parse.py],tests/integration_tests/test_rdflib/test_examples.py::test_rdflib_examples[02_parse.py],call,0.01,0.26
after,20,test_rdflib_examples[03_parse_autodetect.py],tests/integration_tests/test_rdflib/test_examples.py::test_rdflib_examples[03_parse_autodetect.py],call,0.0,0.26
after,20,test_rdflib_examples[06_serialize_grouped.py],tests/integration_tests/test_rdflib/test_examples.py::test_rdflib_examples[06_serialize_grouped.py],call,0.0,0.26
after,20,test_rdflib_examples[04_parse_grouped.py],tests/integration_tests/test_rdflib/test_examples.py::test_rdflib_examples[04_parse_grouped.py],call,0.0,0.26
after,20,test_rdflib_examples[05_parse_flat.py],tests/integration_tests/test_rdflib/test_examples.py::test_rdflib_examples[05_parse_flat.py],call,0.0,0.26
after,20,test_rdflib_examples[07_serialize_flat.py],tests/integration_tests/test_rdflib/test_examples.py::test_rdflib_examples[07_serialize_flat.py],call,0.0,0.26
after,20,test_rdflib_examples[01_serialize.py],tests/integration_tests/test_rdflib/test_examples.py::test_rdflib_examples[01_serialize.py],setup,0.0,0.26
after,20,test_rdflib_examples[02_parse.py],tests/integration_tests/test_rdflib/test_examples.py::test_rdflib_examples[02_parse.py],setup,0.0,0.26
after,20,test_rdflib_examples[04_parse_grouped.py],tests/integration_tests/test_rdflib/test_examples.py::test_rdflib_examples[04_parse_grouped.py],setup,0.0,0.26
after,20,test_rdflib_examples[03_parse_autodetect.py],tests/integration_tests/test_rdflib/test_examples.py::test_rdflib_examples[03_parse_autodetect.py],setup,0.0,0.26
after,20,test_rdflib_examples[06_serialize_grouped.py],tests/integration_tests/test_rdflib/test_examples.py::test_rdflib_examples[06_serialize_grouped.py],setup,0.0,0.26
after,20,test_rdflib_examples[03_parse_autodetect.py],tests/integration_tests/test_rdflib/test_examples.py::test_rdflib_examples[03_parse_autodetect.py],teardown,0.0,0.26
after,20,test_rdflib_examples[05_parse_flat.py],tests/integration_tests/test_rdflib/test_examples.py::test_rdflib_examples[05_parse_flat.py],setup,0.0,0.26
after,20,test_rdflib_examples[07_serialize_flat.py],tests/integration_tests/test_rdflib/test_examples.py::test_rdflib_examples[07_serialize_flat.py],setup,0.0,0.26
after,20,test_rdflib_examples[01_serialize.py],tests/integration_tests/test_rdflib/test_examples.py::test_rdflib_examples[01_serialize.py],teardown,0.0,0.26
after,20,test_rdflib_examples[07_serialize_flat.py],tests/integration_tests/test_rdflib/test_examples.py::test_rdflib_examples[07_serialize_flat.py],teardown,0.0,0.26
after,20,test_rdflib_examples[05_parse_flat.py],tests/integration_tests/test_rdflib/test_examples.py::test_rdflib_examples[05_parse_flat.py],teardown,0.0,0.26
after,20,test_rdflib_examples[04_parse_grouped.py],tests/integration_tests/test_rdflib/test_examples.py::test_rdflib_examples[04_parse_grouped.py],teardown,0.0,0.26
after,20,test_rdflib_examples[06_serialize_grouped.py],tests/integration_tests/test_rdflib/test_examples.py::test_rdflib_examples[06_serialize_grouped.py],teardown,0.0,0.26
after,20,test_rdflib_examples[02_parse.py],tests/integration_tests/test_rdflib/test_examples.py::test_rdflib_examples[02_parse.py],teardown,0.0,0.26
after,21,test_rdflib_examples[01_serialize.py],tests/integration_tests/test_rdflib/test_examples.py::test_rdflib_examples[01_serialize.py],call,0.07,0.25
after,21,test_rdflib_examples[02_parse.py],tests/integration_tests/test_rdflib/test_examples.py::test_rdflib_examples[02_parse.py],call,0.01,0.25
after,21,test_rdflib_examples[03_parse_autodetect.py],tests/integration_tests/test_rdflib/test_examples.py::test_rdflib_examples[03_parse_autodetect.py],call,0.0,0.25
after,21,test_rdflib_examples[06_serialize_grouped.py],tests/integration_tests/test_rdflib/test_examples.py::test_rdflib_examples[06_serialize_grouped.py],call,0.0,0.25
after,21,test_rdflib_examples[04_parse_grouped.py],tests/integration_tests/test_rdflib/test_examples.py::test_rdflib_examples[04_parse_grouped.py],call,0.0,0.25
after,21,test_rdflib_examples[05_parse_flat.py],tests/integration_tests/test_rdflib/test_examples.py::test_rdflib_examples[05_parse_flat.py],call,0.0,0.25
after,21,test_rdflib_examples[07_serialize_flat.py],tests/integration_tests/test_rdflib/test_examples.py::test_rdflib_examples[07_serialize_flat.py],call,0.0,0.25
after,21,test_rdflib_examples[01_serialize.py],tests/integration_tests/test_rdflib/test_examples.py::test_rdflib_examples[01_serialize.py],setup,0.0,0.25
after,21,test_rdflib_examples[04_parse_grouped.py],tests/integration_tests/test_rdflib/test_examples.py::test_rdflib_examples[04_parse_grouped.py],setup,0.0,0.25
after,21,test_rdflib_examples[02_parse.py],tests/integration_tests/test_rdflib/test_examples.py::test_rdflib_examples[02_parse.py],setup,0.0,0.25
after,21,test_rdflib_examples[06_serialize_grouped.py],tests/integration_tests/test_rdflib/test_examples.py::test_rdflib_examples[06_serialize_grouped.py],setup,0.0,0.25
after,21,test_rdflib_examples[05_parse_flat.py],tests/integration_tests/test_rdflib/test_examples.py::test_rdflib_examples[05_parse_flat.py],setup,0.0,0.25
after,21,test_rdflib_examples[07_serialize_flat.py],tests/integration_tests/test_rdflib/test_examples.py::test_rdflib_examples[07_serialize_flat.py],setup,0.0,0.25
after,21,test_rdflib_examples[03_parse_autodetect.py],tests/integration_tests/test_rdflib/test_examples.py::test_rdflib_examples[03_parse_autodetect.py],setup,0.0,0.25
after,21,test_rdflib_examples[03_parse_autodetect.py],tests/integration_tests/test_rdflib/test_examples.py::test_rdflib_examples[03_parse_autodetect.py],teardown,0.0,0.25
after,21,test_rdflib_examples[01_serialize.py],tests/integration_tests/test_rdflib/test_examples.py::test_rdflib_examples[01_serialize.py],teardown,0.0,0.25
after,21,test_rdflib_examples[04_parse_grouped.py],tests/integration_tests/test_rdflib/test_examples.py::test_rdflib_examples[04_parse_grouped.py],teardown,0.0,0.25
after,21,test_rdflib_examples[06_serialize_grouped.py],tests/integration_tests/test_rdflib/test_examples.py::test_rdflib_examples[06_serialize_grouped.py],teardown,0.0,0.25
after,21,test_rdflib_examples[05_parse_flat.py],tests/integration_tests/test_rdflib/test_examples.py::test_rdflib_examples[05_parse_flat.py],teardown,0.0,0.25
after,21,test_rdflib_examples[07_serialize_flat.py],tests/integration_tests/test_rdflib/test_examples.py::test_rdflib_examples[07_serialize_flat.py],teardown,0.0,0.25
after,21,test_rdflib_examples[02_parse.py],tests/integration_tests/test_rdflib/test_examples.py::test_rdflib_examples[02_parse.py],teardown,0.0,0.25
after,22,test_rdflib_examples[01_serialize.py],tests/integration_tests/test_rdflib/test_examples.py::test_rdflib_examples[01_serialize.py],call,0.07,0.26
after,22,test_rdflib_examples[02_parse.py],tests/integration_tests/test_rdflib/test_examples.py::test_rdflib_examples[02_parse.py],call,0.01,0.26
after,22,test_rdflib_examples[03_parse_autodetect.py],tests/integration_tests/test_rdflib/test_examples.py::test_rdflib_examples[03_parse_autodetect.py],call,0.0,0.26
after,22,test_rdflib_examples[06_serialize_grouped.py],tests/integration_tests/test_rdflib/test_examples.py::test_rdflib_examples[06_serialize_grouped.py],call,0.0,0.26
after,22,test_rdflib_examples[04_parse_grouped.py],tests/integration_tests/test_rdflib/test_examples.py::test_rdflib_examples[04_parse_grouped.py],call,0.0,0.26
after,22,test_rdflib_examples[05_parse_flat.py],tests/integration_tests/test_rdflib/test_examples.py::test_rdflib_examples[05_parse_flat.py],call,0.0,0.26
after,22,test_rdflib_examples[07_serialize_flat.py],tests/integration_tests/test_rdflib/test_examples.py::test_rdflib_examples[07_serialize_flat.py],call,0.0,0.26
after,22,test_rdflib_examples[01_serialize.py],tests/integration_tests/test_rdflib/test_examples.py::test_rdflib_examples[01_serialize.py],setup,0.0,0.26
after,22,test_rdflib_examples[02_parse.py],tests/integration_tests/test_rdflib/test_examples.py::test_rdflib_examples[02_parse.py],setup,0.0,0.26
after,22,test_rdflib_examples[04_parse_grouped.py],tests/integration_tests/test_rdflib/test_examples.py::test_rdflib_examples[04_parse_grouped.py],setup,0.0,0.26
after,22,test_rdflib_examples[06_serialize_grouped.py],tests/integration_tests/test_rdflib/test_examples.py::test_rdflib_examples[06_serialize_grouped.py],setup,0.0,0.26
after,22,test_rdflib_examples[07_serialize_flat.py],tests/integration_tests/test_rdflib/test_examples.py::test_rdflib_examples[07_serialize_flat.py],setup,0.0,0.26
after,22,test_rdflib_examples[03_parse_autodetect.py],tests/integration_tests/test_rdflib/test_examples.py::test_rdflib_examples[03_parse_autodetect.py],teardown,0.0,0.26
after,22,test_rdflib_examples[03_parse_autodetect.py],tests/integration_tests/test_rdflib/test_examples.py::test_rdflib_examples[03_parse_autodetect.py],setup,0.0,0.26
after,22,test_rdflib_examples[05_parse_flat.py],tests/integration_tests/test_rdflib/test_examples.py::test_rdflib_examples[05_parse_flat.py],setup,0.0,0.26
after,22,test_rdflib_examples[01_serialize.py],tests/integration_tests/test_rdflib/test_examples.py::test_rdflib_examples[01_serialize.py],teardown,0.0,0.26
after,22,test_rdflib_examples[05_parse_flat.py],tests/integration_tests/test_rdflib/test_examples.py::test_rdflib_examples[05_parse_flat.py],teardown,0.0,0.26
after,22,test_rdflib_examples[06_serialize_grouped.py],tests/integration_tests/test_rdflib/test_examples.py::test_rdflib_examples[06_serialize_grouped.py],teardown,0.0,0.26
after,22,test_rdflib_examples[02_parse.py],tests/integration_tests/test_rdflib/test_examples.py::test_rdflib_examples[02_parse.py],teardown,0.0,0.26
after,22,test_rdflib_examples[07_serialize_flat.py],tests/integration_tests/test_rdflib/test_examples.py::test_rdflib_examples[07_serialize_flat.py],teardown,0.0,0.26
after,22,test_rdflib_examples[04_parse_grouped.py],tests/integration_tests/test_rdflib/test_examples.py::test_rdflib_examples[04_parse_grouped.py],teardown,0.0,0.26
after,23,test_rdflib_examples[01_serialize.py],tests/integration_tests/test_rdflib/test_examples.py::test_rdflib_examples[01_serialize.py],call,0.07,0.25
after,23,test_rdflib_examples[02_parse.py],tests/integration_tests/test_rdflib/test_examples.py::test_rdflib_examples[02_parse.py],call,0.01,0.25
after,23,test_rdflib_examples[03_parse_autodetect.py],tests/integration_tests/test_rdflib/test_examples.py::test_rdflib_examples[03_parse_autodetect.py],call,0.0,0.25
after,23,test_rdflib_examples[06_serialize_grouped.py],tests/integration_tests/test_rdflib/test_examples.py::test_rdflib_examples[06_serialize_grouped.py],call,0.0,0.25
after,23,test_rdflib_examples[04_parse_grouped.py],tests/integration_tests/test_rdflib/test_examples.py::test_rdflib_examples[04_parse_grouped.py],call,0.0,0.25
after,23,test_rdflib_examples[05_parse_flat.py],tests/integration_tests/test_rdflib/test_examples.py::test_rdflib_examples[05_parse_flat.py],call,0.0,0.25
after,23,test_rdflib_examples[07_serialize_flat.py],tests/integration_tests/test_rdflib/test_examples.py::test_rdflib_examples[07_serialize_flat.py],call,0.0,0.25
after,23,test_rdflib_examples[01_serialize.py],tests/integration_tests/test_rdflib/test_examples.py::test_rdflib_examples[01_serialize.py],setup,0.0,0.25
after,23,test_rdflib_examples[02_parse.py],tests/integration_tests/test_rdflib/test_examples.py::test_rdflib_examples[02_parse.py],setup,0.0,0.25
after,23,test_rdflib_examples[04_parse_grouped.py],tests/integration_tests/test_rdflib/test_examples.py::test_rdflib_examples[04_parse_grouped.py],setup,0.0,0.25
after,23,test_rdflib_examples[06_serialize_grouped.py],tests/integration_tests/test_rdflib/test_examples.py::test_rdflib_examples[06_serialize_grouped.py],setup,0.0,0.25
after,23,test_rdflib_examples[05_parse_flat.py],tests/integration_tests/test_rdflib/test_examples.py::test_rdflib_examples[05_parse_flat.py],setup,0.0,0.25
after,23,test_rdflib_examples[07_serialize_flat.py],tests/integration_tests/test_rdflib/test_examples.py::test_rdflib_examples[07_serialize_flat.py],setup,0.0,0.25
after,23,test_rdflib_examples[03_parse_autodetect.py],tests/integration_tests/test_rdflib/test_examples.py::test_rdflib_examples[03_parse_autodetect.py],teardown,0.0,0.25
after,23,test_rdflib_examples[03_parse_autodetect.py],tests/integration_tests/test_rdflib/test_examples.py::test_rdflib_examples[03_parse_autodetect.py],setup,0.0,0.25
after,23,test_rdflib_examples[01_serialize.py],tests/integration_tests/test_rdflib/test_examples.py::test_rdflib_examples[01_serialize.py],teardown,0.0,0.25
after,23,test_rdflib_examples[04_parse_grouped.py],tests/integration_tests/test_rdflib/test_examples.py::test_rdflib_examples[04_parse_grouped.py],teardown,0.0,0.25
after,23,test_rdflib_examples[07_serialize_flat.py],tests/integration_tests/test_rdflib/test_examples.py::test_rdflib_examples[07_serialize_flat.py],teardown,0.0,0.25
after,23,test_rdflib_examples[06_serialize_grouped.py],tests/integration_tests/test_rdflib/test_examples.py::test_rdflib_examples[06_serialize_grouped.py],teardown,0.0,0.25
after,23,test_rdflib_examples[05_parse_flat.py],tests/integration_tests/test_rdflib/test_examples.py::test_rdflib_examples[05_parse_flat.py],teardown,0.0,0.25
after,23,test_rdflib_examples[02_parse.py],tests/integration_tests/test_rdflib/test_examples.py::test_rdflib_examples[02_parse.py],teardown,0.0,0.25
after,24,test_rdflib_examples[01_serialize.py],tests/integration_tests/test_rdflib/test_examples.py::test_rdflib_examples[01_serialize.py],call,0.07,0.26
after,24,test_rdflib_examples[02_parse.py],tests/integration_tests/test_rdflib/test_examples.py::test_rdflib_examples[02_parse.py],call,0.01,0.26
after,24,test_rdflib_examples[03_parse_autodetect.py],tests/integration_tests/test_rdflib/test_examples.py::test_rdflib_examples[03_parse_autodetect.py],call,0.0,0.26
after,24,test_rdflib_examples[06_serialize_grouped.py],tests/integration_tests/test_rdflib/test_examples.py::test_rdflib_examples[06_serialize_grouped.py],call,0.0,0.26
after,24,test_rdflib_examples[04_parse_grouped.py],tests/integration_tests/test_rdflib/test_examples.py::test_rdflib_examples[04_parse_grouped.py],call,0.0,0.26
after,24,test_rdflib_examples[05_parse_flat.py],tests/integration_tests/test_rdflib/test_examples.py::test_rdflib_examples[05_parse_flat.py],call,0.0,0.26
after,24,test_rdflib_examples[07_serialize_flat.py],tests/integration_tests/test_rdflib/test_examples.py::test_rdflib_examples[07_serialize_flat.py],call,0.0,0.26
after,24,test_rdflib_examples[01_serialize.py],tests/integration_tests/test_rdflib/test_examples.py::test_rdflib_examples[01_serialize.py],setup,0.0,0.26
after,24,test_rdflib_examples[02_parse.py],tests/integration_tests/test_rdflib/test_examples.py::test_rdflib_examples[02_parse.py],setup,0.0,0.26
after,24,test_rdflib_examples[04_parse_grouped.py],tests/integration_tests/test_rdflib/test_examples.py::test_rdflib_examples[04_parse_grouped.py],setup,0.0,0.26
after,24,test_rdflib_examples[05_parse_flat.py],tests/integration_tests/test_rdflib/test_examples.py::test_rdflib_examples[05_parse_flat.py],setup,0.0,0.26
after,24,test_rdflib_examples[06_serialize_grouped.py],tests/integration_tests/test_rdflib/test_examples.py::test_rdflib_examples[06_serialize_grouped.py],setup,0.0,0.26
after,24,test_rdflib_examples[03_parse_autodetect.py],tests/integration_tests/test_rdflib/test_examples.py::test_rdflib_examples[03_parse_autodetect.py],setup,0.0,0.26
after,24,test_rdflib_examples[03_parse_autodetect.py],tests/integration_tests/test_rdflib/test_examples.py::test_rdflib_examples[03_parse_autodetect.py],teardown,0.0,0.26
after,24,test_rdflib_examples[07_serialize_flat.py],tests/integration_tests/test_rdflib/test_examples.py::test_rdflib_examples[07_serialize_flat.py],setup,0.0,0.26
after,24,test_rdflib_examples[01_serialize.py],tests/integration_tests/test_rdflib/test_examples.py::test_rdflib_examples[01_serialize.py],teardown,0.0,0.26
after,24,test_rdflib_examples[07_serialize_flat.py],tests/integration_tests/test_rdflib/test_examples.py::test_rdflib_examples[07_serialize_flat.py],teardown,0.0,0.26
after,24,test_rdflib_examples[04_parse_grouped.py],tests/integration_tests/test_rdflib/test_examples.py::test_rdflib_examples[04_parse_grouped.py],teardown,0.0,0.26
after,24,test_rdflib_examples[05_parse_flat.py],tests/integration_tests/test_rdflib/test_examples.py::test_rdflib_examples[05_parse_flat.py],teardown,0.0,0.26
after,24,test_rdflib_examples[06_serialize_grouped.py],tests/integration_tests/test_rdflib/test_examples.py::test_rdflib_examples[06_serialize_grouped.py],teardown,0.0,0.26
after,24,test_rdflib_examples[02_parse.py],tests/integration_tests/test_rdflib/test_examples.py::test_rdflib_examples[02_parse.py],teardown,0.0,0.26
after,25,test_rdflib_examples[01_serialize.py],tests/integration_tests/test_rdflib/test_examples.py::test_rdflib_examples[01_serialize.py],call,0.07,0.25
after,25,test_rdflib_examples[02_parse.py],tests/integration_tests/test_rdflib/test_examples.py::test_rdflib_examples[02_parse.py],call,0.01,0.25
after,25,test_rdflib_examples[03_parse_autodetect.py],tests/integration_tests/test_rdflib/test_examples.py::test_rdflib_examples[03_parse_autodetect.py],call,0.0,0.25
after,25,test_rdflib_examples[06_serialize_grouped.py],tests/integration_tests/test_rdflib/test_examples.py::test_rdflib_examples[06_serialize_grouped.py],call,0.0,0.25
after,25,test_rdflib_examples[04_parse_grouped.py],tests/integration_tests/test_rdflib/test_examples.py::test_rdflib_examples[04_parse_grouped.py],call,0.0,0.25
after,25,test_rdflib_examples[05_parse_flat.py],tests/integration_tests/test_rdflib/test_examples.py::test_rdflib_examples[05_parse_flat.py],call,0.0,0.25
after,25,test_rdflib_examples[07_serialize_flat.py],tests/integration_tests/test_rdflib/test_examples.py::test_rdflib_examples[07_serialize_flat.py],call,0.0,0.25
after,25,test_rdflib_examples[01_serialize.py],tests/integration_tests/test_rdflib/test_examples.py::test_rdflib_examples[01_serialize.py],setup,0.0,0.25
after,25,test_rdflib_examples[02_parse.py],tests/integration_tests/test_rdflib/test_examples.py::test_rdflib_examples[02_parse.py],setup,0.0,0.25
after,25,test_rdflib_examples[04_parse_grouped.py],tests/integration_tests/test_rdflib/test_examples.py::test_rdflib_examples[04_parse_grouped.py],setup,0.0,0.25
after,25,test_rdflib_examples[05_parse_flat.py],tests/integration_tests/test_rdflib/test_examples.py::test_rdflib_examples[05_parse_flat.py],setup,0.0,0.25
after,25,test_rdflib_examples[03_parse_autodetect.py],tests/integration_tests/test_rdflib/test_examples.py::test_rdflib_examples[03_parse_autodetect.py],setup,0.0,0.25
after,25,test_rdflib_examples[03_parse_autodetect.py],tests/integration_tests/test_rdflib/test_examples.py::test_rdflib_examples[03_parse_autodetect.py],teardown,0.0,0.25
after,25,test_rdflib_examples[06_serialize_grouped.py],tests/integration_tests/test_rdflib/test_examples.py::test_rdflib_examples[06_serialize_grouped.py],setup,0.0,0.25
after,25,test_rdflib_examples[07_serialize_flat.py],tests/integration_tests/test_rdflib/test_examples.py::test_rdflib_examples[07_serialize_flat.py],setup,0.0,0.25
after,25,test_rdflib_examples[01_serialize.py],tests/integration_tests/test_rdflib/test_examples.py::test_rdflib_examples[01_serialize.py],teardown,0.0,0.25
after,25,test_rdflib_examples[04_parse_grouped.py],tests/integration_tests/test_rdflib/test_examples.py::test_rdflib_examples[04_parse_grouped.py],teardown,0.0,0.25
after,25,test_rdflib_examples[06_serialize_grouped.py],tests/integration_tests/test_rdflib/test_examples.py::test_rdflib_examples[06_serialize_grouped.py],teardown,0.0,0.25
after,25,test_rdflib_examples[07_serialize_flat.py],tests/integration_tests/test_rdflib/test_examples.py::test_rdflib_examples[07_serialize_flat.py],teardown,0.0,0.25
after,25,test_rdflib_examples[05_parse_flat.py],tests/integration_tests/test_rdflib/test_examples.py::test_rdflib_examples[05_parse_flat.py],teardown,0.0,0.25
after,25,test_rdflib_examples[02_parse.py],tests/integration_tests/test_rdflib/test_examples.py::test_rdflib_examples[02_parse.py],teardown,0.0,0.25
after,26,test_rdflib_examples[01_serialize.py],tests/integration_tests/test_rdflib/test_examples.py::test_rdflib_examples[01_serialize.py],call,0.07,0.25
after,26,test_rdflib_examples[02_parse.py],tests/integration_tests/test_rdflib/test_examples.py::test_rdflib_examples[02_parse.py],call,0.01,0.25
after,26,test_rdflib_examples[03_parse_autodetect.py],tests/integration_tests/test_rdflib/test_examples.py::test_rdflib_examples[03_parse_autodetect.py],call,0.0,0.25
after,26,test_rdflib_examples[06_serialize_grouped.py],tests/integration_tests/test_rdflib/test_examples.py::test_rdflib_examples[06_serialize_grouped.py],call,0.0,0.25
after,26,test_rdflib_examples[04_parse_grouped.py],tests/integration_tests/test_rdflib/test_examples.py::test_rdflib_examples[04_parse_grouped.py],call,0.0,0.25
after,26,test_rdflib_examples[05_parse_flat.py],tests/integration_tests/test_rdflib/test_examples.py::test_rdflib_examples[05_parse_flat.py],call,0.0,0.25
after,26,test_rdflib_examples[07_serialize_flat.py],tests/integration_tests/test_rdflib/test_examples.py::test_rdflib_examples[07_serialize_flat.py],call,0.0,0.25
after,26,test_rdflib_examples[01_serialize.py],tests/integration_tests/test_rdflib/test_examples.py::test_rdflib_examples[01_serialize.py],setup,0.0,0.25
after,26,test_rdflib_examples[02_parse.py],tests/integration_tests/test_rdflib/test_examples.py::test_rdflib_examples[02_parse.py],setup,0.0,0.25
after,26,test_rdflib_examples[04_parse_grouped.py],tests/integration_tests/test_rdflib/test_examples.py::test_rdflib_examples[04_parse_grouped.py],setup,0.0,0.25
after,26,test_rdflib_examples[06_serialize_grouped.py],tests/integration_tests/test_rdflib/test_examples.py::test_rdflib_examples[06_serialize_grouped.py],setup,0.0,0.25
after,26,test_rdflib_examples[07_serialize_flat.py],tests/integration_tests/test_rdflib/test_examples.py::test_rdflib_examples[07_serialize_flat.py],setup,0.0,0.25
after,26,test_rdflib_examples[03_parse_autodetect.py],tests/integration_tests/test_rdflib/test_examples.py::test_rdflib_examples[03_parse_autodetect.py],setup,0.0,0.25
after,26,test_rdflib_examples[03_parse_autodetect.py],tests/integration_tests/test_rdflib/test_examples.py::test_rdflib_examples[03_parse_autodetect.py],teardown,0.0,0.25
after,26,test_rdflib_examples[05_parse_flat.py],tests/integration_tests/test_rdflib/test_examples.py::test_rdflib_examples[05_parse_flat.py],setup,0.0,0.25
after,26,test_rdflib_examples[01_serialize.py],tests/integration_tests/test_rdflib/test_examples.py::test_rdflib_examples[01_serialize.py],teardown,0.0,0.25
after,26,test_rdflib_examples[07_serialize_flat.py],tests/integration_tests/test_rdflib/test_examples.py::test_rdflib_examples[07_serialize_flat.py],teardown,0.0,0.25
after,26,test_rdflib_examples[06_serialize_grouped.py],tests/integration_tests/test_rdflib/test_examples.py::test_rdflib_examples[06_serialize_grouped.py],teardown,0.0,0.25
after,26,test_rdflib_examples[04_parse_grouped.py],tests/integration_tests/test_rdflib/test_examples.py::test_rdflib_examples[04_parse_grouped.py],teardown,0.0,0.25
after,26,test_rdflib_examples[05_parse_flat.py],tests/integration_tests/test_rdflib/test_examples.py::test_rdflib_examples[05_parse_flat.py],teardown,0.0,0.25
after,26,test_rdflib_examples[02_parse.py],tests/integration_tests/test_rdflib/test_examples.py::test_rdflib_examples[02_parse.py],teardown,0.0,0.25
after,27,test_rdflib_examples[01_serialize.py],tests/integration_tests/test_rdflib/test_examples.py::test_rdflib_examples[01_serialize.py],call,0.07,0.25
after,27,test_rdflib_examples[02_parse.py],tests/integration_tests/test_rdflib/test_examples.py::test_rdflib_examples[02_parse.py],call,0.01,0.25
after,27,test_rdflib_examples[03_parse_autodetect.py],tests/integration_tests/test_rdflib/test_examples.py::test_rdflib_examples[03_parse_autodetect.py],call,0.0,0.25
after,27,test_rdflib_examples[06_serialize_grouped.py],tests/integration_tests/test_rdflib/test_examples.py::test_rdflib_examples[06_serialize_grouped.py],call,0.0,0.25
after,27,test_rdflib_examples[04_parse_grouped.py],tests/integration_tests/test_rdflib/test_examples.py::test_rdflib_examples[04_parse_grouped.py],call,0.0,0.25
after,27,test_rdflib_examples[05_parse_flat.py],tests/integration_tests/test_rdflib/test_examples.py::test_rdflib_examples[05_parse_flat.py],call,0.0,0.25
after,27,test_rdflib_examples[07_serialize_flat.py],tests/integration_tests/test_rdflib/test_examples.py::test_rdflib_examples[07_serialize_flat.py],call,0.0,0.25
after,27,test_rdflib_examples[01_serialize.py],tests/integration_tests/test_rdflib/test_examples.py::test_rdflib_examples[01_serialize.py],setup,0.0,0.25
after,27,test_rdflib_examples[04_parse_grouped.py],tests/integration_tests/test_rdflib/test_examples.py::test_rdflib_examples[04_parse_grouped.py],setup,0.0,0.25
after,27,test_rdflib_examples[02_parse.py],tests/integration_tests/test_rdflib/test_examples.py::test_rdflib_examples[02_parse.py],setup,0.0,0.25
after,27,test_rdflib_examples[07_serialize_flat.py],tests/integration_tests/test_rdflib/test_examples.py::test_rdflib_examples[07_serialize_flat.py],setup,0.0,0.25
after,27,test_rdflib_examples[03_parse_autodetect.py],tests/integration_tests/test_rdflib/test_examples.py::test_rdflib_examples[03_parse_autodetect.py],teardown,0.0,0.25
after,27,test_rdflib_examples[03_parse_autodetect.py],tests/integration_tests/test_rdflib/test_examples.py::test_rdflib_examples[03_parse_autodetect.py],setup,0.0,0.25
after,27,test_rdflib_examples[06_serialize_grouped.py],tests/integration_tests/test_rdflib/test_examples.py::test_rdflib_examples[06_serialize_grouped.py],setup,0.0,0.25
after,27,test_rdflib_examples[05_parse_flat.py],tests/integration_tests/test_rdflib/test_examples.py::test_rdflib_examples[05_parse_flat.py],setup,0.0,0.25
after,27,test_rdflib_examples[01_serialize.py],tests/integration_tests/test_rdflib/test_examples.py::test_rdflib_examples[01_serialize.py],teardown,0.0,0.25
after,27,test_rdflib_examples[05_parse_flat.py],tests/integration_tests/test_rdflib/test_examples.py::test_rdflib_examples[05_parse_flat.py],teardown,0.0,0.25
after,27,test_rdflib_examples[04_parse_grouped.py],tests/integration_tests/test_rdflib/test_examples.py::test_rdflib_examples[04_parse_grouped.py],teardown,0.0,0.25
after,27,test_rdflib_examples[06_serialize_grouped.py],tests/integration_tests/test_rdflib/test_examples.py::test_rdflib_examples[06_serialize_grouped.py],teardown,0.0,0.25
after,27,test_rdflib_examples[07_serialize_flat.py],tests/integration_tests/test_rdflib/test_examples.py::test_rdflib_examples[07_serialize_flat.py],teardown,0.0,0.25
after,27,test_rdflib_examples[02_parse.py],tests/integration_tests/test_rdflib/test_examples.py::test_rdflib_examples[02_parse.py],teardown,0.0,0.25
after,28,test_rdflib_examples[01_serialize.py],tests/integration_tests/test_rdflib/test_examples.py::test_rdflib_examples[01_serialize.py],call,0.07,0.25
after,28,test_rdflib_examples[02_parse.py],tests/integration_tests/test_rdflib/test_examples.py::test_rdflib_examples[02_parse.py],call,0.01,0.25
after,28,test_rdflib_examples[03_parse_autodetect.py],tests/integration_tests/test_rdflib/test_examples.py::test_rdflib_examples[03_parse_autodetect.py],call,0.0,0.25
after,28,test_rdflib_examples[06_serialize_grouped.py],tests/integration_tests/test_rdflib/test_examples.py::test_rdflib_examples[06_serialize_grouped.py],call,0.0,0.25
after,28,test_rdflib_examples[04_parse_grouped.py],tests/integration_tests/test_rdflib/test_examples.py::test_rdflib_examples[04_parse_grouped.py],call,0.0,0.25
after,28,test_rdflib_examples[05_parse_flat.py],tests/integration_tests/test_rdflib/test_examples.py::test_rdflib_examples[05_parse_flat.py],call,0.0,0.25
after,28,test_rdflib_examples[07_serialize_flat.py],tests/integration_tests/test_rdflib/test_examples.py::test_rdflib_examples[07_serialize_flat.py],call,0.0,0.25
after,28,test_rdflib_examples[01_serialize.py],tests/integration_tests/test_rdflib/test_examples.py::test_rdflib_examples[01_serialize.py],setup,0.0,0.25
after,28,test_rdflib_examples[02_parse.py],tests/integration_tests/test_rdflib/test_examples.py::test_rdflib_examples[02_parse.py],setup,0.0,0.25
after,28,test_rdflib_examples[04_parse_grouped.py],tests/integration_tests/test_rdflib/test_examples.py::test_rdflib_examples[04_parse_grouped.py],setup,0.0,0.25
after,28,test_rdflib_examples[03_parse_autodetect.py],tests/integration_tests/test_rdflib/test_examples.py::test_rdflib_examples[03_parse_autodetect.py],teardown,0.0,0.25
after,28,test_rdflib_examples[03_parse_autodetect.py],tests/integration_tests/test_rdflib/test_examples.py::test_rdflib_examples[03_parse_autodetect.py],setup,0.0,0.25
after,28,test_rdflib_examples[06_serialize_grouped.py],tests/integration_tests/test_rdflib/test_examples.py::test_rdflib_examples[06_serialize_grouped.py],setup,0.0,0.25
after,28,test_rdflib_examples[07_serialize_flat.py],tests/integration_tests/test_rdflib/test_examples.py::test_rdflib_examples[07_serialize_flat.py],setup,0.0,0.25
after,28,test_rdflib_examples[05_parse_flat.py],tests/integration_tests/test_rdflib/test_examples.py::test_rdflib_examples[05_parse_flat.py],setup,0.0,0.25
after,28,test_rdflib_examples[01_serialize.py],tests/integration_tests/test_rdflib/test_examples.py::test_rdflib_examples[01_serialize.py],teardown,0.0,0.25
after,28,test_rdflib_examples[05_parse_flat.py],tests/integration_tests/test_rdflib/test_examples.py::test_rdflib_examples[05_parse_flat.py],teardown,0.0,0.25
after,28,test_rdflib_examples[07_serialize_flat.py],tests/integration_tests/test_rdflib/test_examples.py::test_rdflib_examples[07_serialize_flat.py],teardown,0.0,0.25
after,28,test_rdflib_examples[04_parse_grouped.py],tests/integration_tests/test_rdflib/test_examples.py::test_rdflib_examples[04_parse_grouped.py],teardown,0.0,0.25
after,28,test_rdflib_examples[06_serialize_grouped.py],tests/integration_tests/test_rdflib/test_examples.py::test_rdflib_examples[06_serialize_grouped.py],teardown,0.0,0.25
after,28,test_rdflib_examples[02_parse.py],tests/integration_tests/test_rdflib/test_examples.py::test_rdflib_examples[02_parse.py],teardown,0.0,0.25
after,29,test_rdflib_examples[01_serialize.py],tests/integration_tests/test_rdflib/test_examples.py::test_rdflib_examples[01_serialize.py],call,0.07,0.25
after,29,test_rdflib_examples[02_parse.py],tests/integration_tests/test_rdflib/test_examples.py::test_rdflib_examples[02_parse.py],call,0.01,0.25
after,29,test_rdflib_examples[03_parse_autodetect.py],tests/integration_tests/test_rdflib/test_examples.py::test_rdflib_examples[03_parse_autodetect.py],call,0.0,0.25
after,29,test_rdflib_examples[06_serialize_grouped.py],tests/integration_tests/test_rdflib/test_examples.py::test_rdflib_examples[06_serialize_grouped.py],call,0.0,0.25
after,29,test_rdflib_examples[04_parse_grouped.py],tests/integration_tests/test_rdflib/test_examples.py::test_rdflib_examples[04_parse_grouped.py],call,0.0,0.25
after,29,test_rdflib_examples[05_parse_flat.py],tests/integration_tests/test_rdflib/test_examples.py::test_rdflib_examples[05_parse_flat.py],call,0.0,0.25
after,29,test_rdflib_examples[07_serialize_flat.py],tests/integration_tests/test_rdflib/test_examples.py::test_rdflib_examples[07_serialize_flat.py],call,0.0,0.25
after,29,test_rdflib_examples[01_serialize.py],tests/integration_tests/test_rdflib/test_examples.py::test_rdflib_examples[01_serialize.py],setup,0.0,0.25
after,29,test_rdflib_examples[02_parse.py],tests/integration_tests/test_rdflib/test_examples.py::test_rdflib_examples[02_parse.py],setup,0.0,0.25
after,29,test_rdflib_examples[04_parse_grouped.py],tests/integration_tests/test_rdflib/test_examples.py::test_rdflib_examples[04_parse_grouped.py],setup,0.0,0.25
after,29,test_rdflib_examples[07_serialize_flat.py],tests/integration_tests/test_rdflib/test_examples.py::test_rdflib_examples[07_serialize_flat.py],setup,0.0,0.25
after,29,test_rdflib_examples[06_serialize_grouped.py],tests/integration_tests/test_rdflib/test_examples.py::test_rdflib_examples[06_serialize_grouped.py],setup,0.0,0.25
after,29,test_rdflib_examples[03_parse_autodetect.py],tests/integration_tests/test_rdflib/test_examples.py::test_rdflib_examples[03_parse_autodetect.py],teardown,0.0,0.25
after,29,test_rdflib_examples[03_parse_autodetect.py],tests/integration_tests/test_rdflib/test_examples.py::test_rdflib_examples[03_parse_autodetect.py],setup,0.0,0.25
after,29,test_rdflib_examples[05_parse_flat.py],tests/integration_tests/test_rdflib/test_examples.py::test_rdflib_examples[05_parse_flat.py],setup,0.0,0.25
after,29,test_rdflib_examples[01_serialize.py],tests/integration_tests/test_rdflib/test_examples.py::test_rdflib_examples[01_serialize.py],teardown,0.0,0.25
after,29,test_rdflib_examples[05_parse_flat.py],tests/integration_tests/test_rdflib/test_examples.py::test_rdflib_examples[05_parse_flat.py],teardown,0.0,0.25
after,29,test_rdflib_examples[07_serialize_flat.py],tests/integration_tests/test_rdflib/test_examples.py::test_rdflib_examples[07_serialize_flat.py],teardown,0.0,0.25
after,29,test_rdflib_examples[06_serialize_grouped.py],tests/integration_tests/test_rdflib/test_examples.py::test_rdflib_examples[06_serialize_grouped.py],teardown,0.0,0.25
after,29,test_rdflib_examples[04_parse_grouped.py],tests/integration_tests/test_rdflib/test_examples.py::test_rdflib_examples[04_parse_grouped.py],teardown,0.0,0.25
after,29,test_rdflib_examples[02_parse.py],tests/integration_tests/test_rdflib/test_examples.py::test_rdflib_examples[02_parse.py],teardown,0.0,0.25
after,30,test_rdflib_examples[01_serialize.py],tests/integration_tests/test_rdflib/test_examples.py::test_rdflib_examples[01_serialize.py],call,0.07,0.25
after,30,test_rdflib_examples[02_parse.py],tests/integration_tests/test_rdflib/test_examples.py::test_rdflib_examples[02_parse.py],call,0.01,0.25
after,30,test_rdflib_examples[03_parse_autodetect.py],tests/integration_tests/test_rdflib/test_examples.py::test_rdflib_examples[03_parse_autodetect.py],call,0.0,0.25
after,30,test_rdflib_examples[06_serialize_grouped.py],tests/integration_tests/test_rdflib/test_examples.py::test_rdflib_examples[06_serialize_grouped.py],call,0.0,0.25
after,30,test_rdflib_examples[04_parse_grouped.py],tests/integration_tests/test_rdflib/test_examples.py::test_rdflib_examples[04_parse_grouped.py],call,0.0,0.25
after,30,test_rdflib_examples[05_parse_flat.py],tests/integration_tests/test_rdflib/test_examples.py::test_rdflib_examples[05_parse_flat.py],call,0.0,0.25
after,30,test_rdflib_examples[07_serialize_flat.py],tests/integration_tests/test_rdflib/test_examples.py::test_rdflib_examples[07_serialize_flat.py],call,0.0,0.25
after,30,test_rdflib_examples[01_serialize.py],tests/integration_tests/test_rdflib/test_examples.py::test_rdflib_examples[01_serialize.py],setup,0.0,0.25
after,30,test_rdflib_examples[02_parse.py],tests/integration_tests/test_rdflib/test_examples.py::test_rdflib_examples[02_parse.py],setup,0.0,0.25
after,30,test_rdflib_examples[04_parse_grouped.py],tests/integration_tests/test_rdflib/test_examples.py::test_rdflib_examples[04_parse_grouped.py],setup,0.0,0.25
after,30,test_rdflib_examples[06_serialize_grouped.py],tests/integration_tests/test_rdflib/test_examples.py::test_rdflib_examples[06_serialize_grouped.py],setup,0.0,0.25
after,30,test_rdflib_examples[07_serialize_flat.py],tests/integration_tests/test_rdflib/test_examples.py::test_rdflib_examples[07_serialize_flat.py],setup,0.0,0.25
after,30,test_rdflib_examples[03_parse_autodetect.py],tests/integration_tests/test_rdflib/test_examples.py::test_rdflib_examples[03_parse_autodetect.py],teardown,0.0,0.25
after,30,test_rdflib_examples[05_parse_flat.py],tests/integration_tests/test_rdflib/test_examples.py::test_rdflib_examples[05_parse_flat.py],setup,0.0,0.25
after,30,test_rdflib_examples[03_parse_autodetect.py],tests/integration_tests/test_rdflib/test_examples.py::test_rdflib_examples[03_parse_autodetect.py],setup,0.0,0.25
after,30,test_rdflib_examples[01_serialize.py],tests/integration_tests/test_rdflib/test_examples.py::test_rdflib_examples[01_serialize.py],teardown,0.0,0.25
after,30,test_rdflib_examples[05_parse_flat.py],tests/integration_tests/test_rdflib/test_examples.py::test_rdflib_examples[05_parse_flat.py],teardown,0.0,0.25
after,30,test_rdflib_examples[07_serialize_flat.py],tests/integration_tests/test_rdflib/test_examples.py::test_rdflib_examples[07_serialize_flat.py],teardown,0.0,0.25
after,30,test_rdflib_examples[06_serialize_grouped.py],tests/integration_tests/test_rdflib/test_examples.py::test_rdflib_examples[06_serialize_grouped.py],teardown,0.0,0.25
after,30,test_rdflib_examples[04_parse_grouped.py],tests/integration_tests/test_rdflib/test_examples.py::test_rdflib_examples[04_parse_grouped.py],teardown,0.0,0.25
after,30,test_rdflib_examples[02_parse.py],tests/integration_tests/test_rdflib/test_examples.py::test_rdflib_examples[02_parse.py],teardown,0.0,0.25
after,31,test_rdflib_examples[01_serialize.py],tests/integration_tests/test_rdflib/test_examples.py::test_rdflib_examples[01_serialize.py],call,0.07,0.25
after,31,test_rdflib_examples[02_parse.py],tests/integration_tests/test_rdflib/test_examples.py::test_rdflib_examples[02_parse.py],call,0.01,0.25
after,31,test_rdflib_examples[03_parse_autodetect.py],tests/integration_tests/test_rdflib/test_examples.py::test_rdflib_examples[03_parse_autodetect.py],call,0.0,0.25
after,31,test_rdflib_examples[06_serialize_grouped.py],tests/integration_tests/test_rdflib/test_examples.py::test_rdflib_examples[06_serialize_grouped.py],call,0.0,0.25
after,31,test_rdflib_examples[04_parse_grouped.py],tests/integration_tests/test_rdflib/test_examples.py::test_rdflib_examples[04_parse_grouped.py],call,0.0,0.25
after,31,test_rdflib_examples[05_parse_flat.py],tests/integration_tests/test_rdflib/test_examples.py::test_rdflib_examples[05_parse_flat.py],call,0.0,0.25
after,31,test_rdflib_examples[07_serialize_flat.py],tests/integration_tests/test_rdflib/test_examples.py::test_rdflib_examples[07_serialize_flat.py],call,0.0,0.25
after,31,test_rdflib_examples[01_serialize.py],tests/integration_tests/test_rdflib/test_examples.py::test_rdflib_examples[01_serialize.py],setup,0.0,0.25
after,31,test_rdflib_examples[04_parse_grouped.py],tests/integration_tests/test_rdflib/test_examples.py::test_rdflib_examples[04_parse_grouped.py],setup,0.0,0.25
after,31,test_rdflib_examples[02_parse.py],tests/integration_tests/test_rdflib/test_examples.py::test_rdflib_examples[02_parse.py],setup,0.0,0.25
after,31,test_rdflib_examples[06_serialize_grouped.py],tests/integration_tests/test_rdflib/test_examples.py::test_rdflib_examples[06_serialize_grouped.py],setup,0.0,0.25
after,31,test_rdflib_examples[07_serialize_flat.py],tests/integration_tests/test_rdflib/test_examples.py::test_rdflib_examples[07_serialize_flat.py],setup,0.0,0.25
after,31,test_rdflib_examples[03_parse_autodetect.py],tests/integration_tests/test_rdflib/test_examples.py::test_rdflib_examples[03_parse_autodetect.py],teardown,0.0,0.25
after,31,test_rdflib_examples[03_parse_autodetect.py],tests/integration_tests/test_rdflib/test_examples.py::test_rdflib_examples[03_parse_autodetect.py],setup,0.0,0.25
after,31,test_rdflib_examples[05_parse_flat.py],tests/integration_tests/test_rdflib/test_examples.py::test_rdflib_examples[05_parse_flat.py],setup,0.0,0.25
after,31,test_rdflib_examples[01_serialize.py],tests/integration_tests/test_rdflib/test_examples.py::test_rdflib_examples[01_serialize.py],teardown,0.0,0.25
after,31,test_rdflib_examples[05_parse_flat.py],tests/integration_tests/test_rdflib/test_examples.py::test_rdflib_examples[05_parse_flat.py],teardown,0.0,0.25
after,31,test_rdflib_examples[06_serialize_grouped.py],tests/integration_tests/test_rdflib/test_examples.py::test_rdflib_examples[06_serialize_grouped.py],teardown,0.0,0.25
after,31,test_rdflib_examples[04_parse_grouped.py],tests/integration_tests/test_rdflib/test_examples.py::test_rdflib_examples[04_parse_grouped.py],teardown,0.0,0.25
after,31,test_rdflib_examples[07_serialize_flat.py],tests/integration_tests/test_rdflib/test_examples.py::test_rdflib_examples[07_serialize_flat.py],teardown,0.0,0.25
after,31,test_rdflib_examples[02_parse.py],tests/integration_tests/test_rdflib/test_examples.py::test_rdflib_examples[02_parse.py],teardown,0.0,0.25
after,32,test_rdflib_examples[01_serialize.py],tests/integration_tests/test_rdflib/test_examples.py::test_rdflib_examples[01_serialize.py],call,0.07,0.26
after,32,test_rdflib_examples[02_parse.py],tests/integration_tests/test_rdflib/test_examples.py::test_rdflib_examples[02_parse.py],call,0.01,0.26
after,32,test_rdflib_examples[03_parse_autodetect.py],tests/integration_tests/test_rdflib/test_examples.py::test_rdflib_examples[03_parse_autodetect.py],call,0.0,0.26
after,32,test_rdflib_examples[06_serialize_grouped.py],tests/integration_tests/test_rdflib/test_examples.py::test_rdflib_examples[06_serialize_grouped.py],call,0.0,0.26
after,32,test_rdflib_examples[04_parse_grouped.py],tests/integration_tests/test_rdflib/test_examples.py::test_rdflib_examples[04_parse_grouped.py],call,0.0,0.26
after,32,test_rdflib_examples[05_parse_flat.py],tests/integration_tests/test_rdflib/test_examples.py::test_rdflib_examples[05_parse_flat.py],call,0.0,0.26
after,32,test_rdflib_examples[07_serialize_flat.py],tests/integration_tests/test_rdflib/test_examples.py::test_rdflib_examples[07_serialize_flat.py],call,0.0,0.26
after,32,test_rdflib_examples[01_serialize.py],tests/integration_tests/test_rdflib/test_examples.py::test_rdflib_examples[01_serialize.py],setup,0.0,0.26
after,32,test_rdflib_examples[02_parse.py],tests/integration_tests/test_rdflib/test_examples.py::test_rdflib_examples[02_parse.py],setup,0.0,0.26
after,32,test_rdflib_examples[04_parse_grouped.py],tests/integration_tests/test_rdflib/test_examples.py::test_rdflib_examples[04_parse_grouped.py],setup,0.0,0.26
after,32,test_rdflib_examples[03_parse_autodetect.py],tests/integration_tests/test_rdflib/test_examples.py::test_rdflib_examples[03_parse_autodetect.py],setup,0.0,0.26
after,32,test_rdflib_examples[03_parse_autodetect.py],tests/integration_tests/test_rdflib/test_examples.py::test_rdflib_examples[03_parse_autodetect.py],teardown,0.0,0.26
after,32,test_rdflib_examples[05_parse_flat.py],tests/integration_tests/test_rdflib/test_examples.py::test_rdflib_examples[05_parse_flat.py],setup,0.0,0.26
after,32,test_rdflib_examples[06_serialize_grouped.py],tests/integration_tests/test_rdflib/test_examples.py::test_rdflib_examples[06_serialize_grouped.py],setup,0.0,0.26
after,32,test_rdflib_examples[07_serialize_flat.py],tests/integration_tests/test_rdflib/test_examples.py::test_rdflib_examples[07_serialize_flat.py],setup,0.0,0.26
after,32,test_rdflib_examples[01_serialize.py],tests/integration_tests/test_rdflib/test_examples.py::test_rdflib_examples[01_serialize.py],teardown,0.0,0.26
after,32,test_rdflib_examples[07_serialize_flat.py],tests/integration_tests/test_rdflib/test_examples.py::test_rdflib_examples[07_serialize_flat.py],teardown,0.0,0.26
after,32,test_rdflib_examples[06_serialize_grouped.py],tests/integration_tests/test_rdflib/test_examples.py::test_rdflib_examples[06_serialize_grouped.py],teardown,0.0,0.26
after,32,test_rdflib_examples[04_parse_grouped.py],tests/integration_tests/test_rdflib/test_examples.py::test_rdflib_examples[04_parse_grouped.py],teardown,0.0,0.26
after,32,test_rdflib_examples[05_parse_flat.py],tests/integration_tests/test_rdflib/test_examples.py::test_rdflib_examples[05_parse_flat.py],teardown,0.0,0.26
after,32,test_rdflib_examples[02_parse.py],tests/integration_tests/test_rdflib/test_examples.py::test_rdflib_examples[02_parse.py],teardown,0.0,0.26
after,33,test_rdflib_examples[01_serialize.py],tests/integration_tests/test_rdflib/test_examples.py::test_rdflib_examples[01_serialize.py],call,0.07,0.25
after,33,test_rdflib_examples[02_parse.py],tests/integration_tests/test_rdflib/test_examples.py::test_rdflib_examples[02_parse.py],call,0.01,0.25
after,33,test_rdflib_examples[03_parse_autodetect.py],tests/integration_tests/test_rdflib/test_examples.py::test_rdflib_examples[03_parse_autodetect.py],call,0.0,0.25
after,33,test_rdflib_examples[06_serialize_grouped.py],tests/integration_tests/test_rdflib/test_examples.py::test_rdflib_examples[06_serialize_grouped.py],call,0.0,0.25
after,33,test_rdflib_examples[04_parse_grouped.py],tests/integration_tests/test_rdflib/test_examples.py::test_rdflib_examples[04_parse_grouped.py],call,0.0,0.25
after,33,test_rdflib_examples[05_parse_flat.py],tests/integration_tests/test_rdflib/test_examples.py::test_rdflib_examples[05_parse_flat.py],call,0.0,0.25
after,33,test_rdflib_examples[07_serialize_flat.py],tests/integration_tests/test_rdflib/test_examples.py::test_rdflib_examples[07_serialize_flat.py],call,0.0,0.25
after,33,test_rdflib_examples[01_serialize.py],tests/integration_tests/test_rdflib/test_examples.py::test_rdflib_examples[01_serialize.py],setup,0.0,0.25
after,33,test_rdflib_examples[04_parse_grouped.py],tests/integration_tests/test_rdflib/test_examples.py::test_rdflib_examples[04_parse_grouped.py],setup,0.0,0.25
after,33,test_rdflib_examples[02_parse.py],tests/integration_tests/test_rdflib/test_examples.py::test_rdflib_examples[02_parse.py],setup,0.0,0.25
after,33,test_rdflib_examples[07_serialize_flat.py],tests/integration_tests/test_rdflib/test_examples.py::test_rdflib_examples[07_serialize_flat.py],setup,0.0,0.25
after,33,test_rdflib_examples[06_serialize_grouped.py],tests/integration_tests/test_rdflib/test_examples.py::test_rdflib_examples[06_serialize_grouped.py],setup,0.0,0.25
after,33,test_rdflib_examples[03_parse_autodetect.py],tests/integration_tests/test_rdflib/test_examples.py::test_rdflib_examples[03_parse_autodetect.py],setup,0.0,0.25
after,33,test_rdflib_examples[03_parse_autodetect.py],tests/integration_tests/test_rdflib/test_examples.py::test_rdflib_examples[03_parse_autodetect.py],teardown,0.0,0.25
after,33,test_rdflib_examples[05_parse_flat.py],tests/integration_tests/test_rdflib/test_examples.py::test_rdflib_examples[05_parse_flat.py],setup,0.0,0.25
after,33,test_rdflib_examples[01_serialize.py],tests/integration_tests/test_rdflib/test_examples.py::test_rdflib_examples[01_serialize.py],teardown,0.0,0.25
after,33,test_rdflib_examples[05_parse_flat.py],tests/integration_tests/test_rdflib/test_examples.py::test_rdflib_examples[05_parse_flat.py],teardown,0.0,0.25
after,33,test_rdflib_examples[07_serialize_flat.py],tests/integration_tests/test_rdflib/test_examples.py::test_rdflib_examples[07_serialize_flat.py],teardown,0.0,0.25
after,33,test_rdflib_examples[06_serialize_grouped.py],tests/integration_tests/test_rdflib/test_examples.py::test_rdflib_examples[06_serialize_grouped.py],teardown,0.0,0.25
after,33,test_rdflib_examples[04_parse_grouped.py],tests/integration_tests/test_rdflib/test_examples.py::test_rdflib_examples[04_parse_grouped.py],teardown,0.0,0.25
after,33,test_rdflib_examples[02_parse.py],tests/integration_tests/test_rdflib/test_examples.py::test_rdflib_examples[02_parse.py],teardown,0.0,0.25
after,34,test_rdflib_examples[01_serialize.py],tests/integration_tests/test_rdflib/test_examples.py::test_rdflib_examples[01_serialize.py],call,0.07,0.25
after,34,test_rdflib_examples[02_parse.py],tests/integration_tests/test_rdflib/test_examples.py::test_rdflib_examples[02_parse.py],call,0.01,0.25
after,34,test_rdflib_examples[03_parse_autodetect.py],tests/integration_tests/test_rdflib/test_examples.py::test_rdflib_examples[03_parse_autodetect.py],call,0.0,0.25
after,34,test_rdflib_examples[06_serialize_grouped.py],tests/integration_tests/test_rdflib/test_examples.py::test_rdflib_examples[06_serialize_grouped.py],call,0.0,0.25
after,34,test_rdflib_examples[04_parse_grouped.py],tests/integration_tests/test_rdflib/test_examples.py::test_rdflib_examples[04_parse_grouped.py],call,0.0,0.25
after,34,test_rdflib_examples[05_parse_flat.py],tests/integration_tests/test_rdflib/test_examples.py::test_rdflib_examples[05_parse_flat.py],call,0.0,0.25
after,34,test_rdflib_examples[07_serialize_flat.py],tests/integration_tests/test_rdflib/test_examples.py::test_rdflib_examples[07_serialize_flat.py],call,0.0,0.25
after,34,test_rdflib_examples[01_serialize.py],tests/integration_tests/test_rdflib/test_examples.py::test_rdflib_examples[01_serialize.py],setup,0.0,0.25
after,34,test_rdflib_examples[04_parse_grouped.py],tests/integration_tests/test_rdflib/test_examples.py::test_rdflib_examples[04_parse_grouped.py],setup,0.0,0.25
after,34,test_rdflib_examples[02_parse.py],tests/integration_tests/test_rdflib/test_examples.py::test_rdflib_examples[02_parse.py],setup,0.0,0.25
after,34,test_rdflib_examples[05_parse_flat.py],tests/integration_tests/test_rdflib/test_examples.py::test_rdflib_examples[05_parse_flat.py],setup,0.0,0.25
after,34,test_rdflib_examples[06_serialize_grouped.py],tests/integration_tests/test_rdflib/test_examples.py::test_rdflib_examples[06_serialize_grouped.py],setup,0.0,0.25
after,34,test_rdflib_examples[03_parse_autodetect.py],tests/integration_tests/test_rdflib/test_examples.py::test_rdflib_examples[03_parse_autodetect.py],setup,0.0,0.25
after,34,test_rdflib_examples[03_parse_autodetect.py],tests/integration_tests/test_rdflib/test_examples.py::test_rdflib_examples[03_parse_autodetect.py],teardown,0.0,0.25
after,34,test_rdflib_examples[07_serialize_flat.py],tests/integration_tests/test_rdflib/test_examples.py::test_rdflib_examples[07_serialize_flat.py],setup,0.0,0.25
after,34,test_rdflib_examples[01_serialize.py],tests/integration_tests/test_rdflib/test_examples.py::test_rdflib_examples[01_serialize.py],teardown,0.0,0.25
after,34,test_rdflib_examples[07_serialize_flat.py],tests/integration_tests/test_rdflib/test_examples.py::test_rdflib_examples[07_serialize_flat.py],teardown,0.0,0.25
after,34,test_rdflib_examples[04_parse_grouped.py],tests/integration_tests/test_rdflib/test_examples.py::test_rdflib_examples[04_parse_grouped.py],teardown,0.0,0.25
after,34,test_rdflib_examples[05_parse_flat.py],tests/integration_tests/test_rdflib/test_examples.py::test_rdflib_examples[05_parse_flat.py],teardown,0.0,0.25
after,34,test_rdflib_examples[06_serialize_grouped.py],tests/integration_tests/test_rdflib/test_examples.py::test_rdflib_examples[06_serialize_grouped.py],teardown,0.0,0.25
after,34,test_rdflib_examples[02_parse.py],tests/integration_tests/test_rdflib/test_examples.py::test_rdflib_examples[02_parse.py],teardown,0.0,0.25
after,35,test_rdflib_examples[01_serialize.py],tests/integration_tests/test_rdflib/test_examples.py::test_rdflib_examples[01_serialize.py],call,0.07,0.25
after,35,test_rdflib_examples[02_parse.py],tests/integration_tests/test_rdflib/test_examples.py::test_rdflib_examples[02_parse.py],call,0.01,0.25
after,35,test_rdflib_examples[03_parse_autodetect.py],tests/integration_tests/test_rdflib/test_examples.py::test_rdflib_examples[03_parse_autodetect.py],call,0.0,0.25
after,35,test_rdflib_examples[06_serialize_grouped.py],tests/integration_tests/test_rdflib/test_examples.py::test_rdflib_examples[06_serialize_grouped.py],call,0.0,0.25
after,35,test_rdflib_examples[04_parse_grouped.py],tests/integration_tests/test_rdflib/test_examples.py::test_rdflib_examples[04_parse_grouped.py],call,0.0,0.25
after,35,test_rdflib_examples[05_parse_flat.py],tests/integration_tests/test_rdflib/test_examples.py::test_rdflib_examples[05_parse_flat.py],call,0.0,0.25
after,35,test_rdflib_examples[07_serialize_flat.py],tests/integration_tests/test_rdflib/test_examples.py::test_rdflib_examples[07_serialize_flat.py],call,0.0,0.25
after,35,test_rdflib_examples[01_serialize.py],tests/integration_tests/test_rdflib/test_examples.py::test_rdflib_examples[01_serialize.py],setup,0.0,0.25
after,35,test_rdflib_examples[04_parse_grouped.py],tests/integration_tests/test_rdflib/test_examples.py::test_rdflib_examples[04_parse_grouped.py],setup,0.0,0.25
after,35,test_rdflib_examples[02_parse.py],tests/integration_tests/test_rdflib/test_examples.py::test_rdflib_examples[02_parse.py],setup,0.0,0.25
after,35,test_rdflib_examples[06_serialize_grouped.py],tests/integration_tests/test_rdflib/test_examples.py::test_rdflib_examples[06_serialize_grouped.py],setup,0.0,0.25
after,35,test_rdflib_examples[03_parse_autodetect.py],tests/integration_tests/test_rdflib/test_examples.py::test_rdflib_examples[03_parse_autodetect.py],setup,0.0,0.25
after,35,test_rdflib_examples[03_parse_autodetect.py],tests/integration_tests/test_rdflib/test_examples.py::test_rdflib_examples[03_parse_autodetect.py],teardown,0.0,0.25
after,35,test_rdflib_examples[05_parse_flat.py],tests/integration_tests/test_rdflib/test_examples.py::test_rdflib_examples[05_parse_flat.py],setup,0.0,0.25
after,35,test_rdflib_examples[07_serialize_flat.py],tests/integration_tests/test_rdflib/test_examples.py::test_rdflib_examples[07_serialize_flat.py],setup,0.0,0.25
after,35,test_rdflib_examples[01_serialize.py],tests/integration_tests/test_rdflib/test_examples.py::test_rdflib_examples[01_serialize.py],teardown,0.0,0.25
after,35,test_rdflib_examples[07_serialize_flat.py],tests/integration_tests/test_rdflib/test_examples.py::test_rdflib_examples[07_serialize_flat.py],teardown,0.0,0.25
after,35,test_rdflib_examples[04_parse_grouped.py],tests/integration_tests/test_rdflib/test_examples.py::test_rdflib_examples[04_parse_grouped.py],teardown,0.0,0.25
after,35,test_rdflib_examples[05_parse_flat.py],tests/integration_tests/test_rdflib/test_examples.py::test_rdflib_examples[05_parse_flat.py],teardown,0.0,0.25
after,35,test_rdflib_examples[02_parse.py],tests/integration_tests/test_rdflib/test_examples.py::test_rdflib_examples[02_parse.py],teardown,0.0,0.25
after,35,test_rdflib_examples[06_serialize_grouped.py],tests/integration_tests/test_rdflib/test_examples.py::test_rdflib_examples[06_serialize_grouped.py],teardown,0.0,0.25
after,36,test_rdflib_examples[01_serialize.py],tests/integration_tests/test_rdflib/test_examples.py::test_rdflib_examples[01_serialize.py],call,0.07,0.25
after,36,test_rdflib_examples[02_parse.py],tests/integration_tests/test_rdflib/test_examples.py::test_rdflib_examples[02_parse.py],call,0.01,0.25
after,36,test_rdflib_examples[03_parse_autodetect.py],tests/integration_tests/test_rdflib/test_examples.py::test_rdflib_examples[03_parse_autodetect.py],call,0.0,0.25
after,36,test_rdflib_examples[06_serialize_grouped.py],tests/integration_tests/test_rdflib/test_examples.py::test_rdflib_examples[06_serialize_grouped.py],call,0.0,0.25
after,36,test_rdflib_examples[04_parse_grouped.py],tests/integration_tests/test_rdflib/test_examples.py::test_rdflib_examples[04_parse_grouped.py],call,0.0,0.25
after,36,test_rdflib_examples[05_parse_flat.py],tests/integration_tests/test_rdflib/test_examples.py::test_rdflib_examples[05_parse_flat.py],call,0.0,0.25
after,36,test_rdflib_examples[07_serialize_flat.py],tests/integration_tests/test_rdflib/test_examples.py::test_rdflib_examples[07_serialize_flat.py],call,0.0,0.25
after,36,test_rdflib_examples[01_serialize.py],tests/integration_tests/test_rdflib/test_examples.py::test_rdflib_examples[01_serialize.py],setup,0.0,0.25
after,36,test_rdflib_examples[02_parse.py],tests/integration_tests/test_rdflib/test_examples.py::test_rdflib_examples[02_parse.py],setup,0.0,0.25
after,36,test_rdflib_examples[04_parse_grouped.py],tests/integration_tests/test_rdflib/test_examples.py::test_rdflib_examples[04_parse_grouped.py],setup,0.0,0.25
after,36,test_rdflib_examples[03_parse_autodetect.py],tests/integration_tests/test_rdflib/test_examples.py::test_rdflib_examples[03_parse_autodetect.py],setup,0.0,0.25
after,36,test_rdflib_examples[03_parse_autodetect.py],tests/integration_tests/test_rdflib/test_examples.py::test_rdflib_examples[03_parse_autodetect.py],teardown,0.0,0.25
after,36,test_rdflib_examples[07_serialize_flat.py],tests/integration_tests/test_rdflib/test_examples.py::test_rdflib_examples[07_serialize_flat.py],setup,0.0,0.25
after,36,test_rdflib_examples[06_serialize_grouped.py],tests/integration_tests/test_rdflib/test_examples.py::test_rdflib_examples[06_serialize_grouped.py],setup,0.0,0.25
after,36,test_rdflib_examples[05_parse_flat.py],tests/integration_tests/test_rdflib/test_examples.py::test_rdflib_examples[05_parse_flat.py],setup,0.0,0.25
after,36,test_rdflib_examples[01_serialize.py],tests/integration_tests/test_rdflib/test_examples.py::test_rdflib_examples[01_serialize.py],teardown,0.0,0.25
after,36,test_rdflib_examples[07_serialize_flat.py],tests/integration_tests/test_rdflib/test_examples.py::test_rdflib_examples[07_serialize_flat.py],teardown,0.0,0.25
after,36,test_rdflib_examples[02_parse.py],tests/integration_tests/test_rdflib/test_examples.py::test_rdflib_examples[02_parse.py],teardown,0.0,0.25
after,36,test_rdflib_examples[04_parse_grouped.py],tests/integration_tests/test_rdflib/test_examples.py::test_rdflib_examples[04_parse_grouped.py],teardown,0.0,0.25
after,36,test_rdflib_examples[05_parse_flat.py],tests/integration_tests/test_rdflib/test_examples.py::test_rdflib_examples[05_parse_flat.py],teardown,0.0,0.25
after,36,test_rdflib_examples[06_serialize_grouped.py],tests/integration_tests/test_rdflib/test_examples.py::test_rdflib_examples[06_serialize_grouped.py],teardown,0.0,0.25
after,37,test_rdflib_examples[01_serialize.py],tests/integration_tests/test_rdflib/test_examples.py::test_rdflib_examples[01_serialize.py],call,0.07,0.25
after,37,test_rdflib_examples[02_parse.py],tests/integration_tests/test_rdflib/test_examples.py::test_rdflib_examples[02_parse.py],call,0.01,0.25
after,37,test_rdflib_examples[03_parse_autodetect.py],tests/integration_tests/test_rdflib/test_examples.py::test_rdflib_examples[03_parse_autodetect.py],call,0.0,0.25
after,37,test_rdflib_examples[06_serialize_grouped.py],tests/integration_tests/test_rdflib/test_examples.py::test_rdflib_examples[06_serialize_grouped.py],call,0.0,0.25
after,37,test_rdflib_examples[04_parse_grouped.py],tests/integration_tests/test_rdflib/test_examples.py::test_rdflib_examples[04_parse_grouped.py],call,0.0,0.25
after,37,test_rdflib_examples[05_parse_flat.py],tests/integration_tests/test_rdflib/test_examples.py::test_rdflib_examples[05_parse_flat.py],call,0.0,0.25
after,37,test_rdflib_examples[07_serialize_flat.py],tests/integration_tests/test_rdflib/test_examples.py::test_rdflib_examples[07_serialize_flat.py],call,0.0,0.25
after,37,test_rdflib_examples[01_serialize.py],tests/integration_tests/test_rdflib/test_examples.py::test_rdflib_examples[01_serialize.py],setup,0.0,0.25
after,37,test_rdflib_examples[02_parse.py],tests/integration_tests/test_rdflib/test_examples.py::test_rdflib_examples[02_parse.py],setup,0.0,0.25
after,37,test_rdflib_examples[04_parse_grouped.py],tests/integration_tests/test_rdflib/test_examples.py::test_rdflib_examples[04_parse_grouped.py],setup,0.0,0.25
after,37,test_rdflib_examples[06_serialize_grouped.py],tests/integration_tests/test_rdflib/test_examples.py::test_rdflib_examples[06_serialize_grouped.py],setup,0.0,0.25
after,37,test_rdflib_examples[03_parse_autodetect.py],tests/integration_tests/test_rdflib/test_examples.py::test_rdflib_examples[03_parse_autodetect.py],teardown,0.0,0.25
after,37,test_rdflib_examples[03_parse_autodetect.py],tests/integration_tests/test_rdflib/test_examples.py::test_rdflib_examples[03_parse_autodetect.py],setup,0.0,0.25
after,37,test_rdflib_examples[07_serialize_flat.py],tests/integration_tests/test_rdflib/test_examples.py::test_rdflib_examples[07_serialize_flat.py],setup,0.0,0.25
after,37,test_rdflib_examples[05_parse_flat.py],tests/integration_tests/test_rdflib/test_examples.py::test_rdflib_examples[05_parse_flat.py],setup,0.0,0.25
after,37,test_rdflib_examples[01_serialize.py],tests/integration_tests/test_rdflib/test_examples.py::test_rdflib_examples[01_serialize.py],teardown,0.0,0.25
after,37,test_rdflib_examples[06_serialize_grouped.py],tests/integration_tests/test_rdflib/test_examples.py::test_rdflib_examples[06_serialize_grouped.py],teardown,0.0,0.25
after,37,test_rdflib_examples[07_serialize_flat.py],tests/integration_tests/test_rdflib/test_examples.py::test_rdflib_examples[07_serialize_flat.py],teardown,0.0,0.25
after,37,test_rdflib_examples[05_parse_flat.py],tests/integration_tests/test_rdflib/test_examples.py::test_rdflib_examples[05_parse_flat.py],teardown,0.0,0.25
after,37,test_rdflib_examples[04_parse_grouped.py],tests/integration_tests/test_rdflib/test_examples.py::test_rdflib_examples[04_parse_grouped.py],teardown,0.0,0.25
after,37,test_rdflib_examples[02_parse.py],tests/integration_tests/test_rdflib/test_examples.py::test_rdflib_examples[02_parse.py],teardown,0.0,0.25
after,38,test_rdflib_examples[01_serialize.py],tests/integration_tests/test_rdflib/test_examples.py::test_rdflib_examples[01_serialize.py],call,0.07,0.25
after,38,test_rdflib_examples[02_parse.py],tests/integration_tests/test_rdflib/test_examples.py::test_rdflib_examples[02_parse.py],call,0.01,0.25
after,38,test_rdflib_examples[03_parse_autodetect.py],tests/integration_tests/test_rdflib/test_examples.py::test_rdflib_examples[03_parse_autodetect.py],call,0.0,0.25
after,38,test_rdflib_examples[06_serialize_grouped.py],tests/integration_tests/test_rdflib/test_examples.py::test_rdflib_examples[06_serialize_grouped.py],call,0.0,0.25
after,38,test_rdflib_examples[04_parse_grouped.py],tests/integration_tests/test_rdflib/test_examples.py::test_rdflib_examples[04_parse_grouped.py],call,0.0,0.25
after,38,test_rdflib_examples[05_parse_flat.py],tests/integration_tests/test_rdflib/test_examples.py::test_rdflib_examples[05_parse_flat.py],call,0.0,0.25
after,38,test_rdflib_examples[07_serialize_flat.py],tests/integration_tests/test_rdflib/test_examples.py::test_rdflib_examples[07_serialize_flat.py],call,0.0,0.25
after,38,test_rdflib_examples[01_serialize.py],tests/integration_tests/test_rdflib/test_examples.py::test_rdflib_examples[01_serialize.py],setup,0.0,0.25
after,38,test_rdflib_examples[03_parse_autodetect.py],tests/integration_tests/test_rdflib/test_examples.py::test_rdflib_examples[03_parse_autodetect.py],setup,0.0,0.25
after,38,test_rdflib_examples[02_parse.py],tests/integration_tests/test_rdflib/test_examples.py::test_rdflib_examples[02_parse.py],setup,0.0,0.25
after,38,test_rdflib_examples[04_parse_grouped.py],tests/integration_tests/test_rdflib/test_examples.py::test_rdflib_examples[04_parse_grouped.py],setup,0.0,0.25
after,38,test_rdflib_examples[07_serialize_flat.py],tests/integration_tests/test_rdflib/test_examples.py::test_rdflib_examples[07_serialize_flat.py],setup,0.0,0.25
after,38,test_rdflib_examples[06_serialize_grouped.py],tests/integration_tests/test_rdflib/test_examples.py::test_rdflib_examples[06_serialize_grouped.py],setup,0.0,0.25
after,38,test_rdflib_examples[03_parse_autodetect.py],tests/integration_tests/test_rdflib/test_examples.py::test_rdflib_examples[03_parse_autodetect.py],teardown,0.0,0.25
after,38,test_rdflib_examples[05_parse_flat.py],tests/integration_tests/test_rdflib/test_examples.py::test_rdflib_examples[05_parse_flat.py],setup,0.0,0.25
after,38,test_rdflib_examples[01_serialize.py],tests/integration_tests/test_rdflib/test_examples.py::test_rdflib_examples[01_serialize.py],teardown,0.0,0.25
after,38,test_rdflib_examples[05_parse_flat.py],tests/integration_tests/test_rdflib/test_examples.py::test_rdflib_examples[05_parse_flat.py],teardown,0.0,0.25
after,38,test_rdflib_examples[07_serialize_flat.py],tests/integration_tests/test_rdflib/test_examples.py::test_rdflib_examples[07_serialize_flat.py],teardown,0.0,0.25
after,38,test_rdflib_examples[06_serialize_grouped.py],tests/integration_tests/test_rdflib/test_examples.py::test_rdflib_examples[06_serialize_grouped.py],teardown,0.0,0.25
after,38,test_rdflib_examples[04_parse_grouped.py],tests/integration_tests/test_rdflib/test_examples.py::test_rdflib_examples[04_parse_grouped.py],teardown,0.0,0.25
after,38,test_rdflib_examples[02_parse.py],tests/integration_tests/test_rdflib/test_examples.py::test_rdflib_examples[02_parse.py],teardown,0.0,0.25
after,39,test_rdflib_examples[01_serialize.py],tests/integration_tests/test_rdflib/test_examples.py::test_rdflib_examples[01_serialize.py],call,0.07,0.25
after,39,test_rdflib_examples[02_parse.py],tests/integration_tests/test_rdflib/test_examples.py::test_rdflib_examples[02_parse.py],call,0.01,0.25
after,39,test_rdflib_examples[03_parse_autodetect.py],tests/integration_tests/test_rdflib/test_examples.py::test_rdflib_examples[03_parse_autodetect.py],call,0.0,0.25
after,39,test_rdflib_examples[06_serialize_grouped.py],tests/integration_tests/test_rdflib/test_examples.py::test_rdflib_examples[06_serialize_grouped.py],call,0.0,0.25
after,39,test_rdflib_examples[04_parse_grouped.py],tests/integration_tests/test_rdflib/test_examples.py::test_rdflib_examples[04_parse_grouped.py],call,0.0,0.25
after,39,test_rdflib_examples[05_parse_flat.py],tests/integration_tests/test_rdflib/test_examples.py::test_rdflib_examples[05_parse_flat.py],call,0.0,0.25
after,39,test_rdflib_examples[07_serialize_flat.py],tests/integration_tests/test_rdflib/test_examples.py::test_rdflib_examples[07_serialize_flat.py],call,0.0,0.25
after,39,test_rdflib_examples[01_serialize.py],tests/integration_tests/test_rdflib/test_examples.py::test_rdflib_examples[01_serialize.py],setup,0.0,0.25
after,39,test_rdflib_examples[02_parse.py],tests/integration_tests/test_rdflib/test_examples.py::test_rdflib_examples[02_parse.py],setup,0.0,0.25
after,39,test_rdflib_examples[04_parse_grouped.py],tests/integration_tests/test_rdflib/test_examples.py::test_rdflib_examples[04_parse_grouped.py],setup,0.0,0.25
after,39,test_rdflib_examples[06_serialize_grouped.py],tests/integration_tests/test_rdflib/test_examples.py::test_rdflib_examples[06_serialize_grouped.py],setup,0.0,0.25
after,39,test_rdflib_examples[03_parse_autodetect.py],tests/integration_tests/test_rdflib/test_examples.py::test_rdflib_examples[03_parse_autodetect.py],setup,0.0,0.25
after,39,test_rdflib_examples[03_parse_autodetect.py],tests/integration_tests/test_rdflib/test_examples.py::test_rdflib_examples[03_parse_autodetect.py],teardown,0.0,0.25
after,39,test_rdflib_examples[05_parse_flat.py],tests/integration_tests/test_rdflib/test_examples.py::test_rdflib_examples[05_parse_flat.py],setup,0.0,0.25
after,39,test_rdflib_examples[07_serialize_flat.py],tests/integration_tests/test_rdflib/test_examples.py::test_rdflib_examples[07_serialize_flat.py],setup,0.0,0.25
after,39,test_rdflib_examples[01_serialize.py],tests/integration_tests/test_rdflib/test_examples.py::test_rdflib_examples[01_serialize.py],teardown,0.0,0.25
after,39,test_rdflib_examples[05_parse_flat.py],tests/integration_tests/test_rdflib/test_examples.py::test_rdflib_examples[05_parse_flat.py],teardown,0.0,0.25
after,39,test_rdflib_examples[04_parse_grouped.py],tests/integration_tests/test_rdflib/test_examples.py::test_rdflib_examples[04_parse_grouped.py],teardown,0.0,0.25
after,39,test_rdflib_examples[06_serialize_grouped.py],tests/integration_tests/test_rdflib/test_examples.py::test_rdflib_examples[06_serialize_grouped.py],teardown,0.0,0.25
after,39,test_rdflib_examples[07_serialize_flat.py],tests/integration_tests/test_rdflib/test_examples.py::test_rdflib_examples[07_serialize_flat.py],teardown,0.0,0.25
after,39,test_rdflib_examples[02_parse.py],tests/integration_tests/test_rdflib/test_examples.py::test_rdflib_examples[02_parse.py],teardown,0.0,0.25
after,40,test_rdflib_examples[01_serialize.py],tests/integration_tests/test_rdflib/test_examples.py::test_rdflib_examples[01_serialize.py],call,0.07,0.26
after,40,test_rdflib_examples[02_parse.py],tests/integration_tests/test_rdflib/test_examples.py::test_rdflib_examples[02_parse.py],call,0.01,0.26
after,40,test_rdflib_examples[03_parse_autodetect.py],tests/integration_tests/test_rdflib/test_examples.py::test_rdflib_examples[03_parse_autodetect.py],call,0.0,0.26
after,40,test_rdflib_examples[06_serialize_grouped.py],tests/integration_tests/test_rdflib/test_examples.py::test_rdflib_examples[06_serialize_grouped.py],call,0.0,0.26
after,40,test_rdflib_examples[04_parse_grouped.py],tests/integration_tests/test_rdflib/test_examples.py::test_rdflib_examples[04_parse_grouped.py],call,0.0,0.26
after,40,test_rdflib_examples[05_parse_flat.py],tests/integration_tests/test_rdflib/test_examples.py::test_rdflib_examples[05_parse_flat.py],call,0.0,0.26
after,40,test_rdflib_examples[07_serialize_flat.py],tests/integration_tests/test_rdflib/test_examples.py::test_rdflib_examples[07_serialize_flat.py],call,0.0,0.26
after,40,test_rdflib_examples[01_serialize.py],tests/integration_tests/test_rdflib/test_examples.py::test_rdflib_examples[01_serialize.py],setup,0.0,0.26
after,40,test_rdflib_examples[02_parse.py],tests/integration_tests/test_rdflib/test_examples.py::test_rdflib_examples[02_parse.py],setup,0.0,0.26
after,40,test_rdflib_examples[04_parse_grouped.py],tests/integration_tests/test_rdflib/test_examples.py::test_rdflib_examples[04_parse_grouped.py],setup,0.0,0.26
after,40,test_rdflib_examples[05_parse_flat.py],tests/integration_tests/test_rdflib/test_examples.py::test_rdflib_examples[05_parse_flat.py],setup,0.0,0.26
after,40,test_rdflib_examples[07_serialize_flat.py],tests/integration_tests/test_rdflib/test_examples.py::test_rdflib_examples[07_serialize_flat.py],setup,0.0,0.26
after,40,test_rdflib_examples[06_serialize_grouped.py],tests/integration_tests/test_rdflib/test_examples.py::test_rdflib_examples[06_serialize_grouped.py],setup,0.0,0.26
after,40,test_rdflib_examples[03_parse_autodetect.py],tests/integration_tests/test_rdflib/test_examples.py::test_rdflib_examples[03_parse_autodetect.py],teardown,0.0,0.26
after,40,test_rdflib_examples[03_parse_autodetect.py],tests/integration_tests/test_rdflib/test_examples.py::test_rdflib_examples[03_parse_autodetect.py],setup,0.0,0.26
after,40,test_rdflib_examples[01_serialize.py],tests/integration_tests/test_rdflib/test_examples.py::test_rdflib_examples[01_serialize.py],teardown,0.0,0.26
after,40,test_rdflib_examples[07_serialize_flat.py],tests/integration_tests/test_rdflib/test_examples.py::test_rdflib_examples[07_serialize_flat.py],teardown,0.0,0.26
after,40,test_rdflib_examples[04_parse_grouped.py],tests/integration_tests/test_rdflib/test_examples.py::test_rdflib_examples[04_parse_grouped.py],teardown,0.0,0.26
after,40,test_rdflib_examples[05_parse_flat.py],tests/integration_tests/test_rdflib/test_examples.py::test_rdflib_examples[05_parse_flat.py],teardown,0.0,0.26
after,40,test_rdflib_examples[06_serialize_grouped.py],tests/integration_tests/test_rdflib/test_examples.py::test_rdflib_examples[06_serialize_grouped.py],teardown,0.0,0.26
after,40,test_rdflib_examples[02_parse.py],tests/integration_tests/test_rdflib/test_examples.py::test_rdflib_examples[02_parse.py],teardown,0.0,0.26
