version,run_number,test_name,test_path,phase,duration_sec,total_test_time
before,1,test_given_no_tip_found_ever_when_get_tip_into_view_then_smargon_moved_positive_and_exception_thrown,tests/unit_tests/experiment_plans/test_pin_tip_centring.py::test_given_no_tip_found_ever_when_get_tip_into_view_then_smargon_moved_positive_and_exception_thrown,call,2.83,45.56
before,1,test_cleanup_happens,tests/unit_tests/experiment_plans/test_rotation_scan_plan.py::test_cleanup_happens,call,1.45,45.56
before,1,test_given_moving_out_of_range_when_move_with_warn_called_then_warning_exception,tests/unit_tests/experiment_plans/test_pin_tip_centring.py::test_given_moving_out_of_range_when_move_with_warn_called_then_warning_exception,call,1.26,45.56
before,1,test_nexus_handler_triggers_write_file_when_told,tests/unit_tests/external_interaction/callbacks/test_rotation_callbacks.py::test_nexus_handler_triggers_write_file_when_told,call,1.06,45.56
before,1,test_when_grid_scan_fails_then_detector_disarmed_and_correct_exception_returned,tests/unit_tests/experiment_plans/test_flyscan_xray_centre_plan.py::TestFlyscanXrayCentrePlan::test_when_grid_scan_fails_then_detector_disarmed_and_correct_exception_returned,call,1.05,45.56
before,1,test_when_grid_scan_fails_then_detector_disarmed_and_correct_exception_returned,tests/unit_tests/experiment_plans/test_panda_flyscan_xray_centre_plan.py::TestFlyscanXrayCentrePlan::test_when_grid_scan_fails_then_detector_disarmed_and_correct_exception_returned,call,0.98,45.56
before,1,test_zocalo_start_and_end_not_triggered_if_ispyb_ids_not_present,tests/unit_tests/external_interaction/callbacks/test_rotation_callbacks.py::test_zocalo_start_and_end_not_triggered_if_ispyb_ids_not_present,call,0.91,45.56
before,1,test_ispyb_reuses_dcgid_on_same_sampleID[ispyb_ids4],tests/unit_tests/external_interaction/callbacks/test_rotation_callbacks.py::test_ispyb_reuses_dcgid_on_same_sampleID[ispyb_ids4],call,0.91,45.56
before,1,test_ispyb_reuses_dcgid_on_same_sampleID[ispyb_ids2],tests/unit_tests/external_interaction/callbacks/test_rotation_callbacks.py::test_ispyb_reuses_dcgid_on_same_sampleID[ispyb_ids2],call,0.85,45.56
before,1,test_given_detector_bit_depth_changes_then_vds_datatype_as_expected[16-uint16],tests/unit_tests/external_interaction/test_write_rotation_nexus.py::test_given_detector_bit_depth_changes_then_vds_datatype_as_expected[16-uint16],call,0.85,45.56
before,1,test_given_detector_bit_depth_changes_then_vds_datatype_as_expected[8-uint8],tests/unit_tests/external_interaction/test_write_rotation_nexus.py::test_given_detector_bit_depth_changes_then_vds_datatype_as_expected[8-uint8],call,0.85,45.56
before,1,test_given_detector_bit_depth_changes_then_vds_datatype_as_expected[32-uint32],tests/unit_tests/external_interaction/test_write_rotation_nexus.py::test_given_detector_bit_depth_changes_then_vds_datatype_as_expected[32-uint32],call,0.85,45.56
before,1,test_rotation_scan_nexus_output_compared_to_existing_file,tests/unit_tests/external_interaction/test_write_rotation_nexus.py::test_rotation_scan_nexus_output_compared_to_existing_file,call,0.85,45.56
before,1,test_given_detector_bit_depth_changes_then_vds_datatype_as_expected[100-uint16],tests/unit_tests/external_interaction/test_write_rotation_nexus.py::test_given_detector_bit_depth_changes_then_vds_datatype_as_expected[100-uint16],call,0.84,45.56
before,1,test_total_count_calc_new_transmission_raises_error_on_low_ransmission,tests/unit_tests/experiment_plans/test_optimise_attenuation_plan.py::test_total_count_calc_new_transmission_raises_error_on_low_ransmission,call,0.77,45.56
before,1,test_total_count_exception_raised_after_max_cycles_reached,tests/unit_tests/experiment_plans/test_optimise_attenuation_plan.py::test_total_count_exception_raised_after_max_cycles_reached,call,0.75,45.56
before,1,test_given_plan_raises_when_exception_raised_then_eiger_disarmed_and_correct_exception_returned,tests/unit_tests/device_setup_plans/test_utils.py::test_given_plan_raises_when_exception_raised_then_eiger_disarmed_and_correct_exception_returned,call,0.69,45.56
before,1,test_wait_for_robot_load_then_centre_doesnt_set_energy_if_not_specified,tests/unit_tests/experiment_plans/test_wait_for_robot_load_then_centre.py::test_wait_for_robot_load_then_centre_doesnt_set_energy_if_not_specified,setup,0.67,45.56
before,1,test_given_detector_move_fails_then_eiger_disarmed_and_correct_exception_returned,tests/unit_tests/device_setup_plans/test_utils.py::test_given_detector_move_fails_then_eiger_disarmed_and_correct_exception_returned,call,0.67,45.56
before,1,test_given_gridscan_fails_to_centre_then_stub_offsets_not_set,tests/unit_tests/experiment_plans/test_panda_flyscan_xray_centre_plan.py::TestFlyscanXrayCentrePlan::test_given_gridscan_fails_to_centre_then_stub_offsets_not_set,call,0.66,45.56
before,1,test_given_shutter_open_fails_then_eiger_disarmed_and_correct_exception_returned,tests/unit_tests/device_setup_plans/test_utils.py::test_given_shutter_open_fails_then_eiger_disarmed_and_correct_exception_returned,call,0.66,45.56
before,1,test_given_no_tip_found_but_will_be_found_when_get_tip_into_view_then_smargon_moved_positive_and_tip_returned,tests/unit_tests/experiment_plans/test_pin_tip_centring.py::test_given_no_tip_found_but_will_be_found_when_get_tip_into_view_then_smargon_moved_positive_and_tip_returned,call,0.64,45.56
before,1,test_pin_tip_starting_near_negative_edge_doesnt_exceed_limit,tests/unit_tests/experiment_plans/test_pin_tip_centring.py::test_pin_tip_starting_near_negative_edge_doesnt_exceed_limit,call,0.63,45.56
before,1,test_pin_tip_starting_near_positive_edge_doesnt_exceed_limit,tests/unit_tests/experiment_plans/test_pin_tip_centring.py::test_pin_tip_starting_near_positive_edge_doesnt_exceed_limit,call,0.61,45.56
before,1,test_given_smargon_disabled_for_longer_than_timeout_when_plan_run_then_throws_exception,tests/unit_tests/experiment_plans/test_wait_for_robot_load_then_centre.py::test_given_smargon_disabled_for_longer_than_timeout_when_plan_run_then_throws_exception,call,0.56,45.56
before,1,test_if_smargon_speed_over_limit_then_log_error,tests/unit_tests/experiment_plans/test_panda_flyscan_xray_centre_plan.py::test_if_smargon_speed_over_limit_then_log_error,call,0.52,45.56
before,1,test_given_no_tip_when_wait_for_tip_to_be_found_called_then_exception_thrown,tests/unit_tests/device_setup_plans/test_setup_oav.py::test_given_no_tip_when_wait_for_tip_to_be_found_called_then_exception_thrown,call,0.51,45.56
before,1,test_zebra_set_up_for_gridscan,tests/unit_tests/device_setup_plans/test_zebra_setup.py::test_zebra_set_up_for_gridscan,setup,0.43,45.56
before,1,test_ispyb_reuses_dcgid_on_same_sampleID[ispyb_ids1],tests/unit_tests/external_interaction/callbacks/test_rotation_callbacks.py::test_ispyb_reuses_dcgid_on_same_sampleID[ispyb_ids1],call,0.41,45.56
before,1,test_ispyb_reuses_dcgid_on_same_sampleID[ispyb_ids3],tests/unit_tests/external_interaction/callbacks/test_rotation_callbacks.py::test_ispyb_reuses_dcgid_on_same_sampleID[ispyb_ids3],call,0.41,45.56
before,1,test_ispyb_reuses_dcgid_on_same_sampleID[ispyb_ids0],tests/unit_tests/external_interaction/callbacks/test_rotation_callbacks.py::test_ispyb_reuses_dcgid_on_same_sampleID[ispyb_ids0],call,0.41,45.56
before,1,test_ispyb_reuses_dcgid_on_same_sampleID[ispyb_ids5],tests/unit_tests/external_interaction/callbacks/test_rotation_callbacks.py::test_ispyb_reuses_dcgid_on_same_sampleID[ispyb_ids5],call,0.41,45.56
before,1,test_individual_plans_triggered_once_and_only_once_in_composite_run,tests/unit_tests/experiment_plans/test_panda_flyscan_xray_centre_plan.py::TestFlyscanXrayCentrePlan::test_individual_plans_triggered_once_and_only_once_in_composite_run,setup,0.4,45.56
before,1,test_ispyb_reuses_dcgid_on_same_sampleID[ispyb_ids6],tests/unit_tests/external_interaction/callbacks/test_rotation_callbacks.py::test_ispyb_reuses_dcgid_on_same_sampleID[ispyb_ids6],call,0.4,45.56
before,1,test_ispyb_reuses_dcgid_on_same_sampleID[ispyb_ids7],tests/unit_tests/external_interaction/callbacks/test_rotation_callbacks.py::test_ispyb_reuses_dcgid_on_same_sampleID[ispyb_ids7],call,0.4,45.56
before,1,test_rotation_plan_runs,tests/unit_tests/experiment_plans/test_rotation_scan_plan.py::test_rotation_plan_runs,setup,0.39,45.56
before,1,test_GIVEN_no_results_from_zocalo_WHEN_communicator_wait_for_results_called_THEN_fallback_centre_used,tests/unit_tests/experiment_plans/test_panda_flyscan_xray_centre_plan.py::TestFlyscanXrayCentrePlan::test_GIVEN_no_results_from_zocalo_WHEN_communicator_wait_for_results_called_THEN_fallback_centre_used,setup,0.35,45.56
before,1,test_when_set_up_oav_with_different_zoom_levels_then_flat_field_applied_correctly[7.0-CAM],tests/unit_tests/device_setup_plans/test_setup_oav.py::test_when_set_up_oav_with_different_zoom_levels_then_flat_field_applied_correctly[7.0-CAM],call,0.34,45.56
before,1,test_given_gridscan_fails_to_centre_then_stub_offsets_not_set,tests/unit_tests/experiment_plans/test_flyscan_xray_centre_plan.py::TestFlyscanXrayCentrePlan::test_given_gridscan_fails_to_centre_then_stub_offsets_not_set,call,0.33,45.56
before,1,test_GIVEN_scan_not_valid_THEN_wait_for_GRIDSCAN_raises_and_sleeps_called,tests/unit_tests/experiment_plans/test_panda_flyscan_xray_centre_plan.py::TestFlyscanXrayCentrePlan::test_GIVEN_scan_not_valid_THEN_wait_for_GRIDSCAN_raises_and_sleeps_called,call,0.31,45.56
before,1,test_when_grid_detection_plan_run_twice_then_values_do_not_persist_in_callback,tests/unit_tests/experiment_plans/test_grid_detection_plan.py::test_when_grid_detection_plan_run_twice_then_values_do_not_persist_in_callback,call,0.31,45.56
before,1,test_zebra_set_up_for_rotation,tests/unit_tests/device_setup_plans/test_zebra_setup.py::test_zebra_set_up_for_rotation,call,0.28,45.56
before,1,test_individual_plans_triggered_once_and_only_once_in_composite_run,tests/unit_tests/experiment_plans/test_flyscan_xray_centre_plan.py::TestFlyscanXrayCentrePlan::test_individual_plans_triggered_once_and_only_once_in_composite_run,setup,0.28,45.56
before,1,test_when_all_tries_fail_then_bluesky_retry_throws_error,tests/unit_tests/device_setup_plans/test_zebra_setup.py::test_when_all_tries_fail_then_bluesky_retry_throws_error,call,0.27,45.56
before,1,test_when_context_created_then_contains_expected_number_of_plans,tests/unit_tests/hyperion/test_main_system.py::test_when_context_created_then_contains_expected_number_of_plans,call,0.26,45.56
before,1,test_kickoff_and_complete_gridscan_triggers_zocalo,tests/unit_tests/experiment_plans/test_flyscan_xray_centre_plan.py::test_kickoff_and_complete_gridscan_triggers_zocalo,setup,0.24,45.56
before,1,test_apply_and_wait_for_voltages_to_settle_timeout,tests/unit_tests/device_setup_plans/test_dcm_pitch_roll_mirror_adjuster.py::test_apply_and_wait_for_voltages_to_settle_timeout,call,0.23,45.56
before,1,test_adjust_mirror_stripe[6.999-Bare-140-15],tests/unit_tests/device_setup_plans/test_dcm_pitch_roll_mirror_adjuster.py::test_adjust_mirror_stripe[6.999-Bare-140-15],call,0.23,45.56
before,1,test_adjust_mirror_stripe[7.001-Rhodium-124--46],tests/unit_tests/device_setup_plans/test_dcm_pitch_roll_mirror_adjuster.py::test_adjust_mirror_stripe[7.001-Rhodium-124--46],call,0.23,45.56
before,1,test_when_set_up_oav_then_only_waits_on_oav_to_finish,tests/unit_tests/device_setup_plans/test_setup_oav.py::test_when_set_up_oav_then_only_waits_on_oav_to_finish,call,0.23,45.56
before,1,test_apply_and_wait_for_voltages_to_settle_happy_path,tests/unit_tests/device_setup_plans/test_dcm_pitch_roll_mirror_adjuster.py::test_apply_and_wait_for_voltages_to_settle_happy_path,call,0.22,45.56
before,1,test_when_set_up_oav_with_different_zoom_levels_then_flat_field_applied_correctly[1.0-proc],tests/unit_tests/device_setup_plans/test_setup_oav.py::test_when_set_up_oav_with_different_zoom_levels_then_flat_field_applied_correctly[1.0-proc],call,0.22,45.56
before,1,test_when_run_gridscan_called_ispyb_deposition_made_and_records_errors,tests/unit_tests/experiment_plans/test_flyscan_xray_centre_plan.py::TestFlyscanXrayCentrePlan::test_when_run_gridscan_called_ispyb_deposition_made_and_records_errors,setup,0.21,45.56
before,1,test_when_started_n_returnstatus_interrupted_bc_RE_aborted_thn_error_reptd,tests/unit_tests/hyperion/test_main_system.py::test_when_started_n_returnstatus_interrupted_bc_RE_aborted_thn_error_reptd,call,0.21,45.56
before,1,test_when_grid_scan_ran_then_eiger_disarmed_before_zocalo_end,tests/unit_tests/experiment_plans/test_panda_flyscan_xray_centre_plan.py::TestFlyscanXrayCentrePlan::test_when_grid_scan_ran_then_eiger_disarmed_before_zocalo_end,call,0.21,45.56
before,1,test_when_grid_scan_ran_then_eiger_disarmed_before_zocalo_end,tests/unit_tests/experiment_plans/test_flyscan_xray_centre_plan.py::TestFlyscanXrayCentrePlan::test_when_grid_scan_ran_then_eiger_disarmed_before_zocalo_end,call,0.2,45.56
before,1,test_GIVEN_no_results_from_zocalo_WHEN_communicator_wait_for_results_called_THEN_fallback_centre_used,tests/unit_tests/experiment_plans/test_flyscan_xray_centre_plan.py::TestFlyscanXrayCentrePlan::test_GIVEN_no_results_from_zocalo_WHEN_communicator_wait_for_results_called_THEN_fallback_centre_used,call,0.19,45.56
before,1,test_full_rotation_plan_smargon_settings,tests/unit_tests/experiment_plans/test_rotation_scan_plan.py::test_full_rotation_plan_smargon_settings,setup,0.19,45.56
before,1,test_GIVEN_no_results_from_zocalo_WHEN_communicator_wait_for_results_called_THEN_fallback_centre_used,tests/unit_tests/experiment_plans/test_panda_flyscan_xray_centre_plan.py::TestFlyscanXrayCentrePlan::test_GIVEN_no_results_from_zocalo_WHEN_communicator_wait_for_results_called_THEN_fallback_centre_used,call,0.19,45.56
before,1,test_when_run_gridscan_called_ispyb_deposition_made_and_records_errors,tests/unit_tests/experiment_plans/test_flyscan_xray_centre_plan.py::TestFlyscanXrayCentrePlan::test_when_run_gridscan_called_ispyb_deposition_made_and_records_errors,call,0.19,45.56
before,1,test_given_when_grid_detect_then_upper_left_and_start_position_as_expected,tests/unit_tests/experiment_plans/test_grid_detection_plan.py::test_given_when_grid_detect_then_upper_left_and_start_position_as_expected,call,0.17,45.56
before,1,test_store_rotation_scan_uses_supplied_dcgid[2],tests/unit_tests/external_interaction/ispyb/test_rotation_ispyb_store.py::test_store_rotation_scan_uses_supplied_dcgid[2],call,0.16,45.56
before,1,test_given_gridscan_fails_to_centre_then_stub_offsets_not_set,tests/unit_tests/experiment_plans/test_panda_flyscan_xray_centre_plan.py::TestFlyscanXrayCentrePlan::test_given_gridscan_fails_to_centre_then_stub_offsets_not_set,setup,0.15,45.56
before,1,test_fgs_arms_eiger_without_grid_detect,tests/unit_tests/experiment_plans/test_flyscan_xray_centre_plan.py::TestFlyscanXrayCentrePlan::test_fgs_arms_eiger_without_grid_detect,call,0.15,45.56
before,1,test_given_setting_stub_offsets_disabled_then_stub_offsets_not_set,tests/unit_tests/experiment_plans/test_flyscan_xray_centre_plan.py::TestFlyscanXrayCentrePlan::test_given_setting_stub_offsets_disabled_then_stub_offsets_not_set,call,0.15,45.56
before,1,test_fgs_arms_eiger_without_grid_detect,tests/unit_tests/experiment_plans/test_panda_flyscan_xray_centre_plan.py::TestFlyscanXrayCentrePlan::test_fgs_arms_eiger_without_grid_detect,call,0.14,45.56
before,1,test_when_grid_detection_plan_run_then_grid_detection_callback_gets_correct_values,tests/unit_tests/experiment_plans/test_grid_detection_plan.py::test_when_grid_detection_plan_run_then_grid_detection_callback_gets_correct_values,call,0.13,45.56
before,1,test_results_adjusted_and_passed_to_move_xyz,tests/unit_tests/experiment_plans/test_panda_flyscan_xray_centre_plan.py::TestFlyscanXrayCentrePlan::test_results_adjusted_and_passed_to_move_xyz,call,0.13,45.56
before,1,test_grid_detection_plan_runs_and_triggers_snapshots,tests/unit_tests/experiment_plans/test_grid_detection_plan.py::test_grid_detection_plan_runs_and_triggers_snapshots,call,0.13,45.56
before,1,test_rotation_plan_smargon_doesnt_move_xyz_if_not_given_in_params,tests/unit_tests/experiment_plans/test_rotation_scan_plan.py::test_rotation_plan_smargon_doesnt_move_xyz_if_not_given_in_params,setup,0.12,45.56
before,1,test_rotation_plan_zebra_settings,tests/unit_tests/experiment_plans/test_rotation_scan_plan.py::test_rotation_plan_zebra_settings,setup,0.12,45.56
before,1,test_results_adjusted_and_passed_to_move_xyz,tests/unit_tests/experiment_plans/test_flyscan_xray_centre_plan.py::TestFlyscanXrayCentrePlan::test_results_adjusted_and_passed_to_move_xyz,call,0.12,45.56
before,1,test_rotation_plan_energy_settings,tests/unit_tests/experiment_plans/test_rotation_scan_plan.py::test_rotation_plan_energy_settings,setup,0.12,45.56
before,1,test_start_gives_success,tests/unit_tests/hyperion/test_main_system.py::test_start_gives_success,teardown,0.1,45.56
before,1,test_given_started_when_stopped_then_success_and_idle_status,tests/unit_tests/hyperion/test_main_system.py::test_given_started_when_stopped_then_success_and_idle_status,teardown,0.1,45.56
before,1,test_given_started_when_stopped_and_started_again_then_runs,tests/unit_tests/hyperion/test_main_system.py::test_given_started_when_stopped_and_started_again_then_runs,teardown,0.1,45.56
before,1,test_sending_start_twice_fails,tests/unit_tests/hyperion/test_main_system.py::test_sending_start_twice_fails,teardown,0.1,45.56
before,1,test_detect_grid_and_do_gridscan,tests/unit_tests/experiment_plans/test_grid_detect_then_xray_centre_plan.py::test_detect_grid_and_do_gridscan,call,0.1,45.56
before,1,test_when_full_grid_scan_run_then_parameters_sent_to_fgs_as_expected,tests/unit_tests/experiment_plans/test_grid_detect_then_xray_centre_plan.py::test_when_full_grid_scan_run_then_parameters_sent_to_fgs_as_expected,call,0.1,45.56
before,1,test_when_first_try_fails_then_bluesky_retry_tries_again,tests/unit_tests/device_setup_plans/test_zebra_setup.py::test_when_first_try_fails_then_bluesky_retry_tries_again,call,0.09,45.56
before,1,test_ispyb_starts_on_opening_and_zocalo_on_main_so_ispyb_triggered_before_zocalo,tests/unit_tests/external_interaction/callbacks/test_rotation_callbacks.py::test_ispyb_starts_on_opening_and_zocalo_on_main_so_ispyb_triggered_before_zocalo,call,0.09,45.56
before,1,test_when_gridscan_finished_then_smargon_stub_offsets_are_set,tests/unit_tests/experiment_plans/test_flyscan_xray_centre_plan.py::TestFlyscanXrayCentrePlan::test_when_gridscan_finished_then_smargon_stub_offsets_are_set,setup,0.08,45.56
before,1,test_given_xpbm_checks_pass_and_plan_fails_when_plan_run_with_decorator_then_cleaned_up,tests/unit_tests/device_setup_plans/test_xbpm_feedback.py::test_given_xpbm_checks_pass_and_plan_fails_when_plan_run_with_decorator_then_cleaned_up,call,0.07,45.56
before,1,test_when_pin_centre_xray_centre_called_then_detector_positioned,tests/unit_tests/experiment_plans/test_pin_centre_then_xray_centre_plan.py::test_when_pin_centre_xray_centre_called_then_detector_positioned,call,0.07,45.56
before,1,test_rotation_scan,tests/unit_tests/experiment_plans/test_rotation_scan_plan.py::test_rotation_scan,call,0.07,45.56
before,1,test_grid_detection_plan_gives_warningerror_if_tip_not_found,tests/unit_tests/experiment_plans/test_grid_detection_plan.py::test_grid_detection_plan_gives_warningerror_if_tip_not_found,call,0.07,45.56
before,1,test_ispyb_handler_grabs_uid_from_main_plan_and_not_first_start_doc,tests/unit_tests/external_interaction/callbacks/test_rotation_callbacks.py::test_ispyb_handler_grabs_uid_from_main_plan_and_not_first_start_doc,call,0.06,45.56
before,1,test_GIVEN_scan_not_valid_THEN_wait_for_GRIDSCAN_raises_and_sleeps_called,tests/unit_tests/experiment_plans/test_flyscan_xray_centre_plan.py::TestFlyscanXrayCentrePlan::test_GIVEN_scan_not_valid_THEN_wait_for_GRIDSCAN_raises_and_sleeps_called,call,0.06,45.56
before,1,test_read_hardware_for_ispyb_updates_from_ophyd_devices,tests/unit_tests/experiment_plans/test_flyscan_xray_centre_plan.py::TestFlyscanXrayCentrePlan::test_read_hardware_for_ispyb_updates_from_ophyd_devices,call,0.06,45.56
before,1,test_when_grid_scan_ran_then_eiger_disarmed_before_zocalo_end,tests/unit_tests/experiment_plans/test_panda_flyscan_xray_centre_plan.py::TestFlyscanXrayCentrePlan::test_when_grid_scan_ran_then_eiger_disarmed_before_zocalo_end,setup,0.06,45.56
before,1,test_when_gridscan_succeeds_ispyb_comment_appended_to,tests/unit_tests/experiment_plans/test_panda_flyscan_xray_centre_plan.py::TestFlyscanXrayCentrePlan::test_when_gridscan_succeeds_ispyb_comment_appended_to,call,0.05,45.56
before,1,test_read_hardware_for_ispyb_updates_from_ophyd_devices,tests/unit_tests/experiment_plans/test_panda_flyscan_xray_centre_plan.py::TestFlyscanXrayCentrePlan::test_read_hardware_for_ispyb_updates_from_ophyd_devices,call,0.05,45.56
before,1,test_when_gridscan_finished_then_smargon_stub_offsets_are_set,tests/unit_tests/experiment_plans/test_panda_flyscan_xray_centre_plan.py::TestFlyscanXrayCentrePlan::test_when_gridscan_finished_then_smargon_stub_offsets_are_set,call,0.05,45.56
before,1,test_given_setting_stub_offsets_disabled_then_stub_offsets_not_set,tests/unit_tests/experiment_plans/test_panda_flyscan_xray_centre_plan.py::TestFlyscanXrayCentrePlan::test_given_setting_stub_offsets_disabled_then_stub_offsets_not_set,setup,0.05,45.56
before,1,test_kickoff_and_complete_gridscan_triggers_zocalo,tests/unit_tests/experiment_plans/test_flyscan_xray_centre_plan.py::test_kickoff_and_complete_gridscan_triggers_zocalo,call,0.05,45.56
before,1,test_ispyb_specifies_experiment_type_if_supplied,tests/unit_tests/external_interaction/callbacks/test_rotation_callbacks.py::test_ispyb_specifies_experiment_type_if_supplied,call,0.05,45.56
before,1,test_results_adjusted_and_passed_to_move_xyz,tests/unit_tests/experiment_plans/test_panda_flyscan_xray_centre_plan.py::TestFlyscanXrayCentrePlan::test_results_adjusted_and_passed_to_move_xyz,setup,0.05,45.56
before,1,test_when_gridscan_fails_ispyb_comment_appended_to,tests/unit_tests/experiment_plans/test_panda_flyscan_xray_centre_plan.py::TestFlyscanXrayCentrePlan::test_when_gridscan_fails_ispyb_comment_appended_to,setup,0.05,45.56
before,1,test_when_gridscan_finished_then_smargon_stub_offsets_are_set,tests/unit_tests/experiment_plans/test_flyscan_xray_centre_plan.py::TestFlyscanXrayCentrePlan::test_when_gridscan_finished_then_smargon_stub_offsets_are_set,call,0.05,45.56
before,1,test_individual_plans_triggered_once_and_only_once_in_composite_run,tests/unit_tests/experiment_plans/test_panda_flyscan_xray_centre_plan.py::TestFlyscanXrayCentrePlan::test_individual_plans_triggered_once_and_only_once_in_composite_run,call,0.05,45.56
before,1,test_results_adjusted_and_passed_to_move_xyz,tests/unit_tests/experiment_plans/test_flyscan_xray_centre_plan.py::TestFlyscanXrayCentrePlan::test_results_adjusted_and_passed_to_move_xyz,setup,0.05,45.56
before,1,test_when_gridscan_succeeds_ispyb_comment_appended_to,tests/unit_tests/experiment_plans/test_panda_flyscan_xray_centre_plan.py::TestFlyscanXrayCentrePlan::test_when_gridscan_succeeds_ispyb_comment_appended_to,setup,0.05,45.56
before,1,test_when_gridscan_finished_then_smargon_stub_offsets_are_set,tests/unit_tests/experiment_plans/test_panda_flyscan_xray_centre_plan.py::TestFlyscanXrayCentrePlan::test_when_gridscan_finished_then_smargon_stub_offsets_are_set,setup,0.05,45.56
before,1,test_when_gridscan_succeeds_ispyb_comment_appended_to,tests/unit_tests/experiment_plans/test_flyscan_xray_centre_plan.py::TestFlyscanXrayCentrePlan::test_when_gridscan_succeeds_ispyb_comment_appended_to,setup,0.05,45.56
before,1,test_given_xbpm_checks_fail_when_plan_run_with_decorator_then_plan_not_run,tests/unit_tests/device_setup_plans/test_xbpm_feedback.py::test_given_xbpm_checks_fail_when_plan_run_with_decorator_then_plan_not_run,call,0.05,45.56
before,1,test_individual_plans_triggered_once_and_only_once_in_composite_run,tests/unit_tests/experiment_plans/test_flyscan_xray_centre_plan.py::TestFlyscanXrayCentrePlan::test_individual_plans_triggered_once_and_only_once_in_composite_run,call,0.05,45.56
before,1,test_when_gridscan_fails_ispyb_comment_appended_to,tests/unit_tests/experiment_plans/test_flyscan_xray_centre_plan.py::TestFlyscanXrayCentrePlan::test_when_gridscan_fails_ispyb_comment_appended_to,setup,0.05,45.56
before,1,test_given_setting_stub_offsets_disabled_then_stub_offsets_not_set,tests/unit_tests/experiment_plans/test_flyscan_xray_centre_plan.py::TestFlyscanXrayCentrePlan::test_given_setting_stub_offsets_disabled_then_stub_offsets_not_set,setup,0.05,45.56
before,1,test_when_gridscan_succeeds_ispyb_comment_appended_to,tests/unit_tests/experiment_plans/test_flyscan_xray_centre_plan.py::TestFlyscanXrayCentrePlan::test_when_gridscan_succeeds_ispyb_comment_appended_to,call,0.05,45.56
before,1,test_GIVEN_no_results_from_zocalo_WHEN_communicator_wait_for_results_called_THEN_fallback_centre_used,tests/unit_tests/experiment_plans/test_flyscan_xray_centre_plan.py::TestFlyscanXrayCentrePlan::test_GIVEN_no_results_from_zocalo_WHEN_communicator_wait_for_results_called_THEN_fallback_centre_used,setup,0.05,45.56
before,1,test_read_hardware_for_ispyb_updates_from_ophyd_devices,tests/unit_tests/experiment_plans/test_panda_flyscan_xray_centre_plan.py::TestFlyscanXrayCentrePlan::test_read_hardware_for_ispyb_updates_from_ophyd_devices,setup,0.05,45.56
before,1,test_rotation_scan,tests/unit_tests/experiment_plans/test_rotation_scan_plan.py::test_rotation_scan,setup,0.05,45.56
before,1,test_results_passed_to_move_motors,tests/unit_tests/experiment_plans/test_panda_flyscan_xray_centre_plan.py::TestFlyscanXrayCentrePlan::test_results_passed_to_move_motors,setup,0.05,45.56
before,1,test_when_grid_scan_ran_then_eiger_disarmed_before_zocalo_end,tests/unit_tests/experiment_plans/test_flyscan_xray_centre_plan.py::TestFlyscanXrayCentrePlan::test_when_grid_scan_ran_then_eiger_disarmed_before_zocalo_end,setup,0.05,45.56
before,1,test_given_setting_stub_offsets_disabled_then_stub_offsets_not_set,tests/unit_tests/experiment_plans/test_panda_flyscan_xray_centre_plan.py::TestFlyscanXrayCentrePlan::test_given_setting_stub_offsets_disabled_then_stub_offsets_not_set,call,0.05,45.56
before,1,test_fgs_arms_eiger_without_grid_detect,tests/unit_tests/experiment_plans/test_panda_flyscan_xray_centre_plan.py::TestFlyscanXrayCentrePlan::test_fgs_arms_eiger_without_grid_detect,setup,0.04,45.56
before,1,test_if_smargon_speed_over_limit_then_log_error,tests/unit_tests/experiment_plans/test_panda_flyscan_xray_centre_plan.py::test_if_smargon_speed_over_limit_then_log_error,setup,0.04,45.56
before,1,test_cleanup_happens,tests/unit_tests/experiment_plans/test_rotation_scan_plan.py::test_cleanup_happens,setup,0.04,45.56
before,1,test_when_grid_scan_fails_then_detector_disarmed_and_correct_exception_returned,tests/unit_tests/experiment_plans/test_panda_flyscan_xray_centre_plan.py::TestFlyscanXrayCentrePlan::test_when_grid_scan_fails_then_detector_disarmed_and_correct_exception_returned,setup,0.04,45.56
before,1,test_fgs_arms_eiger_without_grid_detect,tests/unit_tests/experiment_plans/test_flyscan_xray_centre_plan.py::TestFlyscanXrayCentrePlan::test_fgs_arms_eiger_without_grid_detect,setup,0.04,45.56
before,1,test_given_gridscan_fails_to_centre_then_stub_offsets_not_set,tests/unit_tests/experiment_plans/test_flyscan_xray_centre_plan.py::TestFlyscanXrayCentrePlan::test_given_gridscan_fails_to_centre_then_stub_offsets_not_set,setup,0.04,45.56
before,1,test_results_passed_to_move_motors,tests/unit_tests/experiment_plans/test_flyscan_xray_centre_plan.py::TestFlyscanXrayCentrePlan::test_results_passed_to_move_motors,setup,0.04,45.56
before,1,test_nexus_handler_gets_documents_in_mock_plan,tests/unit_tests/external_interaction/callbacks/test_rotation_callbacks.py::test_nexus_handler_gets_documents_in_mock_plan,call,0.04,45.56
before,1,test_read_hardware_for_ispyb_updates_from_ophyd_devices,tests/unit_tests/experiment_plans/test_flyscan_xray_centre_plan.py::TestFlyscanXrayCentrePlan::test_read_hardware_for_ispyb_updates_from_ophyd_devices,setup,0.04,45.56
before,1,test_when_grid_scan_fails_then_detector_disarmed_and_correct_exception_returned,tests/unit_tests/experiment_plans/test_flyscan_xray_centre_plan.py::TestFlyscanXrayCentrePlan::test_when_grid_scan_fails_then_detector_disarmed_and_correct_exception_returned,setup,0.04,45.56
before,1,test_given_tip_at_zero_but_will_be_found_when_get_tip_into_view_then_smargon_moved_negative_and_tip_returned,tests/unit_tests/experiment_plans/test_pin_tip_centring.py::test_given_tip_at_zero_but_will_be_found_when_get_tip_into_view_then_smargon_moved_negative_and_tip_returned,call,0.04,45.56
before,1,test_when_gridscan_fails_ispyb_comment_appended_to,tests/unit_tests/experiment_plans/test_panda_flyscan_xray_centre_plan.py::TestFlyscanXrayCentrePlan::test_when_gridscan_fails_ispyb_comment_appended_to,call,0.04,45.56
before,1,test_nexus_handler_only_writes_once,tests/unit_tests/external_interaction/callbacks/test_rotation_callbacks.py::test_nexus_handler_only_writes_once,call,0.04,45.56
before,1,test_given_tip_at_zero_but_will_be_found_when_get_tip_into_view_then_smargon_moved_negative_and_tip_returned,tests/unit_tests/experiment_plans/test_pin_tip_centring.py::test_given_tip_at_zero_but_will_be_found_when_get_tip_into_view_then_smargon_moved_negative_and_tip_returned,setup,0.04,45.56
before,1,test_when_gridscan_fails_ispyb_comment_appended_to,tests/unit_tests/experiment_plans/test_flyscan_xray_centre_plan.py::TestFlyscanXrayCentrePlan::test_when_gridscan_fails_ispyb_comment_appended_to,call,0.04,45.56
before,1,test_when_detected_grid_has_odd_y_steps_then_add_a_y_step_and_shift_grid[False],tests/unit_tests/experiment_plans/test_grid_detection_plan.py::test_when_detected_grid_has_odd_y_steps_then_add_a_y_step_and_shift_grid[False],call,0.03,45.56
before,1,test_total_counts_calc_new_transmission_raises_warning_on_high_transmission,tests/unit_tests/experiment_plans/test_optimise_attenuation_plan.py::test_total_counts_calc_new_transmission_raises_warning_on_high_transmission,call,0.03,45.56
before,1,test_given_xpbm_checks_pass_when_plan_run_with_decorator_then_run_as_expected,tests/unit_tests/device_setup_plans/test_xbpm_feedback.py::test_given_xpbm_checks_pass_when_plan_run_with_decorator_then_run_as_expected,call,0.03,45.56
before,1,test_when_detected_grid_has_odd_y_steps_then_add_a_y_step_and_shift_grid[True],tests/unit_tests/experiment_plans/test_grid_detection_plan.py::test_when_detected_grid_has_odd_y_steps_then_add_a_y_step_and_shift_grid[True],call,0.03,45.56
before,1,test_given_smargon_disabled_when_plan_run_then_waits_on_smargon[14],tests/unit_tests/experiment_plans/test_wait_for_robot_load_then_centre.py::test_given_smargon_disabled_when_plan_run_then_waits_on_smargon[14],call,0.03,45.56
before,1,test_when_pin_centre_xray_centre_called_then_detector_positioned,tests/unit_tests/experiment_plans/test_pin_centre_then_xray_centre_plan.py::test_when_pin_centre_xray_centre_called_then_detector_positioned,setup,0.03,45.56
before,1,test_when_full_grid_scan_run_then_parameters_sent_to_fgs_as_expected,tests/unit_tests/experiment_plans/test_grid_detect_then_xray_centre_plan.py::test_when_full_grid_scan_run_then_parameters_sent_to_fgs_as_expected,setup,0.03,45.56
before,1,test_detect_grid_and_do_gridscan,tests/unit_tests/experiment_plans/test_grid_detect_then_xray_centre_plan.py::test_detect_grid_and_do_gridscan,setup,0.02,45.56
before,1,test_total_counts_gets_within_target,tests/unit_tests/experiment_plans/test_optimise_attenuation_plan.py::test_total_counts_gets_within_target,call,0.02,45.56
before,1,test_grid_detection_plan_gives_warningerror_if_tip_not_found,tests/unit_tests/experiment_plans/test_grid_detection_plan.py::test_grid_detection_plan_gives_warningerror_if_tip_not_found,setup,0.02,45.56
before,1,test_when_detected_grid_has_odd_y_steps_then_add_a_y_step_and_shift_grid[True],tests/unit_tests/experiment_plans/test_grid_detection_plan.py::test_when_detected_grid_has_odd_y_steps_then_add_a_y_step_and_shift_grid[True],setup,0.02,45.56
before,1,test_given_smargon_disabled_when_plan_run_then_waits_on_smargon[3],tests/unit_tests/experiment_plans/test_wait_for_robot_load_then_centre.py::test_given_smargon_disabled_when_plan_run_then_waits_on_smargon[3],call,0.02,45.56
before,1,test_grid_detection_plan_runs_and_triggers_snapshots,tests/unit_tests/experiment_plans/test_grid_detection_plan.py::test_grid_detection_plan_runs_and_triggers_snapshots,setup,0.02,45.56
before,1,test_given_smargon_disabled_when_plan_run_then_waits_on_smargon[3],tests/unit_tests/experiment_plans/test_wait_for_robot_load_then_centre.py::test_given_smargon_disabled_when_plan_run_then_waits_on_smargon[3],setup,0.02,45.56
before,1,test_when_grid_detection_plan_run_twice_then_values_do_not_persist_in_callback,tests/unit_tests/experiment_plans/test_grid_detection_plan.py::test_when_grid_detection_plan_run_twice_then_values_do_not_persist_in_callback,setup,0.02,45.56
before,1,test_when_detected_grid_has_odd_y_steps_then_add_a_y_step_and_shift_grid[False],tests/unit_tests/experiment_plans/test_grid_detection_plan.py::test_when_detected_grid_has_odd_y_steps_then_add_a_y_step_and_shift_grid[False],setup,0.02,45.56
before,1,test_given_when_grid_detect_then_upper_left_and_start_position_as_expected,tests/unit_tests/experiment_plans/test_grid_detection_plan.py::test_given_when_grid_detect_then_upper_left_and_start_position_as_expected,setup,0.02,45.56
before,1,test_when_grid_detection_plan_run_then_grid_detection_callback_gets_correct_values,tests/unit_tests/experiment_plans/test_grid_detection_plan.py::test_when_grid_detection_plan_run_then_grid_detection_callback_gets_correct_values,setup,0.02,45.56
before,1,test_set_energy,tests/unit_tests/experiment_plans/test_set_energy_plan.py::test_set_energy,setup,0.02,45.56
before,1,test_when_plan_run_then_centring_plan_run_with_expected_parameters,tests/unit_tests/experiment_plans/test_wait_for_robot_load_then_centre.py::test_when_plan_run_then_centring_plan_run_with_expected_parameters,call,0.02,45.56
before,1,test_given_smargon_disabled_when_plan_run_then_waits_on_smargon[14],tests/unit_tests/experiment_plans/test_wait_for_robot_load_then_centre.py::test_given_smargon_disabled_when_plan_run_then_waits_on_smargon[14],setup,0.02,45.56
before,1,test_when_plan_run_with_requested_energy_specified_energy_change_executes,tests/unit_tests/experiment_plans/test_wait_for_robot_load_then_centre.py::test_when_plan_run_with_requested_energy_specified_energy_change_executes,setup,0.02,45.56
before,1,test_given_smargon_disabled_when_plan_run_then_waits_on_smargon[5],tests/unit_tests/experiment_plans/test_wait_for_robot_load_then_centre.py::test_given_smargon_disabled_when_plan_run_then_waits_on_smargon[5],call,0.02,45.56
before,1,test_trigger_and_return_pin_tip_works_for_AD_pin_tip_detection,tests/unit_tests/experiment_plans/test_pin_tip_centring.py::test_trigger_and_return_pin_tip_works_for_AD_pin_tip_detection,call,0.02,45.56
before,1,test_when_plan_run_then_centring_plan_run_with_expected_parameters,tests/unit_tests/experiment_plans/test_wait_for_robot_load_then_centre.py::test_when_plan_run_then_centring_plan_run_with_expected_parameters,setup,0.02,45.56
before,1,test_when_plan_run_then_detector_arm_started_before_wait_on_robot_load,tests/unit_tests/experiment_plans/test_wait_for_robot_load_then_centre.py::test_when_plan_run_then_detector_arm_started_before_wait_on_robot_load,setup,0.02,45.56
before,1,test_given_smargon_disabled_for_longer_than_timeout_when_plan_run_then_throws_exception,tests/unit_tests/experiment_plans/test_wait_for_robot_load_then_centre.py::test_given_smargon_disabled_for_longer_than_timeout_when_plan_run_then_throws_exception,setup,0.02,45.56
before,1,test_given_smargon_disabled_when_plan_run_then_waits_on_smargon[5],tests/unit_tests/experiment_plans/test_wait_for_robot_load_then_centre.py::test_given_smargon_disabled_when_plan_run_then_waits_on_smargon[5],setup,0.02,45.56
before,1,test_zebra_arm_disarm,tests/unit_tests/device_setup_plans/test_zebra_setup.py::test_zebra_arm_disarm,call,0.02,45.56
before,1,test_values_for_move_so_that_beam_is_at_pixel[px_per_um3-beam_centre3-0-pixel_to_move_to3-expected_xyz3],tests/unit_tests/device_setup_plans/test_setup_oav.py::test_values_for_move_so_that_beam_is_at_pixel[px_per_um3-beam_centre3-0-pixel_to_move_to3-expected_xyz3],setup,0.02,45.56
before,1,test_when_plan_run_then_detector_arm_started_before_wait_on_robot_load,tests/unit_tests/experiment_plans/test_wait_for_robot_load_then_centre.py::test_when_plan_run_then_detector_arm_started_before_wait_on_robot_load,call,0.02,45.56
before,1,test_values_for_move_so_that_beam_is_at_pixel[px_per_um1-beam_centre1--90-pixel_to_move_to1-expected_xyz1],tests/unit_tests/device_setup_plans/test_setup_oav.py::test_values_for_move_so_that_beam_is_at_pixel[px_per_um1-beam_centre1--90-pixel_to_move_to1-expected_xyz1],setup,0.02,45.56
before,1,test_doesnt_activate_on_wrong_metadata,tests/unit_tests/external_interaction/callbacks/test_plan_reactive_callback.py::test_doesnt_activate_on_wrong_metadata,call,0.02,45.56
before,1,test_values_for_move_so_that_beam_is_at_pixel[px_per_um5-beam_centre5-0-pixel_to_move_to5-expected_xyz5],tests/unit_tests/device_setup_plans/test_setup_oav.py::test_values_for_move_so_that_beam_is_at_pixel[px_per_um5-beam_centre5-0-pixel_to_move_to5-expected_xyz5],setup,0.02,45.56
before,1,test_values_for_move_so_that_beam_is_at_pixel[px_per_um0-beam_centre0-0-pixel_to_move_to0-expected_xyz0],tests/unit_tests/device_setup_plans/test_setup_oav.py::test_values_for_move_so_that_beam_is_at_pixel[px_per_um0-beam_centre0-0-pixel_to_move_to0-expected_xyz0],setup,0.01,45.56
before,1,test_values_for_move_so_that_beam_is_at_pixel[px_per_um6-beam_centre6--90-pixel_to_move_to6-expected_xyz6],tests/unit_tests/device_setup_plans/test_setup_oav.py::test_values_for_move_so_that_beam_is_at_pixel[px_per_um6-beam_centre6--90-pixel_to_move_to6-expected_xyz6],setup,0.01,45.56
before,1,test_optimisation_attenuation_plan_runs_correct_functions[deadtime],tests/unit_tests/experiment_plans/test_optimise_attenuation_plan.py::test_optimisation_attenuation_plan_runs_correct_functions[deadtime],call,0.01,45.56
before,1,test_values_for_move_so_that_beam_is_at_pixel[px_per_um4-beam_centre4--90-pixel_to_move_to4-expected_xyz4],tests/unit_tests/device_setup_plans/test_setup_oav.py::test_values_for_move_so_that_beam_is_at_pixel[px_per_um4-beam_centre4--90-pixel_to_move_to4-expected_xyz4],setup,0.01,45.56
before,1,test_optimisation_attenuation_plan_runs_correct_functions[total_counts],tests/unit_tests/experiment_plans/test_optimise_attenuation_plan.py::test_optimisation_attenuation_plan_runs_correct_functions[total_counts],call,0.01,45.56
before,1,test_blueskyrunner_uses_cli_args_correctly_for_callbacks[arg_list2-parsed_arg_values2],tests/unit_tests/hyperion/test_main_system.py::test_blueskyrunner_uses_cli_args_correctly_for_callbacks[arg_list2-parsed_arg_values2],call,0.01,45.56
before,1,test_blueskyrunner_uses_cli_args_correctly_for_callbacks[arg_list1-parsed_arg_values1],tests/unit_tests/hyperion/test_main_system.py::test_blueskyrunner_uses_cli_args_correctly_for_callbacks[arg_list1-parsed_arg_values1],call,0.01,45.56
before,1,test_values_for_move_so_that_beam_is_at_pixel[px_per_um2-beam_centre2-90-pixel_to_move_to2-expected_xyz2],tests/unit_tests/device_setup_plans/test_setup_oav.py::test_values_for_move_so_that_beam_is_at_pixel[px_per_um2-beam_centre2-90-pixel_to_move_to2-expected_xyz2],setup,0.01,45.56
before,1,test_blueskyrunner_uses_cli_args_correctly_for_callbacks[arg_list3-parsed_arg_values3],tests/unit_tests/hyperion/test_main_system.py::test_blueskyrunner_uses_cli_args_correctly_for_callbacks[arg_list3-parsed_arg_values3],call,0.01,45.56
before,1,test_blueskyrunner_uses_cli_args_correctly_for_callbacks[arg_list0-parsed_arg_values0],tests/unit_tests/hyperion/test_main_system.py::test_blueskyrunner_uses_cli_args_correctly_for_callbacks[arg_list0-parsed_arg_values0],call,0.01,45.56
before,1,test_deactivates_after_closing,tests/unit_tests/external_interaction/callbacks/test_plan_reactive_callback.py::test_deactivates_after_closing,call,0.01,45.56
before,1,test_adjust_dcm_pitch_roll_vfm_from_lut,tests/unit_tests/device_setup_plans/test_dcm_pitch_roll_mirror_adjuster.py::test_adjust_dcm_pitch_roll_vfm_from_lut,setup,0.01,45.56
before,1,test_setup_panda_performs_correct_plans,tests/unit_tests/device_setup_plans/test_setup_panda.py::test_setup_panda_performs_correct_plans,call,0.01,45.56
before,1,test_activates_on_metadata,tests/unit_tests/external_interaction/callbacks/test_plan_reactive_callback.py::test_activates_on_metadata,call,0.01,45.56
before,1,test_when_pin_tip_centre_plan_called_then_expected_plans_called,tests/unit_tests/experiment_plans/test_pin_tip_centring.py::test_when_pin_tip_centre_plan_called_then_expected_plans_called,call,0.01,45.56
before,1,test_given_started_when_stopped_and_started_again_then_runs,tests/unit_tests/hyperion/test_main_system.py::test_given_started_when_stopped_and_started_again_then_runs,call,0.01,45.56
before,1,test_execution_of_do_fgs_triggers_zocalo_calls,tests/unit_tests/external_interaction/callbacks/test_zocalo_handler.py::TestZocaloHandler::test_execution_of_do_fgs_triggers_zocalo_calls,call,0.01,45.56
before,1,test_when_pin_centre_xray_centre_called_then_plan_runs_correctly,tests/unit_tests/experiment_plans/test_pin_centre_then_xray_centre_plan.py::test_when_pin_centre_xray_centre_called_then_plan_runs_correctly,call,0.01,45.56
before,1,test_store_rotation_scan_uses_supplied_dcgid[25],tests/unit_tests/external_interaction/ispyb/test_rotation_ispyb_store.py::test_store_rotation_scan_uses_supplied_dcgid[25],setup,0.01,45.56
before,1,test_store_rotation_scan_uses_supplied_dcgid[25],tests/unit_tests/external_interaction/ispyb/test_rotation_ispyb_store.py::test_store_rotation_scan_uses_supplied_dcgid[25],call,0.01,45.56
before,1,test_sending_start_twice_fails,tests/unit_tests/hyperion/test_main_system.py::test_sending_start_twice_fails,call,0.01,45.56
before,1,test_when_topup_before_end_of_collection_wait,tests/unit_tests/device_setup_plans/test_topup_plan.py::test_when_topup_before_end_of_collection_wait,call,0.01,45.56
before,1,test_given_no_tip_found_but_will_be_found_when_get_tip_into_view_then_smargon_moved_positive_and_tip_returned,tests/unit_tests/experiment_plans/test_pin_tip_centring.py::test_given_no_tip_found_but_will_be_found_when_get_tip_into_view_then_smargon_moved_positive_and_tip_returned,setup,0.01,45.56
before,1,test_adjust_dcm_pitch_roll_vfm_from_lut,tests/unit_tests/device_setup_plans/test_dcm_pitch_roll_mirror_adjuster.py::test_adjust_dcm_pitch_roll_vfm_from_lut,call,0.01,45.56
before,1,test_pin_tip_starting_near_positive_edge_doesnt_exceed_limit,tests/unit_tests/experiment_plans/test_pin_tip_centring.py::test_pin_tip_starting_near_positive_edge_doesnt_exceed_limit,setup,0.01,45.56
before,1,test_given_detector_bit_depth_changes_then_vds_datatype_as_expected[32-uint32],tests/unit_tests/external_interaction/test_write_rotation_nexus.py::test_given_detector_bit_depth_changes_then_vds_datatype_as_expected[32-uint32],setup,0.01,45.56
before,1,test_when_set_up_oav_with_different_zoom_levels_then_flat_field_applied_correctly[7.0-CAM],tests/unit_tests/device_setup_plans/test_setup_oav.py::test_when_set_up_oav_with_different_zoom_levels_then_flat_field_applied_correctly[7.0-CAM],setup,0.01,45.56
before,1,test_given_pin_tip_detect_using_ophyd_when_pin_tip_centre_plan_called_then_expected_plans_called,tests/unit_tests/experiment_plans/test_pin_tip_centring.py::test_given_pin_tip_detect_using_ophyd_when_pin_tip_centre_plan_called_then_expected_plans_called,call,0.01,45.56
before,1,test_when_pin_tip_centre_plan_called_then_expected_plans_called,tests/unit_tests/experiment_plans/test_pin_tip_centring.py::test_when_pin_tip_centre_plan_called_then_expected_plans_called,setup,0.01,45.56
before,1,test_given_no_tip_found_ever_when_get_tip_into_view_then_smargon_moved_positive_and_exception_thrown,tests/unit_tests/experiment_plans/test_pin_tip_centring.py::test_given_no_tip_found_ever_when_get_tip_into_view_then_smargon_moved_positive_and_exception_thrown,setup,0.01,45.56
before,1,test_given_the_pin_tip_is_already_in_view_when_get_tip_into_view_then_tip_returned_and_smargon_not_moved,tests/unit_tests/experiment_plans/test_pin_tip_centring.py::test_given_the_pin_tip_is_already_in_view_when_get_tip_into_view_then_tip_returned_and_smargon_not_moved,setup,0.01,45.56
before,1,test_given_started_when_stopped_then_success_and_idle_status,tests/unit_tests/hyperion/test_main_system.py::test_given_started_when_stopped_then_success_and_idle_status,call,0.01,45.56
before,1,test_when_set_up_oav_then_only_waits_on_oav_to_finish,tests/unit_tests/device_setup_plans/test_setup_oav.py::test_when_set_up_oav_then_only_waits_on_oav_to_finish,setup,0.01,45.56
before,1,test_given_detector_bit_depth_changes_then_vds_datatype_as_expected[8-uint8],tests/unit_tests/external_interaction/test_write_rotation_nexus.py::test_given_detector_bit_depth_changes_then_vds_datatype_as_expected[8-uint8],setup,0.01,45.56
before,1,test_pin_tip_starting_near_negative_edge_doesnt_exceed_limit,tests/unit_tests/experiment_plans/test_pin_tip_centring.py::test_pin_tip_starting_near_negative_edge_doesnt_exceed_limit,setup,0.01,45.56
before,1,test_GIVEN_scan_already_valid_THEN_wait_for_GRIDSCAN_returns_immediately,tests/unit_tests/experiment_plans/test_flyscan_xray_centre_plan.py::TestFlyscanXrayCentrePlan::test_GIVEN_scan_already_valid_THEN_wait_for_GRIDSCAN_returns_immediately,call,0.01,45.56
before,1,test_getting_status_return_idle,tests/unit_tests/hyperion/test_main_system.py::test_getting_status_return_idle,call,0.01,45.56
before,1,test_store_rotation_scan_uses_supplied_dcgid[61],tests/unit_tests/external_interaction/ispyb/test_rotation_ispyb_store.py::test_store_rotation_scan_uses_supplied_dcgid[61],call,0.01,45.56
before,1,test_rotation_scan_nexus_output_compared_to_existing_file,tests/unit_tests/external_interaction/test_write_rotation_nexus.py::test_rotation_scan_nexus_output_compared_to_existing_file,setup,0.01,45.56
before,1,test_apply_and_wait_for_voltages_to_settle_timeout,tests/unit_tests/device_setup_plans/test_dcm_pitch_roll_mirror_adjuster.py::test_apply_and_wait_for_voltages_to_settle_timeout,setup,0.01,45.56
before,1,test_given_pin_tip_detect_using_ophyd_when_pin_tip_centre_plan_called_then_expected_plans_called,tests/unit_tests/experiment_plans/test_pin_tip_centring.py::test_given_pin_tip_detect_using_ophyd_when_pin_tip_centre_plan_called_then_expected_plans_called,setup,0.01,45.56
before,1,test_when_set_up_oav_with_different_zoom_levels_then_flat_field_applied_correctly[1.0-proc],tests/unit_tests/device_setup_plans/test_setup_oav.py::test_when_set_up_oav_with_different_zoom_levels_then_flat_field_applied_correctly[1.0-proc],setup,0.01,45.56
before,1,test_given_detector_bit_depth_changes_then_vds_datatype_as_expected[16-uint16],tests/unit_tests/external_interaction/test_write_rotation_nexus.py::test_given_detector_bit_depth_changes_then_vds_datatype_as_expected[16-uint16],setup,0.01,45.56
before,1,test_given_detector_bit_depth_changes_then_vds_datatype_as_expected[100-uint16],tests/unit_tests/external_interaction/test_write_rotation_nexus.py::test_given_detector_bit_depth_changes_then_vds_datatype_as_expected[100-uint16],setup,0.01,45.56
before,1,test_store_rotation_scan_uses_supplied_dcgid[13],tests/unit_tests/external_interaction/ispyb/test_rotation_ispyb_store.py::test_store_rotation_scan_uses_supplied_dcgid[13],call,0.01,45.56
before,1,test_given_moving_out_of_range_when_move_with_warn_called_then_warning_exception,tests/unit_tests/experiment_plans/test_pin_tip_centring.py::test_given_moving_out_of_range_when_move_with_warn_called_then_warning_exception,setup,0.01,45.56
before,1,test_update_deposition_with_group_id_updates,tests/unit_tests/external_interaction/ispyb/test_rotation_ispyb_store.py::test_update_deposition_with_group_id_updates,setup,0.01,45.56
before,1,test_adjust_mirror_stripe[6.999-Bare-140-15],tests/unit_tests/device_setup_plans/test_dcm_pitch_roll_mirror_adjuster.py::test_adjust_mirror_stripe[6.999-Bare-140-15],setup,0.01,45.56
before,1,test_store_rotation_scan_uses_supplied_dcgid[88],tests/unit_tests/external_interaction/ispyb/test_rotation_ispyb_store.py::test_store_rotation_scan_uses_supplied_dcgid[88],call,0.01,45.56
before,1,test_apply_and_wait_for_voltages_to_settle_happy_path,tests/unit_tests/device_setup_plans/test_dcm_pitch_roll_mirror_adjuster.py::test_apply_and_wait_for_voltages_to_settle_happy_path,setup,0.01,45.56
before,1,test_store_rotation_scan_uses_supplied_dcgid[45],tests/unit_tests/external_interaction/ispyb/test_rotation_ispyb_store.py::test_store_rotation_scan_uses_supplied_dcgid[45],call,0.01,45.56
before,1,test_zebra_set_up_for_gridscan,tests/unit_tests/device_setup_plans/test_zebra_setup.py::test_zebra_set_up_for_gridscan,call,0.01,45.56
before,1,test_activity_gated_event,tests/unit_tests/external_interaction/callbacks/rotation/test_ispyb_callback.py::test_activity_gated_event,setup,0.01,45.56
before,1,test_no_waiting_if_decay_mode,tests/unit_tests/device_setup_plans/test_topup_plan.py::test_no_waiting_if_decay_mode,call,0.01,45.56
before,1,test_update_deposition,tests/unit_tests/external_interaction/ispyb/test_gridscan_ispyb_store_2d.py::test_update_deposition,setup,0.01,45.56
before,1,test_begin_deposition_with_alternate_experiment_type,tests/unit_tests/external_interaction/ispyb/test_rotation_ispyb_store.py::test_begin_deposition_with_alternate_experiment_type,setup,0.01,45.56
before,1,test_adjust_mirror_stripe[7.001-Rhodium-124--46],tests/unit_tests/device_setup_plans/test_dcm_pitch_roll_mirror_adjuster.py::test_adjust_mirror_stripe[7.001-Rhodium-124--46],setup,0.01,45.56
before,1,test_update_deposition,tests/unit_tests/external_interaction/ispyb/test_rotation_ispyb_store.py::test_update_deposition,setup,0.01,45.56
before,1,test_activity_gated_event,tests/unit_tests/external_interaction/callbacks/rotation/test_ispyb_callback.py::test_activity_gated_event,call,0.01,45.56
before,1,test_set_energy,tests/unit_tests/experiment_plans/test_set_energy_plan.py::test_set_energy,call,0.01,45.56
before,1,test_values_for_move_so_that_beam_is_at_pixel[px_per_um2-beam_centre2-90-pixel_to_move_to2-expected_xyz2],tests/unit_tests/device_setup_plans/test_setup_oav.py::test_values_for_move_so_that_beam_is_at_pixel[px_per_um2-beam_centre2-90-pixel_to_move_to2-expected_xyz2],call,0.01,45.56
before,1,test_values_for_move_so_that_beam_is_at_pixel[px_per_um6-beam_centre6--90-pixel_to_move_to6-expected_xyz6],tests/unit_tests/device_setup_plans/test_setup_oav.py::test_values_for_move_so_that_beam_is_at_pixel[px_per_um6-beam_centre6--90-pixel_to_move_to6-expected_xyz6],call,0.01,45.56
before,1,test_store_3d_grid_scan,tests/unit_tests/external_interaction/ispyb/test_gridscan_ispyb_store_3d.py::test_store_3d_grid_scan,setup,0.01,45.56
before,1,test_end_deposition_happy_path,tests/unit_tests/external_interaction/ispyb/test_rotation_ispyb_store.py::test_end_deposition_happy_path,setup,0.01,45.56
before,1,test_activity_gated_stop,tests/unit_tests/external_interaction/callbacks/rotation/test_ispyb_callback.py::test_activity_gated_stop,setup,0.01,45.56
before,1,test_messages_are_tagged_with_run_uid,tests/unit_tests/hyperion/test_log/test_log.py::test_messages_are_tagged_with_run_uid,call,0.01,45.56
before,1,test_deadtime_optimisation_calculates_deadtime_correctly,tests/unit_tests/experiment_plans/test_optimise_attenuation_plan.py::test_deadtime_optimisation_calculates_deadtime_correctly,call,0.01,45.56
before,1,test_ispyb_deposition_comment_for_3D_correct,tests/unit_tests/external_interaction/ispyb/test_gridscan_ispyb_store_3d.py::test_ispyb_deposition_comment_for_3D_correct,setup,0.01,45.56
before,1,test_wait_for_topup_complete,tests/unit_tests/device_setup_plans/test_topup_plan.py::test_wait_for_topup_complete,call,0.01,45.56
before,1,test_end_deposition_happy_path,tests/unit_tests/external_interaction/ispyb/test_gridscan_ispyb_store_2d.py::test_end_deposition_happy_path,setup,0.01,45.56
before,1,test_begin_deposition,tests/unit_tests/external_interaction/ispyb/test_rotation_ispyb_store.py::test_begin_deposition,setup,0.01,45.56
before,1,test_ispyb_starts_on_opening_and_zocalo_on_main_so_ispyb_triggered_before_zocalo,tests/unit_tests/external_interaction/callbacks/test_rotation_callbacks.py::test_ispyb_starts_on_opening_and_zocalo_on_main_so_ispyb_triggered_before_zocalo,teardown,0.01,45.56
before,1,test_subscribe_in_plan,tests/unit_tests/external_interaction/callbacks/xray_centre/test_xraycentre_callback_collection.py::test_subscribe_in_plan,call,0.01,45.56
before,1,test_activity_gated_start,tests/unit_tests/external_interaction/callbacks/rotation/test_ispyb_callback.py::test_activity_gated_start,setup,0.01,45.56
before,1,test_fail_result_run_results_in_bad_run_status,tests/unit_tests/external_interaction/ispyb/test_gridscan_ispyb_store_2d.py::test_fail_result_run_results_in_bad_run_status,setup,0.01,45.56
before,1,test_begin_deposition_with_group_id_doesnt_insert,tests/unit_tests/external_interaction/ispyb/test_rotation_ispyb_store.py::test_begin_deposition_with_group_id_doesnt_insert,setup,0.01,45.56
before,1,test_no_waiting_when_mode_does_not_allow_gating,tests/unit_tests/device_setup_plans/test_topup_plan.py::test_no_waiting_when_mode_does_not_allow_gating,call,0.01,45.56
before,1,test_values_for_move_so_that_beam_is_at_pixel[px_per_um5-beam_centre5-0-pixel_to_move_to5-expected_xyz5],tests/unit_tests/device_setup_plans/test_setup_oav.py::test_values_for_move_so_that_beam_is_at_pixel[px_per_um5-beam_centre5-0-pixel_to_move_to5-expected_xyz5],call,0.01,45.56
before,1,test_begin_deposition,tests/unit_tests/external_interaction/ispyb/test_gridscan_ispyb_store_2d.py::test_begin_deposition,setup,0.01,45.56
before,1,test_store_rotation_scan_failures,tests/unit_tests/external_interaction/ispyb/test_rotation_ispyb_store.py::test_store_rotation_scan_failures,setup,0.01,45.56
before,1,test_arm_devices_runs_correct_functions,tests/unit_tests/experiment_plans/test_optimise_attenuation_plan.py::test_arm_devices_runs_correct_functions,call,0.01,45.56
before,1,test_end_deposition_happy_path,tests/unit_tests/external_interaction/ispyb/test_gridscan_ispyb_store_3d.py::test_end_deposition_happy_path,setup,0.01,45.56
before,1,test_update_deposition,tests/unit_tests/external_interaction/ispyb/test_gridscan_ispyb_store_3d.py::test_update_deposition,setup,0.01,45.56
before,1,test_param_keys,tests/unit_tests/external_interaction/ispyb/test_gridscan_ispyb_store_2d.py::test_param_keys,setup,0.01,45.56
before,1,test_values_for_move_so_that_beam_is_at_pixel[px_per_um4-beam_centre4--90-pixel_to_move_to4-expected_xyz4],tests/unit_tests/device_setup_plans/test_setup_oav.py::test_values_for_move_so_that_beam_is_at_pixel[px_per_um4-beam_centre4--90-pixel_to_move_to4-expected_xyz4],call,0.01,45.56
before,1,test_values_for_move_so_that_beam_is_at_pixel[px_per_um3-beam_centre3-0-pixel_to_move_to3-expected_xyz3],tests/unit_tests/device_setup_plans/test_setup_oav.py::test_values_for_move_so_that_beam_is_at_pixel[px_per_um3-beam_centre3-0-pixel_to_move_to3-expected_xyz3],call,0.01,45.56
before,1,test_log_on_invalid_json_params,tests/unit_tests/hyperion/test_main_system.py::test_log_on_invalid_json_params,call,0.01,45.56
before,1,test_begin_deposition,tests/unit_tests/external_interaction/ispyb/test_gridscan_ispyb_store_3d.py::test_begin_deposition,setup,0.01,45.56
before,1,test_ispyb_deposition_comment_correct,tests/unit_tests/external_interaction/ispyb/test_gridscan_ispyb_store_2d.py::test_ispyb_deposition_comment_correct,setup,0.01,45.56
before,1,test_no_exception_during_run_results_in_good_run_status,tests/unit_tests/external_interaction/ispyb/test_gridscan_ispyb_store_2d.py::test_no_exception_during_run_results_in_good_run_status,setup,0.01,45.56
before,1,test_activity_gated_stop,tests/unit_tests/external_interaction/callbacks/rotation/test_ispyb_callback.py::test_activity_gated_stop,call,0.01,45.56
before,1,test_values_for_move_so_that_beam_is_at_pixel[px_per_um0-beam_centre0-0-pixel_to_move_to0-expected_xyz0],tests/unit_tests/device_setup_plans/test_setup_oav.py::test_values_for_move_so_that_beam_is_at_pixel[px_per_um0-beam_centre0-0-pixel_to_move_to0-expected_xyz0],call,0.01,45.56
before,1,test_given_shutter_open_fails_then_eiger_disarmed_and_correct_exception_returned,tests/unit_tests/device_setup_plans/test_utils.py::test_given_shutter_open_fails_then_eiger_disarmed_and_correct_exception_returned,setup,0.01,45.56
before,1,test_given_ispyb_callback_finished_writing_to_ispyb_when_messages_logged_then_they_do_not_contain_dcgid,tests/unit_tests/external_interaction/callbacks/xray_centre/test_ispyb_handler.py::TestXrayCentreIspybHandler::test_given_ispyb_callback_finished_writing_to_ispyb_when_messages_logged_then_they_do_not_contain_dcgid,call,0.01,45.56
before,1,test_FGS_parameters_load_from_file,tests/unit_tests/parameters/plan_specific/test_fgs_internal_parameters.py::test_FGS_parameters_load_from_file,call,0.01,45.56
before,1,test_param_fields_match_components_they_should_use,tests/unit_tests/parameters/test_internal_parameters.py::test_param_fields_match_components_they_should_use,setup,0.01,45.56
before,1,test_values_for_move_so_that_beam_is_at_pixel[px_per_um1-beam_centre1--90-pixel_to_move_to1-expected_xyz1],tests/unit_tests/device_setup_plans/test_setup_oav.py::test_values_for_move_so_that_beam_is_at_pixel[px_per_um1-beam_centre1--90-pixel_to_move_to1-expected_xyz1],call,0.01,45.56
before,1,test_given_ispyb_callback_started_writing_to_ispyb_when_messages_logged_then_they_contain_dcgid,tests/unit_tests/external_interaction/callbacks/xray_centre/test_ispyb_handler.py::TestXrayCentreIspybHandler::test_given_ispyb_callback_started_writing_to_ispyb_when_messages_logged_then_they_contain_dcgid,call,0.01,45.56
before,1,test_fgs_failing_results_in_bad_run_status_in_ispyb,tests/unit_tests/external_interaction/callbacks/xray_centre/test_ispyb_handler.py::TestXrayCentreIspybHandler::test_fgs_failing_results_in_bad_run_status_in_ispyb,call,0.01,45.56
before,1,test_given_tip_found_when_wait_for_tip_to_be_found_called_then_tip_immediately_returned,tests/unit_tests/device_setup_plans/test_setup_oav.py::test_given_tip_found_when_wait_for_tip_to_be_found_called_then_tip_immediately_returned,call,0.01,45.56
before,1,test_getting_status_after_start_sent_returns_busy,tests/unit_tests/hyperion/test_main_system.py::test_getting_status_after_start_sent_returns_busy,call,0.01,45.56
before,1,test_wait_for_robot_load_then_centre_doesnt_set_energy_if_not_specified,tests/unit_tests/experiment_plans/test_wait_for_robot_load_then_centre.py::test_wait_for_robot_load_then_centre_doesnt_set_energy_if_not_specified,call,0.01,45.56
before,1,test_internal_params_eq,tests/unit_tests/parameters/test_internal_parameters.py::test_internal_params_eq,call,0.01,45.56
before,1,test_given_started_when_stopped_then_success_and_idle_status,tests/unit_tests/hyperion/test_main_system.py::test_given_started_when_stopped_then_success_and_idle_status,setup,0.01,45.56
before,1,test_log_on_invalid_json_params,tests/unit_tests/hyperion/test_main_system.py::test_log_on_invalid_json_params,setup,0.01,45.56
before,1,test_when_plan_run_with_requested_energy_specified_energy_change_executes,tests/unit_tests/experiment_plans/test_wait_for_robot_load_then_centre.py::test_when_plan_run_with_requested_energy_specified_energy_change_executes,call,0.01,45.56
before,1,test_ispyb_handler_stores_sampleid_for_full_collection_not_screening[150-False],tests/unit_tests/external_interaction/callbacks/test_rotation_callbacks.py::test_ispyb_handler_stores_sampleid_for_full_collection_not_screening[150-False],call,0.01,45.56
before,1,test_tidy_up_plans_disable_panda_and_zebra,tests/unit_tests/experiment_plans/test_panda_flyscan_xray_centre_plan.py::test_tidy_up_plans_disable_panda_and_zebra,call,0.01,45.56
before,1,test_start_gives_success,tests/unit_tests/hyperion/test_main_system.py::test_start_gives_success,call,0.01,45.56
before,1,test_disarm_panda_disables_correct_blocks,tests/unit_tests/device_setup_plans/test_setup_panda.py::test_disarm_panda_disables_correct_blocks,call,0.01,45.56
before,1,test_activity_gated_start,tests/unit_tests/external_interaction/callbacks/rotation/test_ispyb_callback.py::test_activity_gated_start,call,0.01,45.56
before,1,test_getting_status_return_idle,tests/unit_tests/hyperion/test_main_system.py::test_getting_status_return_idle,setup,0.01,45.56
before,1,test_GIVEN_scan_already_valid_THEN_wait_for_GRIDSCAN_returns_immediately,tests/unit_tests/experiment_plans/test_panda_flyscan_xray_centre_plan.py::TestFlyscanXrayCentrePlan::test_GIVEN_scan_already_valid_THEN_wait_for_GRIDSCAN_returns_immediately,call,0.01,45.56
before,1,test_activity_gated_start_3d,tests/unit_tests/external_interaction/callbacks/xray_centre/test_ispyb_callback.py::test_activity_gated_start_3d,setup,0.01,45.56
before,1,test_writers_do_create_one_file_each_on_start_doc_for_run_gridscan,tests/unit_tests/external_interaction/callbacks/xray_centre/test_nexus_handler.py::test_writers_do_create_one_file_each_on_start_doc_for_run_gridscan,call,0.01,45.56
before,1,test_main_function,tests/unit_tests/external_interaction/callbacks/test_external_callbacks.py::test_main_function,call,0.01,45.56
before,1,test_activity_gated_start_3d,tests/unit_tests/external_interaction/callbacks/xray_centre/test_ispyb_callback.py::test_activity_gated_start_3d,call,0.01,45.56
before,1,test_start_with_json_file_gives_success,tests/unit_tests/hyperion/test_main_system.py::test_start_with_json_file_gives_success,call,0.01,45.56
before,1,test_given_detector_move_fails_then_eiger_disarmed_and_correct_exception_returned,tests/unit_tests/device_setup_plans/test_utils.py::test_given_detector_move_fails_then_eiger_disarmed_and_correct_exception_returned,setup,0.01,45.56
before,1,test_ispyb_handler_stores_sampleid_for_full_collection_not_screening[1-False],tests/unit_tests/external_interaction/callbacks/test_rotation_callbacks.py::test_ispyb_handler_stores_sampleid_for_full_collection_not_screening[1-False],call,0.01,45.56
before,1,test_writers_dont_create_on_init_but_do_on_ispyb_event,tests/unit_tests/external_interaction/callbacks/xray_centre/test_nexus_handler.py::test_writers_dont_create_on_init_but_do_on_ispyb_event,call,0.01,45.56
before,1,test_given_dummy_data_then_datafile_written_correctly[1044],tests/unit_tests/external_interaction/nexus/test_write_nexus.py::test_given_dummy_data_then_datafile_written_correctly[1044],setup,0.01,45.56
before,1,test_end_deposition_happy_path,tests/unit_tests/external_interaction/ispyb/test_gridscan_ispyb_store_3d.py::test_end_deposition_happy_path,call,0.01,45.56
before,1,test_plan_with_no_params_fails,tests/unit_tests/hyperion/test_main_system.py::test_plan_with_no_params_fails,setup,0.01,45.56
before,1,test_zebra_cleanup,tests/unit_tests/device_setup_plans/test_zebra_setup.py::test_zebra_cleanup,call,0.01,45.56
before,1,test_getting_status_after_start_sent_returns_busy,tests/unit_tests/hyperion/test_main_system.py::test_getting_status_after_start_sent_returns_busy,setup,0.01,45.56
before,1,test_given_plan_raises_when_exception_raised_then_eiger_disarmed_and_correct_exception_returned,tests/unit_tests/device_setup_plans/test_utils.py::test_given_plan_raises_when_exception_raised_then_eiger_disarmed_and_correct_exception_returned,setup,0.01,45.56
before,1,test_bad_params_wrong_version_raises_exception,tests/unit_tests/parameters/test_schema_validation.py::test_bad_params_wrong_version_raises_exception,call,0.01,45.56
before,1,test_given_fgs_plan_finished_when_zocalo_results_event_then_expected_comment_deposited,tests/unit_tests/external_interaction/callbacks/xray_centre/test_ispyb_handler.py::TestXrayCentreIspybHandler::test_given_fgs_plan_finished_when_zocalo_results_event_then_expected_comment_deposited,call,0.01,45.56
before,1,test_given_the_pin_tip_is_already_in_view_when_get_tip_into_view_then_tip_returned_and_smargon_not_moved,tests/unit_tests/experiment_plans/test_pin_tip_centring.py::test_given_the_pin_tip_is_already_in_view_when_get_tip_into_view_then_tip_returned_and_smargon_not_moved,call,0.01,45.56
before,1,test_sending_start_twice_fails,tests/unit_tests/hyperion/test_main_system.py::test_sending_start_twice_fails,setup,0.01,45.56
before,1,test_given_xpbm_checks_pass_when_plan_run_with_decorator_then_run_as_expected,tests/unit_tests/device_setup_plans/test_xbpm_feedback.py::test_given_xpbm_checks_pass_when_plan_run_with_decorator_then_run_as_expected,setup,0.01,45.56
before,1,test_nexus_handler_triggers_write_file_when_told,tests/unit_tests/external_interaction/callbacks/test_rotation_callbacks.py::test_nexus_handler_triggers_write_file_when_told,setup,0.01,45.56
before,1,test_fgs_raising_no_exception_results_in_good_run_status_in_ispyb,tests/unit_tests/external_interaction/callbacks/xray_centre/test_ispyb_handler.py::TestXrayCentreIspybHandler::test_fgs_raising_no_exception_results_in_good_run_status_in_ispyb,call,0.01,45.56
before,1,test_ispyb_reuses_dcgid_on_same_sampleID[ispyb_ids4],tests/unit_tests/external_interaction/callbacks/test_rotation_callbacks.py::test_ispyb_reuses_dcgid_on_same_sampleID[ispyb_ids4],setup,0.01,45.56
before,1,test_trigger_and_return_pin_tip_works_for_ophyd_pin_tip_detection,tests/unit_tests/experiment_plans/test_pin_tip_centring.py::test_trigger_and_return_pin_tip_works_for_ophyd_pin_tip_detection,call,0.01,45.56
before,1,test_no_env_variable_sets_correct_file_handler,tests/unit_tests/hyperion/test_log/test_log.py::test_no_env_variable_sets_correct_file_handler,setup,0.01,45.56
before,1,test_nexus_handler_gets_documents_in_mock_plan,tests/unit_tests/external_interaction/callbacks/test_rotation_callbacks.py::test_nexus_handler_gets_documents_in_mock_plan,setup,0.01,45.56
before,1,test_new_parameters_is_a_new_object,tests/unit_tests/parameters/test_external_parameters.py::test_new_parameters_is_a_new_object,call,0.01,45.56
before,1,test_ispyb_reuses_dcgid_on_same_sampleID[ispyb_ids6],tests/unit_tests/external_interaction/callbacks/test_rotation_callbacks.py::test_ispyb_reuses_dcgid_on_same_sampleID[ispyb_ids6],setup,0.01,45.56
before,1,test_start_gives_success,tests/unit_tests/hyperion/test_main_system.py::test_start_gives_success,setup,0.01,45.56
before,1,test_nexus_file_validity_for_zocalo_with_three_linked_datasets[1044],tests/unit_tests/external_interaction/nexus/test_write_nexus.py::test_nexus_file_validity_for_zocalo_with_three_linked_datasets[1044],setup,0.01,45.56
before,1,test_ispyb_reuses_dcgid_on_same_sampleID[ispyb_ids5],tests/unit_tests/external_interaction/callbacks/test_rotation_callbacks.py::test_ispyb_reuses_dcgid_on_same_sampleID[ispyb_ids5],setup,0.01,45.56
before,1,test_putting_bad_plan_fails,tests/unit_tests/hyperion/test_main_system.py::test_putting_bad_plan_fails,setup,0.01,45.56
before,2,test_when_grid_scan_fails_then_detector_disarmed_and_correct_exception_returned,tests/unit_tests/experiment_plans/test_flyscan_xray_centre_plan.py::TestFlyscanXrayCentrePlan::test_when_grid_scan_fails_then_detector_disarmed_and_correct_exception_returned,call,1.54,37.73
before,2,test_cleanup_happens,tests/unit_tests/experiment_plans/test_rotation_scan_plan.py::test_cleanup_happens,call,1.1,37.73
before,2,test_ispyb_reuses_dcgid_on_same_sampleID[ispyb_ids6],tests/unit_tests/external_interaction/callbacks/test_rotation_callbacks.py::test_ispyb_reuses_dcgid_on_same_sampleID[ispyb_ids6],call,0.91,37.73
before,2,test_ispyb_reuses_dcgid_on_same_sampleID[ispyb_ids5],tests/unit_tests/external_interaction/callbacks/test_rotation_callbacks.py::test_ispyb_reuses_dcgid_on_same_sampleID[ispyb_ids5],call,0.84,37.73
before,2,test_zebra_set_up_for_rotation,tests/unit_tests/device_setup_plans/test_zebra_setup.py::test_zebra_set_up_for_rotation,call,0.83,37.73
before,2,test_full_rotation_plan_smargon_settings,tests/unit_tests/experiment_plans/test_rotation_scan_plan.py::test_full_rotation_plan_smargon_settings,setup,0.83,37.73
before,2,test_when_all_tries_fail_then_bluesky_retry_throws_error,tests/unit_tests/device_setup_plans/test_zebra_setup.py::test_when_all_tries_fail_then_bluesky_retry_throws_error,call,0.81,37.73
before,2,test_given_gridscan_fails_to_centre_then_stub_offsets_not_set,tests/unit_tests/experiment_plans/test_flyscan_xray_centre_plan.py::TestFlyscanXrayCentrePlan::test_given_gridscan_fails_to_centre_then_stub_offsets_not_set,call,0.7,37.73
before,2,test_given_detector_bit_depth_changes_then_vds_datatype_as_expected[32-uint32],tests/unit_tests/external_interaction/test_write_rotation_nexus.py::test_given_detector_bit_depth_changes_then_vds_datatype_as_expected[32-uint32],call,0.69,37.73
before,2,test_given_detector_bit_depth_changes_then_vds_datatype_as_expected[16-uint16],tests/unit_tests/external_interaction/test_write_rotation_nexus.py::test_given_detector_bit_depth_changes_then_vds_datatype_as_expected[16-uint16],call,0.68,37.73
before,2,test_given_detector_bit_depth_changes_then_vds_datatype_as_expected[8-uint8],tests/unit_tests/external_interaction/test_write_rotation_nexus.py::test_given_detector_bit_depth_changes_then_vds_datatype_as_expected[8-uint8],call,0.68,37.73
before,2,test_given_detector_bit_depth_changes_then_vds_datatype_as_expected[100-uint16],tests/unit_tests/external_interaction/test_write_rotation_nexus.py::test_given_detector_bit_depth_changes_then_vds_datatype_as_expected[100-uint16],call,0.68,37.73
before,2,test_rotation_scan_nexus_output_compared_to_existing_file,tests/unit_tests/external_interaction/test_write_rotation_nexus.py::test_rotation_scan_nexus_output_compared_to_existing_file,call,0.68,37.73
before,2,test_if_smargon_speed_over_limit_then_log_error,tests/unit_tests/experiment_plans/test_panda_flyscan_xray_centre_plan.py::test_if_smargon_speed_over_limit_then_log_error,setup,0.65,37.73
before,2,test_total_count_calc_new_transmission_raises_error_on_low_ransmission,tests/unit_tests/experiment_plans/test_optimise_attenuation_plan.py::test_total_count_calc_new_transmission_raises_error_on_low_ransmission,call,0.61,37.73
before,2,test_when_grid_scan_fails_then_detector_disarmed_and_correct_exception_returned,tests/unit_tests/experiment_plans/test_panda_flyscan_xray_centre_plan.py::TestFlyscanXrayCentrePlan::test_when_grid_scan_fails_then_detector_disarmed_and_correct_exception_returned,call,0.59,37.73
before,2,test_total_count_exception_raised_after_max_cycles_reached,tests/unit_tests/experiment_plans/test_optimise_attenuation_plan.py::test_total_count_exception_raised_after_max_cycles_reached,call,0.59,37.73
before,2,test_given_smargon_disabled_for_longer_than_timeout_when_plan_run_then_throws_exception,tests/unit_tests/experiment_plans/test_wait_for_robot_load_then_centre.py::test_given_smargon_disabled_for_longer_than_timeout_when_plan_run_then_throws_exception,call,0.57,37.73
before,2,test_GIVEN_scan_not_valid_THEN_wait_for_GRIDSCAN_raises_and_sleeps_called,tests/unit_tests/experiment_plans/test_panda_flyscan_xray_centre_plan.py::TestFlyscanXrayCentrePlan::test_GIVEN_scan_not_valid_THEN_wait_for_GRIDSCAN_raises_and_sleeps_called,call,0.53,37.73
before,2,test_when_run_gridscan_called_ispyb_deposition_made_and_records_errors,tests/unit_tests/experiment_plans/test_flyscan_xray_centre_plan.py::TestFlyscanXrayCentrePlan::test_when_run_gridscan_called_ispyb_deposition_made_and_records_errors,call,0.52,37.73
before,2,test_apply_and_wait_for_voltages_to_settle_happy_path,tests/unit_tests/device_setup_plans/test_dcm_pitch_roll_mirror_adjuster.py::test_apply_and_wait_for_voltages_to_settle_happy_path,call,0.49,37.73
before,2,test_ispyb_reuses_dcgid_on_same_sampleID[ispyb_ids4],tests/unit_tests/external_interaction/callbacks/test_rotation_callbacks.py::test_ispyb_reuses_dcgid_on_same_sampleID[ispyb_ids4],call,0.45,37.73
before,2,test_ispyb_reuses_dcgid_on_same_sampleID[ispyb_ids2],tests/unit_tests/external_interaction/callbacks/test_rotation_callbacks.py::test_ispyb_reuses_dcgid_on_same_sampleID[ispyb_ids2],call,0.45,37.73
before,2,test_ispyb_reuses_dcgid_on_same_sampleID[ispyb_ids0],tests/unit_tests/external_interaction/callbacks/test_rotation_callbacks.py::test_ispyb_reuses_dcgid_on_same_sampleID[ispyb_ids0],call,0.45,37.73
before,2,test_ispyb_reuses_dcgid_on_same_sampleID[ispyb_ids1],tests/unit_tests/external_interaction/callbacks/test_rotation_callbacks.py::test_ispyb_reuses_dcgid_on_same_sampleID[ispyb_ids1],call,0.45,37.73
before,2,test_ispyb_reuses_dcgid_on_same_sampleID[ispyb_ids7],tests/unit_tests/external_interaction/callbacks/test_rotation_callbacks.py::test_ispyb_reuses_dcgid_on_same_sampleID[ispyb_ids7],call,0.45,37.73
before,2,test_ispyb_reuses_dcgid_on_same_sampleID[ispyb_ids3],tests/unit_tests/external_interaction/callbacks/test_rotation_callbacks.py::test_ispyb_reuses_dcgid_on_same_sampleID[ispyb_ids3],call,0.45,37.73
before,2,test_if_smargon_speed_over_limit_then_log_error,tests/unit_tests/experiment_plans/test_panda_flyscan_xray_centre_plan.py::test_if_smargon_speed_over_limit_then_log_error,call,0.42,37.73
before,2,test_given_gridscan_fails_to_centre_then_stub_offsets_not_set,tests/unit_tests/experiment_plans/test_panda_flyscan_xray_centre_plan.py::TestFlyscanXrayCentrePlan::test_given_gridscan_fails_to_centre_then_stub_offsets_not_set,call,0.42,37.73
before,2,test_ispyb_handler_grabs_uid_from_main_plan_and_not_first_start_doc,tests/unit_tests/external_interaction/callbacks/test_rotation_callbacks.py::test_ispyb_handler_grabs_uid_from_main_plan_and_not_first_start_doc,call,0.37,37.73
before,2,test_when_grid_detection_plan_run_then_grid_detection_callback_gets_correct_values,tests/unit_tests/experiment_plans/test_grid_detection_plan.py::test_when_grid_detection_plan_run_then_grid_detection_callback_gets_correct_values,call,0.34,37.73
before,2,test_zocalo_start_and_end_not_triggered_if_ispyb_ids_not_present,tests/unit_tests/external_interaction/callbacks/test_rotation_callbacks.py::test_zocalo_start_and_end_not_triggered_if_ispyb_ids_not_present,call,0.34,37.73
before,2,test_grid_detection_plan_gives_warningerror_if_tip_not_found,tests/unit_tests/experiment_plans/test_grid_detection_plan.py::test_grid_detection_plan_gives_warningerror_if_tip_not_found,call,0.33,37.73
before,2,test_nexus_handler_triggers_write_file_when_told,tests/unit_tests/external_interaction/callbacks/test_rotation_callbacks.py::test_nexus_handler_triggers_write_file_when_told,call,0.31,37.73
before,2,test_when_grid_detection_plan_run_twice_then_values_do_not_persist_in_callback,tests/unit_tests/experiment_plans/test_grid_detection_plan.py::test_when_grid_detection_plan_run_twice_then_values_do_not_persist_in_callback,call,0.3,37.73
before,2,test_read_hardware_for_ispyb_updates_from_ophyd_devices,tests/unit_tests/experiment_plans/test_flyscan_xray_centre_plan.py::TestFlyscanXrayCentrePlan::test_read_hardware_for_ispyb_updates_from_ophyd_devices,setup,0.3,37.73
before,2,test_when_first_try_fails_then_bluesky_retry_tries_again,tests/unit_tests/device_setup_plans/test_zebra_setup.py::test_when_first_try_fails_then_bluesky_retry_tries_again,call,0.27,37.73
before,2,test_when_context_created_then_contains_expected_number_of_plans,tests/unit_tests/hyperion/test_main_system.py::test_when_context_created_then_contains_expected_number_of_plans,call,0.27,37.73
before,2,test_apply_and_wait_for_voltages_to_settle_timeout,tests/unit_tests/device_setup_plans/test_dcm_pitch_roll_mirror_adjuster.py::test_apply_and_wait_for_voltages_to_settle_timeout,call,0.26,37.73
before,2,test_results_adjusted_and_passed_to_move_xyz,tests/unit_tests/experiment_plans/test_panda_flyscan_xray_centre_plan.py::TestFlyscanXrayCentrePlan::test_results_adjusted_and_passed_to_move_xyz,call,0.26,37.73
before,2,test_when_started_n_returnstatus_interrupted_bc_RE_aborted_thn_error_reptd,tests/unit_tests/hyperion/test_main_system.py::test_when_started_n_returnstatus_interrupted_bc_RE_aborted_thn_error_reptd,call,0.26,37.73
before,2,test_adjust_mirror_stripe[6.999-Bare-140-15],tests/unit_tests/device_setup_plans/test_dcm_pitch_roll_mirror_adjuster.py::test_adjust_mirror_stripe[6.999-Bare-140-15],call,0.23,37.73
before,2,test_adjust_mirror_stripe[7.001-Rhodium-124--46],tests/unit_tests/device_setup_plans/test_dcm_pitch_roll_mirror_adjuster.py::test_adjust_mirror_stripe[7.001-Rhodium-124--46],call,0.22,37.73
before,2,test_given_no_tip_when_wait_for_tip_to_be_found_called_then_exception_thrown,tests/unit_tests/device_setup_plans/test_setup_oav.py::test_given_no_tip_when_wait_for_tip_to_be_found_called_then_exception_thrown,call,0.22,37.73
before,2,test_given_no_tip_found_ever_when_get_tip_into_view_then_smargon_moved_positive_and_exception_thrown,tests/unit_tests/experiment_plans/test_pin_tip_centring.py::test_given_no_tip_found_ever_when_get_tip_into_view_then_smargon_moved_positive_and_exception_thrown,call,0.21,37.73
before,2,test_when_grid_scan_ran_then_eiger_disarmed_before_zocalo_end,tests/unit_tests/experiment_plans/test_panda_flyscan_xray_centre_plan.py::TestFlyscanXrayCentrePlan::test_when_grid_scan_ran_then_eiger_disarmed_before_zocalo_end,call,0.21,37.73
before,2,test_given_smargon_disabled_when_plan_run_then_waits_on_smargon[14],tests/unit_tests/experiment_plans/test_wait_for_robot_load_then_centre.py::test_given_smargon_disabled_when_plan_run_then_waits_on_smargon[14],setup,0.2,37.73
before,2,test_GIVEN_no_results_from_zocalo_WHEN_communicator_wait_for_results_called_THEN_fallback_centre_used,tests/unit_tests/experiment_plans/test_panda_flyscan_xray_centre_plan.py::TestFlyscanXrayCentrePlan::test_GIVEN_no_results_from_zocalo_WHEN_communicator_wait_for_results_called_THEN_fallback_centre_used,call,0.2,37.73
before,2,test_when_grid_scan_ran_then_eiger_disarmed_before_zocalo_end,tests/unit_tests/experiment_plans/test_flyscan_xray_centre_plan.py::TestFlyscanXrayCentrePlan::test_when_grid_scan_ran_then_eiger_disarmed_before_zocalo_end,call,0.19,37.73
before,2,test_GIVEN_no_results_from_zocalo_WHEN_communicator_wait_for_results_called_THEN_fallback_centre_used,tests/unit_tests/experiment_plans/test_flyscan_xray_centre_plan.py::TestFlyscanXrayCentrePlan::test_GIVEN_no_results_from_zocalo_WHEN_communicator_wait_for_results_called_THEN_fallback_centre_used,call,0.19,37.73
before,2,test_given_when_grid_detect_then_upper_left_and_start_position_as_expected,tests/unit_tests/experiment_plans/test_grid_detection_plan.py::test_given_when_grid_detect_then_upper_left_and_start_position_as_expected,call,0.17,37.73
before,2,test_when_pin_tip_centre_plan_called_then_expected_plans_called,tests/unit_tests/experiment_plans/test_pin_tip_centring.py::test_when_pin_tip_centre_plan_called_then_expected_plans_called,setup,0.16,37.73
before,2,test_putting_bad_plan_fails,tests/unit_tests/hyperion/test_main_system.py::test_putting_bad_plan_fails,call,0.16,37.73
before,2,test_log_on_invalid_json_params,tests/unit_tests/hyperion/test_main_system.py::test_log_on_invalid_json_params,call,0.15,37.73
before,2,test_fgs_arms_eiger_without_grid_detect,tests/unit_tests/experiment_plans/test_panda_flyscan_xray_centre_plan.py::TestFlyscanXrayCentrePlan::test_fgs_arms_eiger_without_grid_detect,call,0.15,37.73
before,2,test_plan_with_no_params_fails,tests/unit_tests/hyperion/test_main_system.py::test_plan_with_no_params_fails,call,0.15,37.73
before,2,test_fgs_arms_eiger_without_grid_detect,tests/unit_tests/experiment_plans/test_flyscan_xray_centre_plan.py::TestFlyscanXrayCentrePlan::test_fgs_arms_eiger_without_grid_detect,call,0.14,37.73
before,2,test_when_gridscan_succeeds_ispyb_comment_appended_to,tests/unit_tests/experiment_plans/test_flyscan_xray_centre_plan.py::TestFlyscanXrayCentrePlan::test_when_gridscan_succeeds_ispyb_comment_appended_to,call,0.14,37.73
before,2,test_grid_detection_plan_runs_and_triggers_snapshots,tests/unit_tests/experiment_plans/test_grid_detection_plan.py::test_grid_detection_plan_runs_and_triggers_snapshots,call,0.13,37.73
before,2,test_given_shutter_open_fails_then_eiger_disarmed_and_correct_exception_returned,tests/unit_tests/device_setup_plans/test_utils.py::test_given_shutter_open_fails_then_eiger_disarmed_and_correct_exception_returned,call,0.13,37.73
before,2,test_rotation_plan_energy_settings,tests/unit_tests/experiment_plans/test_rotation_scan_plan.py::test_rotation_plan_energy_settings,setup,0.13,37.73
before,2,test_rotation_plan_zebra_settings,tests/unit_tests/experiment_plans/test_rotation_scan_plan.py::test_rotation_plan_zebra_settings,setup,0.13,37.73
before,2,test_rotation_plan_smargon_doesnt_move_xyz_if_not_given_in_params,tests/unit_tests/experiment_plans/test_rotation_scan_plan.py::test_rotation_plan_smargon_doesnt_move_xyz_if_not_given_in_params,setup,0.13,37.73
before,2,test_given_plan_raises_when_exception_raised_then_eiger_disarmed_and_correct_exception_returned,tests/unit_tests/device_setup_plans/test_utils.py::test_given_plan_raises_when_exception_raised_then_eiger_disarmed_and_correct_exception_returned,call,0.13,37.73
before,2,test_rotation_plan_runs,tests/unit_tests/experiment_plans/test_rotation_scan_plan.py::test_rotation_plan_runs,setup,0.13,37.73
before,2,test_results_adjusted_and_passed_to_move_xyz,tests/unit_tests/experiment_plans/test_flyscan_xray_centre_plan.py::TestFlyscanXrayCentrePlan::test_results_adjusted_and_passed_to_move_xyz,call,0.12,37.73
before,2,test_given_detector_move_fails_then_eiger_disarmed_and_correct_exception_returned,tests/unit_tests/device_setup_plans/test_utils.py::test_given_detector_move_fails_then_eiger_disarmed_and_correct_exception_returned,call,0.12,37.73
before,2,test_GIVEN_scan_not_valid_THEN_wait_for_GRIDSCAN_raises_and_sleeps_called,tests/unit_tests/experiment_plans/test_flyscan_xray_centre_plan.py::TestFlyscanXrayCentrePlan::test_GIVEN_scan_not_valid_THEN_wait_for_GRIDSCAN_raises_and_sleeps_called,call,0.11,37.73
before,2,test_sending_start_twice_fails,tests/unit_tests/hyperion/test_main_system.py::test_sending_start_twice_fails,teardown,0.1,37.73
before,2,test_given_started_when_stopped_then_success_and_idle_status,tests/unit_tests/hyperion/test_main_system.py::test_given_started_when_stopped_then_success_and_idle_status,teardown,0.1,37.73
before,2,test_start_gives_success,tests/unit_tests/hyperion/test_main_system.py::test_start_gives_success,teardown,0.1,37.73
before,2,test_getting_status_return_idle,tests/unit_tests/hyperion/test_main_system.py::test_getting_status_return_idle,teardown,0.1,37.73
before,2,test_given_started_when_stopped_and_started_again_then_runs,tests/unit_tests/hyperion/test_main_system.py::test_given_started_when_stopped_and_started_again_then_runs,teardown,0.1,37.73
before,2,test_detect_grid_and_do_gridscan,tests/unit_tests/experiment_plans/test_grid_detect_then_xray_centre_plan.py::test_detect_grid_and_do_gridscan,call,0.09,37.73
before,2,test_when_full_grid_scan_run_then_parameters_sent_to_fgs_as_expected,tests/unit_tests/experiment_plans/test_grid_detect_then_xray_centre_plan.py::test_when_full_grid_scan_run_then_parameters_sent_to_fgs_as_expected,call,0.09,37.73
before,2,test_blueskyrunner_uses_cli_args_correctly_for_callbacks[arg_list3-parsed_arg_values3],tests/unit_tests/hyperion/test_main_system.py::test_blueskyrunner_uses_cli_args_correctly_for_callbacks[arg_list3-parsed_arg_values3],call,0.08,37.73
before,2,test_blueskyrunner_uses_cli_args_correctly_for_callbacks[arg_list1-parsed_arg_values1],tests/unit_tests/hyperion/test_main_system.py::test_blueskyrunner_uses_cli_args_correctly_for_callbacks[arg_list1-parsed_arg_values1],call,0.08,37.73
before,2,test_blueskyrunner_uses_cli_args_correctly_for_callbacks[arg_list0-parsed_arg_values0],tests/unit_tests/hyperion/test_main_system.py::test_blueskyrunner_uses_cli_args_correctly_for_callbacks[arg_list0-parsed_arg_values0],call,0.08,37.73
before,2,test_blueskyrunner_uses_cli_args_correctly_for_callbacks[arg_list2-parsed_arg_values2],tests/unit_tests/hyperion/test_main_system.py::test_blueskyrunner_uses_cli_args_correctly_for_callbacks[arg_list2-parsed_arg_values2],call,0.07,37.73
before,2,test_rotation_scan,tests/unit_tests/experiment_plans/test_rotation_scan_plan.py::test_rotation_scan,call,0.07,37.73
before,2,test_when_set_up_oav_with_different_zoom_levels_then_flat_field_applied_correctly[1.0-proc],tests/unit_tests/device_setup_plans/test_setup_oav.py::test_when_set_up_oav_with_different_zoom_levels_then_flat_field_applied_correctly[1.0-proc],call,0.07,37.73
before,2,test_given_xbpm_checks_fail_when_plan_run_with_decorator_then_plan_not_run,tests/unit_tests/device_setup_plans/test_xbpm_feedback.py::test_given_xbpm_checks_fail_when_plan_run_with_decorator_then_plan_not_run,call,0.07,37.73
before,2,test_given_no_tip_found_but_will_be_found_when_get_tip_into_view_then_smargon_moved_positive_and_tip_returned,tests/unit_tests/experiment_plans/test_pin_tip_centring.py::test_given_no_tip_found_but_will_be_found_when_get_tip_into_view_then_smargon_moved_positive_and_tip_returned,call,0.07,37.73
before,2,test_when_pin_centre_xray_centre_called_then_detector_positioned,tests/unit_tests/experiment_plans/test_pin_centre_then_xray_centre_plan.py::test_when_pin_centre_xray_centre_called_then_detector_positioned,call,0.07,37.73
before,2,test_when_set_up_oav_with_different_zoom_levels_then_flat_field_applied_correctly[7.0-CAM],tests/unit_tests/device_setup_plans/test_setup_oav.py::test_when_set_up_oav_with_different_zoom_levels_then_flat_field_applied_correctly[7.0-CAM],call,0.07,37.73
before,2,test_individual_plans_triggered_once_and_only_once_in_composite_run,tests/unit_tests/experiment_plans/test_panda_flyscan_xray_centre_plan.py::TestFlyscanXrayCentrePlan::test_individual_plans_triggered_once_and_only_once_in_composite_run,call,0.06,37.73
before,2,test_given_moving_out_of_range_when_move_with_warn_called_then_warning_exception,tests/unit_tests/experiment_plans/test_pin_tip_centring.py::test_given_moving_out_of_range_when_move_with_warn_called_then_warning_exception,call,0.06,37.73
before,2,test_when_gridscan_succeeds_ispyb_comment_appended_to,tests/unit_tests/experiment_plans/test_panda_flyscan_xray_centre_plan.py::TestFlyscanXrayCentrePlan::test_when_gridscan_succeeds_ispyb_comment_appended_to,call,0.06,37.73
before,2,test_when_gridscan_finished_then_smargon_stub_offsets_are_set,tests/unit_tests/experiment_plans/test_panda_flyscan_xray_centre_plan.py::TestFlyscanXrayCentrePlan::test_when_gridscan_finished_then_smargon_stub_offsets_are_set,call,0.06,37.73
before,2,test_results_adjusted_and_passed_to_move_xyz,tests/unit_tests/experiment_plans/test_flyscan_xray_centre_plan.py::TestFlyscanXrayCentrePlan::test_results_adjusted_and_passed_to_move_xyz,setup,0.06,37.73
before,2,test_when_gridscan_succeeds_ispyb_comment_appended_to,tests/unit_tests/experiment_plans/test_flyscan_xray_centre_plan.py::TestFlyscanXrayCentrePlan::test_when_gridscan_succeeds_ispyb_comment_appended_to,setup,0.06,37.73
before,2,test_read_hardware_for_ispyb_updates_from_ophyd_devices,tests/unit_tests/experiment_plans/test_panda_flyscan_xray_centre_plan.py::TestFlyscanXrayCentrePlan::test_read_hardware_for_ispyb_updates_from_ophyd_devices,call,0.05,37.73
before,2,test_ispyb_starts_on_opening_and_zocalo_on_main_so_ispyb_triggered_before_zocalo,tests/unit_tests/external_interaction/callbacks/test_rotation_callbacks.py::test_ispyb_starts_on_opening_and_zocalo_on_main_so_ispyb_triggered_before_zocalo,call,0.05,37.73
before,2,test_when_gridscan_finished_then_smargon_stub_offsets_are_set,tests/unit_tests/experiment_plans/test_panda_flyscan_xray_centre_plan.py::TestFlyscanXrayCentrePlan::test_when_gridscan_finished_then_smargon_stub_offsets_are_set,setup,0.05,37.73
before,2,test_GIVEN_no_results_from_zocalo_WHEN_communicator_wait_for_results_called_THEN_fallback_centre_used,tests/unit_tests/experiment_plans/test_panda_flyscan_xray_centre_plan.py::TestFlyscanXrayCentrePlan::test_GIVEN_no_results_from_zocalo_WHEN_communicator_wait_for_results_called_THEN_fallback_centre_used,setup,0.05,37.73
before,2,test_when_gridscan_fails_ispyb_comment_appended_to,tests/unit_tests/experiment_plans/test_panda_flyscan_xray_centre_plan.py::TestFlyscanXrayCentrePlan::test_when_gridscan_fails_ispyb_comment_appended_to,setup,0.05,37.73
before,2,test_results_adjusted_and_passed_to_move_xyz,tests/unit_tests/experiment_plans/test_panda_flyscan_xray_centre_plan.py::TestFlyscanXrayCentrePlan::test_results_adjusted_and_passed_to_move_xyz,setup,0.05,37.73
before,2,test_when_grid_scan_ran_then_eiger_disarmed_before_zocalo_end,tests/unit_tests/experiment_plans/test_panda_flyscan_xray_centre_plan.py::TestFlyscanXrayCentrePlan::test_when_grid_scan_ran_then_eiger_disarmed_before_zocalo_end,setup,0.05,37.73
before,2,test_individual_plans_triggered_once_and_only_once_in_composite_run,tests/unit_tests/experiment_plans/test_panda_flyscan_xray_centre_plan.py::TestFlyscanXrayCentrePlan::test_individual_plans_triggered_once_and_only_once_in_composite_run,setup,0.05,37.73
before,2,test_given_setting_stub_offsets_disabled_then_stub_offsets_not_set,tests/unit_tests/experiment_plans/test_panda_flyscan_xray_centre_plan.py::TestFlyscanXrayCentrePlan::test_given_setting_stub_offsets_disabled_then_stub_offsets_not_set,setup,0.05,37.73
before,2,test_when_gridscan_succeeds_ispyb_comment_appended_to,tests/unit_tests/experiment_plans/test_panda_flyscan_xray_centre_plan.py::TestFlyscanXrayCentrePlan::test_when_gridscan_succeeds_ispyb_comment_appended_to,setup,0.05,37.73
before,2,test_given_setting_stub_offsets_disabled_then_stub_offsets_not_set,tests/unit_tests/experiment_plans/test_panda_flyscan_xray_centre_plan.py::TestFlyscanXrayCentrePlan::test_given_setting_stub_offsets_disabled_then_stub_offsets_not_set,call,0.05,37.73
before,2,test_ispyb_specifies_experiment_type_if_supplied,tests/unit_tests/external_interaction/callbacks/test_rotation_callbacks.py::test_ispyb_specifies_experiment_type_if_supplied,call,0.05,37.73
before,2,test_rotation_scan,tests/unit_tests/experiment_plans/test_rotation_scan_plan.py::test_rotation_scan,setup,0.05,37.73
before,2,test_read_hardware_for_ispyb_updates_from_ophyd_devices,tests/unit_tests/experiment_plans/test_flyscan_xray_centre_plan.py::TestFlyscanXrayCentrePlan::test_read_hardware_for_ispyb_updates_from_ophyd_devices,call,0.05,37.73
before,2,test_kickoff_and_complete_gridscan_triggers_zocalo,tests/unit_tests/experiment_plans/test_flyscan_xray_centre_plan.py::test_kickoff_and_complete_gridscan_triggers_zocalo,call,0.05,37.73
before,2,test_given_xpbm_checks_pass_and_plan_fails_when_plan_run_with_decorator_then_cleaned_up,tests/unit_tests/device_setup_plans/test_xbpm_feedback.py::test_given_xpbm_checks_pass_and_plan_fails_when_plan_run_with_decorator_then_cleaned_up,call,0.05,37.73
before,2,test_results_passed_to_move_motors,tests/unit_tests/experiment_plans/test_panda_flyscan_xray_centre_plan.py::TestFlyscanXrayCentrePlan::test_results_passed_to_move_motors,setup,0.05,37.73
before,2,test_fgs_arms_eiger_without_grid_detect,tests/unit_tests/experiment_plans/test_panda_flyscan_xray_centre_plan.py::TestFlyscanXrayCentrePlan::test_fgs_arms_eiger_without_grid_detect,setup,0.05,37.73
before,2,test_given_gridscan_fails_to_centre_then_stub_offsets_not_set,tests/unit_tests/experiment_plans/test_panda_flyscan_xray_centre_plan.py::TestFlyscanXrayCentrePlan::test_given_gridscan_fails_to_centre_then_stub_offsets_not_set,setup,0.05,37.73
before,2,test_when_grid_scan_fails_then_detector_disarmed_and_correct_exception_returned,tests/unit_tests/experiment_plans/test_panda_flyscan_xray_centre_plan.py::TestFlyscanXrayCentrePlan::test_when_grid_scan_fails_then_detector_disarmed_and_correct_exception_returned,setup,0.05,37.73
before,2,test_read_hardware_for_ispyb_updates_from_ophyd_devices,tests/unit_tests/experiment_plans/test_panda_flyscan_xray_centre_plan.py::TestFlyscanXrayCentrePlan::test_read_hardware_for_ispyb_updates_from_ophyd_devices,setup,0.05,37.73
before,2,test_individual_plans_triggered_once_and_only_once_in_composite_run,tests/unit_tests/experiment_plans/test_flyscan_xray_centre_plan.py::TestFlyscanXrayCentrePlan::test_individual_plans_triggered_once_and_only_once_in_composite_run,call,0.05,37.73
before,2,test_nexus_handler_gets_documents_in_mock_plan,tests/unit_tests/external_interaction/callbacks/test_rotation_callbacks.py::test_nexus_handler_gets_documents_in_mock_plan,call,0.05,37.73
before,2,test_when_grid_scan_ran_then_eiger_disarmed_before_zocalo_end,tests/unit_tests/experiment_plans/test_flyscan_xray_centre_plan.py::TestFlyscanXrayCentrePlan::test_when_grid_scan_ran_then_eiger_disarmed_before_zocalo_end,setup,0.05,37.73
before,2,test_when_set_up_oav_then_only_waits_on_oav_to_finish,tests/unit_tests/device_setup_plans/test_setup_oav.py::test_when_set_up_oav_then_only_waits_on_oav_to_finish,call,0.05,37.73
before,2,test_end_deposition_happy_path,tests/unit_tests/external_interaction/ispyb/test_gridscan_ispyb_store_3d.py::test_end_deposition_happy_path,setup,0.05,37.73
before,2,test_individual_plans_triggered_once_and_only_once_in_composite_run,tests/unit_tests/experiment_plans/test_flyscan_xray_centre_plan.py::TestFlyscanXrayCentrePlan::test_individual_plans_triggered_once_and_only_once_in_composite_run,setup,0.05,37.73
before,2,test_when_gridscan_finished_then_smargon_stub_offsets_are_set,tests/unit_tests/experiment_plans/test_flyscan_xray_centre_plan.py::TestFlyscanXrayCentrePlan::test_when_gridscan_finished_then_smargon_stub_offsets_are_set,setup,0.05,37.73
before,2,test_cleanup_happens,tests/unit_tests/experiment_plans/test_rotation_scan_plan.py::test_cleanup_happens,setup,0.05,37.73
before,2,test_when_gridscan_fails_ispyb_comment_appended_to,tests/unit_tests/experiment_plans/test_flyscan_xray_centre_plan.py::TestFlyscanXrayCentrePlan::test_when_gridscan_fails_ispyb_comment_appended_to,setup,0.05,37.73
before,2,test_GIVEN_no_results_from_zocalo_WHEN_communicator_wait_for_results_called_THEN_fallback_centre_used,tests/unit_tests/experiment_plans/test_flyscan_xray_centre_plan.py::TestFlyscanXrayCentrePlan::test_GIVEN_no_results_from_zocalo_WHEN_communicator_wait_for_results_called_THEN_fallback_centre_used,setup,0.05,37.73
before,2,test_nexus_handler_only_writes_once,tests/unit_tests/external_interaction/callbacks/test_rotation_callbacks.py::test_nexus_handler_only_writes_once,call,0.05,37.73
before,2,test_when_gridscan_finished_then_smargon_stub_offsets_are_set,tests/unit_tests/experiment_plans/test_flyscan_xray_centre_plan.py::TestFlyscanXrayCentrePlan::test_when_gridscan_finished_then_smargon_stub_offsets_are_set,call,0.05,37.73
before,2,test_given_setting_stub_offsets_disabled_then_stub_offsets_not_set,tests/unit_tests/experiment_plans/test_flyscan_xray_centre_plan.py::TestFlyscanXrayCentrePlan::test_given_setting_stub_offsets_disabled_then_stub_offsets_not_set,setup,0.05,37.73
before,2,test_when_gridscan_fails_ispyb_comment_appended_to,tests/unit_tests/experiment_plans/test_panda_flyscan_xray_centre_plan.py::TestFlyscanXrayCentrePlan::test_when_gridscan_fails_ispyb_comment_appended_to,call,0.04,37.73
before,2,test_pin_tip_starting_near_negative_edge_doesnt_exceed_limit,tests/unit_tests/experiment_plans/test_pin_tip_centring.py::test_pin_tip_starting_near_negative_edge_doesnt_exceed_limit,setup,0.04,37.73
before,2,test_given_setting_stub_offsets_disabled_then_stub_offsets_not_set,tests/unit_tests/experiment_plans/test_flyscan_xray_centre_plan.py::TestFlyscanXrayCentrePlan::test_given_setting_stub_offsets_disabled_then_stub_offsets_not_set,call,0.04,37.73
before,2,test_fgs_arms_eiger_without_grid_detect,tests/unit_tests/experiment_plans/test_flyscan_xray_centre_plan.py::TestFlyscanXrayCentrePlan::test_fgs_arms_eiger_without_grid_detect,setup,0.04,37.73
before,2,test_when_grid_scan_fails_then_detector_disarmed_and_correct_exception_returned,tests/unit_tests/experiment_plans/test_flyscan_xray_centre_plan.py::TestFlyscanXrayCentrePlan::test_when_grid_scan_fails_then_detector_disarmed_and_correct_exception_returned,setup,0.04,37.73
before,2,test_when_run_gridscan_called_ispyb_deposition_made_and_records_errors,tests/unit_tests/experiment_plans/test_flyscan_xray_centre_plan.py::TestFlyscanXrayCentrePlan::test_when_run_gridscan_called_ispyb_deposition_made_and_records_errors,setup,0.04,37.73
before,2,test_given_gridscan_fails_to_centre_then_stub_offsets_not_set,tests/unit_tests/experiment_plans/test_flyscan_xray_centre_plan.py::TestFlyscanXrayCentrePlan::test_given_gridscan_fails_to_centre_then_stub_offsets_not_set,setup,0.04,37.73
before,2,test_kickoff_and_complete_gridscan_triggers_zocalo,tests/unit_tests/experiment_plans/test_flyscan_xray_centre_plan.py::test_kickoff_and_complete_gridscan_triggers_zocalo,setup,0.04,37.73
before,2,test_results_passed_to_move_motors,tests/unit_tests/experiment_plans/test_flyscan_xray_centre_plan.py::TestFlyscanXrayCentrePlan::test_results_passed_to_move_motors,setup,0.04,37.73
before,2,test_pin_tip_starting_near_positive_edge_doesnt_exceed_limit,tests/unit_tests/experiment_plans/test_pin_tip_centring.py::test_pin_tip_starting_near_positive_edge_doesnt_exceed_limit,call,0.04,37.73
before,2,test_total_counts_calc_new_transmission_raises_warning_on_high_transmission,tests/unit_tests/experiment_plans/test_optimise_attenuation_plan.py::test_total_counts_calc_new_transmission_raises_warning_on_high_transmission,call,0.04,37.73
before,2,test_given_tip_at_zero_but_will_be_found_when_get_tip_into_view_then_smargon_moved_negative_and_tip_returned,tests/unit_tests/experiment_plans/test_pin_tip_centring.py::test_given_tip_at_zero_but_will_be_found_when_get_tip_into_view_then_smargon_moved_negative_and_tip_returned,call,0.04,37.73
before,2,test_when_gridscan_fails_ispyb_comment_appended_to,tests/unit_tests/experiment_plans/test_flyscan_xray_centre_plan.py::TestFlyscanXrayCentrePlan::test_when_gridscan_fails_ispyb_comment_appended_to,call,0.04,37.73
before,2,test_given_xpbm_checks_pass_when_plan_run_with_decorator_then_run_as_expected,tests/unit_tests/device_setup_plans/test_xbpm_feedback.py::test_given_xpbm_checks_pass_when_plan_run_with_decorator_then_run_as_expected,call,0.03,37.73
before,2,test_when_detected_grid_has_odd_y_steps_then_add_a_y_step_and_shift_grid[False],tests/unit_tests/experiment_plans/test_grid_detection_plan.py::test_when_detected_grid_has_odd_y_steps_then_add_a_y_step_and_shift_grid[False],call,0.03,37.73
before,2,test_when_detected_grid_has_odd_y_steps_then_add_a_y_step_and_shift_grid[True],tests/unit_tests/experiment_plans/test_grid_detection_plan.py::test_when_detected_grid_has_odd_y_steps_then_add_a_y_step_and_shift_grid[True],call,0.03,37.73
before,2,test_ispyb_deposition_comment_for_3D_correct,tests/unit_tests/external_interaction/ispyb/test_gridscan_ispyb_store_3d.py::test_ispyb_deposition_comment_for_3D_correct,setup,0.03,37.73
before,2,test_when_full_grid_scan_run_then_parameters_sent_to_fgs_as_expected,tests/unit_tests/experiment_plans/test_grid_detect_then_xray_centre_plan.py::test_when_full_grid_scan_run_then_parameters_sent_to_fgs_as_expected,setup,0.03,37.73
before,2,test_given_smargon_disabled_when_plan_run_then_waits_on_smargon[14],tests/unit_tests/experiment_plans/test_wait_for_robot_load_then_centre.py::test_given_smargon_disabled_when_plan_run_then_waits_on_smargon[14],call,0.03,37.73
before,2,test_zebra_arm_disarm,tests/unit_tests/device_setup_plans/test_zebra_setup.py::test_zebra_arm_disarm,call,0.02,37.73
before,2,test_pin_tip_starting_near_negative_edge_doesnt_exceed_limit,tests/unit_tests/experiment_plans/test_pin_tip_centring.py::test_pin_tip_starting_near_negative_edge_doesnt_exceed_limit,call,0.02,37.73
before,2,test_when_pin_centre_xray_centre_called_then_detector_positioned,tests/unit_tests/experiment_plans/test_pin_centre_then_xray_centre_plan.py::test_when_pin_centre_xray_centre_called_then_detector_positioned,setup,0.02,37.73
before,2,test_total_counts_gets_within_target,tests/unit_tests/experiment_plans/test_optimise_attenuation_plan.py::test_total_counts_gets_within_target,call,0.02,37.73
before,2,test_grid_detection_plan_gives_warningerror_if_tip_not_found,tests/unit_tests/experiment_plans/test_grid_detection_plan.py::test_grid_detection_plan_gives_warningerror_if_tip_not_found,setup,0.02,37.73
before,2,test_detect_grid_and_do_gridscan,tests/unit_tests/experiment_plans/test_grid_detect_then_xray_centre_plan.py::test_detect_grid_and_do_gridscan,setup,0.02,37.73
before,2,test_set_energy,tests/unit_tests/experiment_plans/test_set_energy_plan.py::test_set_energy,setup,0.02,37.73
before,2,test_end_deposition_happy_path,tests/unit_tests/external_interaction/ispyb/test_gridscan_ispyb_store_3d.py::test_end_deposition_happy_path,teardown,0.02,37.73
before,2,test_when_detected_grid_has_odd_y_steps_then_add_a_y_step_and_shift_grid[True],tests/unit_tests/experiment_plans/test_grid_detection_plan.py::test_when_detected_grid_has_odd_y_steps_then_add_a_y_step_and_shift_grid[True],setup,0.02,37.73
before,2,test_when_grid_detection_plan_run_then_grid_detection_callback_gets_correct_values,tests/unit_tests/experiment_plans/test_grid_detection_plan.py::test_when_grid_detection_plan_run_then_grid_detection_callback_gets_correct_values,setup,0.02,37.73
before,2,test_when_detected_grid_has_odd_y_steps_then_add_a_y_step_and_shift_grid[False],tests/unit_tests/experiment_plans/test_grid_detection_plan.py::test_when_detected_grid_has_odd_y_steps_then_add_a_y_step_and_shift_grid[False],setup,0.02,37.73
before,2,test_optimisation_attenuation_plan_runs_correct_functions[deadtime],tests/unit_tests/experiment_plans/test_optimise_attenuation_plan.py::test_optimisation_attenuation_plan_runs_correct_functions[deadtime],call,0.02,37.73
before,2,test_grid_detection_plan_runs_and_triggers_snapshots,tests/unit_tests/experiment_plans/test_grid_detection_plan.py::test_grid_detection_plan_runs_and_triggers_snapshots,setup,0.02,37.73
before,2,test_given_when_grid_detect_then_upper_left_and_start_position_as_expected,tests/unit_tests/experiment_plans/test_grid_detection_plan.py::test_given_when_grid_detect_then_upper_left_and_start_position_as_expected,setup,0.02,37.73
before,2,test_when_grid_detection_plan_run_twice_then_values_do_not_persist_in_callback,tests/unit_tests/experiment_plans/test_grid_detection_plan.py::test_when_grid_detection_plan_run_twice_then_values_do_not_persist_in_callback,setup,0.02,37.73
before,2,test_optimisation_attenuation_plan_runs_correct_functions[total_counts],tests/unit_tests/experiment_plans/test_optimise_attenuation_plan.py::test_optimisation_attenuation_plan_runs_correct_functions[total_counts],call,0.02,37.73
before,2,test_trigger_and_return_pin_tip_works_for_AD_pin_tip_detection,tests/unit_tests/experiment_plans/test_pin_tip_centring.py::test_trigger_and_return_pin_tip_works_for_AD_pin_tip_detection,call,0.02,37.73
before,2,test_given_smargon_disabled_when_plan_run_then_waits_on_smargon[5],tests/unit_tests/experiment_plans/test_wait_for_robot_load_then_centre.py::test_given_smargon_disabled_when_plan_run_then_waits_on_smargon[5],call,0.02,37.73
before,2,test_when_plan_run_with_requested_energy_specified_energy_change_executes,tests/unit_tests/experiment_plans/test_wait_for_robot_load_then_centre.py::test_when_plan_run_with_requested_energy_specified_energy_change_executes,setup,0.02,37.73
before,2,test_given_smargon_disabled_for_longer_than_timeout_when_plan_run_then_throws_exception,tests/unit_tests/experiment_plans/test_wait_for_robot_load_then_centre.py::test_given_smargon_disabled_for_longer_than_timeout_when_plan_run_then_throws_exception,setup,0.02,37.73
before,2,test_end_deposition_happy_path,tests/unit_tests/external_interaction/ispyb/test_gridscan_ispyb_store_3d.py::test_end_deposition_happy_path,call,0.02,37.73
before,2,test_when_plan_run_then_centring_plan_run_with_expected_parameters,tests/unit_tests/experiment_plans/test_wait_for_robot_load_then_centre.py::test_when_plan_run_then_centring_plan_run_with_expected_parameters,setup,0.02,37.73
before,2,test_when_plan_run_then_detector_arm_started_before_wait_on_robot_load,tests/unit_tests/experiment_plans/test_wait_for_robot_load_then_centre.py::test_when_plan_run_then_detector_arm_started_before_wait_on_robot_load,setup,0.02,37.73
before,2,test_deadtime_optimisation_calculates_deadtime_correctly,tests/unit_tests/experiment_plans/test_optimise_attenuation_plan.py::test_deadtime_optimisation_calculates_deadtime_correctly,call,0.02,37.73
before,2,test_store_3d_grid_scan,tests/unit_tests/external_interaction/ispyb/test_gridscan_ispyb_store_3d.py::test_store_3d_grid_scan,teardown,0.02,37.73
before,2,test_wait_for_robot_load_then_centre_doesnt_set_energy_if_not_specified,tests/unit_tests/experiment_plans/test_wait_for_robot_load_then_centre.py::test_wait_for_robot_load_then_centre_doesnt_set_energy_if_not_specified,setup,0.02,37.73
before,2,test_given_smargon_disabled_when_plan_run_then_waits_on_smargon[5],tests/unit_tests/experiment_plans/test_wait_for_robot_load_then_centre.py::test_given_smargon_disabled_when_plan_run_then_waits_on_smargon[5],setup,0.02,37.73
before,2,test_when_plan_run_then_detector_arm_started_before_wait_on_robot_load,tests/unit_tests/experiment_plans/test_wait_for_robot_load_then_centre.py::test_when_plan_run_then_detector_arm_started_before_wait_on_robot_load,call,0.02,37.73
before,2,test_given_smargon_disabled_when_plan_run_then_waits_on_smargon[3],tests/unit_tests/experiment_plans/test_wait_for_robot_load_then_centre.py::test_given_smargon_disabled_when_plan_run_then_waits_on_smargon[3],call,0.02,37.73
before,2,test_given_smargon_disabled_when_plan_run_then_waits_on_smargon[3],tests/unit_tests/experiment_plans/test_wait_for_robot_load_then_centre.py::test_given_smargon_disabled_when_plan_run_then_waits_on_smargon[3],setup,0.02,37.73
before,2,test_values_for_move_so_that_beam_is_at_pixel[px_per_um4-beam_centre4--90-pixel_to_move_to4-expected_xyz4],tests/unit_tests/device_setup_plans/test_setup_oav.py::test_values_for_move_so_that_beam_is_at_pixel[px_per_um4-beam_centre4--90-pixel_to_move_to4-expected_xyz4],setup,0.02,37.73
before,2,test_values_for_move_so_that_beam_is_at_pixel[px_per_um5-beam_centre5-0-pixel_to_move_to5-expected_xyz5],tests/unit_tests/device_setup_plans/test_setup_oav.py::test_values_for_move_so_that_beam_is_at_pixel[px_per_um5-beam_centre5-0-pixel_to_move_to5-expected_xyz5],setup,0.02,37.73
before,2,test_values_for_move_so_that_beam_is_at_pixel[px_per_um3-beam_centre3-0-pixel_to_move_to3-expected_xyz3],tests/unit_tests/device_setup_plans/test_setup_oav.py::test_values_for_move_so_that_beam_is_at_pixel[px_per_um3-beam_centre3-0-pixel_to_move_to3-expected_xyz3],setup,0.01,37.73
before,2,test_values_for_move_so_that_beam_is_at_pixel[px_per_um2-beam_centre2-90-pixel_to_move_to2-expected_xyz2],tests/unit_tests/device_setup_plans/test_setup_oav.py::test_values_for_move_so_that_beam_is_at_pixel[px_per_um2-beam_centre2-90-pixel_to_move_to2-expected_xyz2],setup,0.01,37.73
before,2,test_values_for_move_so_that_beam_is_at_pixel[px_per_um1-beam_centre1--90-pixel_to_move_to1-expected_xyz1],tests/unit_tests/device_setup_plans/test_setup_oav.py::test_values_for_move_so_that_beam_is_at_pixel[px_per_um1-beam_centre1--90-pixel_to_move_to1-expected_xyz1],setup,0.01,37.73
before,2,test_values_for_move_so_that_beam_is_at_pixel[px_per_um6-beam_centre6--90-pixel_to_move_to6-expected_xyz6],tests/unit_tests/device_setup_plans/test_setup_oav.py::test_values_for_move_so_that_beam_is_at_pixel[px_per_um6-beam_centre6--90-pixel_to_move_to6-expected_xyz6],setup,0.01,37.73
before,2,test_values_for_move_so_that_beam_is_at_pixel[px_per_um0-beam_centre0-0-pixel_to_move_to0-expected_xyz0],tests/unit_tests/device_setup_plans/test_setup_oav.py::test_values_for_move_so_that_beam_is_at_pixel[px_per_um0-beam_centre0-0-pixel_to_move_to0-expected_xyz0],setup,0.01,37.73
before,2,test_when_plan_run_then_centring_plan_run_with_expected_parameters,tests/unit_tests/experiment_plans/test_wait_for_robot_load_then_centre.py::test_when_plan_run_then_centring_plan_run_with_expected_parameters,call,0.01,37.73
before,2,test_adjust_dcm_pitch_roll_vfm_from_lut,tests/unit_tests/device_setup_plans/test_dcm_pitch_roll_mirror_adjuster.py::test_adjust_dcm_pitch_roll_vfm_from_lut,setup,0.01,37.73
before,2,test_zebra_set_up_for_gridscan,tests/unit_tests/device_setup_plans/test_zebra_setup.py::test_zebra_set_up_for_gridscan,call,0.01,37.73
before,2,test_when_pin_tip_centre_plan_called_then_expected_plans_called,tests/unit_tests/experiment_plans/test_pin_tip_centring.py::test_when_pin_tip_centre_plan_called_then_expected_plans_called,call,0.01,37.73
before,2,test_given_the_pin_tip_is_already_in_view_when_get_tip_into_view_then_tip_returned_and_smargon_not_moved,tests/unit_tests/experiment_plans/test_pin_tip_centring.py::test_given_the_pin_tip_is_already_in_view_when_get_tip_into_view_then_tip_returned_and_smargon_not_moved,setup,0.01,37.73
before,2,test_given_started_when_stopped_and_started_again_then_runs,tests/unit_tests/hyperion/test_main_system.py::test_given_started_when_stopped_and_started_again_then_runs,call,0.01,37.73
before,2,test_given_pin_tip_detect_using_ophyd_when_pin_tip_centre_plan_called_then_expected_plans_called,tests/unit_tests/experiment_plans/test_pin_tip_centring.py::test_given_pin_tip_detect_using_ophyd_when_pin_tip_centre_plan_called_then_expected_plans_called,call,0.01,37.73
before,2,test_given_tip_at_zero_but_will_be_found_when_get_tip_into_view_then_smargon_moved_negative_and_tip_returned,tests/unit_tests/experiment_plans/test_pin_tip_centring.py::test_given_tip_at_zero_but_will_be_found_when_get_tip_into_view_then_smargon_moved_negative_and_tip_returned,setup,0.01,37.73
before,2,test_zebra_cleanup,tests/unit_tests/device_setup_plans/test_zebra_setup.py::test_zebra_cleanup,call,0.01,37.73
before,2,test_setup_panda_performs_correct_plans,tests/unit_tests/device_setup_plans/test_setup_panda.py::test_setup_panda_performs_correct_plans,call,0.01,37.73
before,2,test_execution_of_do_fgs_triggers_zocalo_calls,tests/unit_tests/external_interaction/callbacks/test_zocalo_handler.py::TestZocaloHandler::test_execution_of_do_fgs_triggers_zocalo_calls,call,0.01,37.73
before,2,test_sending_start_twice_fails,tests/unit_tests/hyperion/test_main_system.py::test_sending_start_twice_fails,call,0.01,37.73
before,2,test_given_started_when_stopped_then_success_and_idle_status,tests/unit_tests/hyperion/test_main_system.py::test_given_started_when_stopped_then_success_and_idle_status,call,0.01,37.73
before,2,test_arm_devices_runs_correct_functions,tests/unit_tests/experiment_plans/test_optimise_attenuation_plan.py::test_arm_devices_runs_correct_functions,call,0.01,37.73
before,2,test_tidy_up_plans_disable_panda_and_zebra,tests/unit_tests/experiment_plans/test_panda_flyscan_xray_centre_plan.py::test_tidy_up_plans_disable_panda_and_zebra,call,0.01,37.73
before,2,test_when_set_up_oav_with_different_zoom_levels_then_flat_field_applied_correctly[7.0-CAM],tests/unit_tests/device_setup_plans/test_setup_oav.py::test_when_set_up_oav_with_different_zoom_levels_then_flat_field_applied_correctly[7.0-CAM],setup,0.01,37.73
before,2,test_when_topup_before_end_of_collection_wait,tests/unit_tests/device_setup_plans/test_topup_plan.py::test_when_topup_before_end_of_collection_wait,call,0.01,37.73
before,2,test_when_set_up_oav_then_only_waits_on_oav_to_finish,tests/unit_tests/device_setup_plans/test_setup_oav.py::test_when_set_up_oav_then_only_waits_on_oav_to_finish,setup,0.01,37.73
before,2,test_given_no_tip_found_ever_when_get_tip_into_view_then_smargon_moved_positive_and_exception_thrown,tests/unit_tests/experiment_plans/test_pin_tip_centring.py::test_given_no_tip_found_ever_when_get_tip_into_view_then_smargon_moved_positive_and_exception_thrown,setup,0.01,37.73
before,2,test_given_detector_bit_depth_changes_then_vds_datatype_as_expected[16-uint16],tests/unit_tests/external_interaction/test_write_rotation_nexus.py::test_given_detector_bit_depth_changes_then_vds_datatype_as_expected[16-uint16],setup,0.01,37.73
before,2,test_subscribe_in_plan,tests/unit_tests/external_interaction/callbacks/xray_centre/test_xraycentre_callback_collection.py::test_subscribe_in_plan,call,0.01,37.73
before,2,test_given_detector_bit_depth_changes_then_vds_datatype_as_expected[32-uint32],tests/unit_tests/external_interaction/test_write_rotation_nexus.py::test_given_detector_bit_depth_changes_then_vds_datatype_as_expected[32-uint32],setup,0.01,37.73
before,2,test_given_pin_tip_detect_using_ophyd_when_pin_tip_centre_plan_called_then_expected_plans_called,tests/unit_tests/experiment_plans/test_pin_tip_centring.py::test_given_pin_tip_detect_using_ophyd_when_pin_tip_centre_plan_called_then_expected_plans_called,setup,0.01,37.73
before,2,test_given_no_tip_found_but_will_be_found_when_get_tip_into_view_then_smargon_moved_positive_and_tip_returned,tests/unit_tests/experiment_plans/test_pin_tip_centring.py::test_given_no_tip_found_but_will_be_found_when_get_tip_into_view_then_smargon_moved_positive_and_tip_returned,setup,0.01,37.73
before,2,test_store_rotation_scan_uses_supplied_dcgid[25],tests/unit_tests/external_interaction/ispyb/test_rotation_ispyb_store.py::test_store_rotation_scan_uses_supplied_dcgid[25],call,0.01,37.73
before,2,test_store_rotation_scan_uses_supplied_dcgid[13],tests/unit_tests/external_interaction/ispyb/test_rotation_ispyb_store.py::test_store_rotation_scan_uses_supplied_dcgid[13],call,0.01,37.73
before,2,test_store_rotation_scan_uses_supplied_dcgid[45],tests/unit_tests/external_interaction/ispyb/test_rotation_ispyb_store.py::test_store_rotation_scan_uses_supplied_dcgid[45],call,0.01,37.73
before,2,test_pin_tip_starting_near_positive_edge_doesnt_exceed_limit,tests/unit_tests/experiment_plans/test_pin_tip_centring.py::test_pin_tip_starting_near_positive_edge_doesnt_exceed_limit,setup,0.01,37.73
before,2,test_given_detector_bit_depth_changes_then_vds_datatype_as_expected[8-uint8],tests/unit_tests/external_interaction/test_write_rotation_nexus.py::test_given_detector_bit_depth_changes_then_vds_datatype_as_expected[8-uint8],setup,0.01,37.73
before,2,test_adjust_dcm_pitch_roll_vfm_from_lut,tests/unit_tests/device_setup_plans/test_dcm_pitch_roll_mirror_adjuster.py::test_adjust_dcm_pitch_roll_vfm_from_lut,call,0.01,37.73
before,2,test_activity_gated_start,tests/unit_tests/external_interaction/callbacks/rotation/test_ispyb_callback.py::test_activity_gated_start,setup,0.01,37.73
before,2,test_given_detector_bit_depth_changes_then_vds_datatype_as_expected[100-uint16],tests/unit_tests/external_interaction/test_write_rotation_nexus.py::test_given_detector_bit_depth_changes_then_vds_datatype_as_expected[100-uint16],setup,0.01,37.73
before,2,test_when_pin_centre_xray_centre_called_then_plan_runs_correctly,tests/unit_tests/experiment_plans/test_pin_centre_then_xray_centre_plan.py::test_when_pin_centre_xray_centre_called_then_plan_runs_correctly,call,0.01,37.73
before,2,test_given_moving_out_of_range_when_move_with_warn_called_then_warning_exception,tests/unit_tests/experiment_plans/test_pin_tip_centring.py::test_given_moving_out_of_range_when_move_with_warn_called_then_warning_exception,setup,0.01,37.73
before,2,test_store_rotation_scan_uses_supplied_dcgid[61],tests/unit_tests/external_interaction/ispyb/test_rotation_ispyb_store.py::test_store_rotation_scan_uses_supplied_dcgid[61],call,0.01,37.73
before,2,test_update_deposition,tests/unit_tests/external_interaction/ispyb/test_rotation_ispyb_store.py::test_update_deposition,setup,0.01,37.73
before,2,test_when_set_up_oav_with_different_zoom_levels_then_flat_field_applied_correctly[1.0-proc],tests/unit_tests/device_setup_plans/test_setup_oav.py::test_when_set_up_oav_with_different_zoom_levels_then_flat_field_applied_correctly[1.0-proc],setup,0.01,37.73
before,2,test_store_rotation_scan_uses_supplied_dcgid[88],tests/unit_tests/external_interaction/ispyb/test_rotation_ispyb_store.py::test_store_rotation_scan_uses_supplied_dcgid[88],call,0.01,37.73
before,2,test_rotation_scan_nexus_output_compared_to_existing_file,tests/unit_tests/external_interaction/test_write_rotation_nexus.py::test_rotation_scan_nexus_output_compared_to_existing_file,setup,0.01,37.73
before,2,test_store_rotation_scan_uses_supplied_dcgid[2],tests/unit_tests/external_interaction/ispyb/test_rotation_ispyb_store.py::test_store_rotation_scan_uses_supplied_dcgid[2],call,0.01,37.73
before,2,test_adjust_mirror_stripe[7.001-Rhodium-124--46],tests/unit_tests/device_setup_plans/test_dcm_pitch_roll_mirror_adjuster.py::test_adjust_mirror_stripe[7.001-Rhodium-124--46],setup,0.01,37.73
before,2,test_apply_and_wait_for_voltages_to_settle_timeout,tests/unit_tests/device_setup_plans/test_dcm_pitch_roll_mirror_adjuster.py::test_apply_and_wait_for_voltages_to_settle_timeout,setup,0.01,37.73
before,2,test_adjust_mirror_stripe[6.999-Bare-140-15],tests/unit_tests/device_setup_plans/test_dcm_pitch_roll_mirror_adjuster.py::test_adjust_mirror_stripe[6.999-Bare-140-15],setup,0.01,37.73
before,2,test_no_waiting_when_mode_does_not_allow_gating,tests/unit_tests/device_setup_plans/test_topup_plan.py::test_no_waiting_when_mode_does_not_allow_gating,call,0.01,37.73
before,2,test_activates_on_metadata,tests/unit_tests/external_interaction/callbacks/test_plan_reactive_callback.py::test_activates_on_metadata,call,0.01,37.73
before,2,test_deactivates_after_closing,tests/unit_tests/external_interaction/callbacks/test_plan_reactive_callback.py::test_deactivates_after_closing,call,0.01,37.73
before,2,test_wait_for_topup_complete,tests/unit_tests/device_setup_plans/test_topup_plan.py::test_wait_for_topup_complete,call,0.01,37.73
before,2,test_no_waiting_if_decay_mode,tests/unit_tests/device_setup_plans/test_topup_plan.py::test_no_waiting_if_decay_mode,call,0.01,37.73
before,2,test_apply_and_wait_for_voltages_to_settle_happy_path,tests/unit_tests/device_setup_plans/test_dcm_pitch_roll_mirror_adjuster.py::test_apply_and_wait_for_voltages_to_settle_happy_path,setup,0.01,37.73
before,2,test_GIVEN_scan_already_valid_THEN_wait_for_GRIDSCAN_returns_immediately,tests/unit_tests/experiment_plans/test_panda_flyscan_xray_centre_plan.py::TestFlyscanXrayCentrePlan::test_GIVEN_scan_already_valid_THEN_wait_for_GRIDSCAN_returns_immediately,call,0.01,37.73
before,2,test_values_for_move_so_that_beam_is_at_pixel[px_per_um3-beam_centre3-0-pixel_to_move_to3-expected_xyz3],tests/unit_tests/device_setup_plans/test_setup_oav.py::test_values_for_move_so_that_beam_is_at_pixel[px_per_um3-beam_centre3-0-pixel_to_move_to3-expected_xyz3],call,0.01,37.73
before,2,test_store_3d_grid_scan,tests/unit_tests/external_interaction/ispyb/test_gridscan_ispyb_store_3d.py::test_store_3d_grid_scan,call,0.01,37.73
before,2,test_begin_deposition,tests/unit_tests/external_interaction/ispyb/test_gridscan_ispyb_store_2d.py::test_begin_deposition,setup,0.01,37.73
before,2,test_doesnt_activate_on_wrong_metadata,tests/unit_tests/external_interaction/callbacks/test_plan_reactive_callback.py::test_doesnt_activate_on_wrong_metadata,call,0.01,37.73
before,2,test_begin_deposition,tests/unit_tests/external_interaction/ispyb/test_gridscan_ispyb_store_3d.py::test_begin_deposition,setup,0.01,37.73
before,2,test_begin_deposition_with_alternate_experiment_type,tests/unit_tests/external_interaction/ispyb/test_rotation_ispyb_store.py::test_begin_deposition_with_alternate_experiment_type,setup,0.01,37.73
before,2,test_values_for_move_so_that_beam_is_at_pixel[px_per_um2-beam_centre2-90-pixel_to_move_to2-expected_xyz2],tests/unit_tests/device_setup_plans/test_setup_oav.py::test_values_for_move_so_that_beam_is_at_pixel[px_per_um2-beam_centre2-90-pixel_to_move_to2-expected_xyz2],call,0.01,37.73
before,2,test_activity_gated_event,tests/unit_tests/external_interaction/callbacks/rotation/test_ispyb_callback.py::test_activity_gated_event,call,0.01,37.73
before,2,test_param_keys,tests/unit_tests/external_interaction/ispyb/test_gridscan_ispyb_store_2d.py::test_param_keys,setup,0.01,37.73
before,2,test_fail_result_run_results_in_bad_run_status,tests/unit_tests/external_interaction/ispyb/test_gridscan_ispyb_store_2d.py::test_fail_result_run_results_in_bad_run_status,setup,0.01,37.73
before,2,test_activity_gated_event,tests/unit_tests/external_interaction/callbacks/rotation/test_ispyb_callback.py::test_activity_gated_event,setup,0.01,37.73
before,2,test_begin_deposition,tests/unit_tests/external_interaction/ispyb/test_rotation_ispyb_store.py::test_begin_deposition,setup,0.01,37.73
before,2,test_values_for_move_so_that_beam_is_at_pixel[px_per_um0-beam_centre0-0-pixel_to_move_to0-expected_xyz0],tests/unit_tests/device_setup_plans/test_setup_oav.py::test_values_for_move_so_that_beam_is_at_pixel[px_per_um0-beam_centre0-0-pixel_to_move_to0-expected_xyz0],call,0.01,37.73
before,2,test_begin_deposition_with_group_id_doesnt_insert,tests/unit_tests/external_interaction/ispyb/test_rotation_ispyb_store.py::test_begin_deposition_with_group_id_doesnt_insert,setup,0.01,37.73
before,2,test_getting_status_return_idle,tests/unit_tests/hyperion/test_main_system.py::test_getting_status_return_idle,call,0.01,37.73
before,2,test_values_for_move_so_that_beam_is_at_pixel[px_per_um1-beam_centre1--90-pixel_to_move_to1-expected_xyz1],tests/unit_tests/device_setup_plans/test_setup_oav.py::test_values_for_move_so_that_beam_is_at_pixel[px_per_um1-beam_centre1--90-pixel_to_move_to1-expected_xyz1],call,0.01,37.73
before,2,test_no_exception_during_run_results_in_good_run_status,tests/unit_tests/external_interaction/ispyb/test_gridscan_ispyb_store_2d.py::test_no_exception_during_run_results_in_good_run_status,setup,0.01,37.73
before,2,test_end_deposition_happy_path,tests/unit_tests/external_interaction/ispyb/test_rotation_ispyb_store.py::test_end_deposition_happy_path,setup,0.01,37.73
before,2,test_store_rotation_scan_failures,tests/unit_tests/external_interaction/ispyb/test_rotation_ispyb_store.py::test_store_rotation_scan_failures,setup,0.01,37.73
before,2,test_store_3d_grid_scan,tests/unit_tests/external_interaction/ispyb/test_gridscan_ispyb_store_3d.py::test_store_3d_grid_scan,setup,0.01,37.73
before,2,test_update_deposition,tests/unit_tests/external_interaction/ispyb/test_gridscan_ispyb_store_3d.py::test_update_deposition,setup,0.01,37.73
before,2,test_values_for_move_so_that_beam_is_at_pixel[px_per_um4-beam_centre4--90-pixel_to_move_to4-expected_xyz4],tests/unit_tests/device_setup_plans/test_setup_oav.py::test_values_for_move_so_that_beam_is_at_pixel[px_per_um4-beam_centre4--90-pixel_to_move_to4-expected_xyz4],call,0.01,37.73
before,2,test_update_deposition_with_group_id_updates,tests/unit_tests/external_interaction/ispyb/test_rotation_ispyb_store.py::test_update_deposition_with_group_id_updates,setup,0.01,37.73
before,2,test_update_deposition,tests/unit_tests/external_interaction/ispyb/test_gridscan_ispyb_store_2d.py::test_update_deposition,setup,0.01,37.73
before,2,test_values_for_move_so_that_beam_is_at_pixel[px_per_um5-beam_centre5-0-pixel_to_move_to5-expected_xyz5],tests/unit_tests/device_setup_plans/test_setup_oav.py::test_values_for_move_so_that_beam_is_at_pixel[px_per_um5-beam_centre5-0-pixel_to_move_to5-expected_xyz5],call,0.01,37.73
before,2,test_end_deposition_happy_path,tests/unit_tests/external_interaction/ispyb/test_gridscan_ispyb_store_2d.py::test_end_deposition_happy_path,setup,0.01,37.73
before,2,test_results_passed_to_move_motors,tests/unit_tests/experiment_plans/test_panda_flyscan_xray_centre_plan.py::TestFlyscanXrayCentrePlan::test_results_passed_to_move_motors,call,0.01,37.73
before,2,test_activity_gated_stop,tests/unit_tests/external_interaction/callbacks/rotation/test_ispyb_callback.py::test_activity_gated_stop,setup,0.01,37.73
before,2,test_given_ispyb_callback_started_writing_to_ispyb_when_messages_logged_then_they_contain_dcgid,tests/unit_tests/external_interaction/callbacks/xray_centre/test_ispyb_handler.py::TestXrayCentreIspybHandler::test_given_ispyb_callback_started_writing_to_ispyb_when_messages_logged_then_they_contain_dcgid,call,0.01,37.73
before,2,test_trigger_and_return_pin_tip_works_for_ophyd_pin_tip_detection,tests/unit_tests/experiment_plans/test_pin_tip_centring.py::test_trigger_and_return_pin_tip_works_for_ophyd_pin_tip_detection,call,0.01,37.73
before,2,test_ispyb_deposition_comment_correct,tests/unit_tests/external_interaction/ispyb/test_gridscan_ispyb_store_2d.py::test_ispyb_deposition_comment_correct,setup,0.01,37.73
before,2,test_activity_gated_stop,tests/unit_tests/external_interaction/callbacks/rotation/test_ispyb_callback.py::test_activity_gated_stop,call,0.01,37.73
before,2,test_given_ispyb_callback_finished_writing_to_ispyb_when_messages_logged_then_they_do_not_contain_dcgid,tests/unit_tests/external_interaction/callbacks/xray_centre/test_ispyb_handler.py::TestXrayCentreIspybHandler::test_given_ispyb_callback_finished_writing_to_ispyb_when_messages_logged_then_they_do_not_contain_dcgid,call,0.01,37.73
before,2,test_start_with_json_file_gives_success,tests/unit_tests/hyperion/test_main_system.py::test_start_with_json_file_gives_success,call,0.01,37.73
before,2,test_writers_do_create_one_file_each_on_start_doc_for_run_gridscan,tests/unit_tests/external_interaction/callbacks/xray_centre/test_nexus_handler.py::test_writers_do_create_one_file_each_on_start_doc_for_run_gridscan,call,0.01,37.73
before,2,test_activity_gated_start,tests/unit_tests/external_interaction/callbacks/rotation/test_ispyb_callback.py::test_activity_gated_start,call,0.01,37.73
before,2,test_set_energy,tests/unit_tests/experiment_plans/test_set_energy_plan.py::test_set_energy,call,0.01,37.73
before,2,test_values_for_move_so_that_beam_is_at_pixel[px_per_um6-beam_centre6--90-pixel_to_move_to6-expected_xyz6],tests/unit_tests/device_setup_plans/test_setup_oav.py::test_values_for_move_so_that_beam_is_at_pixel[px_per_um6-beam_centre6--90-pixel_to_move_to6-expected_xyz6],call,0.01,37.73
before,2,test_internal_params_eq,tests/unit_tests/parameters/test_internal_parameters.py::test_internal_params_eq,call,0.01,37.73
before,2,test_start_gives_success,tests/unit_tests/hyperion/test_main_system.py::test_start_gives_success,call,0.01,37.73
before,2,test_param_fields_match_components_they_should_use,tests/unit_tests/parameters/test_internal_parameters.py::test_param_fields_match_components_they_should_use,setup,0.01,37.73
before,2,test_given_detector_move_fails_then_eiger_disarmed_and_correct_exception_returned,tests/unit_tests/device_setup_plans/test_utils.py::test_given_detector_move_fails_then_eiger_disarmed_and_correct_exception_returned,setup,0.01,37.73
before,2,test_trigger_and_return_pin_tip_works_for_ophyd_pin_tip_detection,tests/unit_tests/experiment_plans/test_pin_tip_centring.py::test_trigger_and_return_pin_tip_works_for_ophyd_pin_tip_detection,setup,0.01,37.73
before,2,test_disarm_panda_disables_correct_blocks,tests/unit_tests/device_setup_plans/test_setup_panda.py::test_disarm_panda_disables_correct_blocks,call,0.01,37.73
before,2,test_plan_with_no_params_fails,tests/unit_tests/hyperion/test_main_system.py::test_plan_with_no_params_fails,setup,0.01,37.73
before,2,test_when_plan_run_with_requested_energy_specified_energy_change_executes,tests/unit_tests/experiment_plans/test_wait_for_robot_load_then_centre.py::test_when_plan_run_with_requested_energy_specified_energy_change_executes,call,0.01,37.73
before,2,test_getting_status_after_start_sent_returns_busy,tests/unit_tests/hyperion/test_main_system.py::test_getting_status_after_start_sent_returns_busy,call,0.01,37.73
before,2,test_messages_are_tagged_with_run_uid,tests/unit_tests/hyperion/test_log/test_log.py::test_messages_are_tagged_with_run_uid,call,0.01,37.73
before,2,test_log_on_invalid_json_params,tests/unit_tests/hyperion/test_main_system.py::test_log_on_invalid_json_params,setup,0.01,37.73
before,2,test_given_the_pin_tip_is_already_in_view_when_get_tip_into_view_then_tip_returned_and_smargon_not_moved,tests/unit_tests/experiment_plans/test_pin_tip_centring.py::test_given_the_pin_tip_is_already_in_view_when_get_tip_into_view_then_tip_returned_and_smargon_not_moved,call,0.01,37.73
before,2,test_activity_gated_start_2d,tests/unit_tests/external_interaction/callbacks/xray_centre/test_ispyb_callback.py::test_activity_gated_start_2d,call,0.01,37.73
before,2,test_when_started_n_returnstatus_interrupted_bc_RE_aborted_thn_error_reptd,tests/unit_tests/hyperion/test_main_system.py::test_when_started_n_returnstatus_interrupted_bc_RE_aborted_thn_error_reptd,setup,0.01,37.73
before,2,test_given_shutter_open_fails_then_eiger_disarmed_and_correct_exception_returned,tests/unit_tests/device_setup_plans/test_utils.py::test_given_shutter_open_fails_then_eiger_disarmed_and_correct_exception_returned,setup,0.01,37.73
before,2,test_given_tip_found_when_wait_for_tip_to_be_found_called_then_tip_immediately_returned,tests/unit_tests/device_setup_plans/test_setup_oav.py::test_given_tip_found_when_wait_for_tip_to_be_found_called_then_tip_immediately_returned,call,0.01,37.73
before,2,test_fgs_raising_no_exception_results_in_good_run_status_in_ispyb,tests/unit_tests/external_interaction/callbacks/xray_centre/test_ispyb_handler.py::TestXrayCentreIspybHandler::test_fgs_raising_no_exception_results_in_good_run_status_in_ispyb,call,0.01,37.73
before,2,test_main_function,tests/unit_tests/external_interaction/callbacks/test_external_callbacks.py::test_main_function,call,0.01,37.73
before,2,test_nexus_writer_writes_width_and_height_correctly[1044],tests/unit_tests/external_interaction/nexus/test_write_nexus.py::test_nexus_writer_writes_width_and_height_correctly[1044],setup,0.01,37.73
before,2,test_ispyb_handler_stores_sampleid_for_full_collection_not_screening[1800-True1],tests/unit_tests/external_interaction/callbacks/test_rotation_callbacks.py::test_ispyb_handler_stores_sampleid_for_full_collection_not_screening[1800-True1],call,0.01,37.73
before,2,test_sending_start_twice_fails,tests/unit_tests/hyperion/test_main_system.py::test_sending_start_twice_fails,setup,0.01,37.73
before,2,test_fgs_failing_results_in_bad_run_status_in_ispyb,tests/unit_tests/external_interaction/callbacks/xray_centre/test_ispyb_handler.py::TestXrayCentreIspybHandler::test_fgs_failing_results_in_bad_run_status_in_ispyb,call,0.01,37.73
before,2,test_given_plan_raises_when_exception_raised_then_eiger_disarmed_and_correct_exception_returned,tests/unit_tests/device_setup_plans/test_utils.py::test_given_plan_raises_when_exception_raised_then_eiger_disarmed_and_correct_exception_returned,setup,0.01,37.73
before,2,test_given_started_when_stopped_then_success_and_idle_status,tests/unit_tests/hyperion/test_main_system.py::test_given_started_when_stopped_then_success_and_idle_status,setup,0.01,37.73
before,2,test_given_fgs_plan_finished_when_zocalo_results_event_then_expected_comment_deposited,tests/unit_tests/external_interaction/callbacks/xray_centre/test_ispyb_handler.py::TestXrayCentreIspybHandler::test_given_fgs_plan_finished_when_zocalo_results_event_then_expected_comment_deposited,call,0.01,37.73
before,2,test_getting_status_return_idle,tests/unit_tests/hyperion/test_main_system.py::test_getting_status_return_idle,setup,0.01,37.73
before,2,test_wait_for_robot_load_then_centre_doesnt_set_energy_if_not_specified,tests/unit_tests/experiment_plans/test_wait_for_robot_load_then_centre.py::test_wait_for_robot_load_then_centre_doesnt_set_energy_if_not_specified,call,0.01,37.73
before,2,test_start_with_json_file_gives_success,tests/unit_tests/hyperion/test_main_system.py::test_start_with_json_file_gives_success,setup,0.01,37.73
before,2,test_activity_gated_start_3d,tests/unit_tests/external_interaction/callbacks/xray_centre/test_ispyb_callback.py::test_activity_gated_start_3d,call,0.01,37.73
before,2,test_GIVEN_scan_already_valid_THEN_wait_for_GRIDSCAN_returns_immediately,tests/unit_tests/experiment_plans/test_flyscan_xray_centre_plan.py::TestFlyscanXrayCentrePlan::test_GIVEN_scan_already_valid_THEN_wait_for_GRIDSCAN_returns_immediately,call,0.01,37.73
before,2,test_getting_status_after_start_sent_returns_busy,tests/unit_tests/hyperion/test_main_system.py::test_getting_status_after_start_sent_returns_busy,setup,0.01,37.73
before,2,test_start_gives_success,tests/unit_tests/hyperion/test_main_system.py::test_start_gives_success,setup,0.01,37.73
before,2,test_ispyb_starts_on_opening_and_zocalo_on_main_so_ispyb_triggered_before_zocalo,tests/unit_tests/external_interaction/callbacks/test_rotation_callbacks.py::test_ispyb_starts_on_opening_and_zocalo_on_main_so_ispyb_triggered_before_zocalo,setup,0.01,37.73
before,2,test_populate_data_collection_info_for_rotation_checks_snapshots,tests/unit_tests/external_interaction/ispyb/test_rotation_ispyb_store.py::test_populate_data_collection_info_for_rotation_checks_snapshots,setup,0.01,37.73
before,2,test_nexus_file_validity_for_zocalo_with_two_linked_datasets[1044],tests/unit_tests/external_interaction/nexus/test_write_nexus.py::test_nexus_file_validity_for_zocalo_with_two_linked_datasets[1044],setup,0.01,37.73
before,2,test_nexus_handler_gets_documents_in_mock_plan,tests/unit_tests/external_interaction/callbacks/test_rotation_callbacks.py::test_nexus_handler_gets_documents_in_mock_plan,setup,0.01,37.73
before,2,test_ispyb_reuses_dcgid_on_same_sampleID[ispyb_ids3],tests/unit_tests/external_interaction/callbacks/test_rotation_callbacks.py::test_ispyb_reuses_dcgid_on_same_sampleID[ispyb_ids3],setup,0.01,37.73
before,2,test_given_started_when_stopped_and_started_again_then_runs,tests/unit_tests/hyperion/test_main_system.py::test_given_started_when_stopped_and_started_again_then_runs,setup,0.01,37.73
before,3,test_when_grid_scan_fails_then_detector_disarmed_and_correct_exception_returned,tests/unit_tests/experiment_plans/test_panda_flyscan_xray_centre_plan.py::TestFlyscanXrayCentrePlan::test_when_grid_scan_fails_then_detector_disarmed_and_correct_exception_returned,call,2.3,44.3
before,3,test_given_no_tip_when_wait_for_tip_to_be_found_called_then_exception_thrown,tests/unit_tests/device_setup_plans/test_setup_oav.py::test_given_no_tip_when_wait_for_tip_to_be_found_called_then_exception_thrown,call,1.72,44.3
before,3,test_apply_and_wait_for_voltages_to_settle_timeout,tests/unit_tests/device_setup_plans/test_dcm_pitch_roll_mirror_adjuster.py::test_apply_and_wait_for_voltages_to_settle_timeout,call,1.51,44.3
before,3,test_when_grid_scan_fails_then_detector_disarmed_and_correct_exception_returned,tests/unit_tests/experiment_plans/test_flyscan_xray_centre_plan.py::TestFlyscanXrayCentrePlan::test_when_grid_scan_fails_then_detector_disarmed_and_correct_exception_returned,call,1.42,44.3
before,3,test_given_gridscan_fails_to_centre_then_stub_offsets_not_set,tests/unit_tests/experiment_plans/test_panda_flyscan_xray_centre_plan.py::TestFlyscanXrayCentrePlan::test_given_gridscan_fails_to_centre_then_stub_offsets_not_set,call,1.37,44.3
before,3,test_zebra_set_up_for_rotation,tests/unit_tests/device_setup_plans/test_zebra_setup.py::test_zebra_set_up_for_rotation,call,1.19,44.3
before,3,test_when_all_tries_fail_then_bluesky_retry_throws_error,tests/unit_tests/device_setup_plans/test_zebra_setup.py::test_when_all_tries_fail_then_bluesky_retry_throws_error,call,1.18,44.3
before,3,test_if_smargon_speed_over_limit_then_log_error,tests/unit_tests/experiment_plans/test_panda_flyscan_xray_centre_plan.py::test_if_smargon_speed_over_limit_then_log_error,call,1.16,44.3
before,3,test_ispyb_reuses_dcgid_on_same_sampleID[ispyb_ids6],tests/unit_tests/external_interaction/callbacks/test_rotation_callbacks.py::test_ispyb_reuses_dcgid_on_same_sampleID[ispyb_ids6],call,1.0,44.3
before,3,test_when_run_gridscan_called_ispyb_deposition_made_and_records_errors,tests/unit_tests/experiment_plans/test_flyscan_xray_centre_plan.py::TestFlyscanXrayCentrePlan::test_when_run_gridscan_called_ispyb_deposition_made_and_records_errors,call,0.92,44.3
before,3,test_when_set_up_oav_with_different_zoom_levels_then_flat_field_applied_correctly[1.0-proc],tests/unit_tests/device_setup_plans/test_setup_oav.py::test_when_set_up_oav_with_different_zoom_levels_then_flat_field_applied_correctly[1.0-proc],call,0.91,44.3
before,3,test_when_set_up_oav_then_only_waits_on_oav_to_finish,tests/unit_tests/device_setup_plans/test_setup_oav.py::test_when_set_up_oav_then_only_waits_on_oav_to_finish,call,0.88,44.3
before,3,test_GIVEN_scan_not_valid_THEN_wait_for_GRIDSCAN_raises_and_sleeps_called,tests/unit_tests/experiment_plans/test_panda_flyscan_xray_centre_plan.py::TestFlyscanXrayCentrePlan::test_GIVEN_scan_not_valid_THEN_wait_for_GRIDSCAN_raises_and_sleeps_called,call,0.84,44.3
before,3,test_when_set_up_oav_with_different_zoom_levels_then_flat_field_applied_correctly[7.0-CAM],tests/unit_tests/device_setup_plans/test_setup_oav.py::test_when_set_up_oav_with_different_zoom_levels_then_flat_field_applied_correctly[7.0-CAM],call,0.83,44.3
before,3,test_cleanup_happens,tests/unit_tests/experiment_plans/test_rotation_scan_plan.py::test_cleanup_happens,call,0.72,44.3
before,3,test_nexus_handler_triggers_write_file_when_told,tests/unit_tests/external_interaction/callbacks/test_rotation_callbacks.py::test_nexus_handler_triggers_write_file_when_told,call,0.67,44.3
before,3,test_rotation_plan_energy_settings,tests/unit_tests/experiment_plans/test_rotation_scan_plan.py::test_rotation_plan_energy_settings,setup,0.58,44.3
before,3,test_given_gridscan_fails_to_centre_then_stub_offsets_not_set,tests/unit_tests/experiment_plans/test_flyscan_xray_centre_plan.py::TestFlyscanXrayCentrePlan::test_given_gridscan_fails_to_centre_then_stub_offsets_not_set,call,0.56,44.3
before,3,test_ispyb_reuses_dcgid_on_same_sampleID[ispyb_ids5],tests/unit_tests/external_interaction/callbacks/test_rotation_callbacks.py::test_ispyb_reuses_dcgid_on_same_sampleID[ispyb_ids5],call,0.56,44.3
before,3,test_given_smargon_disabled_for_longer_than_timeout_when_plan_run_then_throws_exception,tests/unit_tests/experiment_plans/test_wait_for_robot_load_then_centre.py::test_given_smargon_disabled_for_longer_than_timeout_when_plan_run_then_throws_exception,call,0.54,44.3
before,3,test_ispyb_reuses_dcgid_on_same_sampleID[ispyb_ids1],tests/unit_tests/external_interaction/callbacks/test_rotation_callbacks.py::test_ispyb_reuses_dcgid_on_same_sampleID[ispyb_ids1],call,0.45,44.3
before,3,test_ispyb_reuses_dcgid_on_same_sampleID[ispyb_ids0],tests/unit_tests/external_interaction/callbacks/test_rotation_callbacks.py::test_ispyb_reuses_dcgid_on_same_sampleID[ispyb_ids0],call,0.45,44.3
before,3,test_ispyb_reuses_dcgid_on_same_sampleID[ispyb_ids7],tests/unit_tests/external_interaction/callbacks/test_rotation_callbacks.py::test_ispyb_reuses_dcgid_on_same_sampleID[ispyb_ids7],call,0.45,44.3
before,3,test_ispyb_reuses_dcgid_on_same_sampleID[ispyb_ids4],tests/unit_tests/external_interaction/callbacks/test_rotation_callbacks.py::test_ispyb_reuses_dcgid_on_same_sampleID[ispyb_ids4],call,0.45,44.3
before,3,test_ispyb_reuses_dcgid_on_same_sampleID[ispyb_ids2],tests/unit_tests/external_interaction/callbacks/test_rotation_callbacks.py::test_ispyb_reuses_dcgid_on_same_sampleID[ispyb_ids2],call,0.44,44.3
before,3,test_ispyb_reuses_dcgid_on_same_sampleID[ispyb_ids3],tests/unit_tests/external_interaction/callbacks/test_rotation_callbacks.py::test_ispyb_reuses_dcgid_on_same_sampleID[ispyb_ids3],call,0.44,44.3
before,3,test_zocalo_start_and_end_not_triggered_if_ispyb_ids_not_present,tests/unit_tests/external_interaction/callbacks/test_rotation_callbacks.py::test_zocalo_start_and_end_not_triggered_if_ispyb_ids_not_present,call,0.4,44.3
before,3,test_when_gridscan_succeeds_ispyb_comment_appended_to,tests/unit_tests/experiment_plans/test_panda_flyscan_xray_centre_plan.py::TestFlyscanXrayCentrePlan::test_when_gridscan_succeeds_ispyb_comment_appended_to,call,0.4,44.3
before,3,test_when_first_try_fails_then_bluesky_retry_tries_again,tests/unit_tests/device_setup_plans/test_zebra_setup.py::test_when_first_try_fails_then_bluesky_retry_tries_again,call,0.4,44.3
before,3,test_adjust_mirror_stripe[7.001-Rhodium-124--46],tests/unit_tests/device_setup_plans/test_dcm_pitch_roll_mirror_adjuster.py::test_adjust_mirror_stripe[7.001-Rhodium-124--46],setup,0.4,44.3
before,3,test_GIVEN_scan_not_valid_THEN_wait_for_GRIDSCAN_raises_and_sleeps_called,tests/unit_tests/experiment_plans/test_flyscan_xray_centre_plan.py::TestFlyscanXrayCentrePlan::test_GIVEN_scan_not_valid_THEN_wait_for_GRIDSCAN_raises_and_sleeps_called,call,0.35,44.3
before,3,test_given_no_tip_found_ever_when_get_tip_into_view_then_smargon_moved_positive_and_exception_thrown,tests/unit_tests/experiment_plans/test_pin_tip_centring.py::test_given_no_tip_found_ever_when_get_tip_into_view_then_smargon_moved_positive_and_exception_thrown,call,0.35,44.3
before,3,test_when_grid_detection_plan_run_then_grid_detection_callback_gets_correct_values,tests/unit_tests/experiment_plans/test_grid_detection_plan.py::test_when_grid_detection_plan_run_then_grid_detection_callback_gets_correct_values,call,0.32,44.3
before,3,test_given_setting_stub_offsets_disabled_then_stub_offsets_not_set,tests/unit_tests/experiment_plans/test_flyscan_xray_centre_plan.py::TestFlyscanXrayCentrePlan::test_given_setting_stub_offsets_disabled_then_stub_offsets_not_set,setup,0.32,44.3
before,3,test_when_grid_scan_ran_then_eiger_disarmed_before_zocalo_end,tests/unit_tests/experiment_plans/test_flyscan_xray_centre_plan.py::TestFlyscanXrayCentrePlan::test_when_grid_scan_ran_then_eiger_disarmed_before_zocalo_end,call,0.31,44.3
before,3,test_given_detector_bit_depth_changes_then_vds_datatype_as_expected[16-uint16],tests/unit_tests/external_interaction/test_write_rotation_nexus.py::test_given_detector_bit_depth_changes_then_vds_datatype_as_expected[16-uint16],call,0.3,44.3
before,3,test_when_context_created_then_contains_expected_number_of_plans,tests/unit_tests/hyperion/test_main_system.py::test_when_context_created_then_contains_expected_number_of_plans,call,0.27,44.3
before,3,test_adjust_mirror_stripe[7.001-Rhodium-124--46],tests/unit_tests/device_setup_plans/test_dcm_pitch_roll_mirror_adjuster.py::test_adjust_mirror_stripe[7.001-Rhodium-124--46],call,0.26,44.3
before,3,test_grid_detection_plan_gives_warningerror_if_tip_not_found,tests/unit_tests/experiment_plans/test_grid_detection_plan.py::test_grid_detection_plan_gives_warningerror_if_tip_not_found,call,0.25,44.3
before,3,test_rotation_scan_nexus_output_compared_to_existing_file,tests/unit_tests/external_interaction/test_write_rotation_nexus.py::test_rotation_scan_nexus_output_compared_to_existing_file,call,0.24,44.3
before,3,test_given_detector_bit_depth_changes_then_vds_datatype_as_expected[100-uint16],tests/unit_tests/external_interaction/test_write_rotation_nexus.py::test_given_detector_bit_depth_changes_then_vds_datatype_as_expected[100-uint16],call,0.24,44.3
before,3,test_given_detector_bit_depth_changes_then_vds_datatype_as_expected[8-uint8],tests/unit_tests/external_interaction/test_write_rotation_nexus.py::test_given_detector_bit_depth_changes_then_vds_datatype_as_expected[8-uint8],call,0.23,44.3
before,3,test_store_rotation_scan_uses_supplied_dcgid[25],tests/unit_tests/external_interaction/ispyb/test_rotation_ispyb_store.py::test_store_rotation_scan_uses_supplied_dcgid[25],call,0.23,44.3
before,3,test_adjust_mirror_stripe[6.999-Bare-140-15],tests/unit_tests/device_setup_plans/test_dcm_pitch_roll_mirror_adjuster.py::test_adjust_mirror_stripe[6.999-Bare-140-15],call,0.23,44.3
before,3,test_given_detector_bit_depth_changes_then_vds_datatype_as_expected[32-uint32],tests/unit_tests/external_interaction/test_write_rotation_nexus.py::test_given_detector_bit_depth_changes_then_vds_datatype_as_expected[32-uint32],call,0.23,44.3
before,3,test_apply_and_wait_for_voltages_to_settle_happy_path,tests/unit_tests/device_setup_plans/test_dcm_pitch_roll_mirror_adjuster.py::test_apply_and_wait_for_voltages_to_settle_happy_path,call,0.23,44.3
before,3,test_when_grid_detection_plan_run_twice_then_values_do_not_persist_in_callback,tests/unit_tests/experiment_plans/test_grid_detection_plan.py::test_when_grid_detection_plan_run_twice_then_values_do_not_persist_in_callback,call,0.21,44.3
before,3,test_when_started_n_returnstatus_interrupted_bc_RE_aborted_thn_error_reptd,tests/unit_tests/hyperion/test_main_system.py::test_when_started_n_returnstatus_interrupted_bc_RE_aborted_thn_error_reptd,call,0.21,44.3
before,3,test_given_detector_bit_depth_changes_then_vds_datatype_as_expected[8-uint8],tests/unit_tests/external_interaction/test_write_rotation_nexus.py::test_given_detector_bit_depth_changes_then_vds_datatype_as_expected[8-uint8],setup,0.21,44.3
before,3,test_given_moving_out_of_range_when_move_with_warn_called_then_warning_exception,tests/unit_tests/experiment_plans/test_pin_tip_centring.py::test_given_moving_out_of_range_when_move_with_warn_called_then_warning_exception,call,0.21,44.3
before,3,test_when_grid_scan_ran_then_eiger_disarmed_before_zocalo_end,tests/unit_tests/experiment_plans/test_panda_flyscan_xray_centre_plan.py::TestFlyscanXrayCentrePlan::test_when_grid_scan_ran_then_eiger_disarmed_before_zocalo_end,call,0.21,44.3
before,3,test_full_rotation_plan_smargon_settings,tests/unit_tests/experiment_plans/test_rotation_scan_plan.py::test_full_rotation_plan_smargon_settings,setup,0.2,44.3
before,3,test_GIVEN_no_results_from_zocalo_WHEN_communicator_wait_for_results_called_THEN_fallback_centre_used,tests/unit_tests/experiment_plans/test_panda_flyscan_xray_centre_plan.py::TestFlyscanXrayCentrePlan::test_GIVEN_no_results_from_zocalo_WHEN_communicator_wait_for_results_called_THEN_fallback_centre_used,call,0.19,44.3
before,3,test_GIVEN_no_results_from_zocalo_WHEN_communicator_wait_for_results_called_THEN_fallback_centre_used,tests/unit_tests/experiment_plans/test_flyscan_xray_centre_plan.py::TestFlyscanXrayCentrePlan::test_GIVEN_no_results_from_zocalo_WHEN_communicator_wait_for_results_called_THEN_fallback_centre_used,call,0.19,44.3
before,3,test_start_gives_success,tests/unit_tests/hyperion/test_main_system.py::test_start_gives_success,setup,0.19,44.3
before,3,test_given_when_grid_detect_then_upper_left_and_start_position_as_expected,tests/unit_tests/experiment_plans/test_grid_detection_plan.py::test_given_when_grid_detect_then_upper_left_and_start_position_as_expected,call,0.18,44.3
before,3,test_fgs_arms_eiger_without_grid_detect,tests/unit_tests/experiment_plans/test_flyscan_xray_centre_plan.py::TestFlyscanXrayCentrePlan::test_fgs_arms_eiger_without_grid_detect,call,0.15,44.3
before,3,test_fgs_arms_eiger_without_grid_detect,tests/unit_tests/experiment_plans/test_panda_flyscan_xray_centre_plan.py::TestFlyscanXrayCentrePlan::test_fgs_arms_eiger_without_grid_detect,call,0.15,44.3
before,3,test_results_adjusted_and_passed_to_move_xyz,tests/unit_tests/experiment_plans/test_panda_flyscan_xray_centre_plan.py::TestFlyscanXrayCentrePlan::test_results_adjusted_and_passed_to_move_xyz,call,0.15,44.3
before,3,test_grid_detection_plan_runs_and_triggers_snapshots,tests/unit_tests/experiment_plans/test_grid_detection_plan.py::test_grid_detection_plan_runs_and_triggers_snapshots,call,0.14,44.3
before,3,test_when_full_grid_scan_run_then_parameters_sent_to_fgs_as_expected,tests/unit_tests/experiment_plans/test_grid_detect_then_xray_centre_plan.py::test_when_full_grid_scan_run_then_parameters_sent_to_fgs_as_expected,call,0.13,44.3
before,3,test_results_adjusted_and_passed_to_move_xyz,tests/unit_tests/experiment_plans/test_flyscan_xray_centre_plan.py::TestFlyscanXrayCentrePlan::test_results_adjusted_and_passed_to_move_xyz,call,0.13,44.3
before,3,test_rotation_plan_runs,tests/unit_tests/experiment_plans/test_rotation_scan_plan.py::test_rotation_plan_runs,setup,0.13,44.3
before,3,test_given_no_tip_found_but_will_be_found_when_get_tip_into_view_then_smargon_moved_positive_and_tip_returned,tests/unit_tests/experiment_plans/test_pin_tip_centring.py::test_given_no_tip_found_but_will_be_found_when_get_tip_into_view_then_smargon_moved_positive_and_tip_returned,call,0.13,44.3
before,3,test_rotation_plan_smargon_doesnt_move_xyz_if_not_given_in_params,tests/unit_tests/experiment_plans/test_rotation_scan_plan.py::test_rotation_plan_smargon_doesnt_move_xyz_if_not_given_in_params,setup,0.13,44.3
before,3,test_rotation_plan_zebra_settings,tests/unit_tests/experiment_plans/test_rotation_scan_plan.py::test_rotation_plan_zebra_settings,setup,0.13,44.3
before,3,test_total_count_exception_raised_after_max_cycles_reached,tests/unit_tests/experiment_plans/test_optimise_attenuation_plan.py::test_total_count_exception_raised_after_max_cycles_reached,call,0.11,44.3
before,3,test_getting_status_after_start_sent_returns_busy,tests/unit_tests/hyperion/test_main_system.py::test_getting_status_after_start_sent_returns_busy,teardown,0.1,44.3
before,3,test_start_gives_success,tests/unit_tests/hyperion/test_main_system.py::test_start_gives_success,teardown,0.1,44.3
before,3,test_pin_tip_starting_near_negative_edge_doesnt_exceed_limit,tests/unit_tests/experiment_plans/test_pin_tip_centring.py::test_pin_tip_starting_near_negative_edge_doesnt_exceed_limit,call,0.1,44.3
before,3,test_given_started_when_stopped_then_success_and_idle_status,tests/unit_tests/hyperion/test_main_system.py::test_given_started_when_stopped_then_success_and_idle_status,teardown,0.1,44.3
before,3,test_sending_start_twice_fails,tests/unit_tests/hyperion/test_main_system.py::test_sending_start_twice_fails,teardown,0.1,44.3
before,3,test_total_count_calc_new_transmission_raises_error_on_low_ransmission,tests/unit_tests/experiment_plans/test_optimise_attenuation_plan.py::test_total_count_calc_new_transmission_raises_error_on_low_ransmission,call,0.09,44.3
before,3,test_given_plan_raises_when_exception_raised_then_eiger_disarmed_and_correct_exception_returned,tests/unit_tests/device_setup_plans/test_utils.py::test_given_plan_raises_when_exception_raised_then_eiger_disarmed_and_correct_exception_returned,call,0.09,44.3
before,3,test_detect_grid_and_do_gridscan,tests/unit_tests/experiment_plans/test_grid_detect_then_xray_centre_plan.py::test_detect_grid_and_do_gridscan,call,0.09,44.3
before,3,test_pin_tip_starting_near_positive_edge_doesnt_exceed_limit,tests/unit_tests/experiment_plans/test_pin_tip_centring.py::test_pin_tip_starting_near_positive_edge_doesnt_exceed_limit,call,0.08,44.3
before,3,test_given_detector_move_fails_then_eiger_disarmed_and_correct_exception_returned,tests/unit_tests/device_setup_plans/test_utils.py::test_given_detector_move_fails_then_eiger_disarmed_and_correct_exception_returned,call,0.08,44.3
before,3,test_rotation_scan,tests/unit_tests/experiment_plans/test_rotation_scan_plan.py::test_rotation_scan,call,0.08,44.3
before,3,test_given_shutter_open_fails_then_eiger_disarmed_and_correct_exception_returned,tests/unit_tests/device_setup_plans/test_utils.py::test_given_shutter_open_fails_then_eiger_disarmed_and_correct_exception_returned,call,0.07,44.3
before,3,test_when_pin_centre_xray_centre_called_then_detector_positioned,tests/unit_tests/experiment_plans/test_pin_centre_then_xray_centre_plan.py::test_when_pin_centre_xray_centre_called_then_detector_positioned,call,0.07,44.3
before,3,test_given_xbpm_checks_fail_when_plan_run_with_decorator_then_plan_not_run,tests/unit_tests/device_setup_plans/test_xbpm_feedback.py::test_given_xbpm_checks_fail_when_plan_run_with_decorator_then_plan_not_run,call,0.07,44.3
before,3,test_given_xpbm_checks_pass_and_plan_fails_when_plan_run_with_decorator_then_cleaned_up,tests/unit_tests/device_setup_plans/test_xbpm_feedback.py::test_given_xpbm_checks_pass_and_plan_fails_when_plan_run_with_decorator_then_cleaned_up,call,0.06,44.3
before,3,test_when_grid_scan_ran_then_eiger_disarmed_before_zocalo_end,tests/unit_tests/experiment_plans/test_flyscan_xray_centre_plan.py::TestFlyscanXrayCentrePlan::test_when_grid_scan_ran_then_eiger_disarmed_before_zocalo_end,setup,0.06,44.3
before,3,test_when_full_grid_scan_run_then_parameters_sent_to_fgs_as_expected,tests/unit_tests/experiment_plans/test_grid_detect_then_xray_centre_plan.py::test_when_full_grid_scan_run_then_parameters_sent_to_fgs_as_expected,setup,0.06,44.3
before,3,test_ispyb_handler_grabs_uid_from_main_plan_and_not_first_start_doc,tests/unit_tests/external_interaction/callbacks/test_rotation_callbacks.py::test_ispyb_handler_grabs_uid_from_main_plan_and_not_first_start_doc,call,0.06,44.3
before,3,test_read_hardware_for_ispyb_updates_from_ophyd_devices,tests/unit_tests/experiment_plans/test_flyscan_xray_centre_plan.py::TestFlyscanXrayCentrePlan::test_read_hardware_for_ispyb_updates_from_ophyd_devices,call,0.06,44.3
before,3,test_kickoff_and_complete_gridscan_triggers_zocalo,tests/unit_tests/experiment_plans/test_flyscan_xray_centre_plan.py::test_kickoff_and_complete_gridscan_triggers_zocalo,call,0.06,44.3
before,3,test_when_gridscan_succeeds_ispyb_comment_appended_to,tests/unit_tests/experiment_plans/test_panda_flyscan_xray_centre_plan.py::TestFlyscanXrayCentrePlan::test_when_gridscan_succeeds_ispyb_comment_appended_to,setup,0.05,44.3
before,3,test_given_setting_stub_offsets_disabled_then_stub_offsets_not_set,tests/unit_tests/experiment_plans/test_panda_flyscan_xray_centre_plan.py::TestFlyscanXrayCentrePlan::test_given_setting_stub_offsets_disabled_then_stub_offsets_not_set,setup,0.05,44.3
before,3,test_individual_plans_triggered_once_and_only_once_in_composite_run,tests/unit_tests/experiment_plans/test_panda_flyscan_xray_centre_plan.py::TestFlyscanXrayCentrePlan::test_individual_plans_triggered_once_and_only_once_in_composite_run,setup,0.05,44.3
before,3,test_when_gridscan_fails_ispyb_comment_appended_to,tests/unit_tests/experiment_plans/test_panda_flyscan_xray_centre_plan.py::TestFlyscanXrayCentrePlan::test_when_gridscan_fails_ispyb_comment_appended_to,setup,0.05,44.3
before,3,test_results_adjusted_and_passed_to_move_xyz,tests/unit_tests/experiment_plans/test_panda_flyscan_xray_centre_plan.py::TestFlyscanXrayCentrePlan::test_results_adjusted_and_passed_to_move_xyz,setup,0.05,44.3
before,3,test_ispyb_starts_on_opening_and_zocalo_on_main_so_ispyb_triggered_before_zocalo,tests/unit_tests/external_interaction/callbacks/test_rotation_callbacks.py::test_ispyb_starts_on_opening_and_zocalo_on_main_so_ispyb_triggered_before_zocalo,call,0.05,44.3
before,3,test_individual_plans_triggered_once_and_only_once_in_composite_run,tests/unit_tests/experiment_plans/test_panda_flyscan_xray_centre_plan.py::TestFlyscanXrayCentrePlan::test_individual_plans_triggered_once_and_only_once_in_composite_run,call,0.05,44.3
before,3,test_when_grid_scan_ran_then_eiger_disarmed_before_zocalo_end,tests/unit_tests/experiment_plans/test_panda_flyscan_xray_centre_plan.py::TestFlyscanXrayCentrePlan::test_when_grid_scan_ran_then_eiger_disarmed_before_zocalo_end,setup,0.05,44.3
before,3,test_when_gridscan_finished_then_smargon_stub_offsets_are_set,tests/unit_tests/experiment_plans/test_panda_flyscan_xray_centre_plan.py::TestFlyscanXrayCentrePlan::test_when_gridscan_finished_then_smargon_stub_offsets_are_set,call,0.05,44.3
before,3,test_read_hardware_for_ispyb_updates_from_ophyd_devices,tests/unit_tests/experiment_plans/test_panda_flyscan_xray_centre_plan.py::TestFlyscanXrayCentrePlan::test_read_hardware_for_ispyb_updates_from_ophyd_devices,call,0.05,44.3
before,3,test_when_gridscan_finished_then_smargon_stub_offsets_are_set,tests/unit_tests/experiment_plans/test_panda_flyscan_xray_centre_plan.py::TestFlyscanXrayCentrePlan::test_when_gridscan_finished_then_smargon_stub_offsets_are_set,setup,0.05,44.3
before,3,test_when_gridscan_finished_then_smargon_stub_offsets_are_set,tests/unit_tests/experiment_plans/test_flyscan_xray_centre_plan.py::TestFlyscanXrayCentrePlan::test_when_gridscan_finished_then_smargon_stub_offsets_are_set,call,0.05,44.3
before,3,test_GIVEN_no_results_from_zocalo_WHEN_communicator_wait_for_results_called_THEN_fallback_centre_used,tests/unit_tests/experiment_plans/test_panda_flyscan_xray_centre_plan.py::TestFlyscanXrayCentrePlan::test_GIVEN_no_results_from_zocalo_WHEN_communicator_wait_for_results_called_THEN_fallback_centre_used,setup,0.05,44.3
before,3,test_ispyb_specifies_experiment_type_if_supplied,tests/unit_tests/external_interaction/callbacks/test_rotation_callbacks.py::test_ispyb_specifies_experiment_type_if_supplied,call,0.05,44.3
before,3,test_GIVEN_no_results_from_zocalo_WHEN_communicator_wait_for_results_called_THEN_fallback_centre_used,tests/unit_tests/experiment_plans/test_flyscan_xray_centre_plan.py::TestFlyscanXrayCentrePlan::test_GIVEN_no_results_from_zocalo_WHEN_communicator_wait_for_results_called_THEN_fallback_centre_used,setup,0.05,44.3
before,3,test_individual_plans_triggered_once_and_only_once_in_composite_run,tests/unit_tests/experiment_plans/test_flyscan_xray_centre_plan.py::TestFlyscanXrayCentrePlan::test_individual_plans_triggered_once_and_only_once_in_composite_run,call,0.05,44.3
before,3,test_individual_plans_triggered_once_and_only_once_in_composite_run,tests/unit_tests/experiment_plans/test_flyscan_xray_centre_plan.py::TestFlyscanXrayCentrePlan::test_individual_plans_triggered_once_and_only_once_in_composite_run,setup,0.05,44.3
before,3,test_when_gridscan_succeeds_ispyb_comment_appended_to,tests/unit_tests/experiment_plans/test_flyscan_xray_centre_plan.py::TestFlyscanXrayCentrePlan::test_when_gridscan_succeeds_ispyb_comment_appended_to,call,0.05,44.3
before,3,test_when_gridscan_finished_then_smargon_stub_offsets_are_set,tests/unit_tests/experiment_plans/test_flyscan_xray_centre_plan.py::TestFlyscanXrayCentrePlan::test_when_gridscan_finished_then_smargon_stub_offsets_are_set,setup,0.05,44.3
before,3,test_when_gridscan_succeeds_ispyb_comment_appended_to,tests/unit_tests/experiment_plans/test_flyscan_xray_centre_plan.py::TestFlyscanXrayCentrePlan::test_when_gridscan_succeeds_ispyb_comment_appended_to,setup,0.05,44.3
before,3,test_when_gridscan_fails_ispyb_comment_appended_to,tests/unit_tests/experiment_plans/test_flyscan_xray_centre_plan.py::TestFlyscanXrayCentrePlan::test_when_gridscan_fails_ispyb_comment_appended_to,setup,0.05,44.3
before,3,test_given_gridscan_fails_to_centre_then_stub_offsets_not_set,tests/unit_tests/experiment_plans/test_panda_flyscan_xray_centre_plan.py::TestFlyscanXrayCentrePlan::test_given_gridscan_fails_to_centre_then_stub_offsets_not_set,setup,0.05,44.3
before,3,test_read_hardware_for_ispyb_updates_from_ophyd_devices,tests/unit_tests/experiment_plans/test_panda_flyscan_xray_centre_plan.py::TestFlyscanXrayCentrePlan::test_read_hardware_for_ispyb_updates_from_ophyd_devices,setup,0.05,44.3
before,3,test_if_smargon_speed_over_limit_then_log_error,tests/unit_tests/experiment_plans/test_panda_flyscan_xray_centre_plan.py::test_if_smargon_speed_over_limit_then_log_error,setup,0.05,44.3
before,3,test_results_adjusted_and_passed_to_move_xyz,tests/unit_tests/experiment_plans/test_flyscan_xray_centre_plan.py::TestFlyscanXrayCentrePlan::test_results_adjusted_and_passed_to_move_xyz,setup,0.05,44.3
before,3,test_given_setting_stub_offsets_disabled_then_stub_offsets_not_set,tests/unit_tests/experiment_plans/test_panda_flyscan_xray_centre_plan.py::TestFlyscanXrayCentrePlan::test_given_setting_stub_offsets_disabled_then_stub_offsets_not_set,call,0.05,44.3
before,3,test_when_grid_scan_fails_then_detector_disarmed_and_correct_exception_returned,tests/unit_tests/experiment_plans/test_panda_flyscan_xray_centre_plan.py::TestFlyscanXrayCentrePlan::test_when_grid_scan_fails_then_detector_disarmed_and_correct_exception_returned,setup,0.05,44.3
before,3,test_results_passed_to_move_motors,tests/unit_tests/experiment_plans/test_panda_flyscan_xray_centre_plan.py::TestFlyscanXrayCentrePlan::test_results_passed_to_move_motors,setup,0.05,44.3
before,3,test_fgs_arms_eiger_without_grid_detect,tests/unit_tests/experiment_plans/test_panda_flyscan_xray_centre_plan.py::TestFlyscanXrayCentrePlan::test_fgs_arms_eiger_without_grid_detect,setup,0.05,44.3
before,3,test_rotation_scan,tests/unit_tests/experiment_plans/test_rotation_scan_plan.py::test_rotation_scan,setup,0.05,44.3
before,3,test_cleanup_happens,tests/unit_tests/experiment_plans/test_rotation_scan_plan.py::test_cleanup_happens,setup,0.05,44.3
before,3,test_when_grid_scan_fails_then_detector_disarmed_and_correct_exception_returned,tests/unit_tests/experiment_plans/test_flyscan_xray_centre_plan.py::TestFlyscanXrayCentrePlan::test_when_grid_scan_fails_then_detector_disarmed_and_correct_exception_returned,setup,0.05,44.3
before,3,test_given_setting_stub_offsets_disabled_then_stub_offsets_not_set,tests/unit_tests/experiment_plans/test_flyscan_xray_centre_plan.py::TestFlyscanXrayCentrePlan::test_given_setting_stub_offsets_disabled_then_stub_offsets_not_set,call,0.05,44.3
before,3,test_given_gridscan_fails_to_centre_then_stub_offsets_not_set,tests/unit_tests/experiment_plans/test_flyscan_xray_centre_plan.py::TestFlyscanXrayCentrePlan::test_given_gridscan_fails_to_centre_then_stub_offsets_not_set,setup,0.05,44.3
before,3,test_read_hardware_for_ispyb_updates_from_ophyd_devices,tests/unit_tests/experiment_plans/test_flyscan_xray_centre_plan.py::TestFlyscanXrayCentrePlan::test_read_hardware_for_ispyb_updates_from_ophyd_devices,setup,0.04,44.3
before,3,test_nexus_handler_gets_documents_in_mock_plan,tests/unit_tests/external_interaction/callbacks/test_rotation_callbacks.py::test_nexus_handler_gets_documents_in_mock_plan,call,0.04,44.3
before,3,test_fgs_arms_eiger_without_grid_detect,tests/unit_tests/experiment_plans/test_flyscan_xray_centre_plan.py::TestFlyscanXrayCentrePlan::test_fgs_arms_eiger_without_grid_detect,setup,0.04,44.3
before,3,test_kickoff_and_complete_gridscan_triggers_zocalo,tests/unit_tests/experiment_plans/test_flyscan_xray_centre_plan.py::test_kickoff_and_complete_gridscan_triggers_zocalo,setup,0.04,44.3
before,3,test_when_gridscan_fails_ispyb_comment_appended_to,tests/unit_tests/experiment_plans/test_panda_flyscan_xray_centre_plan.py::TestFlyscanXrayCentrePlan::test_when_gridscan_fails_ispyb_comment_appended_to,call,0.04,44.3
before,3,test_when_run_gridscan_called_ispyb_deposition_made_and_records_errors,tests/unit_tests/experiment_plans/test_flyscan_xray_centre_plan.py::TestFlyscanXrayCentrePlan::test_when_run_gridscan_called_ispyb_deposition_made_and_records_errors,setup,0.04,44.3
before,3,test_results_passed_to_move_motors,tests/unit_tests/experiment_plans/test_flyscan_xray_centre_plan.py::TestFlyscanXrayCentrePlan::test_results_passed_to_move_motors,setup,0.04,44.3
before,3,test_given_tip_at_zero_but_will_be_found_when_get_tip_into_view_then_smargon_moved_negative_and_tip_returned,tests/unit_tests/experiment_plans/test_pin_tip_centring.py::test_given_tip_at_zero_but_will_be_found_when_get_tip_into_view_then_smargon_moved_negative_and_tip_returned,call,0.04,44.3
before,3,test_nexus_handler_only_writes_once,tests/unit_tests/external_interaction/callbacks/test_rotation_callbacks.py::test_nexus_handler_only_writes_once,call,0.04,44.3
before,3,test_given_detector_bit_depth_changes_then_vds_datatype_as_expected[100-uint16],tests/unit_tests/external_interaction/test_write_rotation_nexus.py::test_given_detector_bit_depth_changes_then_vds_datatype_as_expected[100-uint16],setup,0.04,44.3
before,3,test_when_gridscan_fails_ispyb_comment_appended_to,tests/unit_tests/experiment_plans/test_flyscan_xray_centre_plan.py::TestFlyscanXrayCentrePlan::test_when_gridscan_fails_ispyb_comment_appended_to,call,0.04,44.3
before,3,test_ispyb_handler_grabs_uid_from_main_plan_and_not_first_start_doc,tests/unit_tests/external_interaction/callbacks/test_rotation_callbacks.py::test_ispyb_handler_grabs_uid_from_main_plan_and_not_first_start_doc,setup,0.04,44.3
before,3,test_update_deposition,tests/unit_tests/external_interaction/ispyb/test_gridscan_ispyb_store_3d.py::test_update_deposition,setup,0.03,44.3
before,3,test_total_counts_calc_new_transmission_raises_warning_on_high_transmission,tests/unit_tests/experiment_plans/test_optimise_attenuation_plan.py::test_total_counts_calc_new_transmission_raises_warning_on_high_transmission,call,0.03,44.3
before,3,test_when_detected_grid_has_odd_y_steps_then_add_a_y_step_and_shift_grid[False],tests/unit_tests/experiment_plans/test_grid_detection_plan.py::test_when_detected_grid_has_odd_y_steps_then_add_a_y_step_and_shift_grid[False],call,0.03,44.3
before,3,test_when_detected_grid_has_odd_y_steps_then_add_a_y_step_and_shift_grid[True],tests/unit_tests/experiment_plans/test_grid_detection_plan.py::test_when_detected_grid_has_odd_y_steps_then_add_a_y_step_and_shift_grid[True],call,0.03,44.3
before,3,test_when_pin_centre_xray_centre_called_then_detector_positioned,tests/unit_tests/experiment_plans/test_pin_centre_then_xray_centre_plan.py::test_when_pin_centre_xray_centre_called_then_detector_positioned,setup,0.03,44.3
before,3,test_log_on_invalid_json_params,tests/unit_tests/hyperion/test_main_system.py::test_log_on_invalid_json_params,call,0.03,44.3
before,3,test_given_xpbm_checks_pass_when_plan_run_with_decorator_then_run_as_expected,tests/unit_tests/device_setup_plans/test_xbpm_feedback.py::test_given_xpbm_checks_pass_when_plan_run_with_decorator_then_run_as_expected,call,0.03,44.3
before,3,test_update_deposition,tests/unit_tests/external_interaction/ispyb/test_gridscan_ispyb_store_3d.py::test_update_deposition,call,0.03,44.3
before,3,test_given_smargon_disabled_when_plan_run_then_waits_on_smargon[14],tests/unit_tests/experiment_plans/test_wait_for_robot_load_then_centre.py::test_given_smargon_disabled_when_plan_run_then_waits_on_smargon[14],call,0.03,44.3
before,3,test_putting_bad_plan_fails,tests/unit_tests/hyperion/test_main_system.py::test_putting_bad_plan_fails,call,0.03,44.3
before,3,test_plan_with_no_params_fails,tests/unit_tests/hyperion/test_main_system.py::test_plan_with_no_params_fails,call,0.02,44.3
before,3,test_detect_grid_and_do_gridscan,tests/unit_tests/experiment_plans/test_grid_detect_then_xray_centre_plan.py::test_detect_grid_and_do_gridscan,setup,0.02,44.3
before,3,test_trigger_and_return_pin_tip_works_for_AD_pin_tip_detection,tests/unit_tests/experiment_plans/test_pin_tip_centring.py::test_trigger_and_return_pin_tip_works_for_AD_pin_tip_detection,call,0.02,44.3
before,3,test_zebra_arm_disarm,tests/unit_tests/device_setup_plans/test_zebra_setup.py::test_zebra_arm_disarm,call,0.02,44.3
before,3,test_when_detected_grid_has_odd_y_steps_then_add_a_y_step_and_shift_grid[True],tests/unit_tests/experiment_plans/test_grid_detection_plan.py::test_when_detected_grid_has_odd_y_steps_then_add_a_y_step_and_shift_grid[True],setup,0.02,44.3
before,3,test_grid_detection_plan_gives_warningerror_if_tip_not_found,tests/unit_tests/experiment_plans/test_grid_detection_plan.py::test_grid_detection_plan_gives_warningerror_if_tip_not_found,setup,0.02,44.3
before,3,test_when_grid_detection_plan_run_then_grid_detection_callback_gets_correct_values,tests/unit_tests/experiment_plans/test_grid_detection_plan.py::test_when_grid_detection_plan_run_then_grid_detection_callback_gets_correct_values,setup,0.02,44.3
before,3,test_given_when_grid_detect_then_upper_left_and_start_position_as_expected,tests/unit_tests/experiment_plans/test_grid_detection_plan.py::test_given_when_grid_detect_then_upper_left_and_start_position_as_expected,setup,0.02,44.3
before,3,test_when_detected_grid_has_odd_y_steps_then_add_a_y_step_and_shift_grid[False],tests/unit_tests/experiment_plans/test_grid_detection_plan.py::test_when_detected_grid_has_odd_y_steps_then_add_a_y_step_and_shift_grid[False],setup,0.02,44.3
before,3,test_grid_detection_plan_runs_and_triggers_snapshots,tests/unit_tests/experiment_plans/test_grid_detection_plan.py::test_grid_detection_plan_runs_and_triggers_snapshots,setup,0.02,44.3
before,3,test_when_grid_detection_plan_run_twice_then_values_do_not_persist_in_callback,tests/unit_tests/experiment_plans/test_grid_detection_plan.py::test_when_grid_detection_plan_run_twice_then_values_do_not_persist_in_callback,setup,0.02,44.3
before,3,test_when_plan_run_then_detector_arm_started_before_wait_on_robot_load,tests/unit_tests/experiment_plans/test_wait_for_robot_load_then_centre.py::test_when_plan_run_then_detector_arm_started_before_wait_on_robot_load,setup,0.02,44.3
before,3,test_total_counts_gets_within_target,tests/unit_tests/experiment_plans/test_optimise_attenuation_plan.py::test_total_counts_gets_within_target,call,0.02,44.3
before,3,test_given_smargon_disabled_when_plan_run_then_waits_on_smargon[5],tests/unit_tests/experiment_plans/test_wait_for_robot_load_then_centre.py::test_given_smargon_disabled_when_plan_run_then_waits_on_smargon[5],call,0.02,44.3
before,3,test_given_smargon_disabled_when_plan_run_then_waits_on_smargon[3],tests/unit_tests/experiment_plans/test_wait_for_robot_load_then_centre.py::test_given_smargon_disabled_when_plan_run_then_waits_on_smargon[3],setup,0.02,44.3
before,3,test_given_smargon_disabled_when_plan_run_then_waits_on_smargon[14],tests/unit_tests/experiment_plans/test_wait_for_robot_load_then_centre.py::test_given_smargon_disabled_when_plan_run_then_waits_on_smargon[14],setup,0.02,44.3
before,3,test_given_smargon_disabled_when_plan_run_then_waits_on_smargon[3],tests/unit_tests/experiment_plans/test_wait_for_robot_load_then_centre.py::test_given_smargon_disabled_when_plan_run_then_waits_on_smargon[3],call,0.02,44.3
before,3,test_given_smargon_disabled_when_plan_run_then_waits_on_smargon[5],tests/unit_tests/experiment_plans/test_wait_for_robot_load_then_centre.py::test_given_smargon_disabled_when_plan_run_then_waits_on_smargon[5],setup,0.02,44.3
before,3,test_wait_for_robot_load_then_centre_doesnt_set_energy_if_not_specified,tests/unit_tests/experiment_plans/test_wait_for_robot_load_then_centre.py::test_wait_for_robot_load_then_centre_doesnt_set_energy_if_not_specified,setup,0.02,44.3
before,3,test_when_plan_run_then_centring_plan_run_with_expected_parameters,tests/unit_tests/experiment_plans/test_wait_for_robot_load_then_centre.py::test_when_plan_run_then_centring_plan_run_with_expected_parameters,call,0.02,44.3
before,3,test_given_smargon_disabled_for_longer_than_timeout_when_plan_run_then_throws_exception,tests/unit_tests/experiment_plans/test_wait_for_robot_load_then_centre.py::test_given_smargon_disabled_for_longer_than_timeout_when_plan_run_then_throws_exception,setup,0.02,44.3
before,3,test_when_plan_run_with_requested_energy_specified_energy_change_executes,tests/unit_tests/experiment_plans/test_wait_for_robot_load_then_centre.py::test_when_plan_run_with_requested_energy_specified_energy_change_executes,setup,0.02,44.3
before,3,test_when_plan_run_then_centring_plan_run_with_expected_parameters,tests/unit_tests/experiment_plans/test_wait_for_robot_load_then_centre.py::test_when_plan_run_then_centring_plan_run_with_expected_parameters,setup,0.02,44.3
before,3,test_values_for_move_so_that_beam_is_at_pixel[px_per_um0-beam_centre0-0-pixel_to_move_to0-expected_xyz0],tests/unit_tests/device_setup_plans/test_setup_oav.py::test_values_for_move_so_that_beam_is_at_pixel[px_per_um0-beam_centre0-0-pixel_to_move_to0-expected_xyz0],setup,0.02,44.3
before,3,test_when_plan_run_then_detector_arm_started_before_wait_on_robot_load,tests/unit_tests/experiment_plans/test_wait_for_robot_load_then_centre.py::test_when_plan_run_then_detector_arm_started_before_wait_on_robot_load,call,0.02,44.3
before,3,test_values_for_move_so_that_beam_is_at_pixel[px_per_um4-beam_centre4--90-pixel_to_move_to4-expected_xyz4],tests/unit_tests/device_setup_plans/test_setup_oav.py::test_values_for_move_so_that_beam_is_at_pixel[px_per_um4-beam_centre4--90-pixel_to_move_to4-expected_xyz4],setup,0.02,44.3
before,3,test_values_for_move_so_that_beam_is_at_pixel[px_per_um2-beam_centre2-90-pixel_to_move_to2-expected_xyz2],tests/unit_tests/device_setup_plans/test_setup_oav.py::test_values_for_move_so_that_beam_is_at_pixel[px_per_um2-beam_centre2-90-pixel_to_move_to2-expected_xyz2],setup,0.02,44.3
before,3,test_blueskyrunner_uses_cli_args_correctly_for_callbacks[arg_list3-parsed_arg_values3],tests/unit_tests/hyperion/test_main_system.py::test_blueskyrunner_uses_cli_args_correctly_for_callbacks[arg_list3-parsed_arg_values3],call,0.02,44.3
before,3,test_set_energy,tests/unit_tests/experiment_plans/test_set_energy_plan.py::test_set_energy,setup,0.02,44.3
before,3,test_values_for_move_so_that_beam_is_at_pixel[px_per_um6-beam_centre6--90-pixel_to_move_to6-expected_xyz6],tests/unit_tests/device_setup_plans/test_setup_oav.py::test_values_for_move_so_that_beam_is_at_pixel[px_per_um6-beam_centre6--90-pixel_to_move_to6-expected_xyz6],setup,0.02,44.3
before,3,test_values_for_move_so_that_beam_is_at_pixel[px_per_um5-beam_centre5-0-pixel_to_move_to5-expected_xyz5],tests/unit_tests/device_setup_plans/test_setup_oav.py::test_values_for_move_so_that_beam_is_at_pixel[px_per_um5-beam_centre5-0-pixel_to_move_to5-expected_xyz5],setup,0.02,44.3
before,3,test_values_for_move_so_that_beam_is_at_pixel[px_per_um1-beam_centre1--90-pixel_to_move_to1-expected_xyz1],tests/unit_tests/device_setup_plans/test_setup_oav.py::test_values_for_move_so_that_beam_is_at_pixel[px_per_um1-beam_centre1--90-pixel_to_move_to1-expected_xyz1],setup,0.02,44.3
before,3,test_values_for_move_so_that_beam_is_at_pixel[px_per_um3-beam_centre3-0-pixel_to_move_to3-expected_xyz3],tests/unit_tests/device_setup_plans/test_setup_oav.py::test_values_for_move_so_that_beam_is_at_pixel[px_per_um3-beam_centre3-0-pixel_to_move_to3-expected_xyz3],setup,0.01,44.3
before,3,test_optimisation_attenuation_plan_runs_correct_functions[deadtime],tests/unit_tests/experiment_plans/test_optimise_attenuation_plan.py::test_optimisation_attenuation_plan_runs_correct_functions[deadtime],call,0.01,44.3
before,3,test_optimisation_attenuation_plan_runs_correct_functions[total_counts],tests/unit_tests/experiment_plans/test_optimise_attenuation_plan.py::test_optimisation_attenuation_plan_runs_correct_functions[total_counts],call,0.01,44.3
before,3,test_given_pin_tip_detect_using_ophyd_when_pin_tip_centre_plan_called_then_expected_plans_called,tests/unit_tests/experiment_plans/test_pin_tip_centring.py::test_given_pin_tip_detect_using_ophyd_when_pin_tip_centre_plan_called_then_expected_plans_called,call,0.01,44.3
before,3,test_given_started_when_stopped_and_started_again_then_runs,tests/unit_tests/hyperion/test_main_system.py::test_given_started_when_stopped_and_started_again_then_runs,call,0.01,44.3
before,3,test_when_pin_tip_centre_plan_called_then_expected_plans_called,tests/unit_tests/experiment_plans/test_pin_tip_centring.py::test_when_pin_tip_centre_plan_called_then_expected_plans_called,call,0.01,44.3
before,3,test_blueskyrunner_uses_cli_args_correctly_for_callbacks[arg_list2-parsed_arg_values2],tests/unit_tests/hyperion/test_main_system.py::test_blueskyrunner_uses_cli_args_correctly_for_callbacks[arg_list2-parsed_arg_values2],call,0.01,44.3
before,3,test_adjust_dcm_pitch_roll_vfm_from_lut,tests/unit_tests/device_setup_plans/test_dcm_pitch_roll_mirror_adjuster.py::test_adjust_dcm_pitch_roll_vfm_from_lut,setup,0.01,44.3
before,3,test_zebra_set_up_for_gridscan,tests/unit_tests/device_setup_plans/test_zebra_setup.py::test_zebra_set_up_for_gridscan,call,0.01,44.3
before,3,test_blueskyrunner_uses_cli_args_correctly_for_callbacks[arg_list0-parsed_arg_values0],tests/unit_tests/hyperion/test_main_system.py::test_blueskyrunner_uses_cli_args_correctly_for_callbacks[arg_list0-parsed_arg_values0],call,0.01,44.3
before,3,test_blueskyrunner_uses_cli_args_correctly_for_callbacks[arg_list1-parsed_arg_values1],tests/unit_tests/hyperion/test_main_system.py::test_blueskyrunner_uses_cli_args_correctly_for_callbacks[arg_list1-parsed_arg_values1],call,0.01,44.3
before,3,test_values_for_move_so_that_beam_is_at_pixel[px_per_um3-beam_centre3-0-pixel_to_move_to3-expected_xyz3],tests/unit_tests/device_setup_plans/test_setup_oav.py::test_values_for_move_so_that_beam_is_at_pixel[px_per_um3-beam_centre3-0-pixel_to_move_to3-expected_xyz3],call,0.01,44.3
before,3,test_apply_and_wait_for_voltages_to_settle_timeout,tests/unit_tests/device_setup_plans/test_dcm_pitch_roll_mirror_adjuster.py::test_apply_and_wait_for_voltages_to_settle_timeout,setup,0.01,44.3
before,3,test_values_for_move_so_that_beam_is_at_pixel[px_per_um1-beam_centre1--90-pixel_to_move_to1-expected_xyz1],tests/unit_tests/device_setup_plans/test_setup_oav.py::test_values_for_move_so_that_beam_is_at_pixel[px_per_um1-beam_centre1--90-pixel_to_move_to1-expected_xyz1],call,0.01,44.3
before,3,test_sending_start_twice_fails,tests/unit_tests/hyperion/test_main_system.py::test_sending_start_twice_fails,call,0.01,44.3
before,3,test_given_the_pin_tip_is_already_in_view_when_get_tip_into_view_then_tip_returned_and_smargon_not_moved,tests/unit_tests/experiment_plans/test_pin_tip_centring.py::test_given_the_pin_tip_is_already_in_view_when_get_tip_into_view_then_tip_returned_and_smargon_not_moved,setup,0.01,44.3
before,3,test_execution_of_do_fgs_triggers_zocalo_calls,tests/unit_tests/external_interaction/callbacks/test_zocalo_handler.py::TestZocaloHandler::test_execution_of_do_fgs_triggers_zocalo_calls,call,0.01,44.3
before,3,test_values_for_move_so_that_beam_is_at_pixel[px_per_um0-beam_centre0-0-pixel_to_move_to0-expected_xyz0],tests/unit_tests/device_setup_plans/test_setup_oav.py::test_values_for_move_so_that_beam_is_at_pixel[px_per_um0-beam_centre0-0-pixel_to_move_to0-expected_xyz0],call,0.01,44.3
before,3,test_when_set_up_oav_with_different_zoom_levels_then_flat_field_applied_correctly[7.0-CAM],tests/unit_tests/device_setup_plans/test_setup_oav.py::test_when_set_up_oav_with_different_zoom_levels_then_flat_field_applied_correctly[7.0-CAM],setup,0.01,44.3
before,3,test_pin_tip_starting_near_positive_edge_doesnt_exceed_limit,tests/unit_tests/experiment_plans/test_pin_tip_centring.py::test_pin_tip_starting_near_positive_edge_doesnt_exceed_limit,setup,0.01,44.3
before,3,test_pin_tip_starting_near_negative_edge_doesnt_exceed_limit,tests/unit_tests/experiment_plans/test_pin_tip_centring.py::test_pin_tip_starting_near_negative_edge_doesnt_exceed_limit,setup,0.01,44.3
before,3,test_given_tip_at_zero_but_will_be_found_when_get_tip_into_view_then_smargon_moved_negative_and_tip_returned,tests/unit_tests/experiment_plans/test_pin_tip_centring.py::test_given_tip_at_zero_but_will_be_found_when_get_tip_into_view_then_smargon_moved_negative_and_tip_returned,setup,0.01,44.3
before,3,test_given_no_tip_found_but_will_be_found_when_get_tip_into_view_then_smargon_moved_positive_and_tip_returned,tests/unit_tests/experiment_plans/test_pin_tip_centring.py::test_given_no_tip_found_but_will_be_found_when_get_tip_into_view_then_smargon_moved_positive_and_tip_returned,setup,0.01,44.3
before,3,test_when_set_up_oav_then_only_waits_on_oav_to_finish,tests/unit_tests/device_setup_plans/test_setup_oav.py::test_when_set_up_oav_then_only_waits_on_oav_to_finish,setup,0.01,44.3
before,3,test_values_for_move_so_that_beam_is_at_pixel[px_per_um2-beam_centre2-90-pixel_to_move_to2-expected_xyz2],tests/unit_tests/device_setup_plans/test_setup_oav.py::test_values_for_move_so_that_beam_is_at_pixel[px_per_um2-beam_centre2-90-pixel_to_move_to2-expected_xyz2],call,0.01,44.3
before,3,test_given_no_tip_found_ever_when_get_tip_into_view_then_smargon_moved_positive_and_exception_thrown,tests/unit_tests/experiment_plans/test_pin_tip_centring.py::test_given_no_tip_found_ever_when_get_tip_into_view_then_smargon_moved_positive_and_exception_thrown,setup,0.01,44.3
before,3,test_when_set_up_oav_with_different_zoom_levels_then_flat_field_applied_correctly[1.0-proc],tests/unit_tests/device_setup_plans/test_setup_oav.py::test_when_set_up_oav_with_different_zoom_levels_then_flat_field_applied_correctly[1.0-proc],setup,0.01,44.3
before,3,test_values_for_move_so_that_beam_is_at_pixel[px_per_um6-beam_centre6--90-pixel_to_move_to6-expected_xyz6],tests/unit_tests/device_setup_plans/test_setup_oav.py::test_values_for_move_so_that_beam_is_at_pixel[px_per_um6-beam_centre6--90-pixel_to_move_to6-expected_xyz6],call,0.01,44.3
before,3,test_values_for_move_so_that_beam_is_at_pixel[px_per_um5-beam_centre5-0-pixel_to_move_to5-expected_xyz5],tests/unit_tests/device_setup_plans/test_setup_oav.py::test_values_for_move_so_that_beam_is_at_pixel[px_per_um5-beam_centre5-0-pixel_to_move_to5-expected_xyz5],call,0.01,44.3
before,3,test_given_pin_tip_detect_using_ophyd_when_pin_tip_centre_plan_called_then_expected_plans_called,tests/unit_tests/experiment_plans/test_pin_tip_centring.py::test_given_pin_tip_detect_using_ophyd_when_pin_tip_centre_plan_called_then_expected_plans_called,setup,0.01,44.3
before,3,test_when_pin_tip_centre_plan_called_then_expected_plans_called,tests/unit_tests/experiment_plans/test_pin_tip_centring.py::test_when_pin_tip_centre_plan_called_then_expected_plans_called,setup,0.01,44.3
before,3,test_setup_panda_performs_correct_plans,tests/unit_tests/device_setup_plans/test_setup_panda.py::test_setup_panda_performs_correct_plans,call,0.01,44.3
before,3,test_no_exception_during_run_results_in_good_run_status,tests/unit_tests/external_interaction/ispyb/test_gridscan_ispyb_store_2d.py::test_no_exception_during_run_results_in_good_run_status,setup,0.01,44.3
before,3,test_update_deposition_with_group_id_updates,tests/unit_tests/external_interaction/ispyb/test_rotation_ispyb_store.py::test_update_deposition_with_group_id_updates,setup,0.01,44.3
before,3,test_given_detector_bit_depth_changes_then_vds_datatype_as_expected[32-uint32],tests/unit_tests/external_interaction/test_write_rotation_nexus.py::test_given_detector_bit_depth_changes_then_vds_datatype_as_expected[32-uint32],setup,0.01,44.3
before,3,test_deactivates_after_closing,tests/unit_tests/external_interaction/callbacks/test_plan_reactive_callback.py::test_deactivates_after_closing,call,0.01,44.3
before,3,test_values_for_move_so_that_beam_is_at_pixel[px_per_um4-beam_centre4--90-pixel_to_move_to4-expected_xyz4],tests/unit_tests/device_setup_plans/test_setup_oav.py::test_values_for_move_so_that_beam_is_at_pixel[px_per_um4-beam_centre4--90-pixel_to_move_to4-expected_xyz4],call,0.01,44.3
before,3,test_given_moving_out_of_range_when_move_with_warn_called_then_warning_exception,tests/unit_tests/experiment_plans/test_pin_tip_centring.py::test_given_moving_out_of_range_when_move_with_warn_called_then_warning_exception,setup,0.01,44.3
before,3,test_store_rotation_scan_uses_supplied_dcgid[13],tests/unit_tests/external_interaction/ispyb/test_rotation_ispyb_store.py::test_store_rotation_scan_uses_supplied_dcgid[13],call,0.01,44.3
before,3,test_adjust_dcm_pitch_roll_vfm_from_lut,tests/unit_tests/device_setup_plans/test_dcm_pitch_roll_mirror_adjuster.py::test_adjust_dcm_pitch_roll_vfm_from_lut,call,0.01,44.3
before,3,test_update_deposition,tests/unit_tests/external_interaction/ispyb/test_rotation_ispyb_store.py::test_update_deposition,setup,0.01,44.3
before,3,test_store_rotation_scan_uses_supplied_dcgid[88],tests/unit_tests/external_interaction/ispyb/test_rotation_ispyb_store.py::test_store_rotation_scan_uses_supplied_dcgid[88],call,0.01,44.3
before,3,test_given_detector_bit_depth_changes_then_vds_datatype_as_expected[16-uint16],tests/unit_tests/external_interaction/test_write_rotation_nexus.py::test_given_detector_bit_depth_changes_then_vds_datatype_as_expected[16-uint16],setup,0.01,44.3
before,3,test_when_pin_centre_xray_centre_called_then_plan_runs_correctly,tests/unit_tests/experiment_plans/test_pin_centre_then_xray_centre_plan.py::test_when_pin_centre_xray_centre_called_then_plan_runs_correctly,call,0.01,44.3
before,3,test_rotation_scan_nexus_output_compared_to_existing_file,tests/unit_tests/external_interaction/test_write_rotation_nexus.py::test_rotation_scan_nexus_output_compared_to_existing_file,setup,0.01,44.3
before,3,test_store_rotation_scan_uses_supplied_dcgid[61],tests/unit_tests/external_interaction/ispyb/test_rotation_ispyb_store.py::test_store_rotation_scan_uses_supplied_dcgid[61],call,0.01,44.3
before,3,test_store_rotation_scan_uses_supplied_dcgid[2],tests/unit_tests/external_interaction/ispyb/test_rotation_ispyb_store.py::test_store_rotation_scan_uses_supplied_dcgid[2],call,0.01,44.3
before,3,test_store_rotation_scan_uses_supplied_dcgid[45],tests/unit_tests/external_interaction/ispyb/test_rotation_ispyb_store.py::test_store_rotation_scan_uses_supplied_dcgid[45],call,0.01,44.3
before,3,test_given_tip_found_when_wait_for_tip_to_be_found_called_then_tip_immediately_returned,tests/unit_tests/device_setup_plans/test_setup_oav.py::test_given_tip_found_when_wait_for_tip_to_be_found_called_then_tip_immediately_returned,call,0.01,44.3
before,3,test_apply_and_wait_for_voltages_to_settle_happy_path,tests/unit_tests/device_setup_plans/test_dcm_pitch_roll_mirror_adjuster.py::test_apply_and_wait_for_voltages_to_settle_happy_path,setup,0.01,44.3
before,3,test_update_deposition,tests/unit_tests/external_interaction/ispyb/test_gridscan_ispyb_store_2d.py::test_update_deposition,setup,0.01,44.3
before,3,test_zebra_cleanup,tests/unit_tests/device_setup_plans/test_zebra_setup.py::test_zebra_cleanup,call,0.01,44.3
before,3,test_subscribe_in_plan,tests/unit_tests/external_interaction/callbacks/xray_centre/test_xraycentre_callback_collection.py::test_subscribe_in_plan,call,0.01,44.3
before,3,test_when_topup_before_end_of_collection_wait,tests/unit_tests/device_setup_plans/test_topup_plan.py::test_when_topup_before_end_of_collection_wait,call,0.01,44.3
before,3,test_activity_gated_stop,tests/unit_tests/external_interaction/callbacks/rotation/test_ispyb_callback.py::test_activity_gated_stop,setup,0.01,44.3
before,3,test_store_3d_grid_scan,tests/unit_tests/external_interaction/ispyb/test_gridscan_ispyb_store_3d.py::test_store_3d_grid_scan,setup,0.01,44.3
before,3,test_given_the_pin_tip_is_already_in_view_when_get_tip_into_view_then_tip_returned_and_smargon_not_moved,tests/unit_tests/experiment_plans/test_pin_tip_centring.py::test_given_the_pin_tip_is_already_in_view_when_get_tip_into_view_then_tip_returned_and_smargon_not_moved,call,0.01,44.3
before,3,test_tidy_up_plans_disable_panda_and_zebra,tests/unit_tests/experiment_plans/test_panda_flyscan_xray_centre_plan.py::test_tidy_up_plans_disable_panda_and_zebra,call,0.01,44.3
before,3,test_given_ispyb_callback_finished_writing_to_ispyb_when_messages_logged_then_they_do_not_contain_dcgid,tests/unit_tests/external_interaction/callbacks/xray_centre/test_ispyb_handler.py::TestXrayCentreIspybHandler::test_given_ispyb_callback_finished_writing_to_ispyb_when_messages_logged_then_they_do_not_contain_dcgid,call,0.01,44.3
before,3,test_adjust_mirror_stripe[6.999-Bare-140-15],tests/unit_tests/device_setup_plans/test_dcm_pitch_roll_mirror_adjuster.py::test_adjust_mirror_stripe[6.999-Bare-140-15],setup,0.01,44.3
before,3,test_end_deposition_happy_path,tests/unit_tests/external_interaction/ispyb/test_rotation_ispyb_store.py::test_end_deposition_happy_path,setup,0.01,44.3
before,3,test_doesnt_activate_on_wrong_metadata,tests/unit_tests/external_interaction/callbacks/test_plan_reactive_callback.py::test_doesnt_activate_on_wrong_metadata,call,0.01,44.3
before,3,test_begin_deposition_with_alternate_experiment_type,tests/unit_tests/external_interaction/ispyb/test_rotation_ispyb_store.py::test_begin_deposition_with_alternate_experiment_type,setup,0.01,44.3
before,3,test_activates_on_metadata,tests/unit_tests/external_interaction/callbacks/test_plan_reactive_callback.py::test_activates_on_metadata,call,0.01,44.3
before,3,test_GIVEN_scan_already_valid_THEN_wait_for_GRIDSCAN_returns_immediately,tests/unit_tests/experiment_plans/test_flyscan_xray_centre_plan.py::TestFlyscanXrayCentrePlan::test_GIVEN_scan_already_valid_THEN_wait_for_GRIDSCAN_returns_immediately,call,0.01,44.3
before,3,test_given_started_when_stopped_then_success_and_idle_status,tests/unit_tests/hyperion/test_main_system.py::test_given_started_when_stopped_then_success_and_idle_status,call,0.01,44.3
before,3,test_activity_gated_start,tests/unit_tests/external_interaction/callbacks/rotation/test_ispyb_callback.py::test_activity_gated_start,setup,0.01,44.3
before,3,test_no_waiting_if_decay_mode,tests/unit_tests/device_setup_plans/test_topup_plan.py::test_no_waiting_if_decay_mode,call,0.01,44.3
before,3,test_begin_deposition,tests/unit_tests/external_interaction/ispyb/test_rotation_ispyb_store.py::test_begin_deposition,setup,0.01,44.3
before,3,test_GIVEN_scan_already_valid_THEN_wait_for_GRIDSCAN_returns_immediately,tests/unit_tests/experiment_plans/test_panda_flyscan_xray_centre_plan.py::TestFlyscanXrayCentrePlan::test_GIVEN_scan_already_valid_THEN_wait_for_GRIDSCAN_returns_immediately,call,0.01,44.3
before,3,test_deadtime_optimisation_calculates_deadtime_correctly,tests/unit_tests/experiment_plans/test_optimise_attenuation_plan.py::test_deadtime_optimisation_calculates_deadtime_correctly,call,0.01,44.3
before,3,test_store_rotation_scan_failures,tests/unit_tests/external_interaction/ispyb/test_rotation_ispyb_store.py::test_store_rotation_scan_failures,setup,0.01,44.3
before,3,test_begin_deposition_with_group_id_doesnt_insert,tests/unit_tests/external_interaction/ispyb/test_rotation_ispyb_store.py::test_begin_deposition_with_group_id_doesnt_insert,setup,0.01,44.3
before,3,test_no_waiting_when_mode_does_not_allow_gating,tests/unit_tests/device_setup_plans/test_topup_plan.py::test_no_waiting_when_mode_does_not_allow_gating,call,0.01,44.3
before,3,test_activity_gated_event,tests/unit_tests/external_interaction/callbacks/rotation/test_ispyb_callback.py::test_activity_gated_event,call,0.01,44.3
before,3,test_trigger_and_return_pin_tip_works_for_ophyd_pin_tip_detection,tests/unit_tests/experiment_plans/test_pin_tip_centring.py::test_trigger_and_return_pin_tip_works_for_ophyd_pin_tip_detection,call,0.01,44.3
before,3,test_activity_gated_event,tests/unit_tests/external_interaction/callbacks/rotation/test_ispyb_callback.py::test_activity_gated_event,setup,0.01,44.3
before,3,test_fail_result_run_results_in_bad_run_status,tests/unit_tests/external_interaction/ispyb/test_gridscan_ispyb_store_2d.py::test_fail_result_run_results_in_bad_run_status,setup,0.01,44.3
before,3,test_wait_for_topup_complete,tests/unit_tests/device_setup_plans/test_topup_plan.py::test_wait_for_topup_complete,call,0.01,44.3
before,3,test_end_deposition_happy_path,tests/unit_tests/external_interaction/ispyb/test_gridscan_ispyb_store_3d.py::test_end_deposition_happy_path,setup,0.01,44.3
before,3,test_ispyb_deposition_comment_for_3D_correct,tests/unit_tests/external_interaction/ispyb/test_gridscan_ispyb_store_3d.py::test_ispyb_deposition_comment_for_3D_correct,setup,0.01,44.3
before,3,test_end_deposition_happy_path,tests/unit_tests/external_interaction/ispyb/test_gridscan_ispyb_store_2d.py::test_end_deposition_happy_path,setup,0.01,44.3
before,3,test_param_keys,tests/unit_tests/external_interaction/ispyb/test_gridscan_ispyb_store_2d.py::test_param_keys,setup,0.01,44.3
before,3,test_ispyb_deposition_comment_correct,tests/unit_tests/external_interaction/ispyb/test_gridscan_ispyb_store_2d.py::test_ispyb_deposition_comment_correct,setup,0.01,44.3
before,3,test_writers_dont_create_on_init_but_do_on_ispyb_event,tests/unit_tests/external_interaction/callbacks/xray_centre/test_nexus_handler.py::test_writers_dont_create_on_init_but_do_on_ispyb_event,call,0.01,44.3
before,3,test_results_passed_to_move_motors,tests/unit_tests/experiment_plans/test_panda_flyscan_xray_centre_plan.py::TestFlyscanXrayCentrePlan::test_results_passed_to_move_motors,call,0.01,44.3
before,3,test_begin_deposition,tests/unit_tests/external_interaction/ispyb/test_gridscan_ispyb_store_3d.py::test_begin_deposition,setup,0.01,44.3
before,3,test_begin_deposition,tests/unit_tests/external_interaction/ispyb/test_gridscan_ispyb_store_2d.py::test_begin_deposition,setup,0.01,44.3
before,3,test_activity_gated_stop,tests/unit_tests/external_interaction/callbacks/rotation/test_ispyb_callback.py::test_activity_gated_stop,call,0.01,44.3
before,3,test_getting_status_return_idle,tests/unit_tests/hyperion/test_main_system.py::test_getting_status_return_idle,call,0.01,44.3
before,3,test_start_gives_success,tests/unit_tests/hyperion/test_main_system.py::test_start_gives_success,call,0.01,44.3
before,3,test_param_fields_match_components_they_should_use,tests/unit_tests/parameters/test_internal_parameters.py::test_param_fields_match_components_they_should_use,setup,0.01,44.3
before,3,test_arm_devices_runs_correct_functions,tests/unit_tests/experiment_plans/test_optimise_attenuation_plan.py::test_arm_devices_runs_correct_functions,call,0.01,44.3
before,3,test_given_detector_move_fails_then_eiger_disarmed_and_correct_exception_returned,tests/unit_tests/device_setup_plans/test_utils.py::test_given_detector_move_fails_then_eiger_disarmed_and_correct_exception_returned,setup,0.01,44.3
before,3,test_given_ispyb_callback_started_writing_to_ispyb_when_messages_logged_then_they_contain_dcgid,tests/unit_tests/external_interaction/callbacks/xray_centre/test_ispyb_handler.py::TestXrayCentreIspybHandler::test_given_ispyb_callback_started_writing_to_ispyb_when_messages_logged_then_they_contain_dcgid,call,0.01,44.3
before,3,test_start_with_json_file_gives_success,tests/unit_tests/hyperion/test_main_system.py::test_start_with_json_file_gives_success,call,0.01,44.3
before,3,test_plan_with_no_params_fails,tests/unit_tests/hyperion/test_main_system.py::test_plan_with_no_params_fails,setup,0.01,44.3
before,3,test_results_passed_to_move_motors,tests/unit_tests/experiment_plans/test_flyscan_xray_centre_plan.py::TestFlyscanXrayCentrePlan::test_results_passed_to_move_motors,call,0.01,44.3
before,3,test_getting_status_after_start_sent_returns_busy,tests/unit_tests/hyperion/test_main_system.py::test_getting_status_after_start_sent_returns_busy,call,0.01,44.3
before,3,test_internal_params_eq,tests/unit_tests/parameters/test_internal_parameters.py::test_internal_params_eq,call,0.01,44.3
before,3,test_end_deposition_happy_path,tests/unit_tests/external_interaction/ispyb/test_gridscan_ispyb_store_3d.py::test_end_deposition_happy_path,teardown,0.01,44.3
before,3,test_activity_gated_start,tests/unit_tests/external_interaction/callbacks/rotation/test_ispyb_callback.py::test_activity_gated_start,call,0.01,44.3
before,3,test_messages_are_tagged_with_run_uid,tests/unit_tests/hyperion/test_log/test_log.py::test_messages_are_tagged_with_run_uid,call,0.01,44.3
before,3,test_sending_start_twice_fails,tests/unit_tests/hyperion/test_main_system.py::test_sending_start_twice_fails,setup,0.01,44.3
before,3,test_log_on_invalid_json_params,tests/unit_tests/hyperion/test_main_system.py::test_log_on_invalid_json_params,setup,0.01,44.3
before,3,test_given_shutter_open_fails_then_eiger_disarmed_and_correct_exception_returned,tests/unit_tests/device_setup_plans/test_utils.py::test_given_shutter_open_fails_then_eiger_disarmed_and_correct_exception_returned,setup,0.01,44.3
before,3,test_disarm_panda_disables_correct_blocks,tests/unit_tests/device_setup_plans/test_setup_panda.py::test_disarm_panda_disables_correct_blocks,call,0.01,44.3
before,3,test_writers_do_create_one_file_each_on_start_doc_for_run_gridscan,tests/unit_tests/external_interaction/callbacks/xray_centre/test_nexus_handler.py::test_writers_do_create_one_file_each_on_start_doc_for_run_gridscan,call,0.01,44.3
before,3,test_activity_gated_start_3d,tests/unit_tests/external_interaction/callbacks/xray_centre/test_ispyb_callback.py::test_activity_gated_start_3d,call,0.01,44.3
before,3,test_end_deposition_happy_path,tests/unit_tests/external_interaction/ispyb/test_gridscan_ispyb_store_3d.py::test_end_deposition_happy_path,call,0.01,44.3
before,3,test_set_energy,tests/unit_tests/experiment_plans/test_set_energy_plan.py::test_set_energy,call,0.01,44.3
before,3,test_nexus_file_validity_for_zocalo_with_three_linked_datasets[1044],tests/unit_tests/external_interaction/nexus/test_write_nexus.py::test_nexus_file_validity_for_zocalo_with_three_linked_datasets[1044],setup,0.01,44.3
before,3,test_when_plan_run_with_requested_energy_specified_energy_change_executes,tests/unit_tests/experiment_plans/test_wait_for_robot_load_then_centre.py::test_when_plan_run_with_requested_energy_specified_energy_change_executes,call,0.01,44.3
before,3,test_fgs_raising_no_exception_results_in_good_run_status_in_ispyb,tests/unit_tests/external_interaction/callbacks/xray_centre/test_ispyb_handler.py::TestXrayCentreIspybHandler::test_fgs_raising_no_exception_results_in_good_run_status_in_ispyb,call,0.01,44.3
before,3,test_given_fgs_plan_finished_when_zocalo_results_event_then_expected_comment_deposited,tests/unit_tests/external_interaction/callbacks/xray_centre/test_ispyb_handler.py::TestXrayCentreIspybHandler::test_given_fgs_plan_finished_when_zocalo_results_event_then_expected_comment_deposited,call,0.01,44.3
before,3,test_wait_for_robot_load_then_centre_doesnt_set_energy_if_not_specified,tests/unit_tests/experiment_plans/test_wait_for_robot_load_then_centre.py::test_wait_for_robot_load_then_centre_doesnt_set_energy_if_not_specified,call,0.01,44.3
before,3,test_main_function,tests/unit_tests/external_interaction/callbacks/test_external_callbacks.py::test_main_function,call,0.01,44.3
before,3,test_ispyb_handler_stores_sampleid_for_full_collection_not_screening[1800-True0],tests/unit_tests/external_interaction/callbacks/test_rotation_callbacks.py::test_ispyb_handler_stores_sampleid_for_full_collection_not_screening[1800-True0],call,0.01,44.3
before,3,test_given_started_when_stopped_and_started_again_then_runs,tests/unit_tests/hyperion/test_main_system.py::test_given_started_when_stopped_and_started_again_then_runs,setup,0.01,44.3
before,3,test_given_number_of_images_above_1000_then_expected_datafiles_used[2540-3],tests/unit_tests/external_interaction/nexus/test_write_nexus.py::test_given_number_of_images_above_1000_then_expected_datafiles_used[2540-3],setup,0.01,44.3
before,3,test_fgs_failing_results_in_bad_run_status_in_ispyb,tests/unit_tests/external_interaction/callbacks/xray_centre/test_ispyb_handler.py::TestXrayCentreIspybHandler::test_fgs_failing_results_in_bad_run_status_in_ispyb,call,0.01,44.3
before,3,test_start_with_json_file_gives_success,tests/unit_tests/hyperion/test_main_system.py::test_start_with_json_file_gives_success,setup,0.01,44.3
before,3,test_nexus_handler_gets_documents_in_mock_plan,tests/unit_tests/external_interaction/callbacks/test_rotation_callbacks.py::test_nexus_handler_gets_documents_in_mock_plan,setup,0.01,44.3
before,3,test_putting_bad_plan_fails,tests/unit_tests/hyperion/test_main_system.py::test_putting_bad_plan_fails,setup,0.01,44.3
before,3,test_activity_gated_start_2d,tests/unit_tests/external_interaction/callbacks/xray_centre/test_ispyb_callback.py::test_activity_gated_start_2d,call,0.01,44.3
before,3,test_new_parameters_is_a_new_object,tests/unit_tests/parameters/test_external_parameters.py::test_new_parameters_is_a_new_object,call,0.01,44.3
before,3,test_given_plan_raises_when_exception_raised_then_eiger_disarmed_and_correct_exception_returned,tests/unit_tests/device_setup_plans/test_utils.py::test_given_plan_raises_when_exception_raised_then_eiger_disarmed_and_correct_exception_returned,setup,0.01,44.3
before,4,test_when_grid_scan_fails_then_detector_disarmed_and_correct_exception_returned,tests/unit_tests/experiment_plans/test_flyscan_xray_centre_plan.py::TestFlyscanXrayCentrePlan::test_when_grid_scan_fails_then_detector_disarmed_and_correct_exception_returned,call,1.74,40.53
before,4,test_cleanup_happens,tests/unit_tests/experiment_plans/test_rotation_scan_plan.py::test_cleanup_happens,call,1.73,40.53
before,4,test_when_grid_scan_fails_then_detector_disarmed_and_correct_exception_returned,tests/unit_tests/experiment_plans/test_panda_flyscan_xray_centre_plan.py::TestFlyscanXrayCentrePlan::test_when_grid_scan_fails_then_detector_disarmed_and_correct_exception_returned,call,1.03,40.53
before,4,test_when_run_gridscan_called_ispyb_deposition_made_and_records_errors,tests/unit_tests/experiment_plans/test_flyscan_xray_centre_plan.py::TestFlyscanXrayCentrePlan::test_when_run_gridscan_called_ispyb_deposition_made_and_records_errors,call,0.98,40.53
before,4,test_GIVEN_scan_not_valid_THEN_wait_for_GRIDSCAN_raises_and_sleeps_called,tests/unit_tests/experiment_plans/test_flyscan_xray_centre_plan.py::TestFlyscanXrayCentrePlan::test_GIVEN_scan_not_valid_THEN_wait_for_GRIDSCAN_raises_and_sleeps_called,call,0.85,40.53
before,4,test_apply_and_wait_for_voltages_to_settle_timeout,tests/unit_tests/device_setup_plans/test_dcm_pitch_roll_mirror_adjuster.py::test_apply_and_wait_for_voltages_to_settle_timeout,call,0.82,40.53
before,4,test_fgs_arms_eiger_without_grid_detect,tests/unit_tests/experiment_plans/test_flyscan_xray_centre_plan.py::TestFlyscanXrayCentrePlan::test_fgs_arms_eiger_without_grid_detect,call,0.82,40.53
before,4,test_given_detector_bit_depth_changes_then_vds_datatype_as_expected[8-uint8],tests/unit_tests/external_interaction/test_write_rotation_nexus.py::test_given_detector_bit_depth_changes_then_vds_datatype_as_expected[8-uint8],call,0.78,40.53
before,4,test_given_detector_bit_depth_changes_then_vds_datatype_as_expected[32-uint32],tests/unit_tests/external_interaction/test_write_rotation_nexus.py::test_given_detector_bit_depth_changes_then_vds_datatype_as_expected[32-uint32],call,0.77,40.53
before,4,test_given_detector_bit_depth_changes_then_vds_datatype_as_expected[100-uint16],tests/unit_tests/external_interaction/test_write_rotation_nexus.py::test_given_detector_bit_depth_changes_then_vds_datatype_as_expected[100-uint16],call,0.76,40.53
before,4,test_ispyb_reuses_dcgid_on_same_sampleID[ispyb_ids2],tests/unit_tests/external_interaction/callbacks/test_rotation_callbacks.py::test_ispyb_reuses_dcgid_on_same_sampleID[ispyb_ids2],call,0.76,40.53
before,4,test_rotation_scan_nexus_output_compared_to_existing_file,tests/unit_tests/external_interaction/test_write_rotation_nexus.py::test_rotation_scan_nexus_output_compared_to_existing_file,call,0.75,40.53
before,4,test_given_detector_bit_depth_changes_then_vds_datatype_as_expected[16-uint16],tests/unit_tests/external_interaction/test_write_rotation_nexus.py::test_given_detector_bit_depth_changes_then_vds_datatype_as_expected[16-uint16],call,0.74,40.53
before,4,test_given_gridscan_fails_to_centre_then_stub_offsets_not_set,tests/unit_tests/experiment_plans/test_flyscan_xray_centre_plan.py::TestFlyscanXrayCentrePlan::test_given_gridscan_fails_to_centre_then_stub_offsets_not_set,call,0.65,40.53
before,4,test_grid_detection_plan_gives_warningerror_if_tip_not_found,tests/unit_tests/experiment_plans/test_grid_detection_plan.py::test_grid_detection_plan_gives_warningerror_if_tip_not_found,call,0.59,40.53
before,4,test_given_shutter_open_fails_then_eiger_disarmed_and_correct_exception_returned,tests/unit_tests/device_setup_plans/test_utils.py::test_given_shutter_open_fails_then_eiger_disarmed_and_correct_exception_returned,call,0.59,40.53
before,4,test_given_xbpm_checks_fail_when_plan_run_with_decorator_then_plan_not_run,tests/unit_tests/device_setup_plans/test_xbpm_feedback.py::test_given_xbpm_checks_fail_when_plan_run_with_decorator_then_plan_not_run,call,0.59,40.53
before,4,test_given_xpbm_checks_pass_and_plan_fails_when_plan_run_with_decorator_then_cleaned_up,tests/unit_tests/device_setup_plans/test_xbpm_feedback.py::test_given_xpbm_checks_pass_and_plan_fails_when_plan_run_with_decorator_then_cleaned_up,call,0.58,40.53
before,4,test_given_gridscan_fails_to_centre_then_stub_offsets_not_set,tests/unit_tests/experiment_plans/test_panda_flyscan_xray_centre_plan.py::TestFlyscanXrayCentrePlan::test_given_gridscan_fails_to_centre_then_stub_offsets_not_set,call,0.56,40.53
before,4,test_given_smargon_disabled_for_longer_than_timeout_when_plan_run_then_throws_exception,tests/unit_tests/experiment_plans/test_wait_for_robot_load_then_centre.py::test_given_smargon_disabled_for_longer_than_timeout_when_plan_run_then_throws_exception,call,0.54,40.53
before,4,test_ispyb_reuses_dcgid_on_same_sampleID[ispyb_ids6],tests/unit_tests/external_interaction/callbacks/test_rotation_callbacks.py::test_ispyb_reuses_dcgid_on_same_sampleID[ispyb_ids6],call,0.52,40.53
before,4,test_getting_status_after_start_sent_returns_busy,tests/unit_tests/hyperion/test_main_system.py::test_getting_status_after_start_sent_returns_busy,setup,0.5,40.53
before,4,test_ispyb_reuses_dcgid_on_same_sampleID[ispyb_ids4],tests/unit_tests/external_interaction/callbacks/test_rotation_callbacks.py::test_ispyb_reuses_dcgid_on_same_sampleID[ispyb_ids4],call,0.5,40.53
before,4,test_given_smargon_disabled_when_plan_run_then_waits_on_smargon[3],tests/unit_tests/experiment_plans/test_wait_for_robot_load_then_centre.py::test_given_smargon_disabled_when_plan_run_then_waits_on_smargon[3],call,0.48,40.53
before,4,test_ispyb_reuses_dcgid_on_same_sampleID[ispyb_ids3],tests/unit_tests/external_interaction/callbacks/test_rotation_callbacks.py::test_ispyb_reuses_dcgid_on_same_sampleID[ispyb_ids3],call,0.46,40.53
before,4,test_ispyb_reuses_dcgid_on_same_sampleID[ispyb_ids1],tests/unit_tests/external_interaction/callbacks/test_rotation_callbacks.py::test_ispyb_reuses_dcgid_on_same_sampleID[ispyb_ids1],call,0.45,40.53
before,4,test_ispyb_reuses_dcgid_on_same_sampleID[ispyb_ids7],tests/unit_tests/external_interaction/callbacks/test_rotation_callbacks.py::test_ispyb_reuses_dcgid_on_same_sampleID[ispyb_ids7],call,0.45,40.53
before,4,test_ispyb_reuses_dcgid_on_same_sampleID[ispyb_ids5],tests/unit_tests/external_interaction/callbacks/test_rotation_callbacks.py::test_ispyb_reuses_dcgid_on_same_sampleID[ispyb_ids5],call,0.45,40.53
before,4,test_ispyb_reuses_dcgid_on_same_sampleID[ispyb_ids0],tests/unit_tests/external_interaction/callbacks/test_rotation_callbacks.py::test_ispyb_reuses_dcgid_on_same_sampleID[ispyb_ids0],call,0.44,40.53
before,4,test_when_started_n_returnstatus_interrupted_bc_RE_aborted_thn_error_reptd,tests/unit_tests/hyperion/test_main_system.py::test_when_started_n_returnstatus_interrupted_bc_RE_aborted_thn_error_reptd,call,0.41,40.53
before,4,test_ispyb_reuses_dcgid_on_same_sampleID[ispyb_ids4],tests/unit_tests/external_interaction/callbacks/test_rotation_callbacks.py::test_ispyb_reuses_dcgid_on_same_sampleID[ispyb_ids4],setup,0.4,40.53
before,4,test_rotation_plan_runs,tests/unit_tests/experiment_plans/test_rotation_scan_plan.py::test_rotation_plan_runs,setup,0.39,40.53
before,4,test_GIVEN_no_results_from_zocalo_WHEN_communicator_wait_for_results_called_THEN_fallback_centre_used,tests/unit_tests/experiment_plans/test_panda_flyscan_xray_centre_plan.py::TestFlyscanXrayCentrePlan::test_GIVEN_no_results_from_zocalo_WHEN_communicator_wait_for_results_called_THEN_fallback_centre_used,call,0.37,40.53
before,4,test_given_no_tip_when_wait_for_tip_to_be_found_called_then_exception_thrown,tests/unit_tests/device_setup_plans/test_setup_oav.py::test_given_no_tip_when_wait_for_tip_to_be_found_called_then_exception_thrown,call,0.36,40.53
before,4,test_GIVEN_scan_not_valid_THEN_wait_for_GRIDSCAN_raises_and_sleeps_called,tests/unit_tests/experiment_plans/test_panda_flyscan_xray_centre_plan.py::TestFlyscanXrayCentrePlan::test_GIVEN_scan_not_valid_THEN_wait_for_GRIDSCAN_raises_and_sleeps_called,call,0.33,40.53
before,4,test_ispyb_handler_grabs_uid_from_main_plan_and_not_first_start_doc,tests/unit_tests/external_interaction/callbacks/test_rotation_callbacks.py::test_ispyb_handler_grabs_uid_from_main_plan_and_not_first_start_doc,call,0.33,40.53
before,4,test_detect_grid_and_do_gridscan,tests/unit_tests/experiment_plans/test_grid_detect_then_xray_centre_plan.py::test_detect_grid_and_do_gridscan,call,0.33,40.53
before,4,test_when_grid_detection_plan_run_twice_then_values_do_not_persist_in_callback,tests/unit_tests/experiment_plans/test_grid_detection_plan.py::test_when_grid_detection_plan_run_twice_then_values_do_not_persist_in_callback,call,0.33,40.53
before,4,test_plan_with_no_params_fails,tests/unit_tests/hyperion/test_main_system.py::test_plan_with_no_params_fails,call,0.32,40.53
before,4,test_log_on_invalid_json_params,tests/unit_tests/hyperion/test_main_system.py::test_log_on_invalid_json_params,call,0.3,40.53
before,4,test_putting_bad_plan_fails,tests/unit_tests/hyperion/test_main_system.py::test_putting_bad_plan_fails,call,0.3,40.53
before,4,test_given_no_tip_found_ever_when_get_tip_into_view_then_smargon_moved_positive_and_exception_thrown,tests/unit_tests/experiment_plans/test_pin_tip_centring.py::test_given_no_tip_found_ever_when_get_tip_into_view_then_smargon_moved_positive_and_exception_thrown,call,0.3,40.53
before,4,test_when_context_created_then_contains_expected_number_of_plans,tests/unit_tests/hyperion/test_main_system.py::test_when_context_created_then_contains_expected_number_of_plans,call,0.27,40.53
before,4,test_when_grid_scan_fails_then_detector_disarmed_and_correct_exception_returned,tests/unit_tests/experiment_plans/test_panda_flyscan_xray_centre_plan.py::TestFlyscanXrayCentrePlan::test_when_grid_scan_fails_then_detector_disarmed_and_correct_exception_returned,setup,0.25,40.53
before,4,test_adjust_mirror_stripe[6.999-Bare-140-15],tests/unit_tests/device_setup_plans/test_dcm_pitch_roll_mirror_adjuster.py::test_adjust_mirror_stripe[6.999-Bare-140-15],call,0.25,40.53
before,4,test_results_adjusted_and_passed_to_move_xyz,tests/unit_tests/experiment_plans/test_panda_flyscan_xray_centre_plan.py::TestFlyscanXrayCentrePlan::test_results_adjusted_and_passed_to_move_xyz,call,0.24,40.53
before,4,test_GIVEN_no_results_from_zocalo_WHEN_communicator_wait_for_results_called_THEN_fallback_centre_used,tests/unit_tests/experiment_plans/test_flyscan_xray_centre_plan.py::TestFlyscanXrayCentrePlan::test_GIVEN_no_results_from_zocalo_WHEN_communicator_wait_for_results_called_THEN_fallback_centre_used,call,0.23,40.53
before,4,test_adjust_mirror_stripe[7.001-Rhodium-124--46],tests/unit_tests/device_setup_plans/test_dcm_pitch_roll_mirror_adjuster.py::test_adjust_mirror_stripe[7.001-Rhodium-124--46],call,0.23,40.53
before,4,test_nexus_handler_triggers_write_file_when_told,tests/unit_tests/external_interaction/callbacks/test_rotation_callbacks.py::test_nexus_handler_triggers_write_file_when_told,call,0.22,40.53
before,4,test_apply_and_wait_for_voltages_to_settle_happy_path,tests/unit_tests/device_setup_plans/test_dcm_pitch_roll_mirror_adjuster.py::test_apply_and_wait_for_voltages_to_settle_happy_path,call,0.22,40.53
before,4,test_when_grid_scan_ran_then_eiger_disarmed_before_zocalo_end,tests/unit_tests/experiment_plans/test_flyscan_xray_centre_plan.py::TestFlyscanXrayCentrePlan::test_when_grid_scan_ran_then_eiger_disarmed_before_zocalo_end,call,0.2,40.53
before,4,test_when_grid_scan_ran_then_eiger_disarmed_before_zocalo_end,tests/unit_tests/experiment_plans/test_panda_flyscan_xray_centre_plan.py::TestFlyscanXrayCentrePlan::test_when_grid_scan_ran_then_eiger_disarmed_before_zocalo_end,call,0.2,40.53
before,4,test_full_rotation_plan_smargon_settings,tests/unit_tests/experiment_plans/test_rotation_scan_plan.py::test_full_rotation_plan_smargon_settings,setup,0.19,40.53
before,4,test_given_when_grid_detect_then_upper_left_and_start_position_as_expected,tests/unit_tests/experiment_plans/test_grid_detection_plan.py::test_given_when_grid_detect_then_upper_left_and_start_position_as_expected,call,0.18,40.53
before,4,test_zocalo_start_and_end_not_triggered_if_ispyb_ids_not_present,tests/unit_tests/external_interaction/callbacks/test_rotation_callbacks.py::test_zocalo_start_and_end_not_triggered_if_ispyb_ids_not_present,call,0.16,40.53
before,4,test_optimisation_attenuation_plan_runs_correct_functions[total_counts],tests/unit_tests/experiment_plans/test_optimise_attenuation_plan.py::test_optimisation_attenuation_plan_runs_correct_functions[total_counts],setup,0.15,40.53
before,4,test_when_grid_detection_plan_run_then_grid_detection_callback_gets_correct_values,tests/unit_tests/experiment_plans/test_grid_detection_plan.py::test_when_grid_detection_plan_run_then_grid_detection_callback_gets_correct_values,call,0.14,40.53
before,4,test_grid_detection_plan_runs_and_triggers_snapshots,tests/unit_tests/experiment_plans/test_grid_detection_plan.py::test_grid_detection_plan_runs_and_triggers_snapshots,call,0.14,40.53
before,4,test_fgs_arms_eiger_without_grid_detect,tests/unit_tests/experiment_plans/test_panda_flyscan_xray_centre_plan.py::TestFlyscanXrayCentrePlan::test_fgs_arms_eiger_without_grid_detect,call,0.14,40.53
before,4,test_given_moving_out_of_range_when_move_with_warn_called_then_warning_exception,tests/unit_tests/experiment_plans/test_pin_tip_centring.py::test_given_moving_out_of_range_when_move_with_warn_called_then_warning_exception,call,0.14,40.53
before,4,test_results_adjusted_and_passed_to_move_xyz,tests/unit_tests/experiment_plans/test_flyscan_xray_centre_plan.py::TestFlyscanXrayCentrePlan::test_results_adjusted_and_passed_to_move_xyz,call,0.14,40.53
before,4,test_when_set_up_oav_with_different_zoom_levels_then_flat_field_applied_correctly[1.0-proc],tests/unit_tests/device_setup_plans/test_setup_oav.py::test_when_set_up_oav_with_different_zoom_levels_then_flat_field_applied_correctly[1.0-proc],call,0.13,40.53
before,4,test_blueskyrunner_uses_cli_args_correctly_for_callbacks[arg_list2-parsed_arg_values2],tests/unit_tests/hyperion/test_main_system.py::test_blueskyrunner_uses_cli_args_correctly_for_callbacks[arg_list2-parsed_arg_values2],call,0.13,40.53
before,4,test_blueskyrunner_uses_cli_args_correctly_for_callbacks[arg_list0-parsed_arg_values0],tests/unit_tests/hyperion/test_main_system.py::test_blueskyrunner_uses_cli_args_correctly_for_callbacks[arg_list0-parsed_arg_values0],call,0.13,40.53
before,4,test_blueskyrunner_uses_cli_args_correctly_for_callbacks[arg_list1-parsed_arg_values1],tests/unit_tests/hyperion/test_main_system.py::test_blueskyrunner_uses_cli_args_correctly_for_callbacks[arg_list1-parsed_arg_values1],call,0.13,40.53
before,4,test_blueskyrunner_uses_cli_args_correctly_for_callbacks[arg_list3-parsed_arg_values3],tests/unit_tests/hyperion/test_main_system.py::test_blueskyrunner_uses_cli_args_correctly_for_callbacks[arg_list3-parsed_arg_values3],call,0.12,40.53
before,4,test_rotation_plan_smargon_doesnt_move_xyz_if_not_given_in_params,tests/unit_tests/experiment_plans/test_rotation_scan_plan.py::test_rotation_plan_smargon_doesnt_move_xyz_if_not_given_in_params,setup,0.12,40.53
before,4,test_rotation_plan_energy_settings,tests/unit_tests/experiment_plans/test_rotation_scan_plan.py::test_rotation_plan_energy_settings,setup,0.12,40.53
before,4,test_rotation_plan_zebra_settings,tests/unit_tests/experiment_plans/test_rotation_scan_plan.py::test_rotation_plan_zebra_settings,setup,0.12,40.53
before,4,test_when_set_up_oav_with_different_zoom_levels_then_flat_field_applied_correctly[7.0-CAM],tests/unit_tests/device_setup_plans/test_setup_oav.py::test_when_set_up_oav_with_different_zoom_levels_then_flat_field_applied_correctly[7.0-CAM],call,0.11,40.53
before,4,test_when_set_up_oav_then_only_waits_on_oav_to_finish,tests/unit_tests/device_setup_plans/test_setup_oav.py::test_when_set_up_oav_then_only_waits_on_oav_to_finish,call,0.11,40.53
before,4,test_start_gives_success,tests/unit_tests/hyperion/test_main_system.py::test_start_gives_success,teardown,0.1,40.53
before,4,test_sending_start_twice_fails,tests/unit_tests/hyperion/test_main_system.py::test_sending_start_twice_fails,teardown,0.1,40.53
before,4,test_given_started_when_stopped_then_success_and_idle_status,tests/unit_tests/hyperion/test_main_system.py::test_given_started_when_stopped_then_success_and_idle_status,teardown,0.1,40.53
before,4,test_given_no_tip_found_but_will_be_found_when_get_tip_into_view_then_smargon_moved_positive_and_tip_returned,tests/unit_tests/experiment_plans/test_pin_tip_centring.py::test_given_no_tip_found_but_will_be_found_when_get_tip_into_view_then_smargon_moved_positive_and_tip_returned,call,0.1,40.53
before,4,test_given_started_when_stopped_and_started_again_then_runs,tests/unit_tests/hyperion/test_main_system.py::test_given_started_when_stopped_and_started_again_then_runs,teardown,0.1,40.53
before,4,test_if_smargon_speed_over_limit_then_log_error,tests/unit_tests/experiment_plans/test_panda_flyscan_xray_centre_plan.py::test_if_smargon_speed_over_limit_then_log_error,call,0.09,40.53
before,4,test_when_full_grid_scan_run_then_parameters_sent_to_fgs_as_expected,tests/unit_tests/experiment_plans/test_grid_detect_then_xray_centre_plan.py::test_when_full_grid_scan_run_then_parameters_sent_to_fgs_as_expected,call,0.09,40.53
before,4,test_total_count_exception_raised_after_max_cycles_reached,tests/unit_tests/experiment_plans/test_optimise_attenuation_plan.py::test_total_count_exception_raised_after_max_cycles_reached,call,0.09,40.53
before,4,test_total_count_calc_new_transmission_raises_error_on_low_ransmission,tests/unit_tests/experiment_plans/test_optimise_attenuation_plan.py::test_total_count_calc_new_transmission_raises_error_on_low_ransmission,call,0.08,40.53
before,4,test_when_pin_centre_xray_centre_called_then_detector_positioned,tests/unit_tests/experiment_plans/test_pin_centre_then_xray_centre_plan.py::test_when_pin_centre_xray_centre_called_then_detector_positioned,call,0.07,40.53
before,4,test_pin_tip_starting_near_negative_edge_doesnt_exceed_limit,tests/unit_tests/experiment_plans/test_pin_tip_centring.py::test_pin_tip_starting_near_negative_edge_doesnt_exceed_limit,call,0.07,40.53
before,4,test_given_detector_move_fails_then_eiger_disarmed_and_correct_exception_returned,tests/unit_tests/device_setup_plans/test_utils.py::test_given_detector_move_fails_then_eiger_disarmed_and_correct_exception_returned,call,0.07,40.53
before,4,test_rotation_scan,tests/unit_tests/experiment_plans/test_rotation_scan_plan.py::test_rotation_scan,call,0.07,40.53
before,4,test_if_smargon_speed_over_limit_then_log_error,tests/unit_tests/experiment_plans/test_panda_flyscan_xray_centre_plan.py::test_if_smargon_speed_over_limit_then_log_error,setup,0.06,40.53
before,4,test_when_pin_centre_xray_centre_called_then_detector_positioned,tests/unit_tests/experiment_plans/test_pin_centre_then_xray_centre_plan.py::test_when_pin_centre_xray_centre_called_then_detector_positioned,setup,0.06,40.53
before,4,test_given_plan_raises_when_exception_raised_then_eiger_disarmed_and_correct_exception_returned,tests/unit_tests/device_setup_plans/test_utils.py::test_given_plan_raises_when_exception_raised_then_eiger_disarmed_and_correct_exception_returned,call,0.06,40.53
before,4,test_read_hardware_for_ispyb_updates_from_ophyd_devices,tests/unit_tests/experiment_plans/test_flyscan_xray_centre_plan.py::TestFlyscanXrayCentrePlan::test_read_hardware_for_ispyb_updates_from_ophyd_devices,call,0.06,40.53
before,4,test_individual_plans_triggered_once_and_only_once_in_composite_run,tests/unit_tests/experiment_plans/test_flyscan_xray_centre_plan.py::TestFlyscanXrayCentrePlan::test_individual_plans_triggered_once_and_only_once_in_composite_run,call,0.06,40.53
before,4,test_kickoff_and_complete_gridscan_triggers_zocalo,tests/unit_tests/experiment_plans/test_flyscan_xray_centre_plan.py::test_kickoff_and_complete_gridscan_triggers_zocalo,call,0.06,40.53
before,4,test_when_gridscan_succeeds_ispyb_comment_appended_to,tests/unit_tests/experiment_plans/test_flyscan_xray_centre_plan.py::TestFlyscanXrayCentrePlan::test_when_gridscan_succeeds_ispyb_comment_appended_to,call,0.05,40.53
before,4,test_pin_tip_starting_near_positive_edge_doesnt_exceed_limit,tests/unit_tests/experiment_plans/test_pin_tip_centring.py::test_pin_tip_starting_near_positive_edge_doesnt_exceed_limit,call,0.05,40.53
before,4,test_results_adjusted_and_passed_to_move_xyz,tests/unit_tests/experiment_plans/test_panda_flyscan_xray_centre_plan.py::TestFlyscanXrayCentrePlan::test_results_adjusted_and_passed_to_move_xyz,setup,0.05,40.53
before,4,test_when_gridscan_finished_then_smargon_stub_offsets_are_set,tests/unit_tests/experiment_plans/test_flyscan_xray_centre_plan.py::TestFlyscanXrayCentrePlan::test_when_gridscan_finished_then_smargon_stub_offsets_are_set,call,0.05,40.53
before,4,test_ispyb_starts_on_opening_and_zocalo_on_main_so_ispyb_triggered_before_zocalo,tests/unit_tests/external_interaction/callbacks/test_rotation_callbacks.py::test_ispyb_starts_on_opening_and_zocalo_on_main_so_ispyb_triggered_before_zocalo,call,0.05,40.53
before,4,test_ispyb_specifies_experiment_type_if_supplied,tests/unit_tests/external_interaction/callbacks/test_rotation_callbacks.py::test_ispyb_specifies_experiment_type_if_supplied,call,0.05,40.53
before,4,test_individual_plans_triggered_once_and_only_once_in_composite_run,tests/unit_tests/experiment_plans/test_panda_flyscan_xray_centre_plan.py::TestFlyscanXrayCentrePlan::test_individual_plans_triggered_once_and_only_once_in_composite_run,setup,0.05,40.53
before,4,test_individual_plans_triggered_once_and_only_once_in_composite_run,tests/unit_tests/experiment_plans/test_flyscan_xray_centre_plan.py::TestFlyscanXrayCentrePlan::test_individual_plans_triggered_once_and_only_once_in_composite_run,setup,0.05,40.53
before,4,test_when_gridscan_succeeds_ispyb_comment_appended_to,tests/unit_tests/experiment_plans/test_panda_flyscan_xray_centre_plan.py::TestFlyscanXrayCentrePlan::test_when_gridscan_succeeds_ispyb_comment_appended_to,call,0.05,40.53
before,4,test_when_gridscan_finished_then_smargon_stub_offsets_are_set,tests/unit_tests/experiment_plans/test_panda_flyscan_xray_centre_plan.py::TestFlyscanXrayCentrePlan::test_when_gridscan_finished_then_smargon_stub_offsets_are_set,call,0.05,40.53
before,4,test_results_adjusted_and_passed_to_move_xyz,tests/unit_tests/experiment_plans/test_flyscan_xray_centre_plan.py::TestFlyscanXrayCentrePlan::test_results_adjusted_and_passed_to_move_xyz,setup,0.05,40.53
before,4,test_GIVEN_no_results_from_zocalo_WHEN_communicator_wait_for_results_called_THEN_fallback_centre_used,tests/unit_tests/experiment_plans/test_panda_flyscan_xray_centre_plan.py::TestFlyscanXrayCentrePlan::test_GIVEN_no_results_from_zocalo_WHEN_communicator_wait_for_results_called_THEN_fallback_centre_used,setup,0.05,40.53
before,4,test_when_gridscan_finished_then_smargon_stub_offsets_are_set,tests/unit_tests/experiment_plans/test_panda_flyscan_xray_centre_plan.py::TestFlyscanXrayCentrePlan::test_when_gridscan_finished_then_smargon_stub_offsets_are_set,setup,0.05,40.53
before,4,test_when_grid_scan_ran_then_eiger_disarmed_before_zocalo_end,tests/unit_tests/experiment_plans/test_flyscan_xray_centre_plan.py::TestFlyscanXrayCentrePlan::test_when_grid_scan_ran_then_eiger_disarmed_before_zocalo_end,setup,0.05,40.53
before,4,test_individual_plans_triggered_once_and_only_once_in_composite_run,tests/unit_tests/experiment_plans/test_panda_flyscan_xray_centre_plan.py::TestFlyscanXrayCentrePlan::test_individual_plans_triggered_once_and_only_once_in_composite_run,call,0.05,40.53
before,4,test_when_gridscan_succeeds_ispyb_comment_appended_to,tests/unit_tests/experiment_plans/test_panda_flyscan_xray_centre_plan.py::TestFlyscanXrayCentrePlan::test_when_gridscan_succeeds_ispyb_comment_appended_to,setup,0.05,40.53
before,4,test_when_grid_scan_ran_then_eiger_disarmed_before_zocalo_end,tests/unit_tests/experiment_plans/test_panda_flyscan_xray_centre_plan.py::TestFlyscanXrayCentrePlan::test_when_grid_scan_ran_then_eiger_disarmed_before_zocalo_end,setup,0.05,40.53
before,4,test_when_gridscan_succeeds_ispyb_comment_appended_to,tests/unit_tests/experiment_plans/test_flyscan_xray_centre_plan.py::TestFlyscanXrayCentrePlan::test_when_gridscan_succeeds_ispyb_comment_appended_to,setup,0.05,40.53
before,4,test_when_gridscan_finished_then_smargon_stub_offsets_are_set,tests/unit_tests/experiment_plans/test_flyscan_xray_centre_plan.py::TestFlyscanXrayCentrePlan::test_when_gridscan_finished_then_smargon_stub_offsets_are_set,setup,0.05,40.53
before,4,test_given_setting_stub_offsets_disabled_then_stub_offsets_not_set,tests/unit_tests/experiment_plans/test_flyscan_xray_centre_plan.py::TestFlyscanXrayCentrePlan::test_given_setting_stub_offsets_disabled_then_stub_offsets_not_set,setup,0.05,40.53
before,4,test_GIVEN_no_results_from_zocalo_WHEN_communicator_wait_for_results_called_THEN_fallback_centre_used,tests/unit_tests/experiment_plans/test_flyscan_xray_centre_plan.py::TestFlyscanXrayCentrePlan::test_GIVEN_no_results_from_zocalo_WHEN_communicator_wait_for_results_called_THEN_fallback_centre_used,setup,0.05,40.53
before,4,test_read_hardware_for_ispyb_updates_from_ophyd_devices,tests/unit_tests/experiment_plans/test_panda_flyscan_xray_centre_plan.py::TestFlyscanXrayCentrePlan::test_read_hardware_for_ispyb_updates_from_ophyd_devices,call,0.05,40.53
before,4,test_when_gridscan_fails_ispyb_comment_appended_to,tests/unit_tests/experiment_plans/test_flyscan_xray_centre_plan.py::TestFlyscanXrayCentrePlan::test_when_gridscan_fails_ispyb_comment_appended_to,setup,0.05,40.53
before,4,test_when_gridscan_fails_ispyb_comment_appended_to,tests/unit_tests/experiment_plans/test_panda_flyscan_xray_centre_plan.py::TestFlyscanXrayCentrePlan::test_when_gridscan_fails_ispyb_comment_appended_to,setup,0.05,40.53
before,4,test_given_setting_stub_offsets_disabled_then_stub_offsets_not_set,tests/unit_tests/experiment_plans/test_panda_flyscan_xray_centre_plan.py::TestFlyscanXrayCentrePlan::test_given_setting_stub_offsets_disabled_then_stub_offsets_not_set,setup,0.05,40.53
before,4,test_given_setting_stub_offsets_disabled_then_stub_offsets_not_set,tests/unit_tests/experiment_plans/test_flyscan_xray_centre_plan.py::TestFlyscanXrayCentrePlan::test_given_setting_stub_offsets_disabled_then_stub_offsets_not_set,call,0.05,40.53
before,4,test_results_passed_to_move_motors,tests/unit_tests/experiment_plans/test_flyscan_xray_centre_plan.py::TestFlyscanXrayCentrePlan::test_results_passed_to_move_motors,setup,0.05,40.53
before,4,test_read_hardware_for_ispyb_updates_from_ophyd_devices,tests/unit_tests/experiment_plans/test_panda_flyscan_xray_centre_plan.py::TestFlyscanXrayCentrePlan::test_read_hardware_for_ispyb_updates_from_ophyd_devices,setup,0.05,40.53
before,4,test_given_gridscan_fails_to_centre_then_stub_offsets_not_set,tests/unit_tests/experiment_plans/test_panda_flyscan_xray_centre_plan.py::TestFlyscanXrayCentrePlan::test_given_gridscan_fails_to_centre_then_stub_offsets_not_set,setup,0.05,40.53
before,4,test_when_run_gridscan_called_ispyb_deposition_made_and_records_errors,tests/unit_tests/experiment_plans/test_flyscan_xray_centre_plan.py::TestFlyscanXrayCentrePlan::test_when_run_gridscan_called_ispyb_deposition_made_and_records_errors,setup,0.05,40.53
before,4,test_nexus_handler_gets_documents_in_mock_plan,tests/unit_tests/external_interaction/callbacks/test_rotation_callbacks.py::test_nexus_handler_gets_documents_in_mock_plan,call,0.05,40.53
before,4,test_results_passed_to_move_motors,tests/unit_tests/experiment_plans/test_panda_flyscan_xray_centre_plan.py::TestFlyscanXrayCentrePlan::test_results_passed_to_move_motors,setup,0.04,40.53
before,4,test_given_gridscan_fails_to_centre_then_stub_offsets_not_set,tests/unit_tests/experiment_plans/test_flyscan_xray_centre_plan.py::TestFlyscanXrayCentrePlan::test_given_gridscan_fails_to_centre_then_stub_offsets_not_set,setup,0.04,40.53
before,4,test_kickoff_and_complete_gridscan_triggers_zocalo,tests/unit_tests/experiment_plans/test_flyscan_xray_centre_plan.py::test_kickoff_and_complete_gridscan_triggers_zocalo,setup,0.04,40.53
before,4,test_when_grid_scan_fails_then_detector_disarmed_and_correct_exception_returned,tests/unit_tests/experiment_plans/test_flyscan_xray_centre_plan.py::TestFlyscanXrayCentrePlan::test_when_grid_scan_fails_then_detector_disarmed_and_correct_exception_returned,setup,0.04,40.53
before,4,test_fgs_arms_eiger_without_grid_detect,tests/unit_tests/experiment_plans/test_flyscan_xray_centre_plan.py::TestFlyscanXrayCentrePlan::test_fgs_arms_eiger_without_grid_detect,setup,0.04,40.53
before,4,test_fgs_arms_eiger_without_grid_detect,tests/unit_tests/experiment_plans/test_panda_flyscan_xray_centre_plan.py::TestFlyscanXrayCentrePlan::test_fgs_arms_eiger_without_grid_detect,setup,0.04,40.53
before,4,test_given_setting_stub_offsets_disabled_then_stub_offsets_not_set,tests/unit_tests/experiment_plans/test_panda_flyscan_xray_centre_plan.py::TestFlyscanXrayCentrePlan::test_given_setting_stub_offsets_disabled_then_stub_offsets_not_set,call,0.04,40.53
before,4,test_read_hardware_for_ispyb_updates_from_ophyd_devices,tests/unit_tests/experiment_plans/test_flyscan_xray_centre_plan.py::TestFlyscanXrayCentrePlan::test_read_hardware_for_ispyb_updates_from_ophyd_devices,setup,0.04,40.53
before,4,test_rotation_scan,tests/unit_tests/experiment_plans/test_rotation_scan_plan.py::test_rotation_scan,setup,0.04,40.53
before,4,test_cleanup_happens,tests/unit_tests/experiment_plans/test_rotation_scan_plan.py::test_cleanup_happens,setup,0.04,40.53
before,4,test_given_tip_at_zero_but_will_be_found_when_get_tip_into_view_then_smargon_moved_negative_and_tip_returned,tests/unit_tests/experiment_plans/test_pin_tip_centring.py::test_given_tip_at_zero_but_will_be_found_when_get_tip_into_view_then_smargon_moved_negative_and_tip_returned,call,0.04,40.53
before,4,test_nexus_handler_only_writes_once,tests/unit_tests/external_interaction/callbacks/test_rotation_callbacks.py::test_nexus_handler_only_writes_once,call,0.04,40.53
before,4,test_when_gridscan_fails_ispyb_comment_appended_to,tests/unit_tests/experiment_plans/test_panda_flyscan_xray_centre_plan.py::TestFlyscanXrayCentrePlan::test_when_gridscan_fails_ispyb_comment_appended_to,call,0.04,40.53
before,4,test_when_gridscan_fails_ispyb_comment_appended_to,tests/unit_tests/experiment_plans/test_flyscan_xray_centre_plan.py::TestFlyscanXrayCentrePlan::test_when_gridscan_fails_ispyb_comment_appended_to,call,0.04,40.53
before,4,test_total_counts_calc_new_transmission_raises_warning_on_high_transmission,tests/unit_tests/experiment_plans/test_optimise_attenuation_plan.py::test_total_counts_calc_new_transmission_raises_warning_on_high_transmission,call,0.04,40.53
before,4,test_zebra_set_up_for_rotation,tests/unit_tests/device_setup_plans/test_zebra_setup.py::test_zebra_set_up_for_rotation,call,0.03,40.53
before,4,test_when_detected_grid_has_odd_y_steps_then_add_a_y_step_and_shift_grid[True],tests/unit_tests/experiment_plans/test_grid_detection_plan.py::test_when_detected_grid_has_odd_y_steps_then_add_a_y_step_and_shift_grid[True],call,0.03,40.53
before,4,test_when_detected_grid_has_odd_y_steps_then_add_a_y_step_and_shift_grid[False],tests/unit_tests/experiment_plans/test_grid_detection_plan.py::test_when_detected_grid_has_odd_y_steps_then_add_a_y_step_and_shift_grid[False],call,0.03,40.53
before,4,test_given_xpbm_checks_pass_when_plan_run_with_decorator_then_run_as_expected,tests/unit_tests/device_setup_plans/test_xbpm_feedback.py::test_given_xpbm_checks_pass_when_plan_run_with_decorator_then_run_as_expected,call,0.03,40.53
before,4,test_given_smargon_disabled_when_plan_run_then_waits_on_smargon[14],tests/unit_tests/experiment_plans/test_wait_for_robot_load_then_centre.py::test_given_smargon_disabled_when_plan_run_then_waits_on_smargon[14],call,0.03,40.53
before,4,test_when_full_grid_scan_run_then_parameters_sent_to_fgs_as_expected,tests/unit_tests/experiment_plans/test_grid_detect_then_xray_centre_plan.py::test_when_full_grid_scan_run_then_parameters_sent_to_fgs_as_expected,setup,0.02,40.53
before,4,test_trigger_and_return_pin_tip_works_for_AD_pin_tip_detection,tests/unit_tests/experiment_plans/test_pin_tip_centring.py::test_trigger_and_return_pin_tip_works_for_AD_pin_tip_detection,call,0.02,40.53
before,4,test_grid_detection_plan_gives_warningerror_if_tip_not_found,tests/unit_tests/experiment_plans/test_grid_detection_plan.py::test_grid_detection_plan_gives_warningerror_if_tip_not_found,setup,0.02,40.53
before,4,test_when_grid_detection_plan_run_twice_then_values_do_not_persist_in_callback,tests/unit_tests/experiment_plans/test_grid_detection_plan.py::test_when_grid_detection_plan_run_twice_then_values_do_not_persist_in_callback,setup,0.02,40.53
before,4,test_when_grid_detection_plan_run_then_grid_detection_callback_gets_correct_values,tests/unit_tests/experiment_plans/test_grid_detection_plan.py::test_when_grid_detection_plan_run_then_grid_detection_callback_gets_correct_values,setup,0.02,40.53
before,4,test_when_detected_grid_has_odd_y_steps_then_add_a_y_step_and_shift_grid[True],tests/unit_tests/experiment_plans/test_grid_detection_plan.py::test_when_detected_grid_has_odd_y_steps_then_add_a_y_step_and_shift_grid[True],setup,0.02,40.53
before,4,test_grid_detection_plan_runs_and_triggers_snapshots,tests/unit_tests/experiment_plans/test_grid_detection_plan.py::test_grid_detection_plan_runs_and_triggers_snapshots,setup,0.02,40.53
before,4,test_given_when_grid_detect_then_upper_left_and_start_position_as_expected,tests/unit_tests/experiment_plans/test_grid_detection_plan.py::test_given_when_grid_detect_then_upper_left_and_start_position_as_expected,setup,0.02,40.53
before,4,test_when_detected_grid_has_odd_y_steps_then_add_a_y_step_and_shift_grid[False],tests/unit_tests/experiment_plans/test_grid_detection_plan.py::test_when_detected_grid_has_odd_y_steps_then_add_a_y_step_and_shift_grid[False],setup,0.02,40.53
before,4,test_detect_grid_and_do_gridscan,tests/unit_tests/experiment_plans/test_grid_detect_then_xray_centre_plan.py::test_detect_grid_and_do_gridscan,setup,0.02,40.53
before,4,test_given_smargon_disabled_when_plan_run_then_waits_on_smargon[5],tests/unit_tests/experiment_plans/test_wait_for_robot_load_then_centre.py::test_given_smargon_disabled_when_plan_run_then_waits_on_smargon[5],call,0.02,40.53
before,4,test_total_counts_gets_within_target,tests/unit_tests/experiment_plans/test_optimise_attenuation_plan.py::test_total_counts_gets_within_target,call,0.02,40.53
before,4,test_when_plan_run_then_centring_plan_run_with_expected_parameters,tests/unit_tests/experiment_plans/test_wait_for_robot_load_then_centre.py::test_when_plan_run_then_centring_plan_run_with_expected_parameters,call,0.02,40.53
before,4,test_when_plan_run_with_requested_energy_specified_energy_change_executes,tests/unit_tests/experiment_plans/test_wait_for_robot_load_then_centre.py::test_when_plan_run_with_requested_energy_specified_energy_change_executes,setup,0.02,40.53
before,4,test_given_smargon_disabled_when_plan_run_then_waits_on_smargon[5],tests/unit_tests/experiment_plans/test_wait_for_robot_load_then_centre.py::test_given_smargon_disabled_when_plan_run_then_waits_on_smargon[5],setup,0.02,40.53
before,4,test_wait_for_robot_load_then_centre_doesnt_set_energy_if_not_specified,tests/unit_tests/experiment_plans/test_wait_for_robot_load_then_centre.py::test_wait_for_robot_load_then_centre_doesnt_set_energy_if_not_specified,setup,0.02,40.53
before,4,test_when_plan_run_then_centring_plan_run_with_expected_parameters,tests/unit_tests/experiment_plans/test_wait_for_robot_load_then_centre.py::test_when_plan_run_then_centring_plan_run_with_expected_parameters,setup,0.02,40.53
before,4,test_when_plan_run_then_detector_arm_started_before_wait_on_robot_load,tests/unit_tests/experiment_plans/test_wait_for_robot_load_then_centre.py::test_when_plan_run_then_detector_arm_started_before_wait_on_robot_load,setup,0.02,40.53
before,4,test_set_energy,tests/unit_tests/experiment_plans/test_set_energy_plan.py::test_set_energy,setup,0.02,40.53
before,4,test_given_smargon_disabled_when_plan_run_then_waits_on_smargon[3],tests/unit_tests/experiment_plans/test_wait_for_robot_load_then_centre.py::test_given_smargon_disabled_when_plan_run_then_waits_on_smargon[3],setup,0.02,40.53
before,4,test_given_smargon_disabled_for_longer_than_timeout_when_plan_run_then_throws_exception,tests/unit_tests/experiment_plans/test_wait_for_robot_load_then_centre.py::test_given_smargon_disabled_for_longer_than_timeout_when_plan_run_then_throws_exception,setup,0.02,40.53
before,4,test_given_smargon_disabled_when_plan_run_then_waits_on_smargon[14],tests/unit_tests/experiment_plans/test_wait_for_robot_load_then_centre.py::test_given_smargon_disabled_when_plan_run_then_waits_on_smargon[14],setup,0.02,40.53
before,4,test_values_for_move_so_that_beam_is_at_pixel[px_per_um3-beam_centre3-0-pixel_to_move_to3-expected_xyz3],tests/unit_tests/device_setup_plans/test_setup_oav.py::test_values_for_move_so_that_beam_is_at_pixel[px_per_um3-beam_centre3-0-pixel_to_move_to3-expected_xyz3],setup,0.02,40.53
before,4,test_values_for_move_so_that_beam_is_at_pixel[px_per_um0-beam_centre0-0-pixel_to_move_to0-expected_xyz0],tests/unit_tests/device_setup_plans/test_setup_oav.py::test_values_for_move_so_that_beam_is_at_pixel[px_per_um0-beam_centre0-0-pixel_to_move_to0-expected_xyz0],setup,0.02,40.53
before,4,test_values_for_move_so_that_beam_is_at_pixel[px_per_um5-beam_centre5-0-pixel_to_move_to5-expected_xyz5],tests/unit_tests/device_setup_plans/test_setup_oav.py::test_values_for_move_so_that_beam_is_at_pixel[px_per_um5-beam_centre5-0-pixel_to_move_to5-expected_xyz5],setup,0.02,40.53
before,4,test_values_for_move_so_that_beam_is_at_pixel[px_per_um1-beam_centre1--90-pixel_to_move_to1-expected_xyz1],tests/unit_tests/device_setup_plans/test_setup_oav.py::test_values_for_move_so_that_beam_is_at_pixel[px_per_um1-beam_centre1--90-pixel_to_move_to1-expected_xyz1],setup,0.02,40.53
before,4,test_values_for_move_so_that_beam_is_at_pixel[px_per_um6-beam_centre6--90-pixel_to_move_to6-expected_xyz6],tests/unit_tests/device_setup_plans/test_setup_oav.py::test_values_for_move_so_that_beam_is_at_pixel[px_per_um6-beam_centre6--90-pixel_to_move_to6-expected_xyz6],setup,0.02,40.53
before,4,test_optimisation_attenuation_plan_runs_correct_functions[deadtime],tests/unit_tests/experiment_plans/test_optimise_attenuation_plan.py::test_optimisation_attenuation_plan_runs_correct_functions[deadtime],call,0.01,40.53
before,4,test_when_plan_run_then_detector_arm_started_before_wait_on_robot_load,tests/unit_tests/experiment_plans/test_wait_for_robot_load_then_centre.py::test_when_plan_run_then_detector_arm_started_before_wait_on_robot_load,call,0.01,40.53
before,4,test_optimisation_attenuation_plan_runs_correct_functions[total_counts],tests/unit_tests/experiment_plans/test_optimise_attenuation_plan.py::test_optimisation_attenuation_plan_runs_correct_functions[total_counts],call,0.01,40.53
before,4,test_values_for_move_so_that_beam_is_at_pixel[px_per_um2-beam_centre2-90-pixel_to_move_to2-expected_xyz2],tests/unit_tests/device_setup_plans/test_setup_oav.py::test_values_for_move_so_that_beam_is_at_pixel[px_per_um2-beam_centre2-90-pixel_to_move_to2-expected_xyz2],setup,0.01,40.53
before,4,test_given_pin_tip_detect_using_ophyd_when_pin_tip_centre_plan_called_then_expected_plans_called,tests/unit_tests/experiment_plans/test_pin_tip_centring.py::test_given_pin_tip_detect_using_ophyd_when_pin_tip_centre_plan_called_then_expected_plans_called,call,0.01,40.53
before,4,test_zebra_arm_disarm,tests/unit_tests/device_setup_plans/test_zebra_setup.py::test_zebra_arm_disarm,call,0.01,40.53
before,4,test_when_pin_tip_centre_plan_called_then_expected_plans_called,tests/unit_tests/experiment_plans/test_pin_tip_centring.py::test_when_pin_tip_centre_plan_called_then_expected_plans_called,call,0.01,40.53
before,4,test_values_for_move_so_that_beam_is_at_pixel[px_per_um4-beam_centre4--90-pixel_to_move_to4-expected_xyz4],tests/unit_tests/device_setup_plans/test_setup_oav.py::test_values_for_move_so_that_beam_is_at_pixel[px_per_um4-beam_centre4--90-pixel_to_move_to4-expected_xyz4],setup,0.01,40.53
before,4,test_adjust_dcm_pitch_roll_vfm_from_lut,tests/unit_tests/device_setup_plans/test_dcm_pitch_roll_mirror_adjuster.py::test_adjust_dcm_pitch_roll_vfm_from_lut,setup,0.01,40.53
before,4,test_values_for_move_so_that_beam_is_at_pixel[px_per_um3-beam_centre3-0-pixel_to_move_to3-expected_xyz3],tests/unit_tests/device_setup_plans/test_setup_oav.py::test_values_for_move_so_that_beam_is_at_pixel[px_per_um3-beam_centre3-0-pixel_to_move_to3-expected_xyz3],call,0.01,40.53
before,4,test_execution_of_do_fgs_triggers_zocalo_calls,tests/unit_tests/external_interaction/callbacks/test_zocalo_handler.py::TestZocaloHandler::test_execution_of_do_fgs_triggers_zocalo_calls,call,0.01,40.53
before,4,test_when_set_up_oav_with_different_zoom_levels_then_flat_field_applied_correctly[7.0-CAM],tests/unit_tests/device_setup_plans/test_setup_oav.py::test_when_set_up_oav_with_different_zoom_levels_then_flat_field_applied_correctly[7.0-CAM],setup,0.01,40.53
before,4,test_values_for_move_so_that_beam_is_at_pixel[px_per_um2-beam_centre2-90-pixel_to_move_to2-expected_xyz2],tests/unit_tests/device_setup_plans/test_setup_oav.py::test_values_for_move_so_that_beam_is_at_pixel[px_per_um2-beam_centre2-90-pixel_to_move_to2-expected_xyz2],call,0.01,40.53
before,4,test_pin_tip_starting_near_positive_edge_doesnt_exceed_limit,tests/unit_tests/experiment_plans/test_pin_tip_centring.py::test_pin_tip_starting_near_positive_edge_doesnt_exceed_limit,setup,0.01,40.53
before,4,test_given_started_when_stopped_and_started_again_then_runs,tests/unit_tests/hyperion/test_main_system.py::test_given_started_when_stopped_and_started_again_then_runs,call,0.01,40.53
before,4,test_when_set_up_oav_then_only_waits_on_oav_to_finish,tests/unit_tests/device_setup_plans/test_setup_oav.py::test_when_set_up_oav_then_only_waits_on_oav_to_finish,setup,0.01,40.53
before,4,test_values_for_move_so_that_beam_is_at_pixel[px_per_um1-beam_centre1--90-pixel_to_move_to1-expected_xyz1],tests/unit_tests/device_setup_plans/test_setup_oav.py::test_values_for_move_so_that_beam_is_at_pixel[px_per_um1-beam_centre1--90-pixel_to_move_to1-expected_xyz1],call,0.01,40.53
before,4,test_values_for_move_so_that_beam_is_at_pixel[px_per_um5-beam_centre5-0-pixel_to_move_to5-expected_xyz5],tests/unit_tests/device_setup_plans/test_setup_oav.py::test_values_for_move_so_that_beam_is_at_pixel[px_per_um5-beam_centre5-0-pixel_to_move_to5-expected_xyz5],call,0.01,40.53
before,4,test_adjust_mirror_stripe[7.001-Rhodium-124--46],tests/unit_tests/device_setup_plans/test_dcm_pitch_roll_mirror_adjuster.py::test_adjust_mirror_stripe[7.001-Rhodium-124--46],setup,0.01,40.53
before,4,test_values_for_move_so_that_beam_is_at_pixel[px_per_um4-beam_centre4--90-pixel_to_move_to4-expected_xyz4],tests/unit_tests/device_setup_plans/test_setup_oav.py::test_values_for_move_so_that_beam_is_at_pixel[px_per_um4-beam_centre4--90-pixel_to_move_to4-expected_xyz4],call,0.01,40.53
before,4,test_when_set_up_oav_with_different_zoom_levels_then_flat_field_applied_correctly[1.0-proc],tests/unit_tests/device_setup_plans/test_setup_oav.py::test_when_set_up_oav_with_different_zoom_levels_then_flat_field_applied_correctly[1.0-proc],setup,0.01,40.53
before,4,test_given_the_pin_tip_is_already_in_view_when_get_tip_into_view_then_tip_returned_and_smargon_not_moved,tests/unit_tests/experiment_plans/test_pin_tip_centring.py::test_given_the_pin_tip_is_already_in_view_when_get_tip_into_view_then_tip_returned_and_smargon_not_moved,setup,0.01,40.53
before,4,test_pin_tip_starting_near_negative_edge_doesnt_exceed_limit,tests/unit_tests/experiment_plans/test_pin_tip_centring.py::test_pin_tip_starting_near_negative_edge_doesnt_exceed_limit,setup,0.01,40.53
before,4,test_values_for_move_so_that_beam_is_at_pixel[px_per_um0-beam_centre0-0-pixel_to_move_to0-expected_xyz0],tests/unit_tests/device_setup_plans/test_setup_oav.py::test_values_for_move_so_that_beam_is_at_pixel[px_per_um0-beam_centre0-0-pixel_to_move_to0-expected_xyz0],call,0.01,40.53
before,4,test_given_tip_found_when_wait_for_tip_to_be_found_called_then_tip_immediately_returned,tests/unit_tests/device_setup_plans/test_setup_oav.py::test_given_tip_found_when_wait_for_tip_to_be_found_called_then_tip_immediately_returned,call,0.01,40.53
before,4,test_setup_panda_performs_correct_plans,tests/unit_tests/device_setup_plans/test_setup_panda.py::test_setup_panda_performs_correct_plans,call,0.01,40.53
before,4,test_sending_start_twice_fails,tests/unit_tests/hyperion/test_main_system.py::test_sending_start_twice_fails,call,0.01,40.53
before,4,test_given_no_tip_found_but_will_be_found_when_get_tip_into_view_then_smargon_moved_positive_and_tip_returned,tests/unit_tests/experiment_plans/test_pin_tip_centring.py::test_given_no_tip_found_but_will_be_found_when_get_tip_into_view_then_smargon_moved_positive_and_tip_returned,setup,0.01,40.53
before,4,test_given_tip_at_zero_but_will_be_found_when_get_tip_into_view_then_smargon_moved_negative_and_tip_returned,tests/unit_tests/experiment_plans/test_pin_tip_centring.py::test_given_tip_at_zero_but_will_be_found_when_get_tip_into_view_then_smargon_moved_negative_and_tip_returned,setup,0.01,40.53
before,4,test_values_for_move_so_that_beam_is_at_pixel[px_per_um6-beam_centre6--90-pixel_to_move_to6-expected_xyz6],tests/unit_tests/device_setup_plans/test_setup_oav.py::test_values_for_move_so_that_beam_is_at_pixel[px_per_um6-beam_centre6--90-pixel_to_move_to6-expected_xyz6],call,0.01,40.53
before,4,test_store_rotation_scan_uses_supplied_dcgid[2],tests/unit_tests/external_interaction/ispyb/test_rotation_ispyb_store.py::test_store_rotation_scan_uses_supplied_dcgid[2],call,0.01,40.53
before,4,test_given_detector_bit_depth_changes_then_vds_datatype_as_expected[100-uint16],tests/unit_tests/external_interaction/test_write_rotation_nexus.py::test_given_detector_bit_depth_changes_then_vds_datatype_as_expected[100-uint16],setup,0.01,40.53
before,4,test_rotation_scan_nexus_output_compared_to_existing_file,tests/unit_tests/external_interaction/test_write_rotation_nexus.py::test_rotation_scan_nexus_output_compared_to_existing_file,setup,0.01,40.53
before,4,test_when_pin_tip_centre_plan_called_then_expected_plans_called,tests/unit_tests/experiment_plans/test_pin_tip_centring.py::test_when_pin_tip_centre_plan_called_then_expected_plans_called,setup,0.01,40.53
before,4,test_given_pin_tip_detect_using_ophyd_when_pin_tip_centre_plan_called_then_expected_plans_called,tests/unit_tests/experiment_plans/test_pin_tip_centring.py::test_given_pin_tip_detect_using_ophyd_when_pin_tip_centre_plan_called_then_expected_plans_called,setup,0.01,40.53
before,4,test_given_the_pin_tip_is_already_in_view_when_get_tip_into_view_then_tip_returned_and_smargon_not_moved,tests/unit_tests/experiment_plans/test_pin_tip_centring.py::test_given_the_pin_tip_is_already_in_view_when_get_tip_into_view_then_tip_returned_and_smargon_not_moved,call,0.01,40.53
before,4,test_given_detector_bit_depth_changes_then_vds_datatype_as_expected[8-uint8],tests/unit_tests/external_interaction/test_write_rotation_nexus.py::test_given_detector_bit_depth_changes_then_vds_datatype_as_expected[8-uint8],setup,0.01,40.53
before,4,test_given_no_tip_found_ever_when_get_tip_into_view_then_smargon_moved_positive_and_exception_thrown,tests/unit_tests/experiment_plans/test_pin_tip_centring.py::test_given_no_tip_found_ever_when_get_tip_into_view_then_smargon_moved_positive_and_exception_thrown,setup,0.01,40.53
before,4,test_deactivates_after_closing,tests/unit_tests/external_interaction/callbacks/test_plan_reactive_callback.py::test_deactivates_after_closing,call,0.01,40.53
before,4,test_given_detector_bit_depth_changes_then_vds_datatype_as_expected[32-uint32],tests/unit_tests/external_interaction/test_write_rotation_nexus.py::test_given_detector_bit_depth_changes_then_vds_datatype_as_expected[32-uint32],setup,0.01,40.53
before,4,test_given_moving_out_of_range_when_move_with_warn_called_then_warning_exception,tests/unit_tests/experiment_plans/test_pin_tip_centring.py::test_given_moving_out_of_range_when_move_with_warn_called_then_warning_exception,setup,0.01,40.53
before,4,test_when_topup_before_end_of_collection_wait,tests/unit_tests/device_setup_plans/test_topup_plan.py::test_when_topup_before_end_of_collection_wait,call,0.01,40.53
before,4,test_adjust_dcm_pitch_roll_vfm_from_lut,tests/unit_tests/device_setup_plans/test_dcm_pitch_roll_mirror_adjuster.py::test_adjust_dcm_pitch_roll_vfm_from_lut,call,0.01,40.53
before,4,test_given_detector_bit_depth_changes_then_vds_datatype_as_expected[16-uint16],tests/unit_tests/external_interaction/test_write_rotation_nexus.py::test_given_detector_bit_depth_changes_then_vds_datatype_as_expected[16-uint16],setup,0.01,40.53
before,4,test_no_waiting_when_mode_does_not_allow_gating,tests/unit_tests/device_setup_plans/test_topup_plan.py::test_no_waiting_when_mode_does_not_allow_gating,call,0.01,40.53
before,4,test_store_rotation_scan_uses_supplied_dcgid[61],tests/unit_tests/external_interaction/ispyb/test_rotation_ispyb_store.py::test_store_rotation_scan_uses_supplied_dcgid[61],call,0.01,40.53
before,4,test_trigger_and_return_pin_tip_works_for_ophyd_pin_tip_detection,tests/unit_tests/experiment_plans/test_pin_tip_centring.py::test_trigger_and_return_pin_tip_works_for_ophyd_pin_tip_detection,call,0.01,40.53
before,4,test_store_rotation_scan_uses_supplied_dcgid[45],tests/unit_tests/external_interaction/ispyb/test_rotation_ispyb_store.py::test_store_rotation_scan_uses_supplied_dcgid[45],call,0.01,40.53
before,4,test_activity_gated_start,tests/unit_tests/external_interaction/callbacks/rotation/test_ispyb_callback.py::test_activity_gated_start,setup,0.01,40.53
before,4,test_store_rotation_scan_uses_supplied_dcgid[25],tests/unit_tests/external_interaction/ispyb/test_rotation_ispyb_store.py::test_store_rotation_scan_uses_supplied_dcgid[25],call,0.01,40.53
before,4,test_store_rotation_scan_uses_supplied_dcgid[88],tests/unit_tests/external_interaction/ispyb/test_rotation_ispyb_store.py::test_store_rotation_scan_uses_supplied_dcgid[88],call,0.01,40.53
before,4,test_store_rotation_scan_uses_supplied_dcgid[13],tests/unit_tests/external_interaction/ispyb/test_rotation_ispyb_store.py::test_store_rotation_scan_uses_supplied_dcgid[13],call,0.01,40.53
before,4,test_end_deposition_happy_path,tests/unit_tests/external_interaction/ispyb/test_rotation_ispyb_store.py::test_end_deposition_happy_path,setup,0.01,40.53
before,4,test_end_deposition_happy_path,tests/unit_tests/external_interaction/ispyb/test_gridscan_ispyb_store_2d.py::test_end_deposition_happy_path,setup,0.01,40.53
before,4,test_apply_and_wait_for_voltages_to_settle_happy_path,tests/unit_tests/device_setup_plans/test_dcm_pitch_roll_mirror_adjuster.py::test_apply_and_wait_for_voltages_to_settle_happy_path,setup,0.01,40.53
before,4,test_no_waiting_if_decay_mode,tests/unit_tests/device_setup_plans/test_topup_plan.py::test_no_waiting_if_decay_mode,call,0.01,40.53
before,4,test_update_deposition_with_group_id_updates,tests/unit_tests/external_interaction/ispyb/test_rotation_ispyb_store.py::test_update_deposition_with_group_id_updates,setup,0.01,40.53
before,4,test_activity_gated_event,tests/unit_tests/external_interaction/callbacks/rotation/test_ispyb_callback.py::test_activity_gated_event,call,0.01,40.53
before,4,test_adjust_mirror_stripe[6.999-Bare-140-15],tests/unit_tests/device_setup_plans/test_dcm_pitch_roll_mirror_adjuster.py::test_adjust_mirror_stripe[6.999-Bare-140-15],setup,0.01,40.53
before,4,test_zebra_set_up_for_gridscan,tests/unit_tests/device_setup_plans/test_zebra_setup.py::test_zebra_set_up_for_gridscan,call,0.01,40.53
before,4,test_results_passed_to_move_motors,tests/unit_tests/experiment_plans/test_flyscan_xray_centre_plan.py::TestFlyscanXrayCentrePlan::test_results_passed_to_move_motors,call,0.01,40.53
before,4,test_when_all_tries_fail_then_bluesky_retry_throws_error,tests/unit_tests/device_setup_plans/test_zebra_setup.py::test_when_all_tries_fail_then_bluesky_retry_throws_error,call,0.01,40.53
before,4,test_param_keys,tests/unit_tests/external_interaction/ispyb/test_gridscan_ispyb_store_2d.py::test_param_keys,setup,0.01,40.53
before,4,test_given_started_when_stopped_then_success_and_idle_status,tests/unit_tests/hyperion/test_main_system.py::test_given_started_when_stopped_then_success_and_idle_status,call,0.01,40.53
before,4,test_begin_deposition_with_alternate_experiment_type,tests/unit_tests/external_interaction/ispyb/test_rotation_ispyb_store.py::test_begin_deposition_with_alternate_experiment_type,setup,0.01,40.53
before,4,test_given_ispyb_callback_finished_writing_to_ispyb_when_messages_logged_then_they_do_not_contain_dcgid,tests/unit_tests/external_interaction/callbacks/xray_centre/test_ispyb_handler.py::TestXrayCentreIspybHandler::test_given_ispyb_callback_finished_writing_to_ispyb_when_messages_logged_then_they_do_not_contain_dcgid,call,0.01,40.53
before,4,test_update_deposition,tests/unit_tests/external_interaction/ispyb/test_rotation_ispyb_store.py::test_update_deposition,setup,0.01,40.53
before,4,test_activates_on_metadata,tests/unit_tests/external_interaction/callbacks/test_plan_reactive_callback.py::test_activates_on_metadata,call,0.01,40.53
before,4,test_GIVEN_scan_already_valid_THEN_wait_for_GRIDSCAN_returns_immediately,tests/unit_tests/experiment_plans/test_flyscan_xray_centre_plan.py::TestFlyscanXrayCentrePlan::test_GIVEN_scan_already_valid_THEN_wait_for_GRIDSCAN_returns_immediately,call,0.01,40.53
before,4,test_wait_for_topup_complete,tests/unit_tests/device_setup_plans/test_topup_plan.py::test_wait_for_topup_complete,call,0.01,40.53
before,4,test_end_deposition_happy_path,tests/unit_tests/external_interaction/ispyb/test_gridscan_ispyb_store_3d.py::test_end_deposition_happy_path,setup,0.01,40.53
before,4,test_activity_gated_event,tests/unit_tests/external_interaction/callbacks/rotation/test_ispyb_callback.py::test_activity_gated_event,setup,0.01,40.53
before,4,test_begin_deposition_with_group_id_doesnt_insert,tests/unit_tests/external_interaction/ispyb/test_rotation_ispyb_store.py::test_begin_deposition_with_group_id_doesnt_insert,setup,0.01,40.53
before,4,test_begin_deposition,tests/unit_tests/external_interaction/ispyb/test_rotation_ispyb_store.py::test_begin_deposition,setup,0.01,40.53
before,4,test_ispyb_deposition_comment_correct,tests/unit_tests/external_interaction/ispyb/test_gridscan_ispyb_store_2d.py::test_ispyb_deposition_comment_correct,setup,0.01,40.53
before,4,test_activity_gated_stop,tests/unit_tests/external_interaction/callbacks/rotation/test_ispyb_callback.py::test_activity_gated_stop,setup,0.01,40.53
before,4,test_zebra_arm_disarm,tests/unit_tests/device_setup_plans/test_zebra_setup.py::test_zebra_arm_disarm,setup,0.01,40.53
before,4,test_apply_and_wait_for_voltages_to_settle_timeout,tests/unit_tests/device_setup_plans/test_dcm_pitch_roll_mirror_adjuster.py::test_apply_and_wait_for_voltages_to_settle_timeout,setup,0.01,40.53
before,4,test_ispyb_deposition_comment_for_3D_correct,tests/unit_tests/external_interaction/ispyb/test_gridscan_ispyb_store_3d.py::test_ispyb_deposition_comment_for_3D_correct,setup,0.01,40.53
before,4,test_update_deposition,tests/unit_tests/external_interaction/ispyb/test_gridscan_ispyb_store_3d.py::test_update_deposition,setup,0.01,40.53
before,4,test_given_ispyb_callback_started_writing_to_ispyb_when_messages_logged_then_they_contain_dcgid,tests/unit_tests/external_interaction/callbacks/xray_centre/test_ispyb_handler.py::TestXrayCentreIspybHandler::test_given_ispyb_callback_started_writing_to_ispyb_when_messages_logged_then_they_contain_dcgid,call,0.01,40.53
before,4,test_begin_deposition,tests/unit_tests/external_interaction/ispyb/test_gridscan_ispyb_store_2d.py::test_begin_deposition,setup,0.01,40.53
before,4,test_store_rotation_scan_failures,tests/unit_tests/external_interaction/ispyb/test_rotation_ispyb_store.py::test_store_rotation_scan_failures,setup,0.01,40.53
before,4,test_store_3d_grid_scan,tests/unit_tests/external_interaction/ispyb/test_gridscan_ispyb_store_3d.py::test_store_3d_grid_scan,setup,0.01,40.53
before,4,test_no_exception_during_run_results_in_good_run_status,tests/unit_tests/external_interaction/ispyb/test_gridscan_ispyb_store_2d.py::test_no_exception_during_run_results_in_good_run_status,setup,0.01,40.53
before,4,test_deadtime_optimisation_calculates_deadtime_correctly,tests/unit_tests/experiment_plans/test_optimise_attenuation_plan.py::test_deadtime_optimisation_calculates_deadtime_correctly,call,0.01,40.53
before,4,test_update_deposition,tests/unit_tests/external_interaction/ispyb/test_gridscan_ispyb_store_2d.py::test_update_deposition,setup,0.01,40.53
before,4,test_getting_status_return_idle,tests/unit_tests/hyperion/test_main_system.py::test_getting_status_return_idle,call,0.01,40.53
before,4,test_doesnt_activate_on_wrong_metadata,tests/unit_tests/external_interaction/callbacks/test_plan_reactive_callback.py::test_doesnt_activate_on_wrong_metadata,call,0.01,40.53
before,4,test_begin_deposition,tests/unit_tests/external_interaction/ispyb/test_gridscan_ispyb_store_3d.py::test_begin_deposition,setup,0.01,40.53
before,4,test_activity_gated_stop,tests/unit_tests/external_interaction/callbacks/rotation/test_ispyb_callback.py::test_activity_gated_stop,call,0.01,40.53
before,4,test_fail_result_run_results_in_bad_run_status,tests/unit_tests/external_interaction/ispyb/test_gridscan_ispyb_store_2d.py::test_fail_result_run_results_in_bad_run_status,setup,0.01,40.53
before,4,test_when_first_try_fails_then_bluesky_retry_tries_again,tests/unit_tests/device_setup_plans/test_zebra_setup.py::test_when_first_try_fails_then_bluesky_retry_tries_again,call,0.01,40.53
before,4,test_setup_logging,tests/unit_tests/external_interaction/callbacks/test_external_callbacks.py::test_setup_logging,setup,0.01,40.53
before,4,test_internal_params_eq,tests/unit_tests/parameters/test_internal_parameters.py::test_internal_params_eq,call,0.01,40.53
before,4,test_plan_with_no_params_fails,tests/unit_tests/hyperion/test_main_system.py::test_plan_with_no_params_fails,setup,0.01,40.53
before,4,test_param_fields_match_components_they_should_use,tests/unit_tests/parameters/test_internal_parameters.py::test_param_fields_match_components_they_should_use,setup,0.01,40.53
before,4,test_nexus_handler_gets_documents_in_mock_plan,tests/unit_tests/external_interaction/callbacks/test_rotation_callbacks.py::test_nexus_handler_gets_documents_in_mock_plan,setup,0.01,40.53
before,4,test_getting_status_after_start_sent_returns_busy,tests/unit_tests/hyperion/test_main_system.py::test_getting_status_after_start_sent_returns_busy,call,0.01,40.53
before,4,test_activity_gated_start,tests/unit_tests/external_interaction/callbacks/rotation/test_ispyb_callback.py::test_activity_gated_start,call,0.01,40.53
before,4,test_subscribe_in_plan,tests/unit_tests/external_interaction/callbacks/xray_centre/test_xraycentre_callback_collection.py::test_subscribe_in_plan,call,0.01,40.53
before,4,test_arm_devices_runs_correct_functions,tests/unit_tests/experiment_plans/test_optimise_attenuation_plan.py::test_arm_devices_runs_correct_functions,call,0.01,40.53
before,4,test_when_plan_run_with_requested_energy_specified_energy_change_executes,tests/unit_tests/experiment_plans/test_wait_for_robot_load_then_centre.py::test_when_plan_run_with_requested_energy_specified_energy_change_executes,call,0.01,40.53
before,4,test_start_with_json_file_gives_success,tests/unit_tests/hyperion/test_main_system.py::test_start_with_json_file_gives_success,call,0.01,40.53
before,4,test_writers_do_create_one_file_each_on_start_doc_for_run_gridscan,tests/unit_tests/external_interaction/callbacks/xray_centre/test_nexus_handler.py::test_writers_do_create_one_file_each_on_start_doc_for_run_gridscan,call,0.01,40.53
before,4,test_when_pin_centre_xray_centre_called_then_plan_runs_correctly,tests/unit_tests/experiment_plans/test_pin_centre_then_xray_centre_plan.py::test_when_pin_centre_xray_centre_called_then_plan_runs_correctly,call,0.01,40.53
before,4,test_given_shutter_open_fails_then_eiger_disarmed_and_correct_exception_returned,tests/unit_tests/device_setup_plans/test_utils.py::test_given_shutter_open_fails_then_eiger_disarmed_and_correct_exception_returned,setup,0.01,40.53
before,4,test_messages_are_tagged_with_run_uid,tests/unit_tests/hyperion/test_log/test_log.py::test_messages_are_tagged_with_run_uid,call,0.01,40.53
before,4,test_activity_gated_start_3d,tests/unit_tests/external_interaction/callbacks/xray_centre/test_ispyb_callback.py::test_activity_gated_start_3d,call,0.01,40.53
before,4,test_getting_status_return_idle,tests/unit_tests/hyperion/test_main_system.py::test_getting_status_return_idle,setup,0.01,40.53
before,4,test_start_with_json_file_gives_success,tests/unit_tests/hyperion/test_main_system.py::test_start_with_json_file_gives_success,setup,0.01,40.53
before,4,test_zebra_cleanup,tests/unit_tests/device_setup_plans/test_zebra_setup.py::test_zebra_cleanup,call,0.01,40.53
before,4,test_start_gives_success,tests/unit_tests/hyperion/test_main_system.py::test_start_gives_success,call,0.01,40.53
before,4,test_given_started_when_stopped_then_success_and_idle_status,tests/unit_tests/hyperion/test_main_system.py::test_given_started_when_stopped_then_success_and_idle_status,setup,0.01,40.53
before,4,test_given_dummy_data_then_datafile_written_correctly[1044],tests/unit_tests/external_interaction/nexus/test_write_nexus.py::test_given_dummy_data_then_datafile_written_correctly[1044],setup,0.01,40.53
before,4,test_wait_for_robot_load_then_centre_doesnt_set_energy_if_not_specified,tests/unit_tests/experiment_plans/test_wait_for_robot_load_then_centre.py::test_wait_for_robot_load_then_centre_doesnt_set_energy_if_not_specified,call,0.01,40.53
before,4,test_given_detector_move_fails_then_eiger_disarmed_and_correct_exception_returned,tests/unit_tests/device_setup_plans/test_utils.py::test_given_detector_move_fails_then_eiger_disarmed_and_correct_exception_returned,setup,0.01,40.53
before,4,test_when_started_n_returnstatus_interrupted_bc_RE_aborted_thn_error_reptd,tests/unit_tests/hyperion/test_main_system.py::test_when_started_n_returnstatus_interrupted_bc_RE_aborted_thn_error_reptd,setup,0.01,40.53
before,4,test_start_gives_success,tests/unit_tests/hyperion/test_main_system.py::test_start_gives_success,setup,0.01,40.53
before,4,test_disarm_panda_disables_correct_blocks,tests/unit_tests/device_setup_plans/test_setup_panda.py::test_disarm_panda_disables_correct_blocks,call,0.01,40.53
before,4,test_end_deposition_happy_path,tests/unit_tests/external_interaction/ispyb/test_gridscan_ispyb_store_3d.py::test_end_deposition_happy_path,call,0.01,40.53
before,4,test_set_energy,tests/unit_tests/experiment_plans/test_set_energy_plan.py::test_set_energy,call,0.01,40.53
before,4,test_ispyb_handler_stores_sampleid_for_full_collection_not_screening[500-True],tests/unit_tests/external_interaction/callbacks/test_rotation_callbacks.py::test_ispyb_handler_stores_sampleid_for_full_collection_not_screening[500-True],call,0.01,40.53
before,4,test_given_fgs_plan_finished_when_zocalo_results_event_then_expected_comment_deposited,tests/unit_tests/external_interaction/callbacks/xray_centre/test_ispyb_handler.py::TestXrayCentreIspybHandler::test_given_fgs_plan_finished_when_zocalo_results_event_then_expected_comment_deposited,call,0.01,40.53
before,4,test_main_function,tests/unit_tests/external_interaction/callbacks/test_external_callbacks.py::test_main_function,call,0.01,40.53
before,4,test_given_ispyb_callback_started_writing_to_ispyb_when_messages_logged_then_they_contain_dcgid,tests/unit_tests/external_interaction/callbacks/xray_centre/test_ispyb_handler.py::TestXrayCentreIspybHandler::test_given_ispyb_callback_started_writing_to_ispyb_when_messages_logged_then_they_contain_dcgid,setup,0.01,40.53
before,4,test_new_parameters_is_a_new_object,tests/unit_tests/parameters/test_external_parameters.py::test_new_parameters_is_a_new_object,call,0.01,40.53
before,4,test_fgs_raising_no_exception_results_in_good_run_status_in_ispyb,tests/unit_tests/external_interaction/callbacks/xray_centre/test_ispyb_handler.py::TestXrayCentreIspybHandler::test_fgs_raising_no_exception_results_in_good_run_status_in_ispyb,call,0.01,40.53
before,4,test_ispyb_handler_stores_sampleid_for_full_collection_not_screening[1800-True0],tests/unit_tests/external_interaction/callbacks/test_rotation_callbacks.py::test_ispyb_handler_stores_sampleid_for_full_collection_not_screening[1800-True0],call,0.01,40.53
before,4,test_fgs_failing_results_in_bad_run_status_in_ispyb,tests/unit_tests/external_interaction/callbacks/xray_centre/test_ispyb_handler.py::TestXrayCentreIspybHandler::test_fgs_failing_results_in_bad_run_status_in_ispyb,call,0.01,40.53
before,4,test_activity_gated_start_2d,tests/unit_tests/external_interaction/callbacks/xray_centre/test_ispyb_callback.py::test_activity_gated_start_2d,call,0.01,40.53
before,4,test_log_on_invalid_json_params,tests/unit_tests/hyperion/test_main_system.py::test_log_on_invalid_json_params,setup,0.01,40.53
before,4,test_tidy_up_plans_disable_panda_and_zebra,tests/unit_tests/experiment_plans/test_panda_flyscan_xray_centre_plan.py::test_tidy_up_plans_disable_panda_and_zebra,call,0.01,40.53
before,4,test_given_plan_raises_when_exception_raised_then_eiger_disarmed_and_correct_exception_returned,tests/unit_tests/device_setup_plans/test_utils.py::test_given_plan_raises_when_exception_raised_then_eiger_disarmed_and_correct_exception_returned,setup,0.01,40.53
before,4,test_writers_dont_create_on_init_but_do_on_ispyb_event,tests/unit_tests/external_interaction/callbacks/xray_centre/test_nexus_handler.py::test_writers_dont_create_on_init_but_do_on_ispyb_event,call,0.01,40.53
before,5,test_when_grid_scan_fails_then_detector_disarmed_and_correct_exception_returned,tests/unit_tests/experiment_plans/test_flyscan_xray_centre_plan.py::TestFlyscanXrayCentrePlan::test_when_grid_scan_fails_then_detector_disarmed_and_correct_exception_returned,call,1.99,41.42
before,5,test_when_grid_scan_fails_then_detector_disarmed_and_correct_exception_returned,tests/unit_tests/experiment_plans/test_panda_flyscan_xray_centre_plan.py::TestFlyscanXrayCentrePlan::test_when_grid_scan_fails_then_detector_disarmed_and_correct_exception_returned,call,1.52,41.42
before,5,test_given_no_tip_found_ever_when_get_tip_into_view_then_smargon_moved_positive_and_exception_thrown,tests/unit_tests/experiment_plans/test_pin_tip_centring.py::test_given_no_tip_found_ever_when_get_tip_into_view_then_smargon_moved_positive_and_exception_thrown,call,1.34,41.42
before,5,test_when_run_gridscan_called_ispyb_deposition_made_and_records_errors,tests/unit_tests/experiment_plans/test_flyscan_xray_centre_plan.py::TestFlyscanXrayCentrePlan::test_when_run_gridscan_called_ispyb_deposition_made_and_records_errors,call,1.07,41.42
before,5,test_ispyb_reuses_dcgid_on_same_sampleID[ispyb_ids5],tests/unit_tests/external_interaction/callbacks/test_rotation_callbacks.py::test_ispyb_reuses_dcgid_on_same_sampleID[ispyb_ids5],call,0.92,41.42
before,5,test_GIVEN_scan_not_valid_THEN_wait_for_GRIDSCAN_raises_and_sleeps_called,tests/unit_tests/experiment_plans/test_flyscan_xray_centre_plan.py::TestFlyscanXrayCentrePlan::test_GIVEN_scan_not_valid_THEN_wait_for_GRIDSCAN_raises_and_sleeps_called,call,0.91,41.42
before,5,test_given_gridscan_fails_to_centre_then_stub_offsets_not_set,tests/unit_tests/experiment_plans/test_flyscan_xray_centre_plan.py::TestFlyscanXrayCentrePlan::test_given_gridscan_fails_to_centre_then_stub_offsets_not_set,call,0.9,41.42
before,5,test_if_smargon_speed_over_limit_then_log_error,tests/unit_tests/experiment_plans/test_panda_flyscan_xray_centre_plan.py::test_if_smargon_speed_over_limit_then_log_error,call,0.78,41.42
before,5,test_total_count_calc_new_transmission_raises_error_on_low_ransmission,tests/unit_tests/experiment_plans/test_optimise_attenuation_plan.py::test_total_count_calc_new_transmission_raises_error_on_low_ransmission,call,0.67,41.42
before,5,test_total_count_exception_raised_after_max_cycles_reached,tests/unit_tests/experiment_plans/test_optimise_attenuation_plan.py::test_total_count_exception_raised_after_max_cycles_reached,call,0.66,41.42
before,5,test_cleanup_happens,tests/unit_tests/experiment_plans/test_rotation_scan_plan.py::test_cleanup_happens,call,0.65,41.42
before,5,test_given_moving_out_of_range_when_move_with_warn_called_then_warning_exception,tests/unit_tests/experiment_plans/test_pin_tip_centring.py::test_given_moving_out_of_range_when_move_with_warn_called_then_warning_exception,call,0.64,41.42
before,5,test_given_when_grid_detect_then_upper_left_and_start_position_as_expected,tests/unit_tests/experiment_plans/test_grid_detection_plan.py::test_given_when_grid_detect_then_upper_left_and_start_position_as_expected,call,0.63,41.42
before,5,test_zocalo_start_and_end_not_triggered_if_ispyb_ids_not_present,tests/unit_tests/external_interaction/callbacks/test_rotation_callbacks.py::test_zocalo_start_and_end_not_triggered_if_ispyb_ids_not_present,call,0.62,41.42
before,5,test_when_run_gridscan_called_ispyb_deposition_made_and_records_errors,tests/unit_tests/experiment_plans/test_flyscan_xray_centre_plan.py::TestFlyscanXrayCentrePlan::test_when_run_gridscan_called_ispyb_deposition_made_and_records_errors,setup,0.6,41.42
before,5,test_given_smargon_disabled_for_longer_than_timeout_when_plan_run_then_throws_exception,tests/unit_tests/experiment_plans/test_wait_for_robot_load_then_centre.py::test_given_smargon_disabled_for_longer_than_timeout_when_plan_run_then_throws_exception,call,0.56,41.42
before,5,test_given_no_tip_when_wait_for_tip_to_be_found_called_then_exception_thrown,tests/unit_tests/device_setup_plans/test_setup_oav.py::test_given_no_tip_when_wait_for_tip_to_be_found_called_then_exception_thrown,call,0.53,41.42
before,5,test_ispyb_reuses_dcgid_on_same_sampleID[ispyb_ids1],tests/unit_tests/external_interaction/callbacks/test_rotation_callbacks.py::test_ispyb_reuses_dcgid_on_same_sampleID[ispyb_ids1],call,0.52,41.42
before,5,test_given_gridscan_fails_to_centre_then_stub_offsets_not_set,tests/unit_tests/experiment_plans/test_panda_flyscan_xray_centre_plan.py::TestFlyscanXrayCentrePlan::test_given_gridscan_fails_to_centre_then_stub_offsets_not_set,call,0.49,41.42
before,5,test_GIVEN_scan_not_valid_THEN_wait_for_GRIDSCAN_raises_and_sleeps_called,tests/unit_tests/experiment_plans/test_panda_flyscan_xray_centre_plan.py::TestFlyscanXrayCentrePlan::test_GIVEN_scan_not_valid_THEN_wait_for_GRIDSCAN_raises_and_sleeps_called,call,0.48,41.42
before,5,test_nexus_handler_triggers_write_file_when_told,tests/unit_tests/external_interaction/callbacks/test_rotation_callbacks.py::test_nexus_handler_triggers_write_file_when_told,call,0.48,41.42
before,5,test_ispyb_reuses_dcgid_on_same_sampleID[ispyb_ids3],tests/unit_tests/external_interaction/callbacks/test_rotation_callbacks.py::test_ispyb_reuses_dcgid_on_same_sampleID[ispyb_ids3],call,0.46,41.42
before,5,test_ispyb_reuses_dcgid_on_same_sampleID[ispyb_ids2],tests/unit_tests/external_interaction/callbacks/test_rotation_callbacks.py::test_ispyb_reuses_dcgid_on_same_sampleID[ispyb_ids2],call,0.45,41.42
before,5,test_ispyb_reuses_dcgid_on_same_sampleID[ispyb_ids7],tests/unit_tests/external_interaction/callbacks/test_rotation_callbacks.py::test_ispyb_reuses_dcgid_on_same_sampleID[ispyb_ids7],call,0.45,41.42
before,5,test_results_adjusted_and_passed_to_move_xyz,tests/unit_tests/experiment_plans/test_panda_flyscan_xray_centre_plan.py::TestFlyscanXrayCentrePlan::test_results_adjusted_and_passed_to_move_xyz,call,0.45,41.42
before,5,test_ispyb_reuses_dcgid_on_same_sampleID[ispyb_ids6],tests/unit_tests/external_interaction/callbacks/test_rotation_callbacks.py::test_ispyb_reuses_dcgid_on_same_sampleID[ispyb_ids6],call,0.45,41.42
before,5,test_ispyb_reuses_dcgid_on_same_sampleID[ispyb_ids0],tests/unit_tests/external_interaction/callbacks/test_rotation_callbacks.py::test_ispyb_reuses_dcgid_on_same_sampleID[ispyb_ids0],call,0.44,41.42
before,5,test_given_detector_bit_depth_changes_then_vds_datatype_as_expected[8-uint8],tests/unit_tests/external_interaction/test_write_rotation_nexus.py::test_given_detector_bit_depth_changes_then_vds_datatype_as_expected[8-uint8],call,0.44,41.42
before,5,test_ispyb_reuses_dcgid_on_same_sampleID[ispyb_ids4],tests/unit_tests/external_interaction/callbacks/test_rotation_callbacks.py::test_ispyb_reuses_dcgid_on_same_sampleID[ispyb_ids4],call,0.44,41.42
before,5,test_given_xbpm_checks_fail_when_plan_run_with_decorator_then_plan_not_run,tests/unit_tests/device_setup_plans/test_xbpm_feedback.py::test_given_xbpm_checks_fail_when_plan_run_with_decorator_then_plan_not_run,call,0.38,41.42
before,5,test_GIVEN_no_results_from_zocalo_WHEN_communicator_wait_for_results_called_THEN_fallback_centre_used,tests/unit_tests/experiment_plans/test_panda_flyscan_xray_centre_plan.py::TestFlyscanXrayCentrePlan::test_GIVEN_no_results_from_zocalo_WHEN_communicator_wait_for_results_called_THEN_fallback_centre_used,setup,0.36,41.42
before,5,test_given_no_tip_found_but_will_be_found_when_get_tip_into_view_then_smargon_moved_positive_and_tip_returned,tests/unit_tests/experiment_plans/test_pin_tip_centring.py::test_given_no_tip_found_but_will_be_found_when_get_tip_into_view_then_smargon_moved_positive_and_tip_returned,call,0.35,41.42
before,5,test_rotation_plan_smargon_doesnt_move_xyz_if_not_given_in_params,tests/unit_tests/experiment_plans/test_rotation_scan_plan.py::test_rotation_plan_smargon_doesnt_move_xyz_if_not_given_in_params,setup,0.35,41.42
before,5,test_given_xpbm_checks_pass_and_plan_fails_when_plan_run_with_decorator_then_cleaned_up,tests/unit_tests/device_setup_plans/test_xbpm_feedback.py::test_given_xpbm_checks_pass_and_plan_fails_when_plan_run_with_decorator_then_cleaned_up,call,0.33,41.42
before,5,test_given_detector_bit_depth_changes_then_vds_datatype_as_expected[16-uint16],tests/unit_tests/external_interaction/test_write_rotation_nexus.py::test_given_detector_bit_depth_changes_then_vds_datatype_as_expected[16-uint16],call,0.33,41.42
before,5,test_apply_and_wait_for_voltages_to_settle_happy_path,tests/unit_tests/device_setup_plans/test_dcm_pitch_roll_mirror_adjuster.py::test_apply_and_wait_for_voltages_to_settle_happy_path,call,0.33,41.42
before,5,test_rotation_scan_nexus_output_compared_to_existing_file,tests/unit_tests/external_interaction/test_write_rotation_nexus.py::test_rotation_scan_nexus_output_compared_to_existing_file,call,0.33,41.42
before,5,test_given_detector_bit_depth_changes_then_vds_datatype_as_expected[32-uint32],tests/unit_tests/external_interaction/test_write_rotation_nexus.py::test_given_detector_bit_depth_changes_then_vds_datatype_as_expected[32-uint32],call,0.33,41.42
before,5,test_given_detector_bit_depth_changes_then_vds_datatype_as_expected[100-uint16],tests/unit_tests/external_interaction/test_write_rotation_nexus.py::test_given_detector_bit_depth_changes_then_vds_datatype_as_expected[100-uint16],call,0.33,41.42
before,5,test_pin_tip_starting_near_positive_edge_doesnt_exceed_limit,tests/unit_tests/experiment_plans/test_pin_tip_centring.py::test_pin_tip_starting_near_positive_edge_doesnt_exceed_limit,call,0.32,41.42
before,5,test_pin_tip_starting_near_negative_edge_doesnt_exceed_limit,tests/unit_tests/experiment_plans/test_pin_tip_centring.py::test_pin_tip_starting_near_negative_edge_doesnt_exceed_limit,call,0.32,41.42
before,5,test_given_shutter_open_fails_then_eiger_disarmed_and_correct_exception_returned,tests/unit_tests/device_setup_plans/test_utils.py::test_given_shutter_open_fails_then_eiger_disarmed_and_correct_exception_returned,call,0.29,41.42
before,5,test_given_plan_raises_when_exception_raised_then_eiger_disarmed_and_correct_exception_returned,tests/unit_tests/device_setup_plans/test_utils.py::test_given_plan_raises_when_exception_raised_then_eiger_disarmed_and_correct_exception_returned,call,0.28,41.42
before,5,test_given_detector_move_fails_then_eiger_disarmed_and_correct_exception_returned,tests/unit_tests/device_setup_plans/test_utils.py::test_given_detector_move_fails_then_eiger_disarmed_and_correct_exception_returned,call,0.27,41.42
before,5,test_when_context_created_then_contains_expected_number_of_plans,tests/unit_tests/hyperion/test_main_system.py::test_when_context_created_then_contains_expected_number_of_plans,call,0.26,41.42
before,5,test_when_set_up_oav_then_only_waits_on_oav_to_finish,tests/unit_tests/device_setup_plans/test_setup_oav.py::test_when_set_up_oav_then_only_waits_on_oav_to_finish,call,0.24,41.42
before,5,test_when_set_up_oav_with_different_zoom_levels_then_flat_field_applied_correctly[1.0-proc],tests/unit_tests/device_setup_plans/test_setup_oav.py::test_when_set_up_oav_with_different_zoom_levels_then_flat_field_applied_correctly[1.0-proc],call,0.23,41.42
before,5,test_when_set_up_oav_with_different_zoom_levels_then_flat_field_applied_correctly[7.0-CAM],tests/unit_tests/device_setup_plans/test_setup_oav.py::test_when_set_up_oav_with_different_zoom_levels_then_flat_field_applied_correctly[7.0-CAM],call,0.23,41.42
before,5,test_apply_and_wait_for_voltages_to_settle_timeout,tests/unit_tests/device_setup_plans/test_dcm_pitch_roll_mirror_adjuster.py::test_apply_and_wait_for_voltages_to_settle_timeout,call,0.23,41.42
before,5,test_adjust_mirror_stripe[6.999-Bare-140-15],tests/unit_tests/device_setup_plans/test_dcm_pitch_roll_mirror_adjuster.py::test_adjust_mirror_stripe[6.999-Bare-140-15],call,0.23,41.42
before,5,test_adjust_mirror_stripe[7.001-Rhodium-124--46],tests/unit_tests/device_setup_plans/test_dcm_pitch_roll_mirror_adjuster.py::test_adjust_mirror_stripe[7.001-Rhodium-124--46],call,0.23,41.42
before,5,test_blueskyrunner_uses_cli_args_correctly_for_callbacks[arg_list3-parsed_arg_values3],tests/unit_tests/hyperion/test_main_system.py::test_blueskyrunner_uses_cli_args_correctly_for_callbacks[arg_list3-parsed_arg_values3],call,0.21,41.42
before,5,test_when_grid_detection_plan_run_twice_then_values_do_not_persist_in_callback,tests/unit_tests/experiment_plans/test_grid_detection_plan.py::test_when_grid_detection_plan_run_twice_then_values_do_not_persist_in_callback,call,0.21,41.42
before,5,test_when_started_n_returnstatus_interrupted_bc_RE_aborted_thn_error_reptd,tests/unit_tests/hyperion/test_main_system.py::test_when_started_n_returnstatus_interrupted_bc_RE_aborted_thn_error_reptd,call,0.21,41.42
before,5,test_when_grid_scan_ran_then_eiger_disarmed_before_zocalo_end,tests/unit_tests/experiment_plans/test_flyscan_xray_centre_plan.py::TestFlyscanXrayCentrePlan::test_when_grid_scan_ran_then_eiger_disarmed_before_zocalo_end,call,0.2,41.42
before,5,test_when_grid_scan_ran_then_eiger_disarmed_before_zocalo_end,tests/unit_tests/experiment_plans/test_panda_flyscan_xray_centre_plan.py::TestFlyscanXrayCentrePlan::test_when_grid_scan_ran_then_eiger_disarmed_before_zocalo_end,call,0.2,41.42
before,5,test_GIVEN_no_results_from_zocalo_WHEN_communicator_wait_for_results_called_THEN_fallback_centre_used,tests/unit_tests/experiment_plans/test_flyscan_xray_centre_plan.py::TestFlyscanXrayCentrePlan::test_GIVEN_no_results_from_zocalo_WHEN_communicator_wait_for_results_called_THEN_fallback_centre_used,call,0.2,41.42
before,5,test_GIVEN_no_results_from_zocalo_WHEN_communicator_wait_for_results_called_THEN_fallback_centre_used,tests/unit_tests/experiment_plans/test_panda_flyscan_xray_centre_plan.py::TestFlyscanXrayCentrePlan::test_GIVEN_no_results_from_zocalo_WHEN_communicator_wait_for_results_called_THEN_fallback_centre_used,call,0.19,41.42
before,5,test_full_rotation_plan_smargon_settings,tests/unit_tests/experiment_plans/test_rotation_scan_plan.py::test_full_rotation_plan_smargon_settings,setup,0.19,41.42
before,5,test_given_smargon_disabled_when_plan_run_then_waits_on_smargon[5],tests/unit_tests/experiment_plans/test_wait_for_robot_load_then_centre.py::test_given_smargon_disabled_when_plan_run_then_waits_on_smargon[5],setup,0.17,41.42
before,5,test_fgs_arms_eiger_without_grid_detect,tests/unit_tests/experiment_plans/test_flyscan_xray_centre_plan.py::TestFlyscanXrayCentrePlan::test_fgs_arms_eiger_without_grid_detect,call,0.15,41.42
before,5,test_fgs_arms_eiger_without_grid_detect,tests/unit_tests/experiment_plans/test_panda_flyscan_xray_centre_plan.py::TestFlyscanXrayCentrePlan::test_fgs_arms_eiger_without_grid_detect,call,0.14,41.42
before,5,test_grid_detection_plan_runs_and_triggers_snapshots,tests/unit_tests/experiment_plans/test_grid_detection_plan.py::test_grid_detection_plan_runs_and_triggers_snapshots,call,0.14,41.42
before,5,test_when_grid_detection_plan_run_then_grid_detection_callback_gets_correct_values,tests/unit_tests/experiment_plans/test_grid_detection_plan.py::test_when_grid_detection_plan_run_then_grid_detection_callback_gets_correct_values,call,0.14,41.42
before,5,test_results_adjusted_and_passed_to_move_xyz,tests/unit_tests/experiment_plans/test_flyscan_xray_centre_plan.py::TestFlyscanXrayCentrePlan::test_results_adjusted_and_passed_to_move_xyz,call,0.14,41.42
before,5,test_grid_detection_plan_gives_warningerror_if_tip_not_found,tests/unit_tests/experiment_plans/test_grid_detection_plan.py::test_grid_detection_plan_gives_warningerror_if_tip_not_found,call,0.13,41.42
before,5,test_rotation_plan_energy_settings,tests/unit_tests/experiment_plans/test_rotation_scan_plan.py::test_rotation_plan_energy_settings,setup,0.12,41.42
before,5,test_rotation_plan_zebra_settings,tests/unit_tests/experiment_plans/test_rotation_scan_plan.py::test_rotation_plan_zebra_settings,setup,0.12,41.42
before,5,test_rotation_plan_runs,tests/unit_tests/experiment_plans/test_rotation_scan_plan.py::test_rotation_plan_runs,setup,0.12,41.42
before,5,test_getting_status_after_start_sent_returns_busy,tests/unit_tests/hyperion/test_main_system.py::test_getting_status_after_start_sent_returns_busy,teardown,0.1,41.42
before,5,test_given_started_when_stopped_and_started_again_then_runs,tests/unit_tests/hyperion/test_main_system.py::test_given_started_when_stopped_and_started_again_then_runs,teardown,0.1,41.42
before,5,test_start_gives_success,tests/unit_tests/hyperion/test_main_system.py::test_start_gives_success,teardown,0.1,41.42
before,5,test_given_started_when_stopped_then_success_and_idle_status,tests/unit_tests/hyperion/test_main_system.py::test_given_started_when_stopped_then_success_and_idle_status,teardown,0.1,41.42
before,5,test_sending_start_twice_fails,tests/unit_tests/hyperion/test_main_system.py::test_sending_start_twice_fails,teardown,0.1,41.42
before,5,test_detect_grid_and_do_gridscan,tests/unit_tests/experiment_plans/test_grid_detect_then_xray_centre_plan.py::test_detect_grid_and_do_gridscan,call,0.09,41.42
before,5,test_when_full_grid_scan_run_then_parameters_sent_to_fgs_as_expected,tests/unit_tests/experiment_plans/test_grid_detect_then_xray_centre_plan.py::test_when_full_grid_scan_run_then_parameters_sent_to_fgs_as_expected,call,0.09,41.42
before,5,test_given_setting_stub_offsets_disabled_then_stub_offsets_not_set,tests/unit_tests/experiment_plans/test_panda_flyscan_xray_centre_plan.py::TestFlyscanXrayCentrePlan::test_given_setting_stub_offsets_disabled_then_stub_offsets_not_set,call,0.08,41.42
before,5,test_rotation_scan,tests/unit_tests/experiment_plans/test_rotation_scan_plan.py::test_rotation_scan,call,0.07,41.42
before,5,test_when_pin_centre_xray_centre_called_then_detector_positioned,tests/unit_tests/experiment_plans/test_pin_centre_then_xray_centre_plan.py::test_when_pin_centre_xray_centre_called_then_detector_positioned,call,0.07,41.42
before,5,test_ispyb_handler_grabs_uid_from_main_plan_and_not_first_start_doc,tests/unit_tests/external_interaction/callbacks/test_rotation_callbacks.py::test_ispyb_handler_grabs_uid_from_main_plan_and_not_first_start_doc,call,0.06,41.42
before,5,test_read_hardware_for_ispyb_updates_from_ophyd_devices,tests/unit_tests/experiment_plans/test_flyscan_xray_centre_plan.py::TestFlyscanXrayCentrePlan::test_read_hardware_for_ispyb_updates_from_ophyd_devices,call,0.05,41.42
before,5,test_kickoff_and_complete_gridscan_triggers_zocalo,tests/unit_tests/experiment_plans/test_flyscan_xray_centre_plan.py::test_kickoff_and_complete_gridscan_triggers_zocalo,call,0.05,41.42
before,5,test_ispyb_starts_on_opening_and_zocalo_on_main_so_ispyb_triggered_before_zocalo,tests/unit_tests/external_interaction/callbacks/test_rotation_callbacks.py::test_ispyb_starts_on_opening_and_zocalo_on_main_so_ispyb_triggered_before_zocalo,call,0.05,41.42
before,5,test_ispyb_specifies_experiment_type_if_supplied,tests/unit_tests/external_interaction/callbacks/test_rotation_callbacks.py::test_ispyb_specifies_experiment_type_if_supplied,call,0.05,41.42
before,5,test_individual_plans_triggered_once_and_only_once_in_composite_run,tests/unit_tests/experiment_plans/test_flyscan_xray_centre_plan.py::TestFlyscanXrayCentrePlan::test_individual_plans_triggered_once_and_only_once_in_composite_run,call,0.05,41.42
before,5,test_when_gridscan_succeeds_ispyb_comment_appended_to,tests/unit_tests/experiment_plans/test_panda_flyscan_xray_centre_plan.py::TestFlyscanXrayCentrePlan::test_when_gridscan_succeeds_ispyb_comment_appended_to,call,0.05,41.42
before,5,test_when_gridscan_succeeds_ispyb_comment_appended_to,tests/unit_tests/experiment_plans/test_panda_flyscan_xray_centre_plan.py::TestFlyscanXrayCentrePlan::test_when_gridscan_succeeds_ispyb_comment_appended_to,setup,0.05,41.42
before,5,test_when_gridscan_finished_then_smargon_stub_offsets_are_set,tests/unit_tests/experiment_plans/test_flyscan_xray_centre_plan.py::TestFlyscanXrayCentrePlan::test_when_gridscan_finished_then_smargon_stub_offsets_are_set,call,0.05,41.42
before,5,test_when_gridscan_finished_then_smargon_stub_offsets_are_set,tests/unit_tests/experiment_plans/test_panda_flyscan_xray_centre_plan.py::TestFlyscanXrayCentrePlan::test_when_gridscan_finished_then_smargon_stub_offsets_are_set,call,0.05,41.42
before,5,test_individual_plans_triggered_once_and_only_once_in_composite_run,tests/unit_tests/experiment_plans/test_flyscan_xray_centre_plan.py::TestFlyscanXrayCentrePlan::test_individual_plans_triggered_once_and_only_once_in_composite_run,setup,0.05,41.42
before,5,test_when_gridscan_succeeds_ispyb_comment_appended_to,tests/unit_tests/experiment_plans/test_flyscan_xray_centre_plan.py::TestFlyscanXrayCentrePlan::test_when_gridscan_succeeds_ispyb_comment_appended_to,call,0.05,41.42
before,5,test_when_gridscan_fails_ispyb_comment_appended_to,tests/unit_tests/experiment_plans/test_panda_flyscan_xray_centre_plan.py::TestFlyscanXrayCentrePlan::test_when_gridscan_fails_ispyb_comment_appended_to,setup,0.05,41.42
before,5,test_rotation_scan,tests/unit_tests/experiment_plans/test_rotation_scan_plan.py::test_rotation_scan,setup,0.05,41.42
before,5,test_individual_plans_triggered_once_and_only_once_in_composite_run,tests/unit_tests/experiment_plans/test_panda_flyscan_xray_centre_plan.py::TestFlyscanXrayCentrePlan::test_individual_plans_triggered_once_and_only_once_in_composite_run,setup,0.05,41.42
before,5,test_read_hardware_for_ispyb_updates_from_ophyd_devices,tests/unit_tests/experiment_plans/test_panda_flyscan_xray_centre_plan.py::TestFlyscanXrayCentrePlan::test_read_hardware_for_ispyb_updates_from_ophyd_devices,call,0.05,41.42
before,5,test_given_setting_stub_offsets_disabled_then_stub_offsets_not_set,tests/unit_tests/experiment_plans/test_panda_flyscan_xray_centre_plan.py::TestFlyscanXrayCentrePlan::test_given_setting_stub_offsets_disabled_then_stub_offsets_not_set,setup,0.05,41.42
before,5,test_when_gridscan_finished_then_smargon_stub_offsets_are_set,tests/unit_tests/experiment_plans/test_panda_flyscan_xray_centre_plan.py::TestFlyscanXrayCentrePlan::test_when_gridscan_finished_then_smargon_stub_offsets_are_set,setup,0.05,41.42
before,5,test_when_grid_scan_ran_then_eiger_disarmed_before_zocalo_end,tests/unit_tests/experiment_plans/test_flyscan_xray_centre_plan.py::TestFlyscanXrayCentrePlan::test_when_grid_scan_ran_then_eiger_disarmed_before_zocalo_end,setup,0.05,41.42
before,5,test_GIVEN_no_results_from_zocalo_WHEN_communicator_wait_for_results_called_THEN_fallback_centre_used,tests/unit_tests/experiment_plans/test_flyscan_xray_centre_plan.py::TestFlyscanXrayCentrePlan::test_GIVEN_no_results_from_zocalo_WHEN_communicator_wait_for_results_called_THEN_fallback_centre_used,setup,0.05,41.42
before,5,test_when_gridscan_finished_then_smargon_stub_offsets_are_set,tests/unit_tests/experiment_plans/test_flyscan_xray_centre_plan.py::TestFlyscanXrayCentrePlan::test_when_gridscan_finished_then_smargon_stub_offsets_are_set,setup,0.05,41.42
before,5,test_results_adjusted_and_passed_to_move_xyz,tests/unit_tests/experiment_plans/test_panda_flyscan_xray_centre_plan.py::TestFlyscanXrayCentrePlan::test_results_adjusted_and_passed_to_move_xyz,setup,0.05,41.42
before,5,test_when_grid_scan_ran_then_eiger_disarmed_before_zocalo_end,tests/unit_tests/experiment_plans/test_panda_flyscan_xray_centre_plan.py::TestFlyscanXrayCentrePlan::test_when_grid_scan_ran_then_eiger_disarmed_before_zocalo_end,setup,0.05,41.42
before,5,test_results_adjusted_and_passed_to_move_xyz,tests/unit_tests/experiment_plans/test_flyscan_xray_centre_plan.py::TestFlyscanXrayCentrePlan::test_results_adjusted_and_passed_to_move_xyz,setup,0.05,41.42
before,5,test_given_setting_stub_offsets_disabled_then_stub_offsets_not_set,tests/unit_tests/experiment_plans/test_flyscan_xray_centre_plan.py::TestFlyscanXrayCentrePlan::test_given_setting_stub_offsets_disabled_then_stub_offsets_not_set,setup,0.05,41.42
before,5,test_fgs_arms_eiger_without_grid_detect,tests/unit_tests/experiment_plans/test_panda_flyscan_xray_centre_plan.py::TestFlyscanXrayCentrePlan::test_fgs_arms_eiger_without_grid_detect,setup,0.05,41.42
before,5,test_when_gridscan_fails_ispyb_comment_appended_to,tests/unit_tests/experiment_plans/test_flyscan_xray_centre_plan.py::TestFlyscanXrayCentrePlan::test_when_gridscan_fails_ispyb_comment_appended_to,setup,0.05,41.42
before,5,test_when_gridscan_succeeds_ispyb_comment_appended_to,tests/unit_tests/experiment_plans/test_flyscan_xray_centre_plan.py::TestFlyscanXrayCentrePlan::test_when_gridscan_succeeds_ispyb_comment_appended_to,setup,0.05,41.42
before,5,test_individual_plans_triggered_once_and_only_once_in_composite_run,tests/unit_tests/experiment_plans/test_panda_flyscan_xray_centre_plan.py::TestFlyscanXrayCentrePlan::test_individual_plans_triggered_once_and_only_once_in_composite_run,call,0.05,41.42
before,5,test_results_passed_to_move_motors,tests/unit_tests/experiment_plans/test_panda_flyscan_xray_centre_plan.py::TestFlyscanXrayCentrePlan::test_results_passed_to_move_motors,setup,0.05,41.42
before,5,test_given_gridscan_fails_to_centre_then_stub_offsets_not_set,tests/unit_tests/experiment_plans/test_panda_flyscan_xray_centre_plan.py::TestFlyscanXrayCentrePlan::test_given_gridscan_fails_to_centre_then_stub_offsets_not_set,setup,0.05,41.42
before,5,test_when_grid_scan_fails_then_detector_disarmed_and_correct_exception_returned,tests/unit_tests/experiment_plans/test_flyscan_xray_centre_plan.py::TestFlyscanXrayCentrePlan::test_when_grid_scan_fails_then_detector_disarmed_and_correct_exception_returned,setup,0.05,41.42
before,5,test_if_smargon_speed_over_limit_then_log_error,tests/unit_tests/experiment_plans/test_panda_flyscan_xray_centre_plan.py::test_if_smargon_speed_over_limit_then_log_error,setup,0.05,41.42
before,5,test_given_setting_stub_offsets_disabled_then_stub_offsets_not_set,tests/unit_tests/experiment_plans/test_flyscan_xray_centre_plan.py::TestFlyscanXrayCentrePlan::test_given_setting_stub_offsets_disabled_then_stub_offsets_not_set,call,0.05,41.42
before,5,test_nexus_handler_gets_documents_in_mock_plan,tests/unit_tests/external_interaction/callbacks/test_rotation_callbacks.py::test_nexus_handler_gets_documents_in_mock_plan,call,0.05,41.42
before,5,test_read_hardware_for_ispyb_updates_from_ophyd_devices,tests/unit_tests/experiment_plans/test_panda_flyscan_xray_centre_plan.py::TestFlyscanXrayCentrePlan::test_read_hardware_for_ispyb_updates_from_ophyd_devices,setup,0.05,41.42
before,5,test_read_hardware_for_ispyb_updates_from_ophyd_devices,tests/unit_tests/experiment_plans/test_flyscan_xray_centre_plan.py::TestFlyscanXrayCentrePlan::test_read_hardware_for_ispyb_updates_from_ophyd_devices,setup,0.05,41.42
before,5,test_results_passed_to_move_motors,tests/unit_tests/experiment_plans/test_flyscan_xray_centre_plan.py::TestFlyscanXrayCentrePlan::test_results_passed_to_move_motors,setup,0.05,41.42
before,5,test_when_grid_scan_fails_then_detector_disarmed_and_correct_exception_returned,tests/unit_tests/experiment_plans/test_panda_flyscan_xray_centre_plan.py::TestFlyscanXrayCentrePlan::test_when_grid_scan_fails_then_detector_disarmed_and_correct_exception_returned,setup,0.04,41.42
before,5,test_fgs_arms_eiger_without_grid_detect,tests/unit_tests/experiment_plans/test_flyscan_xray_centre_plan.py::TestFlyscanXrayCentrePlan::test_fgs_arms_eiger_without_grid_detect,setup,0.04,41.42
before,5,test_given_gridscan_fails_to_centre_then_stub_offsets_not_set,tests/unit_tests/experiment_plans/test_flyscan_xray_centre_plan.py::TestFlyscanXrayCentrePlan::test_given_gridscan_fails_to_centre_then_stub_offsets_not_set,setup,0.04,41.42
before,5,test_kickoff_and_complete_gridscan_triggers_zocalo,tests/unit_tests/experiment_plans/test_flyscan_xray_centre_plan.py::test_kickoff_and_complete_gridscan_triggers_zocalo,setup,0.04,41.42
before,5,test_cleanup_happens,tests/unit_tests/experiment_plans/test_rotation_scan_plan.py::test_cleanup_happens,setup,0.04,41.42
before,5,test_nexus_handler_only_writes_once,tests/unit_tests/external_interaction/callbacks/test_rotation_callbacks.py::test_nexus_handler_only_writes_once,call,0.04,41.42
before,5,test_when_gridscan_fails_ispyb_comment_appended_to,tests/unit_tests/experiment_plans/test_panda_flyscan_xray_centre_plan.py::TestFlyscanXrayCentrePlan::test_when_gridscan_fails_ispyb_comment_appended_to,call,0.04,41.42
before,5,test_blueskyrunner_uses_cli_args_correctly_for_callbacks[arg_list1-parsed_arg_values1],tests/unit_tests/hyperion/test_main_system.py::test_blueskyrunner_uses_cli_args_correctly_for_callbacks[arg_list1-parsed_arg_values1],call,0.04,41.42
before,5,test_when_gridscan_fails_ispyb_comment_appended_to,tests/unit_tests/experiment_plans/test_flyscan_xray_centre_plan.py::TestFlyscanXrayCentrePlan::test_when_gridscan_fails_ispyb_comment_appended_to,call,0.04,41.42
before,5,test_given_tip_at_zero_but_will_be_found_when_get_tip_into_view_then_smargon_moved_negative_and_tip_returned,tests/unit_tests/experiment_plans/test_pin_tip_centring.py::test_given_tip_at_zero_but_will_be_found_when_get_tip_into_view_then_smargon_moved_negative_and_tip_returned,call,0.04,41.42
before,5,test_total_counts_calc_new_transmission_raises_warning_on_high_transmission,tests/unit_tests/experiment_plans/test_optimise_attenuation_plan.py::test_total_counts_calc_new_transmission_raises_warning_on_high_transmission,call,0.04,41.42
before,5,test_blueskyrunner_uses_cli_args_correctly_for_callbacks[arg_list0-parsed_arg_values0],tests/unit_tests/hyperion/test_main_system.py::test_blueskyrunner_uses_cli_args_correctly_for_callbacks[arg_list0-parsed_arg_values0],call,0.04,41.42
before,5,test_blueskyrunner_uses_cli_args_correctly_for_callbacks[arg_list2-parsed_arg_values2],tests/unit_tests/hyperion/test_main_system.py::test_blueskyrunner_uses_cli_args_correctly_for_callbacks[arg_list2-parsed_arg_values2],call,0.04,41.42
before,5,test_given_smargon_disabled_when_plan_run_then_waits_on_smargon[5],tests/unit_tests/experiment_plans/test_wait_for_robot_load_then_centre.py::test_given_smargon_disabled_when_plan_run_then_waits_on_smargon[5],call,0.04,41.42
before,5,test_given_no_tip_found_but_will_be_found_when_get_tip_into_view_then_smargon_moved_positive_and_tip_returned,tests/unit_tests/experiment_plans/test_pin_tip_centring.py::test_given_no_tip_found_but_will_be_found_when_get_tip_into_view_then_smargon_moved_positive_and_tip_returned,setup,0.04,41.42
before,5,test_when_detected_grid_has_odd_y_steps_then_add_a_y_step_and_shift_grid[False],tests/unit_tests/experiment_plans/test_grid_detection_plan.py::test_when_detected_grid_has_odd_y_steps_then_add_a_y_step_and_shift_grid[False],call,0.03,41.42
before,5,test_when_detected_grid_has_odd_y_steps_then_add_a_y_step_and_shift_grid[True],tests/unit_tests/experiment_plans/test_grid_detection_plan.py::test_when_detected_grid_has_odd_y_steps_then_add_a_y_step_and_shift_grid[True],call,0.03,41.42
before,5,test_given_xpbm_checks_pass_when_plan_run_with_decorator_then_run_as_expected,tests/unit_tests/device_setup_plans/test_xbpm_feedback.py::test_given_xpbm_checks_pass_when_plan_run_with_decorator_then_run_as_expected,call,0.03,41.42
before,5,test_zebra_set_up_for_rotation,tests/unit_tests/device_setup_plans/test_zebra_setup.py::test_zebra_set_up_for_rotation,call,0.03,41.42
before,5,test_given_smargon_disabled_when_plan_run_then_waits_on_smargon[14],tests/unit_tests/experiment_plans/test_wait_for_robot_load_then_centre.py::test_given_smargon_disabled_when_plan_run_then_waits_on_smargon[14],call,0.03,41.42
before,5,test_log_on_invalid_json_params,tests/unit_tests/hyperion/test_main_system.py::test_log_on_invalid_json_params,call,0.03,41.42
before,5,test_when_full_grid_scan_run_then_parameters_sent_to_fgs_as_expected,tests/unit_tests/experiment_plans/test_grid_detect_then_xray_centre_plan.py::test_when_full_grid_scan_run_then_parameters_sent_to_fgs_as_expected,setup,0.03,41.42
before,5,test_putting_bad_plan_fails,tests/unit_tests/hyperion/test_main_system.py::test_putting_bad_plan_fails,call,0.03,41.42
before,5,test_plan_with_no_params_fails,tests/unit_tests/hyperion/test_main_system.py::test_plan_with_no_params_fails,call,0.03,41.42
before,5,test_when_pin_centre_xray_centre_called_then_detector_positioned,tests/unit_tests/experiment_plans/test_pin_centre_then_xray_centre_plan.py::test_when_pin_centre_xray_centre_called_then_detector_positioned,setup,0.02,41.42
before,5,test_when_detected_grid_has_odd_y_steps_then_add_a_y_step_and_shift_grid[True],tests/unit_tests/experiment_plans/test_grid_detection_plan.py::test_when_detected_grid_has_odd_y_steps_then_add_a_y_step_and_shift_grid[True],setup,0.02,41.42
before,5,test_results_adjusted_and_passed_to_move_xyz,tests/unit_tests/experiment_plans/test_panda_flyscan_xray_centre_plan.py::TestFlyscanXrayCentrePlan::test_results_adjusted_and_passed_to_move_xyz,teardown,0.02,41.42
before,5,test_total_counts_gets_within_target,tests/unit_tests/experiment_plans/test_optimise_attenuation_plan.py::test_total_counts_gets_within_target,call,0.02,41.42
before,5,test_grid_detection_plan_gives_warningerror_if_tip_not_found,tests/unit_tests/experiment_plans/test_grid_detection_plan.py::test_grid_detection_plan_gives_warningerror_if_tip_not_found,setup,0.02,41.42
before,5,test_detect_grid_and_do_gridscan,tests/unit_tests/experiment_plans/test_grid_detect_then_xray_centre_plan.py::test_detect_grid_and_do_gridscan,setup,0.02,41.42
before,5,test_when_grid_detection_plan_run_then_grid_detection_callback_gets_correct_values,tests/unit_tests/experiment_plans/test_grid_detection_plan.py::test_when_grid_detection_plan_run_then_grid_detection_callback_gets_correct_values,setup,0.02,41.42
before,5,test_given_when_grid_detect_then_upper_left_and_start_position_as_expected,tests/unit_tests/experiment_plans/test_grid_detection_plan.py::test_given_when_grid_detect_then_upper_left_and_start_position_as_expected,setup,0.02,41.42
before,5,test_when_grid_detection_plan_run_twice_then_values_do_not_persist_in_callback,tests/unit_tests/experiment_plans/test_grid_detection_plan.py::test_when_grid_detection_plan_run_twice_then_values_do_not_persist_in_callback,setup,0.02,41.42
before,5,test_when_detected_grid_has_odd_y_steps_then_add_a_y_step_and_shift_grid[False],tests/unit_tests/experiment_plans/test_grid_detection_plan.py::test_when_detected_grid_has_odd_y_steps_then_add_a_y_step_and_shift_grid[False],setup,0.02,41.42
before,5,test_grid_detection_plan_runs_and_triggers_snapshots,tests/unit_tests/experiment_plans/test_grid_detection_plan.py::test_grid_detection_plan_runs_and_triggers_snapshots,setup,0.02,41.42
before,5,test_optimisation_attenuation_plan_runs_correct_functions[deadtime],tests/unit_tests/experiment_plans/test_optimise_attenuation_plan.py::test_optimisation_attenuation_plan_runs_correct_functions[deadtime],call,0.02,41.42
before,5,test_when_all_tries_fail_then_bluesky_retry_throws_error,tests/unit_tests/device_setup_plans/test_zebra_setup.py::test_when_all_tries_fail_then_bluesky_retry_throws_error,call,0.02,41.42
before,5,test_trigger_and_return_pin_tip_works_for_AD_pin_tip_detection,tests/unit_tests/experiment_plans/test_pin_tip_centring.py::test_trigger_and_return_pin_tip_works_for_AD_pin_tip_detection,call,0.02,41.42
before,5,test_optimisation_attenuation_plan_runs_correct_functions[total_counts],tests/unit_tests/experiment_plans/test_optimise_attenuation_plan.py::test_optimisation_attenuation_plan_runs_correct_functions[total_counts],call,0.02,41.42
before,5,test_given_smargon_disabled_when_plan_run_then_waits_on_smargon[3],tests/unit_tests/experiment_plans/test_wait_for_robot_load_then_centre.py::test_given_smargon_disabled_when_plan_run_then_waits_on_smargon[3],setup,0.02,41.42
before,5,test_given_smargon_disabled_for_longer_than_timeout_when_plan_run_then_throws_exception,tests/unit_tests/experiment_plans/test_wait_for_robot_load_then_centre.py::test_given_smargon_disabled_for_longer_than_timeout_when_plan_run_then_throws_exception,setup,0.02,41.42
before,5,test_when_plan_run_with_requested_energy_specified_energy_change_executes,tests/unit_tests/experiment_plans/test_wait_for_robot_load_then_centre.py::test_when_plan_run_with_requested_energy_specified_energy_change_executes,setup,0.02,41.42
before,5,test_given_smargon_disabled_when_plan_run_then_waits_on_smargon[14],tests/unit_tests/experiment_plans/test_wait_for_robot_load_then_centre.py::test_given_smargon_disabled_when_plan_run_then_waits_on_smargon[14],setup,0.02,41.42
before,5,test_set_energy,tests/unit_tests/experiment_plans/test_set_energy_plan.py::test_set_energy,setup,0.02,41.42
before,5,test_begin_deposition,tests/unit_tests/external_interaction/ispyb/test_gridscan_ispyb_store_3d.py::test_begin_deposition,teardown,0.02,41.42
before,5,test_when_plan_run_then_centring_plan_run_with_expected_parameters,tests/unit_tests/experiment_plans/test_wait_for_robot_load_then_centre.py::test_when_plan_run_then_centring_plan_run_with_expected_parameters,setup,0.02,41.42
before,5,test_values_for_move_so_that_beam_is_at_pixel[px_per_um1-beam_centre1--90-pixel_to_move_to1-expected_xyz1],tests/unit_tests/device_setup_plans/test_setup_oav.py::test_values_for_move_so_that_beam_is_at_pixel[px_per_um1-beam_centre1--90-pixel_to_move_to1-expected_xyz1],setup,0.02,41.42
before,5,test_when_plan_run_then_detector_arm_started_before_wait_on_robot_load,tests/unit_tests/experiment_plans/test_wait_for_robot_load_then_centre.py::test_when_plan_run_then_detector_arm_started_before_wait_on_robot_load,setup,0.02,41.42
before,5,test_given_smargon_disabled_when_plan_run_then_waits_on_smargon[3],tests/unit_tests/experiment_plans/test_wait_for_robot_load_then_centre.py::test_given_smargon_disabled_when_plan_run_then_waits_on_smargon[3],call,0.02,41.42
before,5,test_wait_for_robot_load_then_centre_doesnt_set_energy_if_not_specified,tests/unit_tests/experiment_plans/test_wait_for_robot_load_then_centre.py::test_wait_for_robot_load_then_centre_doesnt_set_energy_if_not_specified,setup,0.02,41.42
before,5,test_when_plan_run_then_detector_arm_started_before_wait_on_robot_load,tests/unit_tests/experiment_plans/test_wait_for_robot_load_then_centre.py::test_when_plan_run_then_detector_arm_started_before_wait_on_robot_load,call,0.02,41.42
before,5,test_values_for_move_so_that_beam_is_at_pixel[px_per_um6-beam_centre6--90-pixel_to_move_to6-expected_xyz6],tests/unit_tests/device_setup_plans/test_setup_oav.py::test_values_for_move_so_that_beam_is_at_pixel[px_per_um6-beam_centre6--90-pixel_to_move_to6-expected_xyz6],setup,0.02,41.42
before,5,test_values_for_move_so_that_beam_is_at_pixel[px_per_um0-beam_centre0-0-pixel_to_move_to0-expected_xyz0],tests/unit_tests/device_setup_plans/test_setup_oav.py::test_values_for_move_so_that_beam_is_at_pixel[px_per_um0-beam_centre0-0-pixel_to_move_to0-expected_xyz0],setup,0.02,41.42
before,5,test_zebra_arm_disarm,tests/unit_tests/device_setup_plans/test_zebra_setup.py::test_zebra_arm_disarm,call,0.02,41.42
before,5,test_values_for_move_so_that_beam_is_at_pixel[px_per_um2-beam_centre2-90-pixel_to_move_to2-expected_xyz2],tests/unit_tests/device_setup_plans/test_setup_oav.py::test_values_for_move_so_that_beam_is_at_pixel[px_per_um2-beam_centre2-90-pixel_to_move_to2-expected_xyz2],setup,0.02,41.42
before,5,test_values_for_move_so_that_beam_is_at_pixel[px_per_um4-beam_centre4--90-pixel_to_move_to4-expected_xyz4],tests/unit_tests/device_setup_plans/test_setup_oav.py::test_values_for_move_so_that_beam_is_at_pixel[px_per_um4-beam_centre4--90-pixel_to_move_to4-expected_xyz4],setup,0.02,41.42
before,5,test_values_for_move_so_that_beam_is_at_pixel[px_per_um5-beam_centre5-0-pixel_to_move_to5-expected_xyz5],tests/unit_tests/device_setup_plans/test_setup_oav.py::test_values_for_move_so_that_beam_is_at_pixel[px_per_um5-beam_centre5-0-pixel_to_move_to5-expected_xyz5],setup,0.02,41.42
before,5,test_arm_devices_runs_correct_functions,tests/unit_tests/experiment_plans/test_optimise_attenuation_plan.py::test_arm_devices_runs_correct_functions,call,0.01,41.42
before,5,test_values_for_move_so_that_beam_is_at_pixel[px_per_um3-beam_centre3-0-pixel_to_move_to3-expected_xyz3],tests/unit_tests/device_setup_plans/test_setup_oav.py::test_values_for_move_so_that_beam_is_at_pixel[px_per_um3-beam_centre3-0-pixel_to_move_to3-expected_xyz3],setup,0.01,41.42
before,5,test_when_plan_run_then_centring_plan_run_with_expected_parameters,tests/unit_tests/experiment_plans/test_wait_for_robot_load_then_centre.py::test_when_plan_run_then_centring_plan_run_with_expected_parameters,call,0.01,41.42
before,5,test_activates_on_metadata,tests/unit_tests/external_interaction/callbacks/test_plan_reactive_callback.py::test_activates_on_metadata,call,0.01,41.42
before,5,test_adjust_dcm_pitch_roll_vfm_from_lut,tests/unit_tests/device_setup_plans/test_dcm_pitch_roll_mirror_adjuster.py::test_adjust_dcm_pitch_roll_vfm_from_lut,setup,0.01,41.42
before,5,test_deadtime_optimisation_calculates_deadtime_correctly,tests/unit_tests/experiment_plans/test_optimise_attenuation_plan.py::test_deadtime_optimisation_calculates_deadtime_correctly,call,0.01,41.42
before,5,test_deactivates_after_closing,tests/unit_tests/external_interaction/callbacks/test_plan_reactive_callback.py::test_deactivates_after_closing,call,0.01,41.42
before,5,test_given_started_when_stopped_and_started_again_then_runs,tests/unit_tests/hyperion/test_main_system.py::test_given_started_when_stopped_and_started_again_then_runs,call,0.01,41.42
before,5,test_apply_and_wait_for_voltages_to_settle_happy_path,tests/unit_tests/device_setup_plans/test_dcm_pitch_roll_mirror_adjuster.py::test_apply_and_wait_for_voltages_to_settle_happy_path,setup,0.01,41.42
before,5,test_when_set_up_oav_with_different_zoom_levels_then_flat_field_applied_correctly[7.0-CAM],tests/unit_tests/device_setup_plans/test_setup_oav.py::test_when_set_up_oav_with_different_zoom_levels_then_flat_field_applied_correctly[7.0-CAM],setup,0.01,41.42
before,5,test_pin_tip_starting_near_positive_edge_doesnt_exceed_limit,tests/unit_tests/experiment_plans/test_pin_tip_centring.py::test_pin_tip_starting_near_positive_edge_doesnt_exceed_limit,setup,0.01,41.42
before,5,test_execution_of_do_fgs_triggers_zocalo_calls,tests/unit_tests/external_interaction/callbacks/test_zocalo_handler.py::TestZocaloHandler::test_execution_of_do_fgs_triggers_zocalo_calls,call,0.01,41.42
before,5,test_pin_tip_starting_near_negative_edge_doesnt_exceed_limit,tests/unit_tests/experiment_plans/test_pin_tip_centring.py::test_pin_tip_starting_near_negative_edge_doesnt_exceed_limit,setup,0.01,41.42
before,5,test_doesnt_activate_on_wrong_metadata,tests/unit_tests/external_interaction/callbacks/test_plan_reactive_callback.py::test_doesnt_activate_on_wrong_metadata,call,0.01,41.42
before,5,test_values_for_move_so_that_beam_is_at_pixel[px_per_um5-beam_centre5-0-pixel_to_move_to5-expected_xyz5],tests/unit_tests/device_setup_plans/test_setup_oav.py::test_values_for_move_so_that_beam_is_at_pixel[px_per_um5-beam_centre5-0-pixel_to_move_to5-expected_xyz5],call,0.01,41.42
before,5,test_given_tip_at_zero_but_will_be_found_when_get_tip_into_view_then_smargon_moved_negative_and_tip_returned,tests/unit_tests/experiment_plans/test_pin_tip_centring.py::test_given_tip_at_zero_but_will_be_found_when_get_tip_into_view_then_smargon_moved_negative_and_tip_returned,setup,0.01,41.42
before,5,test_given_the_pin_tip_is_already_in_view_when_get_tip_into_view_then_tip_returned_and_smargon_not_moved,tests/unit_tests/experiment_plans/test_pin_tip_centring.py::test_given_the_pin_tip_is_already_in_view_when_get_tip_into_view_then_tip_returned_and_smargon_not_moved,setup,0.01,41.42
before,5,test_when_pin_tip_centre_plan_called_then_expected_plans_called,tests/unit_tests/experiment_plans/test_pin_tip_centring.py::test_when_pin_tip_centre_plan_called_then_expected_plans_called,call,0.01,41.42
before,5,test_values_for_move_so_that_beam_is_at_pixel[px_per_um2-beam_centre2-90-pixel_to_move_to2-expected_xyz2],tests/unit_tests/device_setup_plans/test_setup_oav.py::test_values_for_move_so_that_beam_is_at_pixel[px_per_um2-beam_centre2-90-pixel_to_move_to2-expected_xyz2],call,0.01,41.42
before,5,test_values_for_move_so_that_beam_is_at_pixel[px_per_um6-beam_centre6--90-pixel_to_move_to6-expected_xyz6],tests/unit_tests/device_setup_plans/test_setup_oav.py::test_values_for_move_so_that_beam_is_at_pixel[px_per_um6-beam_centre6--90-pixel_to_move_to6-expected_xyz6],call,0.01,41.42
before,5,test_sending_start_twice_fails,tests/unit_tests/hyperion/test_main_system.py::test_sending_start_twice_fails,call,0.01,41.42
before,5,test_values_for_move_so_that_beam_is_at_pixel[px_per_um1-beam_centre1--90-pixel_to_move_to1-expected_xyz1],tests/unit_tests/device_setup_plans/test_setup_oav.py::test_values_for_move_so_that_beam_is_at_pixel[px_per_um1-beam_centre1--90-pixel_to_move_to1-expected_xyz1],call,0.01,41.42
before,5,test_values_for_move_so_that_beam_is_at_pixel[px_per_um0-beam_centre0-0-pixel_to_move_to0-expected_xyz0],tests/unit_tests/device_setup_plans/test_setup_oav.py::test_values_for_move_so_that_beam_is_at_pixel[px_per_um0-beam_centre0-0-pixel_to_move_to0-expected_xyz0],call,0.01,41.42
before,5,test_given_no_tip_found_ever_when_get_tip_into_view_then_smargon_moved_positive_and_exception_thrown,tests/unit_tests/experiment_plans/test_pin_tip_centring.py::test_given_no_tip_found_ever_when_get_tip_into_view_then_smargon_moved_positive_and_exception_thrown,setup,0.01,41.42
before,5,test_zebra_cleanup,tests/unit_tests/device_setup_plans/test_zebra_setup.py::test_zebra_cleanup,setup,0.01,41.42
before,5,test_when_set_up_oav_then_only_waits_on_oav_to_finish,tests/unit_tests/device_setup_plans/test_setup_oav.py::test_when_set_up_oav_then_only_waits_on_oav_to_finish,setup,0.01,41.42
before,5,test_when_pin_centre_xray_centre_called_then_plan_runs_correctly,tests/unit_tests/experiment_plans/test_pin_centre_then_xray_centre_plan.py::test_when_pin_centre_xray_centre_called_then_plan_runs_correctly,call,0.01,41.42
before,5,test_update_deposition,tests/unit_tests/external_interaction/ispyb/test_rotation_ispyb_store.py::test_update_deposition,setup,0.01,41.42
before,5,test_given_pin_tip_detect_using_ophyd_when_pin_tip_centre_plan_called_then_expected_plans_called,tests/unit_tests/experiment_plans/test_pin_tip_centring.py::test_given_pin_tip_detect_using_ophyd_when_pin_tip_centre_plan_called_then_expected_plans_called,call,0.01,41.42
before,5,test_values_for_move_so_that_beam_is_at_pixel[px_per_um4-beam_centre4--90-pixel_to_move_to4-expected_xyz4],tests/unit_tests/device_setup_plans/test_setup_oav.py::test_values_for_move_so_that_beam_is_at_pixel[px_per_um4-beam_centre4--90-pixel_to_move_to4-expected_xyz4],call,0.01,41.42
before,5,test_when_pin_tip_centre_plan_called_then_expected_plans_called,tests/unit_tests/experiment_plans/test_pin_tip_centring.py::test_when_pin_tip_centre_plan_called_then_expected_plans_called,setup,0.01,41.42
before,5,test_when_set_up_oav_with_different_zoom_levels_then_flat_field_applied_correctly[1.0-proc],tests/unit_tests/device_setup_plans/test_setup_oav.py::test_when_set_up_oav_with_different_zoom_levels_then_flat_field_applied_correctly[1.0-proc],setup,0.01,41.42
before,5,test_rotation_scan_nexus_output_compared_to_existing_file,tests/unit_tests/external_interaction/test_write_rotation_nexus.py::test_rotation_scan_nexus_output_compared_to_existing_file,setup,0.01,41.42
before,5,test_adjust_mirror_stripe[7.001-Rhodium-124--46],tests/unit_tests/device_setup_plans/test_dcm_pitch_roll_mirror_adjuster.py::test_adjust_mirror_stripe[7.001-Rhodium-124--46],setup,0.01,41.42
before,5,test_store_rotation_scan_uses_supplied_dcgid[88],tests/unit_tests/external_interaction/ispyb/test_rotation_ispyb_store.py::test_store_rotation_scan_uses_supplied_dcgid[88],call,0.01,41.42
before,5,test_given_detector_bit_depth_changes_then_vds_datatype_as_expected[16-uint16],tests/unit_tests/external_interaction/test_write_rotation_nexus.py::test_given_detector_bit_depth_changes_then_vds_datatype_as_expected[16-uint16],setup,0.01,41.42
before,5,test_given_detector_bit_depth_changes_then_vds_datatype_as_expected[100-uint16],tests/unit_tests/external_interaction/test_write_rotation_nexus.py::test_given_detector_bit_depth_changes_then_vds_datatype_as_expected[100-uint16],setup,0.01,41.42
before,5,test_given_detector_bit_depth_changes_then_vds_datatype_as_expected[8-uint8],tests/unit_tests/external_interaction/test_write_rotation_nexus.py::test_given_detector_bit_depth_changes_then_vds_datatype_as_expected[8-uint8],setup,0.01,41.42
before,5,test_values_for_move_so_that_beam_is_at_pixel[px_per_um3-beam_centre3-0-pixel_to_move_to3-expected_xyz3],tests/unit_tests/device_setup_plans/test_setup_oav.py::test_values_for_move_so_that_beam_is_at_pixel[px_per_um3-beam_centre3-0-pixel_to_move_to3-expected_xyz3],call,0.01,41.42
before,5,test_given_moving_out_of_range_when_move_with_warn_called_then_warning_exception,tests/unit_tests/experiment_plans/test_pin_tip_centring.py::test_given_moving_out_of_range_when_move_with_warn_called_then_warning_exception,setup,0.01,41.42
before,5,test_store_rotation_scan_uses_supplied_dcgid[13],tests/unit_tests/external_interaction/ispyb/test_rotation_ispyb_store.py::test_store_rotation_scan_uses_supplied_dcgid[13],call,0.01,41.42
before,5,test_adjust_mirror_stripe[6.999-Bare-140-15],tests/unit_tests/device_setup_plans/test_dcm_pitch_roll_mirror_adjuster.py::test_adjust_mirror_stripe[6.999-Bare-140-15],setup,0.01,41.42
before,5,test_store_rotation_scan_uses_supplied_dcgid[45],tests/unit_tests/external_interaction/ispyb/test_rotation_ispyb_store.py::test_store_rotation_scan_uses_supplied_dcgid[45],call,0.01,41.42
before,5,test_store_rotation_scan_uses_supplied_dcgid[61],tests/unit_tests/external_interaction/ispyb/test_rotation_ispyb_store.py::test_store_rotation_scan_uses_supplied_dcgid[61],call,0.01,41.42
before,5,test_store_rotation_scan_uses_supplied_dcgid[2],tests/unit_tests/external_interaction/ispyb/test_rotation_ispyb_store.py::test_store_rotation_scan_uses_supplied_dcgid[2],call,0.01,41.42
before,5,test_end_deposition_happy_path,tests/unit_tests/external_interaction/ispyb/test_gridscan_ispyb_store_3d.py::test_end_deposition_happy_path,setup,0.01,41.42
before,5,test_setup_panda_performs_correct_plans,tests/unit_tests/device_setup_plans/test_setup_panda.py::test_setup_panda_performs_correct_plans,call,0.01,41.42
before,5,test_store_3d_grid_scan,tests/unit_tests/external_interaction/ispyb/test_gridscan_ispyb_store_3d.py::test_store_3d_grid_scan,setup,0.01,41.42
before,5,test_adjust_dcm_pitch_roll_vfm_from_lut,tests/unit_tests/device_setup_plans/test_dcm_pitch_roll_mirror_adjuster.py::test_adjust_dcm_pitch_roll_vfm_from_lut,call,0.01,41.42
before,5,test_subscribe_in_plan,tests/unit_tests/external_interaction/callbacks/xray_centre/test_xraycentre_callback_collection.py::test_subscribe_in_plan,call,0.01,41.42
before,5,test_update_deposition,tests/unit_tests/external_interaction/ispyb/test_gridscan_ispyb_store_2d.py::test_update_deposition,setup,0.01,41.42
before,5,test_given_pin_tip_detect_using_ophyd_when_pin_tip_centre_plan_called_then_expected_plans_called,tests/unit_tests/experiment_plans/test_pin_tip_centring.py::test_given_pin_tip_detect_using_ophyd_when_pin_tip_centre_plan_called_then_expected_plans_called,setup,0.01,41.42
before,5,test_given_tip_found_when_wait_for_tip_to_be_found_called_then_tip_immediately_returned,tests/unit_tests/device_setup_plans/test_setup_oav.py::test_given_tip_found_when_wait_for_tip_to_be_found_called_then_tip_immediately_returned,call,0.01,41.42
before,5,test_store_rotation_scan_uses_supplied_dcgid[25],tests/unit_tests/external_interaction/ispyb/test_rotation_ispyb_store.py::test_store_rotation_scan_uses_supplied_dcgid[25],call,0.01,41.42
before,5,test_when_first_try_fails_then_bluesky_retry_tries_again,tests/unit_tests/device_setup_plans/test_zebra_setup.py::test_when_first_try_fails_then_bluesky_retry_tries_again,call,0.01,41.42
before,5,test_given_detector_bit_depth_changes_then_vds_datatype_as_expected[32-uint32],tests/unit_tests/external_interaction/test_write_rotation_nexus.py::test_given_detector_bit_depth_changes_then_vds_datatype_as_expected[32-uint32],setup,0.01,41.42
before,5,test_given_started_when_stopped_then_success_and_idle_status,tests/unit_tests/hyperion/test_main_system.py::test_given_started_when_stopped_then_success_and_idle_status,call,0.01,41.42
before,5,test_activity_gated_start,tests/unit_tests/external_interaction/callbacks/rotation/test_ispyb_callback.py::test_activity_gated_start,setup,0.01,41.42
before,5,test_zebra_cleanup,tests/unit_tests/device_setup_plans/test_zebra_setup.py::test_zebra_cleanup,call,0.01,41.42
before,5,test_activity_gated_stop,tests/unit_tests/external_interaction/callbacks/rotation/test_ispyb_callback.py::test_activity_gated_stop,setup,0.01,41.42
before,5,test_GIVEN_scan_already_valid_THEN_wait_for_GRIDSCAN_returns_immediately,tests/unit_tests/experiment_plans/test_flyscan_xray_centre_plan.py::TestFlyscanXrayCentrePlan::test_GIVEN_scan_already_valid_THEN_wait_for_GRIDSCAN_returns_immediately,call,0.01,41.42
before,5,test_end_deposition_happy_path,tests/unit_tests/external_interaction/ispyb/test_rotation_ispyb_store.py::test_end_deposition_happy_path,setup,0.01,41.42
before,5,test_getting_status_return_idle,tests/unit_tests/hyperion/test_main_system.py::test_getting_status_return_idle,call,0.01,41.42
before,5,test_begin_deposition_with_group_id_doesnt_insert,tests/unit_tests/external_interaction/ispyb/test_rotation_ispyb_store.py::test_begin_deposition_with_group_id_doesnt_insert,setup,0.01,41.42
before,5,test_zebra_set_up_for_gridscan,tests/unit_tests/device_setup_plans/test_zebra_setup.py::test_zebra_set_up_for_gridscan,call,0.01,41.42
before,5,test_begin_deposition,tests/unit_tests/external_interaction/ispyb/test_rotation_ispyb_store.py::test_begin_deposition,setup,0.01,41.42
before,5,test_store_rotation_scan_failures,tests/unit_tests/external_interaction/ispyb/test_rotation_ispyb_store.py::test_store_rotation_scan_failures,setup,0.01,41.42
before,5,test_begin_deposition,tests/unit_tests/external_interaction/ispyb/test_gridscan_ispyb_store_3d.py::test_begin_deposition,setup,0.01,41.42
before,5,test_apply_and_wait_for_voltages_to_settle_timeout,tests/unit_tests/device_setup_plans/test_dcm_pitch_roll_mirror_adjuster.py::test_apply_and_wait_for_voltages_to_settle_timeout,setup,0.01,41.42
before,5,test_begin_deposition_with_alternate_experiment_type,tests/unit_tests/external_interaction/ispyb/test_rotation_ispyb_store.py::test_begin_deposition_with_alternate_experiment_type,setup,0.01,41.42
before,5,test_start_gives_success,tests/unit_tests/hyperion/test_main_system.py::test_start_gives_success,call,0.01,41.42
before,5,test_update_deposition_with_group_id_updates,tests/unit_tests/external_interaction/ispyb/test_rotation_ispyb_store.py::test_update_deposition_with_group_id_updates,setup,0.01,41.42
before,5,test_ispyb_deposition_comment_for_3D_correct,tests/unit_tests/external_interaction/ispyb/test_gridscan_ispyb_store_3d.py::test_ispyb_deposition_comment_for_3D_correct,setup,0.01,41.42
before,5,test_param_keys,tests/unit_tests/external_interaction/ispyb/test_gridscan_ispyb_store_2d.py::test_param_keys,setup,0.01,41.42
before,5,test_results_passed_to_move_motors,tests/unit_tests/experiment_plans/test_flyscan_xray_centre_plan.py::TestFlyscanXrayCentrePlan::test_results_passed_to_move_motors,call,0.01,41.42
before,5,test_activity_gated_event,tests/unit_tests/external_interaction/callbacks/rotation/test_ispyb_callback.py::test_activity_gated_event,call,0.01,41.42
before,5,test_no_exception_during_run_results_in_good_run_status,tests/unit_tests/external_interaction/ispyb/test_gridscan_ispyb_store_2d.py::test_no_exception_during_run_results_in_good_run_status,setup,0.01,41.42
before,5,test_end_deposition_happy_path,tests/unit_tests/external_interaction/ispyb/test_gridscan_ispyb_store_2d.py::test_end_deposition_happy_path,setup,0.01,41.42
before,5,test_given_ispyb_callback_started_writing_to_ispyb_when_messages_logged_then_they_contain_dcgid,tests/unit_tests/external_interaction/callbacks/xray_centre/test_ispyb_handler.py::TestXrayCentreIspybHandler::test_given_ispyb_callback_started_writing_to_ispyb_when_messages_logged_then_they_contain_dcgid,call,0.01,41.42
before,5,test_update_deposition,tests/unit_tests/external_interaction/ispyb/test_gridscan_ispyb_store_3d.py::test_update_deposition,setup,0.01,41.42
before,5,test_ispyb_deposition_comment_correct,tests/unit_tests/external_interaction/ispyb/test_gridscan_ispyb_store_2d.py::test_ispyb_deposition_comment_correct,setup,0.01,41.42
before,5,test_activity_gated_stop,tests/unit_tests/external_interaction/callbacks/rotation/test_ispyb_callback.py::test_activity_gated_stop,call,0.01,41.42
before,5,test_param_fields_match_components_they_should_use,tests/unit_tests/parameters/test_internal_parameters.py::test_param_fields_match_components_they_should_use,setup,0.01,41.42
before,5,test_activity_gated_event,tests/unit_tests/external_interaction/callbacks/rotation/test_ispyb_callback.py::test_activity_gated_event,setup,0.01,41.42
before,5,test_begin_deposition,tests/unit_tests/external_interaction/ispyb/test_gridscan_ispyb_store_2d.py::test_begin_deposition,setup,0.01,41.42
before,5,test_fail_result_run_results_in_bad_run_status,tests/unit_tests/external_interaction/ispyb/test_gridscan_ispyb_store_2d.py::test_fail_result_run_results_in_bad_run_status,setup,0.01,41.42
before,5,test_given_ispyb_callback_finished_writing_to_ispyb_when_messages_logged_then_they_do_not_contain_dcgid,tests/unit_tests/external_interaction/callbacks/xray_centre/test_ispyb_handler.py::TestXrayCentreIspybHandler::test_given_ispyb_callback_finished_writing_to_ispyb_when_messages_logged_then_they_do_not_contain_dcgid,call,0.01,41.42
before,5,test_plan_with_no_params_fails,tests/unit_tests/hyperion/test_main_system.py::test_plan_with_no_params_fails,setup,0.01,41.42
before,5,test_getting_status_after_start_sent_returns_busy,tests/unit_tests/hyperion/test_main_system.py::test_getting_status_after_start_sent_returns_busy,call,0.01,41.42
before,5,test_internal_params_eq,tests/unit_tests/parameters/test_internal_parameters.py::test_internal_params_eq,call,0.01,41.42
before,5,test_tidy_up_plans_disable_panda_and_zebra,tests/unit_tests/experiment_plans/test_panda_flyscan_xray_centre_plan.py::test_tidy_up_plans_disable_panda_and_zebra,call,0.01,41.42
before,5,test_ispyb_handler_stores_sampleid_for_full_collection_not_screening[3600-True1],tests/unit_tests/external_interaction/callbacks/test_rotation_callbacks.py::test_ispyb_handler_stores_sampleid_for_full_collection_not_screening[3600-True1],call,0.01,41.42
before,5,test_activity_gated_start,tests/unit_tests/external_interaction/callbacks/rotation/test_ispyb_callback.py::test_activity_gated_start,call,0.01,41.42
before,5,test_start_with_json_file_gives_success,tests/unit_tests/hyperion/test_main_system.py::test_start_with_json_file_gives_success,call,0.01,41.42
before,5,test_start_with_json_file_gives_success,tests/unit_tests/hyperion/test_main_system.py::test_start_with_json_file_gives_success,setup,0.01,41.42
before,5,test_given_dummy_data_then_datafile_written_correctly[1044],tests/unit_tests/external_interaction/nexus/test_write_nexus.py::test_given_dummy_data_then_datafile_written_correctly[1044],setup,0.01,41.42
before,5,test_given_detector_move_fails_then_eiger_disarmed_and_correct_exception_returned,tests/unit_tests/device_setup_plans/test_utils.py::test_given_detector_move_fails_then_eiger_disarmed_and_correct_exception_returned,setup,0.01,41.42
before,5,test_activity_gated_start_2d,tests/unit_tests/external_interaction/callbacks/xray_centre/test_ispyb_callback.py::test_activity_gated_start_2d,call,0.01,41.42
before,5,test_given_fgs_plan_finished_when_zocalo_results_event_then_expected_comment_deposited,tests/unit_tests/external_interaction/callbacks/xray_centre/test_ispyb_handler.py::TestXrayCentreIspybHandler::test_given_fgs_plan_finished_when_zocalo_results_event_then_expected_comment_deposited,call,0.01,41.42
before,5,test_messages_are_tagged_with_run_uid,tests/unit_tests/hyperion/test_log/test_log.py::test_messages_are_tagged_with_run_uid,call,0.01,41.42
before,5,test_nexus_handler_gets_documents_in_mock_plan,tests/unit_tests/external_interaction/callbacks/test_rotation_callbacks.py::test_nexus_handler_gets_documents_in_mock_plan,setup,0.01,41.42
before,5,test_getting_status_after_start_sent_returns_busy,tests/unit_tests/hyperion/test_main_system.py::test_getting_status_after_start_sent_returns_busy,setup,0.01,41.42
before,5,test_disarm_panda_disables_correct_blocks,tests/unit_tests/device_setup_plans/test_setup_panda.py::test_disarm_panda_disables_correct_blocks,call,0.01,41.42
before,5,test_getting_status_return_idle,tests/unit_tests/hyperion/test_main_system.py::test_getting_status_return_idle,setup,0.01,41.42
before,5,test_setup_logging,tests/unit_tests/external_interaction/callbacks/test_external_callbacks.py::test_setup_logging,setup,0.01,41.42
before,5,test_end_deposition_happy_path,tests/unit_tests/external_interaction/ispyb/test_gridscan_ispyb_store_3d.py::test_end_deposition_happy_path,call,0.01,41.42
before,5,test_given_started_when_stopped_then_success_and_idle_status,tests/unit_tests/hyperion/test_main_system.py::test_given_started_when_stopped_then_success_and_idle_status,setup,0.01,41.42
before,5,test_given_shutter_open_fails_then_eiger_disarmed_and_correct_exception_returned,tests/unit_tests/device_setup_plans/test_utils.py::test_given_shutter_open_fails_then_eiger_disarmed_and_correct_exception_returned,setup,0.01,41.42
before,5,test_fgs_failing_results_in_bad_run_status_in_ispyb,tests/unit_tests/external_interaction/callbacks/xray_centre/test_ispyb_handler.py::TestXrayCentreIspybHandler::test_fgs_failing_results_in_bad_run_status_in_ispyb,call,0.01,41.42
before,5,test_set_energy,tests/unit_tests/experiment_plans/test_set_energy_plan.py::test_set_energy,call,0.01,41.42
before,5,test_fgs_raising_no_exception_results_in_good_run_status_in_ispyb,tests/unit_tests/external_interaction/callbacks/xray_centre/test_ispyb_handler.py::TestXrayCentreIspybHandler::test_fgs_raising_no_exception_results_in_good_run_status_in_ispyb,call,0.01,41.42
before,5,test_activity_gated_start_3d,tests/unit_tests/external_interaction/callbacks/xray_centre/test_ispyb_callback.py::test_activity_gated_start_3d,call,0.01,41.42
before,5,test_when_plan_run_with_requested_energy_specified_energy_change_executes,tests/unit_tests/experiment_plans/test_wait_for_robot_load_then_centre.py::test_when_plan_run_with_requested_energy_specified_energy_change_executes,call,0.01,41.42
before,5,test_when_topup_before_end_of_collection_wait,tests/unit_tests/device_setup_plans/test_topup_plan.py::test_when_topup_before_end_of_collection_wait,call,0.01,41.42
before,5,test_putting_bad_plan_fails,tests/unit_tests/hyperion/test_main_system.py::test_putting_bad_plan_fails,setup,0.01,41.42
before,5,test_store_rotation_scan_uses_supplied_dcgid[25],tests/unit_tests/external_interaction/ispyb/test_rotation_ispyb_store.py::test_store_rotation_scan_uses_supplied_dcgid[25],setup,0.01,41.42
before,5,test_wait_for_robot_load_then_centre_doesnt_set_energy_if_not_specified,tests/unit_tests/experiment_plans/test_wait_for_robot_load_then_centre.py::test_wait_for_robot_load_then_centre_doesnt_set_energy_if_not_specified,call,0.01,41.42
before,5,test_writers_do_create_one_file_each_on_start_doc_for_run_gridscan,tests/unit_tests/external_interaction/callbacks/xray_centre/test_nexus_handler.py::test_writers_do_create_one_file_each_on_start_doc_for_run_gridscan,call,0.01,41.42
before,5,test_main_function,tests/unit_tests/external_interaction/callbacks/test_external_callbacks.py::test_main_function,call,0.01,41.42
before,5,test_writers_dont_create_on_init_but_do_on_ispyb_event,tests/unit_tests/external_interaction/callbacks/xray_centre/test_nexus_handler.py::test_writers_dont_create_on_init_but_do_on_ispyb_event,call,0.01,41.42
before,5,test_new_parameters_is_a_new_object,tests/unit_tests/parameters/test_external_parameters.py::test_new_parameters_is_a_new_object,call,0.01,41.42
before,5,test_start_gives_success,tests/unit_tests/hyperion/test_main_system.py::test_start_gives_success,setup,0.01,41.42
before,5,test_when_started_n_returnstatus_interrupted_bc_RE_aborted_thn_error_reptd,tests/unit_tests/hyperion/test_main_system.py::test_when_started_n_returnstatus_interrupted_bc_RE_aborted_thn_error_reptd,setup,0.01,41.42
before,5,test_given_plan_raises_when_exception_raised_then_eiger_disarmed_and_correct_exception_returned,tests/unit_tests/device_setup_plans/test_utils.py::test_given_plan_raises_when_exception_raised_then_eiger_disarmed_and_correct_exception_returned,setup,0.01,41.42
before,5,test_ispyb_handler_stores_sampleid_for_full_collection_not_screening[2000-True1],tests/unit_tests/external_interaction/callbacks/test_rotation_callbacks.py::test_ispyb_handler_stores_sampleid_for_full_collection_not_screening[2000-True1],call,0.01,41.42
before,5,test_given_started_when_stopped_and_started_again_then_runs,tests/unit_tests/hyperion/test_main_system.py::test_given_started_when_stopped_and_started_again_then_runs,setup,0.01,41.42
before,5,test_log_on_invalid_json_params,tests/unit_tests/hyperion/test_main_system.py::test_log_on_invalid_json_params,setup,0.01,41.42
before,6,test_when_grid_scan_fails_then_detector_disarmed_and_correct_exception_returned,tests/unit_tests/experiment_plans/test_flyscan_xray_centre_plan.py::TestFlyscanXrayCentrePlan::test_when_grid_scan_fails_then_detector_disarmed_and_correct_exception_returned,call,1.17,37.68
before,6,test_ispyb_reuses_dcgid_on_same_sampleID[ispyb_ids3],tests/unit_tests/external_interaction/callbacks/test_rotation_callbacks.py::test_ispyb_reuses_dcgid_on_same_sampleID[ispyb_ids3],call,0.89,37.68
before,6,test_ispyb_reuses_dcgid_on_same_sampleID[ispyb_ids5],tests/unit_tests/external_interaction/callbacks/test_rotation_callbacks.py::test_ispyb_reuses_dcgid_on_same_sampleID[ispyb_ids5],call,0.84,37.68
before,6,test_zocalo_start_and_end_not_triggered_if_ispyb_ids_not_present,tests/unit_tests/external_interaction/callbacks/test_rotation_callbacks.py::test_zocalo_start_and_end_not_triggered_if_ispyb_ids_not_present,call,0.78,37.68
before,6,test_nexus_handler_triggers_write_file_when_told,tests/unit_tests/external_interaction/callbacks/test_rotation_callbacks.py::test_nexus_handler_triggers_write_file_when_told,call,0.75,37.68
before,6,test_apply_and_wait_for_voltages_to_settle_timeout,tests/unit_tests/device_setup_plans/test_dcm_pitch_roll_mirror_adjuster.py::test_apply_and_wait_for_voltages_to_settle_timeout,call,0.75,37.68
before,6,test_rotation_scan_nexus_output_compared_to_existing_file,tests/unit_tests/external_interaction/test_write_rotation_nexus.py::test_rotation_scan_nexus_output_compared_to_existing_file,call,0.73,37.68
before,6,test_given_no_tip_when_wait_for_tip_to_be_found_called_then_exception_thrown,tests/unit_tests/device_setup_plans/test_setup_oav.py::test_given_no_tip_when_wait_for_tip_to_be_found_called_then_exception_thrown,call,0.72,37.68
before,6,test_given_detector_bit_depth_changes_then_vds_datatype_as_expected[16-uint16],tests/unit_tests/external_interaction/test_write_rotation_nexus.py::test_given_detector_bit_depth_changes_then_vds_datatype_as_expected[16-uint16],call,0.7,37.68
before,6,test_given_detector_bit_depth_changes_then_vds_datatype_as_expected[8-uint8],tests/unit_tests/external_interaction/test_write_rotation_nexus.py::test_given_detector_bit_depth_changes_then_vds_datatype_as_expected[8-uint8],call,0.7,37.68
before,6,test_given_detector_bit_depth_changes_then_vds_datatype_as_expected[100-uint16],tests/unit_tests/external_interaction/test_write_rotation_nexus.py::test_given_detector_bit_depth_changes_then_vds_datatype_as_expected[100-uint16],call,0.69,37.68
before,6,test_given_detector_bit_depth_changes_then_vds_datatype_as_expected[32-uint32],tests/unit_tests/external_interaction/test_write_rotation_nexus.py::test_given_detector_bit_depth_changes_then_vds_datatype_as_expected[32-uint32],call,0.69,37.68
before,6,test_when_grid_scan_fails_then_detector_disarmed_and_correct_exception_returned,tests/unit_tests/experiment_plans/test_panda_flyscan_xray_centre_plan.py::TestFlyscanXrayCentrePlan::test_when_grid_scan_fails_then_detector_disarmed_and_correct_exception_returned,call,0.64,37.68
before,6,test_when_grid_scan_fails_then_detector_disarmed_and_correct_exception_returned,tests/unit_tests/experiment_plans/test_panda_flyscan_xray_centre_plan.py::TestFlyscanXrayCentrePlan::test_when_grid_scan_fails_then_detector_disarmed_and_correct_exception_returned,setup,0.62,37.68
before,6,test_given_no_tip_found_ever_when_get_tip_into_view_then_smargon_moved_positive_and_exception_thrown,tests/unit_tests/experiment_plans/test_pin_tip_centring.py::test_given_no_tip_found_ever_when_get_tip_into_view_then_smargon_moved_positive_and_exception_thrown,call,0.58,37.68
before,6,test_given_smargon_disabled_for_longer_than_timeout_when_plan_run_then_throws_exception,tests/unit_tests/experiment_plans/test_wait_for_robot_load_then_centre.py::test_given_smargon_disabled_for_longer_than_timeout_when_plan_run_then_throws_exception,call,0.54,37.68
before,6,test_given_gridscan_fails_to_centre_then_stub_offsets_not_set,tests/unit_tests/experiment_plans/test_flyscan_xray_centre_plan.py::TestFlyscanXrayCentrePlan::test_given_gridscan_fails_to_centre_then_stub_offsets_not_set,call,0.53,37.68
before,6,test_ispyb_reuses_dcgid_on_same_sampleID[ispyb_ids2],tests/unit_tests/external_interaction/callbacks/test_rotation_callbacks.py::test_ispyb_reuses_dcgid_on_same_sampleID[ispyb_ids2],call,0.47,37.68
before,6,test_grid_detection_plan_gives_warningerror_if_tip_not_found,tests/unit_tests/experiment_plans/test_grid_detection_plan.py::test_grid_detection_plan_gives_warningerror_if_tip_not_found,call,0.45,37.68
before,6,test_GIVEN_scan_not_valid_THEN_wait_for_GRIDSCAN_raises_and_sleeps_called,tests/unit_tests/experiment_plans/test_flyscan_xray_centre_plan.py::TestFlyscanXrayCentrePlan::test_GIVEN_scan_not_valid_THEN_wait_for_GRIDSCAN_raises_and_sleeps_called,call,0.45,37.68
before,6,test_ispyb_reuses_dcgid_on_same_sampleID[ispyb_ids4],tests/unit_tests/external_interaction/callbacks/test_rotation_callbacks.py::test_ispyb_reuses_dcgid_on_same_sampleID[ispyb_ids4],call,0.45,37.68
before,6,test_ispyb_reuses_dcgid_on_same_sampleID[ispyb_ids7],tests/unit_tests/external_interaction/callbacks/test_rotation_callbacks.py::test_ispyb_reuses_dcgid_on_same_sampleID[ispyb_ids7],call,0.44,37.68
before,6,test_ispyb_reuses_dcgid_on_same_sampleID[ispyb_ids0],tests/unit_tests/external_interaction/callbacks/test_rotation_callbacks.py::test_ispyb_reuses_dcgid_on_same_sampleID[ispyb_ids0],call,0.44,37.68
before,6,test_ispyb_reuses_dcgid_on_same_sampleID[ispyb_ids6],tests/unit_tests/external_interaction/callbacks/test_rotation_callbacks.py::test_ispyb_reuses_dcgid_on_same_sampleID[ispyb_ids6],call,0.44,37.68
before,6,test_ispyb_reuses_dcgid_on_same_sampleID[ispyb_ids1],tests/unit_tests/external_interaction/callbacks/test_rotation_callbacks.py::test_ispyb_reuses_dcgid_on_same_sampleID[ispyb_ids1],call,0.44,37.68
before,6,test_when_grid_detection_plan_run_twice_then_values_do_not_persist_in_callback,tests/unit_tests/experiment_plans/test_grid_detection_plan.py::test_when_grid_detection_plan_run_twice_then_values_do_not_persist_in_callback,call,0.43,37.68
before,6,test_given_gridscan_fails_to_centre_then_stub_offsets_not_set,tests/unit_tests/experiment_plans/test_panda_flyscan_xray_centre_plan.py::TestFlyscanXrayCentrePlan::test_given_gridscan_fails_to_centre_then_stub_offsets_not_set,call,0.42,37.68
before,6,test_total_count_exception_raised_after_max_cycles_reached,tests/unit_tests/experiment_plans/test_optimise_attenuation_plan.py::test_total_count_exception_raised_after_max_cycles_reached,call,0.4,37.68
before,6,test_when_set_up_oav_with_different_zoom_levels_then_flat_field_applied_correctly[1.0-proc],tests/unit_tests/device_setup_plans/test_setup_oav.py::test_when_set_up_oav_with_different_zoom_levels_then_flat_field_applied_correctly[1.0-proc],call,0.38,37.68
before,6,test_when_set_up_oav_with_different_zoom_levels_then_flat_field_applied_correctly[7.0-CAM],tests/unit_tests/device_setup_plans/test_setup_oav.py::test_when_set_up_oav_with_different_zoom_levels_then_flat_field_applied_correctly[7.0-CAM],call,0.38,37.68
before,6,test_full_rotation_plan_smargon_settings,tests/unit_tests/experiment_plans/test_rotation_scan_plan.py::test_full_rotation_plan_smargon_settings,setup,0.37,37.68
before,6,test_when_set_up_oav_then_only_waits_on_oav_to_finish,tests/unit_tests/device_setup_plans/test_setup_oav.py::test_when_set_up_oav_then_only_waits_on_oav_to_finish,call,0.37,37.68
before,6,test_cleanup_happens,tests/unit_tests/experiment_plans/test_rotation_scan_plan.py::test_cleanup_happens,call,0.36,37.68
before,6,test_GIVEN_no_results_from_zocalo_WHEN_communicator_wait_for_results_called_THEN_fallback_centre_used,tests/unit_tests/experiment_plans/test_flyscan_xray_centre_plan.py::TestFlyscanXrayCentrePlan::test_GIVEN_no_results_from_zocalo_WHEN_communicator_wait_for_results_called_THEN_fallback_centre_used,setup,0.33,37.68
before,6,test_given_shutter_open_fails_then_eiger_disarmed_and_correct_exception_returned,tests/unit_tests/device_setup_plans/test_utils.py::test_given_shutter_open_fails_then_eiger_disarmed_and_correct_exception_returned,call,0.31,37.68
before,6,test_when_run_gridscan_called_ispyb_deposition_made_and_records_errors,tests/unit_tests/experiment_plans/test_flyscan_xray_centre_plan.py::TestFlyscanXrayCentrePlan::test_when_run_gridscan_called_ispyb_deposition_made_and_records_errors,setup,0.3,37.68
before,6,test_given_detector_move_fails_then_eiger_disarmed_and_correct_exception_returned,tests/unit_tests/device_setup_plans/test_utils.py::test_given_detector_move_fails_then_eiger_disarmed_and_correct_exception_returned,call,0.3,37.68
before,6,test_when_context_created_then_contains_expected_number_of_plans,tests/unit_tests/hyperion/test_main_system.py::test_when_context_created_then_contains_expected_number_of_plans,call,0.29,37.68
before,6,test_given_plan_raises_when_exception_raised_then_eiger_disarmed_and_correct_exception_returned,tests/unit_tests/device_setup_plans/test_utils.py::test_given_plan_raises_when_exception_raised_then_eiger_disarmed_and_correct_exception_returned,call,0.29,37.68
before,6,test_given_moving_out_of_range_when_move_with_warn_called_then_warning_exception,tests/unit_tests/experiment_plans/test_pin_tip_centring.py::test_given_moving_out_of_range_when_move_with_warn_called_then_warning_exception,call,0.27,37.68
before,6,test_when_grid_detection_plan_run_then_grid_detection_callback_gets_correct_values,tests/unit_tests/experiment_plans/test_grid_detection_plan.py::test_when_grid_detection_plan_run_then_grid_detection_callback_gets_correct_values,call,0.25,37.68
before,6,test_results_adjusted_and_passed_to_move_xyz,tests/unit_tests/experiment_plans/test_flyscan_xray_centre_plan.py::TestFlyscanXrayCentrePlan::test_results_adjusted_and_passed_to_move_xyz,call,0.24,37.68
before,6,test_rotation_scan,tests/unit_tests/experiment_plans/test_rotation_scan_plan.py::test_rotation_scan,setup,0.23,37.68
before,6,test_adjust_mirror_stripe[6.999-Bare-140-15],tests/unit_tests/device_setup_plans/test_dcm_pitch_roll_mirror_adjuster.py::test_adjust_mirror_stripe[6.999-Bare-140-15],call,0.23,37.68
before,6,test_adjust_mirror_stripe[7.001-Rhodium-124--46],tests/unit_tests/device_setup_plans/test_dcm_pitch_roll_mirror_adjuster.py::test_adjust_mirror_stripe[7.001-Rhodium-124--46],call,0.23,37.68
before,6,test_apply_and_wait_for_voltages_to_settle_happy_path,tests/unit_tests/device_setup_plans/test_dcm_pitch_roll_mirror_adjuster.py::test_apply_and_wait_for_voltages_to_settle_happy_path,call,0.23,37.68
before,6,test_when_run_gridscan_called_ispyb_deposition_made_and_records_errors,tests/unit_tests/experiment_plans/test_flyscan_xray_centre_plan.py::TestFlyscanXrayCentrePlan::test_when_run_gridscan_called_ispyb_deposition_made_and_records_errors,call,0.22,37.68
before,6,test_when_started_n_returnstatus_interrupted_bc_RE_aborted_thn_error_reptd,tests/unit_tests/hyperion/test_main_system.py::test_when_started_n_returnstatus_interrupted_bc_RE_aborted_thn_error_reptd,call,0.21,37.68
before,6,test_when_grid_scan_ran_then_eiger_disarmed_before_zocalo_end,tests/unit_tests/experiment_plans/test_panda_flyscan_xray_centre_plan.py::TestFlyscanXrayCentrePlan::test_when_grid_scan_ran_then_eiger_disarmed_before_zocalo_end,call,0.21,37.68
before,6,test_when_grid_scan_ran_then_eiger_disarmed_before_zocalo_end,tests/unit_tests/experiment_plans/test_flyscan_xray_centre_plan.py::TestFlyscanXrayCentrePlan::test_when_grid_scan_ran_then_eiger_disarmed_before_zocalo_end,call,0.2,37.68
before,6,test_GIVEN_no_results_from_zocalo_WHEN_communicator_wait_for_results_called_THEN_fallback_centre_used,tests/unit_tests/experiment_plans/test_panda_flyscan_xray_centre_plan.py::TestFlyscanXrayCentrePlan::test_GIVEN_no_results_from_zocalo_WHEN_communicator_wait_for_results_called_THEN_fallback_centre_used,call,0.2,37.68
before,6,test_GIVEN_no_results_from_zocalo_WHEN_communicator_wait_for_results_called_THEN_fallback_centre_used,tests/unit_tests/experiment_plans/test_flyscan_xray_centre_plan.py::TestFlyscanXrayCentrePlan::test_GIVEN_no_results_from_zocalo_WHEN_communicator_wait_for_results_called_THEN_fallback_centre_used,call,0.19,37.68
before,6,test_given_when_grid_detect_then_upper_left_and_start_position_as_expected,tests/unit_tests/experiment_plans/test_grid_detection_plan.py::test_given_when_grid_detect_then_upper_left_and_start_position_as_expected,call,0.18,37.68
before,6,test_GIVEN_scan_not_valid_THEN_wait_for_GRIDSCAN_raises_and_sleeps_called,tests/unit_tests/experiment_plans/test_panda_flyscan_xray_centre_plan.py::TestFlyscanXrayCentrePlan::test_GIVEN_scan_not_valid_THEN_wait_for_GRIDSCAN_raises_and_sleeps_called,call,0.18,37.68
before,6,test_given_no_tip_found_but_will_be_found_when_get_tip_into_view_then_smargon_moved_positive_and_tip_returned,tests/unit_tests/experiment_plans/test_pin_tip_centring.py::test_given_no_tip_found_but_will_be_found_when_get_tip_into_view_then_smargon_moved_positive_and_tip_returned,call,0.17,37.68
before,6,test_zebra_set_up_for_rotation,tests/unit_tests/device_setup_plans/test_zebra_setup.py::test_zebra_set_up_for_rotation,call,0.17,37.68
before,6,test_when_all_tries_fail_then_bluesky_retry_throws_error,tests/unit_tests/device_setup_plans/test_zebra_setup.py::test_when_all_tries_fail_then_bluesky_retry_throws_error,call,0.15,37.68
before,6,test_fgs_arms_eiger_without_grid_detect,tests/unit_tests/experiment_plans/test_panda_flyscan_xray_centre_plan.py::TestFlyscanXrayCentrePlan::test_fgs_arms_eiger_without_grid_detect,call,0.15,37.68
before,6,test_fgs_arms_eiger_without_grid_detect,tests/unit_tests/experiment_plans/test_flyscan_xray_centre_plan.py::TestFlyscanXrayCentrePlan::test_fgs_arms_eiger_without_grid_detect,call,0.15,37.68
before,6,test_results_adjusted_and_passed_to_move_xyz,tests/unit_tests/experiment_plans/test_panda_flyscan_xray_centre_plan.py::TestFlyscanXrayCentrePlan::test_results_adjusted_and_passed_to_move_xyz,call,0.15,37.68
before,6,test_when_gridscan_fails_ispyb_comment_appended_to,tests/unit_tests/experiment_plans/test_panda_flyscan_xray_centre_plan.py::TestFlyscanXrayCentrePlan::test_when_gridscan_fails_ispyb_comment_appended_to,call,0.15,37.68
before,6,test_pin_tip_starting_near_positive_edge_doesnt_exceed_limit,tests/unit_tests/experiment_plans/test_pin_tip_centring.py::test_pin_tip_starting_near_positive_edge_doesnt_exceed_limit,call,0.14,37.68
before,6,test_grid_detection_plan_runs_and_triggers_snapshots,tests/unit_tests/experiment_plans/test_grid_detection_plan.py::test_grid_detection_plan_runs_and_triggers_snapshots,call,0.14,37.68
before,6,test_pin_tip_starting_near_negative_edge_doesnt_exceed_limit,tests/unit_tests/experiment_plans/test_pin_tip_centring.py::test_pin_tip_starting_near_negative_edge_doesnt_exceed_limit,call,0.14,37.68
before,6,test_rotation_plan_runs,tests/unit_tests/experiment_plans/test_rotation_scan_plan.py::test_rotation_plan_runs,setup,0.12,37.68
before,6,test_rotation_plan_zebra_settings,tests/unit_tests/experiment_plans/test_rotation_scan_plan.py::test_rotation_plan_zebra_settings,setup,0.12,37.68
before,6,test_rotation_plan_smargon_doesnt_move_xyz_if_not_given_in_params,tests/unit_tests/experiment_plans/test_rotation_scan_plan.py::test_rotation_plan_smargon_doesnt_move_xyz_if_not_given_in_params,setup,0.12,37.68
before,6,test_rotation_plan_energy_settings,tests/unit_tests/experiment_plans/test_rotation_scan_plan.py::test_rotation_plan_energy_settings,setup,0.12,37.68
before,6,test_given_xbpm_checks_fail_when_plan_run_with_decorator_then_plan_not_run,tests/unit_tests/device_setup_plans/test_xbpm_feedback.py::test_given_xbpm_checks_fail_when_plan_run_with_decorator_then_plan_not_run,call,0.11,37.68
before,6,test_given_xpbm_checks_pass_and_plan_fails_when_plan_run_with_decorator_then_cleaned_up,tests/unit_tests/device_setup_plans/test_xbpm_feedback.py::test_given_xpbm_checks_pass_and_plan_fails_when_plan_run_with_decorator_then_cleaned_up,call,0.11,37.68
before,6,test_start_gives_success,tests/unit_tests/hyperion/test_main_system.py::test_start_gives_success,teardown,0.1,37.68
before,6,test_getting_status_after_start_sent_returns_busy,tests/unit_tests/hyperion/test_main_system.py::test_getting_status_after_start_sent_returns_busy,teardown,0.1,37.68
before,6,test_given_started_when_stopped_and_started_again_then_runs,tests/unit_tests/hyperion/test_main_system.py::test_given_started_when_stopped_and_started_again_then_runs,teardown,0.1,37.68
before,6,test_getting_status_return_idle,tests/unit_tests/hyperion/test_main_system.py::test_getting_status_return_idle,teardown,0.1,37.68
before,6,test_sending_start_twice_fails,tests/unit_tests/hyperion/test_main_system.py::test_sending_start_twice_fails,teardown,0.1,37.68
before,6,test_when_pin_centre_xray_centre_called_then_detector_positioned,tests/unit_tests/experiment_plans/test_pin_centre_then_xray_centre_plan.py::test_when_pin_centre_xray_centre_called_then_detector_positioned,call,0.1,37.68
before,6,test_given_started_when_stopped_then_success_and_idle_status,tests/unit_tests/hyperion/test_main_system.py::test_given_started_when_stopped_then_success_and_idle_status,teardown,0.1,37.68
before,6,test_when_full_grid_scan_run_then_parameters_sent_to_fgs_as_expected,tests/unit_tests/experiment_plans/test_grid_detect_then_xray_centre_plan.py::test_when_full_grid_scan_run_then_parameters_sent_to_fgs_as_expected,call,0.09,37.68
before,6,test_detect_grid_and_do_gridscan,tests/unit_tests/experiment_plans/test_grid_detect_then_xray_centre_plan.py::test_detect_grid_and_do_gridscan,call,0.09,37.68
before,6,test_total_count_calc_new_transmission_raises_error_on_low_ransmission,tests/unit_tests/experiment_plans/test_optimise_attenuation_plan.py::test_total_count_calc_new_transmission_raises_error_on_low_ransmission,call,0.08,37.68
before,6,test_if_smargon_speed_over_limit_then_log_error,tests/unit_tests/experiment_plans/test_panda_flyscan_xray_centre_plan.py::test_if_smargon_speed_over_limit_then_log_error,call,0.07,37.68
before,6,test_rotation_scan,tests/unit_tests/experiment_plans/test_rotation_scan_plan.py::test_rotation_scan,call,0.07,37.68
before,6,test_ispyb_handler_grabs_uid_from_main_plan_and_not_first_start_doc,tests/unit_tests/external_interaction/callbacks/test_rotation_callbacks.py::test_ispyb_handler_grabs_uid_from_main_plan_and_not_first_start_doc,call,0.06,37.68
before,6,test_when_gridscan_succeeds_ispyb_comment_appended_to,tests/unit_tests/experiment_plans/test_panda_flyscan_xray_centre_plan.py::TestFlyscanXrayCentrePlan::test_when_gridscan_succeeds_ispyb_comment_appended_to,call,0.06,37.68
before,6,test_read_hardware_for_ispyb_updates_from_ophyd_devices,tests/unit_tests/experiment_plans/test_flyscan_xray_centre_plan.py::TestFlyscanXrayCentrePlan::test_read_hardware_for_ispyb_updates_from_ophyd_devices,call,0.06,37.68
before,6,test_kickoff_and_complete_gridscan_triggers_zocalo,tests/unit_tests/experiment_plans/test_flyscan_xray_centre_plan.py::test_kickoff_and_complete_gridscan_triggers_zocalo,call,0.06,37.68
before,6,test_ispyb_starts_on_opening_and_zocalo_on_main_so_ispyb_triggered_before_zocalo,tests/unit_tests/external_interaction/callbacks/test_rotation_callbacks.py::test_ispyb_starts_on_opening_and_zocalo_on_main_so_ispyb_triggered_before_zocalo,call,0.05,37.68
before,6,test_individual_plans_triggered_once_and_only_once_in_composite_run,tests/unit_tests/experiment_plans/test_panda_flyscan_xray_centre_plan.py::TestFlyscanXrayCentrePlan::test_individual_plans_triggered_once_and_only_once_in_composite_run,call,0.05,37.68
before,6,test_GIVEN_no_results_from_zocalo_WHEN_communicator_wait_for_results_called_THEN_fallback_centre_used,tests/unit_tests/experiment_plans/test_panda_flyscan_xray_centre_plan.py::TestFlyscanXrayCentrePlan::test_GIVEN_no_results_from_zocalo_WHEN_communicator_wait_for_results_called_THEN_fallback_centre_used,setup,0.05,37.68
before,6,test_individual_plans_triggered_once_and_only_once_in_composite_run,tests/unit_tests/experiment_plans/test_panda_flyscan_xray_centre_plan.py::TestFlyscanXrayCentrePlan::test_individual_plans_triggered_once_and_only_once_in_composite_run,setup,0.05,37.68
before,6,test_when_grid_scan_ran_then_eiger_disarmed_before_zocalo_end,tests/unit_tests/experiment_plans/test_panda_flyscan_xray_centre_plan.py::TestFlyscanXrayCentrePlan::test_when_grid_scan_ran_then_eiger_disarmed_before_zocalo_end,setup,0.05,37.68
before,6,test_when_gridscan_succeeds_ispyb_comment_appended_to,tests/unit_tests/experiment_plans/test_flyscan_xray_centre_plan.py::TestFlyscanXrayCentrePlan::test_when_gridscan_succeeds_ispyb_comment_appended_to,call,0.05,37.68
before,6,test_when_gridscan_finished_then_smargon_stub_offsets_are_set,tests/unit_tests/experiment_plans/test_panda_flyscan_xray_centre_plan.py::TestFlyscanXrayCentrePlan::test_when_gridscan_finished_then_smargon_stub_offsets_are_set,call,0.05,37.68
before,6,test_given_setting_stub_offsets_disabled_then_stub_offsets_not_set,tests/unit_tests/experiment_plans/test_panda_flyscan_xray_centre_plan.py::TestFlyscanXrayCentrePlan::test_given_setting_stub_offsets_disabled_then_stub_offsets_not_set,setup,0.05,37.68
before,6,test_read_hardware_for_ispyb_updates_from_ophyd_devices,tests/unit_tests/experiment_plans/test_panda_flyscan_xray_centre_plan.py::TestFlyscanXrayCentrePlan::test_read_hardware_for_ispyb_updates_from_ophyd_devices,call,0.05,37.68
before,6,test_when_first_try_fails_then_bluesky_retry_tries_again,tests/unit_tests/device_setup_plans/test_zebra_setup.py::test_when_first_try_fails_then_bluesky_retry_tries_again,call,0.05,37.68
before,6,test_when_gridscan_succeeds_ispyb_comment_appended_to,tests/unit_tests/experiment_plans/test_panda_flyscan_xray_centre_plan.py::TestFlyscanXrayCentrePlan::test_when_gridscan_succeeds_ispyb_comment_appended_to,setup,0.05,37.68
before,6,test_when_gridscan_finished_then_smargon_stub_offsets_are_set,tests/unit_tests/experiment_plans/test_panda_flyscan_xray_centre_plan.py::TestFlyscanXrayCentrePlan::test_when_gridscan_finished_then_smargon_stub_offsets_are_set,setup,0.05,37.68
before,6,test_results_adjusted_and_passed_to_move_xyz,tests/unit_tests/experiment_plans/test_panda_flyscan_xray_centre_plan.py::TestFlyscanXrayCentrePlan::test_results_adjusted_and_passed_to_move_xyz,setup,0.05,37.68
before,6,test_ispyb_specifies_experiment_type_if_supplied,tests/unit_tests/external_interaction/callbacks/test_rotation_callbacks.py::test_ispyb_specifies_experiment_type_if_supplied,call,0.05,37.68
before,6,test_when_gridscan_finished_then_smargon_stub_offsets_are_set,tests/unit_tests/experiment_plans/test_flyscan_xray_centre_plan.py::TestFlyscanXrayCentrePlan::test_when_gridscan_finished_then_smargon_stub_offsets_are_set,call,0.05,37.68
before,6,test_when_gridscan_fails_ispyb_comment_appended_to,tests/unit_tests/experiment_plans/test_panda_flyscan_xray_centre_plan.py::TestFlyscanXrayCentrePlan::test_when_gridscan_fails_ispyb_comment_appended_to,setup,0.05,37.68
before,6,test_individual_plans_triggered_once_and_only_once_in_composite_run,tests/unit_tests/experiment_plans/test_flyscan_xray_centre_plan.py::TestFlyscanXrayCentrePlan::test_individual_plans_triggered_once_and_only_once_in_composite_run,call,0.05,37.68
before,6,test_given_setting_stub_offsets_disabled_then_stub_offsets_not_set,tests/unit_tests/experiment_plans/test_panda_flyscan_xray_centre_plan.py::TestFlyscanXrayCentrePlan::test_given_setting_stub_offsets_disabled_then_stub_offsets_not_set,call,0.05,37.68
before,6,test_given_setting_stub_offsets_disabled_then_stub_offsets_not_set,tests/unit_tests/experiment_plans/test_flyscan_xray_centre_plan.py::TestFlyscanXrayCentrePlan::test_given_setting_stub_offsets_disabled_then_stub_offsets_not_set,setup,0.05,37.68
before,6,test_results_adjusted_and_passed_to_move_xyz,tests/unit_tests/experiment_plans/test_flyscan_xray_centre_plan.py::TestFlyscanXrayCentrePlan::test_results_adjusted_and_passed_to_move_xyz,setup,0.05,37.68
before,6,test_when_gridscan_fails_ispyb_comment_appended_to,tests/unit_tests/experiment_plans/test_flyscan_xray_centre_plan.py::TestFlyscanXrayCentrePlan::test_when_gridscan_fails_ispyb_comment_appended_to,setup,0.05,37.68
before,6,test_individual_plans_triggered_once_and_only_once_in_composite_run,tests/unit_tests/experiment_plans/test_flyscan_xray_centre_plan.py::TestFlyscanXrayCentrePlan::test_individual_plans_triggered_once_and_only_once_in_composite_run,setup,0.05,37.68
before,6,test_when_grid_scan_ran_then_eiger_disarmed_before_zocalo_end,tests/unit_tests/experiment_plans/test_flyscan_xray_centre_plan.py::TestFlyscanXrayCentrePlan::test_when_grid_scan_ran_then_eiger_disarmed_before_zocalo_end,setup,0.05,37.68
before,6,test_if_smargon_speed_over_limit_then_log_error,tests/unit_tests/experiment_plans/test_panda_flyscan_xray_centre_plan.py::test_if_smargon_speed_over_limit_then_log_error,setup,0.05,37.68
before,6,test_results_passed_to_move_motors,tests/unit_tests/experiment_plans/test_panda_flyscan_xray_centre_plan.py::TestFlyscanXrayCentrePlan::test_results_passed_to_move_motors,setup,0.05,37.68
before,6,test_when_gridscan_finished_then_smargon_stub_offsets_are_set,tests/unit_tests/experiment_plans/test_flyscan_xray_centre_plan.py::TestFlyscanXrayCentrePlan::test_when_gridscan_finished_then_smargon_stub_offsets_are_set,setup,0.05,37.68
before,6,test_when_gridscan_succeeds_ispyb_comment_appended_to,tests/unit_tests/experiment_plans/test_flyscan_xray_centre_plan.py::TestFlyscanXrayCentrePlan::test_when_gridscan_succeeds_ispyb_comment_appended_to,setup,0.05,37.68
before,6,test_fgs_arms_eiger_without_grid_detect,tests/unit_tests/experiment_plans/test_panda_flyscan_xray_centre_plan.py::TestFlyscanXrayCentrePlan::test_fgs_arms_eiger_without_grid_detect,setup,0.05,37.68
before,6,test_read_hardware_for_ispyb_updates_from_ophyd_devices,tests/unit_tests/experiment_plans/test_panda_flyscan_xray_centre_plan.py::TestFlyscanXrayCentrePlan::test_read_hardware_for_ispyb_updates_from_ophyd_devices,setup,0.05,37.68
before,6,test_given_gridscan_fails_to_centre_then_stub_offsets_not_set,tests/unit_tests/experiment_plans/test_panda_flyscan_xray_centre_plan.py::TestFlyscanXrayCentrePlan::test_given_gridscan_fails_to_centre_then_stub_offsets_not_set,setup,0.05,37.68
before,6,test_nexus_handler_gets_documents_in_mock_plan,tests/unit_tests/external_interaction/callbacks/test_rotation_callbacks.py::test_nexus_handler_gets_documents_in_mock_plan,call,0.05,37.68
before,6,test_given_setting_stub_offsets_disabled_then_stub_offsets_not_set,tests/unit_tests/experiment_plans/test_flyscan_xray_centre_plan.py::TestFlyscanXrayCentrePlan::test_given_setting_stub_offsets_disabled_then_stub_offsets_not_set,call,0.05,37.68
before,6,test_given_gridscan_fails_to_centre_then_stub_offsets_not_set,tests/unit_tests/experiment_plans/test_flyscan_xray_centre_plan.py::TestFlyscanXrayCentrePlan::test_given_gridscan_fails_to_centre_then_stub_offsets_not_set,setup,0.05,37.68
before,6,test_fgs_arms_eiger_without_grid_detect,tests/unit_tests/experiment_plans/test_flyscan_xray_centre_plan.py::TestFlyscanXrayCentrePlan::test_fgs_arms_eiger_without_grid_detect,setup,0.04,37.68
before,6,test_when_grid_scan_fails_then_detector_disarmed_and_correct_exception_returned,tests/unit_tests/experiment_plans/test_flyscan_xray_centre_plan.py::TestFlyscanXrayCentrePlan::test_when_grid_scan_fails_then_detector_disarmed_and_correct_exception_returned,setup,0.04,37.68
before,6,test_kickoff_and_complete_gridscan_triggers_zocalo,tests/unit_tests/experiment_plans/test_flyscan_xray_centre_plan.py::test_kickoff_and_complete_gridscan_triggers_zocalo,setup,0.04,37.68
before,6,test_read_hardware_for_ispyb_updates_from_ophyd_devices,tests/unit_tests/experiment_plans/test_flyscan_xray_centre_plan.py::TestFlyscanXrayCentrePlan::test_read_hardware_for_ispyb_updates_from_ophyd_devices,setup,0.04,37.68
before,6,test_cleanup_happens,tests/unit_tests/experiment_plans/test_rotation_scan_plan.py::test_cleanup_happens,setup,0.04,37.68
before,6,test_nexus_handler_only_writes_once,tests/unit_tests/external_interaction/callbacks/test_rotation_callbacks.py::test_nexus_handler_only_writes_once,call,0.04,37.68
before,6,test_given_tip_at_zero_but_will_be_found_when_get_tip_into_view_then_smargon_moved_negative_and_tip_returned,tests/unit_tests/experiment_plans/test_pin_tip_centring.py::test_given_tip_at_zero_but_will_be_found_when_get_tip_into_view_then_smargon_moved_negative_and_tip_returned,call,0.04,37.68
before,6,test_results_passed_to_move_motors,tests/unit_tests/experiment_plans/test_flyscan_xray_centre_plan.py::TestFlyscanXrayCentrePlan::test_results_passed_to_move_motors,setup,0.04,37.68
before,6,test_when_gridscan_fails_ispyb_comment_appended_to,tests/unit_tests/experiment_plans/test_flyscan_xray_centre_plan.py::TestFlyscanXrayCentrePlan::test_when_gridscan_fails_ispyb_comment_appended_to,call,0.04,37.68
before,6,test_total_counts_calc_new_transmission_raises_warning_on_high_transmission,tests/unit_tests/experiment_plans/test_optimise_attenuation_plan.py::test_total_counts_calc_new_transmission_raises_warning_on_high_transmission,call,0.04,37.68
before,6,test_trigger_and_return_pin_tip_works_for_AD_pin_tip_detection,tests/unit_tests/experiment_plans/test_pin_tip_centring.py::test_trigger_and_return_pin_tip_works_for_AD_pin_tip_detection,setup,0.04,37.68
before,6,test_rotation_scan_nexus_output_compared_to_existing_file,tests/unit_tests/external_interaction/test_write_rotation_nexus.py::test_rotation_scan_nexus_output_compared_to_existing_file,setup,0.04,37.68
before,6,test_log_on_invalid_json_params,tests/unit_tests/hyperion/test_main_system.py::test_log_on_invalid_json_params,call,0.03,37.68
before,6,test_when_detected_grid_has_odd_y_steps_then_add_a_y_step_and_shift_grid[True],tests/unit_tests/experiment_plans/test_grid_detection_plan.py::test_when_detected_grid_has_odd_y_steps_then_add_a_y_step_and_shift_grid[True],call,0.03,37.68
before,6,test_putting_bad_plan_fails,tests/unit_tests/hyperion/test_main_system.py::test_putting_bad_plan_fails,call,0.03,37.68
before,6,test_given_xpbm_checks_pass_when_plan_run_with_decorator_then_run_as_expected,tests/unit_tests/device_setup_plans/test_xbpm_feedback.py::test_given_xpbm_checks_pass_when_plan_run_with_decorator_then_run_as_expected,call,0.03,37.68
before,6,test_when_detected_grid_has_odd_y_steps_then_add_a_y_step_and_shift_grid[False],tests/unit_tests/experiment_plans/test_grid_detection_plan.py::test_when_detected_grid_has_odd_y_steps_then_add_a_y_step_and_shift_grid[False],call,0.03,37.68
before,6,test_plan_with_no_params_fails,tests/unit_tests/hyperion/test_main_system.py::test_plan_with_no_params_fails,call,0.03,37.68
before,6,test_given_smargon_disabled_when_plan_run_then_waits_on_smargon[14],tests/unit_tests/experiment_plans/test_wait_for_robot_load_then_centre.py::test_given_smargon_disabled_when_plan_run_then_waits_on_smargon[14],call,0.03,37.68
before,6,test_when_full_grid_scan_run_then_parameters_sent_to_fgs_as_expected,tests/unit_tests/experiment_plans/test_grid_detect_then_xray_centre_plan.py::test_when_full_grid_scan_run_then_parameters_sent_to_fgs_as_expected,setup,0.03,37.68
before,6,test_when_pin_centre_xray_centre_called_then_detector_positioned,tests/unit_tests/experiment_plans/test_pin_centre_then_xray_centre_plan.py::test_when_pin_centre_xray_centre_called_then_detector_positioned,setup,0.02,37.68
before,6,test_detect_grid_and_do_gridscan,tests/unit_tests/experiment_plans/test_grid_detect_then_xray_centre_plan.py::test_detect_grid_and_do_gridscan,setup,0.02,37.68
before,6,test_trigger_and_return_pin_tip_works_for_AD_pin_tip_detection,tests/unit_tests/experiment_plans/test_pin_tip_centring.py::test_trigger_and_return_pin_tip_works_for_AD_pin_tip_detection,call,0.02,37.68
before,6,test_grid_detection_plan_gives_warningerror_if_tip_not_found,tests/unit_tests/experiment_plans/test_grid_detection_plan.py::test_grid_detection_plan_gives_warningerror_if_tip_not_found,setup,0.02,37.68
before,6,test_grid_detection_plan_runs_and_triggers_snapshots,tests/unit_tests/experiment_plans/test_grid_detection_plan.py::test_grid_detection_plan_runs_and_triggers_snapshots,setup,0.02,37.68
before,6,test_total_counts_gets_within_target,tests/unit_tests/experiment_plans/test_optimise_attenuation_plan.py::test_total_counts_gets_within_target,call,0.02,37.68
before,6,test_zebra_arm_disarm,tests/unit_tests/device_setup_plans/test_zebra_setup.py::test_zebra_arm_disarm,call,0.02,37.68
before,6,test_when_detected_grid_has_odd_y_steps_then_add_a_y_step_and_shift_grid[False],tests/unit_tests/experiment_plans/test_grid_detection_plan.py::test_when_detected_grid_has_odd_y_steps_then_add_a_y_step_and_shift_grid[False],setup,0.02,37.68
before,6,test_when_detected_grid_has_odd_y_steps_then_add_a_y_step_and_shift_grid[True],tests/unit_tests/experiment_plans/test_grid_detection_plan.py::test_when_detected_grid_has_odd_y_steps_then_add_a_y_step_and_shift_grid[True],setup,0.02,37.68
before,6,test_given_when_grid_detect_then_upper_left_and_start_position_as_expected,tests/unit_tests/experiment_plans/test_grid_detection_plan.py::test_given_when_grid_detect_then_upper_left_and_start_position_as_expected,setup,0.02,37.68
before,6,test_when_grid_detection_plan_run_then_grid_detection_callback_gets_correct_values,tests/unit_tests/experiment_plans/test_grid_detection_plan.py::test_when_grid_detection_plan_run_then_grid_detection_callback_gets_correct_values,setup,0.02,37.68
before,6,test_when_grid_detection_plan_run_twice_then_values_do_not_persist_in_callback,tests/unit_tests/experiment_plans/test_grid_detection_plan.py::test_when_grid_detection_plan_run_twice_then_values_do_not_persist_in_callback,setup,0.02,37.68
before,6,test_given_smargon_disabled_when_plan_run_then_waits_on_smargon[5],tests/unit_tests/experiment_plans/test_wait_for_robot_load_then_centre.py::test_given_smargon_disabled_when_plan_run_then_waits_on_smargon[5],call,0.02,37.68
before,6,test_set_energy,tests/unit_tests/experiment_plans/test_set_energy_plan.py::test_set_energy,setup,0.02,37.68
before,6,test_given_smargon_disabled_when_plan_run_then_waits_on_smargon[5],tests/unit_tests/experiment_plans/test_wait_for_robot_load_then_centre.py::test_given_smargon_disabled_when_plan_run_then_waits_on_smargon[5],setup,0.02,37.68
before,6,test_optimisation_attenuation_plan_runs_correct_functions[deadtime],tests/unit_tests/experiment_plans/test_optimise_attenuation_plan.py::test_optimisation_attenuation_plan_runs_correct_functions[deadtime],call,0.02,37.68
before,6,test_wait_for_robot_load_then_centre_doesnt_set_energy_if_not_specified,tests/unit_tests/experiment_plans/test_wait_for_robot_load_then_centre.py::test_wait_for_robot_load_then_centre_doesnt_set_energy_if_not_specified,setup,0.02,37.68
before,6,test_when_plan_run_with_requested_energy_specified_energy_change_executes,tests/unit_tests/experiment_plans/test_wait_for_robot_load_then_centre.py::test_when_plan_run_with_requested_energy_specified_energy_change_executes,setup,0.02,37.68
before,6,test_optimisation_attenuation_plan_runs_correct_functions[total_counts],tests/unit_tests/experiment_plans/test_optimise_attenuation_plan.py::test_optimisation_attenuation_plan_runs_correct_functions[total_counts],call,0.02,37.68
before,6,test_given_detector_bit_depth_changes_then_vds_datatype_as_expected[32-uint32],tests/unit_tests/external_interaction/test_write_rotation_nexus.py::test_given_detector_bit_depth_changes_then_vds_datatype_as_expected[32-uint32],teardown,0.02,37.68
before,6,test_given_smargon_disabled_when_plan_run_then_waits_on_smargon[3],tests/unit_tests/experiment_plans/test_wait_for_robot_load_then_centre.py::test_given_smargon_disabled_when_plan_run_then_waits_on_smargon[3],call,0.02,37.68
before,6,test_when_plan_run_then_centring_plan_run_with_expected_parameters,tests/unit_tests/experiment_plans/test_wait_for_robot_load_then_centre.py::test_when_plan_run_then_centring_plan_run_with_expected_parameters,setup,0.02,37.68
before,6,test_given_smargon_disabled_when_plan_run_then_waits_on_smargon[14],tests/unit_tests/experiment_plans/test_wait_for_robot_load_then_centre.py::test_given_smargon_disabled_when_plan_run_then_waits_on_smargon[14],setup,0.02,37.68
before,6,test_when_plan_run_then_detector_arm_started_before_wait_on_robot_load,tests/unit_tests/experiment_plans/test_wait_for_robot_load_then_centre.py::test_when_plan_run_then_detector_arm_started_before_wait_on_robot_load,setup,0.02,37.68
before,6,test_when_plan_run_then_detector_arm_started_before_wait_on_robot_load,tests/unit_tests/experiment_plans/test_wait_for_robot_load_then_centre.py::test_when_plan_run_then_detector_arm_started_before_wait_on_robot_load,call,0.02,37.68
before,6,test_values_for_move_so_that_beam_is_at_pixel[px_per_um2-beam_centre2-90-pixel_to_move_to2-expected_xyz2],tests/unit_tests/device_setup_plans/test_setup_oav.py::test_values_for_move_so_that_beam_is_at_pixel[px_per_um2-beam_centre2-90-pixel_to_move_to2-expected_xyz2],setup,0.02,37.68
before,6,test_given_smargon_disabled_when_plan_run_then_waits_on_smargon[3],tests/unit_tests/experiment_plans/test_wait_for_robot_load_then_centre.py::test_given_smargon_disabled_when_plan_run_then_waits_on_smargon[3],setup,0.02,37.68
before,6,test_given_smargon_disabled_for_longer_than_timeout_when_plan_run_then_throws_exception,tests/unit_tests/experiment_plans/test_wait_for_robot_load_then_centre.py::test_given_smargon_disabled_for_longer_than_timeout_when_plan_run_then_throws_exception,setup,0.02,37.68
before,6,test_blueskyrunner_uses_cli_args_correctly_for_callbacks[arg_list3-parsed_arg_values3],tests/unit_tests/hyperion/test_main_system.py::test_blueskyrunner_uses_cli_args_correctly_for_callbacks[arg_list3-parsed_arg_values3],call,0.02,37.68
before,6,test_blueskyrunner_uses_cli_args_correctly_for_callbacks[arg_list1-parsed_arg_values1],tests/unit_tests/hyperion/test_main_system.py::test_blueskyrunner_uses_cli_args_correctly_for_callbacks[arg_list1-parsed_arg_values1],call,0.02,37.68
before,6,test_values_for_move_so_that_beam_is_at_pixel[px_per_um3-beam_centre3-0-pixel_to_move_to3-expected_xyz3],tests/unit_tests/device_setup_plans/test_setup_oav.py::test_values_for_move_so_that_beam_is_at_pixel[px_per_um3-beam_centre3-0-pixel_to_move_to3-expected_xyz3],setup,0.02,37.68
before,6,test_values_for_move_so_that_beam_is_at_pixel[px_per_um5-beam_centre5-0-pixel_to_move_to5-expected_xyz5],tests/unit_tests/device_setup_plans/test_setup_oav.py::test_values_for_move_so_that_beam_is_at_pixel[px_per_um5-beam_centre5-0-pixel_to_move_to5-expected_xyz5],setup,0.02,37.68
before,6,test_values_for_move_so_that_beam_is_at_pixel[px_per_um6-beam_centre6--90-pixel_to_move_to6-expected_xyz6],tests/unit_tests/device_setup_plans/test_setup_oav.py::test_values_for_move_so_that_beam_is_at_pixel[px_per_um6-beam_centre6--90-pixel_to_move_to6-expected_xyz6],setup,0.02,37.68
before,6,test_values_for_move_so_that_beam_is_at_pixel[px_per_um4-beam_centre4--90-pixel_to_move_to4-expected_xyz4],tests/unit_tests/device_setup_plans/test_setup_oav.py::test_values_for_move_so_that_beam_is_at_pixel[px_per_um4-beam_centre4--90-pixel_to_move_to4-expected_xyz4],setup,0.02,37.68
before,6,test_values_for_move_so_that_beam_is_at_pixel[px_per_um0-beam_centre0-0-pixel_to_move_to0-expected_xyz0],tests/unit_tests/device_setup_plans/test_setup_oav.py::test_values_for_move_so_that_beam_is_at_pixel[px_per_um0-beam_centre0-0-pixel_to_move_to0-expected_xyz0],setup,0.01,37.68
before,6,test_blueskyrunner_uses_cli_args_correctly_for_callbacks[arg_list2-parsed_arg_values2],tests/unit_tests/hyperion/test_main_system.py::test_blueskyrunner_uses_cli_args_correctly_for_callbacks[arg_list2-parsed_arg_values2],call,0.01,37.68
before,6,test_blueskyrunner_uses_cli_args_correctly_for_callbacks[arg_list0-parsed_arg_values0],tests/unit_tests/hyperion/test_main_system.py::test_blueskyrunner_uses_cli_args_correctly_for_callbacks[arg_list0-parsed_arg_values0],call,0.01,37.68
before,6,test_values_for_move_so_that_beam_is_at_pixel[px_per_um1-beam_centre1--90-pixel_to_move_to1-expected_xyz1],tests/unit_tests/device_setup_plans/test_setup_oav.py::test_values_for_move_so_that_beam_is_at_pixel[px_per_um1-beam_centre1--90-pixel_to_move_to1-expected_xyz1],setup,0.01,37.68
before,6,test_when_plan_run_then_centring_plan_run_with_expected_parameters,tests/unit_tests/experiment_plans/test_wait_for_robot_load_then_centre.py::test_when_plan_run_then_centring_plan_run_with_expected_parameters,call,0.01,37.68
before,6,test_given_pin_tip_detect_using_ophyd_when_pin_tip_centre_plan_called_then_expected_plans_called,tests/unit_tests/experiment_plans/test_pin_tip_centring.py::test_given_pin_tip_detect_using_ophyd_when_pin_tip_centre_plan_called_then_expected_plans_called,call,0.01,37.68
before,6,test_activates_on_metadata,tests/unit_tests/external_interaction/callbacks/test_plan_reactive_callback.py::test_activates_on_metadata,call,0.01,37.68
before,6,test_subscribe_in_plan,tests/unit_tests/external_interaction/callbacks/xray_centre/test_xraycentre_callback_collection.py::test_subscribe_in_plan,teardown,0.01,37.68
before,6,test_when_pin_tip_centre_plan_called_then_expected_plans_called,tests/unit_tests/experiment_plans/test_pin_tip_centring.py::test_when_pin_tip_centre_plan_called_then_expected_plans_called,call,0.01,37.68
before,6,test_adjust_dcm_pitch_roll_vfm_from_lut,tests/unit_tests/device_setup_plans/test_dcm_pitch_roll_mirror_adjuster.py::test_adjust_dcm_pitch_roll_vfm_from_lut,setup,0.01,37.68
before,6,test_given_started_when_stopped_and_started_again_then_runs,tests/unit_tests/hyperion/test_main_system.py::test_given_started_when_stopped_and_started_again_then_runs,call,0.01,37.68
before,6,test_doesnt_activate_on_wrong_metadata,tests/unit_tests/external_interaction/callbacks/test_plan_reactive_callback.py::test_doesnt_activate_on_wrong_metadata,call,0.01,37.68
before,6,test_zebra_set_up_for_gridscan,tests/unit_tests/device_setup_plans/test_zebra_setup.py::test_zebra_set_up_for_gridscan,call,0.01,37.68
before,6,test_when_set_up_oav_with_different_zoom_levels_then_flat_field_applied_correctly[7.0-CAM],tests/unit_tests/device_setup_plans/test_setup_oav.py::test_when_set_up_oav_with_different_zoom_levels_then_flat_field_applied_correctly[7.0-CAM],setup,0.01,37.68
before,6,test_deadtime_optimisation_calculates_deadtime_correctly,tests/unit_tests/experiment_plans/test_optimise_attenuation_plan.py::test_deadtime_optimisation_calculates_deadtime_correctly,call,0.01,37.68
before,6,test_deactivates_after_closing,tests/unit_tests/external_interaction/callbacks/test_plan_reactive_callback.py::test_deactivates_after_closing,call,0.01,37.68
before,6,test_when_set_up_oav_then_only_waits_on_oav_to_finish,tests/unit_tests/device_setup_plans/test_setup_oav.py::test_when_set_up_oav_then_only_waits_on_oav_to_finish,setup,0.01,37.68
before,6,test_given_the_pin_tip_is_already_in_view_when_get_tip_into_view_then_tip_returned_and_smargon_not_moved,tests/unit_tests/experiment_plans/test_pin_tip_centring.py::test_given_the_pin_tip_is_already_in_view_when_get_tip_into_view_then_tip_returned_and_smargon_not_moved,setup,0.01,37.68
before,6,test_given_started_when_stopped_then_success_and_idle_status,tests/unit_tests/hyperion/test_main_system.py::test_given_started_when_stopped_then_success_and_idle_status,call,0.01,37.68
before,6,test_given_no_tip_found_but_will_be_found_when_get_tip_into_view_then_smargon_moved_positive_and_tip_returned,tests/unit_tests/experiment_plans/test_pin_tip_centring.py::test_given_no_tip_found_but_will_be_found_when_get_tip_into_view_then_smargon_moved_positive_and_tip_returned,setup,0.01,37.68
before,6,test_values_for_move_so_that_beam_is_at_pixel[px_per_um6-beam_centre6--90-pixel_to_move_to6-expected_xyz6],tests/unit_tests/device_setup_plans/test_setup_oav.py::test_values_for_move_so_that_beam_is_at_pixel[px_per_um6-beam_centre6--90-pixel_to_move_to6-expected_xyz6],call,0.01,37.68
before,6,test_execution_of_do_fgs_triggers_zocalo_calls,tests/unit_tests/external_interaction/callbacks/test_zocalo_handler.py::TestZocaloHandler::test_execution_of_do_fgs_triggers_zocalo_calls,call,0.01,37.68
before,6,test_given_tip_at_zero_but_will_be_found_when_get_tip_into_view_then_smargon_moved_negative_and_tip_returned,tests/unit_tests/experiment_plans/test_pin_tip_centring.py::test_given_tip_at_zero_but_will_be_found_when_get_tip_into_view_then_smargon_moved_negative_and_tip_returned,setup,0.01,37.68
before,6,test_values_for_move_so_that_beam_is_at_pixel[px_per_um0-beam_centre0-0-pixel_to_move_to0-expected_xyz0],tests/unit_tests/device_setup_plans/test_setup_oav.py::test_values_for_move_so_that_beam_is_at_pixel[px_per_um0-beam_centre0-0-pixel_to_move_to0-expected_xyz0],call,0.01,37.68
before,6,test_pin_tip_starting_near_negative_edge_doesnt_exceed_limit,tests/unit_tests/experiment_plans/test_pin_tip_centring.py::test_pin_tip_starting_near_negative_edge_doesnt_exceed_limit,setup,0.01,37.68
before,6,test_given_no_tip_found_ever_when_get_tip_into_view_then_smargon_moved_positive_and_exception_thrown,tests/unit_tests/experiment_plans/test_pin_tip_centring.py::test_given_no_tip_found_ever_when_get_tip_into_view_then_smargon_moved_positive_and_exception_thrown,setup,0.01,37.68
before,6,test_values_for_move_so_that_beam_is_at_pixel[px_per_um2-beam_centre2-90-pixel_to_move_to2-expected_xyz2],tests/unit_tests/device_setup_plans/test_setup_oav.py::test_values_for_move_so_that_beam_is_at_pixel[px_per_um2-beam_centre2-90-pixel_to_move_to2-expected_xyz2],call,0.01,37.68
before,6,test_sending_start_twice_fails,tests/unit_tests/hyperion/test_main_system.py::test_sending_start_twice_fails,call,0.01,37.68
before,6,test_when_pin_centre_xray_centre_called_then_plan_runs_correctly,tests/unit_tests/experiment_plans/test_pin_centre_then_xray_centre_plan.py::test_when_pin_centre_xray_centre_called_then_plan_runs_correctly,call,0.01,37.68
before,6,test_setup_panda_performs_correct_plans,tests/unit_tests/device_setup_plans/test_setup_panda.py::test_setup_panda_performs_correct_plans,call,0.01,37.68
before,6,test_values_for_move_so_that_beam_is_at_pixel[px_per_um3-beam_centre3-0-pixel_to_move_to3-expected_xyz3],tests/unit_tests/device_setup_plans/test_setup_oav.py::test_values_for_move_so_that_beam_is_at_pixel[px_per_um3-beam_centre3-0-pixel_to_move_to3-expected_xyz3],call,0.01,37.68
before,6,test_given_tip_found_when_wait_for_tip_to_be_found_called_then_tip_immediately_returned,tests/unit_tests/device_setup_plans/test_setup_oav.py::test_given_tip_found_when_wait_for_tip_to_be_found_called_then_tip_immediately_returned,call,0.01,37.68
before,6,test_given_detector_bit_depth_changes_then_vds_datatype_as_expected[16-uint16],tests/unit_tests/external_interaction/test_write_rotation_nexus.py::test_given_detector_bit_depth_changes_then_vds_datatype_as_expected[16-uint16],setup,0.01,37.68
before,6,test_values_for_move_so_that_beam_is_at_pixel[px_per_um1-beam_centre1--90-pixel_to_move_to1-expected_xyz1],tests/unit_tests/device_setup_plans/test_setup_oav.py::test_values_for_move_so_that_beam_is_at_pixel[px_per_um1-beam_centre1--90-pixel_to_move_to1-expected_xyz1],call,0.01,37.68
before,6,test_values_for_move_so_that_beam_is_at_pixel[px_per_um5-beam_centre5-0-pixel_to_move_to5-expected_xyz5],tests/unit_tests/device_setup_plans/test_setup_oav.py::test_values_for_move_so_that_beam_is_at_pixel[px_per_um5-beam_centre5-0-pixel_to_move_to5-expected_xyz5],call,0.01,37.68
before,6,test_arm_devices_runs_correct_functions,tests/unit_tests/experiment_plans/test_optimise_attenuation_plan.py::test_arm_devices_runs_correct_functions,call,0.01,37.68
before,6,test_given_pin_tip_detect_using_ophyd_when_pin_tip_centre_plan_called_then_expected_plans_called,tests/unit_tests/experiment_plans/test_pin_tip_centring.py::test_given_pin_tip_detect_using_ophyd_when_pin_tip_centre_plan_called_then_expected_plans_called,setup,0.01,37.68
before,6,test_values_for_move_so_that_beam_is_at_pixel[px_per_um4-beam_centre4--90-pixel_to_move_to4-expected_xyz4],tests/unit_tests/device_setup_plans/test_setup_oav.py::test_values_for_move_so_that_beam_is_at_pixel[px_per_um4-beam_centre4--90-pixel_to_move_to4-expected_xyz4],call,0.01,37.68
before,6,test_pin_tip_starting_near_positive_edge_doesnt_exceed_limit,tests/unit_tests/experiment_plans/test_pin_tip_centring.py::test_pin_tip_starting_near_positive_edge_doesnt_exceed_limit,setup,0.01,37.68
before,6,test_store_rotation_scan_uses_supplied_dcgid[25],tests/unit_tests/external_interaction/ispyb/test_rotation_ispyb_store.py::test_store_rotation_scan_uses_supplied_dcgid[25],call,0.01,37.68
before,6,test_when_topup_before_end_of_collection_wait,tests/unit_tests/device_setup_plans/test_topup_plan.py::test_when_topup_before_end_of_collection_wait,call,0.01,37.68
before,6,test_store_rotation_scan_uses_supplied_dcgid[61],tests/unit_tests/external_interaction/ispyb/test_rotation_ispyb_store.py::test_store_rotation_scan_uses_supplied_dcgid[61],call,0.01,37.68
before,6,test_when_set_up_oav_with_different_zoom_levels_then_flat_field_applied_correctly[1.0-proc],tests/unit_tests/device_setup_plans/test_setup_oav.py::test_when_set_up_oav_with_different_zoom_levels_then_flat_field_applied_correctly[1.0-proc],setup,0.01,37.68
before,6,test_given_detector_bit_depth_changes_then_vds_datatype_as_expected[8-uint8],tests/unit_tests/external_interaction/test_write_rotation_nexus.py::test_given_detector_bit_depth_changes_then_vds_datatype_as_expected[8-uint8],setup,0.01,37.68
before,6,test_given_detector_bit_depth_changes_then_vds_datatype_as_expected[32-uint32],tests/unit_tests/external_interaction/test_write_rotation_nexus.py::test_given_detector_bit_depth_changes_then_vds_datatype_as_expected[32-uint32],setup,0.01,37.68
before,6,test_adjust_dcm_pitch_roll_vfm_from_lut,tests/unit_tests/device_setup_plans/test_dcm_pitch_roll_mirror_adjuster.py::test_adjust_dcm_pitch_roll_vfm_from_lut,call,0.01,37.68
before,6,test_when_pin_tip_centre_plan_called_then_expected_plans_called,tests/unit_tests/experiment_plans/test_pin_tip_centring.py::test_when_pin_tip_centre_plan_called_then_expected_plans_called,setup,0.01,37.68
before,6,test_GIVEN_scan_already_valid_THEN_wait_for_GRIDSCAN_returns_immediately,tests/unit_tests/experiment_plans/test_panda_flyscan_xray_centre_plan.py::TestFlyscanXrayCentrePlan::test_GIVEN_scan_already_valid_THEN_wait_for_GRIDSCAN_returns_immediately,call,0.01,37.68
before,6,test_store_rotation_scan_uses_supplied_dcgid[2],tests/unit_tests/external_interaction/ispyb/test_rotation_ispyb_store.py::test_store_rotation_scan_uses_supplied_dcgid[2],call,0.01,37.68
before,6,test_given_detector_bit_depth_changes_then_vds_datatype_as_expected[100-uint16],tests/unit_tests/external_interaction/test_write_rotation_nexus.py::test_given_detector_bit_depth_changes_then_vds_datatype_as_expected[100-uint16],setup,0.01,37.68
before,6,test_ispyb_deposition_comment_correct,tests/unit_tests/external_interaction/ispyb/test_gridscan_ispyb_store_2d.py::test_ispyb_deposition_comment_correct,setup,0.01,37.68
before,6,test_given_moving_out_of_range_when_move_with_warn_called_then_warning_exception,tests/unit_tests/experiment_plans/test_pin_tip_centring.py::test_given_moving_out_of_range_when_move_with_warn_called_then_warning_exception,setup,0.01,37.68
before,6,test_store_rotation_scan_uses_supplied_dcgid[88],tests/unit_tests/external_interaction/ispyb/test_rotation_ispyb_store.py::test_store_rotation_scan_uses_supplied_dcgid[88],call,0.01,37.68
before,6,test_store_rotation_scan_uses_supplied_dcgid[45],tests/unit_tests/external_interaction/ispyb/test_rotation_ispyb_store.py::test_store_rotation_scan_uses_supplied_dcgid[45],call,0.01,37.68
before,6,test_wait_for_topup_complete,tests/unit_tests/device_setup_plans/test_topup_plan.py::test_wait_for_topup_complete,call,0.01,37.68
before,6,test_store_rotation_scan_uses_supplied_dcgid[13],tests/unit_tests/external_interaction/ispyb/test_rotation_ispyb_store.py::test_store_rotation_scan_uses_supplied_dcgid[13],call,0.01,37.68
before,6,test_adjust_mirror_stripe[6.999-Bare-140-15],tests/unit_tests/device_setup_plans/test_dcm_pitch_roll_mirror_adjuster.py::test_adjust_mirror_stripe[6.999-Bare-140-15],setup,0.01,37.68
before,6,test_adjust_mirror_stripe[7.001-Rhodium-124--46],tests/unit_tests/device_setup_plans/test_dcm_pitch_roll_mirror_adjuster.py::test_adjust_mirror_stripe[7.001-Rhodium-124--46],setup,0.01,37.68
before,6,test_zebra_cleanup,tests/unit_tests/device_setup_plans/test_zebra_setup.py::test_zebra_cleanup,call,0.01,37.68
before,6,test_GIVEN_scan_already_valid_THEN_wait_for_GRIDSCAN_returns_immediately,tests/unit_tests/experiment_plans/test_flyscan_xray_centre_plan.py::TestFlyscanXrayCentrePlan::test_GIVEN_scan_already_valid_THEN_wait_for_GRIDSCAN_returns_immediately,call,0.01,37.68
before,6,test_tidy_up_plans_disable_panda_and_zebra,tests/unit_tests/experiment_plans/test_panda_flyscan_xray_centre_plan.py::test_tidy_up_plans_disable_panda_and_zebra,call,0.01,37.68
before,6,test_apply_and_wait_for_voltages_to_settle_timeout,tests/unit_tests/device_setup_plans/test_dcm_pitch_roll_mirror_adjuster.py::test_apply_and_wait_for_voltages_to_settle_timeout,setup,0.01,37.68
before,6,test_activity_gated_start,tests/unit_tests/external_interaction/callbacks/rotation/test_ispyb_callback.py::test_activity_gated_start,setup,0.01,37.68
before,6,test_ispyb_deposition_comment_for_3D_correct,tests/unit_tests/external_interaction/ispyb/test_gridscan_ispyb_store_3d.py::test_ispyb_deposition_comment_for_3D_correct,setup,0.01,37.68
before,6,test_end_deposition_happy_path,tests/unit_tests/external_interaction/ispyb/test_rotation_ispyb_store.py::test_end_deposition_happy_path,setup,0.01,37.68
before,6,test_given_the_pin_tip_is_already_in_view_when_get_tip_into_view_then_tip_returned_and_smargon_not_moved,tests/unit_tests/experiment_plans/test_pin_tip_centring.py::test_given_the_pin_tip_is_already_in_view_when_get_tip_into_view_then_tip_returned_and_smargon_not_moved,call,0.01,37.68
before,6,test_no_waiting_if_decay_mode,tests/unit_tests/device_setup_plans/test_topup_plan.py::test_no_waiting_if_decay_mode,call,0.01,37.68
before,6,test_begin_deposition,tests/unit_tests/external_interaction/ispyb/test_gridscan_ispyb_store_3d.py::test_begin_deposition,setup,0.01,37.68
before,6,test_begin_deposition_with_group_id_doesnt_insert,tests/unit_tests/external_interaction/ispyb/test_rotation_ispyb_store.py::test_begin_deposition_with_group_id_doesnt_insert,setup,0.01,37.68
before,6,test_apply_and_wait_for_voltages_to_settle_happy_path,tests/unit_tests/device_setup_plans/test_dcm_pitch_roll_mirror_adjuster.py::test_apply_and_wait_for_voltages_to_settle_happy_path,setup,0.01,37.68
before,6,test_no_exception_during_run_results_in_good_run_status,tests/unit_tests/external_interaction/ispyb/test_gridscan_ispyb_store_2d.py::test_no_exception_during_run_results_in_good_run_status,setup,0.01,37.68
before,6,test_end_deposition_happy_path,tests/unit_tests/external_interaction/ispyb/test_gridscan_ispyb_store_3d.py::test_end_deposition_happy_path,setup,0.01,37.68
before,6,test_end_deposition_happy_path,tests/unit_tests/external_interaction/ispyb/test_gridscan_ispyb_store_2d.py::test_end_deposition_happy_path,setup,0.01,37.68
before,6,test_update_deposition_with_group_id_updates,tests/unit_tests/external_interaction/ispyb/test_rotation_ispyb_store.py::test_update_deposition_with_group_id_updates,setup,0.01,37.68
before,6,test_update_deposition,tests/unit_tests/external_interaction/ispyb/test_rotation_ispyb_store.py::test_update_deposition,setup,0.01,37.68
before,6,test_activity_gated_event,tests/unit_tests/external_interaction/callbacks/rotation/test_ispyb_callback.py::test_activity_gated_event,call,0.01,37.68
before,6,test_update_deposition,tests/unit_tests/external_interaction/ispyb/test_gridscan_ispyb_store_3d.py::test_update_deposition,setup,0.01,37.68
before,6,test_store_3d_grid_scan,tests/unit_tests/external_interaction/ispyb/test_gridscan_ispyb_store_3d.py::test_store_3d_grid_scan,setup,0.01,37.68
before,6,test_begin_deposition,tests/unit_tests/external_interaction/ispyb/test_rotation_ispyb_store.py::test_begin_deposition,setup,0.01,37.68
before,6,test_trigger_and_return_pin_tip_works_for_ophyd_pin_tip_detection,tests/unit_tests/experiment_plans/test_pin_tip_centring.py::test_trigger_and_return_pin_tip_works_for_ophyd_pin_tip_detection,call,0.01,37.68
before,6,test_activity_gated_stop,tests/unit_tests/external_interaction/callbacks/rotation/test_ispyb_callback.py::test_activity_gated_stop,setup,0.01,37.68
before,6,test_begin_deposition_with_alternate_experiment_type,tests/unit_tests/external_interaction/ispyb/test_rotation_ispyb_store.py::test_begin_deposition_with_alternate_experiment_type,setup,0.01,37.68
before,6,test_no_waiting_when_mode_does_not_allow_gating,tests/unit_tests/device_setup_plans/test_topup_plan.py::test_no_waiting_when_mode_does_not_allow_gating,call,0.01,37.68
before,6,test_fail_result_run_results_in_bad_run_status,tests/unit_tests/external_interaction/ispyb/test_gridscan_ispyb_store_2d.py::test_fail_result_run_results_in_bad_run_status,setup,0.01,37.68
before,6,test_param_keys,tests/unit_tests/external_interaction/ispyb/test_gridscan_ispyb_store_2d.py::test_param_keys,setup,0.01,37.68
before,6,test_getting_status_return_idle,tests/unit_tests/hyperion/test_main_system.py::test_getting_status_return_idle,call,0.01,37.68
before,6,test_store_rotation_scan_failures,tests/unit_tests/external_interaction/ispyb/test_rotation_ispyb_store.py::test_store_rotation_scan_failures,setup,0.01,37.68
before,6,test_results_passed_to_move_motors,tests/unit_tests/experiment_plans/test_panda_flyscan_xray_centre_plan.py::TestFlyscanXrayCentrePlan::test_results_passed_to_move_motors,call,0.01,37.68
before,6,test_activity_gated_event,tests/unit_tests/external_interaction/callbacks/rotation/test_ispyb_callback.py::test_activity_gated_event,setup,0.01,37.68
before,6,test_results_passed_to_move_motors,tests/unit_tests/experiment_plans/test_flyscan_xray_centre_plan.py::TestFlyscanXrayCentrePlan::test_results_passed_to_move_motors,call,0.01,37.68
before,6,test_update_deposition,tests/unit_tests/external_interaction/ispyb/test_gridscan_ispyb_store_2d.py::test_update_deposition,setup,0.01,37.68
before,6,test_begin_deposition,tests/unit_tests/external_interaction/ispyb/test_gridscan_ispyb_store_2d.py::test_begin_deposition,setup,0.01,37.68
before,6,test_activity_gated_stop,tests/unit_tests/external_interaction/callbacks/rotation/test_ispyb_callback.py::test_activity_gated_stop,call,0.01,37.68
before,6,test_given_plan_raises_when_exception_raised_then_eiger_disarmed_and_correct_exception_returned,tests/unit_tests/device_setup_plans/test_utils.py::test_given_plan_raises_when_exception_raised_then_eiger_disarmed_and_correct_exception_returned,setup,0.01,37.68
before,6,test_given_ispyb_callback_finished_writing_to_ispyb_when_messages_logged_then_they_do_not_contain_dcgid,tests/unit_tests/external_interaction/callbacks/xray_centre/test_ispyb_handler.py::TestXrayCentreIspybHandler::test_given_ispyb_callback_finished_writing_to_ispyb_when_messages_logged_then_they_do_not_contain_dcgid,call,0.01,37.68
before,6,test_given_ispyb_callback_started_writing_to_ispyb_when_messages_logged_then_they_contain_dcgid,tests/unit_tests/external_interaction/callbacks/xray_centre/test_ispyb_handler.py::TestXrayCentreIspybHandler::test_given_ispyb_callback_started_writing_to_ispyb_when_messages_logged_then_they_contain_dcgid,call,0.01,37.68
before,6,test_messages_are_tagged_with_run_uid,tests/unit_tests/hyperion/test_log/test_log.py::test_messages_are_tagged_with_run_uid,call,0.01,37.68
before,6,test_param_fields_match_components_they_should_use,tests/unit_tests/parameters/test_internal_parameters.py::test_param_fields_match_components_they_should_use,setup,0.01,37.68
before,6,test_given_started_when_stopped_then_success_and_idle_status,tests/unit_tests/hyperion/test_main_system.py::test_given_started_when_stopped_then_success_and_idle_status,setup,0.01,37.68
before,6,test_getting_status_after_start_sent_returns_busy,tests/unit_tests/hyperion/test_main_system.py::test_getting_status_after_start_sent_returns_busy,call,0.01,37.68
before,6,test_writers_do_create_one_file_each_on_start_doc_for_run_gridscan,tests/unit_tests/external_interaction/callbacks/xray_centre/test_nexus_handler.py::test_writers_do_create_one_file_each_on_start_doc_for_run_gridscan,call,0.01,37.68
before,6,test_subscribe_in_plan,tests/unit_tests/external_interaction/callbacks/xray_centre/test_xraycentre_callback_collection.py::test_subscribe_in_plan,call,0.01,37.68
before,6,test_fgs_raising_no_exception_results_in_good_run_status_in_ispyb,tests/unit_tests/external_interaction/callbacks/xray_centre/test_ispyb_handler.py::TestXrayCentreIspybHandler::test_fgs_raising_no_exception_results_in_good_run_status_in_ispyb,call,0.01,37.68
before,6,test_internal_params_eq,tests/unit_tests/parameters/test_internal_parameters.py::test_internal_params_eq,call,0.01,37.68
before,6,test_getting_status_after_start_sent_returns_busy,tests/unit_tests/hyperion/test_main_system.py::test_getting_status_after_start_sent_returns_busy,setup,0.01,37.68
before,6,test_start_with_json_file_gives_success,tests/unit_tests/hyperion/test_main_system.py::test_start_with_json_file_gives_success,call,0.01,37.68
before,6,test_activity_gated_start,tests/unit_tests/external_interaction/callbacks/rotation/test_ispyb_callback.py::test_activity_gated_start,call,0.01,37.68
before,6,test_start_gives_success,tests/unit_tests/hyperion/test_main_system.py::test_start_gives_success,call,0.01,37.68
before,6,test_new_parameters_is_a_new_object,tests/unit_tests/parameters/test_external_parameters.py::test_new_parameters_is_a_new_object,call,0.01,37.68
before,6,test_given_detector_move_fails_then_eiger_disarmed_and_correct_exception_returned,tests/unit_tests/device_setup_plans/test_utils.py::test_given_detector_move_fails_then_eiger_disarmed_and_correct_exception_returned,setup,0.01,37.68
before,6,test_putting_bad_plan_fails,tests/unit_tests/hyperion/test_main_system.py::test_putting_bad_plan_fails,setup,0.01,37.68
before,6,test_given_shutter_open_fails_then_eiger_disarmed_and_correct_exception_returned,tests/unit_tests/device_setup_plans/test_utils.py::test_given_shutter_open_fails_then_eiger_disarmed_and_correct_exception_returned,setup,0.01,37.68
before,6,test_activity_gated_start_2d,tests/unit_tests/external_interaction/callbacks/xray_centre/test_ispyb_callback.py::test_activity_gated_start_2d,call,0.01,37.68
before,6,test_given_started_when_stopped_and_started_again_then_runs,tests/unit_tests/hyperion/test_main_system.py::test_given_started_when_stopped_and_started_again_then_runs,setup,0.01,37.68
before,6,test_wait_for_robot_load_then_centre_doesnt_set_energy_if_not_specified,tests/unit_tests/experiment_plans/test_wait_for_robot_load_then_centre.py::test_wait_for_robot_load_then_centre_doesnt_set_energy_if_not_specified,call,0.01,37.68
before,6,test_when_plan_run_with_requested_energy_specified_energy_change_executes,tests/unit_tests/experiment_plans/test_wait_for_robot_load_then_centre.py::test_when_plan_run_with_requested_energy_specified_energy_change_executes,call,0.01,37.68
before,6,test_disarm_panda_disables_correct_blocks,tests/unit_tests/device_setup_plans/test_setup_panda.py::test_disarm_panda_disables_correct_blocks,call,0.01,37.68
before,6,test_fgs_failing_results_in_bad_run_status_in_ispyb,tests/unit_tests/external_interaction/callbacks/xray_centre/test_ispyb_handler.py::TestXrayCentreIspybHandler::test_fgs_failing_results_in_bad_run_status_in_ispyb,call,0.01,37.68
before,6,test_given_fgs_plan_finished_when_zocalo_results_event_then_expected_comment_deposited,tests/unit_tests/external_interaction/callbacks/xray_centre/test_ispyb_handler.py::TestXrayCentreIspybHandler::test_given_fgs_plan_finished_when_zocalo_results_event_then_expected_comment_deposited,call,0.01,37.68
before,6,test_activity_gated_start_3d,tests/unit_tests/external_interaction/callbacks/xray_centre/test_ispyb_callback.py::test_activity_gated_start_3d,call,0.01,37.68
before,6,test_start_gives_success,tests/unit_tests/hyperion/test_main_system.py::test_start_gives_success,setup,0.01,37.68
before,6,test_start_with_json_file_gives_success,tests/unit_tests/hyperion/test_main_system.py::test_start_with_json_file_gives_success,setup,0.01,37.68
before,6,test_ispyb_handler_stores_sampleid_for_full_collection_not_screening[2000-True1],tests/unit_tests/external_interaction/callbacks/test_rotation_callbacks.py::test_ispyb_handler_stores_sampleid_for_full_collection_not_screening[2000-True1],call,0.01,37.68
before,6,test_main_function,tests/unit_tests/external_interaction/callbacks/test_external_callbacks.py::test_main_function,call,0.01,37.68
before,6,test_set_energy,tests/unit_tests/experiment_plans/test_set_energy_plan.py::test_set_energy,call,0.01,37.68
before,6,test_nexus_handler_gets_documents_in_mock_plan,tests/unit_tests/external_interaction/callbacks/test_rotation_callbacks.py::test_nexus_handler_gets_documents_in_mock_plan,setup,0.01,37.68
before,6,test_writers_dont_create_on_init_but_do_on_ispyb_event,tests/unit_tests/external_interaction/callbacks/xray_centre/test_nexus_handler.py::test_writers_dont_create_on_init_but_do_on_ispyb_event,call,0.01,37.68
before,6,test_when_started_n_returnstatus_interrupted_bc_RE_aborted_thn_error_reptd,tests/unit_tests/hyperion/test_main_system.py::test_when_started_n_returnstatus_interrupted_bc_RE_aborted_thn_error_reptd,setup,0.01,37.68
before,6,test_nexus_file_validity_for_zocalo_with_three_linked_datasets[1044],tests/unit_tests/external_interaction/nexus/test_write_nexus.py::test_nexus_file_validity_for_zocalo_with_three_linked_datasets[1044],setup,0.01,37.68
before,6,test_ispyb_specifies_experiment_type_if_supplied,tests/unit_tests/external_interaction/callbacks/test_rotation_callbacks.py::test_ispyb_specifies_experiment_type_if_supplied,setup,0.01,37.68
before,6,test_log_on_invalid_json_params,tests/unit_tests/hyperion/test_main_system.py::test_log_on_invalid_json_params,setup,0.01,37.68
before,6,test_sending_start_twice_fails,tests/unit_tests/hyperion/test_main_system.py::test_sending_start_twice_fails,setup,0.01,37.68
before,6,test_end_deposition_happy_path,tests/unit_tests/external_interaction/ispyb/test_gridscan_ispyb_store_3d.py::test_end_deposition_happy_path,call,0.01,37.68
before,7,test_when_grid_scan_fails_then_detector_disarmed_and_correct_exception_returned,tests/unit_tests/experiment_plans/test_panda_flyscan_xray_centre_plan.py::TestFlyscanXrayCentrePlan::test_when_grid_scan_fails_then_detector_disarmed_and_correct_exception_returned,call,1.75,43.31
before,7,test_given_no_tip_when_wait_for_tip_to_be_found_called_then_exception_thrown,tests/unit_tests/device_setup_plans/test_setup_oav.py::test_given_no_tip_when_wait_for_tip_to_be_found_called_then_exception_thrown,call,1.57,43.31
before,7,test_grid_detection_plan_gives_warningerror_if_tip_not_found,tests/unit_tests/experiment_plans/test_grid_detection_plan.py::test_grid_detection_plan_gives_warningerror_if_tip_not_found,call,1.52,43.31
before,7,test_when_all_tries_fail_then_bluesky_retry_throws_error,tests/unit_tests/device_setup_plans/test_zebra_setup.py::test_when_all_tries_fail_then_bluesky_retry_throws_error,call,1.18,43.31
before,7,test_zebra_set_up_for_rotation,tests/unit_tests/device_setup_plans/test_zebra_setup.py::test_zebra_set_up_for_rotation,call,1.18,43.31
before,7,test_when_grid_scan_fails_then_detector_disarmed_and_correct_exception_returned,tests/unit_tests/experiment_plans/test_flyscan_xray_centre_plan.py::TestFlyscanXrayCentrePlan::test_when_grid_scan_fails_then_detector_disarmed_and_correct_exception_returned,call,1.06,43.31
before,7,test_when_set_up_oav_with_different_zoom_levels_then_flat_field_applied_correctly[1.0-proc],tests/unit_tests/device_setup_plans/test_setup_oav.py::test_when_set_up_oav_with_different_zoom_levels_then_flat_field_applied_correctly[1.0-proc],call,0.96,43.31
before,7,test_ispyb_reuses_dcgid_on_same_sampleID[ispyb_ids1],tests/unit_tests/external_interaction/callbacks/test_rotation_callbacks.py::test_ispyb_reuses_dcgid_on_same_sampleID[ispyb_ids1],call,0.94,43.31
before,7,test_when_set_up_oav_then_only_waits_on_oav_to_finish,tests/unit_tests/device_setup_plans/test_setup_oav.py::test_when_set_up_oav_then_only_waits_on_oav_to_finish,call,0.93,43.31
before,7,test_when_set_up_oav_with_different_zoom_levels_then_flat_field_applied_correctly[7.0-CAM],tests/unit_tests/device_setup_plans/test_setup_oav.py::test_when_set_up_oav_with_different_zoom_levels_then_flat_field_applied_correctly[7.0-CAM],call,0.92,43.31
before,7,test_total_count_exception_raised_after_max_cycles_reached,tests/unit_tests/experiment_plans/test_optimise_attenuation_plan.py::test_total_count_exception_raised_after_max_cycles_reached,call,0.88,43.31
before,7,test_given_xpbm_checks_pass_and_plan_fails_when_plan_run_with_decorator_then_cleaned_up,tests/unit_tests/device_setup_plans/test_xbpm_feedback.py::test_given_xpbm_checks_pass_and_plan_fails_when_plan_run_with_decorator_then_cleaned_up,call,0.87,43.31
before,7,test_given_xbpm_checks_fail_when_plan_run_with_decorator_then_plan_not_run,tests/unit_tests/device_setup_plans/test_xbpm_feedback.py::test_given_xbpm_checks_fail_when_plan_run_with_decorator_then_plan_not_run,call,0.87,43.31
before,7,test_when_context_created_then_contains_expected_number_of_plans,tests/unit_tests/hyperion/test_main_system.py::test_when_context_created_then_contains_expected_number_of_plans,call,0.85,43.31
before,7,test_total_count_calc_new_transmission_raises_error_on_low_ransmission,tests/unit_tests/experiment_plans/test_optimise_attenuation_plan.py::test_total_count_calc_new_transmission_raises_error_on_low_ransmission,call,0.82,43.31
before,7,test_nexus_handler_triggers_write_file_when_told,tests/unit_tests/external_interaction/callbacks/test_rotation_callbacks.py::test_nexus_handler_triggers_write_file_when_told,call,0.8,43.31
before,7,test_zocalo_start_and_end_not_triggered_if_ispyb_ids_not_present,tests/unit_tests/external_interaction/callbacks/test_rotation_callbacks.py::test_zocalo_start_and_end_not_triggered_if_ispyb_ids_not_present,call,0.62,43.31
before,7,test_given_when_grid_detect_then_upper_left_and_start_position_as_expected,tests/unit_tests/experiment_plans/test_grid_detection_plan.py::test_given_when_grid_detect_then_upper_left_and_start_position_as_expected,setup,0.58,43.31
before,7,test_ispyb_reuses_dcgid_on_same_sampleID[ispyb_ids5],tests/unit_tests/external_interaction/callbacks/test_rotation_callbacks.py::test_ispyb_reuses_dcgid_on_same_sampleID[ispyb_ids5],call,0.55,43.31
before,7,test_given_smargon_disabled_for_longer_than_timeout_when_plan_run_then_throws_exception,tests/unit_tests/experiment_plans/test_wait_for_robot_load_then_centre.py::test_given_smargon_disabled_for_longer_than_timeout_when_plan_run_then_throws_exception,call,0.55,43.31
before,7,test_adjust_mirror_stripe[6.999-Bare-140-15],tests/unit_tests/device_setup_plans/test_dcm_pitch_roll_mirror_adjuster.py::test_adjust_mirror_stripe[6.999-Bare-140-15],call,0.54,43.31
before,7,test_if_smargon_speed_over_limit_then_log_error,tests/unit_tests/experiment_plans/test_panda_flyscan_xray_centre_plan.py::test_if_smargon_speed_over_limit_then_log_error,call,0.52,43.31
before,7,test_given_gridscan_fails_to_centre_then_stub_offsets_not_set,tests/unit_tests/experiment_plans/test_flyscan_xray_centre_plan.py::TestFlyscanXrayCentrePlan::test_given_gridscan_fails_to_centre_then_stub_offsets_not_set,call,0.47,43.31
before,7,test_ispyb_reuses_dcgid_on_same_sampleID[ispyb_ids4],tests/unit_tests/external_interaction/callbacks/test_rotation_callbacks.py::test_ispyb_reuses_dcgid_on_same_sampleID[ispyb_ids4],call,0.47,43.31
before,7,test_ispyb_reuses_dcgid_on_same_sampleID[ispyb_ids2],tests/unit_tests/external_interaction/callbacks/test_rotation_callbacks.py::test_ispyb_reuses_dcgid_on_same_sampleID[ispyb_ids2],call,0.46,43.31
before,7,test_ispyb_reuses_dcgid_on_same_sampleID[ispyb_ids3],tests/unit_tests/external_interaction/callbacks/test_rotation_callbacks.py::test_ispyb_reuses_dcgid_on_same_sampleID[ispyb_ids3],call,0.46,43.31
before,7,test_ispyb_reuses_dcgid_on_same_sampleID[ispyb_ids6],tests/unit_tests/external_interaction/callbacks/test_rotation_callbacks.py::test_ispyb_reuses_dcgid_on_same_sampleID[ispyb_ids6],call,0.46,43.31
before,7,test_ispyb_reuses_dcgid_on_same_sampleID[ispyb_ids7],tests/unit_tests/external_interaction/callbacks/test_rotation_callbacks.py::test_ispyb_reuses_dcgid_on_same_sampleID[ispyb_ids7],call,0.46,43.31
before,7,test_ispyb_reuses_dcgid_on_same_sampleID[ispyb_ids0],tests/unit_tests/external_interaction/callbacks/test_rotation_callbacks.py::test_ispyb_reuses_dcgid_on_same_sampleID[ispyb_ids0],call,0.45,43.31
before,7,test_when_gridscan_succeeds_ispyb_comment_appended_to,tests/unit_tests/experiment_plans/test_flyscan_xray_centre_plan.py::TestFlyscanXrayCentrePlan::test_when_gridscan_succeeds_ispyb_comment_appended_to,setup,0.44,43.31
before,7,test_when_first_try_fails_then_bluesky_retry_tries_again,tests/unit_tests/device_setup_plans/test_zebra_setup.py::test_when_first_try_fails_then_bluesky_retry_tries_again,call,0.43,43.31
before,7,test_kickoff_and_complete_gridscan_triggers_zocalo,tests/unit_tests/experiment_plans/test_flyscan_xray_centre_plan.py::test_kickoff_and_complete_gridscan_triggers_zocalo,setup,0.39,43.31
before,7,test_given_gridscan_fails_to_centre_then_stub_offsets_not_set,tests/unit_tests/experiment_plans/test_panda_flyscan_xray_centre_plan.py::TestFlyscanXrayCentrePlan::test_given_gridscan_fails_to_centre_then_stub_offsets_not_set,call,0.38,43.31
before,7,test_when_run_gridscan_called_ispyb_deposition_made_and_records_errors,tests/unit_tests/experiment_plans/test_flyscan_xray_centre_plan.py::TestFlyscanXrayCentrePlan::test_when_run_gridscan_called_ispyb_deposition_made_and_records_errors,call,0.36,43.31
before,7,test_GIVEN_scan_not_valid_THEN_wait_for_GRIDSCAN_raises_and_sleeps_called,tests/unit_tests/experiment_plans/test_panda_flyscan_xray_centre_plan.py::TestFlyscanXrayCentrePlan::test_GIVEN_scan_not_valid_THEN_wait_for_GRIDSCAN_raises_and_sleeps_called,call,0.34,43.31
before,7,test_fgs_arms_eiger_without_grid_detect,tests/unit_tests/experiment_plans/test_panda_flyscan_xray_centre_plan.py::TestFlyscanXrayCentrePlan::test_fgs_arms_eiger_without_grid_detect,setup,0.3,43.31
before,7,test_ispyb_deposition_rounds_box_size_int[0.02-20.0],tests/unit_tests/external_interaction/ispyb/test_gridscan_ispyb_store_2d.py::test_ispyb_deposition_rounds_box_size_int[0.02-20.0],call,0.29,43.31
before,7,test_read_hardware_for_ispyb_updates_from_ophyd_devices,tests/unit_tests/experiment_plans/test_panda_flyscan_xray_centre_plan.py::TestFlyscanXrayCentrePlan::test_read_hardware_for_ispyb_updates_from_ophyd_devices,setup,0.26,43.31
before,7,test_cleanup_happens,tests/unit_tests/experiment_plans/test_rotation_scan_plan.py::test_cleanup_happens,call,0.26,43.31
before,7,test_GIVEN_scan_not_valid_THEN_wait_for_GRIDSCAN_raises_and_sleeps_called,tests/unit_tests/experiment_plans/test_flyscan_xray_centre_plan.py::TestFlyscanXrayCentrePlan::test_GIVEN_scan_not_valid_THEN_wait_for_GRIDSCAN_raises_and_sleeps_called,call,0.24,43.31
before,7,test_adjust_mirror_stripe[7.001-Rhodium-124--46],tests/unit_tests/device_setup_plans/test_dcm_pitch_roll_mirror_adjuster.py::test_adjust_mirror_stripe[7.001-Rhodium-124--46],call,0.23,43.31
before,7,test_cleanup_happens,tests/unit_tests/experiment_plans/test_rotation_scan_plan.py::test_cleanup_happens,setup,0.23,43.31
before,7,test_apply_and_wait_for_voltages_to_settle_timeout,tests/unit_tests/device_setup_plans/test_dcm_pitch_roll_mirror_adjuster.py::test_apply_and_wait_for_voltages_to_settle_timeout,call,0.22,43.31
before,7,test_apply_and_wait_for_voltages_to_settle_happy_path,tests/unit_tests/device_setup_plans/test_dcm_pitch_roll_mirror_adjuster.py::test_apply_and_wait_for_voltages_to_settle_happy_path,call,0.22,43.31
before,7,test_when_pin_centre_xray_centre_called_then_detector_positioned,tests/unit_tests/experiment_plans/test_pin_centre_then_xray_centre_plan.py::test_when_pin_centre_xray_centre_called_then_detector_positioned,call,0.22,43.31
before,7,test_when_grid_detection_plan_run_twice_then_values_do_not_persist_in_callback,tests/unit_tests/experiment_plans/test_grid_detection_plan.py::test_when_grid_detection_plan_run_twice_then_values_do_not_persist_in_callback,call,0.21,43.31
before,7,test_when_started_n_returnstatus_interrupted_bc_RE_aborted_thn_error_reptd,tests/unit_tests/hyperion/test_main_system.py::test_when_started_n_returnstatus_interrupted_bc_RE_aborted_thn_error_reptd,call,0.21,43.31
before,7,test_given_no_tip_found_ever_when_get_tip_into_view_then_smargon_moved_positive_and_exception_thrown,tests/unit_tests/experiment_plans/test_pin_tip_centring.py::test_given_no_tip_found_ever_when_get_tip_into_view_then_smargon_moved_positive_and_exception_thrown,call,0.21,43.31
before,7,test_when_grid_scan_ran_then_eiger_disarmed_before_zocalo_end,tests/unit_tests/experiment_plans/test_flyscan_xray_centre_plan.py::TestFlyscanXrayCentrePlan::test_when_grid_scan_ran_then_eiger_disarmed_before_zocalo_end,call,0.2,43.31
before,7,test_rotation_scan_nexus_output_compared_to_existing_file,tests/unit_tests/external_interaction/test_write_rotation_nexus.py::test_rotation_scan_nexus_output_compared_to_existing_file,call,0.2,43.31
before,7,test_when_grid_scan_ran_then_eiger_disarmed_before_zocalo_end,tests/unit_tests/experiment_plans/test_panda_flyscan_xray_centre_plan.py::TestFlyscanXrayCentrePlan::test_when_grid_scan_ran_then_eiger_disarmed_before_zocalo_end,call,0.2,43.31
before,7,test_GIVEN_no_results_from_zocalo_WHEN_communicator_wait_for_results_called_THEN_fallback_centre_used,tests/unit_tests/experiment_plans/test_flyscan_xray_centre_plan.py::TestFlyscanXrayCentrePlan::test_GIVEN_no_results_from_zocalo_WHEN_communicator_wait_for_results_called_THEN_fallback_centre_used,call,0.2,43.31
before,7,test_when_grid_detection_plan_run_then_grid_detection_callback_gets_correct_values,tests/unit_tests/experiment_plans/test_grid_detection_plan.py::test_when_grid_detection_plan_run_then_grid_detection_callback_gets_correct_values,call,0.19,43.31
before,7,test_full_rotation_plan_smargon_settings,tests/unit_tests/experiment_plans/test_rotation_scan_plan.py::test_full_rotation_plan_smargon_settings,setup,0.19,43.31
before,7,test_GIVEN_no_results_from_zocalo_WHEN_communicator_wait_for_results_called_THEN_fallback_centre_used,tests/unit_tests/experiment_plans/test_panda_flyscan_xray_centre_plan.py::TestFlyscanXrayCentrePlan::test_GIVEN_no_results_from_zocalo_WHEN_communicator_wait_for_results_called_THEN_fallback_centre_used,call,0.19,43.31
before,7,test_given_when_grid_detect_then_upper_left_and_start_position_as_expected,tests/unit_tests/experiment_plans/test_grid_detection_plan.py::test_given_when_grid_detect_then_upper_left_and_start_position_as_expected,call,0.18,43.31
before,7,test_given_detector_bit_depth_changes_then_vds_datatype_as_expected[32-uint32],tests/unit_tests/external_interaction/test_write_rotation_nexus.py::test_given_detector_bit_depth_changes_then_vds_datatype_as_expected[32-uint32],call,0.17,43.31
before,7,test_given_detector_bit_depth_changes_then_vds_datatype_as_expected[16-uint16],tests/unit_tests/external_interaction/test_write_rotation_nexus.py::test_given_detector_bit_depth_changes_then_vds_datatype_as_expected[16-uint16],call,0.17,43.31
before,7,test_given_detector_bit_depth_changes_then_vds_datatype_as_expected[100-uint16],tests/unit_tests/external_interaction/test_write_rotation_nexus.py::test_given_detector_bit_depth_changes_then_vds_datatype_as_expected[100-uint16],call,0.17,43.31
before,7,test_given_detector_bit_depth_changes_then_vds_datatype_as_expected[8-uint8],tests/unit_tests/external_interaction/test_write_rotation_nexus.py::test_given_detector_bit_depth_changes_then_vds_datatype_as_expected[8-uint8],call,0.17,43.31
before,7,test_when_gridscan_finished_then_smargon_stub_offsets_are_set,tests/unit_tests/experiment_plans/test_panda_flyscan_xray_centre_plan.py::TestFlyscanXrayCentrePlan::test_when_gridscan_finished_then_smargon_stub_offsets_are_set,call,0.16,43.31
before,7,test_when_gridscan_finished_then_smargon_stub_offsets_are_set,tests/unit_tests/experiment_plans/test_flyscan_xray_centre_plan.py::TestFlyscanXrayCentrePlan::test_when_gridscan_finished_then_smargon_stub_offsets_are_set,call,0.15,43.31
before,7,test_fgs_arms_eiger_without_grid_detect,tests/unit_tests/experiment_plans/test_flyscan_xray_centre_plan.py::TestFlyscanXrayCentrePlan::test_fgs_arms_eiger_without_grid_detect,call,0.15,43.31
before,7,test_fgs_arms_eiger_without_grid_detect,tests/unit_tests/experiment_plans/test_panda_flyscan_xray_centre_plan.py::TestFlyscanXrayCentrePlan::test_fgs_arms_eiger_without_grid_detect,call,0.14,43.31
before,7,test_grid_detection_plan_runs_and_triggers_snapshots,tests/unit_tests/experiment_plans/test_grid_detection_plan.py::test_grid_detection_plan_runs_and_triggers_snapshots,call,0.14,43.31
before,7,test_results_adjusted_and_passed_to_move_xyz,tests/unit_tests/experiment_plans/test_flyscan_xray_centre_plan.py::TestFlyscanXrayCentrePlan::test_results_adjusted_and_passed_to_move_xyz,call,0.14,43.31
before,7,test_results_adjusted_and_passed_to_move_xyz,tests/unit_tests/experiment_plans/test_panda_flyscan_xray_centre_plan.py::TestFlyscanXrayCentrePlan::test_results_adjusted_and_passed_to_move_xyz,call,0.13,43.31
before,7,test_rotation_plan_smargon_doesnt_move_xyz_if_not_given_in_params,tests/unit_tests/experiment_plans/test_rotation_scan_plan.py::test_rotation_plan_smargon_doesnt_move_xyz_if_not_given_in_params,setup,0.12,43.31
before,7,test_rotation_plan_zebra_settings,tests/unit_tests/experiment_plans/test_rotation_scan_plan.py::test_rotation_plan_zebra_settings,setup,0.12,43.31
before,7,test_rotation_plan_energy_settings,tests/unit_tests/experiment_plans/test_rotation_scan_plan.py::test_rotation_plan_energy_settings,setup,0.12,43.31
before,7,test_rotation_plan_runs,tests/unit_tests/experiment_plans/test_rotation_scan_plan.py::test_rotation_plan_runs,setup,0.12,43.31
before,7,test_when_gridscan_succeeds_ispyb_comment_appended_to,tests/unit_tests/experiment_plans/test_panda_flyscan_xray_centre_plan.py::TestFlyscanXrayCentrePlan::test_when_gridscan_succeeds_ispyb_comment_appended_to,setup,0.12,43.31
before,7,test_given_moving_out_of_range_when_move_with_warn_called_then_warning_exception,tests/unit_tests/experiment_plans/test_pin_tip_centring.py::test_given_moving_out_of_range_when_move_with_warn_called_then_warning_exception,call,0.11,43.31
before,7,test_start_gives_success,tests/unit_tests/hyperion/test_main_system.py::test_start_gives_success,teardown,0.1,43.31
before,7,test_getting_status_return_idle,tests/unit_tests/hyperion/test_main_system.py::test_getting_status_return_idle,teardown,0.1,43.31
before,7,test_sending_start_twice_fails,tests/unit_tests/hyperion/test_main_system.py::test_sending_start_twice_fails,teardown,0.1,43.31
before,7,test_given_started_when_stopped_then_success_and_idle_status,tests/unit_tests/hyperion/test_main_system.py::test_given_started_when_stopped_then_success_and_idle_status,teardown,0.1,43.31
before,7,test_given_started_when_stopped_and_started_again_then_runs,tests/unit_tests/hyperion/test_main_system.py::test_given_started_when_stopped_and_started_again_then_runs,teardown,0.1,43.31
before,7,test_given_no_tip_found_but_will_be_found_when_get_tip_into_view_then_smargon_moved_positive_and_tip_returned,tests/unit_tests/experiment_plans/test_pin_tip_centring.py::test_given_no_tip_found_but_will_be_found_when_get_tip_into_view_then_smargon_moved_positive_and_tip_returned,call,0.09,43.31
before,7,test_when_gridscan_succeeds_ispyb_comment_appended_to,tests/unit_tests/experiment_plans/test_panda_flyscan_xray_centre_plan.py::TestFlyscanXrayCentrePlan::test_when_gridscan_succeeds_ispyb_comment_appended_to,call,0.09,43.31
before,7,test_when_full_grid_scan_run_then_parameters_sent_to_fgs_as_expected,tests/unit_tests/experiment_plans/test_grid_detect_then_xray_centre_plan.py::test_when_full_grid_scan_run_then_parameters_sent_to_fgs_as_expected,call,0.09,43.31
before,7,test_detect_grid_and_do_gridscan,tests/unit_tests/experiment_plans/test_grid_detect_then_xray_centre_plan.py::test_detect_grid_and_do_gridscan,call,0.09,43.31
before,7,test_given_detector_move_fails_then_eiger_disarmed_and_correct_exception_returned,tests/unit_tests/device_setup_plans/test_utils.py::test_given_detector_move_fails_then_eiger_disarmed_and_correct_exception_returned,call,0.07,43.31
before,7,test_rotation_scan,tests/unit_tests/experiment_plans/test_rotation_scan_plan.py::test_rotation_scan,call,0.07,43.31
before,7,test_pin_tip_starting_near_positive_edge_doesnt_exceed_limit,tests/unit_tests/experiment_plans/test_pin_tip_centring.py::test_pin_tip_starting_near_positive_edge_doesnt_exceed_limit,call,0.06,43.31
before,7,test_when_pin_centre_xray_centre_called_then_detector_positioned,tests/unit_tests/experiment_plans/test_pin_centre_then_xray_centre_plan.py::test_when_pin_centre_xray_centre_called_then_detector_positioned,setup,0.06,43.31
before,7,test_ispyb_handler_grabs_uid_from_main_plan_and_not_first_start_doc,tests/unit_tests/external_interaction/callbacks/test_rotation_callbacks.py::test_ispyb_handler_grabs_uid_from_main_plan_and_not_first_start_doc,call,0.06,43.31
before,7,test_given_plan_raises_when_exception_raised_then_eiger_disarmed_and_correct_exception_returned,tests/unit_tests/device_setup_plans/test_utils.py::test_given_plan_raises_when_exception_raised_then_eiger_disarmed_and_correct_exception_returned,call,0.06,43.31
before,7,test_kickoff_and_complete_gridscan_triggers_zocalo,tests/unit_tests/experiment_plans/test_flyscan_xray_centre_plan.py::test_kickoff_and_complete_gridscan_triggers_zocalo,call,0.06,43.31
before,7,test_activity_gated_stop,tests/unit_tests/external_interaction/callbacks/rotation/test_ispyb_callback.py::test_activity_gated_stop,setup,0.06,43.31
before,7,test_read_hardware_for_ispyb_updates_from_ophyd_devices,tests/unit_tests/experiment_plans/test_flyscan_xray_centre_plan.py::TestFlyscanXrayCentrePlan::test_read_hardware_for_ispyb_updates_from_ophyd_devices,call,0.06,43.31
before,7,test_ispyb_starts_on_opening_and_zocalo_on_main_so_ispyb_triggered_before_zocalo,tests/unit_tests/external_interaction/callbacks/test_rotation_callbacks.py::test_ispyb_starts_on_opening_and_zocalo_on_main_so_ispyb_triggered_before_zocalo,call,0.05,43.31
before,7,test_when_gridscan_succeeds_ispyb_comment_appended_to,tests/unit_tests/experiment_plans/test_flyscan_xray_centre_plan.py::TestFlyscanXrayCentrePlan::test_when_gridscan_succeeds_ispyb_comment_appended_to,call,0.05,43.31
before,7,test_ispyb_specifies_experiment_type_if_supplied,tests/unit_tests/external_interaction/callbacks/test_rotation_callbacks.py::test_ispyb_specifies_experiment_type_if_supplied,call,0.05,43.31
before,7,test_when_gridscan_finished_then_smargon_stub_offsets_are_set,tests/unit_tests/experiment_plans/test_flyscan_xray_centre_plan.py::TestFlyscanXrayCentrePlan::test_when_gridscan_finished_then_smargon_stub_offsets_are_set,setup,0.05,43.31
before,7,test_individual_plans_triggered_once_and_only_once_in_composite_run,tests/unit_tests/experiment_plans/test_flyscan_xray_centre_plan.py::TestFlyscanXrayCentrePlan::test_individual_plans_triggered_once_and_only_once_in_composite_run,call,0.05,43.31
before,7,test_individual_plans_triggered_once_and_only_once_in_composite_run,tests/unit_tests/experiment_plans/test_panda_flyscan_xray_centre_plan.py::TestFlyscanXrayCentrePlan::test_individual_plans_triggered_once_and_only_once_in_composite_run,setup,0.05,43.31
before,7,test_results_adjusted_and_passed_to_move_xyz,tests/unit_tests/experiment_plans/test_flyscan_xray_centre_plan.py::TestFlyscanXrayCentrePlan::test_results_adjusted_and_passed_to_move_xyz,setup,0.05,43.31
before,7,test_when_gridscan_fails_ispyb_comment_appended_to,tests/unit_tests/experiment_plans/test_flyscan_xray_centre_plan.py::TestFlyscanXrayCentrePlan::test_when_gridscan_fails_ispyb_comment_appended_to,setup,0.05,43.31
before,7,test_results_adjusted_and_passed_to_move_xyz,tests/unit_tests/experiment_plans/test_panda_flyscan_xray_centre_plan.py::TestFlyscanXrayCentrePlan::test_results_adjusted_and_passed_to_move_xyz,setup,0.05,43.31
before,7,test_individual_plans_triggered_once_and_only_once_in_composite_run,tests/unit_tests/experiment_plans/test_flyscan_xray_centre_plan.py::TestFlyscanXrayCentrePlan::test_individual_plans_triggered_once_and_only_once_in_composite_run,setup,0.05,43.31
before,7,test_when_grid_scan_ran_then_eiger_disarmed_before_zocalo_end,tests/unit_tests/experiment_plans/test_panda_flyscan_xray_centre_plan.py::TestFlyscanXrayCentrePlan::test_when_grid_scan_ran_then_eiger_disarmed_before_zocalo_end,setup,0.05,43.31
before,7,test_when_gridscan_fails_ispyb_comment_appended_to,tests/unit_tests/experiment_plans/test_panda_flyscan_xray_centre_plan.py::TestFlyscanXrayCentrePlan::test_when_gridscan_fails_ispyb_comment_appended_to,setup,0.05,43.31
before,7,test_given_setting_stub_offsets_disabled_then_stub_offsets_not_set,tests/unit_tests/experiment_plans/test_panda_flyscan_xray_centre_plan.py::TestFlyscanXrayCentrePlan::test_given_setting_stub_offsets_disabled_then_stub_offsets_not_set,setup,0.05,43.31
before,7,test_GIVEN_no_results_from_zocalo_WHEN_communicator_wait_for_results_called_THEN_fallback_centre_used,tests/unit_tests/experiment_plans/test_panda_flyscan_xray_centre_plan.py::TestFlyscanXrayCentrePlan::test_GIVEN_no_results_from_zocalo_WHEN_communicator_wait_for_results_called_THEN_fallback_centre_used,setup,0.05,43.31
before,7,test_given_setting_stub_offsets_disabled_then_stub_offsets_not_set,tests/unit_tests/experiment_plans/test_flyscan_xray_centre_plan.py::TestFlyscanXrayCentrePlan::test_given_setting_stub_offsets_disabled_then_stub_offsets_not_set,setup,0.05,43.31
before,7,test_when_gridscan_finished_then_smargon_stub_offsets_are_set,tests/unit_tests/experiment_plans/test_panda_flyscan_xray_centre_plan.py::TestFlyscanXrayCentrePlan::test_when_gridscan_finished_then_smargon_stub_offsets_are_set,setup,0.05,43.31
before,7,test_when_grid_scan_ran_then_eiger_disarmed_before_zocalo_end,tests/unit_tests/experiment_plans/test_flyscan_xray_centre_plan.py::TestFlyscanXrayCentrePlan::test_when_grid_scan_ran_then_eiger_disarmed_before_zocalo_end,setup,0.05,43.31
before,7,test_individual_plans_triggered_once_and_only_once_in_composite_run,tests/unit_tests/experiment_plans/test_panda_flyscan_xray_centre_plan.py::TestFlyscanXrayCentrePlan::test_individual_plans_triggered_once_and_only_once_in_composite_run,call,0.05,43.31
before,7,test_given_setting_stub_offsets_disabled_then_stub_offsets_not_set,tests/unit_tests/experiment_plans/test_flyscan_xray_centre_plan.py::TestFlyscanXrayCentrePlan::test_given_setting_stub_offsets_disabled_then_stub_offsets_not_set,call,0.05,43.31
before,7,test_read_hardware_for_ispyb_updates_from_ophyd_devices,tests/unit_tests/experiment_plans/test_panda_flyscan_xray_centre_plan.py::TestFlyscanXrayCentrePlan::test_read_hardware_for_ispyb_updates_from_ophyd_devices,call,0.05,43.31
before,7,test_GIVEN_no_results_from_zocalo_WHEN_communicator_wait_for_results_called_THEN_fallback_centre_used,tests/unit_tests/experiment_plans/test_flyscan_xray_centre_plan.py::TestFlyscanXrayCentrePlan::test_GIVEN_no_results_from_zocalo_WHEN_communicator_wait_for_results_called_THEN_fallback_centre_used,setup,0.05,43.31
before,7,test_pin_tip_starting_near_negative_edge_doesnt_exceed_limit,tests/unit_tests/experiment_plans/test_pin_tip_centring.py::test_pin_tip_starting_near_negative_edge_doesnt_exceed_limit,call,0.05,43.31
before,7,test_given_gridscan_fails_to_centre_then_stub_offsets_not_set,tests/unit_tests/experiment_plans/test_panda_flyscan_xray_centre_plan.py::TestFlyscanXrayCentrePlan::test_given_gridscan_fails_to_centre_then_stub_offsets_not_set,setup,0.05,43.31
before,7,test_given_shutter_open_fails_then_eiger_disarmed_and_correct_exception_returned,tests/unit_tests/device_setup_plans/test_utils.py::test_given_shutter_open_fails_then_eiger_disarmed_and_correct_exception_returned,call,0.05,43.31
before,7,test_if_smargon_speed_over_limit_then_log_error,tests/unit_tests/experiment_plans/test_panda_flyscan_xray_centre_plan.py::test_if_smargon_speed_over_limit_then_log_error,setup,0.05,43.31
before,7,test_nexus_handler_gets_documents_in_mock_plan,tests/unit_tests/external_interaction/callbacks/test_rotation_callbacks.py::test_nexus_handler_gets_documents_in_mock_plan,call,0.05,43.31
before,7,test_when_grid_scan_fails_then_detector_disarmed_and_correct_exception_returned,tests/unit_tests/experiment_plans/test_panda_flyscan_xray_centre_plan.py::TestFlyscanXrayCentrePlan::test_when_grid_scan_fails_then_detector_disarmed_and_correct_exception_returned,setup,0.05,43.31
before,7,test_read_hardware_for_ispyb_updates_from_ophyd_devices,tests/unit_tests/experiment_plans/test_flyscan_xray_centre_plan.py::TestFlyscanXrayCentrePlan::test_read_hardware_for_ispyb_updates_from_ophyd_devices,setup,0.05,43.31
before,7,test_given_setting_stub_offsets_disabled_then_stub_offsets_not_set,tests/unit_tests/experiment_plans/test_panda_flyscan_xray_centre_plan.py::TestFlyscanXrayCentrePlan::test_given_setting_stub_offsets_disabled_then_stub_offsets_not_set,call,0.05,43.31
before,7,test_results_passed_to_move_motors,tests/unit_tests/experiment_plans/test_flyscan_xray_centre_plan.py::TestFlyscanXrayCentrePlan::test_results_passed_to_move_motors,setup,0.04,43.31
before,7,test_results_passed_to_move_motors,tests/unit_tests/experiment_plans/test_panda_flyscan_xray_centre_plan.py::TestFlyscanXrayCentrePlan::test_results_passed_to_move_motors,setup,0.04,43.31
before,7,test_fgs_arms_eiger_without_grid_detect,tests/unit_tests/experiment_plans/test_flyscan_xray_centre_plan.py::TestFlyscanXrayCentrePlan::test_fgs_arms_eiger_without_grid_detect,setup,0.04,43.31
before,7,test_rotation_scan,tests/unit_tests/experiment_plans/test_rotation_scan_plan.py::test_rotation_scan,setup,0.04,43.31
before,7,test_given_gridscan_fails_to_centre_then_stub_offsets_not_set,tests/unit_tests/experiment_plans/test_flyscan_xray_centre_plan.py::TestFlyscanXrayCentrePlan::test_given_gridscan_fails_to_centre_then_stub_offsets_not_set,setup,0.04,43.31
before,7,test_when_run_gridscan_called_ispyb_deposition_made_and_records_errors,tests/unit_tests/experiment_plans/test_flyscan_xray_centre_plan.py::TestFlyscanXrayCentrePlan::test_when_run_gridscan_called_ispyb_deposition_made_and_records_errors,setup,0.04,43.31
before,7,test_nexus_handler_only_writes_once,tests/unit_tests/external_interaction/callbacks/test_rotation_callbacks.py::test_nexus_handler_only_writes_once,call,0.04,43.31
before,7,test_when_grid_scan_fails_then_detector_disarmed_and_correct_exception_returned,tests/unit_tests/experiment_plans/test_flyscan_xray_centre_plan.py::TestFlyscanXrayCentrePlan::test_when_grid_scan_fails_then_detector_disarmed_and_correct_exception_returned,setup,0.04,43.31
before,7,test_when_gridscan_fails_ispyb_comment_appended_to,tests/unit_tests/experiment_plans/test_flyscan_xray_centre_plan.py::TestFlyscanXrayCentrePlan::test_when_gridscan_fails_ispyb_comment_appended_to,call,0.04,43.31
before,7,test_when_gridscan_fails_ispyb_comment_appended_to,tests/unit_tests/experiment_plans/test_panda_flyscan_xray_centre_plan.py::TestFlyscanXrayCentrePlan::test_when_gridscan_fails_ispyb_comment_appended_to,call,0.04,43.31
before,7,test_given_tip_at_zero_but_will_be_found_when_get_tip_into_view_then_smargon_moved_negative_and_tip_returned,tests/unit_tests/experiment_plans/test_pin_tip_centring.py::test_given_tip_at_zero_but_will_be_found_when_get_tip_into_view_then_smargon_moved_negative_and_tip_returned,call,0.04,43.31
before,7,test_total_counts_calc_new_transmission_raises_warning_on_high_transmission,tests/unit_tests/experiment_plans/test_optimise_attenuation_plan.py::test_total_counts_calc_new_transmission_raises_warning_on_high_transmission,call,0.03,43.31
before,7,test_given_started_when_stopped_and_started_again_then_runs,tests/unit_tests/hyperion/test_main_system.py::test_given_started_when_stopped_and_started_again_then_runs,call,0.03,43.31
before,7,test_when_detected_grid_has_odd_y_steps_then_add_a_y_step_and_shift_grid[True],tests/unit_tests/experiment_plans/test_grid_detection_plan.py::test_when_detected_grid_has_odd_y_steps_then_add_a_y_step_and_shift_grid[True],call,0.03,43.31
before,7,test_when_detected_grid_has_odd_y_steps_then_add_a_y_step_and_shift_grid[False],tests/unit_tests/experiment_plans/test_grid_detection_plan.py::test_when_detected_grid_has_odd_y_steps_then_add_a_y_step_and_shift_grid[False],call,0.03,43.31
before,7,test_given_smargon_disabled_when_plan_run_then_waits_on_smargon[14],tests/unit_tests/experiment_plans/test_wait_for_robot_load_then_centre.py::test_given_smargon_disabled_when_plan_run_then_waits_on_smargon[14],call,0.03,43.31
before,7,test_given_detector_bit_depth_changes_then_vds_datatype_as_expected[16-uint16],tests/unit_tests/external_interaction/test_write_rotation_nexus.py::test_given_detector_bit_depth_changes_then_vds_datatype_as_expected[16-uint16],setup,0.02,43.31
before,7,test_given_xpbm_checks_pass_when_plan_run_with_decorator_then_run_as_expected,tests/unit_tests/device_setup_plans/test_xbpm_feedback.py::test_given_xpbm_checks_pass_when_plan_run_with_decorator_then_run_as_expected,call,0.02,43.31
before,7,test_when_full_grid_scan_run_then_parameters_sent_to_fgs_as_expected,tests/unit_tests/experiment_plans/test_grid_detect_then_xray_centre_plan.py::test_when_full_grid_scan_run_then_parameters_sent_to_fgs_as_expected,setup,0.02,43.31
before,7,test_when_grid_detection_plan_run_twice_then_values_do_not_persist_in_callback,tests/unit_tests/experiment_plans/test_grid_detection_plan.py::test_when_grid_detection_plan_run_twice_then_values_do_not_persist_in_callback,setup,0.02,43.31
before,7,test_grid_detection_plan_gives_warningerror_if_tip_not_found,tests/unit_tests/experiment_plans/test_grid_detection_plan.py::test_grid_detection_plan_gives_warningerror_if_tip_not_found,setup,0.02,43.31
before,7,test_when_detected_grid_has_odd_y_steps_then_add_a_y_step_and_shift_grid[True],tests/unit_tests/experiment_plans/test_grid_detection_plan.py::test_when_detected_grid_has_odd_y_steps_then_add_a_y_step_and_shift_grid[True],setup,0.02,43.31
before,7,test_when_grid_detection_plan_run_then_grid_detection_callback_gets_correct_values,tests/unit_tests/experiment_plans/test_grid_detection_plan.py::test_when_grid_detection_plan_run_then_grid_detection_callback_gets_correct_values,setup,0.02,43.31
before,7,test_grid_detection_plan_runs_and_triggers_snapshots,tests/unit_tests/experiment_plans/test_grid_detection_plan.py::test_grid_detection_plan_runs_and_triggers_snapshots,setup,0.02,43.31
before,7,test_detect_grid_and_do_gridscan,tests/unit_tests/experiment_plans/test_grid_detect_then_xray_centre_plan.py::test_detect_grid_and_do_gridscan,setup,0.02,43.31
before,7,test_when_detected_grid_has_odd_y_steps_then_add_a_y_step_and_shift_grid[False],tests/unit_tests/experiment_plans/test_grid_detection_plan.py::test_when_detected_grid_has_odd_y_steps_then_add_a_y_step_and_shift_grid[False],setup,0.02,43.31
before,7,test_set_energy,tests/unit_tests/experiment_plans/test_set_energy_plan.py::test_set_energy,setup,0.02,43.31
before,7,test_trigger_and_return_pin_tip_works_for_AD_pin_tip_detection,tests/unit_tests/experiment_plans/test_pin_tip_centring.py::test_trigger_and_return_pin_tip_works_for_AD_pin_tip_detection,call,0.02,43.31
before,7,test_total_counts_gets_within_target,tests/unit_tests/experiment_plans/test_optimise_attenuation_plan.py::test_total_counts_gets_within_target,call,0.02,43.31
before,7,test_given_smargon_disabled_when_plan_run_then_waits_on_smargon[5],tests/unit_tests/experiment_plans/test_wait_for_robot_load_then_centre.py::test_given_smargon_disabled_when_plan_run_then_waits_on_smargon[5],call,0.02,43.31
before,7,test_when_plan_run_then_centring_plan_run_with_expected_parameters,tests/unit_tests/experiment_plans/test_wait_for_robot_load_then_centre.py::test_when_plan_run_then_centring_plan_run_with_expected_parameters,setup,0.02,43.31
before,7,test_when_plan_run_then_detector_arm_started_before_wait_on_robot_load,tests/unit_tests/experiment_plans/test_wait_for_robot_load_then_centre.py::test_when_plan_run_then_detector_arm_started_before_wait_on_robot_load,setup,0.02,43.31
before,7,test_given_smargon_disabled_for_longer_than_timeout_when_plan_run_then_throws_exception,tests/unit_tests/experiment_plans/test_wait_for_robot_load_then_centre.py::test_given_smargon_disabled_for_longer_than_timeout_when_plan_run_then_throws_exception,setup,0.02,43.31
before,7,test_wait_for_robot_load_then_centre_doesnt_set_energy_if_not_specified,tests/unit_tests/experiment_plans/test_wait_for_robot_load_then_centre.py::test_wait_for_robot_load_then_centre_doesnt_set_energy_if_not_specified,setup,0.02,43.31
before,7,test_given_smargon_disabled_when_plan_run_then_waits_on_smargon[5],tests/unit_tests/experiment_plans/test_wait_for_robot_load_then_centre.py::test_given_smargon_disabled_when_plan_run_then_waits_on_smargon[5],setup,0.02,43.31
before,7,test_when_plan_run_with_requested_energy_specified_energy_change_executes,tests/unit_tests/experiment_plans/test_wait_for_robot_load_then_centre.py::test_when_plan_run_with_requested_energy_specified_energy_change_executes,setup,0.02,43.31
before,7,test_given_smargon_disabled_when_plan_run_then_waits_on_smargon[14],tests/unit_tests/experiment_plans/test_wait_for_robot_load_then_centre.py::test_given_smargon_disabled_when_plan_run_then_waits_on_smargon[14],setup,0.02,43.31
before,7,test_given_smargon_disabled_when_plan_run_then_waits_on_smargon[3],tests/unit_tests/experiment_plans/test_wait_for_robot_load_then_centre.py::test_given_smargon_disabled_when_plan_run_then_waits_on_smargon[3],call,0.02,43.31
before,7,test_given_smargon_disabled_when_plan_run_then_waits_on_smargon[3],tests/unit_tests/experiment_plans/test_wait_for_robot_load_then_centre.py::test_given_smargon_disabled_when_plan_run_then_waits_on_smargon[3],setup,0.02,43.31
before,7,test_when_plan_run_then_detector_arm_started_before_wait_on_robot_load,tests/unit_tests/experiment_plans/test_wait_for_robot_load_then_centre.py::test_when_plan_run_then_detector_arm_started_before_wait_on_robot_load,call,0.02,43.31
before,7,test_optimisation_attenuation_plan_runs_correct_functions[total_counts],tests/unit_tests/experiment_plans/test_optimise_attenuation_plan.py::test_optimisation_attenuation_plan_runs_correct_functions[total_counts],call,0.02,43.31
before,7,test_values_for_move_so_that_beam_is_at_pixel[px_per_um5-beam_centre5-0-pixel_to_move_to5-expected_xyz5],tests/unit_tests/device_setup_plans/test_setup_oav.py::test_values_for_move_so_that_beam_is_at_pixel[px_per_um5-beam_centre5-0-pixel_to_move_to5-expected_xyz5],setup,0.02,43.31
before,7,test_optimisation_attenuation_plan_runs_correct_functions[deadtime],tests/unit_tests/experiment_plans/test_optimise_attenuation_plan.py::test_optimisation_attenuation_plan_runs_correct_functions[deadtime],call,0.01,43.31
before,7,test_values_for_move_so_that_beam_is_at_pixel[px_per_um0-beam_centre0-0-pixel_to_move_to0-expected_xyz0],tests/unit_tests/device_setup_plans/test_setup_oav.py::test_values_for_move_so_that_beam_is_at_pixel[px_per_um0-beam_centre0-0-pixel_to_move_to0-expected_xyz0],setup,0.01,43.31
before,7,test_values_for_move_so_that_beam_is_at_pixel[px_per_um4-beam_centre4--90-pixel_to_move_to4-expected_xyz4],tests/unit_tests/device_setup_plans/test_setup_oav.py::test_values_for_move_so_that_beam_is_at_pixel[px_per_um4-beam_centre4--90-pixel_to_move_to4-expected_xyz4],setup,0.01,43.31
before,7,test_values_for_move_so_that_beam_is_at_pixel[px_per_um3-beam_centre3-0-pixel_to_move_to3-expected_xyz3],tests/unit_tests/device_setup_plans/test_setup_oav.py::test_values_for_move_so_that_beam_is_at_pixel[px_per_um3-beam_centre3-0-pixel_to_move_to3-expected_xyz3],setup,0.01,43.31
before,7,test_adjust_dcm_pitch_roll_vfm_from_lut,tests/unit_tests/device_setup_plans/test_dcm_pitch_roll_mirror_adjuster.py::test_adjust_dcm_pitch_roll_vfm_from_lut,setup,0.01,43.31
before,7,test_values_for_move_so_that_beam_is_at_pixel[px_per_um6-beam_centre6--90-pixel_to_move_to6-expected_xyz6],tests/unit_tests/device_setup_plans/test_setup_oav.py::test_values_for_move_so_that_beam_is_at_pixel[px_per_um6-beam_centre6--90-pixel_to_move_to6-expected_xyz6],setup,0.01,43.31
before,7,test_values_for_move_so_that_beam_is_at_pixel[px_per_um1-beam_centre1--90-pixel_to_move_to1-expected_xyz1],tests/unit_tests/device_setup_plans/test_setup_oav.py::test_values_for_move_so_that_beam_is_at_pixel[px_per_um1-beam_centre1--90-pixel_to_move_to1-expected_xyz1],setup,0.01,43.31
before,7,test_zebra_arm_disarm,tests/unit_tests/device_setup_plans/test_zebra_setup.py::test_zebra_arm_disarm,call,0.01,43.31
before,7,test_values_for_move_so_that_beam_is_at_pixel[px_per_um2-beam_centre2-90-pixel_to_move_to2-expected_xyz2],tests/unit_tests/device_setup_plans/test_setup_oav.py::test_values_for_move_so_that_beam_is_at_pixel[px_per_um2-beam_centre2-90-pixel_to_move_to2-expected_xyz2],setup,0.01,43.31
before,7,test_when_plan_run_then_centring_plan_run_with_expected_parameters,tests/unit_tests/experiment_plans/test_wait_for_robot_load_then_centre.py::test_when_plan_run_then_centring_plan_run_with_expected_parameters,call,0.01,43.31
before,7,test_blueskyrunner_uses_cli_args_correctly_for_callbacks[arg_list0-parsed_arg_values0],tests/unit_tests/hyperion/test_main_system.py::test_blueskyrunner_uses_cli_args_correctly_for_callbacks[arg_list0-parsed_arg_values0],call,0.01,43.31
before,7,test_blueskyrunner_uses_cli_args_correctly_for_callbacks[arg_list1-parsed_arg_values1],tests/unit_tests/hyperion/test_main_system.py::test_blueskyrunner_uses_cli_args_correctly_for_callbacks[arg_list1-parsed_arg_values1],call,0.01,43.31
before,7,test_blueskyrunner_uses_cli_args_correctly_for_callbacks[arg_list3-parsed_arg_values3],tests/unit_tests/hyperion/test_main_system.py::test_blueskyrunner_uses_cli_args_correctly_for_callbacks[arg_list3-parsed_arg_values3],call,0.01,43.31
before,7,test_given_no_tip_found_ever_when_get_tip_into_view_then_smargon_moved_positive_and_exception_thrown,tests/unit_tests/experiment_plans/test_pin_tip_centring.py::test_given_no_tip_found_ever_when_get_tip_into_view_then_smargon_moved_positive_and_exception_thrown,setup,0.01,43.31
before,7,test_blueskyrunner_uses_cli_args_correctly_for_callbacks[arg_list2-parsed_arg_values2],tests/unit_tests/hyperion/test_main_system.py::test_blueskyrunner_uses_cli_args_correctly_for_callbacks[arg_list2-parsed_arg_values2],call,0.01,43.31
before,7,test_pin_tip_starting_near_negative_edge_doesnt_exceed_limit,tests/unit_tests/experiment_plans/test_pin_tip_centring.py::test_pin_tip_starting_near_negative_edge_doesnt_exceed_limit,setup,0.01,43.31
before,7,test_execution_of_do_fgs_triggers_zocalo_calls,tests/unit_tests/external_interaction/callbacks/test_zocalo_handler.py::TestZocaloHandler::test_execution_of_do_fgs_triggers_zocalo_calls,call,0.01,43.31
before,7,test_given_the_pin_tip_is_already_in_view_when_get_tip_into_view_then_tip_returned_and_smargon_not_moved,tests/unit_tests/experiment_plans/test_pin_tip_centring.py::test_given_the_pin_tip_is_already_in_view_when_get_tip_into_view_then_tip_returned_and_smargon_not_moved,setup,0.01,43.31
before,7,test_when_set_up_oav_then_only_waits_on_oav_to_finish,tests/unit_tests/device_setup_plans/test_setup_oav.py::test_when_set_up_oav_then_only_waits_on_oav_to_finish,setup,0.01,43.31
before,7,test_end_deposition_happy_path,tests/unit_tests/external_interaction/ispyb/test_rotation_ispyb_store.py::test_end_deposition_happy_path,setup,0.01,43.31
before,7,test_when_pin_tip_centre_plan_called_then_expected_plans_called,tests/unit_tests/experiment_plans/test_pin_tip_centring.py::test_when_pin_tip_centre_plan_called_then_expected_plans_called,call,0.01,43.31
before,7,test_pin_tip_starting_near_positive_edge_doesnt_exceed_limit,tests/unit_tests/experiment_plans/test_pin_tip_centring.py::test_pin_tip_starting_near_positive_edge_doesnt_exceed_limit,setup,0.01,43.31
before,7,test_given_no_tip_found_but_will_be_found_when_get_tip_into_view_then_smargon_moved_positive_and_tip_returned,tests/unit_tests/experiment_plans/test_pin_tip_centring.py::test_given_no_tip_found_but_will_be_found_when_get_tip_into_view_then_smargon_moved_positive_and_tip_returned,setup,0.01,43.31
before,7,test_when_set_up_oav_with_different_zoom_levels_then_flat_field_applied_correctly[7.0-CAM],tests/unit_tests/device_setup_plans/test_setup_oav.py::test_when_set_up_oav_with_different_zoom_levels_then_flat_field_applied_correctly[7.0-CAM],setup,0.01,43.31
before,7,test_store_rotation_scan_uses_supplied_dcgid[2],tests/unit_tests/external_interaction/ispyb/test_rotation_ispyb_store.py::test_store_rotation_scan_uses_supplied_dcgid[2],call,0.01,43.31
before,7,test_sending_start_twice_fails,tests/unit_tests/hyperion/test_main_system.py::test_sending_start_twice_fails,call,0.01,43.31
before,7,test_when_pin_tip_centre_plan_called_then_expected_plans_called,tests/unit_tests/experiment_plans/test_pin_tip_centring.py::test_when_pin_tip_centre_plan_called_then_expected_plans_called,setup,0.01,43.31
before,7,test_setup_panda_performs_correct_plans,tests/unit_tests/device_setup_plans/test_setup_panda.py::test_setup_panda_performs_correct_plans,call,0.01,43.31
before,7,test_store_rotation_scan_uses_supplied_dcgid[88],tests/unit_tests/external_interaction/ispyb/test_rotation_ispyb_store.py::test_store_rotation_scan_uses_supplied_dcgid[88],call,0.01,43.31
before,7,test_given_tip_at_zero_but_will_be_found_when_get_tip_into_view_then_smargon_moved_negative_and_tip_returned,tests/unit_tests/experiment_plans/test_pin_tip_centring.py::test_given_tip_at_zero_but_will_be_found_when_get_tip_into_view_then_smargon_moved_negative_and_tip_returned,setup,0.01,43.31
before,7,test_adjust_mirror_stripe[7.001-Rhodium-124--46],tests/unit_tests/device_setup_plans/test_dcm_pitch_roll_mirror_adjuster.py::test_adjust_mirror_stripe[7.001-Rhodium-124--46],setup,0.01,43.31
before,7,test_store_rotation_scan_uses_supplied_dcgid[13],tests/unit_tests/external_interaction/ispyb/test_rotation_ispyb_store.py::test_store_rotation_scan_uses_supplied_dcgid[13],call,0.01,43.31
before,7,test_when_set_up_oav_with_different_zoom_levels_then_flat_field_applied_correctly[1.0-proc],tests/unit_tests/device_setup_plans/test_setup_oav.py::test_when_set_up_oav_with_different_zoom_levels_then_flat_field_applied_correctly[1.0-proc],setup,0.01,43.31
before,7,test_activity_gated_start,tests/unit_tests/external_interaction/callbacks/rotation/test_ispyb_callback.py::test_activity_gated_start,setup,0.01,43.31
before,7,test_given_pin_tip_detect_using_ophyd_when_pin_tip_centre_plan_called_then_expected_plans_called,tests/unit_tests/experiment_plans/test_pin_tip_centring.py::test_given_pin_tip_detect_using_ophyd_when_pin_tip_centre_plan_called_then_expected_plans_called,call,0.01,43.31
before,7,test_given_detector_bit_depth_changes_then_vds_datatype_as_expected[32-uint32],tests/unit_tests/external_interaction/test_write_rotation_nexus.py::test_given_detector_bit_depth_changes_then_vds_datatype_as_expected[32-uint32],setup,0.01,43.31
before,7,test_update_deposition_with_group_id_updates,tests/unit_tests/external_interaction/ispyb/test_rotation_ispyb_store.py::test_update_deposition_with_group_id_updates,setup,0.01,43.31
before,7,test_adjust_dcm_pitch_roll_vfm_from_lut,tests/unit_tests/device_setup_plans/test_dcm_pitch_roll_mirror_adjuster.py::test_adjust_dcm_pitch_roll_vfm_from_lut,call,0.01,43.31
before,7,test_given_detector_bit_depth_changes_then_vds_datatype_as_expected[100-uint16],tests/unit_tests/external_interaction/test_write_rotation_nexus.py::test_given_detector_bit_depth_changes_then_vds_datatype_as_expected[100-uint16],setup,0.01,43.31
before,7,test_activates_on_metadata,tests/unit_tests/external_interaction/callbacks/test_plan_reactive_callback.py::test_activates_on_metadata,call,0.01,43.31
before,7,test_store_rotation_scan_uses_supplied_dcgid[45],tests/unit_tests/external_interaction/ispyb/test_rotation_ispyb_store.py::test_store_rotation_scan_uses_supplied_dcgid[45],call,0.01,43.31
before,7,test_subscribe_in_plan,tests/unit_tests/external_interaction/callbacks/xray_centre/test_xraycentre_callback_collection.py::test_subscribe_in_plan,call,0.01,43.31
before,7,test_store_rotation_scan_uses_supplied_dcgid[61],tests/unit_tests/external_interaction/ispyb/test_rotation_ispyb_store.py::test_store_rotation_scan_uses_supplied_dcgid[61],call,0.01,43.31
before,7,test_given_started_when_stopped_then_success_and_idle_status,tests/unit_tests/hyperion/test_main_system.py::test_given_started_when_stopped_then_success_and_idle_status,call,0.01,43.31
before,7,test_given_detector_bit_depth_changes_then_vds_datatype_as_expected[8-uint8],tests/unit_tests/external_interaction/test_write_rotation_nexus.py::test_given_detector_bit_depth_changes_then_vds_datatype_as_expected[8-uint8],setup,0.01,43.31
before,7,test_rotation_scan_nexus_output_compared_to_existing_file,tests/unit_tests/external_interaction/test_write_rotation_nexus.py::test_rotation_scan_nexus_output_compared_to_existing_file,setup,0.01,43.31
before,7,test_GIVEN_scan_already_valid_THEN_wait_for_GRIDSCAN_returns_immediately,tests/unit_tests/experiment_plans/test_flyscan_xray_centre_plan.py::TestFlyscanXrayCentrePlan::test_GIVEN_scan_already_valid_THEN_wait_for_GRIDSCAN_returns_immediately,call,0.01,43.31
before,7,test_store_rotation_scan_uses_supplied_dcgid[25],tests/unit_tests/external_interaction/ispyb/test_rotation_ispyb_store.py::test_store_rotation_scan_uses_supplied_dcgid[25],call,0.01,43.31
before,7,test_given_pin_tip_detect_using_ophyd_when_pin_tip_centre_plan_called_then_expected_plans_called,tests/unit_tests/experiment_plans/test_pin_tip_centring.py::test_given_pin_tip_detect_using_ophyd_when_pin_tip_centre_plan_called_then_expected_plans_called,setup,0.01,43.31
before,7,test_ispyb_deposition_comment_for_3D_correct,tests/unit_tests/external_interaction/ispyb/test_gridscan_ispyb_store_3d.py::test_ispyb_deposition_comment_for_3D_correct,setup,0.01,43.31
before,7,test_deactivates_after_closing,tests/unit_tests/external_interaction/callbacks/test_plan_reactive_callback.py::test_deactivates_after_closing,call,0.01,43.31
before,7,test_no_exception_during_run_results_in_good_run_status,tests/unit_tests/external_interaction/ispyb/test_gridscan_ispyb_store_2d.py::test_no_exception_during_run_results_in_good_run_status,setup,0.01,43.31
before,7,test_apply_and_wait_for_voltages_to_settle_happy_path,tests/unit_tests/device_setup_plans/test_dcm_pitch_roll_mirror_adjuster.py::test_apply_and_wait_for_voltages_to_settle_happy_path,setup,0.01,43.31
before,7,test_given_moving_out_of_range_when_move_with_warn_called_then_warning_exception,tests/unit_tests/experiment_plans/test_pin_tip_centring.py::test_given_moving_out_of_range_when_move_with_warn_called_then_warning_exception,setup,0.01,43.31
before,7,test_apply_and_wait_for_voltages_to_settle_timeout,tests/unit_tests/device_setup_plans/test_dcm_pitch_roll_mirror_adjuster.py::test_apply_and_wait_for_voltages_to_settle_timeout,setup,0.01,43.31
before,7,test_adjust_mirror_stripe[6.999-Bare-140-15],tests/unit_tests/device_setup_plans/test_dcm_pitch_roll_mirror_adjuster.py::test_adjust_mirror_stripe[6.999-Bare-140-15],setup,0.01,43.31
before,7,test_values_for_move_so_that_beam_is_at_pixel[px_per_um2-beam_centre2-90-pixel_to_move_to2-expected_xyz2],tests/unit_tests/device_setup_plans/test_setup_oav.py::test_values_for_move_so_that_beam_is_at_pixel[px_per_um2-beam_centre2-90-pixel_to_move_to2-expected_xyz2],call,0.01,43.31
before,7,test_deadtime_optimisation_calculates_deadtime_correctly,tests/unit_tests/experiment_plans/test_optimise_attenuation_plan.py::test_deadtime_optimisation_calculates_deadtime_correctly,call,0.01,43.31
before,7,test_update_deposition,tests/unit_tests/external_interaction/ispyb/test_rotation_ispyb_store.py::test_update_deposition,setup,0.01,43.31
before,7,test_doesnt_activate_on_wrong_metadata,tests/unit_tests/external_interaction/callbacks/test_plan_reactive_callback.py::test_doesnt_activate_on_wrong_metadata,call,0.01,43.31
before,7,test_begin_deposition,tests/unit_tests/external_interaction/ispyb/test_rotation_ispyb_store.py::test_begin_deposition,setup,0.01,43.31
before,7,test_store_rotation_scan_failures,tests/unit_tests/external_interaction/ispyb/test_rotation_ispyb_store.py::test_store_rotation_scan_failures,setup,0.01,43.31
before,7,test_zebra_set_up_for_gridscan,tests/unit_tests/device_setup_plans/test_zebra_setup.py::test_zebra_set_up_for_gridscan,call,0.01,43.31
before,7,test_end_deposition_happy_path,tests/unit_tests/external_interaction/ispyb/test_gridscan_ispyb_store_3d.py::test_end_deposition_happy_path,setup,0.01,43.31
before,7,test_begin_deposition_with_alternate_experiment_type,tests/unit_tests/external_interaction/ispyb/test_rotation_ispyb_store.py::test_begin_deposition_with_alternate_experiment_type,setup,0.01,43.31
before,7,test_activity_gated_event,tests/unit_tests/external_interaction/callbacks/rotation/test_ispyb_callback.py::test_activity_gated_event,call,0.01,43.31
before,7,test_results_passed_to_move_motors,tests/unit_tests/experiment_plans/test_flyscan_xray_centre_plan.py::TestFlyscanXrayCentrePlan::test_results_passed_to_move_motors,call,0.01,43.31
before,7,test_update_deposition,tests/unit_tests/external_interaction/ispyb/test_gridscan_ispyb_store_3d.py::test_update_deposition,setup,0.01,43.31
before,7,test_fail_result_run_results_in_bad_run_status,tests/unit_tests/external_interaction/ispyb/test_gridscan_ispyb_store_2d.py::test_fail_result_run_results_in_bad_run_status,setup,0.01,43.31
before,7,test_begin_deposition,tests/unit_tests/external_interaction/ispyb/test_gridscan_ispyb_store_3d.py::test_begin_deposition,setup,0.01,43.31
before,7,test_begin_deposition_with_group_id_doesnt_insert,tests/unit_tests/external_interaction/ispyb/test_rotation_ispyb_store.py::test_begin_deposition_with_group_id_doesnt_insert,setup,0.01,43.31
before,7,test_when_pin_centre_xray_centre_called_then_plan_runs_correctly,tests/unit_tests/experiment_plans/test_pin_centre_then_xray_centre_plan.py::test_when_pin_centre_xray_centre_called_then_plan_runs_correctly,call,0.01,43.31
before,7,test_activity_gated_event,tests/unit_tests/external_interaction/callbacks/rotation/test_ispyb_callback.py::test_activity_gated_event,setup,0.01,43.31
before,7,test_store_3d_grid_scan,tests/unit_tests/external_interaction/ispyb/test_gridscan_ispyb_store_3d.py::test_store_3d_grid_scan,setup,0.01,43.31
before,7,test_getting_status_return_idle,tests/unit_tests/hyperion/test_main_system.py::test_getting_status_return_idle,call,0.01,43.31
before,7,test_param_keys,tests/unit_tests/external_interaction/ispyb/test_gridscan_ispyb_store_2d.py::test_param_keys,setup,0.01,43.31
before,7,test_values_for_move_so_that_beam_is_at_pixel[px_per_um3-beam_centre3-0-pixel_to_move_to3-expected_xyz3],tests/unit_tests/device_setup_plans/test_setup_oav.py::test_values_for_move_so_that_beam_is_at_pixel[px_per_um3-beam_centre3-0-pixel_to_move_to3-expected_xyz3],call,0.01,43.31
before,7,test_ispyb_deposition_comment_correct,tests/unit_tests/external_interaction/ispyb/test_gridscan_ispyb_store_2d.py::test_ispyb_deposition_comment_correct,setup,0.01,43.31
before,7,test_end_deposition_happy_path,tests/unit_tests/external_interaction/ispyb/test_gridscan_ispyb_store_2d.py::test_end_deposition_happy_path,setup,0.01,43.31
before,7,test_given_ispyb_callback_finished_writing_to_ispyb_when_messages_logged_then_they_do_not_contain_dcgid,tests/unit_tests/external_interaction/callbacks/xray_centre/test_ispyb_handler.py::TestXrayCentreIspybHandler::test_given_ispyb_callback_finished_writing_to_ispyb_when_messages_logged_then_they_do_not_contain_dcgid,call,0.01,43.31
before,7,test_values_for_move_so_that_beam_is_at_pixel[px_per_um6-beam_centre6--90-pixel_to_move_to6-expected_xyz6],tests/unit_tests/device_setup_plans/test_setup_oav.py::test_values_for_move_so_that_beam_is_at_pixel[px_per_um6-beam_centre6--90-pixel_to_move_to6-expected_xyz6],call,0.01,43.31
before,7,test_values_for_move_so_that_beam_is_at_pixel[px_per_um4-beam_centre4--90-pixel_to_move_to4-expected_xyz4],tests/unit_tests/device_setup_plans/test_setup_oav.py::test_values_for_move_so_that_beam_is_at_pixel[px_per_um4-beam_centre4--90-pixel_to_move_to4-expected_xyz4],call,0.01,43.31
before,7,test_update_deposition,tests/unit_tests/external_interaction/ispyb/test_gridscan_ispyb_store_2d.py::test_update_deposition,setup,0.01,43.31
before,7,test_activity_gated_stop,tests/unit_tests/external_interaction/callbacks/rotation/test_ispyb_callback.py::test_activity_gated_stop,call,0.01,43.31
before,7,test_values_for_move_so_that_beam_is_at_pixel[px_per_um1-beam_centre1--90-pixel_to_move_to1-expected_xyz1],tests/unit_tests/device_setup_plans/test_setup_oav.py::test_values_for_move_so_that_beam_is_at_pixel[px_per_um1-beam_centre1--90-pixel_to_move_to1-expected_xyz1],call,0.01,43.31
before,7,test_values_for_move_so_that_beam_is_at_pixel[px_per_um5-beam_centre5-0-pixel_to_move_to5-expected_xyz5],tests/unit_tests/device_setup_plans/test_setup_oav.py::test_values_for_move_so_that_beam_is_at_pixel[px_per_um5-beam_centre5-0-pixel_to_move_to5-expected_xyz5],call,0.01,43.31
before,7,test_begin_deposition,tests/unit_tests/external_interaction/ispyb/test_gridscan_ispyb_store_2d.py::test_begin_deposition,setup,0.01,43.31
before,7,test_start_with_json_file_gives_success,tests/unit_tests/hyperion/test_main_system.py::test_start_with_json_file_gives_success,call,0.01,43.31
before,7,test_tidy_up_plans_disable_panda_and_zebra,tests/unit_tests/experiment_plans/test_panda_flyscan_xray_centre_plan.py::test_tidy_up_plans_disable_panda_and_zebra,call,0.01,43.31
before,7,test_when_started_n_returnstatus_interrupted_bc_RE_aborted_thn_error_reptd,tests/unit_tests/hyperion/test_main_system.py::test_when_started_n_returnstatus_interrupted_bc_RE_aborted_thn_error_reptd,setup,0.01,43.31
before,7,test_given_ispyb_callback_started_writing_to_ispyb_when_messages_logged_then_they_contain_dcgid,tests/unit_tests/external_interaction/callbacks/xray_centre/test_ispyb_handler.py::TestXrayCentreIspybHandler::test_given_ispyb_callback_started_writing_to_ispyb_when_messages_logged_then_they_contain_dcgid,call,0.01,43.31
before,7,test_given_shutter_open_fails_then_eiger_disarmed_and_correct_exception_returned,tests/unit_tests/device_setup_plans/test_utils.py::test_given_shutter_open_fails_then_eiger_disarmed_and_correct_exception_returned,setup,0.01,43.31
before,7,test_internal_params_eq,tests/unit_tests/parameters/test_internal_parameters.py::test_internal_params_eq,call,0.01,43.31
before,7,test_values_for_move_so_that_beam_is_at_pixel[px_per_um0-beam_centre0-0-pixel_to_move_to0-expected_xyz0],tests/unit_tests/device_setup_plans/test_setup_oav.py::test_values_for_move_so_that_beam_is_at_pixel[px_per_um0-beam_centre0-0-pixel_to_move_to0-expected_xyz0],call,0.01,43.31
before,7,test_param_fields_match_components_they_should_use,tests/unit_tests/parameters/test_internal_parameters.py::test_param_fields_match_components_they_should_use,setup,0.01,43.31
before,7,test_activity_gated_start,tests/unit_tests/external_interaction/callbacks/rotation/test_ispyb_callback.py::test_activity_gated_start,call,0.01,43.31
before,7,test_when_pin_centre_xray_centre_called_then_plan_runs_correctly,tests/unit_tests/experiment_plans/test_pin_centre_then_xray_centre_plan.py::test_when_pin_centre_xray_centre_called_then_plan_runs_correctly,setup,0.01,43.31
before,7,test_given_started_when_stopped_and_started_again_then_runs,tests/unit_tests/hyperion/test_main_system.py::test_given_started_when_stopped_and_started_again_then_runs,setup,0.01,43.31
before,7,test_fgs_raising_no_exception_results_in_good_run_status_in_ispyb,tests/unit_tests/external_interaction/callbacks/xray_centre/test_ispyb_handler.py::TestXrayCentreIspybHandler::test_fgs_raising_no_exception_results_in_good_run_status_in_ispyb,call,0.01,43.31
before,7,test_arm_devices_runs_correct_functions,tests/unit_tests/experiment_plans/test_optimise_attenuation_plan.py::test_arm_devices_runs_correct_functions,call,0.01,43.31
before,7,test_given_started_when_stopped_then_success_and_idle_status,tests/unit_tests/hyperion/test_main_system.py::test_given_started_when_stopped_then_success_and_idle_status,setup,0.01,43.31
before,7,test_setup_logging,tests/unit_tests/external_interaction/callbacks/test_external_callbacks.py::test_setup_logging,setup,0.01,43.31
before,7,test_fgs_failing_results_in_bad_run_status_in_ispyb,tests/unit_tests/external_interaction/callbacks/xray_centre/test_ispyb_handler.py::TestXrayCentreIspybHandler::test_fgs_failing_results_in_bad_run_status_in_ispyb,call,0.01,43.31
before,7,test_given_dummy_data_then_datafile_written_correctly[1044],tests/unit_tests/external_interaction/nexus/test_write_nexus.py::test_given_dummy_data_then_datafile_written_correctly[1044],setup,0.01,43.31
before,7,test_activity_gated_start_2d,tests/unit_tests/external_interaction/callbacks/xray_centre/test_ispyb_callback.py::test_activity_gated_start_2d,call,0.01,43.31
before,7,test_given_tip_found_when_wait_for_tip_to_be_found_called_then_tip_immediately_returned,tests/unit_tests/device_setup_plans/test_setup_oav.py::test_given_tip_found_when_wait_for_tip_to_be_found_called_then_tip_immediately_returned,call,0.01,43.31
before,7,test_getting_status_after_start_sent_returns_busy,tests/unit_tests/hyperion/test_main_system.py::test_getting_status_after_start_sent_returns_busy,call,0.01,43.31
before,7,test_writers_do_create_one_file_each_on_start_doc_for_run_gridscan,tests/unit_tests/external_interaction/callbacks/xray_centre/test_nexus_handler.py::test_writers_do_create_one_file_each_on_start_doc_for_run_gridscan,call,0.01,43.31
before,7,test_start_gives_success,tests/unit_tests/hyperion/test_main_system.py::test_start_gives_success,call,0.01,43.31
before,7,test_getting_status_after_start_sent_returns_busy,tests/unit_tests/hyperion/test_main_system.py::test_getting_status_after_start_sent_returns_busy,setup,0.01,43.31
before,7,test_activity_gated_start_3d,tests/unit_tests/external_interaction/callbacks/xray_centre/test_ispyb_callback.py::test_activity_gated_start_3d,call,0.01,43.31
before,7,test_writers_dont_create_on_init_but_do_on_ispyb_event,tests/unit_tests/external_interaction/callbacks/xray_centre/test_nexus_handler.py::test_writers_dont_create_on_init_but_do_on_ispyb_event,call,0.01,43.31
before,7,test_zebra_cleanup,tests/unit_tests/device_setup_plans/test_zebra_setup.py::test_zebra_cleanup,call,0.01,43.31
before,7,test_ispyb_handler_stores_sampleid_for_full_collection_not_screening[150-False],tests/unit_tests/external_interaction/callbacks/test_rotation_callbacks.py::test_ispyb_handler_stores_sampleid_for_full_collection_not_screening[150-False],call,0.01,43.31
before,7,test_set_energy,tests/unit_tests/experiment_plans/test_set_energy_plan.py::test_set_energy,call,0.01,43.31
before,7,test_messages_are_tagged_with_run_uid,tests/unit_tests/hyperion/test_log/test_log.py::test_messages_are_tagged_with_run_uid,call,0.01,43.31
before,7,test_given_plan_raises_when_exception_raised_then_eiger_disarmed_and_correct_exception_returned,tests/unit_tests/device_setup_plans/test_utils.py::test_given_plan_raises_when_exception_raised_then_eiger_disarmed_and_correct_exception_returned,setup,0.01,43.31
before,7,test_ispyb_handler_stores_sampleid_for_full_collection_not_screening[1800-True0],tests/unit_tests/external_interaction/callbacks/test_rotation_callbacks.py::test_ispyb_handler_stores_sampleid_for_full_collection_not_screening[1800-True0],call,0.01,43.31
before,7,test_sending_start_twice_fails,tests/unit_tests/hyperion/test_main_system.py::test_sending_start_twice_fails,setup,0.01,43.31
before,7,test_disarm_panda_disables_correct_blocks,tests/unit_tests/device_setup_plans/test_setup_panda.py::test_disarm_panda_disables_correct_blocks,call,0.01,43.31
before,7,test_given_the_pin_tip_is_already_in_view_when_get_tip_into_view_then_tip_returned_and_smargon_not_moved,tests/unit_tests/experiment_plans/test_pin_tip_centring.py::test_given_the_pin_tip_is_already_in_view_when_get_tip_into_view_then_tip_returned_and_smargon_not_moved,call,0.01,43.31
before,7,test_main_function,tests/unit_tests/external_interaction/callbacks/test_external_callbacks.py::test_main_function,call,0.01,43.31
before,7,test_given_detector_move_fails_then_eiger_disarmed_and_correct_exception_returned,tests/unit_tests/device_setup_plans/test_utils.py::test_given_detector_move_fails_then_eiger_disarmed_and_correct_exception_returned,setup,0.01,43.31
before,7,test_when_plan_run_with_requested_energy_specified_energy_change_executes,tests/unit_tests/experiment_plans/test_wait_for_robot_load_then_centre.py::test_when_plan_run_with_requested_energy_specified_energy_change_executes,call,0.01,43.31
before,7,test_end_deposition_happy_path,tests/unit_tests/external_interaction/ispyb/test_gridscan_ispyb_store_3d.py::test_end_deposition_happy_path,call,0.01,43.31
before,7,test_start_with_json_file_gives_success,tests/unit_tests/hyperion/test_main_system.py::test_start_with_json_file_gives_success,setup,0.01,43.31
before,7,test_wait_for_robot_load_then_centre_doesnt_set_energy_if_not_specified,tests/unit_tests/experiment_plans/test_wait_for_robot_load_then_centre.py::test_wait_for_robot_load_then_centre_doesnt_set_energy_if_not_specified,call,0.01,43.31
before,7,test_plan_with_no_params_fails,tests/unit_tests/hyperion/test_main_system.py::test_plan_with_no_params_fails,setup,0.01,43.31
before,7,test_start_gives_success,tests/unit_tests/hyperion/test_main_system.py::test_start_gives_success,setup,0.01,43.31
before,7,test_given_fgs_plan_finished_when_zocalo_results_event_then_expected_comment_deposited,tests/unit_tests/external_interaction/callbacks/xray_centre/test_ispyb_handler.py::TestXrayCentreIspybHandler::test_given_fgs_plan_finished_when_zocalo_results_event_then_expected_comment_deposited,call,0.01,43.31
before,7,test_when_topup_before_end_of_collection_wait,tests/unit_tests/device_setup_plans/test_topup_plan.py::test_when_topup_before_end_of_collection_wait,call,0.01,43.31
before,7,test_zocalo_start_and_end_not_triggered_if_ispyb_ids_not_present,tests/unit_tests/external_interaction/callbacks/test_rotation_callbacks.py::test_zocalo_start_and_end_not_triggered_if_ispyb_ids_not_present,setup,0.01,43.31
before,8,test_given_no_tip_found_ever_when_get_tip_into_view_then_smargon_moved_positive_and_exception_thrown,tests/unit_tests/experiment_plans/test_pin_tip_centring.py::test_given_no_tip_found_ever_when_get_tip_into_view_then_smargon_moved_positive_and_exception_thrown,call,2.33,41.78
before,8,test_when_grid_scan_fails_then_detector_disarmed_and_correct_exception_returned,tests/unit_tests/experiment_plans/test_flyscan_xray_centre_plan.py::TestFlyscanXrayCentrePlan::test_when_grid_scan_fails_then_detector_disarmed_and_correct_exception_returned,call,1.74,41.78
before,8,test_rotation_scan_nexus_output_compared_to_existing_file,tests/unit_tests/external_interaction/test_write_rotation_nexus.py::test_rotation_scan_nexus_output_compared_to_existing_file,call,1.35,41.78
before,8,test_when_grid_scan_fails_then_detector_disarmed_and_correct_exception_returned,tests/unit_tests/experiment_plans/test_panda_flyscan_xray_centre_plan.py::TestFlyscanXrayCentrePlan::test_when_grid_scan_fails_then_detector_disarmed_and_correct_exception_returned,call,1.32,41.78
before,8,test_given_moving_out_of_range_when_move_with_warn_called_then_warning_exception,tests/unit_tests/experiment_plans/test_pin_tip_centring.py::test_given_moving_out_of_range_when_move_with_warn_called_then_warning_exception,call,1.17,41.78
before,8,test_cleanup_happens,tests/unit_tests/experiment_plans/test_rotation_scan_plan.py::test_cleanup_happens,call,0.97,41.78
before,8,test_ispyb_reuses_dcgid_on_same_sampleID[ispyb_ids7],tests/unit_tests/external_interaction/callbacks/test_rotation_callbacks.py::test_ispyb_reuses_dcgid_on_same_sampleID[ispyb_ids7],call,0.97,41.78
before,8,test_apply_and_wait_for_voltages_to_settle_timeout,tests/unit_tests/device_setup_plans/test_dcm_pitch_roll_mirror_adjuster.py::test_apply_and_wait_for_voltages_to_settle_timeout,call,0.84,41.78
before,8,test_when_run_gridscan_called_ispyb_deposition_made_and_records_errors,tests/unit_tests/experiment_plans/test_flyscan_xray_centre_plan.py::TestFlyscanXrayCentrePlan::test_when_run_gridscan_called_ispyb_deposition_made_and_records_errors,call,0.83,41.78
before,8,test_ispyb_reuses_dcgid_on_same_sampleID[ispyb_ids0],tests/unit_tests/external_interaction/callbacks/test_rotation_callbacks.py::test_ispyb_reuses_dcgid_on_same_sampleID[ispyb_ids0],call,0.82,41.78
before,8,test_given_detector_bit_depth_changes_then_vds_datatype_as_expected[100-uint16],tests/unit_tests/external_interaction/test_write_rotation_nexus.py::test_given_detector_bit_depth_changes_then_vds_datatype_as_expected[100-uint16],call,0.8,41.78
before,8,test_given_detector_bit_depth_changes_then_vds_datatype_as_expected[8-uint8],tests/unit_tests/external_interaction/test_write_rotation_nexus.py::test_given_detector_bit_depth_changes_then_vds_datatype_as_expected[8-uint8],call,0.78,41.78
before,8,test_given_detector_bit_depth_changes_then_vds_datatype_as_expected[32-uint32],tests/unit_tests/external_interaction/test_write_rotation_nexus.py::test_given_detector_bit_depth_changes_then_vds_datatype_as_expected[32-uint32],call,0.78,41.78
before,8,test_given_detector_bit_depth_changes_then_vds_datatype_as_expected[16-uint16],tests/unit_tests/external_interaction/test_write_rotation_nexus.py::test_given_detector_bit_depth_changes_then_vds_datatype_as_expected[16-uint16],call,0.78,41.78
before,8,test_given_no_tip_found_but_will_be_found_when_get_tip_into_view_then_smargon_moved_positive_and_tip_returned,tests/unit_tests/experiment_plans/test_pin_tip_centring.py::test_given_no_tip_found_but_will_be_found_when_get_tip_into_view_then_smargon_moved_positive_and_tip_returned,call,0.59,41.78
before,8,test_pin_tip_starting_near_negative_edge_doesnt_exceed_limit,tests/unit_tests/experiment_plans/test_pin_tip_centring.py::test_pin_tip_starting_near_negative_edge_doesnt_exceed_limit,call,0.56,41.78
before,8,test_detect_grid_and_do_gridscan,tests/unit_tests/experiment_plans/test_grid_detect_then_xray_centre_plan.py::test_detect_grid_and_do_gridscan,setup,0.55,41.78
before,8,test_given_smargon_disabled_for_longer_than_timeout_when_plan_run_then_throws_exception,tests/unit_tests/experiment_plans/test_wait_for_robot_load_then_centre.py::test_given_smargon_disabled_for_longer_than_timeout_when_plan_run_then_throws_exception,call,0.55,41.78
before,8,test_pin_tip_starting_near_positive_edge_doesnt_exceed_limit,tests/unit_tests/experiment_plans/test_pin_tip_centring.py::test_pin_tip_starting_near_positive_edge_doesnt_exceed_limit,call,0.55,41.78
before,8,test_if_smargon_speed_over_limit_then_log_error,tests/unit_tests/experiment_plans/test_panda_flyscan_xray_centre_plan.py::test_if_smargon_speed_over_limit_then_log_error,call,0.53,41.78
before,8,test_given_gridscan_fails_to_centre_then_stub_offsets_not_set,tests/unit_tests/experiment_plans/test_flyscan_xray_centre_plan.py::TestFlyscanXrayCentrePlan::test_given_gridscan_fails_to_centre_then_stub_offsets_not_set,call,0.51,41.78
before,8,test_zocalo_start_and_end_not_triggered_if_ispyb_ids_not_present,tests/unit_tests/external_interaction/callbacks/test_rotation_callbacks.py::test_zocalo_start_and_end_not_triggered_if_ispyb_ids_not_present,call,0.49,41.78
before,8,test_nexus_handler_triggers_write_file_when_told,tests/unit_tests/external_interaction/callbacks/test_rotation_callbacks.py::test_nexus_handler_triggers_write_file_when_told,call,0.48,41.78
before,8,test_ispyb_reuses_dcgid_on_same_sampleID[ispyb_ids3],tests/unit_tests/external_interaction/callbacks/test_rotation_callbacks.py::test_ispyb_reuses_dcgid_on_same_sampleID[ispyb_ids3],call,0.48,41.78
before,8,test_ispyb_reuses_dcgid_on_same_sampleID[ispyb_ids5],tests/unit_tests/external_interaction/callbacks/test_rotation_callbacks.py::test_ispyb_reuses_dcgid_on_same_sampleID[ispyb_ids5],call,0.45,41.78
before,8,test_ispyb_reuses_dcgid_on_same_sampleID[ispyb_ids2],tests/unit_tests/external_interaction/callbacks/test_rotation_callbacks.py::test_ispyb_reuses_dcgid_on_same_sampleID[ispyb_ids2],call,0.45,41.78
before,8,test_ispyb_reuses_dcgid_on_same_sampleID[ispyb_ids1],tests/unit_tests/external_interaction/callbacks/test_rotation_callbacks.py::test_ispyb_reuses_dcgid_on_same_sampleID[ispyb_ids1],call,0.45,41.78
before,8,test_ispyb_reuses_dcgid_on_same_sampleID[ispyb_ids4],tests/unit_tests/external_interaction/callbacks/test_rotation_callbacks.py::test_ispyb_reuses_dcgid_on_same_sampleID[ispyb_ids4],call,0.44,41.78
before,8,test_ispyb_reuses_dcgid_on_same_sampleID[ispyb_ids6],tests/unit_tests/external_interaction/callbacks/test_rotation_callbacks.py::test_ispyb_reuses_dcgid_on_same_sampleID[ispyb_ids6],call,0.44,41.78
before,8,test_GIVEN_scan_not_valid_THEN_wait_for_GRIDSCAN_raises_and_sleeps_called,tests/unit_tests/experiment_plans/test_panda_flyscan_xray_centre_plan.py::TestFlyscanXrayCentrePlan::test_GIVEN_scan_not_valid_THEN_wait_for_GRIDSCAN_raises_and_sleeps_called,call,0.42,41.78
before,8,test_blueskyrunner_uses_cli_args_correctly_for_callbacks[arg_list2-parsed_arg_values2],tests/unit_tests/hyperion/test_main_system.py::test_blueskyrunner_uses_cli_args_correctly_for_callbacks[arg_list2-parsed_arg_values2],call,0.38,41.78
before,8,test_when_gridscan_finished_then_smargon_stub_offsets_are_set,tests/unit_tests/experiment_plans/test_flyscan_xray_centre_plan.py::TestFlyscanXrayCentrePlan::test_when_gridscan_finished_then_smargon_stub_offsets_are_set,call,0.35,41.78
before,8,test_when_gridscan_fails_ispyb_comment_appended_to,tests/unit_tests/experiment_plans/test_flyscan_xray_centre_plan.py::TestFlyscanXrayCentrePlan::test_when_gridscan_fails_ispyb_comment_appended_to,setup,0.31,41.78
before,8,test_GIVEN_scan_not_valid_THEN_wait_for_GRIDSCAN_raises_and_sleeps_called,tests/unit_tests/experiment_plans/test_flyscan_xray_centre_plan.py::TestFlyscanXrayCentrePlan::test_GIVEN_scan_not_valid_THEN_wait_for_GRIDSCAN_raises_and_sleeps_called,call,0.3,41.78
before,8,test_given_no_tip_when_wait_for_tip_to_be_found_called_then_exception_thrown,tests/unit_tests/device_setup_plans/test_setup_oav.py::test_given_no_tip_when_wait_for_tip_to_be_found_called_then_exception_thrown,call,0.29,41.78
before,8,test_when_context_created_then_contains_expected_number_of_plans,tests/unit_tests/hyperion/test_main_system.py::test_when_context_created_then_contains_expected_number_of_plans,call,0.26,41.78
before,8,test_fgs_arms_eiger_without_grid_detect,tests/unit_tests/experiment_plans/test_flyscan_xray_centre_plan.py::TestFlyscanXrayCentrePlan::test_fgs_arms_eiger_without_grid_detect,call,0.25,41.78
before,8,test_total_count_calc_new_transmission_raises_error_on_low_ransmission,tests/unit_tests/experiment_plans/test_optimise_attenuation_plan.py::test_total_count_calc_new_transmission_raises_error_on_low_ransmission,call,0.25,41.78
before,8,test_rotation_plan_smargon_doesnt_move_xyz_if_not_given_in_params,tests/unit_tests/experiment_plans/test_rotation_scan_plan.py::test_rotation_plan_smargon_doesnt_move_xyz_if_not_given_in_params,setup,0.25,41.78
before,8,test_given_xpbm_checks_pass_and_plan_fails_when_plan_run_with_decorator_then_cleaned_up,tests/unit_tests/device_setup_plans/test_xbpm_feedback.py::test_given_xpbm_checks_pass_and_plan_fails_when_plan_run_with_decorator_then_cleaned_up,call,0.24,41.78
before,8,test_adjust_mirror_stripe[7.001-Rhodium-124--46],tests/unit_tests/device_setup_plans/test_dcm_pitch_roll_mirror_adjuster.py::test_adjust_mirror_stripe[7.001-Rhodium-124--46],call,0.23,41.78
before,8,test_adjust_mirror_stripe[6.999-Bare-140-15],tests/unit_tests/device_setup_plans/test_dcm_pitch_roll_mirror_adjuster.py::test_adjust_mirror_stripe[6.999-Bare-140-15],call,0.23,41.78
before,8,test_apply_and_wait_for_voltages_to_settle_happy_path,tests/unit_tests/device_setup_plans/test_dcm_pitch_roll_mirror_adjuster.py::test_apply_and_wait_for_voltages_to_settle_happy_path,call,0.23,41.78
before,8,test_given_xbpm_checks_fail_when_plan_run_with_decorator_then_plan_not_run,tests/unit_tests/device_setup_plans/test_xbpm_feedback.py::test_given_xbpm_checks_fail_when_plan_run_with_decorator_then_plan_not_run,call,0.22,41.78
before,8,test_when_started_n_returnstatus_interrupted_bc_RE_aborted_thn_error_reptd,tests/unit_tests/hyperion/test_main_system.py::test_when_started_n_returnstatus_interrupted_bc_RE_aborted_thn_error_reptd,call,0.21,41.78
before,8,test_when_grid_scan_ran_then_eiger_disarmed_before_zocalo_end,tests/unit_tests/experiment_plans/test_panda_flyscan_xray_centre_plan.py::TestFlyscanXrayCentrePlan::test_when_grid_scan_ran_then_eiger_disarmed_before_zocalo_end,call,0.21,41.78
before,8,test_full_rotation_plan_smargon_settings,tests/unit_tests/experiment_plans/test_rotation_scan_plan.py::test_full_rotation_plan_smargon_settings,setup,0.2,41.78
before,8,test_GIVEN_no_results_from_zocalo_WHEN_communicator_wait_for_results_called_THEN_fallback_centre_used,tests/unit_tests/experiment_plans/test_panda_flyscan_xray_centre_plan.py::TestFlyscanXrayCentrePlan::test_GIVEN_no_results_from_zocalo_WHEN_communicator_wait_for_results_called_THEN_fallback_centre_used,call,0.2,41.78
before,8,test_when_grid_detection_plan_run_twice_then_values_do_not_persist_in_callback,tests/unit_tests/experiment_plans/test_grid_detection_plan.py::test_when_grid_detection_plan_run_twice_then_values_do_not_persist_in_callback,call,0.2,41.78
before,8,test_given_started_when_stopped_then_success_and_idle_status,tests/unit_tests/hyperion/test_main_system.py::test_given_started_when_stopped_then_success_and_idle_status,teardown,0.2,41.78
before,8,test_when_grid_scan_ran_then_eiger_disarmed_before_zocalo_end,tests/unit_tests/experiment_plans/test_flyscan_xray_centre_plan.py::TestFlyscanXrayCentrePlan::test_when_grid_scan_ran_then_eiger_disarmed_before_zocalo_end,call,0.2,41.78
before,8,test_GIVEN_no_results_from_zocalo_WHEN_communicator_wait_for_results_called_THEN_fallback_centre_used,tests/unit_tests/experiment_plans/test_flyscan_xray_centre_plan.py::TestFlyscanXrayCentrePlan::test_GIVEN_no_results_from_zocalo_WHEN_communicator_wait_for_results_called_THEN_fallback_centre_used,call,0.19,41.78
before,8,test_grid_detection_plan_gives_warningerror_if_tip_not_found,tests/unit_tests/experiment_plans/test_grid_detection_plan.py::test_grid_detection_plan_gives_warningerror_if_tip_not_found,setup,0.17,41.78
before,8,test_given_when_grid_detect_then_upper_left_and_start_position_as_expected,tests/unit_tests/experiment_plans/test_grid_detection_plan.py::test_given_when_grid_detect_then_upper_left_and_start_position_as_expected,call,0.17,41.78
before,8,test_rotation_plan_energy_settings,tests/unit_tests/experiment_plans/test_rotation_scan_plan.py::test_rotation_plan_energy_settings,setup,0.17,41.78
before,8,test_given_setting_stub_offsets_disabled_then_stub_offsets_not_set,tests/unit_tests/experiment_plans/test_panda_flyscan_xray_centre_plan.py::TestFlyscanXrayCentrePlan::test_given_setting_stub_offsets_disabled_then_stub_offsets_not_set,setup,0.16,41.78
before,8,test_total_count_exception_raised_after_max_cycles_reached,tests/unit_tests/experiment_plans/test_optimise_attenuation_plan.py::test_total_count_exception_raised_after_max_cycles_reached,call,0.15,41.78
before,8,test_fgs_arms_eiger_without_grid_detect,tests/unit_tests/experiment_plans/test_panda_flyscan_xray_centre_plan.py::TestFlyscanXrayCentrePlan::test_fgs_arms_eiger_without_grid_detect,call,0.15,41.78
before,8,test_results_adjusted_and_passed_to_move_xyz,tests/unit_tests/experiment_plans/test_panda_flyscan_xray_centre_plan.py::TestFlyscanXrayCentrePlan::test_results_adjusted_and_passed_to_move_xyz,call,0.15,41.78
before,8,test_grid_detection_plan_runs_and_triggers_snapshots,tests/unit_tests/experiment_plans/test_grid_detection_plan.py::test_grid_detection_plan_runs_and_triggers_snapshots,call,0.14,41.78
before,8,test_when_grid_detection_plan_run_then_grid_detection_callback_gets_correct_values,tests/unit_tests/experiment_plans/test_grid_detection_plan.py::test_when_grid_detection_plan_run_then_grid_detection_callback_gets_correct_values,call,0.14,41.78
before,8,test_grid_detection_plan_gives_warningerror_if_tip_not_found,tests/unit_tests/experiment_plans/test_grid_detection_plan.py::test_grid_detection_plan_gives_warningerror_if_tip_not_found,call,0.13,41.78
before,8,test_rotation_plan_runs,tests/unit_tests/experiment_plans/test_rotation_scan_plan.py::test_rotation_plan_runs,setup,0.13,41.78
before,8,test_rotation_plan_zebra_settings,tests/unit_tests/experiment_plans/test_rotation_scan_plan.py::test_rotation_plan_zebra_settings,setup,0.13,41.78
before,8,test_when_set_up_oav_then_only_waits_on_oav_to_finish,tests/unit_tests/device_setup_plans/test_setup_oav.py::test_when_set_up_oav_then_only_waits_on_oav_to_finish,call,0.12,41.78
before,8,test_results_adjusted_and_passed_to_move_xyz,tests/unit_tests/experiment_plans/test_flyscan_xray_centre_plan.py::TestFlyscanXrayCentrePlan::test_results_adjusted_and_passed_to_move_xyz,call,0.12,41.78
before,8,test_when_set_up_oav_with_different_zoom_levels_then_flat_field_applied_correctly[1.0-proc],tests/unit_tests/device_setup_plans/test_setup_oav.py::test_when_set_up_oav_with_different_zoom_levels_then_flat_field_applied_correctly[1.0-proc],call,0.11,41.78
before,8,test_when_set_up_oav_with_different_zoom_levels_then_flat_field_applied_correctly[7.0-CAM],tests/unit_tests/device_setup_plans/test_setup_oav.py::test_when_set_up_oav_with_different_zoom_levels_then_flat_field_applied_correctly[7.0-CAM],call,0.11,41.78
before,8,test_start_gives_success,tests/unit_tests/hyperion/test_main_system.py::test_start_gives_success,teardown,0.1,41.78
before,8,test_given_started_when_stopped_and_started_again_then_runs,tests/unit_tests/hyperion/test_main_system.py::test_given_started_when_stopped_and_started_again_then_runs,teardown,0.1,41.78
before,8,test_getting_status_after_start_sent_returns_busy,tests/unit_tests/hyperion/test_main_system.py::test_getting_status_after_start_sent_returns_busy,teardown,0.1,41.78
before,8,test_sending_start_twice_fails,tests/unit_tests/hyperion/test_main_system.py::test_sending_start_twice_fails,teardown,0.1,41.78
before,8,test_when_full_grid_scan_run_then_parameters_sent_to_fgs_as_expected,tests/unit_tests/experiment_plans/test_grid_detect_then_xray_centre_plan.py::test_when_full_grid_scan_run_then_parameters_sent_to_fgs_as_expected,call,0.1,41.78
before,8,test_detect_grid_and_do_gridscan,tests/unit_tests/experiment_plans/test_grid_detect_then_xray_centre_plan.py::test_detect_grid_and_do_gridscan,call,0.1,41.78
before,8,test_zebra_set_up_for_rotation,tests/unit_tests/device_setup_plans/test_zebra_setup.py::test_zebra_set_up_for_rotation,call,0.09,41.78
before,8,test_given_gridscan_fails_to_centre_then_stub_offsets_not_set,tests/unit_tests/experiment_plans/test_panda_flyscan_xray_centre_plan.py::TestFlyscanXrayCentrePlan::test_given_gridscan_fails_to_centre_then_stub_offsets_not_set,call,0.09,41.78
before,8,test_rotation_scan,tests/unit_tests/experiment_plans/test_rotation_scan_plan.py::test_rotation_scan,call,0.07,41.78
before,8,test_when_all_tries_fail_then_bluesky_retry_throws_error,tests/unit_tests/device_setup_plans/test_zebra_setup.py::test_when_all_tries_fail_then_bluesky_retry_throws_error,call,0.07,41.78
before,8,test_given_detector_move_fails_then_eiger_disarmed_and_correct_exception_returned,tests/unit_tests/device_setup_plans/test_utils.py::test_given_detector_move_fails_then_eiger_disarmed_and_correct_exception_returned,call,0.07,41.78
before,8,test_when_pin_centre_xray_centre_called_then_detector_positioned,tests/unit_tests/experiment_plans/test_pin_centre_then_xray_centre_plan.py::test_when_pin_centre_xray_centre_called_then_detector_positioned,call,0.07,41.78
before,8,test_log_on_invalid_json_params,tests/unit_tests/hyperion/test_main_system.py::test_log_on_invalid_json_params,call,0.07,41.78
before,8,test_plan_with_no_params_fails,tests/unit_tests/hyperion/test_main_system.py::test_plan_with_no_params_fails,call,0.07,41.78
before,8,test_putting_bad_plan_fails,tests/unit_tests/hyperion/test_main_system.py::test_putting_bad_plan_fails,call,0.07,41.78
before,8,test_ispyb_handler_grabs_uid_from_main_plan_and_not_first_start_doc,tests/unit_tests/external_interaction/callbacks/test_rotation_callbacks.py::test_ispyb_handler_grabs_uid_from_main_plan_and_not_first_start_doc,call,0.06,41.78
before,8,test_when_gridscan_succeeds_ispyb_comment_appended_to,tests/unit_tests/experiment_plans/test_panda_flyscan_xray_centre_plan.py::TestFlyscanXrayCentrePlan::test_when_gridscan_succeeds_ispyb_comment_appended_to,call,0.06,41.78
before,8,test_when_gridscan_finished_then_smargon_stub_offsets_are_set,tests/unit_tests/experiment_plans/test_flyscan_xray_centre_plan.py::TestFlyscanXrayCentrePlan::test_when_gridscan_finished_then_smargon_stub_offsets_are_set,setup,0.06,41.78
before,8,test_given_shutter_open_fails_then_eiger_disarmed_and_correct_exception_returned,tests/unit_tests/device_setup_plans/test_utils.py::test_given_shutter_open_fails_then_eiger_disarmed_and_correct_exception_returned,call,0.06,41.78
before,8,test_when_gridscan_finished_then_smargon_stub_offsets_are_set,tests/unit_tests/experiment_plans/test_panda_flyscan_xray_centre_plan.py::TestFlyscanXrayCentrePlan::test_when_gridscan_finished_then_smargon_stub_offsets_are_set,call,0.05,41.78
before,8,test_read_hardware_for_ispyb_updates_from_ophyd_devices,tests/unit_tests/experiment_plans/test_panda_flyscan_xray_centre_plan.py::TestFlyscanXrayCentrePlan::test_read_hardware_for_ispyb_updates_from_ophyd_devices,call,0.05,41.78
before,8,test_grid_detection_plan_runs_and_triggers_snapshots,tests/unit_tests/experiment_plans/test_grid_detection_plan.py::test_grid_detection_plan_runs_and_triggers_snapshots,setup,0.05,41.78
before,8,test_when_gridscan_fails_ispyb_comment_appended_to,tests/unit_tests/experiment_plans/test_panda_flyscan_xray_centre_plan.py::TestFlyscanXrayCentrePlan::test_when_gridscan_fails_ispyb_comment_appended_to,setup,0.05,41.78
before,8,test_when_grid_scan_ran_then_eiger_disarmed_before_zocalo_end,tests/unit_tests/experiment_plans/test_panda_flyscan_xray_centre_plan.py::TestFlyscanXrayCentrePlan::test_when_grid_scan_ran_then_eiger_disarmed_before_zocalo_end,setup,0.05,41.78
before,8,test_given_setting_stub_offsets_disabled_then_stub_offsets_not_set,tests/unit_tests/experiment_plans/test_panda_flyscan_xray_centre_plan.py::TestFlyscanXrayCentrePlan::test_given_setting_stub_offsets_disabled_then_stub_offsets_not_set,call,0.05,41.78
before,8,test_individual_plans_triggered_once_and_only_once_in_composite_run,tests/unit_tests/experiment_plans/test_panda_flyscan_xray_centre_plan.py::TestFlyscanXrayCentrePlan::test_individual_plans_triggered_once_and_only_once_in_composite_run,call,0.05,41.78
before,8,test_results_adjusted_and_passed_to_move_xyz,tests/unit_tests/experiment_plans/test_panda_flyscan_xray_centre_plan.py::TestFlyscanXrayCentrePlan::test_results_adjusted_and_passed_to_move_xyz,setup,0.05,41.78
before,8,test_when_gridscan_finished_then_smargon_stub_offsets_are_set,tests/unit_tests/experiment_plans/test_panda_flyscan_xray_centre_plan.py::TestFlyscanXrayCentrePlan::test_when_gridscan_finished_then_smargon_stub_offsets_are_set,setup,0.05,41.78
before,8,test_ispyb_specifies_experiment_type_if_supplied,tests/unit_tests/external_interaction/callbacks/test_rotation_callbacks.py::test_ispyb_specifies_experiment_type_if_supplied,call,0.05,41.78
before,8,test_individual_plans_triggered_once_and_only_once_in_composite_run,tests/unit_tests/experiment_plans/test_panda_flyscan_xray_centre_plan.py::TestFlyscanXrayCentrePlan::test_individual_plans_triggered_once_and_only_once_in_composite_run,setup,0.05,41.78
before,8,test_ispyb_starts_on_opening_and_zocalo_on_main_so_ispyb_triggered_before_zocalo,tests/unit_tests/external_interaction/callbacks/test_rotation_callbacks.py::test_ispyb_starts_on_opening_and_zocalo_on_main_so_ispyb_triggered_before_zocalo,call,0.05,41.78
before,8,test_GIVEN_no_results_from_zocalo_WHEN_communicator_wait_for_results_called_THEN_fallback_centre_used,tests/unit_tests/experiment_plans/test_panda_flyscan_xray_centre_plan.py::TestFlyscanXrayCentrePlan::test_GIVEN_no_results_from_zocalo_WHEN_communicator_wait_for_results_called_THEN_fallback_centre_used,setup,0.05,41.78
before,8,test_kickoff_and_complete_gridscan_triggers_zocalo,tests/unit_tests/experiment_plans/test_flyscan_xray_centre_plan.py::test_kickoff_and_complete_gridscan_triggers_zocalo,call,0.05,41.78
before,8,test_read_hardware_for_ispyb_updates_from_ophyd_devices,tests/unit_tests/experiment_plans/test_flyscan_xray_centre_plan.py::TestFlyscanXrayCentrePlan::test_read_hardware_for_ispyb_updates_from_ophyd_devices,call,0.05,41.78
before,8,test_when_gridscan_succeeds_ispyb_comment_appended_to,tests/unit_tests/experiment_plans/test_panda_flyscan_xray_centre_plan.py::TestFlyscanXrayCentrePlan::test_when_gridscan_succeeds_ispyb_comment_appended_to,setup,0.05,41.78
before,8,test_results_passed_to_move_motors,tests/unit_tests/experiment_plans/test_panda_flyscan_xray_centre_plan.py::TestFlyscanXrayCentrePlan::test_results_passed_to_move_motors,setup,0.05,41.78
before,8,test_read_hardware_for_ispyb_updates_from_ophyd_devices,tests/unit_tests/experiment_plans/test_panda_flyscan_xray_centre_plan.py::TestFlyscanXrayCentrePlan::test_read_hardware_for_ispyb_updates_from_ophyd_devices,setup,0.05,41.78
before,8,test_fgs_arms_eiger_without_grid_detect,tests/unit_tests/experiment_plans/test_panda_flyscan_xray_centre_plan.py::TestFlyscanXrayCentrePlan::test_fgs_arms_eiger_without_grid_detect,setup,0.05,41.78
before,8,test_individual_plans_triggered_once_and_only_once_in_composite_run,tests/unit_tests/experiment_plans/test_flyscan_xray_centre_plan.py::TestFlyscanXrayCentrePlan::test_individual_plans_triggered_once_and_only_once_in_composite_run,call,0.05,41.78
before,8,test_given_plan_raises_when_exception_raised_then_eiger_disarmed_and_correct_exception_returned,tests/unit_tests/device_setup_plans/test_utils.py::test_given_plan_raises_when_exception_raised_then_eiger_disarmed_and_correct_exception_returned,call,0.05,41.78
before,8,test_given_setting_stub_offsets_disabled_then_stub_offsets_not_set,tests/unit_tests/experiment_plans/test_flyscan_xray_centre_plan.py::TestFlyscanXrayCentrePlan::test_given_setting_stub_offsets_disabled_then_stub_offsets_not_set,setup,0.05,41.78
before,8,test_given_gridscan_fails_to_centre_then_stub_offsets_not_set,tests/unit_tests/experiment_plans/test_panda_flyscan_xray_centre_plan.py::TestFlyscanXrayCentrePlan::test_given_gridscan_fails_to_centre_then_stub_offsets_not_set,setup,0.05,41.78
before,8,test_if_smargon_speed_over_limit_then_log_error,tests/unit_tests/experiment_plans/test_panda_flyscan_xray_centre_plan.py::test_if_smargon_speed_over_limit_then_log_error,setup,0.05,41.78
before,8,test_when_grid_scan_fails_then_detector_disarmed_and_correct_exception_returned,tests/unit_tests/experiment_plans/test_panda_flyscan_xray_centre_plan.py::TestFlyscanXrayCentrePlan::test_when_grid_scan_fails_then_detector_disarmed_and_correct_exception_returned,setup,0.05,41.78
before,8,test_when_gridscan_succeeds_ispyb_comment_appended_to,tests/unit_tests/experiment_plans/test_flyscan_xray_centre_plan.py::TestFlyscanXrayCentrePlan::test_when_gridscan_succeeds_ispyb_comment_appended_to,call,0.05,41.78
before,8,test_results_adjusted_and_passed_to_move_xyz,tests/unit_tests/experiment_plans/test_flyscan_xray_centre_plan.py::TestFlyscanXrayCentrePlan::test_results_adjusted_and_passed_to_move_xyz,setup,0.05,41.78
before,8,test_cleanup_happens,tests/unit_tests/experiment_plans/test_rotation_scan_plan.py::test_cleanup_happens,setup,0.05,41.78
before,8,test_when_gridscan_succeeds_ispyb_comment_appended_to,tests/unit_tests/experiment_plans/test_flyscan_xray_centre_plan.py::TestFlyscanXrayCentrePlan::test_when_gridscan_succeeds_ispyb_comment_appended_to,setup,0.05,41.78
before,8,test_nexus_handler_gets_documents_in_mock_plan,tests/unit_tests/external_interaction/callbacks/test_rotation_callbacks.py::test_nexus_handler_gets_documents_in_mock_plan,call,0.05,41.78
before,8,test_when_grid_scan_ran_then_eiger_disarmed_before_zocalo_end,tests/unit_tests/experiment_plans/test_flyscan_xray_centre_plan.py::TestFlyscanXrayCentrePlan::test_when_grid_scan_ran_then_eiger_disarmed_before_zocalo_end,setup,0.05,41.78
before,8,test_when_gridscan_fails_ispyb_comment_appended_to,tests/unit_tests/experiment_plans/test_panda_flyscan_xray_centre_plan.py::TestFlyscanXrayCentrePlan::test_when_gridscan_fails_ispyb_comment_appended_to,call,0.05,41.78
before,8,test_rotation_scan,tests/unit_tests/experiment_plans/test_rotation_scan_plan.py::test_rotation_scan,setup,0.05,41.78
before,8,test_individual_plans_triggered_once_and_only_once_in_composite_run,tests/unit_tests/experiment_plans/test_flyscan_xray_centre_plan.py::TestFlyscanXrayCentrePlan::test_individual_plans_triggered_once_and_only_once_in_composite_run,setup,0.05,41.78
before,8,test_GIVEN_no_results_from_zocalo_WHEN_communicator_wait_for_results_called_THEN_fallback_centre_used,tests/unit_tests/experiment_plans/test_flyscan_xray_centre_plan.py::TestFlyscanXrayCentrePlan::test_GIVEN_no_results_from_zocalo_WHEN_communicator_wait_for_results_called_THEN_fallback_centre_used,setup,0.04,41.78
before,8,test_nexus_handler_only_writes_once,tests/unit_tests/external_interaction/callbacks/test_rotation_callbacks.py::test_nexus_handler_only_writes_once,call,0.04,41.78
before,8,test_fgs_arms_eiger_without_grid_detect,tests/unit_tests/experiment_plans/test_flyscan_xray_centre_plan.py::TestFlyscanXrayCentrePlan::test_fgs_arms_eiger_without_grid_detect,setup,0.04,41.78
before,8,test_results_passed_to_move_motors,tests/unit_tests/experiment_plans/test_flyscan_xray_centre_plan.py::TestFlyscanXrayCentrePlan::test_results_passed_to_move_motors,setup,0.04,41.78
before,8,test_given_tip_at_zero_but_will_be_found_when_get_tip_into_view_then_smargon_moved_negative_and_tip_returned,tests/unit_tests/experiment_plans/test_pin_tip_centring.py::test_given_tip_at_zero_but_will_be_found_when_get_tip_into_view_then_smargon_moved_negative_and_tip_returned,call,0.04,41.78
before,8,test_when_run_gridscan_called_ispyb_deposition_made_and_records_errors,tests/unit_tests/experiment_plans/test_flyscan_xray_centre_plan.py::TestFlyscanXrayCentrePlan::test_when_run_gridscan_called_ispyb_deposition_made_and_records_errors,setup,0.04,41.78
before,8,test_given_gridscan_fails_to_centre_then_stub_offsets_not_set,tests/unit_tests/experiment_plans/test_flyscan_xray_centre_plan.py::TestFlyscanXrayCentrePlan::test_given_gridscan_fails_to_centre_then_stub_offsets_not_set,setup,0.04,41.78
before,8,test_read_hardware_for_ispyb_updates_from_ophyd_devices,tests/unit_tests/experiment_plans/test_flyscan_xray_centre_plan.py::TestFlyscanXrayCentrePlan::test_read_hardware_for_ispyb_updates_from_ophyd_devices,setup,0.04,41.78
before,8,test_when_grid_scan_fails_then_detector_disarmed_and_correct_exception_returned,tests/unit_tests/experiment_plans/test_flyscan_xray_centre_plan.py::TestFlyscanXrayCentrePlan::test_when_grid_scan_fails_then_detector_disarmed_and_correct_exception_returned,setup,0.04,41.78
before,8,test_kickoff_and_complete_gridscan_triggers_zocalo,tests/unit_tests/experiment_plans/test_flyscan_xray_centre_plan.py::test_kickoff_and_complete_gridscan_triggers_zocalo,setup,0.04,41.78
before,8,test_given_setting_stub_offsets_disabled_then_stub_offsets_not_set,tests/unit_tests/experiment_plans/test_flyscan_xray_centre_plan.py::TestFlyscanXrayCentrePlan::test_given_setting_stub_offsets_disabled_then_stub_offsets_not_set,call,0.04,41.78
before,8,test_total_counts_calc_new_transmission_raises_warning_on_high_transmission,tests/unit_tests/experiment_plans/test_optimise_attenuation_plan.py::test_total_counts_calc_new_transmission_raises_warning_on_high_transmission,call,0.04,41.78
before,8,test_when_gridscan_fails_ispyb_comment_appended_to,tests/unit_tests/experiment_plans/test_flyscan_xray_centre_plan.py::TestFlyscanXrayCentrePlan::test_when_gridscan_fails_ispyb_comment_appended_to,call,0.04,41.78
before,8,test_blueskyrunner_uses_cli_args_correctly_for_callbacks[arg_list0-parsed_arg_values0],tests/unit_tests/hyperion/test_main_system.py::test_blueskyrunner_uses_cli_args_correctly_for_callbacks[arg_list0-parsed_arg_values0],call,0.03,41.78
before,8,test_blueskyrunner_uses_cli_args_correctly_for_callbacks[arg_list1-parsed_arg_values1],tests/unit_tests/hyperion/test_main_system.py::test_blueskyrunner_uses_cli_args_correctly_for_callbacks[arg_list1-parsed_arg_values1],call,0.03,41.78
before,8,test_when_detected_grid_has_odd_y_steps_then_add_a_y_step_and_shift_grid[True],tests/unit_tests/experiment_plans/test_grid_detection_plan.py::test_when_detected_grid_has_odd_y_steps_then_add_a_y_step_and_shift_grid[True],call,0.03,41.78
before,8,test_blueskyrunner_uses_cli_args_correctly_for_callbacks[arg_list3-parsed_arg_values3],tests/unit_tests/hyperion/test_main_system.py::test_blueskyrunner_uses_cli_args_correctly_for_callbacks[arg_list3-parsed_arg_values3],call,0.03,41.78
before,8,test_when_detected_grid_has_odd_y_steps_then_add_a_y_step_and_shift_grid[False],tests/unit_tests/experiment_plans/test_grid_detection_plan.py::test_when_detected_grid_has_odd_y_steps_then_add_a_y_step_and_shift_grid[False],call,0.03,41.78
before,8,test_when_plan_run_then_detector_arm_started_before_wait_on_robot_load,tests/unit_tests/experiment_plans/test_wait_for_robot_load_then_centre.py::test_when_plan_run_then_detector_arm_started_before_wait_on_robot_load,call,0.03,41.78
before,8,test_when_first_try_fails_then_bluesky_retry_tries_again,tests/unit_tests/device_setup_plans/test_zebra_setup.py::test_when_first_try_fails_then_bluesky_retry_tries_again,call,0.03,41.78
before,8,test_given_smargon_disabled_when_plan_run_then_waits_on_smargon[14],tests/unit_tests/experiment_plans/test_wait_for_robot_load_then_centre.py::test_given_smargon_disabled_when_plan_run_then_waits_on_smargon[14],call,0.03,41.78
before,8,test_when_full_grid_scan_run_then_parameters_sent_to_fgs_as_expected,tests/unit_tests/experiment_plans/test_grid_detect_then_xray_centre_plan.py::test_when_full_grid_scan_run_then_parameters_sent_to_fgs_as_expected,setup,0.03,41.78
before,8,test_when_pin_centre_xray_centre_called_then_detector_positioned,tests/unit_tests/experiment_plans/test_pin_centre_then_xray_centre_plan.py::test_when_pin_centre_xray_centre_called_then_detector_positioned,setup,0.03,41.78
before,8,test_given_xpbm_checks_pass_when_plan_run_with_decorator_then_run_as_expected,tests/unit_tests/device_setup_plans/test_xbpm_feedback.py::test_given_xpbm_checks_pass_when_plan_run_with_decorator_then_run_as_expected,call,0.02,41.78
before,8,test_zebra_arm_disarm,tests/unit_tests/device_setup_plans/test_zebra_setup.py::test_zebra_arm_disarm,call,0.02,41.78
before,8,test_total_counts_gets_within_target,tests/unit_tests/experiment_plans/test_optimise_attenuation_plan.py::test_total_counts_gets_within_target,call,0.02,41.78
before,8,test_trigger_and_return_pin_tip_works_for_AD_pin_tip_detection,tests/unit_tests/experiment_plans/test_pin_tip_centring.py::test_trigger_and_return_pin_tip_works_for_AD_pin_tip_detection,call,0.02,41.78
before,8,test_when_grid_detection_plan_run_then_grid_detection_callback_gets_correct_values,tests/unit_tests/experiment_plans/test_grid_detection_plan.py::test_when_grid_detection_plan_run_then_grid_detection_callback_gets_correct_values,setup,0.02,41.78
before,8,test_optimisation_attenuation_plan_runs_correct_functions[deadtime],tests/unit_tests/experiment_plans/test_optimise_attenuation_plan.py::test_optimisation_attenuation_plan_runs_correct_functions[deadtime],call,0.02,41.78
before,8,test_when_grid_detection_plan_run_twice_then_values_do_not_persist_in_callback,tests/unit_tests/experiment_plans/test_grid_detection_plan.py::test_when_grid_detection_plan_run_twice_then_values_do_not_persist_in_callback,setup,0.02,41.78
before,8,test_when_detected_grid_has_odd_y_steps_then_add_a_y_step_and_shift_grid[False],tests/unit_tests/experiment_plans/test_grid_detection_plan.py::test_when_detected_grid_has_odd_y_steps_then_add_a_y_step_and_shift_grid[False],setup,0.02,41.78
before,8,test_optimisation_attenuation_plan_runs_correct_functions[total_counts],tests/unit_tests/experiment_plans/test_optimise_attenuation_plan.py::test_optimisation_attenuation_plan_runs_correct_functions[total_counts],call,0.02,41.78
before,8,test_given_when_grid_detect_then_upper_left_and_start_position_as_expected,tests/unit_tests/experiment_plans/test_grid_detection_plan.py::test_given_when_grid_detect_then_upper_left_and_start_position_as_expected,setup,0.02,41.78
before,8,test_when_detected_grid_has_odd_y_steps_then_add_a_y_step_and_shift_grid[True],tests/unit_tests/experiment_plans/test_grid_detection_plan.py::test_when_detected_grid_has_odd_y_steps_then_add_a_y_step_and_shift_grid[True],setup,0.02,41.78
before,8,test_given_smargon_disabled_when_plan_run_then_waits_on_smargon[5],tests/unit_tests/experiment_plans/test_wait_for_robot_load_then_centre.py::test_given_smargon_disabled_when_plan_run_then_waits_on_smargon[5],call,0.02,41.78
before,8,test_wait_for_robot_load_then_centre_doesnt_set_energy_if_not_specified,tests/unit_tests/experiment_plans/test_wait_for_robot_load_then_centre.py::test_wait_for_robot_load_then_centre_doesnt_set_energy_if_not_specified,setup,0.02,41.78
before,8,test_when_plan_run_with_requested_energy_specified_energy_change_executes,tests/unit_tests/experiment_plans/test_wait_for_robot_load_then_centre.py::test_when_plan_run_with_requested_energy_specified_energy_change_executes,setup,0.02,41.78
before,8,test_when_plan_run_then_centring_plan_run_with_expected_parameters,tests/unit_tests/experiment_plans/test_wait_for_robot_load_then_centre.py::test_when_plan_run_then_centring_plan_run_with_expected_parameters,setup,0.02,41.78
before,8,test_given_smargon_disabled_when_plan_run_then_waits_on_smargon[3],tests/unit_tests/experiment_plans/test_wait_for_robot_load_then_centre.py::test_given_smargon_disabled_when_plan_run_then_waits_on_smargon[3],call,0.02,41.78
before,8,test_given_smargon_disabled_when_plan_run_then_waits_on_smargon[3],tests/unit_tests/experiment_plans/test_wait_for_robot_load_then_centre.py::test_given_smargon_disabled_when_plan_run_then_waits_on_smargon[3],setup,0.02,41.78
before,8,test_given_smargon_disabled_for_longer_than_timeout_when_plan_run_then_throws_exception,tests/unit_tests/experiment_plans/test_wait_for_robot_load_then_centre.py::test_given_smargon_disabled_for_longer_than_timeout_when_plan_run_then_throws_exception,setup,0.02,41.78
before,8,test_given_smargon_disabled_when_plan_run_then_waits_on_smargon[14],tests/unit_tests/experiment_plans/test_wait_for_robot_load_then_centre.py::test_given_smargon_disabled_when_plan_run_then_waits_on_smargon[14],setup,0.02,41.78
before,8,test_given_smargon_disabled_when_plan_run_then_waits_on_smargon[5],tests/unit_tests/experiment_plans/test_wait_for_robot_load_then_centre.py::test_given_smargon_disabled_when_plan_run_then_waits_on_smargon[5],setup,0.02,41.78
before,8,test_values_for_move_so_that_beam_is_at_pixel[px_per_um6-beam_centre6--90-pixel_to_move_to6-expected_xyz6],tests/unit_tests/device_setup_plans/test_setup_oav.py::test_values_for_move_so_that_beam_is_at_pixel[px_per_um6-beam_centre6--90-pixel_to_move_to6-expected_xyz6],setup,0.02,41.78
before,8,test_set_energy,tests/unit_tests/experiment_plans/test_set_energy_plan.py::test_set_energy,setup,0.02,41.78
before,8,test_values_for_move_so_that_beam_is_at_pixel[px_per_um1-beam_centre1--90-pixel_to_move_to1-expected_xyz1],tests/unit_tests/device_setup_plans/test_setup_oav.py::test_values_for_move_so_that_beam_is_at_pixel[px_per_um1-beam_centre1--90-pixel_to_move_to1-expected_xyz1],setup,0.02,41.78
before,8,test_when_plan_run_then_detector_arm_started_before_wait_on_robot_load,tests/unit_tests/experiment_plans/test_wait_for_robot_load_then_centre.py::test_when_plan_run_then_detector_arm_started_before_wait_on_robot_load,setup,0.02,41.78
before,8,test_values_for_move_so_that_beam_is_at_pixel[px_per_um3-beam_centre3-0-pixel_to_move_to3-expected_xyz3],tests/unit_tests/device_setup_plans/test_setup_oav.py::test_values_for_move_so_that_beam_is_at_pixel[px_per_um3-beam_centre3-0-pixel_to_move_to3-expected_xyz3],setup,0.02,41.78
before,8,test_values_for_move_so_that_beam_is_at_pixel[px_per_um5-beam_centre5-0-pixel_to_move_to5-expected_xyz5],tests/unit_tests/device_setup_plans/test_setup_oav.py::test_values_for_move_so_that_beam_is_at_pixel[px_per_um5-beam_centre5-0-pixel_to_move_to5-expected_xyz5],setup,0.02,41.78
before,8,test_values_for_move_so_that_beam_is_at_pixel[px_per_um2-beam_centre2-90-pixel_to_move_to2-expected_xyz2],tests/unit_tests/device_setup_plans/test_setup_oav.py::test_values_for_move_so_that_beam_is_at_pixel[px_per_um2-beam_centre2-90-pixel_to_move_to2-expected_xyz2],setup,0.02,41.78
before,8,test_values_for_move_so_that_beam_is_at_pixel[px_per_um0-beam_centre0-0-pixel_to_move_to0-expected_xyz0],tests/unit_tests/device_setup_plans/test_setup_oav.py::test_values_for_move_so_that_beam_is_at_pixel[px_per_um0-beam_centre0-0-pixel_to_move_to0-expected_xyz0],setup,0.02,41.78
before,8,test_given_pin_tip_detect_using_ophyd_when_pin_tip_centre_plan_called_then_expected_plans_called,tests/unit_tests/experiment_plans/test_pin_tip_centring.py::test_given_pin_tip_detect_using_ophyd_when_pin_tip_centre_plan_called_then_expected_plans_called,call,0.01,41.78
before,8,test_when_pin_tip_centre_plan_called_then_expected_plans_called,tests/unit_tests/experiment_plans/test_pin_tip_centring.py::test_when_pin_tip_centre_plan_called_then_expected_plans_called,call,0.01,41.78
before,8,test_values_for_move_so_that_beam_is_at_pixel[px_per_um4-beam_centre4--90-pixel_to_move_to4-expected_xyz4],tests/unit_tests/device_setup_plans/test_setup_oav.py::test_values_for_move_so_that_beam_is_at_pixel[px_per_um4-beam_centre4--90-pixel_to_move_to4-expected_xyz4],setup,0.01,41.78
before,8,test_deactivates_after_closing,tests/unit_tests/external_interaction/callbacks/test_plan_reactive_callback.py::test_deactivates_after_closing,call,0.01,41.78
before,8,test_when_plan_run_then_centring_plan_run_with_expected_parameters,tests/unit_tests/experiment_plans/test_wait_for_robot_load_then_centre.py::test_when_plan_run_then_centring_plan_run_with_expected_parameters,call,0.01,41.78
before,8,test_activates_on_metadata,tests/unit_tests/external_interaction/callbacks/test_plan_reactive_callback.py::test_activates_on_metadata,call,0.01,41.78
before,8,test_adjust_dcm_pitch_roll_vfm_from_lut,tests/unit_tests/device_setup_plans/test_dcm_pitch_roll_mirror_adjuster.py::test_adjust_dcm_pitch_roll_vfm_from_lut,setup,0.01,41.78
before,8,test_values_for_move_so_that_beam_is_at_pixel[px_per_um6-beam_centre6--90-pixel_to_move_to6-expected_xyz6],tests/unit_tests/device_setup_plans/test_setup_oav.py::test_values_for_move_so_that_beam_is_at_pixel[px_per_um6-beam_centre6--90-pixel_to_move_to6-expected_xyz6],call,0.01,41.78
before,8,test_doesnt_activate_on_wrong_metadata,tests/unit_tests/external_interaction/callbacks/test_plan_reactive_callback.py::test_doesnt_activate_on_wrong_metadata,call,0.01,41.78
before,8,test_zebra_set_up_for_gridscan,tests/unit_tests/device_setup_plans/test_zebra_setup.py::test_zebra_set_up_for_gridscan,call,0.01,41.78
before,8,test_values_for_move_so_that_beam_is_at_pixel[px_per_um3-beam_centre3-0-pixel_to_move_to3-expected_xyz3],tests/unit_tests/device_setup_plans/test_setup_oav.py::test_values_for_move_so_that_beam_is_at_pixel[px_per_um3-beam_centre3-0-pixel_to_move_to3-expected_xyz3],call,0.01,41.78
before,8,test_values_for_move_so_that_beam_is_at_pixel[px_per_um1-beam_centre1--90-pixel_to_move_to1-expected_xyz1],tests/unit_tests/device_setup_plans/test_setup_oav.py::test_values_for_move_so_that_beam_is_at_pixel[px_per_um1-beam_centre1--90-pixel_to_move_to1-expected_xyz1],call,0.01,41.78
before,8,test_values_for_move_so_that_beam_is_at_pixel[px_per_um4-beam_centre4--90-pixel_to_move_to4-expected_xyz4],tests/unit_tests/device_setup_plans/test_setup_oav.py::test_values_for_move_so_that_beam_is_at_pixel[px_per_um4-beam_centre4--90-pixel_to_move_to4-expected_xyz4],call,0.01,41.78
before,8,test_given_started_when_stopped_and_started_again_then_runs,tests/unit_tests/hyperion/test_main_system.py::test_given_started_when_stopped_and_started_again_then_runs,call,0.01,41.78
before,8,test_deadtime_optimisation_calculates_deadtime_correctly,tests/unit_tests/experiment_plans/test_optimise_attenuation_plan.py::test_deadtime_optimisation_calculates_deadtime_correctly,call,0.01,41.78
before,8,test_arm_devices_runs_correct_functions,tests/unit_tests/experiment_plans/test_optimise_attenuation_plan.py::test_arm_devices_runs_correct_functions,call,0.01,41.78
before,8,test_values_for_move_so_that_beam_is_at_pixel[px_per_um0-beam_centre0-0-pixel_to_move_to0-expected_xyz0],tests/unit_tests/device_setup_plans/test_setup_oav.py::test_values_for_move_so_that_beam_is_at_pixel[px_per_um0-beam_centre0-0-pixel_to_move_to0-expected_xyz0],call,0.01,41.78
before,8,test_execution_of_do_fgs_triggers_zocalo_calls,tests/unit_tests/external_interaction/callbacks/test_zocalo_handler.py::TestZocaloHandler::test_execution_of_do_fgs_triggers_zocalo_calls,call,0.01,41.78
before,8,test_apply_and_wait_for_voltages_to_settle_happy_path,tests/unit_tests/device_setup_plans/test_dcm_pitch_roll_mirror_adjuster.py::test_apply_and_wait_for_voltages_to_settle_happy_path,setup,0.01,41.78
before,8,test_given_no_tip_found_but_will_be_found_when_get_tip_into_view_then_smargon_moved_positive_and_tip_returned,tests/unit_tests/experiment_plans/test_pin_tip_centring.py::test_given_no_tip_found_but_will_be_found_when_get_tip_into_view_then_smargon_moved_positive_and_tip_returned,setup,0.01,41.78
before,8,test_pin_tip_starting_near_positive_edge_doesnt_exceed_limit,tests/unit_tests/experiment_plans/test_pin_tip_centring.py::test_pin_tip_starting_near_positive_edge_doesnt_exceed_limit,setup,0.01,41.78
before,8,test_given_tip_at_zero_but_will_be_found_when_get_tip_into_view_then_smargon_moved_negative_and_tip_returned,tests/unit_tests/experiment_plans/test_pin_tip_centring.py::test_given_tip_at_zero_but_will_be_found_when_get_tip_into_view_then_smargon_moved_negative_and_tip_returned,setup,0.01,41.78
before,8,test_values_for_move_so_that_beam_is_at_pixel[px_per_um5-beam_centre5-0-pixel_to_move_to5-expected_xyz5],tests/unit_tests/device_setup_plans/test_setup_oav.py::test_values_for_move_so_that_beam_is_at_pixel[px_per_um5-beam_centre5-0-pixel_to_move_to5-expected_xyz5],call,0.01,41.78
before,8,test_values_for_move_so_that_beam_is_at_pixel[px_per_um2-beam_centre2-90-pixel_to_move_to2-expected_xyz2],tests/unit_tests/device_setup_plans/test_setup_oav.py::test_values_for_move_so_that_beam_is_at_pixel[px_per_um2-beam_centre2-90-pixel_to_move_to2-expected_xyz2],call,0.01,41.78
before,8,test_when_set_up_oav_with_different_zoom_levels_then_flat_field_applied_correctly[1.0-proc],tests/unit_tests/device_setup_plans/test_setup_oav.py::test_when_set_up_oav_with_different_zoom_levels_then_flat_field_applied_correctly[1.0-proc],setup,0.01,41.78
before,8,test_pin_tip_starting_near_negative_edge_doesnt_exceed_limit,tests/unit_tests/experiment_plans/test_pin_tip_centring.py::test_pin_tip_starting_near_negative_edge_doesnt_exceed_limit,setup,0.01,41.78
before,8,test_given_the_pin_tip_is_already_in_view_when_get_tip_into_view_then_tip_returned_and_smargon_not_moved,tests/unit_tests/experiment_plans/test_pin_tip_centring.py::test_given_the_pin_tip_is_already_in_view_when_get_tip_into_view_then_tip_returned_and_smargon_not_moved,setup,0.01,41.78
before,8,test_subscribe_in_plan,tests/unit_tests/external_interaction/callbacks/xray_centre/test_xraycentre_callback_collection.py::test_subscribe_in_plan,call,0.01,41.78
before,8,test_setup_panda_performs_correct_plans,tests/unit_tests/device_setup_plans/test_setup_panda.py::test_setup_panda_performs_correct_plans,call,0.01,41.78
before,8,test_given_tip_found_when_wait_for_tip_to_be_found_called_then_tip_immediately_returned,tests/unit_tests/device_setup_plans/test_setup_oav.py::test_given_tip_found_when_wait_for_tip_to_be_found_called_then_tip_immediately_returned,call,0.01,41.78
before,8,test_given_no_tip_found_ever_when_get_tip_into_view_then_smargon_moved_positive_and_exception_thrown,tests/unit_tests/experiment_plans/test_pin_tip_centring.py::test_given_no_tip_found_ever_when_get_tip_into_view_then_smargon_moved_positive_and_exception_thrown,setup,0.01,41.78
before,8,test_wait_for_topup_complete,tests/unit_tests/device_setup_plans/test_topup_plan.py::test_wait_for_topup_complete,call,0.01,41.78
before,8,test_store_rotation_scan_uses_supplied_dcgid[45],tests/unit_tests/external_interaction/ispyb/test_rotation_ispyb_store.py::test_store_rotation_scan_uses_supplied_dcgid[45],call,0.01,41.78
before,8,test_activity_gated_event,tests/unit_tests/external_interaction/callbacks/rotation/test_ispyb_callback.py::test_activity_gated_event,setup,0.01,41.78
before,8,test_sending_start_twice_fails,tests/unit_tests/hyperion/test_main_system.py::test_sending_start_twice_fails,call,0.01,41.78
before,8,test_given_started_when_stopped_then_success_and_idle_status,tests/unit_tests/hyperion/test_main_system.py::test_given_started_when_stopped_then_success_and_idle_status,call,0.01,41.78
before,8,test_when_set_up_oav_with_different_zoom_levels_then_flat_field_applied_correctly[7.0-CAM],tests/unit_tests/device_setup_plans/test_setup_oav.py::test_when_set_up_oav_with_different_zoom_levels_then_flat_field_applied_correctly[7.0-CAM],setup,0.01,41.78
before,8,test_when_set_up_oav_then_only_waits_on_oav_to_finish,tests/unit_tests/device_setup_plans/test_setup_oav.py::test_when_set_up_oav_then_only_waits_on_oav_to_finish,setup,0.01,41.78
before,8,test_zebra_cleanup,tests/unit_tests/device_setup_plans/test_zebra_setup.py::test_zebra_cleanup,call,0.01,41.78
before,8,test_store_rotation_scan_uses_supplied_dcgid[2],tests/unit_tests/external_interaction/ispyb/test_rotation_ispyb_store.py::test_store_rotation_scan_uses_supplied_dcgid[2],call,0.01,41.78
before,8,test_given_detector_bit_depth_changes_then_vds_datatype_as_expected[8-uint8],tests/unit_tests/external_interaction/test_write_rotation_nexus.py::test_given_detector_bit_depth_changes_then_vds_datatype_as_expected[8-uint8],setup,0.01,41.78
before,8,test_given_detector_bit_depth_changes_then_vds_datatype_as_expected[16-uint16],tests/unit_tests/external_interaction/test_write_rotation_nexus.py::test_given_detector_bit_depth_changes_then_vds_datatype_as_expected[16-uint16],setup,0.01,41.78
before,8,test_adjust_mirror_stripe[6.999-Bare-140-15],tests/unit_tests/device_setup_plans/test_dcm_pitch_roll_mirror_adjuster.py::test_adjust_mirror_stripe[6.999-Bare-140-15],setup,0.01,41.78
before,8,test_when_pin_tip_centre_plan_called_then_expected_plans_called,tests/unit_tests/experiment_plans/test_pin_tip_centring.py::test_when_pin_tip_centre_plan_called_then_expected_plans_called,setup,0.01,41.78
before,8,test_given_detector_bit_depth_changes_then_vds_datatype_as_expected[32-uint32],tests/unit_tests/external_interaction/test_write_rotation_nexus.py::test_given_detector_bit_depth_changes_then_vds_datatype_as_expected[32-uint32],setup,0.01,41.78
before,8,test_when_topup_before_end_of_collection_wait,tests/unit_tests/device_setup_plans/test_topup_plan.py::test_when_topup_before_end_of_collection_wait,call,0.01,41.78
before,8,test_given_moving_out_of_range_when_move_with_warn_called_then_warning_exception,tests/unit_tests/experiment_plans/test_pin_tip_centring.py::test_given_moving_out_of_range_when_move_with_warn_called_then_warning_exception,setup,0.01,41.78
before,8,test_adjust_dcm_pitch_roll_vfm_from_lut,tests/unit_tests/device_setup_plans/test_dcm_pitch_roll_mirror_adjuster.py::test_adjust_dcm_pitch_roll_vfm_from_lut,call,0.01,41.78
before,8,test_given_pin_tip_detect_using_ophyd_when_pin_tip_centre_plan_called_then_expected_plans_called,tests/unit_tests/experiment_plans/test_pin_tip_centring.py::test_given_pin_tip_detect_using_ophyd_when_pin_tip_centre_plan_called_then_expected_plans_called,setup,0.01,41.78
before,8,test_store_rotation_scan_uses_supplied_dcgid[13],tests/unit_tests/external_interaction/ispyb/test_rotation_ispyb_store.py::test_store_rotation_scan_uses_supplied_dcgid[13],call,0.01,41.78
before,8,test_store_rotation_scan_uses_supplied_dcgid[88],tests/unit_tests/external_interaction/ispyb/test_rotation_ispyb_store.py::test_store_rotation_scan_uses_supplied_dcgid[88],call,0.01,41.78
before,8,test_tidy_up_plans_disable_panda_and_zebra,tests/unit_tests/experiment_plans/test_panda_flyscan_xray_centre_plan.py::test_tidy_up_plans_disable_panda_and_zebra,call,0.01,41.78
before,8,test_given_detector_bit_depth_changes_then_vds_datatype_as_expected[100-uint16],tests/unit_tests/external_interaction/test_write_rotation_nexus.py::test_given_detector_bit_depth_changes_then_vds_datatype_as_expected[100-uint16],setup,0.01,41.78
before,8,test_store_rotation_scan_uses_supplied_dcgid[61],tests/unit_tests/external_interaction/ispyb/test_rotation_ispyb_store.py::test_store_rotation_scan_uses_supplied_dcgid[61],call,0.01,41.78
before,8,test_begin_deposition_with_group_id_doesnt_insert,tests/unit_tests/external_interaction/ispyb/test_rotation_ispyb_store.py::test_begin_deposition_with_group_id_doesnt_insert,setup,0.01,41.78
before,8,test_rotation_scan_nexus_output_compared_to_existing_file,tests/unit_tests/external_interaction/test_write_rotation_nexus.py::test_rotation_scan_nexus_output_compared_to_existing_file,setup,0.01,41.78
before,8,test_store_rotation_scan_uses_supplied_dcgid[25],tests/unit_tests/external_interaction/ispyb/test_rotation_ispyb_store.py::test_store_rotation_scan_uses_supplied_dcgid[25],call,0.01,41.78
before,8,test_given_the_pin_tip_is_already_in_view_when_get_tip_into_view_then_tip_returned_and_smargon_not_moved,tests/unit_tests/experiment_plans/test_pin_tip_centring.py::test_given_the_pin_tip_is_already_in_view_when_get_tip_into_view_then_tip_returned_and_smargon_not_moved,call,0.01,41.78
before,8,test_no_waiting_when_mode_does_not_allow_gating,tests/unit_tests/device_setup_plans/test_topup_plan.py::test_no_waiting_when_mode_does_not_allow_gating,call,0.01,41.78
before,8,test_GIVEN_scan_already_valid_THEN_wait_for_GRIDSCAN_returns_immediately,tests/unit_tests/experiment_plans/test_panda_flyscan_xray_centre_plan.py::TestFlyscanXrayCentrePlan::test_GIVEN_scan_already_valid_THEN_wait_for_GRIDSCAN_returns_immediately,call,0.01,41.78
before,8,test_trigger_and_return_pin_tip_works_for_ophyd_pin_tip_detection,tests/unit_tests/experiment_plans/test_pin_tip_centring.py::test_trigger_and_return_pin_tip_works_for_ophyd_pin_tip_detection,call,0.01,41.78
before,8,test_adjust_mirror_stripe[7.001-Rhodium-124--46],tests/unit_tests/device_setup_plans/test_dcm_pitch_roll_mirror_adjuster.py::test_adjust_mirror_stripe[7.001-Rhodium-124--46],setup,0.01,41.78
before,8,test_update_deposition,tests/unit_tests/external_interaction/ispyb/test_rotation_ispyb_store.py::test_update_deposition,setup,0.01,41.78
before,8,test_begin_deposition_with_alternate_experiment_type,tests/unit_tests/external_interaction/ispyb/test_rotation_ispyb_store.py::test_begin_deposition_with_alternate_experiment_type,setup,0.01,41.78
before,8,test_end_deposition_happy_path,tests/unit_tests/external_interaction/ispyb/test_gridscan_ispyb_store_3d.py::test_end_deposition_happy_path,setup,0.01,41.78
before,8,test_fail_result_run_results_in_bad_run_status,tests/unit_tests/external_interaction/ispyb/test_gridscan_ispyb_store_2d.py::test_fail_result_run_results_in_bad_run_status,setup,0.01,41.78
before,8,test_activity_gated_event,tests/unit_tests/external_interaction/callbacks/rotation/test_ispyb_callback.py::test_activity_gated_event,call,0.01,41.78
before,8,test_end_deposition_happy_path,tests/unit_tests/external_interaction/ispyb/test_rotation_ispyb_store.py::test_end_deposition_happy_path,setup,0.01,41.78
before,8,test_ispyb_deposition_comment_for_3D_correct,tests/unit_tests/external_interaction/ispyb/test_gridscan_ispyb_store_3d.py::test_ispyb_deposition_comment_for_3D_correct,setup,0.01,41.78
before,8,test_getting_status_after_start_sent_returns_busy,tests/unit_tests/hyperion/test_main_system.py::test_getting_status_after_start_sent_returns_busy,call,0.01,41.78
before,8,test_apply_and_wait_for_voltages_to_settle_timeout,tests/unit_tests/device_setup_plans/test_dcm_pitch_roll_mirror_adjuster.py::test_apply_and_wait_for_voltages_to_settle_timeout,setup,0.01,41.78
before,8,test_results_passed_to_move_motors,tests/unit_tests/experiment_plans/test_panda_flyscan_xray_centre_plan.py::TestFlyscanXrayCentrePlan::test_results_passed_to_move_motors,call,0.01,41.78
before,8,test_store_rotation_scan_failures,tests/unit_tests/external_interaction/ispyb/test_rotation_ispyb_store.py::test_store_rotation_scan_failures,setup,0.01,41.78
before,8,test_begin_deposition,tests/unit_tests/external_interaction/ispyb/test_rotation_ispyb_store.py::test_begin_deposition,setup,0.01,41.78
before,8,test_end_deposition_happy_path,tests/unit_tests/external_interaction/ispyb/test_gridscan_ispyb_store_2d.py::test_end_deposition_happy_path,setup,0.01,41.78
before,8,test_update_deposition,tests/unit_tests/external_interaction/ispyb/test_gridscan_ispyb_store_2d.py::test_update_deposition,setup,0.01,41.78
before,8,test_update_deposition_with_group_id_updates,tests/unit_tests/external_interaction/ispyb/test_rotation_ispyb_store.py::test_update_deposition_with_group_id_updates,setup,0.01,41.78
before,8,test_store_3d_grid_scan,tests/unit_tests/external_interaction/ispyb/test_gridscan_ispyb_store_3d.py::test_store_3d_grid_scan,setup,0.01,41.78
before,8,test_given_ispyb_callback_started_writing_to_ispyb_when_messages_logged_then_they_contain_dcgid,tests/unit_tests/external_interaction/callbacks/xray_centre/test_ispyb_handler.py::TestXrayCentreIspybHandler::test_given_ispyb_callback_started_writing_to_ispyb_when_messages_logged_then_they_contain_dcgid,call,0.01,41.78
before,8,test_activity_gated_stop,tests/unit_tests/external_interaction/callbacks/rotation/test_ispyb_callback.py::test_activity_gated_stop,setup,0.01,41.78
before,8,test_param_keys,tests/unit_tests/external_interaction/ispyb/test_gridscan_ispyb_store_2d.py::test_param_keys,setup,0.01,41.78
before,8,test_activity_gated_stop,tests/unit_tests/external_interaction/callbacks/rotation/test_ispyb_callback.py::test_activity_gated_stop,call,0.01,41.78
before,8,test_activity_gated_start,tests/unit_tests/external_interaction/callbacks/rotation/test_ispyb_callback.py::test_activity_gated_start,setup,0.01,41.78
before,8,test_update_deposition,tests/unit_tests/external_interaction/ispyb/test_gridscan_ispyb_store_3d.py::test_update_deposition,setup,0.01,41.78
before,8,test_begin_deposition,tests/unit_tests/external_interaction/ispyb/test_gridscan_ispyb_store_2d.py::test_begin_deposition,setup,0.01,41.78
before,8,test_no_waiting_if_decay_mode,tests/unit_tests/device_setup_plans/test_topup_plan.py::test_no_waiting_if_decay_mode,call,0.01,41.78
before,8,test_ispyb_deposition_comment_correct,tests/unit_tests/external_interaction/ispyb/test_gridscan_ispyb_store_2d.py::test_ispyb_deposition_comment_correct,setup,0.01,41.78
before,8,test_begin_deposition,tests/unit_tests/external_interaction/ispyb/test_gridscan_ispyb_store_3d.py::test_begin_deposition,setup,0.01,41.78
before,8,test_param_fields_match_components_they_should_use,tests/unit_tests/parameters/test_internal_parameters.py::test_param_fields_match_components_they_should_use,setup,0.01,41.78
before,8,test_no_exception_during_run_results_in_good_run_status,tests/unit_tests/external_interaction/ispyb/test_gridscan_ispyb_store_2d.py::test_no_exception_during_run_results_in_good_run_status,setup,0.01,41.78
before,8,test_internal_params_eq,tests/unit_tests/parameters/test_internal_parameters.py::test_internal_params_eq,call,0.01,41.78
before,8,test_when_pin_centre_xray_centre_called_then_plan_runs_correctly,tests/unit_tests/experiment_plans/test_pin_centre_then_xray_centre_plan.py::test_when_pin_centre_xray_centre_called_then_plan_runs_correctly,call,0.01,41.78
before,8,test_given_ispyb_callback_finished_writing_to_ispyb_when_messages_logged_then_they_do_not_contain_dcgid,tests/unit_tests/external_interaction/callbacks/xray_centre/test_ispyb_handler.py::TestXrayCentreIspybHandler::test_given_ispyb_callback_finished_writing_to_ispyb_when_messages_logged_then_they_do_not_contain_dcgid,call,0.01,41.78
before,8,test_getting_status_return_idle,tests/unit_tests/hyperion/test_main_system.py::test_getting_status_return_idle,call,0.01,41.78
before,8,test_messages_are_tagged_with_run_uid,tests/unit_tests/hyperion/test_log/test_log.py::test_messages_are_tagged_with_run_uid,call,0.01,41.78
before,8,test_disarm_panda_disables_correct_blocks,tests/unit_tests/device_setup_plans/test_setup_panda.py::test_disarm_panda_disables_correct_blocks,call,0.01,41.78
before,8,test_set_env_variable_sets_correct_file_handler,tests/unit_tests/hyperion/test_log/test_log.py::test_set_env_variable_sets_correct_file_handler,setup,0.01,41.78
before,8,test_activity_gated_start_2d,tests/unit_tests/external_interaction/callbacks/xray_centre/test_ispyb_callback.py::test_activity_gated_start_2d,call,0.01,41.78
before,8,test_end_deposition_happy_path,tests/unit_tests/external_interaction/ispyb/test_gridscan_ispyb_store_3d.py::test_end_deposition_happy_path,call,0.01,41.78
before,8,test_plan_with_no_params_fails,tests/unit_tests/hyperion/test_main_system.py::test_plan_with_no_params_fails,setup,0.01,41.78
before,8,test_activity_gated_start,tests/unit_tests/external_interaction/callbacks/rotation/test_ispyb_callback.py::test_activity_gated_start,call,0.01,41.78
before,8,test_writers_do_create_one_file_each_on_start_doc_for_run_gridscan,tests/unit_tests/external_interaction/callbacks/xray_centre/test_nexus_handler.py::test_writers_do_create_one_file_each_on_start_doc_for_run_gridscan,call,0.01,41.78
before,8,test_start_with_json_file_gives_success,tests/unit_tests/hyperion/test_main_system.py::test_start_with_json_file_gives_success,setup,0.01,41.78
before,8,test_given_shutter_open_fails_then_eiger_disarmed_and_correct_exception_returned,tests/unit_tests/device_setup_plans/test_utils.py::test_given_shutter_open_fails_then_eiger_disarmed_and_correct_exception_returned,setup,0.01,41.78
before,8,test_start_with_json_file_gives_success,tests/unit_tests/hyperion/test_main_system.py::test_start_with_json_file_gives_success,call,0.01,41.78
before,8,test_nexus_writer_writes_width_and_height_correctly[1044],tests/unit_tests/external_interaction/nexus/test_write_nexus.py::test_nexus_writer_writes_width_and_height_correctly[1044],setup,0.01,41.78
before,8,test_putting_bad_plan_fails,tests/unit_tests/hyperion/test_main_system.py::test_putting_bad_plan_fails,setup,0.01,41.78
before,8,test_main_function,tests/unit_tests/external_interaction/callbacks/test_external_callbacks.py::test_main_function,call,0.01,41.78
before,8,test_given_started_when_stopped_and_started_again_then_runs,tests/unit_tests/hyperion/test_main_system.py::test_given_started_when_stopped_and_started_again_then_runs,setup,0.01,41.78
before,8,test_set_energy,tests/unit_tests/experiment_plans/test_set_energy_plan.py::test_set_energy,call,0.01,41.78
before,8,test_given_fgs_plan_finished_when_zocalo_results_event_then_expected_comment_deposited,tests/unit_tests/external_interaction/callbacks/xray_centre/test_ispyb_handler.py::TestXrayCentreIspybHandler::test_given_fgs_plan_finished_when_zocalo_results_event_then_expected_comment_deposited,call,0.01,41.78
before,8,test_given_detector_move_fails_then_eiger_disarmed_and_correct_exception_returned,tests/unit_tests/device_setup_plans/test_utils.py::test_given_detector_move_fails_then_eiger_disarmed_and_correct_exception_returned,setup,0.01,41.78
before,8,test_sending_start_twice_fails,tests/unit_tests/hyperion/test_main_system.py::test_sending_start_twice_fails,setup,0.01,41.78
before,8,test_start_gives_success,tests/unit_tests/hyperion/test_main_system.py::test_start_gives_success,call,0.01,41.78
before,8,test_ispyb_handler_stores_sampleid_for_full_collection_not_screening[1-False],tests/unit_tests/external_interaction/callbacks/test_rotation_callbacks.py::test_ispyb_handler_stores_sampleid_for_full_collection_not_screening[1-False],call,0.01,41.78
before,8,test_when_plan_run_with_requested_energy_specified_energy_change_executes,tests/unit_tests/experiment_plans/test_wait_for_robot_load_then_centre.py::test_when_plan_run_with_requested_energy_specified_energy_change_executes,call,0.01,41.78
before,8,test_when_started_n_returnstatus_interrupted_bc_RE_aborted_thn_error_reptd,tests/unit_tests/hyperion/test_main_system.py::test_when_started_n_returnstatus_interrupted_bc_RE_aborted_thn_error_reptd,setup,0.01,41.78
before,8,test_start_gives_success,tests/unit_tests/hyperion/test_main_system.py::test_start_gives_success,setup,0.01,41.78
before,8,test_given_plan_raises_when_exception_raised_then_eiger_disarmed_and_correct_exception_returned,tests/unit_tests/device_setup_plans/test_utils.py::test_given_plan_raises_when_exception_raised_then_eiger_disarmed_and_correct_exception_returned,setup,0.01,41.78
before,8,test_writers_dont_create_on_init_but_do_on_ispyb_event,tests/unit_tests/external_interaction/callbacks/xray_centre/test_nexus_handler.py::test_writers_dont_create_on_init_but_do_on_ispyb_event,call,0.01,41.78
before,8,test_wait_for_robot_load_then_centre_doesnt_set_energy_if_not_specified,tests/unit_tests/experiment_plans/test_wait_for_robot_load_then_centre.py::test_wait_for_robot_load_then_centre_doesnt_set_energy_if_not_specified,call,0.01,41.78
before,8,test_fgs_raising_no_exception_results_in_good_run_status_in_ispyb,tests/unit_tests/external_interaction/callbacks/xray_centre/test_ispyb_handler.py::TestXrayCentreIspybHandler::test_fgs_raising_no_exception_results_in_good_run_status_in_ispyb,call,0.01,41.78
before,8,test_fgs_failing_results_in_bad_run_status_in_ispyb,tests/unit_tests/external_interaction/callbacks/xray_centre/test_ispyb_handler.py::TestXrayCentreIspybHandler::test_fgs_failing_results_in_bad_run_status_in_ispyb,call,0.01,41.78
before,8,test_new_parameters_is_a_new_object,tests/unit_tests/parameters/test_external_parameters.py::test_new_parameters_is_a_new_object,call,0.01,41.78
before,8,test_given_xbpm_checks_fail_when_plan_run_with_decorator_then_plan_not_run,tests/unit_tests/device_setup_plans/test_xbpm_feedback.py::test_given_xbpm_checks_fail_when_plan_run_with_decorator_then_plan_not_run,setup,0.01,41.78
before,8,test_getting_status_return_idle,tests/unit_tests/hyperion/test_main_system.py::test_getting_status_return_idle,setup,0.01,41.78
before,8,test_ispyb_reuses_dcgid_on_same_sampleID[ispyb_ids6],tests/unit_tests/external_interaction/callbacks/test_rotation_callbacks.py::test_ispyb_reuses_dcgid_on_same_sampleID[ispyb_ids6],setup,0.01,41.78
before,9,test_given_no_tip_found_ever_when_get_tip_into_view_then_smargon_moved_positive_and_exception_thrown,tests/unit_tests/experiment_plans/test_pin_tip_centring.py::test_given_no_tip_found_ever_when_get_tip_into_view_then_smargon_moved_positive_and_exception_thrown,call,3.1,58.04
before,9,test_when_grid_scan_fails_then_detector_disarmed_and_correct_exception_returned,tests/unit_tests/experiment_plans/test_flyscan_xray_centre_plan.py::TestFlyscanXrayCentrePlan::test_when_grid_scan_fails_then_detector_disarmed_and_correct_exception_returned,call,2.52,58.04
before,9,test_rotation_scan_nexus_output_compared_to_existing_file,tests/unit_tests/external_interaction/test_write_rotation_nexus.py::test_rotation_scan_nexus_output_compared_to_existing_file,call,2.03,58.04
before,9,test_grid_detection_plan_gives_warningerror_if_tip_not_found,tests/unit_tests/experiment_plans/test_grid_detection_plan.py::test_grid_detection_plan_gives_warningerror_if_tip_not_found,call,1.89,58.04
before,9,test_given_detector_bit_depth_changes_then_vds_datatype_as_expected[100-uint16],tests/unit_tests/external_interaction/test_write_rotation_nexus.py::test_given_detector_bit_depth_changes_then_vds_datatype_as_expected[100-uint16],call,1.55,58.04
before,9,test_given_detector_bit_depth_changes_then_vds_datatype_as_expected[16-uint16],tests/unit_tests/external_interaction/test_write_rotation_nexus.py::test_given_detector_bit_depth_changes_then_vds_datatype_as_expected[16-uint16],call,1.51,58.04
before,9,test_given_detector_bit_depth_changes_then_vds_datatype_as_expected[32-uint32],tests/unit_tests/external_interaction/test_write_rotation_nexus.py::test_given_detector_bit_depth_changes_then_vds_datatype_as_expected[32-uint32],call,1.51,58.04
before,9,test_when_run_gridscan_called_ispyb_deposition_made_and_records_errors,tests/unit_tests/experiment_plans/test_flyscan_xray_centre_plan.py::TestFlyscanXrayCentrePlan::test_when_run_gridscan_called_ispyb_deposition_made_and_records_errors,call,1.5,58.04
before,9,test_given_detector_bit_depth_changes_then_vds_datatype_as_expected[8-uint8],tests/unit_tests/external_interaction/test_write_rotation_nexus.py::test_given_detector_bit_depth_changes_then_vds_datatype_as_expected[8-uint8],call,1.5,58.04
before,9,test_given_xpbm_checks_pass_and_plan_fails_when_plan_run_with_decorator_then_cleaned_up,tests/unit_tests/device_setup_plans/test_xbpm_feedback.py::test_given_xpbm_checks_pass_and_plan_fails_when_plan_run_with_decorator_then_cleaned_up,call,1.44,58.04
before,9,test_given_xbpm_checks_fail_when_plan_run_with_decorator_then_plan_not_run,tests/unit_tests/device_setup_plans/test_xbpm_feedback.py::test_given_xbpm_checks_fail_when_plan_run_with_decorator_then_plan_not_run,call,1.4,58.04
before,9,test_given_moving_out_of_range_when_move_with_warn_called_then_warning_exception,tests/unit_tests/experiment_plans/test_pin_tip_centring.py::test_given_moving_out_of_range_when_move_with_warn_called_then_warning_exception,call,1.39,58.04
before,9,test_when_grid_scan_fails_then_detector_disarmed_and_correct_exception_returned,tests/unit_tests/experiment_plans/test_panda_flyscan_xray_centre_plan.py::TestFlyscanXrayCentrePlan::test_when_grid_scan_fails_then_detector_disarmed_and_correct_exception_returned,call,1.36,58.04
before,9,test_GIVEN_scan_not_valid_THEN_wait_for_GRIDSCAN_raises_and_sleeps_called,tests/unit_tests/experiment_plans/test_flyscan_xray_centre_plan.py::TestFlyscanXrayCentrePlan::test_GIVEN_scan_not_valid_THEN_wait_for_GRIDSCAN_raises_and_sleeps_called,call,0.97,58.04
before,9,test_zebra_set_up_for_rotation,tests/unit_tests/device_setup_plans/test_zebra_setup.py::test_zebra_set_up_for_rotation,call,0.94,58.04
before,9,test_when_all_tries_fail_then_bluesky_retry_throws_error,tests/unit_tests/device_setup_plans/test_zebra_setup.py::test_when_all_tries_fail_then_bluesky_retry_throws_error,call,0.83,58.04
before,9,test_apply_and_wait_for_voltages_to_settle_timeout,tests/unit_tests/device_setup_plans/test_dcm_pitch_roll_mirror_adjuster.py::test_apply_and_wait_for_voltages_to_settle_timeout,call,0.79,58.04
before,9,test_given_no_tip_found_but_will_be_found_when_get_tip_into_view_then_smargon_moved_positive_and_tip_returned,tests/unit_tests/experiment_plans/test_pin_tip_centring.py::test_given_no_tip_found_but_will_be_found_when_get_tip_into_view_then_smargon_moved_positive_and_tip_returned,call,0.7,58.04
before,9,test_given_gridscan_fails_to_centre_then_stub_offsets_not_set,tests/unit_tests/experiment_plans/test_flyscan_xray_centre_plan.py::TestFlyscanXrayCentrePlan::test_given_gridscan_fails_to_centre_then_stub_offsets_not_set,call,0.7,58.04
before,9,test_given_shutter_open_fails_then_eiger_disarmed_and_correct_exception_returned,tests/unit_tests/device_setup_plans/test_utils.py::test_given_shutter_open_fails_then_eiger_disarmed_and_correct_exception_returned,call,0.67,58.04
before,9,test_ispyb_reuses_dcgid_on_same_sampleID[ispyb_ids1],tests/unit_tests/external_interaction/callbacks/test_rotation_callbacks.py::test_ispyb_reuses_dcgid_on_same_sampleID[ispyb_ids1],call,0.66,58.04
before,9,test_given_plan_raises_when_exception_raised_then_eiger_disarmed_and_correct_exception_returned,tests/unit_tests/device_setup_plans/test_utils.py::test_given_plan_raises_when_exception_raised_then_eiger_disarmed_and_correct_exception_returned,call,0.66,58.04
before,9,test_pin_tip_starting_near_positive_edge_doesnt_exceed_limit,tests/unit_tests/experiment_plans/test_pin_tip_centring.py::test_pin_tip_starting_near_positive_edge_doesnt_exceed_limit,call,0.66,58.04
before,9,test_pin_tip_starting_near_negative_edge_doesnt_exceed_limit,tests/unit_tests/experiment_plans/test_pin_tip_centring.py::test_pin_tip_starting_near_negative_edge_doesnt_exceed_limit,call,0.65,58.04
before,9,test_given_detector_move_fails_then_eiger_disarmed_and_correct_exception_returned,tests/unit_tests/device_setup_plans/test_utils.py::test_given_detector_move_fails_then_eiger_disarmed_and_correct_exception_returned,call,0.65,58.04
before,9,test_ispyb_reuses_dcgid_on_same_sampleID[ispyb_ids2],tests/unit_tests/external_interaction/callbacks/test_rotation_callbacks.py::test_ispyb_reuses_dcgid_on_same_sampleID[ispyb_ids2],call,0.64,58.04
before,9,test_total_count_calc_new_transmission_raises_error_on_low_ransmission,tests/unit_tests/experiment_plans/test_optimise_attenuation_plan.py::test_total_count_calc_new_transmission_raises_error_on_low_ransmission,call,0.62,58.04
before,9,test_total_count_exception_raised_after_max_cycles_reached,tests/unit_tests/experiment_plans/test_optimise_attenuation_plan.py::test_total_count_exception_raised_after_max_cycles_reached,call,0.6,58.04
before,9,test_ispyb_reuses_dcgid_on_same_sampleID[ispyb_ids7],tests/unit_tests/external_interaction/callbacks/test_rotation_callbacks.py::test_ispyb_reuses_dcgid_on_same_sampleID[ispyb_ids7],call,0.6,58.04
before,9,test_ispyb_reuses_dcgid_on_same_sampleID[ispyb_ids0],tests/unit_tests/external_interaction/callbacks/test_rotation_callbacks.py::test_ispyb_reuses_dcgid_on_same_sampleID[ispyb_ids0],call,0.58,58.04
before,9,test_adjust_mirror_stripe[7.001-Rhodium-124--46],tests/unit_tests/device_setup_plans/test_dcm_pitch_roll_mirror_adjuster.py::test_adjust_mirror_stripe[7.001-Rhodium-124--46],call,0.58,58.04
before,9,test_given_gridscan_fails_to_centre_then_stub_offsets_not_set,tests/unit_tests/experiment_plans/test_panda_flyscan_xray_centre_plan.py::TestFlyscanXrayCentrePlan::test_given_gridscan_fails_to_centre_then_stub_offsets_not_set,call,0.58,58.04
before,9,test_cleanup_happens,tests/unit_tests/experiment_plans/test_rotation_scan_plan.py::test_cleanup_happens,setup,0.57,58.04
before,9,test_blueskyrunner_uses_cli_args_correctly_for_callbacks[arg_list1-parsed_arg_values1],tests/unit_tests/hyperion/test_main_system.py::test_blueskyrunner_uses_cli_args_correctly_for_callbacks[arg_list1-parsed_arg_values1],call,0.56,58.04
before,9,test_given_smargon_disabled_for_longer_than_timeout_when_plan_run_then_throws_exception,tests/unit_tests/experiment_plans/test_wait_for_robot_load_then_centre.py::test_given_smargon_disabled_for_longer_than_timeout_when_plan_run_then_throws_exception,call,0.54,58.04
before,9,test_store_rotation_scan_uses_supplied_dcgid[2],tests/unit_tests/external_interaction/ispyb/test_rotation_ispyb_store.py::test_store_rotation_scan_uses_supplied_dcgid[2],call,0.53,58.04
before,9,test_when_started_n_returnstatus_interrupted_bc_RE_aborted_thn_error_reptd,tests/unit_tests/hyperion/test_main_system.py::test_when_started_n_returnstatus_interrupted_bc_RE_aborted_thn_error_reptd,call,0.41,58.04
before,9,test_ispyb_reuses_dcgid_on_same_sampleID[ispyb_ids5],tests/unit_tests/external_interaction/callbacks/test_rotation_callbacks.py::test_ispyb_reuses_dcgid_on_same_sampleID[ispyb_ids5],call,0.41,58.04
before,9,test_ispyb_reuses_dcgid_on_same_sampleID[ispyb_ids3],tests/unit_tests/external_interaction/callbacks/test_rotation_callbacks.py::test_ispyb_reuses_dcgid_on_same_sampleID[ispyb_ids3],call,0.4,58.04
before,9,test_ispyb_reuses_dcgid_on_same_sampleID[ispyb_ids4],tests/unit_tests/external_interaction/callbacks/test_rotation_callbacks.py::test_ispyb_reuses_dcgid_on_same_sampleID[ispyb_ids4],call,0.4,58.04
before,9,test_ispyb_reuses_dcgid_on_same_sampleID[ispyb_ids6],tests/unit_tests/external_interaction/callbacks/test_rotation_callbacks.py::test_ispyb_reuses_dcgid_on_same_sampleID[ispyb_ids6],call,0.4,58.04
before,9,test_results_adjusted_and_passed_to_move_xyz,tests/unit_tests/experiment_plans/test_panda_flyscan_xray_centre_plan.py::TestFlyscanXrayCentrePlan::test_results_adjusted_and_passed_to_move_xyz,setup,0.4,58.04
before,9,test_cleanup_happens,tests/unit_tests/experiment_plans/test_rotation_scan_plan.py::test_cleanup_happens,call,0.38,58.04
before,9,test_if_smargon_speed_over_limit_then_log_error,tests/unit_tests/experiment_plans/test_panda_flyscan_xray_centre_plan.py::test_if_smargon_speed_over_limit_then_log_error,call,0.34,58.04
before,9,test_plan_with_no_params_fails,tests/unit_tests/hyperion/test_main_system.py::test_plan_with_no_params_fails,call,0.33,58.04
before,9,test_when_gridscan_fails_ispyb_comment_appended_to,tests/unit_tests/experiment_plans/test_panda_flyscan_xray_centre_plan.py::TestFlyscanXrayCentrePlan::test_when_gridscan_fails_ispyb_comment_appended_to,setup,0.32,58.04
before,9,test_log_on_invalid_json_params,tests/unit_tests/hyperion/test_main_system.py::test_log_on_invalid_json_params,call,0.32,58.04
before,9,test_putting_bad_plan_fails,tests/unit_tests/hyperion/test_main_system.py::test_putting_bad_plan_fails,call,0.31,58.04
before,9,test_when_grid_detection_plan_run_twice_then_values_do_not_persist_in_callback,tests/unit_tests/experiment_plans/test_grid_detection_plan.py::test_when_grid_detection_plan_run_twice_then_values_do_not_persist_in_callback,call,0.31,58.04
before,9,test_when_grid_scan_ran_then_eiger_disarmed_before_zocalo_end,tests/unit_tests/experiment_plans/test_panda_flyscan_xray_centre_plan.py::TestFlyscanXrayCentrePlan::test_when_grid_scan_ran_then_eiger_disarmed_before_zocalo_end,call,0.31,58.04
before,9,test_nexus_handler_triggers_write_file_when_told,tests/unit_tests/external_interaction/callbacks/test_rotation_callbacks.py::test_nexus_handler_triggers_write_file_when_told,call,0.3,58.04
before,9,test_when_first_try_fails_then_bluesky_retry_tries_again,tests/unit_tests/device_setup_plans/test_zebra_setup.py::test_when_first_try_fails_then_bluesky_retry_tries_again,call,0.28,58.04
before,9,test_when_context_created_then_contains_expected_number_of_plans,tests/unit_tests/hyperion/test_main_system.py::test_when_context_created_then_contains_expected_number_of_plans,call,0.26,58.04
before,9,test_given_no_tip_when_wait_for_tip_to_be_found_called_then_exception_thrown,tests/unit_tests/device_setup_plans/test_setup_oav.py::test_given_no_tip_when_wait_for_tip_to_be_found_called_then_exception_thrown,call,0.25,58.04
before,9,test_when_set_up_oav_then_only_waits_on_oav_to_finish,tests/unit_tests/device_setup_plans/test_setup_oav.py::test_when_set_up_oav_then_only_waits_on_oav_to_finish,setup,0.24,58.04
before,9,test_adjust_mirror_stripe[6.999-Bare-140-15],tests/unit_tests/device_setup_plans/test_dcm_pitch_roll_mirror_adjuster.py::test_adjust_mirror_stripe[6.999-Bare-140-15],call,0.23,58.04
before,9,test_apply_and_wait_for_voltages_to_settle_happy_path,tests/unit_tests/device_setup_plans/test_dcm_pitch_roll_mirror_adjuster.py::test_apply_and_wait_for_voltages_to_settle_happy_path,call,0.23,58.04
before,9,test_GIVEN_scan_not_valid_THEN_wait_for_GRIDSCAN_raises_and_sleeps_called,tests/unit_tests/experiment_plans/test_panda_flyscan_xray_centre_plan.py::TestFlyscanXrayCentrePlan::test_GIVEN_scan_not_valid_THEN_wait_for_GRIDSCAN_raises_and_sleeps_called,call,0.22,58.04
before,9,test_when_grid_scan_ran_then_eiger_disarmed_before_zocalo_end,tests/unit_tests/experiment_plans/test_flyscan_xray_centre_plan.py::TestFlyscanXrayCentrePlan::test_when_grid_scan_ran_then_eiger_disarmed_before_zocalo_end,call,0.2,58.04
before,9,test_GIVEN_no_results_from_zocalo_WHEN_communicator_wait_for_results_called_THEN_fallback_centre_used,tests/unit_tests/experiment_plans/test_panda_flyscan_xray_centre_plan.py::TestFlyscanXrayCentrePlan::test_GIVEN_no_results_from_zocalo_WHEN_communicator_wait_for_results_called_THEN_fallback_centre_used,call,0.2,58.04
before,9,test_full_rotation_plan_smargon_settings,tests/unit_tests/experiment_plans/test_rotation_scan_plan.py::test_full_rotation_plan_smargon_settings,setup,0.19,58.04
before,9,test_GIVEN_no_results_from_zocalo_WHEN_communicator_wait_for_results_called_THEN_fallback_centre_used,tests/unit_tests/experiment_plans/test_flyscan_xray_centre_plan.py::TestFlyscanXrayCentrePlan::test_GIVEN_no_results_from_zocalo_WHEN_communicator_wait_for_results_called_THEN_fallback_centre_used,call,0.19,58.04
before,9,test_given_when_grid_detect_then_upper_left_and_start_position_as_expected,tests/unit_tests/experiment_plans/test_grid_detection_plan.py::test_given_when_grid_detect_then_upper_left_and_start_position_as_expected,call,0.18,58.04
before,9,test_when_grid_detection_plan_run_then_grid_detection_callback_gets_correct_values,tests/unit_tests/experiment_plans/test_grid_detection_plan.py::test_when_grid_detection_plan_run_then_grid_detection_callback_gets_correct_values,call,0.17,58.04
before,9,test_fgs_arms_eiger_without_grid_detect,tests/unit_tests/experiment_plans/test_flyscan_xray_centre_plan.py::TestFlyscanXrayCentrePlan::test_fgs_arms_eiger_without_grid_detect,call,0.15,58.04
before,9,test_fgs_arms_eiger_without_grid_detect,tests/unit_tests/experiment_plans/test_panda_flyscan_xray_centre_plan.py::TestFlyscanXrayCentrePlan::test_fgs_arms_eiger_without_grid_detect,call,0.15,58.04
before,9,test_results_adjusted_and_passed_to_move_xyz,tests/unit_tests/experiment_plans/test_panda_flyscan_xray_centre_plan.py::TestFlyscanXrayCentrePlan::test_results_adjusted_and_passed_to_move_xyz,call,0.15,58.04
before,9,test_grid_detection_plan_runs_and_triggers_snapshots,tests/unit_tests/experiment_plans/test_grid_detection_plan.py::test_grid_detection_plan_runs_and_triggers_snapshots,call,0.14,58.04
before,9,test_rotation_plan_zebra_settings,tests/unit_tests/experiment_plans/test_rotation_scan_plan.py::test_rotation_plan_zebra_settings,setup,0.13,58.04
before,9,test_results_adjusted_and_passed_to_move_xyz,tests/unit_tests/experiment_plans/test_flyscan_xray_centre_plan.py::TestFlyscanXrayCentrePlan::test_results_adjusted_and_passed_to_move_xyz,call,0.13,58.04
before,9,test_when_full_grid_scan_run_then_parameters_sent_to_fgs_as_expected,tests/unit_tests/experiment_plans/test_grid_detect_then_xray_centre_plan.py::test_when_full_grid_scan_run_then_parameters_sent_to_fgs_as_expected,call,0.13,58.04
before,9,test_rotation_plan_smargon_doesnt_move_xyz_if_not_given_in_params,tests/unit_tests/experiment_plans/test_rotation_scan_plan.py::test_rotation_plan_smargon_doesnt_move_xyz_if_not_given_in_params,setup,0.13,58.04
before,9,test_rotation_plan_energy_settings,tests/unit_tests/experiment_plans/test_rotation_scan_plan.py::test_rotation_plan_energy_settings,setup,0.13,58.04
before,9,test_rotation_plan_runs,tests/unit_tests/experiment_plans/test_rotation_scan_plan.py::test_rotation_plan_runs,setup,0.13,58.04
before,9,test_zocalo_start_and_end_not_triggered_if_ispyb_ids_not_present,tests/unit_tests/external_interaction/callbacks/test_rotation_callbacks.py::test_zocalo_start_and_end_not_triggered_if_ispyb_ids_not_present,call,0.12,58.04
before,9,test_update_deposition,tests/unit_tests/external_interaction/ispyb/test_gridscan_ispyb_store_3d.py::test_update_deposition,call,0.1,58.04
before,9,test_start_gives_success,tests/unit_tests/hyperion/test_main_system.py::test_start_gives_success,teardown,0.1,58.04
before,9,test_getting_status_after_start_sent_returns_busy,tests/unit_tests/hyperion/test_main_system.py::test_getting_status_after_start_sent_returns_busy,teardown,0.1,58.04
before,9,test_sending_start_twice_fails,tests/unit_tests/hyperion/test_main_system.py::test_sending_start_twice_fails,teardown,0.1,58.04
before,9,test_given_started_when_stopped_then_success_and_idle_status,tests/unit_tests/hyperion/test_main_system.py::test_given_started_when_stopped_then_success_and_idle_status,teardown,0.1,58.04
before,9,test_given_started_when_stopped_and_started_again_then_runs,tests/unit_tests/hyperion/test_main_system.py::test_given_started_when_stopped_and_started_again_then_runs,teardown,0.1,58.04
before,9,test_detect_grid_and_do_gridscan,tests/unit_tests/experiment_plans/test_grid_detect_then_xray_centre_plan.py::test_detect_grid_and_do_gridscan,call,0.09,58.04
before,9,test_blueskyrunner_uses_cli_args_correctly_for_callbacks[arg_list2-parsed_arg_values2],tests/unit_tests/hyperion/test_main_system.py::test_blueskyrunner_uses_cli_args_correctly_for_callbacks[arg_list2-parsed_arg_values2],call,0.08,58.04
before,9,test_blueskyrunner_uses_cli_args_correctly_for_callbacks[arg_list0-parsed_arg_values0],tests/unit_tests/hyperion/test_main_system.py::test_blueskyrunner_uses_cli_args_correctly_for_callbacks[arg_list0-parsed_arg_values0],call,0.08,58.04
before,9,test_blueskyrunner_uses_cli_args_correctly_for_callbacks[arg_list3-parsed_arg_values3],tests/unit_tests/hyperion/test_main_system.py::test_blueskyrunner_uses_cli_args_correctly_for_callbacks[arg_list3-parsed_arg_values3],call,0.08,58.04
before,9,test_when_set_up_oav_with_different_zoom_levels_then_flat_field_applied_correctly[1.0-proc],tests/unit_tests/device_setup_plans/test_setup_oav.py::test_when_set_up_oav_with_different_zoom_levels_then_flat_field_applied_correctly[1.0-proc],call,0.07,58.04
before,9,test_rotation_scan,tests/unit_tests/experiment_plans/test_rotation_scan_plan.py::test_rotation_scan,call,0.07,58.04
before,9,test_when_set_up_oav_then_only_waits_on_oav_to_finish,tests/unit_tests/device_setup_plans/test_setup_oav.py::test_when_set_up_oav_then_only_waits_on_oav_to_finish,call,0.07,58.04
before,9,test_when_pin_centre_xray_centre_called_then_detector_positioned,tests/unit_tests/experiment_plans/test_pin_centre_then_xray_centre_plan.py::test_when_pin_centre_xray_centre_called_then_detector_positioned,call,0.07,58.04
before,9,test_when_set_up_oav_with_different_zoom_levels_then_flat_field_applied_correctly[7.0-CAM],tests/unit_tests/device_setup_plans/test_setup_oav.py::test_when_set_up_oav_with_different_zoom_levels_then_flat_field_applied_correctly[7.0-CAM],call,0.06,58.04
before,9,test_when_gridscan_succeeds_ispyb_comment_appended_to,tests/unit_tests/experiment_plans/test_panda_flyscan_xray_centre_plan.py::TestFlyscanXrayCentrePlan::test_when_gridscan_succeeds_ispyb_comment_appended_to,call,0.06,58.04
before,9,test_read_hardware_for_ispyb_updates_from_ophyd_devices,tests/unit_tests/experiment_plans/test_flyscan_xray_centre_plan.py::TestFlyscanXrayCentrePlan::test_read_hardware_for_ispyb_updates_from_ophyd_devices,call,0.06,58.04
before,9,test_kickoff_and_complete_gridscan_triggers_zocalo,tests/unit_tests/experiment_plans/test_flyscan_xray_centre_plan.py::test_kickoff_and_complete_gridscan_triggers_zocalo,call,0.06,58.04
before,9,test_individual_plans_triggered_once_and_only_once_in_composite_run,tests/unit_tests/experiment_plans/test_panda_flyscan_xray_centre_plan.py::TestFlyscanXrayCentrePlan::test_individual_plans_triggered_once_and_only_once_in_composite_run,call,0.06,58.04
before,9,test_ispyb_handler_grabs_uid_from_main_plan_and_not_first_start_doc,tests/unit_tests/external_interaction/callbacks/test_rotation_callbacks.py::test_ispyb_handler_grabs_uid_from_main_plan_and_not_first_start_doc,call,0.06,58.04
before,9,test_when_gridscan_succeeds_ispyb_comment_appended_to,tests/unit_tests/experiment_plans/test_panda_flyscan_xray_centre_plan.py::TestFlyscanXrayCentrePlan::test_when_gridscan_succeeds_ispyb_comment_appended_to,setup,0.05,58.04
before,9,test_when_gridscan_succeeds_ispyb_comment_appended_to,tests/unit_tests/experiment_plans/test_flyscan_xray_centre_plan.py::TestFlyscanXrayCentrePlan::test_when_gridscan_succeeds_ispyb_comment_appended_to,call,0.05,58.04
before,9,test_GIVEN_no_results_from_zocalo_WHEN_communicator_wait_for_results_called_THEN_fallback_centre_used,tests/unit_tests/experiment_plans/test_panda_flyscan_xray_centre_plan.py::TestFlyscanXrayCentrePlan::test_GIVEN_no_results_from_zocalo_WHEN_communicator_wait_for_results_called_THEN_fallback_centre_used,setup,0.05,58.04
before,9,test_when_grid_scan_ran_then_eiger_disarmed_before_zocalo_end,tests/unit_tests/experiment_plans/test_panda_flyscan_xray_centre_plan.py::TestFlyscanXrayCentrePlan::test_when_grid_scan_ran_then_eiger_disarmed_before_zocalo_end,setup,0.05,58.04
before,9,test_when_gridscan_finished_then_smargon_stub_offsets_are_set,tests/unit_tests/experiment_plans/test_panda_flyscan_xray_centre_plan.py::TestFlyscanXrayCentrePlan::test_when_gridscan_finished_then_smargon_stub_offsets_are_set,call,0.05,58.04
before,9,test_read_hardware_for_ispyb_updates_from_ophyd_devices,tests/unit_tests/experiment_plans/test_panda_flyscan_xray_centre_plan.py::TestFlyscanXrayCentrePlan::test_read_hardware_for_ispyb_updates_from_ophyd_devices,call,0.05,58.04
before,9,test_individual_plans_triggered_once_and_only_once_in_composite_run,tests/unit_tests/experiment_plans/test_panda_flyscan_xray_centre_plan.py::TestFlyscanXrayCentrePlan::test_individual_plans_triggered_once_and_only_once_in_composite_run,setup,0.05,58.04
before,9,test_individual_plans_triggered_once_and_only_once_in_composite_run,tests/unit_tests/experiment_plans/test_flyscan_xray_centre_plan.py::TestFlyscanXrayCentrePlan::test_individual_plans_triggered_once_and_only_once_in_composite_run,call,0.05,58.04
before,9,test_when_gridscan_finished_then_smargon_stub_offsets_are_set,tests/unit_tests/experiment_plans/test_panda_flyscan_xray_centre_plan.py::TestFlyscanXrayCentrePlan::test_when_gridscan_finished_then_smargon_stub_offsets_are_set,setup,0.05,58.04
before,9,test_given_setting_stub_offsets_disabled_then_stub_offsets_not_set,tests/unit_tests/experiment_plans/test_panda_flyscan_xray_centre_plan.py::TestFlyscanXrayCentrePlan::test_given_setting_stub_offsets_disabled_then_stub_offsets_not_set,setup,0.05,58.04
before,9,test_when_gridscan_finished_then_smargon_stub_offsets_are_set,tests/unit_tests/experiment_plans/test_flyscan_xray_centre_plan.py::TestFlyscanXrayCentrePlan::test_when_gridscan_finished_then_smargon_stub_offsets_are_set,call,0.05,58.04
before,9,test_ispyb_starts_on_opening_and_zocalo_on_main_so_ispyb_triggered_before_zocalo,tests/unit_tests/external_interaction/callbacks/test_rotation_callbacks.py::test_ispyb_starts_on_opening_and_zocalo_on_main_so_ispyb_triggered_before_zocalo,call,0.05,58.04
before,9,test_when_gridscan_fails_ispyb_comment_appended_to,tests/unit_tests/experiment_plans/test_flyscan_xray_centre_plan.py::TestFlyscanXrayCentrePlan::test_when_gridscan_fails_ispyb_comment_appended_to,setup,0.05,58.04
before,9,test_individual_plans_triggered_once_and_only_once_in_composite_run,tests/unit_tests/experiment_plans/test_flyscan_xray_centre_plan.py::TestFlyscanXrayCentrePlan::test_individual_plans_triggered_once_and_only_once_in_composite_run,setup,0.05,58.04
before,9,test_when_grid_scan_ran_then_eiger_disarmed_before_zocalo_end,tests/unit_tests/experiment_plans/test_flyscan_xray_centre_plan.py::TestFlyscanXrayCentrePlan::test_when_grid_scan_ran_then_eiger_disarmed_before_zocalo_end,setup,0.05,58.04
before,9,test_given_setting_stub_offsets_disabled_then_stub_offsets_not_set,tests/unit_tests/experiment_plans/test_panda_flyscan_xray_centre_plan.py::TestFlyscanXrayCentrePlan::test_given_setting_stub_offsets_disabled_then_stub_offsets_not_set,call,0.05,58.04
before,9,test_given_setting_stub_offsets_disabled_then_stub_offsets_not_set,tests/unit_tests/experiment_plans/test_flyscan_xray_centre_plan.py::TestFlyscanXrayCentrePlan::test_given_setting_stub_offsets_disabled_then_stub_offsets_not_set,setup,0.05,58.04
before,9,test_when_gridscan_succeeds_ispyb_comment_appended_to,tests/unit_tests/experiment_plans/test_flyscan_xray_centre_plan.py::TestFlyscanXrayCentrePlan::test_when_gridscan_succeeds_ispyb_comment_appended_to,setup,0.05,58.04
before,9,test_when_gridscan_finished_then_smargon_stub_offsets_are_set,tests/unit_tests/experiment_plans/test_flyscan_xray_centre_plan.py::TestFlyscanXrayCentrePlan::test_when_gridscan_finished_then_smargon_stub_offsets_are_set,setup,0.05,58.04
before,9,test_GIVEN_no_results_from_zocalo_WHEN_communicator_wait_for_results_called_THEN_fallback_centre_used,tests/unit_tests/experiment_plans/test_flyscan_xray_centre_plan.py::TestFlyscanXrayCentrePlan::test_GIVEN_no_results_from_zocalo_WHEN_communicator_wait_for_results_called_THEN_fallback_centre_used,setup,0.05,58.04
before,9,test_results_adjusted_and_passed_to_move_xyz,tests/unit_tests/experiment_plans/test_flyscan_xray_centre_plan.py::TestFlyscanXrayCentrePlan::test_results_adjusted_and_passed_to_move_xyz,setup,0.05,58.04
before,9,test_read_hardware_for_ispyb_updates_from_ophyd_devices,tests/unit_tests/experiment_plans/test_panda_flyscan_xray_centre_plan.py::TestFlyscanXrayCentrePlan::test_read_hardware_for_ispyb_updates_from_ophyd_devices,setup,0.05,58.04
before,9,test_ispyb_specifies_experiment_type_if_supplied,tests/unit_tests/external_interaction/callbacks/test_rotation_callbacks.py::test_ispyb_specifies_experiment_type_if_supplied,call,0.05,58.04
before,9,test_results_passed_to_move_motors,tests/unit_tests/experiment_plans/test_panda_flyscan_xray_centre_plan.py::TestFlyscanXrayCentrePlan::test_results_passed_to_move_motors,setup,0.05,58.04
before,9,test_fgs_arms_eiger_without_grid_detect,tests/unit_tests/experiment_plans/test_panda_flyscan_xray_centre_plan.py::TestFlyscanXrayCentrePlan::test_fgs_arms_eiger_without_grid_detect,setup,0.05,58.04
before,9,test_if_smargon_speed_over_limit_then_log_error,tests/unit_tests/experiment_plans/test_panda_flyscan_xray_centre_plan.py::test_if_smargon_speed_over_limit_then_log_error,setup,0.05,58.04
before,9,test_when_grid_scan_fails_then_detector_disarmed_and_correct_exception_returned,tests/unit_tests/experiment_plans/test_panda_flyscan_xray_centre_plan.py::TestFlyscanXrayCentrePlan::test_when_grid_scan_fails_then_detector_disarmed_and_correct_exception_returned,setup,0.05,58.04
before,9,test_given_gridscan_fails_to_centre_then_stub_offsets_not_set,tests/unit_tests/experiment_plans/test_flyscan_xray_centre_plan.py::TestFlyscanXrayCentrePlan::test_given_gridscan_fails_to_centre_then_stub_offsets_not_set,setup,0.05,58.04
before,9,test_when_run_gridscan_called_ispyb_deposition_made_and_records_errors,tests/unit_tests/experiment_plans/test_flyscan_xray_centre_plan.py::TestFlyscanXrayCentrePlan::test_when_run_gridscan_called_ispyb_deposition_made_and_records_errors,setup,0.05,58.04
before,9,test_given_gridscan_fails_to_centre_then_stub_offsets_not_set,tests/unit_tests/experiment_plans/test_panda_flyscan_xray_centre_plan.py::TestFlyscanXrayCentrePlan::test_given_gridscan_fails_to_centre_then_stub_offsets_not_set,setup,0.05,58.04
before,9,test_rotation_scan,tests/unit_tests/experiment_plans/test_rotation_scan_plan.py::test_rotation_scan,setup,0.05,58.04
before,9,test_read_hardware_for_ispyb_updates_from_ophyd_devices,tests/unit_tests/experiment_plans/test_flyscan_xray_centre_plan.py::TestFlyscanXrayCentrePlan::test_read_hardware_for_ispyb_updates_from_ophyd_devices,setup,0.04,58.04
before,9,test_given_setting_stub_offsets_disabled_then_stub_offsets_not_set,tests/unit_tests/experiment_plans/test_flyscan_xray_centre_plan.py::TestFlyscanXrayCentrePlan::test_given_setting_stub_offsets_disabled_then_stub_offsets_not_set,call,0.04,58.04
before,9,test_when_grid_scan_fails_then_detector_disarmed_and_correct_exception_returned,tests/unit_tests/experiment_plans/test_flyscan_xray_centre_plan.py::TestFlyscanXrayCentrePlan::test_when_grid_scan_fails_then_detector_disarmed_and_correct_exception_returned,setup,0.04,58.04
before,9,test_results_passed_to_move_motors,tests/unit_tests/experiment_plans/test_flyscan_xray_centre_plan.py::TestFlyscanXrayCentrePlan::test_results_passed_to_move_motors,setup,0.04,58.04
before,9,test_when_gridscan_fails_ispyb_comment_appended_to,tests/unit_tests/experiment_plans/test_panda_flyscan_xray_centre_plan.py::TestFlyscanXrayCentrePlan::test_when_gridscan_fails_ispyb_comment_appended_to,call,0.04,58.04
before,9,test_kickoff_and_complete_gridscan_triggers_zocalo,tests/unit_tests/experiment_plans/test_flyscan_xray_centre_plan.py::test_kickoff_and_complete_gridscan_triggers_zocalo,setup,0.04,58.04
before,9,test_fgs_arms_eiger_without_grid_detect,tests/unit_tests/experiment_plans/test_flyscan_xray_centre_plan.py::TestFlyscanXrayCentrePlan::test_fgs_arms_eiger_without_grid_detect,setup,0.04,58.04
before,9,test_given_tip_at_zero_but_will_be_found_when_get_tip_into_view_then_smargon_moved_negative_and_tip_returned,tests/unit_tests/experiment_plans/test_pin_tip_centring.py::test_given_tip_at_zero_but_will_be_found_when_get_tip_into_view_then_smargon_moved_negative_and_tip_returned,call,0.04,58.04
before,9,test_nexus_handler_gets_documents_in_mock_plan,tests/unit_tests/external_interaction/callbacks/test_rotation_callbacks.py::test_nexus_handler_gets_documents_in_mock_plan,call,0.04,58.04
before,9,test_when_gridscan_fails_ispyb_comment_appended_to,tests/unit_tests/experiment_plans/test_flyscan_xray_centre_plan.py::TestFlyscanXrayCentrePlan::test_when_gridscan_fails_ispyb_comment_appended_to,call,0.04,58.04
before,9,test_nexus_handler_only_writes_once,tests/unit_tests/external_interaction/callbacks/test_rotation_callbacks.py::test_nexus_handler_only_writes_once,call,0.04,58.04
before,9,test_total_counts_calc_new_transmission_raises_warning_on_high_transmission,tests/unit_tests/experiment_plans/test_optimise_attenuation_plan.py::test_total_counts_calc_new_transmission_raises_warning_on_high_transmission,call,0.04,58.04
before,9,test_when_full_grid_scan_run_then_parameters_sent_to_fgs_as_expected,tests/unit_tests/experiment_plans/test_grid_detect_then_xray_centre_plan.py::test_when_full_grid_scan_run_then_parameters_sent_to_fgs_as_expected,setup,0.03,58.04
before,9,test_when_detected_grid_has_odd_y_steps_then_add_a_y_step_and_shift_grid[True],tests/unit_tests/experiment_plans/test_grid_detection_plan.py::test_when_detected_grid_has_odd_y_steps_then_add_a_y_step_and_shift_grid[True],call,0.03,58.04
before,9,test_given_xpbm_checks_pass_when_plan_run_with_decorator_then_run_as_expected,tests/unit_tests/device_setup_plans/test_xbpm_feedback.py::test_given_xpbm_checks_pass_when_plan_run_with_decorator_then_run_as_expected,call,0.03,58.04
before,9,test_when_detected_grid_has_odd_y_steps_then_add_a_y_step_and_shift_grid[False],tests/unit_tests/experiment_plans/test_grid_detection_plan.py::test_when_detected_grid_has_odd_y_steps_then_add_a_y_step_and_shift_grid[False],call,0.03,58.04
before,9,test_given_detector_bit_depth_changes_then_vds_datatype_as_expected[8-uint8],tests/unit_tests/external_interaction/test_write_rotation_nexus.py::test_given_detector_bit_depth_changes_then_vds_datatype_as_expected[8-uint8],teardown,0.03,58.04
before,9,test_given_smargon_disabled_when_plan_run_then_waits_on_smargon[14],tests/unit_tests/experiment_plans/test_wait_for_robot_load_then_centre.py::test_given_smargon_disabled_when_plan_run_then_waits_on_smargon[14],call,0.03,58.04
before,9,test_when_pin_centre_xray_centre_called_then_detector_positioned,tests/unit_tests/experiment_plans/test_pin_centre_then_xray_centre_plan.py::test_when_pin_centre_xray_centre_called_then_detector_positioned,setup,0.02,58.04
before,9,test_trigger_and_return_pin_tip_works_for_AD_pin_tip_detection,tests/unit_tests/experiment_plans/test_pin_tip_centring.py::test_trigger_and_return_pin_tip_works_for_AD_pin_tip_detection,call,0.02,58.04
before,9,test_total_counts_gets_within_target,tests/unit_tests/experiment_plans/test_optimise_attenuation_plan.py::test_total_counts_gets_within_target,call,0.02,58.04
before,9,test_detect_grid_and_do_gridscan,tests/unit_tests/experiment_plans/test_grid_detect_then_xray_centre_plan.py::test_detect_grid_and_do_gridscan,setup,0.02,58.04
before,9,test_when_grid_detection_plan_run_twice_then_values_do_not_persist_in_callback,tests/unit_tests/experiment_plans/test_grid_detection_plan.py::test_when_grid_detection_plan_run_twice_then_values_do_not_persist_in_callback,setup,0.02,58.04
before,9,test_when_detected_grid_has_odd_y_steps_then_add_a_y_step_and_shift_grid[True],tests/unit_tests/experiment_plans/test_grid_detection_plan.py::test_when_detected_grid_has_odd_y_steps_then_add_a_y_step_and_shift_grid[True],setup,0.02,58.04
before,9,test_zebra_arm_disarm,tests/unit_tests/device_setup_plans/test_zebra_setup.py::test_zebra_arm_disarm,call,0.02,58.04
before,9,test_grid_detection_plan_gives_warningerror_if_tip_not_found,tests/unit_tests/experiment_plans/test_grid_detection_plan.py::test_grid_detection_plan_gives_warningerror_if_tip_not_found,setup,0.02,58.04
before,9,test_optimisation_attenuation_plan_runs_correct_functions[total_counts],tests/unit_tests/experiment_plans/test_optimise_attenuation_plan.py::test_optimisation_attenuation_plan_runs_correct_functions[total_counts],call,0.02,58.04
before,9,test_when_grid_detection_plan_run_then_grid_detection_callback_gets_correct_values,tests/unit_tests/experiment_plans/test_grid_detection_plan.py::test_when_grid_detection_plan_run_then_grid_detection_callback_gets_correct_values,setup,0.02,58.04
before,9,test_when_detected_grid_has_odd_y_steps_then_add_a_y_step_and_shift_grid[False],tests/unit_tests/experiment_plans/test_grid_detection_plan.py::test_when_detected_grid_has_odd_y_steps_then_add_a_y_step_and_shift_grid[False],setup,0.02,58.04
before,9,test_grid_detection_plan_runs_and_triggers_snapshots,tests/unit_tests/experiment_plans/test_grid_detection_plan.py::test_grid_detection_plan_runs_and_triggers_snapshots,setup,0.02,58.04
before,9,test_given_when_grid_detect_then_upper_left_and_start_position_as_expected,tests/unit_tests/experiment_plans/test_grid_detection_plan.py::test_given_when_grid_detect_then_upper_left_and_start_position_as_expected,setup,0.02,58.04
before,9,test_set_energy,tests/unit_tests/experiment_plans/test_set_energy_plan.py::test_set_energy,setup,0.02,58.04
before,9,test_wait_for_robot_load_then_centre_doesnt_set_energy_if_not_specified,tests/unit_tests/experiment_plans/test_wait_for_robot_load_then_centre.py::test_wait_for_robot_load_then_centre_doesnt_set_energy_if_not_specified,setup,0.02,58.04
before,9,test_ispyb_deposition_comment_correct,tests/unit_tests/external_interaction/ispyb/test_gridscan_ispyb_store_2d.py::test_ispyb_deposition_comment_correct,setup,0.02,58.04
before,9,test_given_smargon_disabled_when_plan_run_then_waits_on_smargon[5],tests/unit_tests/experiment_plans/test_wait_for_robot_load_then_centre.py::test_given_smargon_disabled_when_plan_run_then_waits_on_smargon[5],call,0.02,58.04
before,9,test_when_plan_run_then_centring_plan_run_with_expected_parameters,tests/unit_tests/experiment_plans/test_wait_for_robot_load_then_centre.py::test_when_plan_run_then_centring_plan_run_with_expected_parameters,setup,0.02,58.04
before,9,test_optimisation_attenuation_plan_runs_correct_functions[deadtime],tests/unit_tests/experiment_plans/test_optimise_attenuation_plan.py::test_optimisation_attenuation_plan_runs_correct_functions[deadtime],call,0.02,58.04
before,9,test_when_plan_run_then_centring_plan_run_with_expected_parameters,tests/unit_tests/experiment_plans/test_wait_for_robot_load_then_centre.py::test_when_plan_run_then_centring_plan_run_with_expected_parameters,call,0.02,58.04
before,9,test_given_smargon_disabled_when_plan_run_then_waits_on_smargon[5],tests/unit_tests/experiment_plans/test_wait_for_robot_load_then_centre.py::test_given_smargon_disabled_when_plan_run_then_waits_on_smargon[5],setup,0.02,58.04
before,9,test_when_plan_run_with_requested_energy_specified_energy_change_executes,tests/unit_tests/experiment_plans/test_wait_for_robot_load_then_centre.py::test_when_plan_run_with_requested_energy_specified_energy_change_executes,setup,0.02,58.04
before,9,test_given_smargon_disabled_for_longer_than_timeout_when_plan_run_then_throws_exception,tests/unit_tests/experiment_plans/test_wait_for_robot_load_then_centre.py::test_given_smargon_disabled_for_longer_than_timeout_when_plan_run_then_throws_exception,setup,0.02,58.04
before,9,test_given_smargon_disabled_when_plan_run_then_waits_on_smargon[3],tests/unit_tests/experiment_plans/test_wait_for_robot_load_then_centre.py::test_given_smargon_disabled_when_plan_run_then_waits_on_smargon[3],setup,0.02,58.04
before,9,test_given_smargon_disabled_when_plan_run_then_waits_on_smargon[14],tests/unit_tests/experiment_plans/test_wait_for_robot_load_then_centre.py::test_given_smargon_disabled_when_plan_run_then_waits_on_smargon[14],setup,0.02,58.04
before,9,test_given_smargon_disabled_when_plan_run_then_waits_on_smargon[3],tests/unit_tests/experiment_plans/test_wait_for_robot_load_then_centre.py::test_given_smargon_disabled_when_plan_run_then_waits_on_smargon[3],call,0.02,58.04
before,9,test_values_for_move_so_that_beam_is_at_pixel[px_per_um6-beam_centre6--90-pixel_to_move_to6-expected_xyz6],tests/unit_tests/device_setup_plans/test_setup_oav.py::test_values_for_move_so_that_beam_is_at_pixel[px_per_um6-beam_centre6--90-pixel_to_move_to6-expected_xyz6],setup,0.02,58.04
before,9,test_when_plan_run_then_detector_arm_started_before_wait_on_robot_load,tests/unit_tests/experiment_plans/test_wait_for_robot_load_then_centre.py::test_when_plan_run_then_detector_arm_started_before_wait_on_robot_load,setup,0.02,58.04
before,9,test_values_for_move_so_that_beam_is_at_pixel[px_per_um5-beam_centre5-0-pixel_to_move_to5-expected_xyz5],tests/unit_tests/device_setup_plans/test_setup_oav.py::test_values_for_move_so_that_beam_is_at_pixel[px_per_um5-beam_centre5-0-pixel_to_move_to5-expected_xyz5],setup,0.02,58.04
before,9,test_values_for_move_so_that_beam_is_at_pixel[px_per_um3-beam_centre3-0-pixel_to_move_to3-expected_xyz3],tests/unit_tests/device_setup_plans/test_setup_oav.py::test_values_for_move_so_that_beam_is_at_pixel[px_per_um3-beam_centre3-0-pixel_to_move_to3-expected_xyz3],setup,0.02,58.04
before,9,test_values_for_move_so_that_beam_is_at_pixel[px_per_um1-beam_centre1--90-pixel_to_move_to1-expected_xyz1],tests/unit_tests/device_setup_plans/test_setup_oav.py::test_values_for_move_so_that_beam_is_at_pixel[px_per_um1-beam_centre1--90-pixel_to_move_to1-expected_xyz1],setup,0.02,58.04
before,9,test_when_plan_run_then_detector_arm_started_before_wait_on_robot_load,tests/unit_tests/experiment_plans/test_wait_for_robot_load_then_centre.py::test_when_plan_run_then_detector_arm_started_before_wait_on_robot_load,call,0.02,58.04
before,9,test_values_for_move_so_that_beam_is_at_pixel[px_per_um2-beam_centre2-90-pixel_to_move_to2-expected_xyz2],tests/unit_tests/device_setup_plans/test_setup_oav.py::test_values_for_move_so_that_beam_is_at_pixel[px_per_um2-beam_centre2-90-pixel_to_move_to2-expected_xyz2],setup,0.02,58.04
before,9,test_values_for_move_so_that_beam_is_at_pixel[px_per_um0-beam_centre0-0-pixel_to_move_to0-expected_xyz0],tests/unit_tests/device_setup_plans/test_setup_oav.py::test_values_for_move_so_that_beam_is_at_pixel[px_per_um0-beam_centre0-0-pixel_to_move_to0-expected_xyz0],setup,0.01,58.04
before,9,test_values_for_move_so_that_beam_is_at_pixel[px_per_um4-beam_centre4--90-pixel_to_move_to4-expected_xyz4],tests/unit_tests/device_setup_plans/test_setup_oav.py::test_values_for_move_so_that_beam_is_at_pixel[px_per_um4-beam_centre4--90-pixel_to_move_to4-expected_xyz4],setup,0.01,58.04
before,9,test_when_pin_tip_centre_plan_called_then_expected_plans_called,tests/unit_tests/experiment_plans/test_pin_tip_centring.py::test_when_pin_tip_centre_plan_called_then_expected_plans_called,call,0.01,58.04
before,9,test_pin_tip_starting_near_negative_edge_doesnt_exceed_limit,tests/unit_tests/experiment_plans/test_pin_tip_centring.py::test_pin_tip_starting_near_negative_edge_doesnt_exceed_limit,teardown,0.01,58.04
before,9,test_activates_on_metadata,tests/unit_tests/external_interaction/callbacks/test_plan_reactive_callback.py::test_activates_on_metadata,call,0.01,58.04
before,9,test_given_pin_tip_detect_using_ophyd_when_pin_tip_centre_plan_called_then_expected_plans_called,tests/unit_tests/experiment_plans/test_pin_tip_centring.py::test_given_pin_tip_detect_using_ophyd_when_pin_tip_centre_plan_called_then_expected_plans_called,call,0.01,58.04
before,9,test_doesnt_activate_on_wrong_metadata,tests/unit_tests/external_interaction/callbacks/test_plan_reactive_callback.py::test_doesnt_activate_on_wrong_metadata,call,0.01,58.04
before,9,test_given_started_when_stopped_and_started_again_then_runs,tests/unit_tests/hyperion/test_main_system.py::test_given_started_when_stopped_and_started_again_then_runs,call,0.01,58.04
before,9,test_adjust_dcm_pitch_roll_vfm_from_lut,tests/unit_tests/device_setup_plans/test_dcm_pitch_roll_mirror_adjuster.py::test_adjust_dcm_pitch_roll_vfm_from_lut,setup,0.01,58.04
before,9,test_deadtime_optimisation_calculates_deadtime_correctly,tests/unit_tests/experiment_plans/test_optimise_attenuation_plan.py::test_deadtime_optimisation_calculates_deadtime_correctly,call,0.01,58.04
before,9,test_zebra_set_up_for_gridscan,tests/unit_tests/device_setup_plans/test_zebra_setup.py::test_zebra_set_up_for_gridscan,call,0.01,58.04
before,9,test_values_for_move_so_that_beam_is_at_pixel[px_per_um5-beam_centre5-0-pixel_to_move_to5-expected_xyz5],tests/unit_tests/device_setup_plans/test_setup_oav.py::test_values_for_move_so_that_beam_is_at_pixel[px_per_um5-beam_centre5-0-pixel_to_move_to5-expected_xyz5],call,0.01,58.04
before,9,test_pin_tip_starting_near_negative_edge_doesnt_exceed_limit,tests/unit_tests/experiment_plans/test_pin_tip_centring.py::test_pin_tip_starting_near_negative_edge_doesnt_exceed_limit,setup,0.01,58.04
before,9,test_values_for_move_so_that_beam_is_at_pixel[px_per_um2-beam_centre2-90-pixel_to_move_to2-expected_xyz2],tests/unit_tests/device_setup_plans/test_setup_oav.py::test_values_for_move_so_that_beam_is_at_pixel[px_per_um2-beam_centre2-90-pixel_to_move_to2-expected_xyz2],call,0.01,58.04
before,9,test_deactivates_after_closing,tests/unit_tests/external_interaction/callbacks/test_plan_reactive_callback.py::test_deactivates_after_closing,call,0.01,58.04
before,9,test_values_for_move_so_that_beam_is_at_pixel[px_per_um1-beam_centre1--90-pixel_to_move_to1-expected_xyz1],tests/unit_tests/device_setup_plans/test_setup_oav.py::test_values_for_move_so_that_beam_is_at_pixel[px_per_um1-beam_centre1--90-pixel_to_move_to1-expected_xyz1],call,0.01,58.04
before,9,test_values_for_move_so_that_beam_is_at_pixel[px_per_um4-beam_centre4--90-pixel_to_move_to4-expected_xyz4],tests/unit_tests/device_setup_plans/test_setup_oav.py::test_values_for_move_so_that_beam_is_at_pixel[px_per_um4-beam_centre4--90-pixel_to_move_to4-expected_xyz4],call,0.01,58.04
before,9,test_given_no_tip_found_but_will_be_found_when_get_tip_into_view_then_smargon_moved_positive_and_tip_returned,tests/unit_tests/experiment_plans/test_pin_tip_centring.py::test_given_no_tip_found_but_will_be_found_when_get_tip_into_view_then_smargon_moved_positive_and_tip_returned,setup,0.01,58.04
before,9,test_given_tip_at_zero_but_will_be_found_when_get_tip_into_view_then_smargon_moved_negative_and_tip_returned,tests/unit_tests/experiment_plans/test_pin_tip_centring.py::test_given_tip_at_zero_but_will_be_found_when_get_tip_into_view_then_smargon_moved_negative_and_tip_returned,setup,0.01,58.04
before,9,test_given_no_tip_found_ever_when_get_tip_into_view_then_smargon_moved_positive_and_exception_thrown,tests/unit_tests/experiment_plans/test_pin_tip_centring.py::test_given_no_tip_found_ever_when_get_tip_into_view_then_smargon_moved_positive_and_exception_thrown,setup,0.01,58.04
before,9,test_values_for_move_so_that_beam_is_at_pixel[px_per_um6-beam_centre6--90-pixel_to_move_to6-expected_xyz6],tests/unit_tests/device_setup_plans/test_setup_oav.py::test_values_for_move_so_that_beam_is_at_pixel[px_per_um6-beam_centre6--90-pixel_to_move_to6-expected_xyz6],call,0.01,58.04
before,9,test_pin_tip_starting_near_positive_edge_doesnt_exceed_limit,tests/unit_tests/experiment_plans/test_pin_tip_centring.py::test_pin_tip_starting_near_positive_edge_doesnt_exceed_limit,setup,0.01,58.04
before,9,test_when_set_up_oav_with_different_zoom_levels_then_flat_field_applied_correctly[1.0-proc],tests/unit_tests/device_setup_plans/test_setup_oav.py::test_when_set_up_oav_with_different_zoom_levels_then_flat_field_applied_correctly[1.0-proc],setup,0.01,58.04
before,9,test_subscribe_in_plan,tests/unit_tests/external_interaction/callbacks/xray_centre/test_xraycentre_callback_collection.py::test_subscribe_in_plan,call,0.01,58.04
before,9,test_given_the_pin_tip_is_already_in_view_when_get_tip_into_view_then_tip_returned_and_smargon_not_moved,tests/unit_tests/experiment_plans/test_pin_tip_centring.py::test_given_the_pin_tip_is_already_in_view_when_get_tip_into_view_then_tip_returned_and_smargon_not_moved,setup,0.01,58.04
before,9,test_execution_of_do_fgs_triggers_zocalo_calls,tests/unit_tests/external_interaction/callbacks/test_zocalo_handler.py::TestZocaloHandler::test_execution_of_do_fgs_triggers_zocalo_calls,call,0.01,58.04
before,9,test_rotation_scan_nexus_output_compared_to_existing_file,tests/unit_tests/external_interaction/test_write_rotation_nexus.py::test_rotation_scan_nexus_output_compared_to_existing_file,setup,0.01,58.04
before,9,test_arm_devices_runs_correct_functions,tests/unit_tests/experiment_plans/test_optimise_attenuation_plan.py::test_arm_devices_runs_correct_functions,call,0.01,58.04
before,9,test_when_set_up_oav_with_different_zoom_levels_then_flat_field_applied_correctly[7.0-CAM],tests/unit_tests/device_setup_plans/test_setup_oav.py::test_when_set_up_oav_with_different_zoom_levels_then_flat_field_applied_correctly[7.0-CAM],setup,0.01,58.04
before,9,test_given_pin_tip_detect_using_ophyd_when_pin_tip_centre_plan_called_then_expected_plans_called,tests/unit_tests/experiment_plans/test_pin_tip_centring.py::test_given_pin_tip_detect_using_ophyd_when_pin_tip_centre_plan_called_then_expected_plans_called,setup,0.01,58.04
before,9,test_setup_panda_performs_correct_plans,tests/unit_tests/device_setup_plans/test_setup_panda.py::test_setup_panda_performs_correct_plans,call,0.01,58.04
before,9,test_values_for_move_so_that_beam_is_at_pixel[px_per_um0-beam_centre0-0-pixel_to_move_to0-expected_xyz0],tests/unit_tests/device_setup_plans/test_setup_oav.py::test_values_for_move_so_that_beam_is_at_pixel[px_per_um0-beam_centre0-0-pixel_to_move_to0-expected_xyz0],call,0.01,58.04
before,9,test_when_pin_tip_centre_plan_called_then_expected_plans_called,tests/unit_tests/experiment_plans/test_pin_tip_centring.py::test_when_pin_tip_centre_plan_called_then_expected_plans_called,setup,0.01,58.04
before,9,test_store_rotation_scan_uses_supplied_dcgid[13],tests/unit_tests/external_interaction/ispyb/test_rotation_ispyb_store.py::test_store_rotation_scan_uses_supplied_dcgid[13],call,0.01,58.04
before,9,test_adjust_mirror_stripe[6.999-Bare-140-15],tests/unit_tests/device_setup_plans/test_dcm_pitch_roll_mirror_adjuster.py::test_adjust_mirror_stripe[6.999-Bare-140-15],setup,0.01,58.04
before,9,test_given_tip_found_when_wait_for_tip_to_be_found_called_then_tip_immediately_returned,tests/unit_tests/device_setup_plans/test_setup_oav.py::test_given_tip_found_when_wait_for_tip_to_be_found_called_then_tip_immediately_returned,call,0.01,58.04
before,9,test_values_for_move_so_that_beam_is_at_pixel[px_per_um3-beam_centre3-0-pixel_to_move_to3-expected_xyz3],tests/unit_tests/device_setup_plans/test_setup_oav.py::test_values_for_move_so_that_beam_is_at_pixel[px_per_um3-beam_centre3-0-pixel_to_move_to3-expected_xyz3],call,0.01,58.04
before,9,test_sending_start_twice_fails,tests/unit_tests/hyperion/test_main_system.py::test_sending_start_twice_fails,call,0.01,58.04
before,9,test_store_rotation_scan_uses_supplied_dcgid[45],tests/unit_tests/external_interaction/ispyb/test_rotation_ispyb_store.py::test_store_rotation_scan_uses_supplied_dcgid[45],call,0.01,58.04
before,9,test_given_moving_out_of_range_when_move_with_warn_called_then_warning_exception,tests/unit_tests/experiment_plans/test_pin_tip_centring.py::test_given_moving_out_of_range_when_move_with_warn_called_then_warning_exception,setup,0.01,58.04
before,9,test_given_detector_bit_depth_changes_then_vds_datatype_as_expected[16-uint16],tests/unit_tests/external_interaction/test_write_rotation_nexus.py::test_given_detector_bit_depth_changes_then_vds_datatype_as_expected[16-uint16],setup,0.01,58.04
before,9,test_messages_are_tagged_with_run_uid,tests/unit_tests/hyperion/test_log/test_log.py::test_messages_are_tagged_with_run_uid,setup,0.01,58.04
before,9,test_tidy_up_plans_disable_panda_and_zebra,tests/unit_tests/experiment_plans/test_panda_flyscan_xray_centre_plan.py::test_tidy_up_plans_disable_panda_and_zebra,call,0.01,58.04
before,9,test_given_detector_bit_depth_changes_then_vds_datatype_as_expected[100-uint16],tests/unit_tests/external_interaction/test_write_rotation_nexus.py::test_given_detector_bit_depth_changes_then_vds_datatype_as_expected[100-uint16],setup,0.01,58.04
before,9,test_given_detector_bit_depth_changes_then_vds_datatype_as_expected[8-uint8],tests/unit_tests/external_interaction/test_write_rotation_nexus.py::test_given_detector_bit_depth_changes_then_vds_datatype_as_expected[8-uint8],setup,0.01,58.04
before,9,test_store_rotation_scan_uses_supplied_dcgid[61],tests/unit_tests/external_interaction/ispyb/test_rotation_ispyb_store.py::test_store_rotation_scan_uses_supplied_dcgid[61],call,0.01,58.04
before,9,test_when_pin_centre_xray_centre_called_then_plan_runs_correctly,tests/unit_tests/experiment_plans/test_pin_centre_then_xray_centre_plan.py::test_when_pin_centre_xray_centre_called_then_plan_runs_correctly,call,0.01,58.04
before,9,test_given_detector_bit_depth_changes_then_vds_datatype_as_expected[32-uint32],tests/unit_tests/external_interaction/test_write_rotation_nexus.py::test_given_detector_bit_depth_changes_then_vds_datatype_as_expected[32-uint32],setup,0.01,58.04
before,9,test_store_rotation_scan_uses_supplied_dcgid[25],tests/unit_tests/external_interaction/ispyb/test_rotation_ispyb_store.py::test_store_rotation_scan_uses_supplied_dcgid[25],call,0.01,58.04
before,9,test_no_waiting_if_decay_mode,tests/unit_tests/device_setup_plans/test_topup_plan.py::test_no_waiting_if_decay_mode,call,0.01,58.04
before,9,test_apply_and_wait_for_voltages_to_settle_happy_path,tests/unit_tests/device_setup_plans/test_dcm_pitch_roll_mirror_adjuster.py::test_apply_and_wait_for_voltages_to_settle_happy_path,setup,0.01,58.04
before,9,test_store_rotation_scan_uses_supplied_dcgid[88],tests/unit_tests/external_interaction/ispyb/test_rotation_ispyb_store.py::test_store_rotation_scan_uses_supplied_dcgid[88],call,0.01,58.04
before,9,test_zebra_cleanup,tests/unit_tests/device_setup_plans/test_zebra_setup.py::test_zebra_cleanup,call,0.01,58.04
before,9,test_adjust_dcm_pitch_roll_vfm_from_lut,tests/unit_tests/device_setup_plans/test_dcm_pitch_roll_mirror_adjuster.py::test_adjust_dcm_pitch_roll_vfm_from_lut,call,0.01,58.04
before,9,test_given_the_pin_tip_is_already_in_view_when_get_tip_into_view_then_tip_returned_and_smargon_not_moved,tests/unit_tests/experiment_plans/test_pin_tip_centring.py::test_given_the_pin_tip_is_already_in_view_when_get_tip_into_view_then_tip_returned_and_smargon_not_moved,call,0.01,58.04
before,9,test_adjust_mirror_stripe[7.001-Rhodium-124--46],tests/unit_tests/device_setup_plans/test_dcm_pitch_roll_mirror_adjuster.py::test_adjust_mirror_stripe[7.001-Rhodium-124--46],setup,0.01,58.04
before,9,test_begin_deposition,tests/unit_tests/external_interaction/ispyb/test_rotation_ispyb_store.py::test_begin_deposition,setup,0.01,58.04
before,9,test_store_3d_grid_scan,tests/unit_tests/external_interaction/ispyb/test_gridscan_ispyb_store_3d.py::test_store_3d_grid_scan,setup,0.01,58.04
before,9,test_GIVEN_scan_already_valid_THEN_wait_for_GRIDSCAN_returns_immediately,tests/unit_tests/experiment_plans/test_flyscan_xray_centre_plan.py::TestFlyscanXrayCentrePlan::test_GIVEN_scan_already_valid_THEN_wait_for_GRIDSCAN_returns_immediately,call,0.01,58.04
before,9,test_trigger_and_return_pin_tip_works_for_ophyd_pin_tip_detection,tests/unit_tests/experiment_plans/test_pin_tip_centring.py::test_trigger_and_return_pin_tip_works_for_ophyd_pin_tip_detection,call,0.01,58.04
before,9,test_ispyb_deposition_comment_for_3D_correct,tests/unit_tests/external_interaction/ispyb/test_gridscan_ispyb_store_3d.py::test_ispyb_deposition_comment_for_3D_correct,setup,0.01,58.04
before,9,test_getting_status_return_idle,tests/unit_tests/hyperion/test_main_system.py::test_getting_status_return_idle,call,0.01,58.04
before,9,test_given_started_when_stopped_then_success_and_idle_status,tests/unit_tests/hyperion/test_main_system.py::test_given_started_when_stopped_then_success_and_idle_status,call,0.01,58.04
before,9,test_begin_deposition_with_alternate_experiment_type,tests/unit_tests/external_interaction/ispyb/test_rotation_ispyb_store.py::test_begin_deposition_with_alternate_experiment_type,setup,0.01,58.04
before,9,test_wait_for_topup_complete,tests/unit_tests/device_setup_plans/test_topup_plan.py::test_wait_for_topup_complete,call,0.01,58.04
before,9,test_no_waiting_when_mode_does_not_allow_gating,tests/unit_tests/device_setup_plans/test_topup_plan.py::test_no_waiting_when_mode_does_not_allow_gating,call,0.01,58.04
before,9,test_apply_and_wait_for_voltages_to_settle_timeout,tests/unit_tests/device_setup_plans/test_dcm_pitch_roll_mirror_adjuster.py::test_apply_and_wait_for_voltages_to_settle_timeout,setup,0.01,58.04
before,9,test_end_deposition_happy_path,tests/unit_tests/external_interaction/ispyb/test_gridscan_ispyb_store_2d.py::test_end_deposition_happy_path,setup,0.01,58.04
before,9,test_end_deposition_happy_path,tests/unit_tests/external_interaction/ispyb/test_rotation_ispyb_store.py::test_end_deposition_happy_path,setup,0.01,58.04
before,9,test_begin_deposition,tests/unit_tests/external_interaction/ispyb/test_gridscan_ispyb_store_3d.py::test_begin_deposition,setup,0.01,58.04
before,9,test_activity_gated_event,tests/unit_tests/external_interaction/callbacks/rotation/test_ispyb_callback.py::test_activity_gated_event,setup,0.01,58.04
before,9,test_when_topup_before_end_of_collection_wait,tests/unit_tests/device_setup_plans/test_topup_plan.py::test_when_topup_before_end_of_collection_wait,call,0.01,58.04
before,9,test_update_deposition,tests/unit_tests/external_interaction/ispyb/test_rotation_ispyb_store.py::test_update_deposition,setup,0.01,58.04
before,9,test_no_exception_during_run_results_in_good_run_status,tests/unit_tests/external_interaction/ispyb/test_gridscan_ispyb_store_2d.py::test_no_exception_during_run_results_in_good_run_status,setup,0.01,58.04
before,9,test_activity_gated_start,tests/unit_tests/external_interaction/callbacks/rotation/test_ispyb_callback.py::test_activity_gated_start,setup,0.01,58.04
before,9,test_GIVEN_scan_already_valid_THEN_wait_for_GRIDSCAN_returns_immediately,tests/unit_tests/experiment_plans/test_panda_flyscan_xray_centre_plan.py::TestFlyscanXrayCentrePlan::test_GIVEN_scan_already_valid_THEN_wait_for_GRIDSCAN_returns_immediately,call,0.01,58.04
before,9,test_activity_gated_event,tests/unit_tests/external_interaction/callbacks/rotation/test_ispyb_callback.py::test_activity_gated_event,call,0.01,58.04
before,9,test_begin_deposition_with_group_id_doesnt_insert,tests/unit_tests/external_interaction/ispyb/test_rotation_ispyb_store.py::test_begin_deposition_with_group_id_doesnt_insert,setup,0.01,58.04
before,9,test_update_deposition_with_group_id_updates,tests/unit_tests/external_interaction/ispyb/test_rotation_ispyb_store.py::test_update_deposition_with_group_id_updates,setup,0.01,58.04
before,9,test_update_deposition,tests/unit_tests/external_interaction/ispyb/test_gridscan_ispyb_store_3d.py::test_update_deposition,setup,0.01,58.04
before,9,test_results_passed_to_move_motors,tests/unit_tests/experiment_plans/test_flyscan_xray_centre_plan.py::TestFlyscanXrayCentrePlan::test_results_passed_to_move_motors,call,0.01,58.04
before,9,test_end_deposition_happy_path,tests/unit_tests/external_interaction/ispyb/test_gridscan_ispyb_store_3d.py::test_end_deposition_happy_path,setup,0.01,58.04
before,9,test_store_rotation_scan_failures,tests/unit_tests/external_interaction/ispyb/test_rotation_ispyb_store.py::test_store_rotation_scan_failures,setup,0.01,58.04
before,9,test_given_ispyb_callback_finished_writing_to_ispyb_when_messages_logged_then_they_do_not_contain_dcgid,tests/unit_tests/external_interaction/callbacks/xray_centre/test_ispyb_handler.py::TestXrayCentreIspybHandler::test_given_ispyb_callback_finished_writing_to_ispyb_when_messages_logged_then_they_do_not_contain_dcgid,call,0.01,58.04
before,9,test_fail_result_run_results_in_bad_run_status,tests/unit_tests/external_interaction/ispyb/test_gridscan_ispyb_store_2d.py::test_fail_result_run_results_in_bad_run_status,setup,0.01,58.04
before,9,test_results_passed_to_move_motors,tests/unit_tests/experiment_plans/test_panda_flyscan_xray_centre_plan.py::TestFlyscanXrayCentrePlan::test_results_passed_to_move_motors,call,0.01,58.04
before,9,test_given_ispyb_callback_started_writing_to_ispyb_when_messages_logged_then_they_contain_dcgid,tests/unit_tests/external_interaction/callbacks/xray_centre/test_ispyb_handler.py::TestXrayCentreIspybHandler::test_given_ispyb_callback_started_writing_to_ispyb_when_messages_logged_then_they_contain_dcgid,call,0.01,58.04
before,9,test_activity_gated_stop,tests/unit_tests/external_interaction/callbacks/rotation/test_ispyb_callback.py::test_activity_gated_stop,setup,0.01,58.04
before,9,test_param_keys,tests/unit_tests/external_interaction/ispyb/test_gridscan_ispyb_store_2d.py::test_param_keys,setup,0.01,58.04
before,9,test_update_deposition,tests/unit_tests/external_interaction/ispyb/test_gridscan_ispyb_store_2d.py::test_update_deposition,setup,0.01,58.04
before,9,test_begin_deposition,tests/unit_tests/external_interaction/ispyb/test_gridscan_ispyb_store_2d.py::test_begin_deposition,setup,0.01,58.04
before,9,test_start_gives_success,tests/unit_tests/hyperion/test_main_system.py::test_start_gives_success,call,0.01,58.04
before,9,test_getting_status_after_start_sent_returns_busy,tests/unit_tests/hyperion/test_main_system.py::test_getting_status_after_start_sent_returns_busy,call,0.01,58.04
before,9,test_given_detector_move_fails_then_eiger_disarmed_and_correct_exception_returned,tests/unit_tests/device_setup_plans/test_utils.py::test_given_detector_move_fails_then_eiger_disarmed_and_correct_exception_returned,setup,0.01,58.04
before,9,test_given_started_when_stopped_and_started_again_then_runs,tests/unit_tests/hyperion/test_main_system.py::test_given_started_when_stopped_and_started_again_then_runs,setup,0.01,58.04
before,9,test_param_fields_match_components_they_should_use,tests/unit_tests/parameters/test_internal_parameters.py::test_param_fields_match_components_they_should_use,setup,0.01,58.04
before,9,test_fgs_failing_results_in_bad_run_status_in_ispyb,tests/unit_tests/external_interaction/callbacks/xray_centre/test_ispyb_handler.py::TestXrayCentreIspybHandler::test_fgs_failing_results_in_bad_run_status_in_ispyb,call,0.01,58.04
before,9,test_activity_gated_stop,tests/unit_tests/external_interaction/callbacks/rotation/test_ispyb_callback.py::test_activity_gated_stop,call,0.01,58.04
before,9,test_internal_params_eq,tests/unit_tests/parameters/test_internal_parameters.py::test_internal_params_eq,call,0.01,58.04
before,9,test_when_plan_run_with_requested_energy_specified_energy_change_executes,tests/unit_tests/experiment_plans/test_wait_for_robot_load_then_centre.py::test_when_plan_run_with_requested_energy_specified_energy_change_executes,call,0.01,58.04
before,9,test_activity_gated_start_2d,tests/unit_tests/external_interaction/callbacks/xray_centre/test_ispyb_callback.py::test_activity_gated_start_2d,call,0.01,58.04
before,9,test_writers_do_create_one_file_each_on_start_doc_for_run_gridscan,tests/unit_tests/external_interaction/callbacks/xray_centre/test_nexus_handler.py::test_writers_do_create_one_file_each_on_start_doc_for_run_gridscan,call,0.01,58.04
before,9,test_ispyb_handler_stores_sampleid_for_full_collection_not_screening[201-True],tests/unit_tests/external_interaction/callbacks/test_rotation_callbacks.py::test_ispyb_handler_stores_sampleid_for_full_collection_not_screening[201-True],call,0.01,58.04
before,9,test_start_with_json_file_gives_success,tests/unit_tests/hyperion/test_main_system.py::test_start_with_json_file_gives_success,call,0.01,58.04
before,9,test_activity_gated_start,tests/unit_tests/external_interaction/callbacks/rotation/test_ispyb_callback.py::test_activity_gated_start,call,0.01,58.04
before,9,test_given_shutter_open_fails_then_eiger_disarmed_and_correct_exception_returned,tests/unit_tests/device_setup_plans/test_utils.py::test_given_shutter_open_fails_then_eiger_disarmed_and_correct_exception_returned,setup,0.01,58.04
before,9,test_start_gives_success,tests/unit_tests/hyperion/test_main_system.py::test_start_gives_success,setup,0.01,58.04
before,9,test_disarm_panda_disables_correct_blocks,tests/unit_tests/device_setup_plans/test_setup_panda.py::test_disarm_panda_disables_correct_blocks,call,0.01,58.04
before,9,test_messages_are_tagged_with_run_uid,tests/unit_tests/hyperion/test_log/test_log.py::test_messages_are_tagged_with_run_uid,call,0.01,58.04
before,9,test_nexus_handler_gets_documents_in_mock_plan,tests/unit_tests/external_interaction/callbacks/test_rotation_callbacks.py::test_nexus_handler_gets_documents_in_mock_plan,setup,0.01,58.04
before,9,test_plan_with_no_params_fails,tests/unit_tests/hyperion/test_main_system.py::test_plan_with_no_params_fails,setup,0.01,58.04
before,9,test_set_energy,tests/unit_tests/experiment_plans/test_set_energy_plan.py::test_set_energy,call,0.01,58.04
before,9,test_getting_status_return_idle,tests/unit_tests/hyperion/test_main_system.py::test_getting_status_return_idle,setup,0.01,58.04
before,9,test_wait_for_robot_load_then_centre_doesnt_set_energy_if_not_specified,tests/unit_tests/experiment_plans/test_wait_for_robot_load_then_centre.py::test_wait_for_robot_load_then_centre_doesnt_set_energy_if_not_specified,call,0.01,58.04
before,9,test_activity_gated_start_3d,tests/unit_tests/external_interaction/callbacks/xray_centre/test_ispyb_callback.py::test_activity_gated_start_3d,call,0.01,58.04
before,9,test_given_fgs_plan_finished_when_zocalo_results_event_then_expected_comment_deposited,tests/unit_tests/external_interaction/callbacks/xray_centre/test_ispyb_handler.py::TestXrayCentreIspybHandler::test_given_fgs_plan_finished_when_zocalo_results_event_then_expected_comment_deposited,call,0.01,58.04
before,9,test_main_function,tests/unit_tests/external_interaction/callbacks/test_external_callbacks.py::test_main_function,call,0.01,58.04
before,9,test_fgs_raising_no_exception_results_in_good_run_status_in_ispyb,tests/unit_tests/external_interaction/callbacks/xray_centre/test_ispyb_handler.py::TestXrayCentreIspybHandler::test_fgs_raising_no_exception_results_in_good_run_status_in_ispyb,call,0.01,58.04
before,9,test_given_plan_raises_when_exception_raised_then_eiger_disarmed_and_correct_exception_returned,tests/unit_tests/device_setup_plans/test_utils.py::test_given_plan_raises_when_exception_raised_then_eiger_disarmed_and_correct_exception_returned,setup,0.01,58.04
before,9,test_start_with_json_file_gives_success,tests/unit_tests/hyperion/test_main_system.py::test_start_with_json_file_gives_success,setup,0.01,58.04
before,9,test_log_on_invalid_json_params,tests/unit_tests/hyperion/test_main_system.py::test_log_on_invalid_json_params,setup,0.01,58.04
before,9,test_nexus_file_validity_for_zocalo_with_two_linked_datasets[1044],tests/unit_tests/external_interaction/nexus/test_write_nexus.py::test_nexus_file_validity_for_zocalo_with_two_linked_datasets[1044],setup,0.01,58.04
before,9,test_putting_bad_plan_fails,tests/unit_tests/hyperion/test_main_system.py::test_putting_bad_plan_fails,setup,0.01,58.04
before,9,test_ispyb_handler_stores_sampleid_for_full_collection_not_screening[123-False1],tests/unit_tests/external_interaction/callbacks/test_rotation_callbacks.py::test_ispyb_handler_stores_sampleid_for_full_collection_not_screening[123-False1],call,0.01,58.04
before,9,test_writers_dont_create_on_init_but_do_on_ispyb_event,tests/unit_tests/external_interaction/callbacks/xray_centre/test_nexus_handler.py::test_writers_dont_create_on_init_but_do_on_ispyb_event,call,0.01,58.04
before,9,test_given_started_when_stopped_then_success_and_idle_status,tests/unit_tests/hyperion/test_main_system.py::test_given_started_when_stopped_then_success_and_idle_status,setup,0.01,58.04
before,9,test_end_deposition_happy_path,tests/unit_tests/external_interaction/ispyb/test_gridscan_ispyb_store_3d.py::test_end_deposition_happy_path,call,0.01,58.04
before,9,test_getting_status_after_start_sent_returns_busy,tests/unit_tests/hyperion/test_main_system.py::test_getting_status_after_start_sent_returns_busy,setup,0.01,58.04
before,9,test_ispyb_reuses_dcgid_on_same_sampleID[ispyb_ids0],tests/unit_tests/external_interaction/callbacks/test_rotation_callbacks.py::test_ispyb_reuses_dcgid_on_same_sampleID[ispyb_ids0],setup,0.01,58.04
before,9,test_when_started_n_returnstatus_interrupted_bc_RE_aborted_thn_error_reptd,tests/unit_tests/hyperion/test_main_system.py::test_when_started_n_returnstatus_interrupted_bc_RE_aborted_thn_error_reptd,setup,0.01,58.04
before,9,test_nexus_file_validity_for_zocalo_with_three_linked_datasets[1044],tests/unit_tests/external_interaction/nexus/test_write_nexus.py::test_nexus_file_validity_for_zocalo_with_three_linked_datasets[1044],setup,0.01,58.04
before,10,test_given_no_tip_found_ever_when_get_tip_into_view_then_smargon_moved_positive_and_exception_thrown,tests/unit_tests/experiment_plans/test_pin_tip_centring.py::test_given_no_tip_found_ever_when_get_tip_into_view_then_smargon_moved_positive_and_exception_thrown,call,2.4,47.98
before,10,test_when_grid_scan_fails_then_detector_disarmed_and_correct_exception_returned,tests/unit_tests/experiment_plans/test_flyscan_xray_centre_plan.py::TestFlyscanXrayCentrePlan::test_when_grid_scan_fails_then_detector_disarmed_and_correct_exception_returned,call,2.13,47.98
before,10,test_given_shutter_open_fails_then_eiger_disarmed_and_correct_exception_returned,tests/unit_tests/device_setup_plans/test_utils.py::test_given_shutter_open_fails_then_eiger_disarmed_and_correct_exception_returned,call,1.74,47.98
before,10,test_given_moving_out_of_range_when_move_with_warn_called_then_warning_exception,tests/unit_tests/experiment_plans/test_pin_tip_centring.py::test_given_moving_out_of_range_when_move_with_warn_called_then_warning_exception,call,1.22,47.98
before,10,test_given_detector_move_fails_then_eiger_disarmed_and_correct_exception_returned,tests/unit_tests/device_setup_plans/test_utils.py::test_given_detector_move_fails_then_eiger_disarmed_and_correct_exception_returned,call,1.12,47.98
before,10,test_when_grid_scan_fails_then_detector_disarmed_and_correct_exception_returned,tests/unit_tests/experiment_plans/test_panda_flyscan_xray_centre_plan.py::TestFlyscanXrayCentrePlan::test_when_grid_scan_fails_then_detector_disarmed_and_correct_exception_returned,call,1.11,47.98
before,10,test_given_plan_raises_when_exception_raised_then_eiger_disarmed_and_correct_exception_returned,tests/unit_tests/device_setup_plans/test_utils.py::test_given_plan_raises_when_exception_raised_then_eiger_disarmed_and_correct_exception_returned,call,1.08,47.98
before,10,test_given_gridscan_fails_to_centre_then_stub_offsets_not_set,tests/unit_tests/experiment_plans/test_flyscan_xray_centre_plan.py::TestFlyscanXrayCentrePlan::test_given_gridscan_fails_to_centre_then_stub_offsets_not_set,call,1.06,47.98
before,10,test_GIVEN_scan_not_valid_THEN_wait_for_GRIDSCAN_raises_and_sleeps_called,tests/unit_tests/experiment_plans/test_flyscan_xray_centre_plan.py::TestFlyscanXrayCentrePlan::test_GIVEN_scan_not_valid_THEN_wait_for_GRIDSCAN_raises_and_sleeps_called,call,0.98,47.98
before,10,test_zebra_set_up_for_rotation,tests/unit_tests/device_setup_plans/test_zebra_setup.py::test_zebra_set_up_for_rotation,call,0.96,47.98
before,10,test_when_all_tries_fail_then_bluesky_retry_throws_error,tests/unit_tests/device_setup_plans/test_zebra_setup.py::test_when_all_tries_fail_then_bluesky_retry_throws_error,call,0.93,47.98
before,10,test_apply_and_wait_for_voltages_to_settle_timeout,tests/unit_tests/device_setup_plans/test_dcm_pitch_roll_mirror_adjuster.py::test_apply_and_wait_for_voltages_to_settle_timeout,call,0.83,47.98
before,10,test_when_run_gridscan_called_ispyb_deposition_made_and_records_errors,tests/unit_tests/experiment_plans/test_flyscan_xray_centre_plan.py::TestFlyscanXrayCentrePlan::test_when_run_gridscan_called_ispyb_deposition_made_and_records_errors,call,0.75,47.98
before,10,test_given_detector_bit_depth_changes_then_vds_datatype_as_expected[32-uint32],tests/unit_tests/external_interaction/test_write_rotation_nexus.py::test_given_detector_bit_depth_changes_then_vds_datatype_as_expected[32-uint32],call,0.7,47.98
before,10,test_cleanup_happens,tests/unit_tests/experiment_plans/test_rotation_scan_plan.py::test_cleanup_happens,call,0.69,47.98
before,10,test_given_detector_bit_depth_changes_then_vds_datatype_as_expected[8-uint8],tests/unit_tests/external_interaction/test_write_rotation_nexus.py::test_given_detector_bit_depth_changes_then_vds_datatype_as_expected[8-uint8],call,0.68,47.98
before,10,test_rotation_scan_nexus_output_compared_to_existing_file,tests/unit_tests/external_interaction/test_write_rotation_nexus.py::test_rotation_scan_nexus_output_compared_to_existing_file,call,0.68,47.98
before,10,test_given_detector_bit_depth_changes_then_vds_datatype_as_expected[16-uint16],tests/unit_tests/external_interaction/test_write_rotation_nexus.py::test_given_detector_bit_depth_changes_then_vds_datatype_as_expected[16-uint16],call,0.67,47.98
before,10,test_given_detector_bit_depth_changes_then_vds_datatype_as_expected[100-uint16],tests/unit_tests/external_interaction/test_write_rotation_nexus.py::test_given_detector_bit_depth_changes_then_vds_datatype_as_expected[100-uint16],call,0.67,47.98
before,10,test_ispyb_reuses_dcgid_on_same_sampleID[ispyb_ids4],tests/unit_tests/external_interaction/callbacks/test_rotation_callbacks.py::test_ispyb_reuses_dcgid_on_same_sampleID[ispyb_ids4],call,0.67,47.98
before,10,test_when_context_created_then_contains_expected_number_of_plans,tests/unit_tests/hyperion/test_main_system.py::test_when_context_created_then_contains_expected_number_of_plans,call,0.66,47.98
before,10,test_given_no_tip_found_but_will_be_found_when_get_tip_into_view_then_smargon_moved_positive_and_tip_returned,tests/unit_tests/experiment_plans/test_pin_tip_centring.py::test_given_no_tip_found_but_will_be_found_when_get_tip_into_view_then_smargon_moved_positive_and_tip_returned,call,0.66,47.98
before,10,test_fgs_arms_eiger_without_grid_detect,tests/unit_tests/experiment_plans/test_flyscan_xray_centre_plan.py::TestFlyscanXrayCentrePlan::test_fgs_arms_eiger_without_grid_detect,setup,0.62,47.98
before,10,test_pin_tip_starting_near_negative_edge_doesnt_exceed_limit,tests/unit_tests/experiment_plans/test_pin_tip_centring.py::test_pin_tip_starting_near_negative_edge_doesnt_exceed_limit,call,0.61,47.98
before,10,test_pin_tip_starting_near_positive_edge_doesnt_exceed_limit,tests/unit_tests/experiment_plans/test_pin_tip_centring.py::test_pin_tip_starting_near_positive_edge_doesnt_exceed_limit,call,0.6,47.98
before,10,test_ispyb_reuses_dcgid_on_same_sampleID[ispyb_ids0],tests/unit_tests/external_interaction/callbacks/test_rotation_callbacks.py::test_ispyb_reuses_dcgid_on_same_sampleID[ispyb_ids0],call,0.6,47.98
before,10,test_when_grid_scan_ran_then_eiger_disarmed_before_zocalo_end,tests/unit_tests/experiment_plans/test_panda_flyscan_xray_centre_plan.py::TestFlyscanXrayCentrePlan::test_when_grid_scan_ran_then_eiger_disarmed_before_zocalo_end,setup,0.56,47.98
before,10,test_given_smargon_disabled_for_longer_than_timeout_when_plan_run_then_throws_exception,tests/unit_tests/experiment_plans/test_wait_for_robot_load_then_centre.py::test_given_smargon_disabled_for_longer_than_timeout_when_plan_run_then_throws_exception,call,0.54,47.98
before,10,test_GIVEN_scan_not_valid_THEN_wait_for_GRIDSCAN_raises_and_sleeps_called,tests/unit_tests/experiment_plans/test_panda_flyscan_xray_centre_plan.py::TestFlyscanXrayCentrePlan::test_GIVEN_scan_not_valid_THEN_wait_for_GRIDSCAN_raises_and_sleeps_called,call,0.5,47.98
before,10,test_apply_and_wait_for_voltages_to_settle_happy_path,tests/unit_tests/device_setup_plans/test_dcm_pitch_roll_mirror_adjuster.py::test_apply_and_wait_for_voltages_to_settle_happy_path,setup,0.46,47.98
before,10,test_when_grid_detection_plan_run_then_grid_detection_callback_gets_correct_values,tests/unit_tests/experiment_plans/test_grid_detection_plan.py::test_when_grid_detection_plan_run_then_grid_detection_callback_gets_correct_values,call,0.46,47.98
before,10,test_ispyb_reuses_dcgid_on_same_sampleID[ispyb_ids7],tests/unit_tests/external_interaction/callbacks/test_rotation_callbacks.py::test_ispyb_reuses_dcgid_on_same_sampleID[ispyb_ids7],call,0.44,47.98
before,10,test_ispyb_reuses_dcgid_on_same_sampleID[ispyb_ids3],tests/unit_tests/external_interaction/callbacks/test_rotation_callbacks.py::test_ispyb_reuses_dcgid_on_same_sampleID[ispyb_ids3],call,0.44,47.98
before,10,test_find_nonexistent_device_in_context_raises_error,tests/unit_tests/utils/test_context.py::test_find_nonexistent_device_in_context_raises_error,call,0.42,47.98
before,10,test_ispyb_reuses_dcgid_on_same_sampleID[ispyb_ids6],tests/unit_tests/external_interaction/callbacks/test_rotation_callbacks.py::test_ispyb_reuses_dcgid_on_same_sampleID[ispyb_ids6],call,0.41,47.98
before,10,test_ispyb_reuses_dcgid_on_same_sampleID[ispyb_ids5],tests/unit_tests/external_interaction/callbacks/test_rotation_callbacks.py::test_ispyb_reuses_dcgid_on_same_sampleID[ispyb_ids5],call,0.4,47.98
before,10,test_ispyb_reuses_dcgid_on_same_sampleID[ispyb_ids1],tests/unit_tests/external_interaction/callbacks/test_rotation_callbacks.py::test_ispyb_reuses_dcgid_on_same_sampleID[ispyb_ids1],call,0.4,47.98
before,10,test_ispyb_reuses_dcgid_on_same_sampleID[ispyb_ids2],tests/unit_tests/external_interaction/callbacks/test_rotation_callbacks.py::test_ispyb_reuses_dcgid_on_same_sampleID[ispyb_ids2],call,0.4,47.98
before,10,test_when_first_try_fails_then_bluesky_retry_tries_again,tests/unit_tests/device_setup_plans/test_zebra_setup.py::test_when_first_try_fails_then_bluesky_retry_tries_again,call,0.31,47.98
before,10,test_when_grid_scan_ran_then_eiger_disarmed_before_zocalo_end,tests/unit_tests/experiment_plans/test_flyscan_xray_centre_plan.py::TestFlyscanXrayCentrePlan::test_when_grid_scan_ran_then_eiger_disarmed_before_zocalo_end,call,0.3,47.98
before,10,test_total_count_calc_new_transmission_raises_error_on_low_ransmission,tests/unit_tests/experiment_plans/test_optimise_attenuation_plan.py::test_total_count_calc_new_transmission_raises_error_on_low_ransmission,call,0.28,47.98
before,10,test_given_when_grid_detect_then_upper_left_and_start_position_as_expected,tests/unit_tests/experiment_plans/test_grid_detection_plan.py::test_given_when_grid_detect_then_upper_left_and_start_position_as_expected,call,0.27,47.98
before,10,test_if_smargon_speed_over_limit_then_log_error,tests/unit_tests/experiment_plans/test_panda_flyscan_xray_centre_plan.py::test_if_smargon_speed_over_limit_then_log_error,call,0.27,47.98
before,10,test_total_count_exception_raised_after_max_cycles_reached,tests/unit_tests/experiment_plans/test_optimise_attenuation_plan.py::test_total_count_exception_raised_after_max_cycles_reached,call,0.27,47.98
before,10,test_when_started_n_returnstatus_interrupted_bc_RE_aborted_thn_error_reptd,tests/unit_tests/hyperion/test_main_system.py::test_when_started_n_returnstatus_interrupted_bc_RE_aborted_thn_error_reptd,call,0.25,47.98
before,10,test_given_xpbm_checks_pass_and_plan_fails_when_plan_run_with_decorator_then_cleaned_up,tests/unit_tests/device_setup_plans/test_xbpm_feedback.py::test_given_xpbm_checks_pass_and_plan_fails_when_plan_run_with_decorator_then_cleaned_up,call,0.25,47.98
before,10,test_zocalo_start_and_end_not_triggered_if_ispyb_ids_not_present,tests/unit_tests/external_interaction/callbacks/test_rotation_callbacks.py::test_zocalo_start_and_end_not_triggered_if_ispyb_ids_not_present,call,0.24,47.98
before,10,test_rotation_plan_smargon_doesnt_move_xyz_if_not_given_in_params,tests/unit_tests/experiment_plans/test_rotation_scan_plan.py::test_rotation_plan_smargon_doesnt_move_xyz_if_not_given_in_params,setup,0.23,47.98
before,10,test_adjust_mirror_stripe[7.001-Rhodium-124--46],tests/unit_tests/device_setup_plans/test_dcm_pitch_roll_mirror_adjuster.py::test_adjust_mirror_stripe[7.001-Rhodium-124--46],call,0.23,47.98
before,10,test_adjust_mirror_stripe[6.999-Bare-140-15],tests/unit_tests/device_setup_plans/test_dcm_pitch_roll_mirror_adjuster.py::test_adjust_mirror_stripe[6.999-Bare-140-15],call,0.23,47.98
before,10,test_apply_and_wait_for_voltages_to_settle_happy_path,tests/unit_tests/device_setup_plans/test_dcm_pitch_roll_mirror_adjuster.py::test_apply_and_wait_for_voltages_to_settle_happy_path,call,0.22,47.98
before,10,test_given_xbpm_checks_fail_when_plan_run_with_decorator_then_plan_not_run,tests/unit_tests/device_setup_plans/test_xbpm_feedback.py::test_given_xbpm_checks_fail_when_plan_run_with_decorator_then_plan_not_run,call,0.22,47.98
before,10,test_when_set_up_oav_with_different_zoom_levels_then_flat_field_applied_correctly[1.0-proc],tests/unit_tests/device_setup_plans/test_setup_oav.py::test_when_set_up_oav_with_different_zoom_levels_then_flat_field_applied_correctly[1.0-proc],call,0.22,47.98
before,10,test_when_grid_scan_ran_then_eiger_disarmed_before_zocalo_end,tests/unit_tests/experiment_plans/test_panda_flyscan_xray_centre_plan.py::TestFlyscanXrayCentrePlan::test_when_grid_scan_ran_then_eiger_disarmed_before_zocalo_end,call,0.21,47.98
before,10,test_given_no_tip_when_wait_for_tip_to_be_found_called_then_exception_thrown,tests/unit_tests/device_setup_plans/test_setup_oav.py::test_given_no_tip_when_wait_for_tip_to_be_found_called_then_exception_thrown,call,0.21,47.98
before,10,test_GIVEN_no_results_from_zocalo_WHEN_communicator_wait_for_results_called_THEN_fallback_centre_used,tests/unit_tests/experiment_plans/test_flyscan_xray_centre_plan.py::TestFlyscanXrayCentrePlan::test_GIVEN_no_results_from_zocalo_WHEN_communicator_wait_for_results_called_THEN_fallback_centre_used,call,0.21,47.98
before,10,test_when_grid_detection_plan_run_twice_then_values_do_not_persist_in_callback,tests/unit_tests/experiment_plans/test_grid_detection_plan.py::test_when_grid_detection_plan_run_twice_then_values_do_not_persist_in_callback,call,0.21,47.98
before,10,test_given_started_when_stopped_then_success_and_idle_status,tests/unit_tests/hyperion/test_main_system.py::test_given_started_when_stopped_then_success_and_idle_status,teardown,0.2,47.98
before,10,test_GIVEN_no_results_from_zocalo_WHEN_communicator_wait_for_results_called_THEN_fallback_centre_used,tests/unit_tests/experiment_plans/test_panda_flyscan_xray_centre_plan.py::TestFlyscanXrayCentrePlan::test_GIVEN_no_results_from_zocalo_WHEN_communicator_wait_for_results_called_THEN_fallback_centre_used,call,0.2,47.98
before,10,test_full_rotation_plan_smargon_settings,tests/unit_tests/experiment_plans/test_rotation_scan_plan.py::test_full_rotation_plan_smargon_settings,setup,0.19,47.98
before,10,test_results_adjusted_and_passed_to_move_xyz,tests/unit_tests/experiment_plans/test_flyscan_xray_centre_plan.py::TestFlyscanXrayCentrePlan::test_results_adjusted_and_passed_to_move_xyz,call,0.17,47.98
before,10,test_nexus_handler_triggers_write_file_when_told,tests/unit_tests/external_interaction/callbacks/test_rotation_callbacks.py::test_nexus_handler_triggers_write_file_when_told,call,0.17,47.98
before,10,test_plan_with_no_params_fails,tests/unit_tests/hyperion/test_main_system.py::test_plan_with_no_params_fails,call,0.17,47.98
before,10,test_individual_plans_triggered_once_and_only_once_in_composite_run,tests/unit_tests/experiment_plans/test_flyscan_xray_centre_plan.py::TestFlyscanXrayCentrePlan::test_individual_plans_triggered_once_and_only_once_in_composite_run,call,0.15,47.98
before,10,test_fgs_arms_eiger_without_grid_detect,tests/unit_tests/experiment_plans/test_flyscan_xray_centre_plan.py::TestFlyscanXrayCentrePlan::test_fgs_arms_eiger_without_grid_detect,call,0.15,47.98
before,10,test_fgs_arms_eiger_without_grid_detect,tests/unit_tests/experiment_plans/test_panda_flyscan_xray_centre_plan.py::TestFlyscanXrayCentrePlan::test_fgs_arms_eiger_without_grid_detect,call,0.15,47.98
before,10,test_results_adjusted_and_passed_to_move_xyz,tests/unit_tests/experiment_plans/test_panda_flyscan_xray_centre_plan.py::TestFlyscanXrayCentrePlan::test_results_adjusted_and_passed_to_move_xyz,call,0.15,47.98
before,10,test_log_on_invalid_json_params,tests/unit_tests/hyperion/test_main_system.py::test_log_on_invalid_json_params,call,0.14,47.98
before,10,test_given_gridscan_fails_to_centre_then_stub_offsets_not_set,tests/unit_tests/experiment_plans/test_panda_flyscan_xray_centre_plan.py::TestFlyscanXrayCentrePlan::test_given_gridscan_fails_to_centre_then_stub_offsets_not_set,call,0.14,47.98
before,10,test_putting_bad_plan_fails,tests/unit_tests/hyperion/test_main_system.py::test_putting_bad_plan_fails,call,0.14,47.98
before,10,test_grid_detection_plan_runs_and_triggers_snapshots,tests/unit_tests/experiment_plans/test_grid_detection_plan.py::test_grid_detection_plan_runs_and_triggers_snapshots,call,0.13,47.98
before,10,test_rotation_plan_zebra_settings,tests/unit_tests/experiment_plans/test_rotation_scan_plan.py::test_rotation_plan_zebra_settings,setup,0.13,47.98
before,10,test_rotation_plan_energy_settings,tests/unit_tests/experiment_plans/test_rotation_scan_plan.py::test_rotation_plan_energy_settings,setup,0.12,47.98
before,10,test_rotation_plan_runs,tests/unit_tests/experiment_plans/test_rotation_scan_plan.py::test_rotation_plan_runs,setup,0.12,47.98
before,10,test_when_pin_centre_xray_centre_called_then_detector_positioned,tests/unit_tests/experiment_plans/test_pin_centre_then_xray_centre_plan.py::test_when_pin_centre_xray_centre_called_then_detector_positioned,call,0.1,47.98
before,10,test_getting_status_after_start_sent_returns_busy,tests/unit_tests/hyperion/test_main_system.py::test_getting_status_after_start_sent_returns_busy,teardown,0.1,47.98
before,10,test_start_gives_success,tests/unit_tests/hyperion/test_main_system.py::test_start_gives_success,teardown,0.1,47.98
before,10,test_sending_start_twice_fails,tests/unit_tests/hyperion/test_main_system.py::test_sending_start_twice_fails,teardown,0.1,47.98
before,10,test_getting_status_return_idle,tests/unit_tests/hyperion/test_main_system.py::test_getting_status_return_idle,teardown,0.1,47.98
before,10,test_given_started_when_stopped_and_started_again_then_runs,tests/unit_tests/hyperion/test_main_system.py::test_given_started_when_stopped_and_started_again_then_runs,teardown,0.1,47.98
before,10,test_detect_grid_and_do_gridscan,tests/unit_tests/experiment_plans/test_grid_detect_then_xray_centre_plan.py::test_detect_grid_and_do_gridscan,call,0.09,47.98
before,10,test_when_full_grid_scan_run_then_parameters_sent_to_fgs_as_expected,tests/unit_tests/experiment_plans/test_grid_detect_then_xray_centre_plan.py::test_when_full_grid_scan_run_then_parameters_sent_to_fgs_as_expected,call,0.09,47.98
before,10,test_when_set_up_oav_then_only_waits_on_oav_to_finish,tests/unit_tests/device_setup_plans/test_setup_oav.py::test_when_set_up_oav_then_only_waits_on_oav_to_finish,call,0.08,47.98
before,10,test_rotation_scan,tests/unit_tests/experiment_plans/test_rotation_scan_plan.py::test_rotation_scan,call,0.07,47.98
before,10,test_grid_detection_plan_gives_warningerror_if_tip_not_found,tests/unit_tests/experiment_plans/test_grid_detection_plan.py::test_grid_detection_plan_gives_warningerror_if_tip_not_found,call,0.06,47.98
before,10,test_when_set_up_oav_with_different_zoom_levels_then_flat_field_applied_correctly[7.0-CAM],tests/unit_tests/device_setup_plans/test_setup_oav.py::test_when_set_up_oav_with_different_zoom_levels_then_flat_field_applied_correctly[7.0-CAM],call,0.06,47.98
before,10,test_when_gridscan_succeeds_ispyb_comment_appended_to,tests/unit_tests/experiment_plans/test_panda_flyscan_xray_centre_plan.py::TestFlyscanXrayCentrePlan::test_when_gridscan_succeeds_ispyb_comment_appended_to,call,0.06,47.98
before,10,test_kickoff_and_complete_gridscan_triggers_zocalo,tests/unit_tests/experiment_plans/test_flyscan_xray_centre_plan.py::test_kickoff_and_complete_gridscan_triggers_zocalo,call,0.06,47.98
before,10,test_read_hardware_for_ispyb_updates_from_ophyd_devices,tests/unit_tests/experiment_plans/test_flyscan_xray_centre_plan.py::TestFlyscanXrayCentrePlan::test_read_hardware_for_ispyb_updates_from_ophyd_devices,call,0.06,47.98
before,10,test_GIVEN_no_results_from_zocalo_WHEN_communicator_wait_for_results_called_THEN_fallback_centre_used,tests/unit_tests/experiment_plans/test_panda_flyscan_xray_centre_plan.py::TestFlyscanXrayCentrePlan::test_GIVEN_no_results_from_zocalo_WHEN_communicator_wait_for_results_called_THEN_fallback_centre_used,setup,0.06,47.98
before,10,test_when_gridscan_succeeds_ispyb_comment_appended_to,tests/unit_tests/experiment_plans/test_panda_flyscan_xray_centre_plan.py::TestFlyscanXrayCentrePlan::test_when_gridscan_succeeds_ispyb_comment_appended_to,setup,0.06,47.98
before,10,test_when_gridscan_succeeds_ispyb_comment_appended_to,tests/unit_tests/experiment_plans/test_flyscan_xray_centre_plan.py::TestFlyscanXrayCentrePlan::test_when_gridscan_succeeds_ispyb_comment_appended_to,call,0.06,47.98
before,10,test_individual_plans_triggered_once_and_only_once_in_composite_run,tests/unit_tests/experiment_plans/test_panda_flyscan_xray_centre_plan.py::TestFlyscanXrayCentrePlan::test_individual_plans_triggered_once_and_only_once_in_composite_run,call,0.05,47.98
before,10,test_when_gridscan_finished_then_smargon_stub_offsets_are_set,tests/unit_tests/experiment_plans/test_panda_flyscan_xray_centre_plan.py::TestFlyscanXrayCentrePlan::test_when_gridscan_finished_then_smargon_stub_offsets_are_set,call,0.05,47.98
before,10,test_ispyb_handler_grabs_uid_from_main_plan_and_not_first_start_doc,tests/unit_tests/external_interaction/callbacks/test_rotation_callbacks.py::test_ispyb_handler_grabs_uid_from_main_plan_and_not_first_start_doc,call,0.05,47.98
before,10,test_read_hardware_for_ispyb_updates_from_ophyd_devices,tests/unit_tests/experiment_plans/test_panda_flyscan_xray_centre_plan.py::TestFlyscanXrayCentrePlan::test_read_hardware_for_ispyb_updates_from_ophyd_devices,call,0.05,47.98
before,10,test_given_setting_stub_offsets_disabled_then_stub_offsets_not_set,tests/unit_tests/experiment_plans/test_panda_flyscan_xray_centre_plan.py::TestFlyscanXrayCentrePlan::test_given_setting_stub_offsets_disabled_then_stub_offsets_not_set,setup,0.05,47.98
before,10,test_results_adjusted_and_passed_to_move_xyz,tests/unit_tests/experiment_plans/test_panda_flyscan_xray_centre_plan.py::TestFlyscanXrayCentrePlan::test_results_adjusted_and_passed_to_move_xyz,setup,0.05,47.98
before,10,test_when_gridscan_finished_then_smargon_stub_offsets_are_set,tests/unit_tests/experiment_plans/test_panda_flyscan_xray_centre_plan.py::TestFlyscanXrayCentrePlan::test_when_gridscan_finished_then_smargon_stub_offsets_are_set,setup,0.05,47.98
before,10,test_individual_plans_triggered_once_and_only_once_in_composite_run,tests/unit_tests/experiment_plans/test_panda_flyscan_xray_centre_plan.py::TestFlyscanXrayCentrePlan::test_individual_plans_triggered_once_and_only_once_in_composite_run,setup,0.05,47.98
before,10,test_when_gridscan_fails_ispyb_comment_appended_to,tests/unit_tests/experiment_plans/test_panda_flyscan_xray_centre_plan.py::TestFlyscanXrayCentrePlan::test_when_gridscan_fails_ispyb_comment_appended_to,setup,0.05,47.98
before,10,test_when_gridscan_finished_then_smargon_stub_offsets_are_set,tests/unit_tests/experiment_plans/test_flyscan_xray_centre_plan.py::TestFlyscanXrayCentrePlan::test_when_gridscan_finished_then_smargon_stub_offsets_are_set,call,0.05,47.98
before,10,test_given_setting_stub_offsets_disabled_then_stub_offsets_not_set,tests/unit_tests/experiment_plans/test_panda_flyscan_xray_centre_plan.py::TestFlyscanXrayCentrePlan::test_given_setting_stub_offsets_disabled_then_stub_offsets_not_set,call,0.05,47.98
before,10,test_when_grid_scan_ran_then_eiger_disarmed_before_zocalo_end,tests/unit_tests/experiment_plans/test_flyscan_xray_centre_plan.py::TestFlyscanXrayCentrePlan::test_when_grid_scan_ran_then_eiger_disarmed_before_zocalo_end,setup,0.05,47.98
before,10,test_cleanup_happens,tests/unit_tests/experiment_plans/test_rotation_scan_plan.py::test_cleanup_happens,setup,0.05,47.98
before,10,test_GIVEN_no_results_from_zocalo_WHEN_communicator_wait_for_results_called_THEN_fallback_centre_used,tests/unit_tests/experiment_plans/test_flyscan_xray_centre_plan.py::TestFlyscanXrayCentrePlan::test_GIVEN_no_results_from_zocalo_WHEN_communicator_wait_for_results_called_THEN_fallback_centre_used,setup,0.05,47.98
before,10,test_individual_plans_triggered_once_and_only_once_in_composite_run,tests/unit_tests/experiment_plans/test_flyscan_xray_centre_plan.py::TestFlyscanXrayCentrePlan::test_individual_plans_triggered_once_and_only_once_in_composite_run,setup,0.05,47.98
before,10,test_given_setting_stub_offsets_disabled_then_stub_offsets_not_set,tests/unit_tests/experiment_plans/test_flyscan_xray_centre_plan.py::TestFlyscanXrayCentrePlan::test_given_setting_stub_offsets_disabled_then_stub_offsets_not_set,setup,0.05,47.98
before,10,test_when_gridscan_fails_ispyb_comment_appended_to,tests/unit_tests/experiment_plans/test_flyscan_xray_centre_plan.py::TestFlyscanXrayCentrePlan::test_when_gridscan_fails_ispyb_comment_appended_to,setup,0.05,47.98
before,10,test_when_gridscan_succeeds_ispyb_comment_appended_to,tests/unit_tests/experiment_plans/test_flyscan_xray_centre_plan.py::TestFlyscanXrayCentrePlan::test_when_gridscan_succeeds_ispyb_comment_appended_to,setup,0.05,47.98
before,10,test_results_adjusted_and_passed_to_move_xyz,tests/unit_tests/experiment_plans/test_flyscan_xray_centre_plan.py::TestFlyscanXrayCentrePlan::test_results_adjusted_and_passed_to_move_xyz,setup,0.05,47.98
before,10,test_when_grid_scan_fails_then_detector_disarmed_and_correct_exception_returned,tests/unit_tests/experiment_plans/test_panda_flyscan_xray_centre_plan.py::TestFlyscanXrayCentrePlan::test_when_grid_scan_fails_then_detector_disarmed_and_correct_exception_returned,setup,0.05,47.98
before,10,test_if_smargon_speed_over_limit_then_log_error,tests/unit_tests/experiment_plans/test_panda_flyscan_xray_centre_plan.py::test_if_smargon_speed_over_limit_then_log_error,setup,0.05,47.98
before,10,test_when_gridscan_finished_then_smargon_stub_offsets_are_set,tests/unit_tests/experiment_plans/test_flyscan_xray_centre_plan.py::TestFlyscanXrayCentrePlan::test_when_gridscan_finished_then_smargon_stub_offsets_are_set,setup,0.05,47.98
before,10,test_values_for_move_so_that_beam_is_at_pixel[px_per_um2-beam_centre2-90-pixel_to_move_to2-expected_xyz2],tests/unit_tests/device_setup_plans/test_setup_oav.py::test_values_for_move_so_that_beam_is_at_pixel[px_per_um2-beam_centre2-90-pixel_to_move_to2-expected_xyz2],setup,0.05,47.98
before,10,test_read_hardware_for_ispyb_updates_from_ophyd_devices,tests/unit_tests/experiment_plans/test_panda_flyscan_xray_centre_plan.py::TestFlyscanXrayCentrePlan::test_read_hardware_for_ispyb_updates_from_ophyd_devices,setup,0.05,47.98
before,10,test_results_passed_to_move_motors,tests/unit_tests/experiment_plans/test_panda_flyscan_xray_centre_plan.py::TestFlyscanXrayCentrePlan::test_results_passed_to_move_motors,setup,0.05,47.98
before,10,test_ispyb_starts_on_opening_and_zocalo_on_main_so_ispyb_triggered_before_zocalo,tests/unit_tests/external_interaction/callbacks/test_rotation_callbacks.py::test_ispyb_starts_on_opening_and_zocalo_on_main_so_ispyb_triggered_before_zocalo,call,0.05,47.98
before,10,test_given_gridscan_fails_to_centre_then_stub_offsets_not_set,tests/unit_tests/experiment_plans/test_panda_flyscan_xray_centre_plan.py::TestFlyscanXrayCentrePlan::test_given_gridscan_fails_to_centre_then_stub_offsets_not_set,setup,0.05,47.98
before,10,test_fgs_arms_eiger_without_grid_detect,tests/unit_tests/experiment_plans/test_panda_flyscan_xray_centre_plan.py::TestFlyscanXrayCentrePlan::test_fgs_arms_eiger_without_grid_detect,setup,0.05,47.98
before,10,test_ispyb_specifies_experiment_type_if_supplied,tests/unit_tests/external_interaction/callbacks/test_rotation_callbacks.py::test_ispyb_specifies_experiment_type_if_supplied,call,0.05,47.98
before,10,test_given_setting_stub_offsets_disabled_then_stub_offsets_not_set,tests/unit_tests/experiment_plans/test_flyscan_xray_centre_plan.py::TestFlyscanXrayCentrePlan::test_given_setting_stub_offsets_disabled_then_stub_offsets_not_set,call,0.05,47.98
before,10,test_read_hardware_for_ispyb_updates_from_ophyd_devices,tests/unit_tests/experiment_plans/test_flyscan_xray_centre_plan.py::TestFlyscanXrayCentrePlan::test_read_hardware_for_ispyb_updates_from_ophyd_devices,setup,0.05,47.98
before,10,test_when_run_gridscan_called_ispyb_deposition_made_and_records_errors,tests/unit_tests/experiment_plans/test_flyscan_xray_centre_plan.py::TestFlyscanXrayCentrePlan::test_when_run_gridscan_called_ispyb_deposition_made_and_records_errors,setup,0.04,47.98
before,10,test_when_gridscan_fails_ispyb_comment_appended_to,tests/unit_tests/experiment_plans/test_panda_flyscan_xray_centre_plan.py::TestFlyscanXrayCentrePlan::test_when_gridscan_fails_ispyb_comment_appended_to,call,0.04,47.98
before,10,test_results_passed_to_move_motors,tests/unit_tests/experiment_plans/test_flyscan_xray_centre_plan.py::TestFlyscanXrayCentrePlan::test_results_passed_to_move_motors,setup,0.04,47.98
before,10,test_rotation_scan,tests/unit_tests/experiment_plans/test_rotation_scan_plan.py::test_rotation_scan,setup,0.04,47.98
before,10,test_kickoff_and_complete_gridscan_triggers_zocalo,tests/unit_tests/experiment_plans/test_flyscan_xray_centre_plan.py::test_kickoff_and_complete_gridscan_triggers_zocalo,setup,0.04,47.98
before,10,test_given_gridscan_fails_to_centre_then_stub_offsets_not_set,tests/unit_tests/experiment_plans/test_flyscan_xray_centre_plan.py::TestFlyscanXrayCentrePlan::test_given_gridscan_fails_to_centre_then_stub_offsets_not_set,setup,0.04,47.98
before,10,test_when_grid_scan_fails_then_detector_disarmed_and_correct_exception_returned,tests/unit_tests/experiment_plans/test_flyscan_xray_centre_plan.py::TestFlyscanXrayCentrePlan::test_when_grid_scan_fails_then_detector_disarmed_and_correct_exception_returned,setup,0.04,47.98
before,10,test_blueskyrunner_uses_cli_args_correctly_for_callbacks[arg_list3-parsed_arg_values3],tests/unit_tests/hyperion/test_main_system.py::test_blueskyrunner_uses_cli_args_correctly_for_callbacks[arg_list3-parsed_arg_values3],call,0.04,47.98
before,10,test_blueskyrunner_uses_cli_args_correctly_for_callbacks[arg_list1-parsed_arg_values1],tests/unit_tests/hyperion/test_main_system.py::test_blueskyrunner_uses_cli_args_correctly_for_callbacks[arg_list1-parsed_arg_values1],call,0.04,47.98
before,10,test_when_gridscan_fails_ispyb_comment_appended_to,tests/unit_tests/experiment_plans/test_flyscan_xray_centre_plan.py::TestFlyscanXrayCentrePlan::test_when_gridscan_fails_ispyb_comment_appended_to,call,0.04,47.98
before,10,test_nexus_handler_gets_documents_in_mock_plan,tests/unit_tests/external_interaction/callbacks/test_rotation_callbacks.py::test_nexus_handler_gets_documents_in_mock_plan,call,0.04,47.98
before,10,test_blueskyrunner_uses_cli_args_correctly_for_callbacks[arg_list0-parsed_arg_values0],tests/unit_tests/hyperion/test_main_system.py::test_blueskyrunner_uses_cli_args_correctly_for_callbacks[arg_list0-parsed_arg_values0],call,0.04,47.98
before,10,test_nexus_handler_only_writes_once,tests/unit_tests/external_interaction/callbacks/test_rotation_callbacks.py::test_nexus_handler_only_writes_once,call,0.04,47.98
before,10,test_blueskyrunner_uses_cli_args_correctly_for_callbacks[arg_list2-parsed_arg_values2],tests/unit_tests/hyperion/test_main_system.py::test_blueskyrunner_uses_cli_args_correctly_for_callbacks[arg_list2-parsed_arg_values2],call,0.04,47.98
before,10,test_given_tip_at_zero_but_will_be_found_when_get_tip_into_view_then_smargon_moved_negative_and_tip_returned,tests/unit_tests/experiment_plans/test_pin_tip_centring.py::test_given_tip_at_zero_but_will_be_found_when_get_tip_into_view_then_smargon_moved_negative_and_tip_returned,call,0.04,47.98
before,10,test_fgs_raising_no_exception_results_in_good_run_status_in_ispyb,tests/unit_tests/external_interaction/callbacks/xray_centre/test_ispyb_handler.py::TestXrayCentreIspybHandler::test_fgs_raising_no_exception_results_in_good_run_status_in_ispyb,call,0.04,47.98
before,10,test_total_counts_calc_new_transmission_raises_warning_on_high_transmission,tests/unit_tests/experiment_plans/test_optimise_attenuation_plan.py::test_total_counts_calc_new_transmission_raises_warning_on_high_transmission,call,0.04,47.98
before,10,test_when_detected_grid_has_odd_y_steps_then_add_a_y_step_and_shift_grid[False],tests/unit_tests/experiment_plans/test_grid_detection_plan.py::test_when_detected_grid_has_odd_y_steps_then_add_a_y_step_and_shift_grid[False],call,0.03,47.98
before,10,test_when_detected_grid_has_odd_y_steps_then_add_a_y_step_and_shift_grid[True],tests/unit_tests/experiment_plans/test_grid_detection_plan.py::test_when_detected_grid_has_odd_y_steps_then_add_a_y_step_and_shift_grid[True],call,0.03,47.98
before,10,test_given_smargon_disabled_when_plan_run_then_waits_on_smargon[14],tests/unit_tests/experiment_plans/test_wait_for_robot_load_then_centre.py::test_given_smargon_disabled_when_plan_run_then_waits_on_smargon[14],call,0.03,47.98
before,10,test_given_xpbm_checks_pass_when_plan_run_with_decorator_then_run_as_expected,tests/unit_tests/device_setup_plans/test_xbpm_feedback.py::test_given_xpbm_checks_pass_when_plan_run_with_decorator_then_run_as_expected,call,0.03,47.98
before,10,test_when_pin_centre_xray_centre_called_then_detector_positioned,tests/unit_tests/experiment_plans/test_pin_centre_then_xray_centre_plan.py::test_when_pin_centre_xray_centre_called_then_detector_positioned,setup,0.03,47.98
before,10,test_when_full_grid_scan_run_then_parameters_sent_to_fgs_as_expected,tests/unit_tests/experiment_plans/test_grid_detect_then_xray_centre_plan.py::test_when_full_grid_scan_run_then_parameters_sent_to_fgs_as_expected,setup,0.02,47.98
before,10,test_grid_detection_plan_gives_warningerror_if_tip_not_found,tests/unit_tests/experiment_plans/test_grid_detection_plan.py::test_grid_detection_plan_gives_warningerror_if_tip_not_found,setup,0.02,47.98
before,10,test_detect_grid_and_do_gridscan,tests/unit_tests/experiment_plans/test_grid_detect_then_xray_centre_plan.py::test_detect_grid_and_do_gridscan,setup,0.02,47.98
before,10,test_when_detected_grid_has_odd_y_steps_then_add_a_y_step_and_shift_grid[False],tests/unit_tests/experiment_plans/test_grid_detection_plan.py::test_when_detected_grid_has_odd_y_steps_then_add_a_y_step_and_shift_grid[False],setup,0.02,47.98
before,10,test_set_energy,tests/unit_tests/experiment_plans/test_set_energy_plan.py::test_set_energy,setup,0.02,47.98
before,10,test_total_counts_gets_within_target,tests/unit_tests/experiment_plans/test_optimise_attenuation_plan.py::test_total_counts_gets_within_target,call,0.02,47.98
before,10,test_grid_detection_plan_runs_and_triggers_snapshots,tests/unit_tests/experiment_plans/test_grid_detection_plan.py::test_grid_detection_plan_runs_and_triggers_snapshots,setup,0.02,47.98
before,10,test_when_grid_detection_plan_run_twice_then_values_do_not_persist_in_callback,tests/unit_tests/experiment_plans/test_grid_detection_plan.py::test_when_grid_detection_plan_run_twice_then_values_do_not_persist_in_callback,setup,0.02,47.98
before,10,test_given_smargon_disabled_when_plan_run_then_waits_on_smargon[5],tests/unit_tests/experiment_plans/test_wait_for_robot_load_then_centre.py::test_given_smargon_disabled_when_plan_run_then_waits_on_smargon[5],call,0.02,47.98
before,10,test_when_detected_grid_has_odd_y_steps_then_add_a_y_step_and_shift_grid[True],tests/unit_tests/experiment_plans/test_grid_detection_plan.py::test_when_detected_grid_has_odd_y_steps_then_add_a_y_step_and_shift_grid[True],setup,0.02,47.98
before,10,test_given_when_grid_detect_then_upper_left_and_start_position_as_expected,tests/unit_tests/experiment_plans/test_grid_detection_plan.py::test_given_when_grid_detect_then_upper_left_and_start_position_as_expected,setup,0.02,47.98
before,10,test_when_grid_detection_plan_run_then_grid_detection_callback_gets_correct_values,tests/unit_tests/experiment_plans/test_grid_detection_plan.py::test_when_grid_detection_plan_run_then_grid_detection_callback_gets_correct_values,setup,0.02,47.98
before,10,test_trigger_and_return_pin_tip_works_for_AD_pin_tip_detection,tests/unit_tests/experiment_plans/test_pin_tip_centring.py::test_trigger_and_return_pin_tip_works_for_AD_pin_tip_detection,call,0.02,47.98
before,10,test_given_smargon_disabled_when_plan_run_then_waits_on_smargon[14],tests/unit_tests/experiment_plans/test_wait_for_robot_load_then_centre.py::test_given_smargon_disabled_when_plan_run_then_waits_on_smargon[14],setup,0.02,47.98
before,10,test_given_smargon_disabled_when_plan_run_then_waits_on_smargon[3],tests/unit_tests/experiment_plans/test_wait_for_robot_load_then_centre.py::test_given_smargon_disabled_when_plan_run_then_waits_on_smargon[3],setup,0.02,47.98
before,10,test_given_smargon_disabled_when_plan_run_then_waits_on_smargon[3],tests/unit_tests/experiment_plans/test_wait_for_robot_load_then_centre.py::test_given_smargon_disabled_when_plan_run_then_waits_on_smargon[3],call,0.02,47.98
before,10,test_optimisation_attenuation_plan_runs_correct_functions[deadtime],tests/unit_tests/experiment_plans/test_optimise_attenuation_plan.py::test_optimisation_attenuation_plan_runs_correct_functions[deadtime],call,0.02,47.98
before,10,test_wait_for_robot_load_then_centre_doesnt_set_energy_if_not_specified,tests/unit_tests/experiment_plans/test_wait_for_robot_load_then_centre.py::test_wait_for_robot_load_then_centre_doesnt_set_energy_if_not_specified,setup,0.02,47.98
before,10,test_given_smargon_disabled_when_plan_run_then_waits_on_smargon[5],tests/unit_tests/experiment_plans/test_wait_for_robot_load_then_centre.py::test_given_smargon_disabled_when_plan_run_then_waits_on_smargon[5],setup,0.02,47.98
before,10,test_when_plan_run_with_requested_energy_specified_energy_change_executes,tests/unit_tests/experiment_plans/test_wait_for_robot_load_then_centre.py::test_when_plan_run_with_requested_energy_specified_energy_change_executes,setup,0.02,47.98
before,10,test_given_smargon_disabled_for_longer_than_timeout_when_plan_run_then_throws_exception,tests/unit_tests/experiment_plans/test_wait_for_robot_load_then_centre.py::test_given_smargon_disabled_for_longer_than_timeout_when_plan_run_then_throws_exception,setup,0.02,47.98
before,10,test_when_plan_run_then_centring_plan_run_with_expected_parameters,tests/unit_tests/experiment_plans/test_wait_for_robot_load_then_centre.py::test_when_plan_run_then_centring_plan_run_with_expected_parameters,setup,0.02,47.98
before,10,test_when_plan_run_then_detector_arm_started_before_wait_on_robot_load,tests/unit_tests/experiment_plans/test_wait_for_robot_load_then_centre.py::test_when_plan_run_then_detector_arm_started_before_wait_on_robot_load,setup,0.02,47.98
before,10,test_values_for_move_so_that_beam_is_at_pixel[px_per_um6-beam_centre6--90-pixel_to_move_to6-expected_xyz6],tests/unit_tests/device_setup_plans/test_setup_oav.py::test_values_for_move_so_that_beam_is_at_pixel[px_per_um6-beam_centre6--90-pixel_to_move_to6-expected_xyz6],setup,0.02,47.98
before,10,test_zebra_arm_disarm,tests/unit_tests/device_setup_plans/test_zebra_setup.py::test_zebra_arm_disarm,call,0.02,47.98
before,10,test_optimisation_attenuation_plan_runs_correct_functions[total_counts],tests/unit_tests/experiment_plans/test_optimise_attenuation_plan.py::test_optimisation_attenuation_plan_runs_correct_functions[total_counts],call,0.02,47.98
before,10,test_when_plan_run_then_detector_arm_started_before_wait_on_robot_load,tests/unit_tests/experiment_plans/test_wait_for_robot_load_then_centre.py::test_when_plan_run_then_detector_arm_started_before_wait_on_robot_load,call,0.02,47.98
before,10,test_values_for_move_so_that_beam_is_at_pixel[px_per_um1-beam_centre1--90-pixel_to_move_to1-expected_xyz1],tests/unit_tests/device_setup_plans/test_setup_oav.py::test_values_for_move_so_that_beam_is_at_pixel[px_per_um1-beam_centre1--90-pixel_to_move_to1-expected_xyz1],setup,0.02,47.98
before,10,test_values_for_move_so_that_beam_is_at_pixel[px_per_um3-beam_centre3-0-pixel_to_move_to3-expected_xyz3],tests/unit_tests/device_setup_plans/test_setup_oav.py::test_values_for_move_so_that_beam_is_at_pixel[px_per_um3-beam_centre3-0-pixel_to_move_to3-expected_xyz3],setup,0.02,47.98
before,10,test_values_for_move_so_that_beam_is_at_pixel[px_per_um5-beam_centre5-0-pixel_to_move_to5-expected_xyz5],tests/unit_tests/device_setup_plans/test_setup_oav.py::test_values_for_move_so_that_beam_is_at_pixel[px_per_um5-beam_centre5-0-pixel_to_move_to5-expected_xyz5],setup,0.01,47.98
before,10,test_values_for_move_so_that_beam_is_at_pixel[px_per_um0-beam_centre0-0-pixel_to_move_to0-expected_xyz0],tests/unit_tests/device_setup_plans/test_setup_oav.py::test_values_for_move_so_that_beam_is_at_pixel[px_per_um0-beam_centre0-0-pixel_to_move_to0-expected_xyz0],setup,0.01,47.98
before,10,test_values_for_move_so_that_beam_is_at_pixel[px_per_um4-beam_centre4--90-pixel_to_move_to4-expected_xyz4],tests/unit_tests/device_setup_plans/test_setup_oav.py::test_values_for_move_so_that_beam_is_at_pixel[px_per_um4-beam_centre4--90-pixel_to_move_to4-expected_xyz4],setup,0.01,47.98
before,10,test_when_plan_run_then_centring_plan_run_with_expected_parameters,tests/unit_tests/experiment_plans/test_wait_for_robot_load_then_centre.py::test_when_plan_run_then_centring_plan_run_with_expected_parameters,call,0.01,47.98
before,10,test_adjust_dcm_pitch_roll_vfm_from_lut,tests/unit_tests/device_setup_plans/test_dcm_pitch_roll_mirror_adjuster.py::test_adjust_dcm_pitch_roll_vfm_from_lut,setup,0.01,47.98
before,10,test_given_pin_tip_detect_using_ophyd_when_pin_tip_centre_plan_called_then_expected_plans_called,tests/unit_tests/experiment_plans/test_pin_tip_centring.py::test_given_pin_tip_detect_using_ophyd_when_pin_tip_centre_plan_called_then_expected_plans_called,call,0.01,47.98
before,10,test_given_started_when_stopped_and_started_again_then_runs,tests/unit_tests/hyperion/test_main_system.py::test_given_started_when_stopped_and_started_again_then_runs,call,0.01,47.98
before,10,test_given_the_pin_tip_is_already_in_view_when_get_tip_into_view_then_tip_returned_and_smargon_not_moved,tests/unit_tests/experiment_plans/test_pin_tip_centring.py::test_given_the_pin_tip_is_already_in_view_when_get_tip_into_view_then_tip_returned_and_smargon_not_moved,setup,0.01,47.98
before,10,test_execution_of_do_fgs_triggers_zocalo_calls,tests/unit_tests/external_interaction/callbacks/test_zocalo_handler.py::TestZocaloHandler::test_execution_of_do_fgs_triggers_zocalo_calls,call,0.01,47.98
before,10,test_when_pin_tip_centre_plan_called_then_expected_plans_called,tests/unit_tests/experiment_plans/test_pin_tip_centring.py::test_when_pin_tip_centre_plan_called_then_expected_plans_called,call,0.01,47.98
before,10,test_given_no_tip_found_ever_when_get_tip_into_view_then_smargon_moved_positive_and_exception_thrown,tests/unit_tests/experiment_plans/test_pin_tip_centring.py::test_given_no_tip_found_ever_when_get_tip_into_view_then_smargon_moved_positive_and_exception_thrown,setup,0.01,47.98
before,10,test_given_no_tip_found_but_will_be_found_when_get_tip_into_view_then_smargon_moved_positive_and_tip_returned,tests/unit_tests/experiment_plans/test_pin_tip_centring.py::test_given_no_tip_found_but_will_be_found_when_get_tip_into_view_then_smargon_moved_positive_and_tip_returned,setup,0.01,47.98
before,10,test_given_tip_at_zero_but_will_be_found_when_get_tip_into_view_then_smargon_moved_negative_and_tip_returned,tests/unit_tests/experiment_plans/test_pin_tip_centring.py::test_given_tip_at_zero_but_will_be_found_when_get_tip_into_view_then_smargon_moved_negative_and_tip_returned,setup,0.01,47.98
before,10,test_pin_tip_starting_near_positive_edge_doesnt_exceed_limit,tests/unit_tests/experiment_plans/test_pin_tip_centring.py::test_pin_tip_starting_near_positive_edge_doesnt_exceed_limit,setup,0.01,47.98
before,10,test_activates_on_metadata,tests/unit_tests/external_interaction/callbacks/test_plan_reactive_callback.py::test_activates_on_metadata,call,0.01,47.98
before,10,test_store_rotation_scan_uses_supplied_dcgid[25],tests/unit_tests/external_interaction/ispyb/test_rotation_ispyb_store.py::test_store_rotation_scan_uses_supplied_dcgid[25],call,0.01,47.98
before,10,test_rotation_scan_nexus_output_compared_to_existing_file,tests/unit_tests/external_interaction/test_write_rotation_nexus.py::test_rotation_scan_nexus_output_compared_to_existing_file,setup,0.01,47.98
before,10,test_doesnt_activate_on_wrong_metadata,tests/unit_tests/external_interaction/callbacks/test_plan_reactive_callback.py::test_doesnt_activate_on_wrong_metadata,call,0.01,47.98
before,10,test_arm_devices_runs_correct_functions,tests/unit_tests/experiment_plans/test_optimise_attenuation_plan.py::test_arm_devices_runs_correct_functions,call,0.01,47.98
before,10,test_given_detector_bit_depth_changes_then_vds_datatype_as_expected[16-uint16],tests/unit_tests/external_interaction/test_write_rotation_nexus.py::test_given_detector_bit_depth_changes_then_vds_datatype_as_expected[16-uint16],setup,0.01,47.98
before,10,test_sending_start_twice_fails,tests/unit_tests/hyperion/test_main_system.py::test_sending_start_twice_fails,call,0.01,47.98
before,10,test_given_started_when_stopped_then_success_and_idle_status,tests/unit_tests/hyperion/test_main_system.py::test_given_started_when_stopped_then_success_and_idle_status,call,0.01,47.98
before,10,test_pin_tip_starting_near_negative_edge_doesnt_exceed_limit,tests/unit_tests/experiment_plans/test_pin_tip_centring.py::test_pin_tip_starting_near_negative_edge_doesnt_exceed_limit,setup,0.01,47.98
before,10,test_given_pin_tip_detect_using_ophyd_when_pin_tip_centre_plan_called_then_expected_plans_called,tests/unit_tests/experiment_plans/test_pin_tip_centring.py::test_given_pin_tip_detect_using_ophyd_when_pin_tip_centre_plan_called_then_expected_plans_called,setup,0.01,47.98
before,10,test_given_detector_bit_depth_changes_then_vds_datatype_as_expected[100-uint16],tests/unit_tests/external_interaction/test_write_rotation_nexus.py::test_given_detector_bit_depth_changes_then_vds_datatype_as_expected[100-uint16],setup,0.01,47.98
before,10,test_given_detector_bit_depth_changes_then_vds_datatype_as_expected[32-uint32],tests/unit_tests/external_interaction/test_write_rotation_nexus.py::test_given_detector_bit_depth_changes_then_vds_datatype_as_expected[32-uint32],setup,0.01,47.98
before,10,test_store_rotation_scan_uses_supplied_dcgid[88],tests/unit_tests/external_interaction/ispyb/test_rotation_ispyb_store.py::test_store_rotation_scan_uses_supplied_dcgid[88],call,0.01,47.98
before,10,test_given_detector_bit_depth_changes_then_vds_datatype_as_expected[8-uint8],tests/unit_tests/external_interaction/test_write_rotation_nexus.py::test_given_detector_bit_depth_changes_then_vds_datatype_as_expected[8-uint8],setup,0.01,47.98
before,10,test_setup_panda_performs_correct_plans,tests/unit_tests/device_setup_plans/test_setup_panda.py::test_setup_panda_performs_correct_plans,call,0.01,47.98
before,10,test_zebra_set_up_for_gridscan,tests/unit_tests/device_setup_plans/test_zebra_setup.py::test_zebra_set_up_for_gridscan,call,0.01,47.98
before,10,test_store_rotation_scan_uses_supplied_dcgid[45],tests/unit_tests/external_interaction/ispyb/test_rotation_ispyb_store.py::test_store_rotation_scan_uses_supplied_dcgid[45],call,0.01,47.98
before,10,test_when_pin_tip_centre_plan_called_then_expected_plans_called,tests/unit_tests/experiment_plans/test_pin_tip_centring.py::test_when_pin_tip_centre_plan_called_then_expected_plans_called,setup,0.01,47.98
before,10,test_update_deposition,tests/unit_tests/external_interaction/ispyb/test_gridscan_ispyb_store_3d.py::test_update_deposition,setup,0.01,47.98
before,10,test_adjust_dcm_pitch_roll_vfm_from_lut,tests/unit_tests/device_setup_plans/test_dcm_pitch_roll_mirror_adjuster.py::test_adjust_dcm_pitch_roll_vfm_from_lut,call,0.01,47.98
before,10,test_activity_gated_stop,tests/unit_tests/external_interaction/callbacks/rotation/test_ispyb_callback.py::test_activity_gated_stop,setup,0.01,47.98
before,10,test_when_set_up_oav_with_different_zoom_levels_then_flat_field_applied_correctly[1.0-proc],tests/unit_tests/device_setup_plans/test_setup_oav.py::test_when_set_up_oav_with_different_zoom_levels_then_flat_field_applied_correctly[1.0-proc],setup,0.01,47.98
before,10,test_given_moving_out_of_range_when_move_with_warn_called_then_warning_exception,tests/unit_tests/experiment_plans/test_pin_tip_centring.py::test_given_moving_out_of_range_when_move_with_warn_called_then_warning_exception,setup,0.01,47.98
before,10,test_tidy_up_plans_disable_panda_and_zebra,tests/unit_tests/experiment_plans/test_panda_flyscan_xray_centre_plan.py::test_tidy_up_plans_disable_panda_and_zebra,call,0.01,47.98
before,10,test_store_rotation_scan_uses_supplied_dcgid[61],tests/unit_tests/external_interaction/ispyb/test_rotation_ispyb_store.py::test_store_rotation_scan_uses_supplied_dcgid[61],call,0.01,47.98
before,10,test_when_set_up_oav_then_only_waits_on_oav_to_finish,tests/unit_tests/device_setup_plans/test_setup_oav.py::test_when_set_up_oav_then_only_waits_on_oav_to_finish,setup,0.01,47.98
before,10,test_apply_and_wait_for_voltages_to_settle_timeout,tests/unit_tests/device_setup_plans/test_dcm_pitch_roll_mirror_adjuster.py::test_apply_and_wait_for_voltages_to_settle_timeout,setup,0.01,47.98
before,10,test_getting_status_return_idle,tests/unit_tests/hyperion/test_main_system.py::test_getting_status_return_idle,call,0.01,47.98
before,10,test_store_rotation_scan_uses_supplied_dcgid[13],tests/unit_tests/external_interaction/ispyb/test_rotation_ispyb_store.py::test_store_rotation_scan_uses_supplied_dcgid[13],call,0.01,47.98
before,10,test_when_topup_before_end_of_collection_wait,tests/unit_tests/device_setup_plans/test_topup_plan.py::test_when_topup_before_end_of_collection_wait,call,0.01,47.98
before,10,test_store_rotation_scan_uses_supplied_dcgid[2],tests/unit_tests/external_interaction/ispyb/test_rotation_ispyb_store.py::test_store_rotation_scan_uses_supplied_dcgid[2],call,0.01,47.98
before,10,test_GIVEN_scan_already_valid_THEN_wait_for_GRIDSCAN_returns_immediately,tests/unit_tests/experiment_plans/test_panda_flyscan_xray_centre_plan.py::TestFlyscanXrayCentrePlan::test_GIVEN_scan_already_valid_THEN_wait_for_GRIDSCAN_returns_immediately,call,0.01,47.98
before,10,test_deactivates_after_closing,tests/unit_tests/external_interaction/callbacks/test_plan_reactive_callback.py::test_deactivates_after_closing,call,0.01,47.98
before,10,test_begin_deposition_with_group_id_doesnt_insert,tests/unit_tests/external_interaction/ispyb/test_rotation_ispyb_store.py::test_begin_deposition_with_group_id_doesnt_insert,setup,0.01,47.98
before,10,test_update_deposition,tests/unit_tests/external_interaction/ispyb/test_gridscan_ispyb_store_2d.py::test_update_deposition,setup,0.01,47.98
before,10,test_when_set_up_oav_with_different_zoom_levels_then_flat_field_applied_correctly[7.0-CAM],tests/unit_tests/device_setup_plans/test_setup_oav.py::test_when_set_up_oav_with_different_zoom_levels_then_flat_field_applied_correctly[7.0-CAM],setup,0.01,47.98
before,10,test_adjust_mirror_stripe[6.999-Bare-140-15],tests/unit_tests/device_setup_plans/test_dcm_pitch_roll_mirror_adjuster.py::test_adjust_mirror_stripe[6.999-Bare-140-15],setup,0.01,47.98
before,10,test_GIVEN_scan_already_valid_THEN_wait_for_GRIDSCAN_returns_immediately,tests/unit_tests/experiment_plans/test_flyscan_xray_centre_plan.py::TestFlyscanXrayCentrePlan::test_GIVEN_scan_already_valid_THEN_wait_for_GRIDSCAN_returns_immediately,call,0.01,47.98
before,10,test_wait_for_topup_complete,tests/unit_tests/device_setup_plans/test_topup_plan.py::test_wait_for_topup_complete,call,0.01,47.98
before,10,test_values_for_move_so_that_beam_is_at_pixel[px_per_um4-beam_centre4--90-pixel_to_move_to4-expected_xyz4],tests/unit_tests/device_setup_plans/test_setup_oav.py::test_values_for_move_so_that_beam_is_at_pixel[px_per_um4-beam_centre4--90-pixel_to_move_to4-expected_xyz4],call,0.01,47.98
before,10,test_subscribe_in_plan,tests/unit_tests/external_interaction/callbacks/xray_centre/test_xraycentre_callback_collection.py::test_subscribe_in_plan,call,0.01,47.98
before,10,test_given_ispyb_callback_finished_writing_to_ispyb_when_messages_logged_then_they_do_not_contain_dcgid,tests/unit_tests/external_interaction/callbacks/xray_centre/test_ispyb_handler.py::TestXrayCentreIspybHandler::test_given_ispyb_callback_finished_writing_to_ispyb_when_messages_logged_then_they_do_not_contain_dcgid,call,0.01,47.98
before,10,test_no_waiting_when_mode_does_not_allow_gating,tests/unit_tests/device_setup_plans/test_topup_plan.py::test_no_waiting_when_mode_does_not_allow_gating,call,0.01,47.98
before,10,test_deadtime_optimisation_calculates_deadtime_correctly,tests/unit_tests/experiment_plans/test_optimise_attenuation_plan.py::test_deadtime_optimisation_calculates_deadtime_correctly,call,0.01,47.98
before,10,test_activity_gated_event,tests/unit_tests/external_interaction/callbacks/rotation/test_ispyb_callback.py::test_activity_gated_event,call,0.01,47.98
before,10,test_no_waiting_if_decay_mode,tests/unit_tests/device_setup_plans/test_topup_plan.py::test_no_waiting_if_decay_mode,call,0.01,47.98
before,10,test_update_deposition_with_group_id_updates,tests/unit_tests/external_interaction/ispyb/test_rotation_ispyb_store.py::test_update_deposition_with_group_id_updates,setup,0.01,47.98
before,10,test_begin_deposition_with_alternate_experiment_type,tests/unit_tests/external_interaction/ispyb/test_rotation_ispyb_store.py::test_begin_deposition_with_alternate_experiment_type,setup,0.01,47.98
before,10,test_adjust_mirror_stripe[7.001-Rhodium-124--46],tests/unit_tests/device_setup_plans/test_dcm_pitch_roll_mirror_adjuster.py::test_adjust_mirror_stripe[7.001-Rhodium-124--46],setup,0.01,47.98
before,10,test_given_ispyb_callback_started_writing_to_ispyb_when_messages_logged_then_they_contain_dcgid,tests/unit_tests/external_interaction/callbacks/xray_centre/test_ispyb_handler.py::TestXrayCentreIspybHandler::test_given_ispyb_callback_started_writing_to_ispyb_when_messages_logged_then_they_contain_dcgid,call,0.01,47.98
before,10,test_ispyb_deposition_comment_for_3D_correct,tests/unit_tests/external_interaction/ispyb/test_gridscan_ispyb_store_3d.py::test_ispyb_deposition_comment_for_3D_correct,setup,0.01,47.98
before,10,test_update_deposition,tests/unit_tests/external_interaction/ispyb/test_rotation_ispyb_store.py::test_update_deposition,setup,0.01,47.98
before,10,test_activity_gated_start,tests/unit_tests/external_interaction/callbacks/rotation/test_ispyb_callback.py::test_activity_gated_start,setup,0.01,47.98
before,10,test_results_passed_to_move_motors,tests/unit_tests/experiment_plans/test_flyscan_xray_centre_plan.py::TestFlyscanXrayCentrePlan::test_results_passed_to_move_motors,call,0.01,47.98
before,10,test_end_deposition_happy_path,tests/unit_tests/external_interaction/ispyb/test_gridscan_ispyb_store_2d.py::test_end_deposition_happy_path,setup,0.01,47.98
before,10,test_end_deposition_happy_path,tests/unit_tests/external_interaction/ispyb/test_rotation_ispyb_store.py::test_end_deposition_happy_path,setup,0.01,47.98
before,10,test_values_for_move_so_that_beam_is_at_pixel[px_per_um5-beam_centre5-0-pixel_to_move_to5-expected_xyz5],tests/unit_tests/device_setup_plans/test_setup_oav.py::test_values_for_move_so_that_beam_is_at_pixel[px_per_um5-beam_centre5-0-pixel_to_move_to5-expected_xyz5],call,0.01,47.98
before,10,test_store_3d_grid_scan,tests/unit_tests/external_interaction/ispyb/test_gridscan_ispyb_store_3d.py::test_store_3d_grid_scan,setup,0.01,47.98
before,10,test_getting_status_after_start_sent_returns_busy,tests/unit_tests/hyperion/test_main_system.py::test_getting_status_after_start_sent_returns_busy,call,0.01,47.98
before,10,test_activity_gated_stop,tests/unit_tests/external_interaction/callbacks/rotation/test_ispyb_callback.py::test_activity_gated_stop,call,0.01,47.98
before,10,test_ispyb_deposition_comment_correct,tests/unit_tests/external_interaction/ispyb/test_gridscan_ispyb_store_2d.py::test_ispyb_deposition_comment_correct,setup,0.01,47.98
before,10,test_begin_deposition,tests/unit_tests/external_interaction/ispyb/test_rotation_ispyb_store.py::test_begin_deposition,setup,0.01,47.98
before,10,test_activity_gated_event,tests/unit_tests/external_interaction/callbacks/rotation/test_ispyb_callback.py::test_activity_gated_event,setup,0.01,47.98
before,10,test_store_rotation_scan_failures,tests/unit_tests/external_interaction/ispyb/test_rotation_ispyb_store.py::test_store_rotation_scan_failures,setup,0.01,47.98
before,10,test_values_for_move_so_that_beam_is_at_pixel[px_per_um0-beam_centre0-0-pixel_to_move_to0-expected_xyz0],tests/unit_tests/device_setup_plans/test_setup_oav.py::test_values_for_move_so_that_beam_is_at_pixel[px_per_um0-beam_centre0-0-pixel_to_move_to0-expected_xyz0],call,0.01,47.98
before,10,test_results_passed_to_move_motors,tests/unit_tests/experiment_plans/test_panda_flyscan_xray_centre_plan.py::TestFlyscanXrayCentrePlan::test_results_passed_to_move_motors,call,0.01,47.98
before,10,test_no_exception_during_run_results_in_good_run_status,tests/unit_tests/external_interaction/ispyb/test_gridscan_ispyb_store_2d.py::test_no_exception_during_run_results_in_good_run_status,setup,0.01,47.98
before,10,test_fgs_failing_results_in_bad_run_status_in_ispyb,tests/unit_tests/external_interaction/callbacks/xray_centre/test_ispyb_handler.py::TestXrayCentreIspybHandler::test_fgs_failing_results_in_bad_run_status_in_ispyb,call,0.01,47.98
before,10,test_values_for_move_so_that_beam_is_at_pixel[px_per_um6-beam_centre6--90-pixel_to_move_to6-expected_xyz6],tests/unit_tests/device_setup_plans/test_setup_oav.py::test_values_for_move_so_that_beam_is_at_pixel[px_per_um6-beam_centre6--90-pixel_to_move_to6-expected_xyz6],call,0.01,47.98
before,10,test_values_for_move_so_that_beam_is_at_pixel[px_per_um3-beam_centre3-0-pixel_to_move_to3-expected_xyz3],tests/unit_tests/device_setup_plans/test_setup_oav.py::test_values_for_move_so_that_beam_is_at_pixel[px_per_um3-beam_centre3-0-pixel_to_move_to3-expected_xyz3],call,0.01,47.98
before,10,test_end_deposition_happy_path,tests/unit_tests/external_interaction/ispyb/test_gridscan_ispyb_store_3d.py::test_end_deposition_happy_path,setup,0.01,47.98
before,10,test_fail_result_run_results_in_bad_run_status,tests/unit_tests/external_interaction/ispyb/test_gridscan_ispyb_store_2d.py::test_fail_result_run_results_in_bad_run_status,setup,0.01,47.98
before,10,test_values_for_move_so_that_beam_is_at_pixel[px_per_um2-beam_centre2-90-pixel_to_move_to2-expected_xyz2],tests/unit_tests/device_setup_plans/test_setup_oav.py::test_values_for_move_so_that_beam_is_at_pixel[px_per_um2-beam_centre2-90-pixel_to_move_to2-expected_xyz2],call,0.01,47.98
before,10,test_param_keys,tests/unit_tests/external_interaction/ispyb/test_gridscan_ispyb_store_2d.py::test_param_keys,setup,0.01,47.98
before,10,test_begin_deposition,tests/unit_tests/external_interaction/ispyb/test_gridscan_ispyb_store_3d.py::test_begin_deposition,setup,0.01,47.98
before,10,test_begin_deposition,tests/unit_tests/external_interaction/ispyb/test_gridscan_ispyb_store_2d.py::test_begin_deposition,setup,0.01,47.98
before,10,test_when_pin_centre_xray_centre_called_then_plan_runs_correctly,tests/unit_tests/experiment_plans/test_pin_centre_then_xray_centre_plan.py::test_when_pin_centre_xray_centre_called_then_plan_runs_correctly,call,0.01,47.98
before,10,test_activity_gated_start_3d,tests/unit_tests/external_interaction/callbacks/xray_centre/test_ispyb_callback.py::test_activity_gated_start_3d,call,0.01,47.98
before,10,test_param_fields_match_components_they_should_use,tests/unit_tests/parameters/test_internal_parameters.py::test_param_fields_match_components_they_should_use,setup,0.01,47.98
before,10,test_values_for_move_so_that_beam_is_at_pixel[px_per_um1-beam_centre1--90-pixel_to_move_to1-expected_xyz1],tests/unit_tests/device_setup_plans/test_setup_oav.py::test_values_for_move_so_that_beam_is_at_pixel[px_per_um1-beam_centre1--90-pixel_to_move_to1-expected_xyz1],call,0.01,47.98
before,10,test_given_the_pin_tip_is_already_in_view_when_get_tip_into_view_then_tip_returned_and_smargon_not_moved,tests/unit_tests/experiment_plans/test_pin_tip_centring.py::test_given_the_pin_tip_is_already_in_view_when_get_tip_into_view_then_tip_returned_and_smargon_not_moved,call,0.01,47.98
before,10,test_zebra_cleanup,tests/unit_tests/device_setup_plans/test_zebra_setup.py::test_zebra_cleanup,call,0.01,47.98
before,10,test_activity_gated_start,tests/unit_tests/external_interaction/callbacks/rotation/test_ispyb_callback.py::test_activity_gated_start,call,0.01,47.98
before,10,test_activity_gated_start_2d,tests/unit_tests/external_interaction/callbacks/xray_centre/test_ispyb_callback.py::test_activity_gated_start_2d,call,0.01,47.98
before,10,test_internal_params_eq,tests/unit_tests/parameters/test_internal_parameters.py::test_internal_params_eq,call,0.01,47.98
before,10,test_given_detector_move_fails_then_eiger_disarmed_and_correct_exception_returned,tests/unit_tests/device_setup_plans/test_utils.py::test_given_detector_move_fails_then_eiger_disarmed_and_correct_exception_returned,setup,0.01,47.98
before,10,test_given_tip_found_when_wait_for_tip_to_be_found_called_then_tip_immediately_returned,tests/unit_tests/device_setup_plans/test_setup_oav.py::test_given_tip_found_when_wait_for_tip_to_be_found_called_then_tip_immediately_returned,call,0.01,47.98
before,10,test_messages_are_tagged_with_run_uid,tests/unit_tests/hyperion/test_log/test_log.py::test_messages_are_tagged_with_run_uid,call,0.01,47.98
before,10,test_getting_status_after_start_sent_returns_busy,tests/unit_tests/hyperion/test_main_system.py::test_getting_status_after_start_sent_returns_busy,setup,0.01,47.98
before,10,test_nexus_handler_gets_documents_in_mock_plan,tests/unit_tests/external_interaction/callbacks/test_rotation_callbacks.py::test_nexus_handler_gets_documents_in_mock_plan,setup,0.01,47.98
before,10,test_set_energy,tests/unit_tests/experiment_plans/test_set_energy_plan.py::test_set_energy,call,0.01,47.98
before,10,test_given_shutter_open_fails_then_eiger_disarmed_and_correct_exception_returned,tests/unit_tests/device_setup_plans/test_utils.py::test_given_shutter_open_fails_then_eiger_disarmed_and_correct_exception_returned,setup,0.01,47.98
before,10,test_log_on_invalid_json_params,tests/unit_tests/hyperion/test_main_system.py::test_log_on_invalid_json_params,setup,0.01,47.98
before,10,test_when_plan_run_with_requested_energy_specified_energy_change_executes,tests/unit_tests/experiment_plans/test_wait_for_robot_load_then_centre.py::test_when_plan_run_with_requested_energy_specified_energy_change_executes,call,0.01,47.98
before,10,test_start_gives_success,tests/unit_tests/hyperion/test_main_system.py::test_start_gives_success,call,0.01,47.98
before,10,test_start_with_json_file_gives_success,tests/unit_tests/hyperion/test_main_system.py::test_start_with_json_file_gives_success,call,0.01,47.98
before,10,test_disarm_panda_disables_correct_blocks,tests/unit_tests/device_setup_plans/test_setup_panda.py::test_disarm_panda_disables_correct_blocks,call,0.01,47.98
before,10,test_ispyb_handler_stores_sampleid_for_full_collection_not_screening[3600-True1],tests/unit_tests/external_interaction/callbacks/test_rotation_callbacks.py::test_ispyb_handler_stores_sampleid_for_full_collection_not_screening[3600-True1],call,0.01,47.98
before,10,test_trigger_and_return_pin_tip_works_for_ophyd_pin_tip_detection,tests/unit_tests/experiment_plans/test_pin_tip_centring.py::test_trigger_and_return_pin_tip_works_for_ophyd_pin_tip_detection,call,0.01,47.98
before,10,test_writers_dont_create_on_init_but_do_on_ispyb_event,tests/unit_tests/external_interaction/callbacks/xray_centre/test_nexus_handler.py::test_writers_dont_create_on_init_but_do_on_ispyb_event,call,0.01,47.98
before,10,test_getting_status_return_idle,tests/unit_tests/hyperion/test_main_system.py::test_getting_status_return_idle,setup,0.01,47.98
before,10,test_given_fgs_plan_finished_when_zocalo_results_event_then_expected_comment_deposited,tests/unit_tests/external_interaction/callbacks/xray_centre/test_ispyb_handler.py::TestXrayCentreIspybHandler::test_given_fgs_plan_finished_when_zocalo_results_event_then_expected_comment_deposited,call,0.01,47.98
before,10,test_writers_do_create_one_file_each_on_start_doc_for_run_gridscan,tests/unit_tests/external_interaction/callbacks/xray_centre/test_nexus_handler.py::test_writers_do_create_one_file_each_on_start_doc_for_run_gridscan,call,0.01,47.98
before,10,test_given_started_when_stopped_and_started_again_then_runs,tests/unit_tests/hyperion/test_main_system.py::test_given_started_when_stopped_and_started_again_then_runs,setup,0.01,47.98
before,10,test_ispyb_reuses_dcgid_on_same_sampleID[ispyb_ids3],tests/unit_tests/external_interaction/callbacks/test_rotation_callbacks.py::test_ispyb_reuses_dcgid_on_same_sampleID[ispyb_ids3],setup,0.01,47.98
before,10,test_wait_for_robot_load_then_centre_doesnt_set_energy_if_not_specified,tests/unit_tests/experiment_plans/test_wait_for_robot_load_then_centre.py::test_wait_for_robot_load_then_centre_doesnt_set_energy_if_not_specified,call,0.01,47.98
before,10,test_nexus_file_validity_for_zocalo_with_two_linked_datasets[1044],tests/unit_tests/external_interaction/nexus/test_write_nexus.py::test_nexus_file_validity_for_zocalo_with_two_linked_datasets[1044],setup,0.01,47.98
before,10,test_given_plan_raises_when_exception_raised_then_eiger_disarmed_and_correct_exception_returned,tests/unit_tests/device_setup_plans/test_utils.py::test_given_plan_raises_when_exception_raised_then_eiger_disarmed_and_correct_exception_returned,setup,0.01,47.98
before,10,test_store_rotation_scan_uses_supplied_dcgid[88],tests/unit_tests/external_interaction/ispyb/test_rotation_ispyb_store.py::test_store_rotation_scan_uses_supplied_dcgid[88],setup,0.01,47.98
before,10,test_plan_with_no_params_fails,tests/unit_tests/hyperion/test_main_system.py::test_plan_with_no_params_fails,setup,0.01,47.98
before,10,test_start_with_json_file_gives_success,tests/unit_tests/hyperion/test_main_system.py::test_start_with_json_file_gives_success,setup,0.01,47.98
before,10,test_ispyb_handler_stores_sampleid_for_full_collection_not_screening[500-True],tests/unit_tests/external_interaction/callbacks/test_rotation_callbacks.py::test_ispyb_handler_stores_sampleid_for_full_collection_not_screening[500-True],setup,0.01,47.98
before,10,test_given_dummy_data_then_datafile_written_correctly[1044],tests/unit_tests/external_interaction/nexus/test_write_nexus.py::test_given_dummy_data_then_datafile_written_correctly[1044],setup,0.01,47.98
before,10,test_end_deposition_happy_path,tests/unit_tests/external_interaction/ispyb/test_gridscan_ispyb_store_3d.py::test_end_deposition_happy_path,call,0.01,47.98
before,10,test_given_started_when_stopped_then_success_and_idle_status,tests/unit_tests/hyperion/test_main_system.py::test_given_started_when_stopped_then_success_and_idle_status,setup,0.01,47.98
before,10,test_nexus_file_validity_for_zocalo_with_three_linked_datasets[1044],tests/unit_tests/external_interaction/nexus/test_write_nexus.py::test_nexus_file_validity_for_zocalo_with_three_linked_datasets[1044],setup,0.01,47.98
before,10,test_ispyb_reuses_dcgid_on_same_sampleID[ispyb_ids2],tests/unit_tests/external_interaction/callbacks/test_rotation_callbacks.py::test_ispyb_reuses_dcgid_on_same_sampleID[ispyb_ids2],setup,0.01,47.98
before,11,test_when_grid_scan_fails_then_detector_disarmed_and_correct_exception_returned,tests/unit_tests/experiment_plans/test_flyscan_xray_centre_plan.py::TestFlyscanXrayCentrePlan::test_when_grid_scan_fails_then_detector_disarmed_and_correct_exception_returned,call,2.08,42.73
before,11,test_when_grid_scan_fails_then_detector_disarmed_and_correct_exception_returned,tests/unit_tests/experiment_plans/test_panda_flyscan_xray_centre_plan.py::TestFlyscanXrayCentrePlan::test_when_grid_scan_fails_then_detector_disarmed_and_correct_exception_returned,call,1.81,42.73
before,11,test_rotation_scan_nexus_output_compared_to_existing_file,tests/unit_tests/external_interaction/test_write_rotation_nexus.py::test_rotation_scan_nexus_output_compared_to_existing_file,call,1.5,42.73
before,11,test_given_detector_bit_depth_changes_then_vds_datatype_as_expected[100-uint16],tests/unit_tests/external_interaction/test_write_rotation_nexus.py::test_given_detector_bit_depth_changes_then_vds_datatype_as_expected[100-uint16],call,1.19,42.73
before,11,test_given_detector_bit_depth_changes_then_vds_datatype_as_expected[32-uint32],tests/unit_tests/external_interaction/test_write_rotation_nexus.py::test_given_detector_bit_depth_changes_then_vds_datatype_as_expected[32-uint32],call,1.18,42.73
before,11,test_given_detector_bit_depth_changes_then_vds_datatype_as_expected[8-uint8],tests/unit_tests/external_interaction/test_write_rotation_nexus.py::test_given_detector_bit_depth_changes_then_vds_datatype_as_expected[8-uint8],call,1.16,42.73
before,11,test_given_detector_bit_depth_changes_then_vds_datatype_as_expected[16-uint16],tests/unit_tests/external_interaction/test_write_rotation_nexus.py::test_given_detector_bit_depth_changes_then_vds_datatype_as_expected[16-uint16],call,1.16,42.73
before,11,test_GIVEN_scan_not_valid_THEN_wait_for_GRIDSCAN_raises_and_sleeps_called,tests/unit_tests/experiment_plans/test_panda_flyscan_xray_centre_plan.py::TestFlyscanXrayCentrePlan::test_GIVEN_scan_not_valid_THEN_wait_for_GRIDSCAN_raises_and_sleeps_called,call,0.86,42.73
before,11,test_given_gridscan_fails_to_centre_then_stub_offsets_not_set,tests/unit_tests/experiment_plans/test_panda_flyscan_xray_centre_plan.py::TestFlyscanXrayCentrePlan::test_given_gridscan_fails_to_centre_then_stub_offsets_not_set,call,0.84,42.73
before,11,test_ispyb_reuses_dcgid_on_same_sampleID[ispyb_ids6],tests/unit_tests/external_interaction/callbacks/test_rotation_callbacks.py::test_ispyb_reuses_dcgid_on_same_sampleID[ispyb_ids6],call,0.84,42.73
before,11,test_grid_detection_plan_gives_warningerror_if_tip_not_found,tests/unit_tests/experiment_plans/test_grid_detection_plan.py::test_grid_detection_plan_gives_warningerror_if_tip_not_found,call,0.79,42.73
before,11,test_given_no_tip_when_wait_for_tip_to_be_found_called_then_exception_thrown,tests/unit_tests/device_setup_plans/test_setup_oav.py::test_given_no_tip_when_wait_for_tip_to_be_found_called_then_exception_thrown,call,0.75,42.73
before,11,test_when_run_gridscan_called_ispyb_deposition_made_and_records_errors,tests/unit_tests/experiment_plans/test_flyscan_xray_centre_plan.py::TestFlyscanXrayCentrePlan::test_when_run_gridscan_called_ispyb_deposition_made_and_records_errors,call,0.73,42.73
before,11,test_if_smargon_speed_over_limit_then_log_error,tests/unit_tests/experiment_plans/test_panda_flyscan_xray_centre_plan.py::test_if_smargon_speed_over_limit_then_log_error,setup,0.72,42.73
before,11,test_if_smargon_speed_over_limit_then_log_error,tests/unit_tests/experiment_plans/test_panda_flyscan_xray_centre_plan.py::test_if_smargon_speed_over_limit_then_log_error,call,0.65,42.73
before,11,test_given_smargon_disabled_for_longer_than_timeout_when_plan_run_then_throws_exception,tests/unit_tests/experiment_plans/test_wait_for_robot_load_then_centre.py::test_given_smargon_disabled_for_longer_than_timeout_when_plan_run_then_throws_exception,call,0.55,42.73
before,11,test_plan_with_no_params_fails,tests/unit_tests/hyperion/test_main_system.py::test_plan_with_no_params_fails,setup,0.54,42.73
before,11,test_apply_and_wait_for_voltages_to_settle_timeout,tests/unit_tests/device_setup_plans/test_dcm_pitch_roll_mirror_adjuster.py::test_apply_and_wait_for_voltages_to_settle_timeout,call,0.54,42.73
before,11,test_given_gridscan_fails_to_centre_then_stub_offsets_not_set,tests/unit_tests/experiment_plans/test_flyscan_xray_centre_plan.py::TestFlyscanXrayCentrePlan::test_given_gridscan_fails_to_centre_then_stub_offsets_not_set,call,0.54,42.73
before,11,test_GIVEN_scan_not_valid_THEN_wait_for_GRIDSCAN_raises_and_sleeps_called,tests/unit_tests/experiment_plans/test_flyscan_xray_centre_plan.py::TestFlyscanXrayCentrePlan::test_GIVEN_scan_not_valid_THEN_wait_for_GRIDSCAN_raises_and_sleeps_called,call,0.53,42.73
before,11,test_ispyb_reuses_dcgid_on_same_sampleID[ispyb_ids1],tests/unit_tests/external_interaction/callbacks/test_rotation_callbacks.py::test_ispyb_reuses_dcgid_on_same_sampleID[ispyb_ids1],call,0.48,42.73
before,11,test_ispyb_reuses_dcgid_on_same_sampleID[ispyb_ids7],tests/unit_tests/external_interaction/callbacks/test_rotation_callbacks.py::test_ispyb_reuses_dcgid_on_same_sampleID[ispyb_ids7],call,0.48,42.73
before,11,test_ispyb_reuses_dcgid_on_same_sampleID[ispyb_ids2],tests/unit_tests/external_interaction/callbacks/test_rotation_callbacks.py::test_ispyb_reuses_dcgid_on_same_sampleID[ispyb_ids2],call,0.46,42.73
before,11,test_ispyb_reuses_dcgid_on_same_sampleID[ispyb_ids5],tests/unit_tests/external_interaction/callbacks/test_rotation_callbacks.py::test_ispyb_reuses_dcgid_on_same_sampleID[ispyb_ids5],call,0.46,42.73
before,11,test_ispyb_reuses_dcgid_on_same_sampleID[ispyb_ids0],tests/unit_tests/external_interaction/callbacks/test_rotation_callbacks.py::test_ispyb_reuses_dcgid_on_same_sampleID[ispyb_ids0],call,0.45,42.73
before,11,test_ispyb_reuses_dcgid_on_same_sampleID[ispyb_ids4],tests/unit_tests/external_interaction/callbacks/test_rotation_callbacks.py::test_ispyb_reuses_dcgid_on_same_sampleID[ispyb_ids4],call,0.45,42.73
before,11,test_ispyb_reuses_dcgid_on_same_sampleID[ispyb_ids3],tests/unit_tests/external_interaction/callbacks/test_rotation_callbacks.py::test_ispyb_reuses_dcgid_on_same_sampleID[ispyb_ids3],call,0.44,42.73
before,11,test_fgs_arms_eiger_without_grid_detect,tests/unit_tests/experiment_plans/test_flyscan_xray_centre_plan.py::TestFlyscanXrayCentrePlan::test_fgs_arms_eiger_without_grid_detect,call,0.44,42.73
before,11,test_total_count_calc_new_transmission_raises_error_on_low_ransmission,tests/unit_tests/experiment_plans/test_optimise_attenuation_plan.py::test_total_count_calc_new_transmission_raises_error_on_low_ransmission,call,0.43,42.73
before,11,test_when_set_up_oav_then_only_waits_on_oav_to_finish,tests/unit_tests/device_setup_plans/test_setup_oav.py::test_when_set_up_oav_then_only_waits_on_oav_to_finish,call,0.4,42.73
before,11,test_when_set_up_oav_with_different_zoom_levels_then_flat_field_applied_correctly[7.0-CAM],tests/unit_tests/device_setup_plans/test_setup_oav.py::test_when_set_up_oav_with_different_zoom_levels_then_flat_field_applied_correctly[7.0-CAM],call,0.4,42.73
before,11,test_cleanup_happens,tests/unit_tests/experiment_plans/test_rotation_scan_plan.py::test_cleanup_happens,call,0.4,42.73
before,11,test_when_set_up_oav_with_different_zoom_levels_then_flat_field_applied_correctly[1.0-proc],tests/unit_tests/device_setup_plans/test_setup_oav.py::test_when_set_up_oav_with_different_zoom_levels_then_flat_field_applied_correctly[1.0-proc],call,0.38,42.73
before,11,test_total_count_exception_raised_after_max_cycles_reached,tests/unit_tests/experiment_plans/test_optimise_attenuation_plan.py::test_total_count_exception_raised_after_max_cycles_reached,call,0.37,42.73
before,11,test_when_started_n_returnstatus_interrupted_bc_RE_aborted_thn_error_reptd,tests/unit_tests/hyperion/test_main_system.py::test_when_started_n_returnstatus_interrupted_bc_RE_aborted_thn_error_reptd,call,0.3,42.73
before,11,test_grid_detection_plan_runs_and_triggers_snapshots,tests/unit_tests/experiment_plans/test_grid_detection_plan.py::test_grid_detection_plan_runs_and_triggers_snapshots,setup,0.27,42.73
before,11,test_nexus_handler_triggers_write_file_when_told,tests/unit_tests/external_interaction/callbacks/test_rotation_callbacks.py::test_nexus_handler_triggers_write_file_when_told,call,0.27,42.73
before,11,test_when_context_created_then_contains_expected_number_of_plans,tests/unit_tests/hyperion/test_main_system.py::test_when_context_created_then_contains_expected_number_of_plans,call,0.26,42.73
before,11,test_given_detector_move_fails_then_eiger_disarmed_and_correct_exception_returned,tests/unit_tests/device_setup_plans/test_utils.py::test_given_detector_move_fails_then_eiger_disarmed_and_correct_exception_returned,call,0.26,42.73
before,11,test_cleanup_happens,tests/unit_tests/experiment_plans/test_rotation_scan_plan.py::test_cleanup_happens,setup,0.24,42.73
before,11,test_when_grid_detection_plan_run_then_grid_detection_callback_gets_correct_values,tests/unit_tests/experiment_plans/test_grid_detection_plan.py::test_when_grid_detection_plan_run_then_grid_detection_callback_gets_correct_values,call,0.24,42.73
before,11,test_adjust_mirror_stripe[6.999-Bare-140-15],tests/unit_tests/device_setup_plans/test_dcm_pitch_roll_mirror_adjuster.py::test_adjust_mirror_stripe[6.999-Bare-140-15],call,0.23,42.73
before,11,test_apply_and_wait_for_voltages_to_settle_happy_path,tests/unit_tests/device_setup_plans/test_dcm_pitch_roll_mirror_adjuster.py::test_apply_and_wait_for_voltages_to_settle_happy_path,call,0.22,42.73
before,11,test_adjust_mirror_stripe[7.001-Rhodium-124--46],tests/unit_tests/device_setup_plans/test_dcm_pitch_roll_mirror_adjuster.py::test_adjust_mirror_stripe[7.001-Rhodium-124--46],call,0.22,42.73
before,11,test_zocalo_start_and_end_not_triggered_if_ispyb_ids_not_present,tests/unit_tests/external_interaction/callbacks/test_rotation_callbacks.py::test_zocalo_start_and_end_not_triggered_if_ispyb_ids_not_present,call,0.22,42.73
before,11,test_given_no_tip_found_ever_when_get_tip_into_view_then_smargon_moved_positive_and_exception_thrown,tests/unit_tests/experiment_plans/test_pin_tip_centring.py::test_given_no_tip_found_ever_when_get_tip_into_view_then_smargon_moved_positive_and_exception_thrown,call,0.21,42.73
before,11,test_putting_bad_plan_fails,tests/unit_tests/hyperion/test_main_system.py::test_putting_bad_plan_fails,call,0.21,42.73
before,11,test_when_grid_scan_ran_then_eiger_disarmed_before_zocalo_end,tests/unit_tests/experiment_plans/test_panda_flyscan_xray_centre_plan.py::TestFlyscanXrayCentrePlan::test_when_grid_scan_ran_then_eiger_disarmed_before_zocalo_end,call,0.21,42.73
before,11,test_when_grid_detection_plan_run_twice_then_values_do_not_persist_in_callback,tests/unit_tests/experiment_plans/test_grid_detection_plan.py::test_when_grid_detection_plan_run_twice_then_values_do_not_persist_in_callback,call,0.2,42.73
before,11,test_when_grid_scan_ran_then_eiger_disarmed_before_zocalo_end,tests/unit_tests/experiment_plans/test_flyscan_xray_centre_plan.py::TestFlyscanXrayCentrePlan::test_when_grid_scan_ran_then_eiger_disarmed_before_zocalo_end,call,0.2,42.73
before,11,test_log_on_invalid_json_params,tests/unit_tests/hyperion/test_main_system.py::test_log_on_invalid_json_params,call,0.2,42.73
before,11,test_GIVEN_no_results_from_zocalo_WHEN_communicator_wait_for_results_called_THEN_fallback_centre_used,tests/unit_tests/experiment_plans/test_panda_flyscan_xray_centre_plan.py::TestFlyscanXrayCentrePlan::test_GIVEN_no_results_from_zocalo_WHEN_communicator_wait_for_results_called_THEN_fallback_centre_used,call,0.2,42.73
before,11,test_full_rotation_plan_smargon_settings,tests/unit_tests/experiment_plans/test_rotation_scan_plan.py::test_full_rotation_plan_smargon_settings,setup,0.19,42.73
before,11,test_plan_with_no_params_fails,tests/unit_tests/hyperion/test_main_system.py::test_plan_with_no_params_fails,call,0.19,42.73
before,11,test_GIVEN_no_results_from_zocalo_WHEN_communicator_wait_for_results_called_THEN_fallback_centre_used,tests/unit_tests/experiment_plans/test_flyscan_xray_centre_plan.py::TestFlyscanXrayCentrePlan::test_GIVEN_no_results_from_zocalo_WHEN_communicator_wait_for_results_called_THEN_fallback_centre_used,call,0.19,42.73
before,11,test_given_when_grid_detect_then_upper_left_and_start_position_as_expected,tests/unit_tests/experiment_plans/test_grid_detection_plan.py::test_given_when_grid_detect_then_upper_left_and_start_position_as_expected,call,0.18,42.73
before,11,test_pin_tip_starting_near_positive_edge_doesnt_exceed_limit,tests/unit_tests/experiment_plans/test_pin_tip_centring.py::test_pin_tip_starting_near_positive_edge_doesnt_exceed_limit,setup,0.17,42.73
before,11,test_when_gridscan_succeeds_ispyb_comment_appended_to,tests/unit_tests/experiment_plans/test_flyscan_xray_centre_plan.py::TestFlyscanXrayCentrePlan::test_when_gridscan_succeeds_ispyb_comment_appended_to,call,0.15,42.73
before,11,test_fgs_arms_eiger_without_grid_detect,tests/unit_tests/experiment_plans/test_panda_flyscan_xray_centre_plan.py::TestFlyscanXrayCentrePlan::test_fgs_arms_eiger_without_grid_detect,call,0.15,42.73
before,11,test_results_adjusted_and_passed_to_move_xyz,tests/unit_tests/experiment_plans/test_panda_flyscan_xray_centre_plan.py::TestFlyscanXrayCentrePlan::test_results_adjusted_and_passed_to_move_xyz,call,0.15,42.73
before,11,test_grid_detection_plan_runs_and_triggers_snapshots,tests/unit_tests/experiment_plans/test_grid_detection_plan.py::test_grid_detection_plan_runs_and_triggers_snapshots,call,0.13,42.73
before,11,test_rotation_plan_energy_settings,tests/unit_tests/experiment_plans/test_rotation_scan_plan.py::test_rotation_plan_energy_settings,setup,0.13,42.73
before,11,test_results_adjusted_and_passed_to_move_xyz,tests/unit_tests/experiment_plans/test_flyscan_xray_centre_plan.py::TestFlyscanXrayCentrePlan::test_results_adjusted_and_passed_to_move_xyz,call,0.13,42.73
before,11,test_rotation_plan_runs,tests/unit_tests/experiment_plans/test_rotation_scan_plan.py::test_rotation_plan_runs,setup,0.12,42.73
before,11,test_rotation_plan_zebra_settings,tests/unit_tests/experiment_plans/test_rotation_scan_plan.py::test_rotation_plan_zebra_settings,setup,0.12,42.73
before,11,test_rotation_plan_smargon_doesnt_move_xyz_if_not_given_in_params,tests/unit_tests/experiment_plans/test_rotation_scan_plan.py::test_rotation_plan_smargon_doesnt_move_xyz_if_not_given_in_params,setup,0.12,42.73
before,11,test_start_gives_success,tests/unit_tests/hyperion/test_main_system.py::test_start_gives_success,teardown,0.1,42.73
before,11,test_given_started_when_stopped_then_success_and_idle_status,tests/unit_tests/hyperion/test_main_system.py::test_given_started_when_stopped_then_success_and_idle_status,teardown,0.1,42.73
before,11,test_sending_start_twice_fails,tests/unit_tests/hyperion/test_main_system.py::test_sending_start_twice_fails,teardown,0.1,42.73
before,11,test_given_started_when_stopped_and_started_again_then_runs,tests/unit_tests/hyperion/test_main_system.py::test_given_started_when_stopped_and_started_again_then_runs,teardown,0.1,42.73
before,11,test_detect_grid_and_do_gridscan,tests/unit_tests/experiment_plans/test_grid_detect_then_xray_centre_plan.py::test_detect_grid_and_do_gridscan,call,0.1,42.73
before,11,test_when_full_grid_scan_run_then_parameters_sent_to_fgs_as_expected,tests/unit_tests/experiment_plans/test_grid_detect_then_xray_centre_plan.py::test_when_full_grid_scan_run_then_parameters_sent_to_fgs_as_expected,call,0.1,42.73
before,11,test_blueskyrunner_uses_cli_args_correctly_for_callbacks[arg_list0-parsed_arg_values0],tests/unit_tests/hyperion/test_main_system.py::test_blueskyrunner_uses_cli_args_correctly_for_callbacks[arg_list0-parsed_arg_values0],call,0.1,42.73
before,11,test_blueskyrunner_uses_cli_args_correctly_for_callbacks[arg_list1-parsed_arg_values1],tests/unit_tests/hyperion/test_main_system.py::test_blueskyrunner_uses_cli_args_correctly_for_callbacks[arg_list1-parsed_arg_values1],call,0.09,42.73
before,11,test_blueskyrunner_uses_cli_args_correctly_for_callbacks[arg_list3-parsed_arg_values3],tests/unit_tests/hyperion/test_main_system.py::test_blueskyrunner_uses_cli_args_correctly_for_callbacks[arg_list3-parsed_arg_values3],call,0.09,42.73
before,11,test_blueskyrunner_uses_cli_args_correctly_for_callbacks[arg_list2-parsed_arg_values2],tests/unit_tests/hyperion/test_main_system.py::test_blueskyrunner_uses_cli_args_correctly_for_callbacks[arg_list2-parsed_arg_values2],call,0.09,42.73
before,11,test_given_no_tip_found_but_will_be_found_when_get_tip_into_view_then_smargon_moved_positive_and_tip_returned,tests/unit_tests/experiment_plans/test_pin_tip_centring.py::test_given_no_tip_found_but_will_be_found_when_get_tip_into_view_then_smargon_moved_positive_and_tip_returned,call,0.09,42.73
before,11,test_given_moving_out_of_range_when_move_with_warn_called_then_warning_exception,tests/unit_tests/experiment_plans/test_pin_tip_centring.py::test_given_moving_out_of_range_when_move_with_warn_called_then_warning_exception,call,0.08,42.73
before,11,test_rotation_scan,tests/unit_tests/experiment_plans/test_rotation_scan_plan.py::test_rotation_scan,call,0.07,42.73
before,11,test_given_xbpm_checks_fail_when_plan_run_with_decorator_then_plan_not_run,tests/unit_tests/device_setup_plans/test_xbpm_feedback.py::test_given_xbpm_checks_fail_when_plan_run_with_decorator_then_plan_not_run,call,0.07,42.73
before,11,test_when_pin_centre_xray_centre_called_then_detector_positioned,tests/unit_tests/experiment_plans/test_pin_centre_then_xray_centre_plan.py::test_when_pin_centre_xray_centre_called_then_detector_positioned,call,0.07,42.73
before,11,test_given_plan_raises_when_exception_raised_then_eiger_disarmed_and_correct_exception_returned,tests/unit_tests/device_setup_plans/test_utils.py::test_given_plan_raises_when_exception_raised_then_eiger_disarmed_and_correct_exception_returned,call,0.07,42.73
before,11,test_given_xpbm_checks_pass_and_plan_fails_when_plan_run_with_decorator_then_cleaned_up,tests/unit_tests/device_setup_plans/test_xbpm_feedback.py::test_given_xpbm_checks_pass_and_plan_fails_when_plan_run_with_decorator_then_cleaned_up,call,0.06,42.73
before,11,test_individual_plans_triggered_once_and_only_once_in_composite_run,tests/unit_tests/experiment_plans/test_panda_flyscan_xray_centre_plan.py::TestFlyscanXrayCentrePlan::test_individual_plans_triggered_once_and_only_once_in_composite_run,setup,0.06,42.73
before,11,test_when_gridscan_succeeds_ispyb_comment_appended_to,tests/unit_tests/experiment_plans/test_panda_flyscan_xray_centre_plan.py::TestFlyscanXrayCentrePlan::test_when_gridscan_succeeds_ispyb_comment_appended_to,call,0.06,42.73
before,11,test_ispyb_handler_grabs_uid_from_main_plan_and_not_first_start_doc,tests/unit_tests/external_interaction/callbacks/test_rotation_callbacks.py::test_ispyb_handler_grabs_uid_from_main_plan_and_not_first_start_doc,call,0.06,42.73
before,11,test_individual_plans_triggered_once_and_only_once_in_composite_run,tests/unit_tests/experiment_plans/test_panda_flyscan_xray_centre_plan.py::TestFlyscanXrayCentrePlan::test_individual_plans_triggered_once_and_only_once_in_composite_run,call,0.06,42.73
before,11,test_when_gridscan_finished_then_smargon_stub_offsets_are_set,tests/unit_tests/experiment_plans/test_panda_flyscan_xray_centre_plan.py::TestFlyscanXrayCentrePlan::test_when_gridscan_finished_then_smargon_stub_offsets_are_set,call,0.06,42.73
before,11,test_when_grid_scan_ran_then_eiger_disarmed_before_zocalo_end,tests/unit_tests/experiment_plans/test_panda_flyscan_xray_centre_plan.py::TestFlyscanXrayCentrePlan::test_when_grid_scan_ran_then_eiger_disarmed_before_zocalo_end,setup,0.05,42.73
before,11,test_read_hardware_for_ispyb_updates_from_ophyd_devices,tests/unit_tests/experiment_plans/test_panda_flyscan_xray_centre_plan.py::TestFlyscanXrayCentrePlan::test_read_hardware_for_ispyb_updates_from_ophyd_devices,call,0.05,42.73
before,11,test_when_gridscan_fails_ispyb_comment_appended_to,tests/unit_tests/experiment_plans/test_panda_flyscan_xray_centre_plan.py::TestFlyscanXrayCentrePlan::test_when_gridscan_fails_ispyb_comment_appended_to,setup,0.05,42.73
before,11,test_results_adjusted_and_passed_to_move_xyz,tests/unit_tests/experiment_plans/test_panda_flyscan_xray_centre_plan.py::TestFlyscanXrayCentrePlan::test_results_adjusted_and_passed_to_move_xyz,setup,0.05,42.73
before,11,test_given_setting_stub_offsets_disabled_then_stub_offsets_not_set,tests/unit_tests/experiment_plans/test_panda_flyscan_xray_centre_plan.py::TestFlyscanXrayCentrePlan::test_given_setting_stub_offsets_disabled_then_stub_offsets_not_set,setup,0.05,42.73
before,11,test_ispyb_starts_on_opening_and_zocalo_on_main_so_ispyb_triggered_before_zocalo,tests/unit_tests/external_interaction/callbacks/test_rotation_callbacks.py::test_ispyb_starts_on_opening_and_zocalo_on_main_so_ispyb_triggered_before_zocalo,call,0.05,42.73
before,11,test_when_gridscan_succeeds_ispyb_comment_appended_to,tests/unit_tests/experiment_plans/test_panda_flyscan_xray_centre_plan.py::TestFlyscanXrayCentrePlan::test_when_gridscan_succeeds_ispyb_comment_appended_to,setup,0.05,42.73
before,11,test_ispyb_specifies_experiment_type_if_supplied,tests/unit_tests/external_interaction/callbacks/test_rotation_callbacks.py::test_ispyb_specifies_experiment_type_if_supplied,call,0.05,42.73
before,11,test_GIVEN_no_results_from_zocalo_WHEN_communicator_wait_for_results_called_THEN_fallback_centre_used,tests/unit_tests/experiment_plans/test_panda_flyscan_xray_centre_plan.py::TestFlyscanXrayCentrePlan::test_GIVEN_no_results_from_zocalo_WHEN_communicator_wait_for_results_called_THEN_fallback_centre_used,setup,0.05,42.73
before,11,test_kickoff_and_complete_gridscan_triggers_zocalo,tests/unit_tests/experiment_plans/test_flyscan_xray_centre_plan.py::test_kickoff_and_complete_gridscan_triggers_zocalo,call,0.05,42.73
before,11,test_given_shutter_open_fails_then_eiger_disarmed_and_correct_exception_returned,tests/unit_tests/device_setup_plans/test_utils.py::test_given_shutter_open_fails_then_eiger_disarmed_and_correct_exception_returned,call,0.05,42.73
before,11,test_when_gridscan_finished_then_smargon_stub_offsets_are_set,tests/unit_tests/experiment_plans/test_panda_flyscan_xray_centre_plan.py::TestFlyscanXrayCentrePlan::test_when_gridscan_finished_then_smargon_stub_offsets_are_set,setup,0.05,42.73
before,11,test_pin_tip_starting_near_negative_edge_doesnt_exceed_limit,tests/unit_tests/experiment_plans/test_pin_tip_centring.py::test_pin_tip_starting_near_negative_edge_doesnt_exceed_limit,call,0.05,42.73
before,11,test_read_hardware_for_ispyb_updates_from_ophyd_devices,tests/unit_tests/experiment_plans/test_flyscan_xray_centre_plan.py::TestFlyscanXrayCentrePlan::test_read_hardware_for_ispyb_updates_from_ophyd_devices,call,0.05,42.73
before,11,test_given_setting_stub_offsets_disabled_then_stub_offsets_not_set,tests/unit_tests/experiment_plans/test_panda_flyscan_xray_centre_plan.py::TestFlyscanXrayCentrePlan::test_given_setting_stub_offsets_disabled_then_stub_offsets_not_set,call,0.05,42.73
before,11,test_fgs_arms_eiger_without_grid_detect,tests/unit_tests/experiment_plans/test_panda_flyscan_xray_centre_plan.py::TestFlyscanXrayCentrePlan::test_fgs_arms_eiger_without_grid_detect,setup,0.05,42.73
before,11,test_GIVEN_no_results_from_zocalo_WHEN_communicator_wait_for_results_called_THEN_fallback_centre_used,tests/unit_tests/experiment_plans/test_flyscan_xray_centre_plan.py::TestFlyscanXrayCentrePlan::test_GIVEN_no_results_from_zocalo_WHEN_communicator_wait_for_results_called_THEN_fallback_centre_used,setup,0.05,42.73
before,11,test_read_hardware_for_ispyb_updates_from_ophyd_devices,tests/unit_tests/experiment_plans/test_panda_flyscan_xray_centre_plan.py::TestFlyscanXrayCentrePlan::test_read_hardware_for_ispyb_updates_from_ophyd_devices,setup,0.05,42.73
before,11,test_when_grid_scan_ran_then_eiger_disarmed_before_zocalo_end,tests/unit_tests/experiment_plans/test_flyscan_xray_centre_plan.py::TestFlyscanXrayCentrePlan::test_when_grid_scan_ran_then_eiger_disarmed_before_zocalo_end,setup,0.05,42.73
before,11,test_when_gridscan_finished_then_smargon_stub_offsets_are_set,tests/unit_tests/experiment_plans/test_flyscan_xray_centre_plan.py::TestFlyscanXrayCentrePlan::test_when_gridscan_finished_then_smargon_stub_offsets_are_set,setup,0.05,42.73
before,11,test_individual_plans_triggered_once_and_only_once_in_composite_run,tests/unit_tests/experiment_plans/test_flyscan_xray_centre_plan.py::TestFlyscanXrayCentrePlan::test_individual_plans_triggered_once_and_only_once_in_composite_run,setup,0.05,42.73
before,11,test_individual_plans_triggered_once_and_only_once_in_composite_run,tests/unit_tests/experiment_plans/test_flyscan_xray_centre_plan.py::TestFlyscanXrayCentrePlan::test_individual_plans_triggered_once_and_only_once_in_composite_run,call,0.05,42.73
before,11,test_when_grid_scan_fails_then_detector_disarmed_and_correct_exception_returned,tests/unit_tests/experiment_plans/test_panda_flyscan_xray_centre_plan.py::TestFlyscanXrayCentrePlan::test_when_grid_scan_fails_then_detector_disarmed_and_correct_exception_returned,setup,0.05,42.73
before,11,test_given_gridscan_fails_to_centre_then_stub_offsets_not_set,tests/unit_tests/experiment_plans/test_panda_flyscan_xray_centre_plan.py::TestFlyscanXrayCentrePlan::test_given_gridscan_fails_to_centre_then_stub_offsets_not_set,setup,0.05,42.73
before,11,test_results_passed_to_move_motors,tests/unit_tests/experiment_plans/test_panda_flyscan_xray_centre_plan.py::TestFlyscanXrayCentrePlan::test_results_passed_to_move_motors,setup,0.05,42.73
before,11,test_when_gridscan_succeeds_ispyb_comment_appended_to,tests/unit_tests/experiment_plans/test_flyscan_xray_centre_plan.py::TestFlyscanXrayCentrePlan::test_when_gridscan_succeeds_ispyb_comment_appended_to,setup,0.05,42.73
before,11,test_results_adjusted_and_passed_to_move_xyz,tests/unit_tests/experiment_plans/test_flyscan_xray_centre_plan.py::TestFlyscanXrayCentrePlan::test_results_adjusted_and_passed_to_move_xyz,setup,0.05,42.73
before,11,test_when_gridscan_fails_ispyb_comment_appended_to,tests/unit_tests/experiment_plans/test_flyscan_xray_centre_plan.py::TestFlyscanXrayCentrePlan::test_when_gridscan_fails_ispyb_comment_appended_to,setup,0.05,42.73
before,11,test_when_gridscan_finished_then_smargon_stub_offsets_are_set,tests/unit_tests/experiment_plans/test_flyscan_xray_centre_plan.py::TestFlyscanXrayCentrePlan::test_when_gridscan_finished_then_smargon_stub_offsets_are_set,call,0.05,42.73
before,11,test_given_setting_stub_offsets_disabled_then_stub_offsets_not_set,tests/unit_tests/experiment_plans/test_flyscan_xray_centre_plan.py::TestFlyscanXrayCentrePlan::test_given_setting_stub_offsets_disabled_then_stub_offsets_not_set,setup,0.05,42.73
before,11,test_nexus_handler_gets_documents_in_mock_plan,tests/unit_tests/external_interaction/callbacks/test_rotation_callbacks.py::test_nexus_handler_gets_documents_in_mock_plan,call,0.05,42.73
before,11,test_when_gridscan_fails_ispyb_comment_appended_to,tests/unit_tests/experiment_plans/test_panda_flyscan_xray_centre_plan.py::TestFlyscanXrayCentrePlan::test_when_gridscan_fails_ispyb_comment_appended_to,call,0.05,42.73
before,11,test_rotation_scan,tests/unit_tests/experiment_plans/test_rotation_scan_plan.py::test_rotation_scan,setup,0.05,42.73
before,11,test_read_hardware_for_ispyb_updates_from_ophyd_devices,tests/unit_tests/experiment_plans/test_flyscan_xray_centre_plan.py::TestFlyscanXrayCentrePlan::test_read_hardware_for_ispyb_updates_from_ophyd_devices,setup,0.05,42.73
before,11,test_results_passed_to_move_motors,tests/unit_tests/experiment_plans/test_flyscan_xray_centre_plan.py::TestFlyscanXrayCentrePlan::test_results_passed_to_move_motors,setup,0.04,42.73
before,11,test_nexus_handler_only_writes_once,tests/unit_tests/external_interaction/callbacks/test_rotation_callbacks.py::test_nexus_handler_only_writes_once,call,0.04,42.73
before,11,test_when_grid_scan_fails_then_detector_disarmed_and_correct_exception_returned,tests/unit_tests/experiment_plans/test_flyscan_xray_centre_plan.py::TestFlyscanXrayCentrePlan::test_when_grid_scan_fails_then_detector_disarmed_and_correct_exception_returned,setup,0.04,42.73
before,11,test_fgs_arms_eiger_without_grid_detect,tests/unit_tests/experiment_plans/test_flyscan_xray_centre_plan.py::TestFlyscanXrayCentrePlan::test_fgs_arms_eiger_without_grid_detect,setup,0.04,42.73
before,11,test_given_setting_stub_offsets_disabled_then_stub_offsets_not_set,tests/unit_tests/experiment_plans/test_flyscan_xray_centre_plan.py::TestFlyscanXrayCentrePlan::test_given_setting_stub_offsets_disabled_then_stub_offsets_not_set,call,0.04,42.73
before,11,test_when_run_gridscan_called_ispyb_deposition_made_and_records_errors,tests/unit_tests/experiment_plans/test_flyscan_xray_centre_plan.py::TestFlyscanXrayCentrePlan::test_when_run_gridscan_called_ispyb_deposition_made_and_records_errors,setup,0.04,42.73
before,11,test_kickoff_and_complete_gridscan_triggers_zocalo,tests/unit_tests/experiment_plans/test_flyscan_xray_centre_plan.py::test_kickoff_and_complete_gridscan_triggers_zocalo,setup,0.04,42.73
before,11,test_given_gridscan_fails_to_centre_then_stub_offsets_not_set,tests/unit_tests/experiment_plans/test_flyscan_xray_centre_plan.py::TestFlyscanXrayCentrePlan::test_given_gridscan_fails_to_centre_then_stub_offsets_not_set,setup,0.04,42.73
before,11,test_total_counts_calc_new_transmission_raises_warning_on_high_transmission,tests/unit_tests/experiment_plans/test_optimise_attenuation_plan.py::test_total_counts_calc_new_transmission_raises_warning_on_high_transmission,call,0.04,42.73
before,11,test_when_gridscan_fails_ispyb_comment_appended_to,tests/unit_tests/experiment_plans/test_flyscan_xray_centre_plan.py::TestFlyscanXrayCentrePlan::test_when_gridscan_fails_ispyb_comment_appended_to,call,0.04,42.73
before,11,test_given_tip_at_zero_but_will_be_found_when_get_tip_into_view_then_smargon_moved_negative_and_tip_returned,tests/unit_tests/experiment_plans/test_pin_tip_centring.py::test_given_tip_at_zero_but_will_be_found_when_get_tip_into_view_then_smargon_moved_negative_and_tip_returned,call,0.04,42.73
before,11,test_pin_tip_starting_near_positive_edge_doesnt_exceed_limit,tests/unit_tests/experiment_plans/test_pin_tip_centring.py::test_pin_tip_starting_near_positive_edge_doesnt_exceed_limit,call,0.03,42.73
before,11,test_given_xpbm_checks_pass_when_plan_run_with_decorator_then_run_as_expected,tests/unit_tests/device_setup_plans/test_xbpm_feedback.py::test_given_xpbm_checks_pass_when_plan_run_with_decorator_then_run_as_expected,call,0.03,42.73
before,11,test_trigger_and_return_pin_tip_works_for_AD_pin_tip_detection,tests/unit_tests/experiment_plans/test_pin_tip_centring.py::test_trigger_and_return_pin_tip_works_for_AD_pin_tip_detection,setup,0.03,42.73
before,11,test_when_detected_grid_has_odd_y_steps_then_add_a_y_step_and_shift_grid[True],tests/unit_tests/experiment_plans/test_grid_detection_plan.py::test_when_detected_grid_has_odd_y_steps_then_add_a_y_step_and_shift_grid[True],call,0.03,42.73
before,11,test_zebra_set_up_for_rotation,tests/unit_tests/device_setup_plans/test_zebra_setup.py::test_zebra_set_up_for_rotation,call,0.03,42.73
before,11,test_when_detected_grid_has_odd_y_steps_then_add_a_y_step_and_shift_grid[False],tests/unit_tests/experiment_plans/test_grid_detection_plan.py::test_when_detected_grid_has_odd_y_steps_then_add_a_y_step_and_shift_grid[False],call,0.03,42.73
before,11,test_when_pin_centre_xray_centre_called_then_detector_positioned,tests/unit_tests/experiment_plans/test_pin_centre_then_xray_centre_plan.py::test_when_pin_centre_xray_centre_called_then_detector_positioned,setup,0.03,42.73
before,11,test_when_blueskyrunner_initiated_and_skip_flag_is_not_set_then_all_plans_setup,tests/unit_tests/hyperion/test_main_system.py::test_when_blueskyrunner_initiated_and_skip_flag_is_not_set_then_all_plans_setup,call,0.03,42.73
before,11,test_when_full_grid_scan_run_then_parameters_sent_to_fgs_as_expected,tests/unit_tests/experiment_plans/test_grid_detect_then_xray_centre_plan.py::test_when_full_grid_scan_run_then_parameters_sent_to_fgs_as_expected,setup,0.03,42.73
before,11,test_given_smargon_disabled_when_plan_run_then_waits_on_smargon[14],tests/unit_tests/experiment_plans/test_wait_for_robot_load_then_centre.py::test_given_smargon_disabled_when_plan_run_then_waits_on_smargon[14],call,0.03,42.73
before,11,test_detect_grid_and_do_gridscan,tests/unit_tests/experiment_plans/test_grid_detect_then_xray_centre_plan.py::test_detect_grid_and_do_gridscan,setup,0.03,42.73
before,11,test_given_shutter_open_fails_then_eiger_disarmed_and_correct_exception_returned,tests/unit_tests/device_setup_plans/test_utils.py::test_given_shutter_open_fails_then_eiger_disarmed_and_correct_exception_returned,setup,0.02,42.73
before,11,test_total_counts_gets_within_target,tests/unit_tests/experiment_plans/test_optimise_attenuation_plan.py::test_total_counts_gets_within_target,call,0.02,42.73
before,11,test_optimisation_attenuation_plan_runs_correct_functions[total_counts],tests/unit_tests/experiment_plans/test_optimise_attenuation_plan.py::test_optimisation_attenuation_plan_runs_correct_functions[total_counts],call,0.02,42.73
before,11,test_when_detected_grid_has_odd_y_steps_then_add_a_y_step_and_shift_grid[True],tests/unit_tests/experiment_plans/test_grid_detection_plan.py::test_when_detected_grid_has_odd_y_steps_then_add_a_y_step_and_shift_grid[True],setup,0.02,42.73
before,11,test_set_energy,tests/unit_tests/experiment_plans/test_set_energy_plan.py::test_set_energy,setup,0.02,42.73
before,11,test_grid_detection_plan_gives_warningerror_if_tip_not_found,tests/unit_tests/experiment_plans/test_grid_detection_plan.py::test_grid_detection_plan_gives_warningerror_if_tip_not_found,setup,0.02,42.73
before,11,test_when_detected_grid_has_odd_y_steps_then_add_a_y_step_and_shift_grid[False],tests/unit_tests/experiment_plans/test_grid_detection_plan.py::test_when_detected_grid_has_odd_y_steps_then_add_a_y_step_and_shift_grid[False],setup,0.02,42.73
before,11,test_when_grid_detection_plan_run_twice_then_values_do_not_persist_in_callback,tests/unit_tests/experiment_plans/test_grid_detection_plan.py::test_when_grid_detection_plan_run_twice_then_values_do_not_persist_in_callback,setup,0.02,42.73
before,11,test_given_when_grid_detect_then_upper_left_and_start_position_as_expected,tests/unit_tests/experiment_plans/test_grid_detection_plan.py::test_given_when_grid_detect_then_upper_left_and_start_position_as_expected,setup,0.02,42.73
before,11,test_optimisation_attenuation_plan_runs_correct_functions[deadtime],tests/unit_tests/experiment_plans/test_optimise_attenuation_plan.py::test_optimisation_attenuation_plan_runs_correct_functions[deadtime],call,0.02,42.73
before,11,test_when_grid_detection_plan_run_then_grid_detection_callback_gets_correct_values,tests/unit_tests/experiment_plans/test_grid_detection_plan.py::test_when_grid_detection_plan_run_then_grid_detection_callback_gets_correct_values,setup,0.02,42.73
before,11,test_trigger_and_return_pin_tip_works_for_AD_pin_tip_detection,tests/unit_tests/experiment_plans/test_pin_tip_centring.py::test_trigger_and_return_pin_tip_works_for_AD_pin_tip_detection,call,0.02,42.73
before,11,test_given_smargon_disabled_when_plan_run_then_waits_on_smargon[5],tests/unit_tests/experiment_plans/test_wait_for_robot_load_then_centre.py::test_given_smargon_disabled_when_plan_run_then_waits_on_smargon[5],call,0.02,42.73
before,11,test_given_smargon_disabled_when_plan_run_then_waits_on_smargon[5],tests/unit_tests/experiment_plans/test_wait_for_robot_load_then_centre.py::test_given_smargon_disabled_when_plan_run_then_waits_on_smargon[5],setup,0.02,42.73
before,11,test_given_smargon_disabled_when_plan_run_then_waits_on_smargon[14],tests/unit_tests/experiment_plans/test_wait_for_robot_load_then_centre.py::test_given_smargon_disabled_when_plan_run_then_waits_on_smargon[14],setup,0.02,42.73
before,11,test_wait_for_robot_load_then_centre_doesnt_set_energy_if_not_specified,tests/unit_tests/experiment_plans/test_wait_for_robot_load_then_centre.py::test_wait_for_robot_load_then_centre_doesnt_set_energy_if_not_specified,setup,0.02,42.73
before,11,test_when_plan_run_then_centring_plan_run_with_expected_parameters,tests/unit_tests/experiment_plans/test_wait_for_robot_load_then_centre.py::test_when_plan_run_then_centring_plan_run_with_expected_parameters,setup,0.02,42.73
before,11,test_when_plan_run_then_detector_arm_started_before_wait_on_robot_load,tests/unit_tests/experiment_plans/test_wait_for_robot_load_then_centre.py::test_when_plan_run_then_detector_arm_started_before_wait_on_robot_load,setup,0.02,42.73
before,11,test_values_for_move_so_that_beam_is_at_pixel[px_per_um0-beam_centre0-0-pixel_to_move_to0-expected_xyz0],tests/unit_tests/device_setup_plans/test_setup_oav.py::test_values_for_move_so_that_beam_is_at_pixel[px_per_um0-beam_centre0-0-pixel_to_move_to0-expected_xyz0],setup,0.02,42.73
before,11,test_given_smargon_disabled_for_longer_than_timeout_when_plan_run_then_throws_exception,tests/unit_tests/experiment_plans/test_wait_for_robot_load_then_centre.py::test_given_smargon_disabled_for_longer_than_timeout_when_plan_run_then_throws_exception,setup,0.02,42.73
before,11,test_when_plan_run_with_requested_energy_specified_energy_change_executes,tests/unit_tests/experiment_plans/test_wait_for_robot_load_then_centre.py::test_when_plan_run_with_requested_energy_specified_energy_change_executes,setup,0.02,42.73
before,11,test_given_smargon_disabled_when_plan_run_then_waits_on_smargon[3],tests/unit_tests/experiment_plans/test_wait_for_robot_load_then_centre.py::test_given_smargon_disabled_when_plan_run_then_waits_on_smargon[3],setup,0.02,42.73
before,11,test_when_plan_run_then_detector_arm_started_before_wait_on_robot_load,tests/unit_tests/experiment_plans/test_wait_for_robot_load_then_centre.py::test_when_plan_run_then_detector_arm_started_before_wait_on_robot_load,call,0.02,42.73
before,11,test_given_smargon_disabled_when_plan_run_then_waits_on_smargon[3],tests/unit_tests/experiment_plans/test_wait_for_robot_load_then_centre.py::test_given_smargon_disabled_when_plan_run_then_waits_on_smargon[3],call,0.02,42.73
before,11,test_values_for_move_so_that_beam_is_at_pixel[px_per_um4-beam_centre4--90-pixel_to_move_to4-expected_xyz4],tests/unit_tests/device_setup_plans/test_setup_oav.py::test_values_for_move_so_that_beam_is_at_pixel[px_per_um4-beam_centre4--90-pixel_to_move_to4-expected_xyz4],setup,0.02,42.73
before,11,test_values_for_move_so_that_beam_is_at_pixel[px_per_um6-beam_centre6--90-pixel_to_move_to6-expected_xyz6],tests/unit_tests/device_setup_plans/test_setup_oav.py::test_values_for_move_so_that_beam_is_at_pixel[px_per_um6-beam_centre6--90-pixel_to_move_to6-expected_xyz6],setup,0.02,42.73
before,11,test_values_for_move_so_that_beam_is_at_pixel[px_per_um1-beam_centre1--90-pixel_to_move_to1-expected_xyz1],tests/unit_tests/device_setup_plans/test_setup_oav.py::test_values_for_move_so_that_beam_is_at_pixel[px_per_um1-beam_centre1--90-pixel_to_move_to1-expected_xyz1],setup,0.02,42.73
before,11,test_values_for_move_so_that_beam_is_at_pixel[px_per_um3-beam_centre3-0-pixel_to_move_to3-expected_xyz3],tests/unit_tests/device_setup_plans/test_setup_oav.py::test_values_for_move_so_that_beam_is_at_pixel[px_per_um3-beam_centre3-0-pixel_to_move_to3-expected_xyz3],setup,0.02,42.73
before,11,test_values_for_move_so_that_beam_is_at_pixel[px_per_um2-beam_centre2-90-pixel_to_move_to2-expected_xyz2],tests/unit_tests/device_setup_plans/test_setup_oav.py::test_values_for_move_so_that_beam_is_at_pixel[px_per_um2-beam_centre2-90-pixel_to_move_to2-expected_xyz2],setup,0.02,42.73
before,11,test_values_for_move_so_that_beam_is_at_pixel[px_per_um5-beam_centre5-0-pixel_to_move_to5-expected_xyz5],tests/unit_tests/device_setup_plans/test_setup_oav.py::test_values_for_move_so_that_beam_is_at_pixel[px_per_um5-beam_centre5-0-pixel_to_move_to5-expected_xyz5],setup,0.01,42.73
before,11,test_zebra_arm_disarm,tests/unit_tests/device_setup_plans/test_zebra_setup.py::test_zebra_arm_disarm,call,0.01,42.73
before,11,test_when_plan_run_then_centring_plan_run_with_expected_parameters,tests/unit_tests/experiment_plans/test_wait_for_robot_load_then_centre.py::test_when_plan_run_then_centring_plan_run_with_expected_parameters,call,0.01,42.73
before,11,test_when_all_tries_fail_then_bluesky_retry_throws_error,tests/unit_tests/device_setup_plans/test_zebra_setup.py::test_when_all_tries_fail_then_bluesky_retry_throws_error,call,0.01,42.73
before,11,test_doesnt_activate_on_wrong_metadata,tests/unit_tests/external_interaction/callbacks/test_plan_reactive_callback.py::test_doesnt_activate_on_wrong_metadata,call,0.01,42.73
before,11,test_adjust_dcm_pitch_roll_vfm_from_lut,tests/unit_tests/device_setup_plans/test_dcm_pitch_roll_mirror_adjuster.py::test_adjust_dcm_pitch_roll_vfm_from_lut,setup,0.01,42.73
before,11,test_values_for_move_so_that_beam_is_at_pixel[px_per_um1-beam_centre1--90-pixel_to_move_to1-expected_xyz1],tests/unit_tests/device_setup_plans/test_setup_oav.py::test_values_for_move_so_that_beam_is_at_pixel[px_per_um1-beam_centre1--90-pixel_to_move_to1-expected_xyz1],call,0.01,42.73
before,11,test_deactivates_after_closing,tests/unit_tests/external_interaction/callbacks/test_plan_reactive_callback.py::test_deactivates_after_closing,call,0.01,42.73
before,11,test_activates_on_metadata,tests/unit_tests/external_interaction/callbacks/test_plan_reactive_callback.py::test_activates_on_metadata,call,0.01,42.73
before,11,test_zebra_set_up_for_gridscan,tests/unit_tests/device_setup_plans/test_zebra_setup.py::test_zebra_set_up_for_gridscan,setup,0.01,42.73
before,11,test_arm_devices_runs_correct_functions,tests/unit_tests/experiment_plans/test_optimise_attenuation_plan.py::test_arm_devices_runs_correct_functions,call,0.01,42.73
before,11,test_deadtime_optimisation_calculates_deadtime_correctly,tests/unit_tests/experiment_plans/test_optimise_attenuation_plan.py::test_deadtime_optimisation_calculates_deadtime_correctly,call,0.01,42.73
before,11,test_given_tip_found_when_wait_for_tip_to_be_found_called_then_tip_immediately_returned,tests/unit_tests/device_setup_plans/test_setup_oav.py::test_given_tip_found_when_wait_for_tip_to_be_found_called_then_tip_immediately_returned,call,0.01,42.73
before,11,test_values_for_move_so_that_beam_is_at_pixel[px_per_um0-beam_centre0-0-pixel_to_move_to0-expected_xyz0],tests/unit_tests/device_setup_plans/test_setup_oav.py::test_values_for_move_so_that_beam_is_at_pixel[px_per_um0-beam_centre0-0-pixel_to_move_to0-expected_xyz0],call,0.01,42.73
before,11,test_execution_of_do_fgs_triggers_zocalo_calls,tests/unit_tests/external_interaction/callbacks/test_zocalo_handler.py::TestZocaloHandler::test_execution_of_do_fgs_triggers_zocalo_calls,call,0.01,42.73
before,11,test_values_for_move_so_that_beam_is_at_pixel[px_per_um6-beam_centre6--90-pixel_to_move_to6-expected_xyz6],tests/unit_tests/device_setup_plans/test_setup_oav.py::test_values_for_move_so_that_beam_is_at_pixel[px_per_um6-beam_centre6--90-pixel_to_move_to6-expected_xyz6],call,0.01,42.73
before,11,test_zebra_set_up_for_gridscan,tests/unit_tests/device_setup_plans/test_zebra_setup.py::test_zebra_set_up_for_gridscan,call,0.01,42.73
before,11,test_given_started_when_stopped_and_started_again_then_runs,tests/unit_tests/hyperion/test_main_system.py::test_given_started_when_stopped_and_started_again_then_runs,call,0.01,42.73
before,11,test_values_for_move_so_that_beam_is_at_pixel[px_per_um5-beam_centre5-0-pixel_to_move_to5-expected_xyz5],tests/unit_tests/device_setup_plans/test_setup_oav.py::test_values_for_move_so_that_beam_is_at_pixel[px_per_um5-beam_centre5-0-pixel_to_move_to5-expected_xyz5],call,0.01,42.73
before,11,test_sending_start_twice_fails,tests/unit_tests/hyperion/test_main_system.py::test_sending_start_twice_fails,call,0.01,42.73
before,11,test_when_pin_tip_centre_plan_called_then_expected_plans_called,tests/unit_tests/experiment_plans/test_pin_tip_centring.py::test_when_pin_tip_centre_plan_called_then_expected_plans_called,call,0.01,42.73
before,11,test_given_tip_at_zero_but_will_be_found_when_get_tip_into_view_then_smargon_moved_negative_and_tip_returned,tests/unit_tests/experiment_plans/test_pin_tip_centring.py::test_given_tip_at_zero_but_will_be_found_when_get_tip_into_view_then_smargon_moved_negative_and_tip_returned,setup,0.01,42.73
before,11,test_given_pin_tip_detect_using_ophyd_when_pin_tip_centre_plan_called_then_expected_plans_called,tests/unit_tests/experiment_plans/test_pin_tip_centring.py::test_given_pin_tip_detect_using_ophyd_when_pin_tip_centre_plan_called_then_expected_plans_called,setup,0.01,42.73
before,11,test_values_for_move_so_that_beam_is_at_pixel[px_per_um4-beam_centre4--90-pixel_to_move_to4-expected_xyz4],tests/unit_tests/device_setup_plans/test_setup_oav.py::test_values_for_move_so_that_beam_is_at_pixel[px_per_um4-beam_centre4--90-pixel_to_move_to4-expected_xyz4],call,0.01,42.73
before,11,test_when_set_up_oav_then_only_waits_on_oav_to_finish,tests/unit_tests/device_setup_plans/test_setup_oav.py::test_when_set_up_oav_then_only_waits_on_oav_to_finish,setup,0.01,42.73
before,11,test_when_set_up_oav_with_different_zoom_levels_then_flat_field_applied_correctly[7.0-CAM],tests/unit_tests/device_setup_plans/test_setup_oav.py::test_when_set_up_oav_with_different_zoom_levels_then_flat_field_applied_correctly[7.0-CAM],setup,0.01,42.73
before,11,test_when_set_up_oav_with_different_zoom_levels_then_flat_field_applied_correctly[1.0-proc],tests/unit_tests/device_setup_plans/test_setup_oav.py::test_when_set_up_oav_with_different_zoom_levels_then_flat_field_applied_correctly[1.0-proc],setup,0.01,42.73
before,11,test_values_for_move_so_that_beam_is_at_pixel[px_per_um2-beam_centre2-90-pixel_to_move_to2-expected_xyz2],tests/unit_tests/device_setup_plans/test_setup_oav.py::test_values_for_move_so_that_beam_is_at_pixel[px_per_um2-beam_centre2-90-pixel_to_move_to2-expected_xyz2],call,0.01,42.73
before,11,test_given_no_tip_found_ever_when_get_tip_into_view_then_smargon_moved_positive_and_exception_thrown,tests/unit_tests/experiment_plans/test_pin_tip_centring.py::test_given_no_tip_found_ever_when_get_tip_into_view_then_smargon_moved_positive_and_exception_thrown,setup,0.01,42.73
before,11,test_pin_tip_starting_near_negative_edge_doesnt_exceed_limit,tests/unit_tests/experiment_plans/test_pin_tip_centring.py::test_pin_tip_starting_near_negative_edge_doesnt_exceed_limit,setup,0.01,42.73
before,11,test_given_pin_tip_detect_using_ophyd_when_pin_tip_centre_plan_called_then_expected_plans_called,tests/unit_tests/experiment_plans/test_pin_tip_centring.py::test_given_pin_tip_detect_using_ophyd_when_pin_tip_centre_plan_called_then_expected_plans_called,call,0.01,42.73
before,11,test_given_the_pin_tip_is_already_in_view_when_get_tip_into_view_then_tip_returned_and_smargon_not_moved,tests/unit_tests/experiment_plans/test_pin_tip_centring.py::test_given_the_pin_tip_is_already_in_view_when_get_tip_into_view_then_tip_returned_and_smargon_not_moved,setup,0.01,42.73
before,11,test_rotation_scan_nexus_output_compared_to_existing_file,tests/unit_tests/external_interaction/test_write_rotation_nexus.py::test_rotation_scan_nexus_output_compared_to_existing_file,setup,0.01,42.73
before,11,test_setup_panda_performs_correct_plans,tests/unit_tests/device_setup_plans/test_setup_panda.py::test_setup_panda_performs_correct_plans,call,0.01,42.73
before,11,test_given_moving_out_of_range_when_move_with_warn_called_then_warning_exception,tests/unit_tests/experiment_plans/test_pin_tip_centring.py::test_given_moving_out_of_range_when_move_with_warn_called_then_warning_exception,setup,0.01,42.73
before,11,test_tidy_up_plans_disable_panda_and_zebra,tests/unit_tests/experiment_plans/test_panda_flyscan_xray_centre_plan.py::test_tidy_up_plans_disable_panda_and_zebra,call,0.01,42.73
before,11,test_store_rotation_scan_uses_supplied_dcgid[2],tests/unit_tests/external_interaction/ispyb/test_rotation_ispyb_store.py::test_store_rotation_scan_uses_supplied_dcgid[2],call,0.01,42.73
before,11,test_subscribe_in_plan,tests/unit_tests/external_interaction/callbacks/xray_centre/test_xraycentre_callback_collection.py::test_subscribe_in_plan,call,0.01,42.73
before,11,test_when_pin_tip_centre_plan_called_then_expected_plans_called,tests/unit_tests/experiment_plans/test_pin_tip_centring.py::test_when_pin_tip_centre_plan_called_then_expected_plans_called,setup,0.01,42.73
before,11,test_given_no_tip_found_but_will_be_found_when_get_tip_into_view_then_smargon_moved_positive_and_tip_returned,tests/unit_tests/experiment_plans/test_pin_tip_centring.py::test_given_no_tip_found_but_will_be_found_when_get_tip_into_view_then_smargon_moved_positive_and_tip_returned,setup,0.01,42.73
before,11,test_values_for_move_so_that_beam_is_at_pixel[px_per_um3-beam_centre3-0-pixel_to_move_to3-expected_xyz3],tests/unit_tests/device_setup_plans/test_setup_oav.py::test_values_for_move_so_that_beam_is_at_pixel[px_per_um3-beam_centre3-0-pixel_to_move_to3-expected_xyz3],call,0.01,42.73
before,11,test_store_rotation_scan_uses_supplied_dcgid[88],tests/unit_tests/external_interaction/ispyb/test_rotation_ispyb_store.py::test_store_rotation_scan_uses_supplied_dcgid[88],call,0.01,42.73
before,11,test_when_first_try_fails_then_bluesky_retry_tries_again,tests/unit_tests/device_setup_plans/test_zebra_setup.py::test_when_first_try_fails_then_bluesky_retry_tries_again,call,0.01,42.73
before,11,test_store_rotation_scan_uses_supplied_dcgid[25],tests/unit_tests/external_interaction/ispyb/test_rotation_ispyb_store.py::test_store_rotation_scan_uses_supplied_dcgid[25],call,0.01,42.73
before,11,test_given_detector_bit_depth_changes_then_vds_datatype_as_expected[100-uint16],tests/unit_tests/external_interaction/test_write_rotation_nexus.py::test_given_detector_bit_depth_changes_then_vds_datatype_as_expected[100-uint16],setup,0.01,42.73
before,11,test_getting_status_return_idle,tests/unit_tests/hyperion/test_main_system.py::test_getting_status_return_idle,call,0.01,42.73
before,11,test_given_detector_bit_depth_changes_then_vds_datatype_as_expected[8-uint8],tests/unit_tests/external_interaction/test_write_rotation_nexus.py::test_given_detector_bit_depth_changes_then_vds_datatype_as_expected[8-uint8],setup,0.01,42.73
before,11,test_given_detector_bit_depth_changes_then_vds_datatype_as_expected[32-uint32],tests/unit_tests/external_interaction/test_write_rotation_nexus.py::test_given_detector_bit_depth_changes_then_vds_datatype_as_expected[32-uint32],setup,0.01,42.73
before,11,test_given_detector_bit_depth_changes_then_vds_datatype_as_expected[16-uint16],tests/unit_tests/external_interaction/test_write_rotation_nexus.py::test_given_detector_bit_depth_changes_then_vds_datatype_as_expected[16-uint16],setup,0.01,42.73
before,11,test_store_rotation_scan_uses_supplied_dcgid[13],tests/unit_tests/external_interaction/ispyb/test_rotation_ispyb_store.py::test_store_rotation_scan_uses_supplied_dcgid[13],call,0.01,42.73
before,11,test_adjust_dcm_pitch_roll_vfm_from_lut,tests/unit_tests/device_setup_plans/test_dcm_pitch_roll_mirror_adjuster.py::test_adjust_dcm_pitch_roll_vfm_from_lut,call,0.01,42.73
before,11,test_GIVEN_scan_already_valid_THEN_wait_for_GRIDSCAN_returns_immediately,tests/unit_tests/experiment_plans/test_panda_flyscan_xray_centre_plan.py::TestFlyscanXrayCentrePlan::test_GIVEN_scan_already_valid_THEN_wait_for_GRIDSCAN_returns_immediately,call,0.01,42.73
before,11,test_store_rotation_scan_uses_supplied_dcgid[45],tests/unit_tests/external_interaction/ispyb/test_rotation_ispyb_store.py::test_store_rotation_scan_uses_supplied_dcgid[45],call,0.01,42.73
before,11,test_adjust_mirror_stripe[6.999-Bare-140-15],tests/unit_tests/device_setup_plans/test_dcm_pitch_roll_mirror_adjuster.py::test_adjust_mirror_stripe[6.999-Bare-140-15],setup,0.01,42.73
before,11,test_store_rotation_scan_uses_supplied_dcgid[61],tests/unit_tests/external_interaction/ispyb/test_rotation_ispyb_store.py::test_store_rotation_scan_uses_supplied_dcgid[61],call,0.01,42.73
before,11,test_given_started_when_stopped_then_success_and_idle_status,tests/unit_tests/hyperion/test_main_system.py::test_given_started_when_stopped_then_success_and_idle_status,call,0.01,42.73
before,11,test_param_keys,tests/unit_tests/external_interaction/ispyb/test_gridscan_ispyb_store_2d.py::test_param_keys,setup,0.01,42.73
before,11,test_when_pin_centre_xray_centre_called_then_plan_runs_correctly,tests/unit_tests/experiment_plans/test_pin_centre_then_xray_centre_plan.py::test_when_pin_centre_xray_centre_called_then_plan_runs_correctly,call,0.01,42.73
before,11,test_activity_gated_event,tests/unit_tests/external_interaction/callbacks/rotation/test_ispyb_callback.py::test_activity_gated_event,setup,0.01,42.73
before,11,test_apply_and_wait_for_voltages_to_settle_happy_path,tests/unit_tests/device_setup_plans/test_dcm_pitch_roll_mirror_adjuster.py::test_apply_and_wait_for_voltages_to_settle_happy_path,setup,0.01,42.73
before,11,test_apply_and_wait_for_voltages_to_settle_timeout,tests/unit_tests/device_setup_plans/test_dcm_pitch_roll_mirror_adjuster.py::test_apply_and_wait_for_voltages_to_settle_timeout,setup,0.01,42.73
before,11,test_store_rotation_scan_failures,tests/unit_tests/external_interaction/ispyb/test_rotation_ispyb_store.py::test_store_rotation_scan_failures,setup,0.01,42.73
before,11,test_ispyb_deposition_comment_correct,tests/unit_tests/external_interaction/ispyb/test_gridscan_ispyb_store_2d.py::test_ispyb_deposition_comment_correct,setup,0.01,42.73
before,11,test_adjust_mirror_stripe[7.001-Rhodium-124--46],tests/unit_tests/device_setup_plans/test_dcm_pitch_roll_mirror_adjuster.py::test_adjust_mirror_stripe[7.001-Rhodium-124--46],setup,0.01,42.73
before,11,test_begin_deposition_with_alternate_experiment_type,tests/unit_tests/external_interaction/ispyb/test_rotation_ispyb_store.py::test_begin_deposition_with_alternate_experiment_type,setup,0.01,42.73
before,11,test_begin_deposition_with_group_id_doesnt_insert,tests/unit_tests/external_interaction/ispyb/test_rotation_ispyb_store.py::test_begin_deposition_with_group_id_doesnt_insert,setup,0.01,42.73
before,11,test_activity_gated_event,tests/unit_tests/external_interaction/callbacks/rotation/test_ispyb_callback.py::test_activity_gated_event,call,0.01,42.73
before,11,test_ispyb_deposition_comment_for_3D_correct,tests/unit_tests/external_interaction/ispyb/test_gridscan_ispyb_store_3d.py::test_ispyb_deposition_comment_for_3D_correct,setup,0.01,42.73
before,11,test_update_deposition_with_group_id_updates,tests/unit_tests/external_interaction/ispyb/test_rotation_ispyb_store.py::test_update_deposition_with_group_id_updates,setup,0.01,42.73
before,11,test_given_ispyb_callback_started_writing_to_ispyb_when_messages_logged_then_they_contain_dcgid,tests/unit_tests/external_interaction/callbacks/xray_centre/test_ispyb_handler.py::TestXrayCentreIspybHandler::test_given_ispyb_callback_started_writing_to_ispyb_when_messages_logged_then_they_contain_dcgid,call,0.01,42.73
before,11,test_update_deposition,tests/unit_tests/external_interaction/ispyb/test_rotation_ispyb_store.py::test_update_deposition,setup,0.01,42.73
before,11,test_store_3d_grid_scan,tests/unit_tests/external_interaction/ispyb/test_gridscan_ispyb_store_3d.py::test_store_3d_grid_scan,setup,0.01,42.73
before,11,test_end_deposition_happy_path,tests/unit_tests/external_interaction/ispyb/test_rotation_ispyb_store.py::test_end_deposition_happy_path,setup,0.01,42.73
before,11,test_update_deposition,tests/unit_tests/external_interaction/ispyb/test_gridscan_ispyb_store_2d.py::test_update_deposition,setup,0.01,42.73
before,11,test_begin_deposition,tests/unit_tests/external_interaction/ispyb/test_rotation_ispyb_store.py::test_begin_deposition,setup,0.01,42.73
before,11,test_messages_are_tagged_with_run_uid,tests/unit_tests/hyperion/test_log/test_log.py::test_messages_are_tagged_with_run_uid,call,0.01,42.73
before,11,test_activity_gated_stop,tests/unit_tests/external_interaction/callbacks/rotation/test_ispyb_callback.py::test_activity_gated_stop,setup,0.01,42.73
before,11,test_end_deposition_happy_path,tests/unit_tests/external_interaction/ispyb/test_gridscan_ispyb_store_3d.py::test_end_deposition_happy_path,setup,0.01,42.73
before,11,test_activity_gated_start,tests/unit_tests/external_interaction/callbacks/rotation/test_ispyb_callback.py::test_activity_gated_start,setup,0.01,42.73
before,11,test_fail_result_run_results_in_bad_run_status,tests/unit_tests/external_interaction/ispyb/test_gridscan_ispyb_store_2d.py::test_fail_result_run_results_in_bad_run_status,setup,0.01,42.73
before,11,test_update_deposition,tests/unit_tests/external_interaction/ispyb/test_gridscan_ispyb_store_3d.py::test_update_deposition,setup,0.01,42.73
before,11,test_results_passed_to_move_motors,tests/unit_tests/experiment_plans/test_panda_flyscan_xray_centre_plan.py::TestFlyscanXrayCentrePlan::test_results_passed_to_move_motors,call,0.01,42.73
before,11,test_end_deposition_happy_path,tests/unit_tests/external_interaction/ispyb/test_gridscan_ispyb_store_2d.py::test_end_deposition_happy_path,setup,0.01,42.73
before,11,test_begin_deposition,tests/unit_tests/external_interaction/ispyb/test_gridscan_ispyb_store_2d.py::test_begin_deposition,setup,0.01,42.73
before,11,test_no_exception_during_run_results_in_good_run_status,tests/unit_tests/external_interaction/ispyb/test_gridscan_ispyb_store_2d.py::test_no_exception_during_run_results_in_good_run_status,setup,0.01,42.73
before,11,test_begin_deposition,tests/unit_tests/external_interaction/ispyb/test_gridscan_ispyb_store_3d.py::test_begin_deposition,setup,0.01,42.73
before,11,test_given_ispyb_callback_finished_writing_to_ispyb_when_messages_logged_then_they_do_not_contain_dcgid,tests/unit_tests/external_interaction/callbacks/xray_centre/test_ispyb_handler.py::TestXrayCentreIspybHandler::test_given_ispyb_callback_finished_writing_to_ispyb_when_messages_logged_then_they_do_not_contain_dcgid,call,0.01,42.73
before,11,test_activity_gated_stop,tests/unit_tests/external_interaction/callbacks/rotation/test_ispyb_callback.py::test_activity_gated_stop,call,0.01,42.73
before,11,test_param_fields_match_components_they_should_use,tests/unit_tests/parameters/test_internal_parameters.py::test_param_fields_match_components_they_should_use,setup,0.01,42.73
before,11,test_ispyb_handler_stores_sampleid_for_full_collection_not_screening[2000-True2],tests/unit_tests/external_interaction/callbacks/test_rotation_callbacks.py::test_ispyb_handler_stores_sampleid_for_full_collection_not_screening[2000-True2],call,0.01,42.73
before,11,test_start_with_json_file_gives_success,tests/unit_tests/hyperion/test_main_system.py::test_start_with_json_file_gives_success,call,0.01,42.73
before,11,test_getting_status_after_start_sent_returns_busy,tests/unit_tests/hyperion/test_main_system.py::test_getting_status_after_start_sent_returns_busy,call,0.01,42.73
before,11,test_start_gives_success,tests/unit_tests/hyperion/test_main_system.py::test_start_gives_success,call,0.01,42.73
before,11,test_putting_bad_plan_fails,tests/unit_tests/hyperion/test_main_system.py::test_putting_bad_plan_fails,setup,0.01,42.73
before,11,test_activity_gated_start_2d,tests/unit_tests/external_interaction/callbacks/xray_centre/test_ispyb_callback.py::test_activity_gated_start_2d,call,0.01,42.73
before,11,test_internal_params_eq,tests/unit_tests/parameters/test_internal_parameters.py::test_internal_params_eq,call,0.01,42.73
before,11,test_fgs_raising_no_exception_results_in_good_run_status_in_ispyb,tests/unit_tests/external_interaction/callbacks/xray_centre/test_ispyb_handler.py::TestXrayCentreIspybHandler::test_fgs_raising_no_exception_results_in_good_run_status_in_ispyb,call,0.01,42.73
before,11,test_activity_gated_start,tests/unit_tests/external_interaction/callbacks/rotation/test_ispyb_callback.py::test_activity_gated_start,call,0.01,42.73
before,11,test_nexus_handler_gets_documents_in_mock_plan,tests/unit_tests/external_interaction/callbacks/test_rotation_callbacks.py::test_nexus_handler_gets_documents_in_mock_plan,setup,0.01,42.73
before,11,test_GIVEN_scan_already_valid_THEN_wait_for_GRIDSCAN_returns_immediately,tests/unit_tests/experiment_plans/test_flyscan_xray_centre_plan.py::TestFlyscanXrayCentrePlan::test_GIVEN_scan_already_valid_THEN_wait_for_GRIDSCAN_returns_immediately,call,0.01,42.73
before,11,test_zebra_cleanup,tests/unit_tests/device_setup_plans/test_zebra_setup.py::test_zebra_cleanup,call,0.01,42.73
before,11,test_nexus_handler_only_writes_once,tests/unit_tests/external_interaction/callbacks/test_rotation_callbacks.py::test_nexus_handler_only_writes_once,setup,0.01,42.73
before,11,test_activity_gated_start_3d,tests/unit_tests/external_interaction/callbacks/xray_centre/test_ispyb_callback.py::test_activity_gated_start_3d,call,0.01,42.73
before,11,test_when_topup_before_end_of_collection_wait,tests/unit_tests/device_setup_plans/test_topup_plan.py::test_when_topup_before_end_of_collection_wait,call,0.01,42.73
before,11,test_writers_dont_create_on_init_but_do_on_ispyb_event,tests/unit_tests/external_interaction/callbacks/xray_centre/test_nexus_handler.py::test_writers_dont_create_on_init_but_do_on_ispyb_event,call,0.01,42.73
before,11,test_given_the_pin_tip_is_already_in_view_when_get_tip_into_view_then_tip_returned_and_smargon_not_moved,tests/unit_tests/experiment_plans/test_pin_tip_centring.py::test_given_the_pin_tip_is_already_in_view_when_get_tip_into_view_then_tip_returned_and_smargon_not_moved,call,0.01,42.73
before,11,test_wait_for_topup_complete,tests/unit_tests/device_setup_plans/test_topup_plan.py::test_wait_for_topup_complete,call,0.01,42.73
before,11,test_writers_do_create_one_file_each_on_start_doc_for_run_gridscan,tests/unit_tests/external_interaction/callbacks/xray_centre/test_nexus_handler.py::test_writers_do_create_one_file_each_on_start_doc_for_run_gridscan,call,0.01,42.73
before,11,test_given_fgs_plan_finished_when_zocalo_results_event_then_expected_comment_deposited,tests/unit_tests/external_interaction/callbacks/xray_centre/test_ispyb_handler.py::TestXrayCentreIspybHandler::test_given_fgs_plan_finished_when_zocalo_results_event_then_expected_comment_deposited,call,0.01,42.73
before,11,test_set_energy,tests/unit_tests/experiment_plans/test_set_energy_plan.py::test_set_energy,call,0.01,42.73
before,11,test_getting_status_after_start_sent_returns_busy,tests/unit_tests/hyperion/test_main_system.py::test_getting_status_after_start_sent_returns_busy,setup,0.01,42.73
before,11,test_fgs_failing_results_in_bad_run_status_in_ispyb,tests/unit_tests/external_interaction/callbacks/xray_centre/test_ispyb_handler.py::TestXrayCentreIspybHandler::test_fgs_failing_results_in_bad_run_status_in_ispyb,call,0.01,42.73
before,11,test_when_plan_run_with_requested_energy_specified_energy_change_executes,tests/unit_tests/experiment_plans/test_wait_for_robot_load_then_centre.py::test_when_plan_run_with_requested_energy_specified_energy_change_executes,call,0.01,42.73
before,11,test_start_gives_success,tests/unit_tests/hyperion/test_main_system.py::test_start_gives_success,setup,0.01,42.73
before,11,test_when_started_n_returnstatus_interrupted_bc_RE_aborted_thn_error_reptd,tests/unit_tests/hyperion/test_main_system.py::test_when_started_n_returnstatus_interrupted_bc_RE_aborted_thn_error_reptd,setup,0.01,42.73
before,11,test_sending_start_twice_fails,tests/unit_tests/hyperion/test_main_system.py::test_sending_start_twice_fails,setup,0.01,42.73
before,11,test_given_started_when_stopped_then_success_and_idle_status,tests/unit_tests/hyperion/test_main_system.py::test_given_started_when_stopped_then_success_and_idle_status,setup,0.01,42.73
before,11,test_wait_for_robot_load_then_centre_doesnt_set_energy_if_not_specified,tests/unit_tests/experiment_plans/test_wait_for_robot_load_then_centre.py::test_wait_for_robot_load_then_centre_doesnt_set_energy_if_not_specified,call,0.01,42.73
before,11,test_getting_status_return_idle,tests/unit_tests/hyperion/test_main_system.py::test_getting_status_return_idle,setup,0.01,42.73
before,11,test_log_on_invalid_json_params,tests/unit_tests/hyperion/test_main_system.py::test_log_on_invalid_json_params,setup,0.01,42.73
before,11,test_given_dummy_data_then_datafile_written_correctly[1044],tests/unit_tests/external_interaction/nexus/test_write_nexus.py::test_given_dummy_data_then_datafile_written_correctly[1044],setup,0.01,42.73
before,11,test_no_waiting_when_mode_does_not_allow_gating,tests/unit_tests/device_setup_plans/test_topup_plan.py::test_no_waiting_when_mode_does_not_allow_gating,call,0.01,42.73
before,11,test_start_with_json_file_gives_success,tests/unit_tests/hyperion/test_main_system.py::test_start_with_json_file_gives_success,setup,0.01,42.73
before,11,test_given_detector_move_fails_then_eiger_disarmed_and_correct_exception_returned,tests/unit_tests/device_setup_plans/test_utils.py::test_given_detector_move_fails_then_eiger_disarmed_and_correct_exception_returned,setup,0.01,42.73
before,11,test_trigger_and_return_pin_tip_works_for_ophyd_pin_tip_detection,tests/unit_tests/experiment_plans/test_pin_tip_centring.py::test_trigger_and_return_pin_tip_works_for_ophyd_pin_tip_detection,call,0.01,42.73
before,11,test_disarm_panda_disables_correct_blocks,tests/unit_tests/device_setup_plans/test_setup_panda.py::test_disarm_panda_disables_correct_blocks,call,0.01,42.73
before,11,test_new_parameters_is_a_new_object,tests/unit_tests/parameters/test_external_parameters.py::test_new_parameters_is_a_new_object,call,0.01,42.73
before,11,test_given_started_when_stopped_and_started_again_then_runs,tests/unit_tests/hyperion/test_main_system.py::test_given_started_when_stopped_and_started_again_then_runs,setup,0.01,42.73
before,12,test_given_no_tip_found_ever_when_get_tip_into_view_then_smargon_moved_positive_and_exception_thrown,tests/unit_tests/experiment_plans/test_pin_tip_centring.py::test_given_no_tip_found_ever_when_get_tip_into_view_then_smargon_moved_positive_and_exception_thrown,call,4.34,65.05
before,12,test_cleanup_happens,tests/unit_tests/experiment_plans/test_rotation_scan_plan.py::test_cleanup_happens,call,3.02,65.05
before,12,test_grid_detection_plan_gives_warningerror_if_tip_not_found,tests/unit_tests/experiment_plans/test_grid_detection_plan.py::test_grid_detection_plan_gives_warningerror_if_tip_not_found,call,2.6,65.05
before,12,test_when_grid_scan_fails_then_detector_disarmed_and_correct_exception_returned,tests/unit_tests/experiment_plans/test_panda_flyscan_xray_centre_plan.py::TestFlyscanXrayCentrePlan::test_when_grid_scan_fails_then_detector_disarmed_and_correct_exception_returned,call,2.51,65.05
before,12,test_zebra_set_up_for_rotation,tests/unit_tests/device_setup_plans/test_zebra_setup.py::test_zebra_set_up_for_rotation,call,2.33,65.05
before,12,test_when_all_tries_fail_then_bluesky_retry_throws_error,tests/unit_tests/device_setup_plans/test_zebra_setup.py::test_when_all_tries_fail_then_bluesky_retry_throws_error,call,2.17,65.05
before,12,test_given_no_tip_when_wait_for_tip_to_be_found_called_then_exception_thrown,tests/unit_tests/device_setup_plans/test_setup_oav.py::test_given_no_tip_when_wait_for_tip_to_be_found_called_then_exception_thrown,call,2.15,65.05
before,12,test_given_moving_out_of_range_when_move_with_warn_called_then_warning_exception,tests/unit_tests/experiment_plans/test_pin_tip_centring.py::test_given_moving_out_of_range_when_move_with_warn_called_then_warning_exception,call,2.13,65.05
before,12,test_when_set_up_oav_with_different_zoom_levels_then_flat_field_applied_correctly[1.0-proc],tests/unit_tests/device_setup_plans/test_setup_oav.py::test_when_set_up_oav_with_different_zoom_levels_then_flat_field_applied_correctly[1.0-proc],call,1.46,65.05
before,12,test_adjust_mirror_stripe[7.001-Rhodium-124--46],tests/unit_tests/device_setup_plans/test_dcm_pitch_roll_mirror_adjuster.py::test_adjust_mirror_stripe[7.001-Rhodium-124--46],call,1.35,65.05
before,12,test_when_set_up_oav_with_different_zoom_levels_then_flat_field_applied_correctly[7.0-CAM],tests/unit_tests/device_setup_plans/test_setup_oav.py::test_when_set_up_oav_with_different_zoom_levels_then_flat_field_applied_correctly[7.0-CAM],call,1.35,65.05
before,12,test_when_set_up_oav_then_only_waits_on_oav_to_finish,tests/unit_tests/device_setup_plans/test_setup_oav.py::test_when_set_up_oav_then_only_waits_on_oav_to_finish,call,1.3,65.05
before,12,test_nexus_handler_triggers_write_file_when_told,tests/unit_tests/external_interaction/callbacks/test_rotation_callbacks.py::test_nexus_handler_triggers_write_file_when_told,call,1.27,65.05
before,12,test_given_detector_move_fails_then_eiger_disarmed_and_correct_exception_returned,tests/unit_tests/device_setup_plans/test_utils.py::test_given_detector_move_fails_then_eiger_disarmed_and_correct_exception_returned,call,1.11,65.05
before,12,test_zocalo_start_and_end_not_triggered_if_ispyb_ids_not_present,tests/unit_tests/external_interaction/callbacks/test_rotation_callbacks.py::test_zocalo_start_and_end_not_triggered_if_ispyb_ids_not_present,call,1.1,65.05
before,12,test_given_no_tip_found_but_will_be_found_when_get_tip_into_view_then_smargon_moved_positive_and_tip_returned,tests/unit_tests/experiment_plans/test_pin_tip_centring.py::test_given_no_tip_found_but_will_be_found_when_get_tip_into_view_then_smargon_moved_positive_and_tip_returned,call,1.1,65.05
before,12,test_given_plan_raises_when_exception_raised_then_eiger_disarmed_and_correct_exception_returned,tests/unit_tests/device_setup_plans/test_utils.py::test_given_plan_raises_when_exception_raised_then_eiger_disarmed_and_correct_exception_returned,call,1.08,65.05
before,12,test_pin_tip_starting_near_positive_edge_doesnt_exceed_limit,tests/unit_tests/experiment_plans/test_pin_tip_centring.py::test_pin_tip_starting_near_positive_edge_doesnt_exceed_limit,call,1.07,65.05
before,12,test_pin_tip_starting_near_negative_edge_doesnt_exceed_limit,tests/unit_tests/experiment_plans/test_pin_tip_centring.py::test_pin_tip_starting_near_negative_edge_doesnt_exceed_limit,call,1.07,65.05
before,12,test_given_shutter_open_fails_then_eiger_disarmed_and_correct_exception_returned,tests/unit_tests/device_setup_plans/test_utils.py::test_given_shutter_open_fails_then_eiger_disarmed_and_correct_exception_returned,call,1.06,65.05
before,12,test_when_run_gridscan_called_ispyb_deposition_made_and_records_errors,tests/unit_tests/experiment_plans/test_flyscan_xray_centre_plan.py::TestFlyscanXrayCentrePlan::test_when_run_gridscan_called_ispyb_deposition_made_and_records_errors,call,0.85,65.05
before,12,test_given_gridscan_fails_to_centre_then_stub_offsets_not_set,tests/unit_tests/experiment_plans/test_panda_flyscan_xray_centre_plan.py::TestFlyscanXrayCentrePlan::test_given_gridscan_fails_to_centre_then_stub_offsets_not_set,call,0.85,65.05
before,12,test_if_smargon_speed_over_limit_then_log_error,tests/unit_tests/experiment_plans/test_panda_flyscan_xray_centre_plan.py::test_if_smargon_speed_over_limit_then_log_error,call,0.82,65.05
before,12,test_blueskyrunner_uses_cli_args_correctly_for_callbacks[arg_list2-parsed_arg_values2],tests/unit_tests/hyperion/test_main_system.py::test_blueskyrunner_uses_cli_args_correctly_for_callbacks[arg_list2-parsed_arg_values2],call,0.82,65.05
before,12,test_when_started_n_returnstatus_interrupted_bc_RE_aborted_thn_error_reptd,tests/unit_tests/hyperion/test_main_system.py::test_when_started_n_returnstatus_interrupted_bc_RE_aborted_thn_error_reptd,call,0.78,65.05
before,12,test_when_first_try_fails_then_bluesky_retry_tries_again,tests/unit_tests/device_setup_plans/test_zebra_setup.py::test_when_first_try_fails_then_bluesky_retry_tries_again,call,0.73,65.05
before,12,test_rotation_plan_smargon_doesnt_move_xyz_if_not_given_in_params,tests/unit_tests/experiment_plans/test_rotation_scan_plan.py::test_rotation_plan_smargon_doesnt_move_xyz_if_not_given_in_params,setup,0.68,65.05
before,12,test_GIVEN_scan_not_valid_THEN_wait_for_GRIDSCAN_raises_and_sleeps_called,tests/unit_tests/experiment_plans/test_panda_flyscan_xray_centre_plan.py::TestFlyscanXrayCentrePlan::test_GIVEN_scan_not_valid_THEN_wait_for_GRIDSCAN_raises_and_sleeps_called,call,0.66,65.05
before,12,test_log_on_invalid_json_params,tests/unit_tests/hyperion/test_main_system.py::test_log_on_invalid_json_params,call,0.66,65.05
before,12,test_putting_bad_plan_fails,tests/unit_tests/hyperion/test_main_system.py::test_putting_bad_plan_fails,call,0.66,65.05
before,12,test_plan_with_no_params_fails,tests/unit_tests/hyperion/test_main_system.py::test_plan_with_no_params_fails,call,0.65,65.05
before,12,test_given_smargon_disabled_for_longer_than_timeout_when_plan_run_then_throws_exception,tests/unit_tests/experiment_plans/test_wait_for_robot_load_then_centre.py::test_given_smargon_disabled_for_longer_than_timeout_when_plan_run_then_throws_exception,call,0.55,65.05
before,12,test_when_grid_scan_fails_then_detector_disarmed_and_correct_exception_returned,tests/unit_tests/experiment_plans/test_flyscan_xray_centre_plan.py::TestFlyscanXrayCentrePlan::test_when_grid_scan_fails_then_detector_disarmed_and_correct_exception_returned,call,0.52,65.05
before,12,test_ispyb_reuses_dcgid_on_same_sampleID[ispyb_ids6],tests/unit_tests/external_interaction/callbacks/test_rotation_callbacks.py::test_ispyb_reuses_dcgid_on_same_sampleID[ispyb_ids6],call,0.43,65.05
before,12,test_ispyb_reuses_dcgid_on_same_sampleID[ispyb_ids2],tests/unit_tests/external_interaction/callbacks/test_rotation_callbacks.py::test_ispyb_reuses_dcgid_on_same_sampleID[ispyb_ids2],call,0.43,65.05
before,12,test_ispyb_reuses_dcgid_on_same_sampleID[ispyb_ids4],tests/unit_tests/external_interaction/callbacks/test_rotation_callbacks.py::test_ispyb_reuses_dcgid_on_same_sampleID[ispyb_ids4],call,0.4,65.05
before,12,test_nexus_handler_gets_documents_in_mock_plan,tests/unit_tests/external_interaction/callbacks/test_rotation_callbacks.py::test_nexus_handler_gets_documents_in_mock_plan,call,0.4,65.05
before,12,test_ispyb_reuses_dcgid_on_same_sampleID[ispyb_ids3],tests/unit_tests/external_interaction/callbacks/test_rotation_callbacks.py::test_ispyb_reuses_dcgid_on_same_sampleID[ispyb_ids3],call,0.4,65.05
before,12,test_ispyb_reuses_dcgid_on_same_sampleID[ispyb_ids1],tests/unit_tests/external_interaction/callbacks/test_rotation_callbacks.py::test_ispyb_reuses_dcgid_on_same_sampleID[ispyb_ids1],call,0.4,65.05
before,12,test_ispyb_reuses_dcgid_on_same_sampleID[ispyb_ids0],tests/unit_tests/external_interaction/callbacks/test_rotation_callbacks.py::test_ispyb_reuses_dcgid_on_same_sampleID[ispyb_ids0],call,0.39,65.05
before,12,test_ispyb_reuses_dcgid_on_same_sampleID[ispyb_ids7],tests/unit_tests/external_interaction/callbacks/test_rotation_callbacks.py::test_ispyb_reuses_dcgid_on_same_sampleID[ispyb_ids7],call,0.39,65.05
before,12,test_ispyb_reuses_dcgid_on_same_sampleID[ispyb_ids5],tests/unit_tests/external_interaction/callbacks/test_rotation_callbacks.py::test_ispyb_reuses_dcgid_on_same_sampleID[ispyb_ids5],call,0.39,65.05
before,12,test_results_adjusted_and_passed_to_move_xyz,tests/unit_tests/experiment_plans/test_panda_flyscan_xray_centre_plan.py::TestFlyscanXrayCentrePlan::test_results_adjusted_and_passed_to_move_xyz,setup,0.32,65.05
before,12,test_when_grid_scan_ran_then_eiger_disarmed_before_zocalo_end,tests/unit_tests/experiment_plans/test_flyscan_xray_centre_plan.py::TestFlyscanXrayCentrePlan::test_when_grid_scan_ran_then_eiger_disarmed_before_zocalo_end,call,0.3,65.05
before,12,test_apply_and_wait_for_voltages_to_settle_timeout,tests/unit_tests/device_setup_plans/test_dcm_pitch_roll_mirror_adjuster.py::test_apply_and_wait_for_voltages_to_settle_timeout,call,0.27,65.05
before,12,test_when_context_created_then_contains_expected_number_of_plans,tests/unit_tests/hyperion/test_main_system.py::test_when_context_created_then_contains_expected_number_of_plans,call,0.26,65.05
before,12,test_kickoff_and_complete_gridscan_triggers_zocalo,tests/unit_tests/experiment_plans/test_flyscan_xray_centre_plan.py::test_kickoff_and_complete_gridscan_triggers_zocalo,setup,0.24,65.05
before,12,test_results_adjusted_and_passed_to_move_xyz,tests/unit_tests/experiment_plans/test_panda_flyscan_xray_centre_plan.py::TestFlyscanXrayCentrePlan::test_results_adjusted_and_passed_to_move_xyz,call,0.24,65.05
before,12,test_adjust_mirror_stripe[6.999-Bare-140-15],tests/unit_tests/device_setup_plans/test_dcm_pitch_roll_mirror_adjuster.py::test_adjust_mirror_stripe[6.999-Bare-140-15],call,0.23,65.05
before,12,test_apply_and_wait_for_voltages_to_settle_happy_path,tests/unit_tests/device_setup_plans/test_dcm_pitch_roll_mirror_adjuster.py::test_apply_and_wait_for_voltages_to_settle_happy_path,call,0.22,65.05
before,12,test_given_gridscan_fails_to_centre_then_stub_offsets_not_set,tests/unit_tests/experiment_plans/test_flyscan_xray_centre_plan.py::TestFlyscanXrayCentrePlan::test_given_gridscan_fails_to_centre_then_stub_offsets_not_set,setup,0.22,65.05
before,12,test_when_grid_scan_ran_then_eiger_disarmed_before_zocalo_end,tests/unit_tests/experiment_plans/test_panda_flyscan_xray_centre_plan.py::TestFlyscanXrayCentrePlan::test_when_grid_scan_ran_then_eiger_disarmed_before_zocalo_end,call,0.2,65.05
before,12,test_when_grid_detection_plan_run_twice_then_values_do_not_persist_in_callback,tests/unit_tests/experiment_plans/test_grid_detection_plan.py::test_when_grid_detection_plan_run_twice_then_values_do_not_persist_in_callback,call,0.2,65.05
before,12,test_full_rotation_plan_smargon_settings,tests/unit_tests/experiment_plans/test_rotation_scan_plan.py::test_full_rotation_plan_smargon_settings,setup,0.19,65.05
before,12,test_GIVEN_no_results_from_zocalo_WHEN_communicator_wait_for_results_called_THEN_fallback_centre_used,tests/unit_tests/experiment_plans/test_panda_flyscan_xray_centre_plan.py::TestFlyscanXrayCentrePlan::test_GIVEN_no_results_from_zocalo_WHEN_communicator_wait_for_results_called_THEN_fallback_centre_used,call,0.19,65.05
before,12,test_GIVEN_no_results_from_zocalo_WHEN_communicator_wait_for_results_called_THEN_fallback_centre_used,tests/unit_tests/experiment_plans/test_flyscan_xray_centre_plan.py::TestFlyscanXrayCentrePlan::test_GIVEN_no_results_from_zocalo_WHEN_communicator_wait_for_results_called_THEN_fallback_centre_used,call,0.19,65.05
before,12,test_given_when_grid_detect_then_upper_left_and_start_position_as_expected,tests/unit_tests/experiment_plans/test_grid_detection_plan.py::test_given_when_grid_detect_then_upper_left_and_start_position_as_expected,call,0.17,65.05
before,12,test_blueskyrunner_uses_cli_args_correctly_for_callbacks[arg_list3-parsed_arg_values3],tests/unit_tests/hyperion/test_main_system.py::test_blueskyrunner_uses_cli_args_correctly_for_callbacks[arg_list3-parsed_arg_values3],call,0.17,65.05
before,12,test_blueskyrunner_uses_cli_args_correctly_for_callbacks[arg_list1-parsed_arg_values1],tests/unit_tests/hyperion/test_main_system.py::test_blueskyrunner_uses_cli_args_correctly_for_callbacks[arg_list1-parsed_arg_values1],call,0.16,65.05
before,12,test_blueskyrunner_uses_cli_args_correctly_for_callbacks[arg_list0-parsed_arg_values0],tests/unit_tests/hyperion/test_main_system.py::test_blueskyrunner_uses_cli_args_correctly_for_callbacks[arg_list0-parsed_arg_values0],call,0.16,65.05
before,12,test_given_detector_bit_depth_changes_then_vds_datatype_as_expected[100-uint16],tests/unit_tests/external_interaction/test_write_rotation_nexus.py::test_given_detector_bit_depth_changes_then_vds_datatype_as_expected[100-uint16],call,0.16,65.05
before,12,test_rotation_scan_nexus_output_compared_to_existing_file,tests/unit_tests/external_interaction/test_write_rotation_nexus.py::test_rotation_scan_nexus_output_compared_to_existing_file,call,0.16,65.05
before,12,test_given_detector_bit_depth_changes_then_vds_datatype_as_expected[8-uint8],tests/unit_tests/external_interaction/test_write_rotation_nexus.py::test_given_detector_bit_depth_changes_then_vds_datatype_as_expected[8-uint8],call,0.15,65.05
before,12,test_given_detector_bit_depth_changes_then_vds_datatype_as_expected[16-uint16],tests/unit_tests/external_interaction/test_write_rotation_nexus.py::test_given_detector_bit_depth_changes_then_vds_datatype_as_expected[16-uint16],call,0.15,65.05
before,12,test_given_detector_bit_depth_changes_then_vds_datatype_as_expected[32-uint32],tests/unit_tests/external_interaction/test_write_rotation_nexus.py::test_given_detector_bit_depth_changes_then_vds_datatype_as_expected[32-uint32],call,0.15,65.05
before,12,test_fgs_arms_eiger_without_grid_detect,tests/unit_tests/experiment_plans/test_flyscan_xray_centre_plan.py::TestFlyscanXrayCentrePlan::test_fgs_arms_eiger_without_grid_detect,call,0.14,65.05
before,12,test_fgs_arms_eiger_without_grid_detect,tests/unit_tests/experiment_plans/test_panda_flyscan_xray_centre_plan.py::TestFlyscanXrayCentrePlan::test_fgs_arms_eiger_without_grid_detect,call,0.14,65.05
before,12,test_when_grid_detection_plan_run_then_grid_detection_callback_gets_correct_values,tests/unit_tests/experiment_plans/test_grid_detection_plan.py::test_when_grid_detection_plan_run_then_grid_detection_callback_gets_correct_values,call,0.13,65.05
before,12,test_grid_detection_plan_runs_and_triggers_snapshots,tests/unit_tests/experiment_plans/test_grid_detection_plan.py::test_grid_detection_plan_runs_and_triggers_snapshots,call,0.13,65.05
before,12,test_results_adjusted_and_passed_to_move_xyz,tests/unit_tests/experiment_plans/test_flyscan_xray_centre_plan.py::TestFlyscanXrayCentrePlan::test_results_adjusted_and_passed_to_move_xyz,call,0.12,65.05
before,12,test_rotation_plan_energy_settings,tests/unit_tests/experiment_plans/test_rotation_scan_plan.py::test_rotation_plan_energy_settings,setup,0.12,65.05
before,12,test_rotation_plan_zebra_settings,tests/unit_tests/experiment_plans/test_rotation_scan_plan.py::test_rotation_plan_zebra_settings,setup,0.12,65.05
before,12,test_rotation_plan_runs,tests/unit_tests/experiment_plans/test_rotation_scan_plan.py::test_rotation_plan_runs,setup,0.12,65.05
before,12,test_total_count_calc_new_transmission_raises_error_on_low_ransmission,tests/unit_tests/experiment_plans/test_optimise_attenuation_plan.py::test_total_count_calc_new_transmission_raises_error_on_low_ransmission,call,0.12,65.05
before,12,test_total_count_exception_raised_after_max_cycles_reached,tests/unit_tests/experiment_plans/test_optimise_attenuation_plan.py::test_total_count_exception_raised_after_max_cycles_reached,call,0.1,65.05
before,12,test_start_gives_success,tests/unit_tests/hyperion/test_main_system.py::test_start_gives_success,teardown,0.1,65.05
before,12,test_sending_start_twice_fails,tests/unit_tests/hyperion/test_main_system.py::test_sending_start_twice_fails,teardown,0.1,65.05
before,12,test_given_started_when_stopped_then_success_and_idle_status,tests/unit_tests/hyperion/test_main_system.py::test_given_started_when_stopped_then_success_and_idle_status,teardown,0.1,65.05
before,12,test_when_full_grid_scan_run_then_parameters_sent_to_fgs_as_expected,tests/unit_tests/experiment_plans/test_grid_detect_then_xray_centre_plan.py::test_when_full_grid_scan_run_then_parameters_sent_to_fgs_as_expected,call,0.09,65.05
before,12,test_detect_grid_and_do_gridscan,tests/unit_tests/experiment_plans/test_grid_detect_then_xray_centre_plan.py::test_detect_grid_and_do_gridscan,call,0.09,65.05
before,12,test_when_grid_scan_ran_then_eiger_disarmed_before_zocalo_end,tests/unit_tests/experiment_plans/test_flyscan_xray_centre_plan.py::TestFlyscanXrayCentrePlan::test_when_grid_scan_ran_then_eiger_disarmed_before_zocalo_end,setup,0.08,65.05
before,12,test_given_xbpm_checks_fail_when_plan_run_with_decorator_then_plan_not_run,tests/unit_tests/device_setup_plans/test_xbpm_feedback.py::test_given_xbpm_checks_fail_when_plan_run_with_decorator_then_plan_not_run,call,0.07,65.05
before,12,test_when_pin_centre_xray_centre_called_then_detector_positioned,tests/unit_tests/experiment_plans/test_pin_centre_then_xray_centre_plan.py::test_when_pin_centre_xray_centre_called_then_detector_positioned,call,0.07,65.05
before,12,test_rotation_scan,tests/unit_tests/experiment_plans/test_rotation_scan_plan.py::test_rotation_scan,call,0.07,65.05
before,12,test_given_gridscan_fails_to_centre_then_stub_offsets_not_set,tests/unit_tests/experiment_plans/test_flyscan_xray_centre_plan.py::TestFlyscanXrayCentrePlan::test_given_gridscan_fails_to_centre_then_stub_offsets_not_set,call,0.06,65.05
before,12,test_given_setting_stub_offsets_disabled_then_stub_offsets_not_set,tests/unit_tests/experiment_plans/test_flyscan_xray_centre_plan.py::TestFlyscanXrayCentrePlan::test_given_setting_stub_offsets_disabled_then_stub_offsets_not_set,setup,0.06,65.05
before,12,test_given_setting_stub_offsets_disabled_then_stub_offsets_not_set,tests/unit_tests/experiment_plans/test_flyscan_xray_centre_plan.py::TestFlyscanXrayCentrePlan::test_given_setting_stub_offsets_disabled_then_stub_offsets_not_set,call,0.06,65.05
before,12,test_ispyb_handler_grabs_uid_from_main_plan_and_not_first_start_doc,tests/unit_tests/external_interaction/callbacks/test_rotation_callbacks.py::test_ispyb_handler_grabs_uid_from_main_plan_and_not_first_start_doc,call,0.05,65.05
before,12,test_read_hardware_for_ispyb_updates_from_ophyd_devices,tests/unit_tests/experiment_plans/test_flyscan_xray_centre_plan.py::TestFlyscanXrayCentrePlan::test_read_hardware_for_ispyb_updates_from_ophyd_devices,call,0.05,65.05
before,12,test_given_setting_stub_offsets_disabled_then_stub_offsets_not_set,tests/unit_tests/experiment_plans/test_panda_flyscan_xray_centre_plan.py::TestFlyscanXrayCentrePlan::test_given_setting_stub_offsets_disabled_then_stub_offsets_not_set,setup,0.05,65.05
before,12,test_kickoff_and_complete_gridscan_triggers_zocalo,tests/unit_tests/experiment_plans/test_flyscan_xray_centre_plan.py::test_kickoff_and_complete_gridscan_triggers_zocalo,call,0.05,65.05
before,12,test_when_gridscan_succeeds_ispyb_comment_appended_to,tests/unit_tests/experiment_plans/test_panda_flyscan_xray_centre_plan.py::TestFlyscanXrayCentrePlan::test_when_gridscan_succeeds_ispyb_comment_appended_to,call,0.05,65.05
before,12,test_individual_plans_triggered_once_and_only_once_in_composite_run,tests/unit_tests/experiment_plans/test_panda_flyscan_xray_centre_plan.py::TestFlyscanXrayCentrePlan::test_individual_plans_triggered_once_and_only_once_in_composite_run,call,0.05,65.05
before,12,test_read_hardware_for_ispyb_updates_from_ophyd_devices,tests/unit_tests/experiment_plans/test_panda_flyscan_xray_centre_plan.py::TestFlyscanXrayCentrePlan::test_read_hardware_for_ispyb_updates_from_ophyd_devices,call,0.05,65.05
before,12,test_when_gridscan_succeeds_ispyb_comment_appended_to,tests/unit_tests/experiment_plans/test_panda_flyscan_xray_centre_plan.py::TestFlyscanXrayCentrePlan::test_when_gridscan_succeeds_ispyb_comment_appended_to,setup,0.05,65.05
before,12,test_ispyb_starts_on_opening_and_zocalo_on_main_so_ispyb_triggered_before_zocalo,tests/unit_tests/external_interaction/callbacks/test_rotation_callbacks.py::test_ispyb_starts_on_opening_and_zocalo_on_main_so_ispyb_triggered_before_zocalo,call,0.05,65.05
before,12,test_individual_plans_triggered_once_and_only_once_in_composite_run,tests/unit_tests/experiment_plans/test_panda_flyscan_xray_centre_plan.py::TestFlyscanXrayCentrePlan::test_individual_plans_triggered_once_and_only_once_in_composite_run,setup,0.05,65.05
before,12,test_ispyb_specifies_experiment_type_if_supplied,tests/unit_tests/external_interaction/callbacks/test_rotation_callbacks.py::test_ispyb_specifies_experiment_type_if_supplied,call,0.05,65.05
before,12,test_when_gridscan_finished_then_smargon_stub_offsets_are_set,tests/unit_tests/experiment_plans/test_panda_flyscan_xray_centre_plan.py::TestFlyscanXrayCentrePlan::test_when_gridscan_finished_then_smargon_stub_offsets_are_set,call,0.05,65.05
before,12,test_when_grid_scan_ran_then_eiger_disarmed_before_zocalo_end,tests/unit_tests/experiment_plans/test_panda_flyscan_xray_centre_plan.py::TestFlyscanXrayCentrePlan::test_when_grid_scan_ran_then_eiger_disarmed_before_zocalo_end,setup,0.05,65.05
before,12,test_GIVEN_no_results_from_zocalo_WHEN_communicator_wait_for_results_called_THEN_fallback_centre_used,tests/unit_tests/experiment_plans/test_panda_flyscan_xray_centre_plan.py::TestFlyscanXrayCentrePlan::test_GIVEN_no_results_from_zocalo_WHEN_communicator_wait_for_results_called_THEN_fallback_centre_used,setup,0.05,65.05
before,12,test_when_gridscan_finished_then_smargon_stub_offsets_are_set,tests/unit_tests/experiment_plans/test_panda_flyscan_xray_centre_plan.py::TestFlyscanXrayCentrePlan::test_when_gridscan_finished_then_smargon_stub_offsets_are_set,setup,0.05,65.05
before,12,test_when_gridscan_finished_then_smargon_stub_offsets_are_set,tests/unit_tests/experiment_plans/test_flyscan_xray_centre_plan.py::TestFlyscanXrayCentrePlan::test_when_gridscan_finished_then_smargon_stub_offsets_are_set,call,0.05,65.05
before,12,test_when_gridscan_fails_ispyb_comment_appended_to,tests/unit_tests/experiment_plans/test_panda_flyscan_xray_centre_plan.py::TestFlyscanXrayCentrePlan::test_when_gridscan_fails_ispyb_comment_appended_to,setup,0.05,65.05
before,12,test_when_gridscan_succeeds_ispyb_comment_appended_to,tests/unit_tests/experiment_plans/test_flyscan_xray_centre_plan.py::TestFlyscanXrayCentrePlan::test_when_gridscan_succeeds_ispyb_comment_appended_to,setup,0.05,65.05
before,12,test_when_gridscan_finished_then_smargon_stub_offsets_are_set,tests/unit_tests/experiment_plans/test_flyscan_xray_centre_plan.py::TestFlyscanXrayCentrePlan::test_when_gridscan_finished_then_smargon_stub_offsets_are_set,setup,0.05,65.05
before,12,test_when_gridscan_succeeds_ispyb_comment_appended_to,tests/unit_tests/experiment_plans/test_flyscan_xray_centre_plan.py::TestFlyscanXrayCentrePlan::test_when_gridscan_succeeds_ispyb_comment_appended_to,call,0.05,65.05
before,12,test_read_hardware_for_ispyb_updates_from_ophyd_devices,tests/unit_tests/experiment_plans/test_panda_flyscan_xray_centre_plan.py::TestFlyscanXrayCentrePlan::test_read_hardware_for_ispyb_updates_from_ophyd_devices,setup,0.05,65.05
before,12,test_GIVEN_no_results_from_zocalo_WHEN_communicator_wait_for_results_called_THEN_fallback_centre_used,tests/unit_tests/experiment_plans/test_flyscan_xray_centre_plan.py::TestFlyscanXrayCentrePlan::test_GIVEN_no_results_from_zocalo_WHEN_communicator_wait_for_results_called_THEN_fallback_centre_used,setup,0.05,65.05
before,12,test_individual_plans_triggered_once_and_only_once_in_composite_run,tests/unit_tests/experiment_plans/test_flyscan_xray_centre_plan.py::TestFlyscanXrayCentrePlan::test_individual_plans_triggered_once_and_only_once_in_composite_run,call,0.05,65.05
before,12,test_individual_plans_triggered_once_and_only_once_in_composite_run,tests/unit_tests/experiment_plans/test_flyscan_xray_centre_plan.py::TestFlyscanXrayCentrePlan::test_individual_plans_triggered_once_and_only_once_in_composite_run,setup,0.05,65.05
before,12,test_results_adjusted_and_passed_to_move_xyz,tests/unit_tests/experiment_plans/test_flyscan_xray_centre_plan.py::TestFlyscanXrayCentrePlan::test_results_adjusted_and_passed_to_move_xyz,setup,0.05,65.05
before,12,test_fgs_arms_eiger_without_grid_detect,tests/unit_tests/experiment_plans/test_panda_flyscan_xray_centre_plan.py::TestFlyscanXrayCentrePlan::test_fgs_arms_eiger_without_grid_detect,setup,0.05,65.05
before,12,test_when_gridscan_fails_ispyb_comment_appended_to,tests/unit_tests/experiment_plans/test_flyscan_xray_centre_plan.py::TestFlyscanXrayCentrePlan::test_when_gridscan_fails_ispyb_comment_appended_to,setup,0.05,65.05
before,12,test_given_xpbm_checks_pass_and_plan_fails_when_plan_run_with_decorator_then_cleaned_up,tests/unit_tests/device_setup_plans/test_xbpm_feedback.py::test_given_xpbm_checks_pass_and_plan_fails_when_plan_run_with_decorator_then_cleaned_up,call,0.05,65.05
before,12,test_when_grid_scan_fails_then_detector_disarmed_and_correct_exception_returned,tests/unit_tests/experiment_plans/test_panda_flyscan_xray_centre_plan.py::TestFlyscanXrayCentrePlan::test_when_grid_scan_fails_then_detector_disarmed_and_correct_exception_returned,setup,0.04,65.05
before,12,test_when_grid_detection_plan_run_twice_then_values_do_not_persist_in_callback,tests/unit_tests/experiment_plans/test_grid_detection_plan.py::test_when_grid_detection_plan_run_twice_then_values_do_not_persist_in_callback,setup,0.04,65.05
before,12,test_given_gridscan_fails_to_centre_then_stub_offsets_not_set,tests/unit_tests/experiment_plans/test_panda_flyscan_xray_centre_plan.py::TestFlyscanXrayCentrePlan::test_given_gridscan_fails_to_centre_then_stub_offsets_not_set,setup,0.04,65.05
before,12,test_results_passed_to_move_motors,tests/unit_tests/experiment_plans/test_panda_flyscan_xray_centre_plan.py::TestFlyscanXrayCentrePlan::test_results_passed_to_move_motors,setup,0.04,65.05
before,12,test_given_setting_stub_offsets_disabled_then_stub_offsets_not_set,tests/unit_tests/experiment_plans/test_panda_flyscan_xray_centre_plan.py::TestFlyscanXrayCentrePlan::test_given_setting_stub_offsets_disabled_then_stub_offsets_not_set,call,0.04,65.05
before,12,test_if_smargon_speed_over_limit_then_log_error,tests/unit_tests/experiment_plans/test_panda_flyscan_xray_centre_plan.py::test_if_smargon_speed_over_limit_then_log_error,setup,0.04,65.05
before,12,test_rotation_scan,tests/unit_tests/experiment_plans/test_rotation_scan_plan.py::test_rotation_scan,setup,0.04,65.05
before,12,test_cleanup_happens,tests/unit_tests/experiment_plans/test_rotation_scan_plan.py::test_cleanup_happens,setup,0.04,65.05
before,12,test_results_passed_to_move_motors,tests/unit_tests/experiment_plans/test_flyscan_xray_centre_plan.py::TestFlyscanXrayCentrePlan::test_results_passed_to_move_motors,setup,0.04,65.05
before,12,test_when_grid_scan_fails_then_detector_disarmed_and_correct_exception_returned,tests/unit_tests/experiment_plans/test_flyscan_xray_centre_plan.py::TestFlyscanXrayCentrePlan::test_when_grid_scan_fails_then_detector_disarmed_and_correct_exception_returned,setup,0.04,65.05
before,12,test_when_run_gridscan_called_ispyb_deposition_made_and_records_errors,tests/unit_tests/experiment_plans/test_flyscan_xray_centre_plan.py::TestFlyscanXrayCentrePlan::test_when_run_gridscan_called_ispyb_deposition_made_and_records_errors,setup,0.04,65.05
before,12,test_read_hardware_for_ispyb_updates_from_ophyd_devices,tests/unit_tests/experiment_plans/test_flyscan_xray_centre_plan.py::TestFlyscanXrayCentrePlan::test_read_hardware_for_ispyb_updates_from_ophyd_devices,setup,0.04,65.05
before,12,test_fgs_arms_eiger_without_grid_detect,tests/unit_tests/experiment_plans/test_flyscan_xray_centre_plan.py::TestFlyscanXrayCentrePlan::test_fgs_arms_eiger_without_grid_detect,setup,0.04,65.05
before,12,test_given_detector_bit_depth_changes_then_vds_datatype_as_expected[8-uint8],tests/unit_tests/external_interaction/test_write_rotation_nexus.py::test_given_detector_bit_depth_changes_then_vds_datatype_as_expected[8-uint8],setup,0.04,65.05
before,12,test_when_gridscan_fails_ispyb_comment_appended_to,tests/unit_tests/experiment_plans/test_panda_flyscan_xray_centre_plan.py::TestFlyscanXrayCentrePlan::test_when_gridscan_fails_ispyb_comment_appended_to,call,0.04,65.05
before,12,test_nexus_handler_only_writes_once,tests/unit_tests/external_interaction/callbacks/test_rotation_callbacks.py::test_nexus_handler_only_writes_once,call,0.04,65.05
before,12,test_wait_for_topup_complete,tests/unit_tests/device_setup_plans/test_topup_plan.py::test_wait_for_topup_complete,call,0.04,65.05
before,12,test_writers_do_create_one_file_each_on_start_doc_for_run_gridscan,tests/unit_tests/external_interaction/callbacks/xray_centre/test_nexus_handler.py::test_writers_do_create_one_file_each_on_start_doc_for_run_gridscan,call,0.04,65.05
before,12,test_given_tip_at_zero_but_will_be_found_when_get_tip_into_view_then_smargon_moved_negative_and_tip_returned,tests/unit_tests/experiment_plans/test_pin_tip_centring.py::test_given_tip_at_zero_but_will_be_found_when_get_tip_into_view_then_smargon_moved_negative_and_tip_returned,call,0.04,65.05
before,12,test_total_counts_calc_new_transmission_raises_warning_on_high_transmission,tests/unit_tests/experiment_plans/test_optimise_attenuation_plan.py::test_total_counts_calc_new_transmission_raises_warning_on_high_transmission,call,0.03,65.05
before,12,test_when_gridscan_fails_ispyb_comment_appended_to,tests/unit_tests/experiment_plans/test_flyscan_xray_centre_plan.py::TestFlyscanXrayCentrePlan::test_when_gridscan_fails_ispyb_comment_appended_to,call,0.03,65.05
before,12,test_given_detector_bit_depth_changes_then_vds_datatype_as_expected[100-uint16],tests/unit_tests/external_interaction/test_write_rotation_nexus.py::test_given_detector_bit_depth_changes_then_vds_datatype_as_expected[100-uint16],setup,0.03,65.05
before,12,test_wait_for_topup_complete,tests/unit_tests/device_setup_plans/test_topup_plan.py::test_wait_for_topup_complete,setup,0.03,65.05
before,12,test_when_detected_grid_has_odd_y_steps_then_add_a_y_step_and_shift_grid[True],tests/unit_tests/experiment_plans/test_grid_detection_plan.py::test_when_detected_grid_has_odd_y_steps_then_add_a_y_step_and_shift_grid[True],call,0.03,65.05
before,12,test_when_detected_grid_has_odd_y_steps_then_add_a_y_step_and_shift_grid[False],tests/unit_tests/experiment_plans/test_grid_detection_plan.py::test_when_detected_grid_has_odd_y_steps_then_add_a_y_step_and_shift_grid[False],call,0.03,65.05
before,12,test_given_smargon_disabled_when_plan_run_then_waits_on_smargon[14],tests/unit_tests/experiment_plans/test_wait_for_robot_load_then_centre.py::test_given_smargon_disabled_when_plan_run_then_waits_on_smargon[14],call,0.03,65.05
before,12,test_given_xpbm_checks_pass_when_plan_run_with_decorator_then_run_as_expected,tests/unit_tests/device_setup_plans/test_xbpm_feedback.py::test_given_xpbm_checks_pass_when_plan_run_with_decorator_then_run_as_expected,call,0.02,65.05
before,12,test_when_pin_centre_xray_centre_called_then_detector_positioned,tests/unit_tests/experiment_plans/test_pin_centre_then_xray_centre_plan.py::test_when_pin_centre_xray_centre_called_then_detector_positioned,setup,0.02,65.05
before,12,test_when_full_grid_scan_run_then_parameters_sent_to_fgs_as_expected,tests/unit_tests/experiment_plans/test_grid_detect_then_xray_centre_plan.py::test_when_full_grid_scan_run_then_parameters_sent_to_fgs_as_expected,setup,0.02,65.05
before,12,test_GIVEN_scan_not_valid_THEN_wait_for_GRIDSCAN_raises_and_sleeps_called,tests/unit_tests/experiment_plans/test_flyscan_xray_centre_plan.py::TestFlyscanXrayCentrePlan::test_GIVEN_scan_not_valid_THEN_wait_for_GRIDSCAN_raises_and_sleeps_called,call,0.02,65.05
before,12,test_grid_detection_plan_runs_and_triggers_snapshots,tests/unit_tests/experiment_plans/test_grid_detection_plan.py::test_grid_detection_plan_runs_and_triggers_snapshots,setup,0.02,65.05
before,12,test_grid_detection_plan_gives_warningerror_if_tip_not_found,tests/unit_tests/experiment_plans/test_grid_detection_plan.py::test_grid_detection_plan_gives_warningerror_if_tip_not_found,setup,0.02,65.05
before,12,test_given_when_grid_detect_then_upper_left_and_start_position_as_expected,tests/unit_tests/experiment_plans/test_grid_detection_plan.py::test_given_when_grid_detect_then_upper_left_and_start_position_as_expected,setup,0.02,65.05
before,12,test_given_smargon_disabled_when_plan_run_then_waits_on_smargon[5],tests/unit_tests/experiment_plans/test_wait_for_robot_load_then_centre.py::test_given_smargon_disabled_when_plan_run_then_waits_on_smargon[5],call,0.02,65.05
before,12,test_when_detected_grid_has_odd_y_steps_then_add_a_y_step_and_shift_grid[True],tests/unit_tests/experiment_plans/test_grid_detection_plan.py::test_when_detected_grid_has_odd_y_steps_then_add_a_y_step_and_shift_grid[True],setup,0.02,65.05
before,12,test_detect_grid_and_do_gridscan,tests/unit_tests/experiment_plans/test_grid_detect_then_xray_centre_plan.py::test_detect_grid_and_do_gridscan,setup,0.02,65.05
before,12,test_total_counts_gets_within_target,tests/unit_tests/experiment_plans/test_optimise_attenuation_plan.py::test_total_counts_gets_within_target,call,0.02,65.05
before,12,test_when_grid_detection_plan_run_then_grid_detection_callback_gets_correct_values,tests/unit_tests/experiment_plans/test_grid_detection_plan.py::test_when_grid_detection_plan_run_then_grid_detection_callback_gets_correct_values,setup,0.02,65.05
before,12,test_given_smargon_disabled_when_plan_run_then_waits_on_smargon[3],tests/unit_tests/experiment_plans/test_wait_for_robot_load_then_centre.py::test_given_smargon_disabled_when_plan_run_then_waits_on_smargon[3],setup,0.02,65.05
before,12,test_when_detected_grid_has_odd_y_steps_then_add_a_y_step_and_shift_grid[False],tests/unit_tests/experiment_plans/test_grid_detection_plan.py::test_when_detected_grid_has_odd_y_steps_then_add_a_y_step_and_shift_grid[False],setup,0.02,65.05
before,12,test_trigger_and_return_pin_tip_works_for_AD_pin_tip_detection,tests/unit_tests/experiment_plans/test_pin_tip_centring.py::test_trigger_and_return_pin_tip_works_for_AD_pin_tip_detection,call,0.02,65.05
before,12,test_given_smargon_disabled_for_longer_than_timeout_when_plan_run_then_throws_exception,tests/unit_tests/experiment_plans/test_wait_for_robot_load_then_centre.py::test_given_smargon_disabled_for_longer_than_timeout_when_plan_run_then_throws_exception,setup,0.02,65.05
before,12,test_optimisation_attenuation_plan_runs_correct_functions[deadtime],tests/unit_tests/experiment_plans/test_optimise_attenuation_plan.py::test_optimisation_attenuation_plan_runs_correct_functions[deadtime],call,0.02,65.05
before,12,test_when_plan_run_then_centring_plan_run_with_expected_parameters,tests/unit_tests/experiment_plans/test_wait_for_robot_load_then_centre.py::test_when_plan_run_then_centring_plan_run_with_expected_parameters,setup,0.02,65.05
before,12,test_set_energy,tests/unit_tests/experiment_plans/test_set_energy_plan.py::test_set_energy,setup,0.02,65.05
before,12,test_when_plan_run_then_detector_arm_started_before_wait_on_robot_load,tests/unit_tests/experiment_plans/test_wait_for_robot_load_then_centre.py::test_when_plan_run_then_detector_arm_started_before_wait_on_robot_load,call,0.02,65.05
before,12,test_given_smargon_disabled_when_plan_run_then_waits_on_smargon[14],tests/unit_tests/experiment_plans/test_wait_for_robot_load_then_centre.py::test_given_smargon_disabled_when_plan_run_then_waits_on_smargon[14],setup,0.02,65.05
before,12,test_given_smargon_disabled_when_plan_run_then_waits_on_smargon[3],tests/unit_tests/experiment_plans/test_wait_for_robot_load_then_centre.py::test_given_smargon_disabled_when_plan_run_then_waits_on_smargon[3],call,0.02,65.05
before,12,test_when_plan_run_then_detector_arm_started_before_wait_on_robot_load,tests/unit_tests/experiment_plans/test_wait_for_robot_load_then_centre.py::test_when_plan_run_then_detector_arm_started_before_wait_on_robot_load,setup,0.02,65.05
before,12,test_given_smargon_disabled_when_plan_run_then_waits_on_smargon[5],tests/unit_tests/experiment_plans/test_wait_for_robot_load_then_centre.py::test_given_smargon_disabled_when_plan_run_then_waits_on_smargon[5],setup,0.02,65.05
before,12,test_when_plan_run_with_requested_energy_specified_energy_change_executes,tests/unit_tests/experiment_plans/test_wait_for_robot_load_then_centre.py::test_when_plan_run_with_requested_energy_specified_energy_change_executes,setup,0.02,65.05
before,12,test_wait_for_robot_load_then_centre_doesnt_set_energy_if_not_specified,tests/unit_tests/experiment_plans/test_wait_for_robot_load_then_centre.py::test_wait_for_robot_load_then_centre_doesnt_set_energy_if_not_specified,setup,0.02,65.05
before,12,test_values_for_move_so_that_beam_is_at_pixel[px_per_um3-beam_centre3-0-pixel_to_move_to3-expected_xyz3],tests/unit_tests/device_setup_plans/test_setup_oav.py::test_values_for_move_so_that_beam_is_at_pixel[px_per_um3-beam_centre3-0-pixel_to_move_to3-expected_xyz3],setup,0.02,65.05
before,12,test_values_for_move_so_that_beam_is_at_pixel[px_per_um6-beam_centre6--90-pixel_to_move_to6-expected_xyz6],tests/unit_tests/device_setup_plans/test_setup_oav.py::test_values_for_move_so_that_beam_is_at_pixel[px_per_um6-beam_centre6--90-pixel_to_move_to6-expected_xyz6],setup,0.02,65.05
before,12,test_values_for_move_so_that_beam_is_at_pixel[px_per_um2-beam_centre2-90-pixel_to_move_to2-expected_xyz2],tests/unit_tests/device_setup_plans/test_setup_oav.py::test_values_for_move_so_that_beam_is_at_pixel[px_per_um2-beam_centre2-90-pixel_to_move_to2-expected_xyz2],setup,0.01,65.05
before,12,test_values_for_move_so_that_beam_is_at_pixel[px_per_um1-beam_centre1--90-pixel_to_move_to1-expected_xyz1],tests/unit_tests/device_setup_plans/test_setup_oav.py::test_values_for_move_so_that_beam_is_at_pixel[px_per_um1-beam_centre1--90-pixel_to_move_to1-expected_xyz1],setup,0.01,65.05
before,12,test_optimisation_attenuation_plan_runs_correct_functions[total_counts],tests/unit_tests/experiment_plans/test_optimise_attenuation_plan.py::test_optimisation_attenuation_plan_runs_correct_functions[total_counts],call,0.01,65.05
before,12,test_zebra_arm_disarm,tests/unit_tests/device_setup_plans/test_zebra_setup.py::test_zebra_arm_disarm,call,0.01,65.05
before,12,test_values_for_move_so_that_beam_is_at_pixel[px_per_um0-beam_centre0-0-pixel_to_move_to0-expected_xyz0],tests/unit_tests/device_setup_plans/test_setup_oav.py::test_values_for_move_so_that_beam_is_at_pixel[px_per_um0-beam_centre0-0-pixel_to_move_to0-expected_xyz0],setup,0.01,65.05
before,12,test_values_for_move_so_that_beam_is_at_pixel[px_per_um5-beam_centre5-0-pixel_to_move_to5-expected_xyz5],tests/unit_tests/device_setup_plans/test_setup_oav.py::test_values_for_move_so_that_beam_is_at_pixel[px_per_um5-beam_centre5-0-pixel_to_move_to5-expected_xyz5],setup,0.01,65.05
before,12,test_values_for_move_so_that_beam_is_at_pixel[px_per_um4-beam_centre4--90-pixel_to_move_to4-expected_xyz4],tests/unit_tests/device_setup_plans/test_setup_oav.py::test_values_for_move_so_that_beam_is_at_pixel[px_per_um4-beam_centre4--90-pixel_to_move_to4-expected_xyz4],setup,0.01,65.05
before,12,test_given_started_when_stopped_and_started_again_then_runs,tests/unit_tests/hyperion/test_main_system.py::test_given_started_when_stopped_and_started_again_then_runs,call,0.01,65.05
before,12,test_when_plan_run_then_centring_plan_run_with_expected_parameters,tests/unit_tests/experiment_plans/test_wait_for_robot_load_then_centre.py::test_when_plan_run_then_centring_plan_run_with_expected_parameters,call,0.01,65.05
before,12,test_adjust_dcm_pitch_roll_vfm_from_lut,tests/unit_tests/device_setup_plans/test_dcm_pitch_roll_mirror_adjuster.py::test_adjust_dcm_pitch_roll_vfm_from_lut,setup,0.01,65.05
before,12,test_given_pin_tip_detect_using_ophyd_when_pin_tip_centre_plan_called_then_expected_plans_called,tests/unit_tests/experiment_plans/test_pin_tip_centring.py::test_given_pin_tip_detect_using_ophyd_when_pin_tip_centre_plan_called_then_expected_plans_called,call,0.01,65.05
before,12,test_when_pin_tip_centre_plan_called_then_expected_plans_called,tests/unit_tests/experiment_plans/test_pin_tip_centring.py::test_when_pin_tip_centre_plan_called_then_expected_plans_called,call,0.01,65.05
before,12,test_given_no_tip_found_ever_when_get_tip_into_view_then_smargon_moved_positive_and_exception_thrown,tests/unit_tests/experiment_plans/test_pin_tip_centring.py::test_given_no_tip_found_ever_when_get_tip_into_view_then_smargon_moved_positive_and_exception_thrown,setup,0.01,65.05
before,12,test_execution_of_do_fgs_triggers_zocalo_calls,tests/unit_tests/external_interaction/callbacks/test_zocalo_handler.py::TestZocaloHandler::test_execution_of_do_fgs_triggers_zocalo_calls,call,0.01,65.05
before,12,test_pin_tip_starting_near_positive_edge_doesnt_exceed_limit,tests/unit_tests/experiment_plans/test_pin_tip_centring.py::test_pin_tip_starting_near_positive_edge_doesnt_exceed_limit,setup,0.01,65.05
before,12,test_sending_start_twice_fails,tests/unit_tests/hyperion/test_main_system.py::test_sending_start_twice_fails,call,0.01,65.05
before,12,test_pin_tip_starting_near_negative_edge_doesnt_exceed_limit,tests/unit_tests/experiment_plans/test_pin_tip_centring.py::test_pin_tip_starting_near_negative_edge_doesnt_exceed_limit,setup,0.01,65.05
before,12,test_store_rotation_scan_uses_supplied_dcgid[13],tests/unit_tests/external_interaction/ispyb/test_rotation_ispyb_store.py::test_store_rotation_scan_uses_supplied_dcgid[13],call,0.01,65.05
before,12,test_given_tip_at_zero_but_will_be_found_when_get_tip_into_view_then_smargon_moved_negative_and_tip_returned,tests/unit_tests/experiment_plans/test_pin_tip_centring.py::test_given_tip_at_zero_but_will_be_found_when_get_tip_into_view_then_smargon_moved_negative_and_tip_returned,setup,0.01,65.05
before,12,test_given_pin_tip_detect_using_ophyd_when_pin_tip_centre_plan_called_then_expected_plans_called,tests/unit_tests/experiment_plans/test_pin_tip_centring.py::test_given_pin_tip_detect_using_ophyd_when_pin_tip_centre_plan_called_then_expected_plans_called,setup,0.01,65.05
before,12,test_given_no_tip_found_but_will_be_found_when_get_tip_into_view_then_smargon_moved_positive_and_tip_returned,tests/unit_tests/experiment_plans/test_pin_tip_centring.py::test_given_no_tip_found_but_will_be_found_when_get_tip_into_view_then_smargon_moved_positive_and_tip_returned,setup,0.01,65.05
before,12,test_when_set_up_oav_then_only_waits_on_oav_to_finish,tests/unit_tests/device_setup_plans/test_setup_oav.py::test_when_set_up_oav_then_only_waits_on_oav_to_finish,setup,0.01,65.05
before,12,test_given_the_pin_tip_is_already_in_view_when_get_tip_into_view_then_tip_returned_and_smargon_not_moved,tests/unit_tests/experiment_plans/test_pin_tip_centring.py::test_given_the_pin_tip_is_already_in_view_when_get_tip_into_view_then_tip_returned_and_smargon_not_moved,setup,0.01,65.05
before,12,test_when_set_up_oav_with_different_zoom_levels_then_flat_field_applied_correctly[7.0-CAM],tests/unit_tests/device_setup_plans/test_setup_oav.py::test_when_set_up_oav_with_different_zoom_levels_then_flat_field_applied_correctly[7.0-CAM],setup,0.01,65.05
before,12,test_when_pin_tip_centre_plan_called_then_expected_plans_called,tests/unit_tests/experiment_plans/test_pin_tip_centring.py::test_when_pin_tip_centre_plan_called_then_expected_plans_called,setup,0.01,65.05
before,12,test_setup_panda_performs_correct_plans,tests/unit_tests/device_setup_plans/test_setup_panda.py::test_setup_panda_performs_correct_plans,call,0.01,65.05
before,12,test_activates_on_metadata,tests/unit_tests/external_interaction/callbacks/test_plan_reactive_callback.py::test_activates_on_metadata,call,0.01,65.05
before,12,test_given_moving_out_of_range_when_move_with_warn_called_then_warning_exception,tests/unit_tests/experiment_plans/test_pin_tip_centring.py::test_given_moving_out_of_range_when_move_with_warn_called_then_warning_exception,setup,0.01,65.05
before,12,test_store_rotation_scan_uses_supplied_dcgid[88],tests/unit_tests/external_interaction/ispyb/test_rotation_ispyb_store.py::test_store_rotation_scan_uses_supplied_dcgid[88],call,0.01,65.05
before,12,test_activity_gated_start,tests/unit_tests/external_interaction/callbacks/rotation/test_ispyb_callback.py::test_activity_gated_start,setup,0.01,65.05
before,12,test_given_detector_bit_depth_changes_then_vds_datatype_as_expected[16-uint16],tests/unit_tests/external_interaction/test_write_rotation_nexus.py::test_given_detector_bit_depth_changes_then_vds_datatype_as_expected[16-uint16],setup,0.01,65.05
before,12,test_adjust_dcm_pitch_roll_vfm_from_lut,tests/unit_tests/device_setup_plans/test_dcm_pitch_roll_mirror_adjuster.py::test_adjust_dcm_pitch_roll_vfm_from_lut,call,0.01,65.05
before,12,test_store_rotation_scan_uses_supplied_dcgid[45],tests/unit_tests/external_interaction/ispyb/test_rotation_ispyb_store.py::test_store_rotation_scan_uses_supplied_dcgid[45],call,0.01,65.05
before,12,test_store_rotation_scan_uses_supplied_dcgid[2],tests/unit_tests/external_interaction/ispyb/test_rotation_ispyb_store.py::test_store_rotation_scan_uses_supplied_dcgid[2],call,0.01,65.05
before,12,test_given_detector_bit_depth_changes_then_vds_datatype_as_expected[32-uint32],tests/unit_tests/external_interaction/test_write_rotation_nexus.py::test_given_detector_bit_depth_changes_then_vds_datatype_as_expected[32-uint32],setup,0.01,65.05
before,12,test_rotation_scan_nexus_output_compared_to_existing_file,tests/unit_tests/external_interaction/test_write_rotation_nexus.py::test_rotation_scan_nexus_output_compared_to_existing_file,setup,0.01,65.05
before,12,test_adjust_mirror_stripe[6.999-Bare-140-15],tests/unit_tests/device_setup_plans/test_dcm_pitch_roll_mirror_adjuster.py::test_adjust_mirror_stripe[6.999-Bare-140-15],setup,0.01,65.05
before,12,test_store_rotation_scan_uses_supplied_dcgid[25],tests/unit_tests/external_interaction/ispyb/test_rotation_ispyb_store.py::test_store_rotation_scan_uses_supplied_dcgid[25],call,0.01,65.05
before,12,test_store_rotation_scan_uses_supplied_dcgid[61],tests/unit_tests/external_interaction/ispyb/test_rotation_ispyb_store.py::test_store_rotation_scan_uses_supplied_dcgid[61],call,0.01,65.05
before,12,test_update_deposition,tests/unit_tests/external_interaction/ispyb/test_gridscan_ispyb_store_3d.py::test_update_deposition,setup,0.01,65.05
before,12,test_adjust_mirror_stripe[7.001-Rhodium-124--46],tests/unit_tests/device_setup_plans/test_dcm_pitch_roll_mirror_adjuster.py::test_adjust_mirror_stripe[7.001-Rhodium-124--46],setup,0.01,65.05
before,12,test_apply_and_wait_for_voltages_to_settle_timeout,tests/unit_tests/device_setup_plans/test_dcm_pitch_roll_mirror_adjuster.py::test_apply_and_wait_for_voltages_to_settle_timeout,setup,0.01,65.05
before,12,test_when_set_up_oav_with_different_zoom_levels_then_flat_field_applied_correctly[1.0-proc],tests/unit_tests/device_setup_plans/test_setup_oav.py::test_when_set_up_oav_with_different_zoom_levels_then_flat_field_applied_correctly[1.0-proc],setup,0.01,65.05
before,12,test_apply_and_wait_for_voltages_to_settle_happy_path,tests/unit_tests/device_setup_plans/test_dcm_pitch_roll_mirror_adjuster.py::test_apply_and_wait_for_voltages_to_settle_happy_path,setup,0.01,65.05
before,12,test_end_deposition_happy_path,tests/unit_tests/external_interaction/ispyb/test_gridscan_ispyb_store_2d.py::test_end_deposition_happy_path,setup,0.01,65.05
before,12,test_given_started_when_stopped_then_success_and_idle_status,tests/unit_tests/hyperion/test_main_system.py::test_given_started_when_stopped_then_success_and_idle_status,call,0.01,65.05
before,12,test_end_deposition_happy_path,tests/unit_tests/external_interaction/ispyb/test_rotation_ispyb_store.py::test_end_deposition_happy_path,setup,0.01,65.05
before,12,test_getting_status_return_idle,tests/unit_tests/hyperion/test_main_system.py::test_getting_status_return_idle,call,0.01,65.05
before,12,test_update_deposition,tests/unit_tests/external_interaction/ispyb/test_rotation_ispyb_store.py::test_update_deposition,setup,0.01,65.05
before,12,test_zebra_set_up_for_gridscan,tests/unit_tests/device_setup_plans/test_zebra_setup.py::test_zebra_set_up_for_gridscan,call,0.01,65.05
before,12,test_values_for_move_so_that_beam_is_at_pixel[px_per_um5-beam_centre5-0-pixel_to_move_to5-expected_xyz5],tests/unit_tests/device_setup_plans/test_setup_oav.py::test_values_for_move_so_that_beam_is_at_pixel[px_per_um5-beam_centre5-0-pixel_to_move_to5-expected_xyz5],call,0.01,65.05
before,12,test_arm_devices_runs_correct_functions,tests/unit_tests/experiment_plans/test_optimise_attenuation_plan.py::test_arm_devices_runs_correct_functions,call,0.01,65.05
before,12,test_activity_gated_event,tests/unit_tests/external_interaction/callbacks/rotation/test_ispyb_callback.py::test_activity_gated_event,call,0.01,65.05
before,12,test_deactivates_after_closing,tests/unit_tests/external_interaction/callbacks/test_plan_reactive_callback.py::test_deactivates_after_closing,call,0.01,65.05
before,12,test_begin_deposition_with_alternate_experiment_type,tests/unit_tests/external_interaction/ispyb/test_rotation_ispyb_store.py::test_begin_deposition_with_alternate_experiment_type,setup,0.01,65.05
before,12,test_update_deposition_with_group_id_updates,tests/unit_tests/external_interaction/ispyb/test_rotation_ispyb_store.py::test_update_deposition_with_group_id_updates,setup,0.01,65.05
before,12,test_values_for_move_so_that_beam_is_at_pixel[px_per_um0-beam_centre0-0-pixel_to_move_to0-expected_xyz0],tests/unit_tests/device_setup_plans/test_setup_oav.py::test_values_for_move_so_that_beam_is_at_pixel[px_per_um0-beam_centre0-0-pixel_to_move_to0-expected_xyz0],call,0.01,65.05
before,12,test_no_exception_during_run_results_in_good_run_status,tests/unit_tests/external_interaction/ispyb/test_gridscan_ispyb_store_2d.py::test_no_exception_during_run_results_in_good_run_status,setup,0.01,65.05
before,12,test_ispyb_deposition_comment_for_3D_correct,tests/unit_tests/external_interaction/ispyb/test_gridscan_ispyb_store_3d.py::test_ispyb_deposition_comment_for_3D_correct,setup,0.01,65.05
before,12,test_start_gives_success,tests/unit_tests/hyperion/test_main_system.py::test_start_gives_success,call,0.01,65.05
before,12,test_values_for_move_so_that_beam_is_at_pixel[px_per_um3-beam_centre3-0-pixel_to_move_to3-expected_xyz3],tests/unit_tests/device_setup_plans/test_setup_oav.py::test_values_for_move_so_that_beam_is_at_pixel[px_per_um3-beam_centre3-0-pixel_to_move_to3-expected_xyz3],call,0.01,65.05
before,12,test_given_ispyb_callback_started_writing_to_ispyb_when_messages_logged_then_they_contain_dcgid,tests/unit_tests/external_interaction/callbacks/xray_centre/test_ispyb_handler.py::TestXrayCentreIspybHandler::test_given_ispyb_callback_started_writing_to_ispyb_when_messages_logged_then_they_contain_dcgid,call,0.01,65.05
before,12,test_activity_gated_stop,tests/unit_tests/external_interaction/callbacks/rotation/test_ispyb_callback.py::test_activity_gated_stop,setup,0.01,65.05
before,12,test_begin_deposition_with_group_id_doesnt_insert,tests/unit_tests/external_interaction/ispyb/test_rotation_ispyb_store.py::test_begin_deposition_with_group_id_doesnt_insert,setup,0.01,65.05
before,12,test_end_deposition_happy_path,tests/unit_tests/external_interaction/ispyb/test_gridscan_ispyb_store_3d.py::test_end_deposition_happy_path,setup,0.01,65.05
before,12,test_fail_result_run_results_in_bad_run_status,tests/unit_tests/external_interaction/ispyb/test_gridscan_ispyb_store_2d.py::test_fail_result_run_results_in_bad_run_status,setup,0.01,65.05
before,12,test_begin_deposition,tests/unit_tests/external_interaction/ispyb/test_rotation_ispyb_store.py::test_begin_deposition,setup,0.01,65.05
before,12,test_activity_gated_event,tests/unit_tests/external_interaction/callbacks/rotation/test_ispyb_callback.py::test_activity_gated_event,setup,0.01,65.05
before,12,test_begin_deposition,tests/unit_tests/external_interaction/ispyb/test_gridscan_ispyb_store_2d.py::test_begin_deposition,setup,0.01,65.05
before,12,test_ispyb_deposition_comment_correct,tests/unit_tests/external_interaction/ispyb/test_gridscan_ispyb_store_2d.py::test_ispyb_deposition_comment_correct,setup,0.01,65.05
before,12,test_deadtime_optimisation_calculates_deadtime_correctly,tests/unit_tests/experiment_plans/test_optimise_attenuation_plan.py::test_deadtime_optimisation_calculates_deadtime_correctly,call,0.01,65.05
before,12,test_update_deposition,tests/unit_tests/external_interaction/ispyb/test_gridscan_ispyb_store_2d.py::test_update_deposition,setup,0.01,65.05
before,12,test_store_3d_grid_scan,tests/unit_tests/external_interaction/ispyb/test_gridscan_ispyb_store_3d.py::test_store_3d_grid_scan,setup,0.01,65.05
before,12,test_doesnt_activate_on_wrong_metadata,tests/unit_tests/external_interaction/callbacks/test_plan_reactive_callback.py::test_doesnt_activate_on_wrong_metadata,call,0.01,65.05
before,12,test_param_keys,tests/unit_tests/external_interaction/ispyb/test_gridscan_ispyb_store_2d.py::test_param_keys,setup,0.01,65.05
before,12,test_values_for_move_so_that_beam_is_at_pixel[px_per_um6-beam_centre6--90-pixel_to_move_to6-expected_xyz6],tests/unit_tests/device_setup_plans/test_setup_oav.py::test_values_for_move_so_that_beam_is_at_pixel[px_per_um6-beam_centre6--90-pixel_to_move_to6-expected_xyz6],call,0.01,65.05
before,12,test_start_gives_success,tests/unit_tests/hyperion/test_main_system.py::test_start_gives_success,setup,0.01,65.05
before,12,test_store_rotation_scan_failures,tests/unit_tests/external_interaction/ispyb/test_rotation_ispyb_store.py::test_store_rotation_scan_failures,setup,0.01,65.05
before,12,test_begin_deposition,tests/unit_tests/external_interaction/ispyb/test_gridscan_ispyb_store_3d.py::test_begin_deposition,setup,0.01,65.05
before,12,test_values_for_move_so_that_beam_is_at_pixel[px_per_um2-beam_centre2-90-pixel_to_move_to2-expected_xyz2],tests/unit_tests/device_setup_plans/test_setup_oav.py::test_values_for_move_so_that_beam_is_at_pixel[px_per_um2-beam_centre2-90-pixel_to_move_to2-expected_xyz2],call,0.01,65.05
before,12,test_when_pin_centre_xray_centre_called_then_plan_runs_correctly,tests/unit_tests/experiment_plans/test_pin_centre_then_xray_centre_plan.py::test_when_pin_centre_xray_centre_called_then_plan_runs_correctly,call,0.01,65.05
before,12,test_values_for_move_so_that_beam_is_at_pixel[px_per_um1-beam_centre1--90-pixel_to_move_to1-expected_xyz1],tests/unit_tests/device_setup_plans/test_setup_oav.py::test_values_for_move_so_that_beam_is_at_pixel[px_per_um1-beam_centre1--90-pixel_to_move_to1-expected_xyz1],call,0.01,65.05
before,12,test_given_ispyb_callback_finished_writing_to_ispyb_when_messages_logged_then_they_do_not_contain_dcgid,tests/unit_tests/external_interaction/callbacks/xray_centre/test_ispyb_handler.py::TestXrayCentreIspybHandler::test_given_ispyb_callback_finished_writing_to_ispyb_when_messages_logged_then_they_do_not_contain_dcgid,call,0.01,65.05
before,12,test_given_shutter_open_fails_then_eiger_disarmed_and_correct_exception_returned,tests/unit_tests/device_setup_plans/test_utils.py::test_given_shutter_open_fails_then_eiger_disarmed_and_correct_exception_returned,setup,0.01,65.05
before,12,test_start_with_json_file_gives_success,tests/unit_tests/hyperion/test_main_system.py::test_start_with_json_file_gives_success,call,0.01,65.05
before,12,test_activity_gated_stop,tests/unit_tests/external_interaction/callbacks/rotation/test_ispyb_callback.py::test_activity_gated_stop,call,0.01,65.05
before,12,test_param_fields_match_components_they_should_use,tests/unit_tests/parameters/test_internal_parameters.py::test_param_fields_match_components_they_should_use,setup,0.01,65.05
before,12,test_sending_start_twice_fails,tests/unit_tests/hyperion/test_main_system.py::test_sending_start_twice_fails,setup,0.01,65.05
before,12,test_when_started_n_returnstatus_interrupted_bc_RE_aborted_thn_error_reptd,tests/unit_tests/hyperion/test_main_system.py::test_when_started_n_returnstatus_interrupted_bc_RE_aborted_thn_error_reptd,setup,0.01,65.05
before,12,test_activity_gated_start,tests/unit_tests/external_interaction/callbacks/rotation/test_ispyb_callback.py::test_activity_gated_start,call,0.01,65.05
before,12,test_internal_params_eq,tests/unit_tests/parameters/test_internal_parameters.py::test_internal_params_eq,call,0.01,65.05
before,12,test_values_for_move_so_that_beam_is_at_pixel[px_per_um4-beam_centre4--90-pixel_to_move_to4-expected_xyz4],tests/unit_tests/device_setup_plans/test_setup_oav.py::test_values_for_move_so_that_beam_is_at_pixel[px_per_um4-beam_centre4--90-pixel_to_move_to4-expected_xyz4],call,0.01,65.05
before,12,test_given_detector_move_fails_then_eiger_disarmed_and_correct_exception_returned,tests/unit_tests/device_setup_plans/test_utils.py::test_given_detector_move_fails_then_eiger_disarmed_and_correct_exception_returned,setup,0.01,65.05
before,12,test_tidy_up_plans_disable_panda_and_zebra,tests/unit_tests/experiment_plans/test_panda_flyscan_xray_centre_plan.py::test_tidy_up_plans_disable_panda_and_zebra,call,0.01,65.05
before,12,test_messages_are_tagged_with_run_uid,tests/unit_tests/hyperion/test_log/test_log.py::test_messages_are_tagged_with_run_uid,call,0.01,65.05
before,12,test_subscribe_in_plan,tests/unit_tests/external_interaction/callbacks/xray_centre/test_xraycentre_callback_collection.py::test_subscribe_in_plan,call,0.01,65.05
before,12,test_fgs_raising_no_exception_results_in_good_run_status_in_ispyb,tests/unit_tests/external_interaction/callbacks/xray_centre/test_ispyb_handler.py::TestXrayCentreIspybHandler::test_fgs_raising_no_exception_results_in_good_run_status_in_ispyb,call,0.01,65.05
before,12,test_set_energy,tests/unit_tests/experiment_plans/test_set_energy_plan.py::test_set_energy,call,0.01,65.05
before,12,test_getting_status_after_start_sent_returns_busy,tests/unit_tests/hyperion/test_main_system.py::test_getting_status_after_start_sent_returns_busy,setup,0.01,65.05
before,12,test_activity_gated_start_2d,tests/unit_tests/external_interaction/callbacks/xray_centre/test_ispyb_callback.py::test_activity_gated_start_2d,call,0.01,65.05
before,12,test_when_plan_run_with_requested_energy_specified_energy_change_executes,tests/unit_tests/experiment_plans/test_wait_for_robot_load_then_centre.py::test_when_plan_run_with_requested_energy_specified_energy_change_executes,call,0.01,65.05
before,12,test_store_rotation_scan_uses_supplied_dcgid[88],tests/unit_tests/external_interaction/ispyb/test_rotation_ispyb_store.py::test_store_rotation_scan_uses_supplied_dcgid[88],setup,0.01,65.05
before,12,test_main_function,tests/unit_tests/external_interaction/callbacks/test_external_callbacks.py::test_main_function,call,0.01,65.05
before,12,test_given_fgs_plan_finished_when_zocalo_results_event_then_expected_comment_deposited,tests/unit_tests/external_interaction/callbacks/xray_centre/test_ispyb_handler.py::TestXrayCentreIspybHandler::test_given_fgs_plan_finished_when_zocalo_results_event_then_expected_comment_deposited,call,0.01,65.05
before,12,test_given_tip_found_when_wait_for_tip_to_be_found_called_then_tip_immediately_returned,tests/unit_tests/device_setup_plans/test_setup_oav.py::test_given_tip_found_when_wait_for_tip_to_be_found_called_then_tip_immediately_returned,call,0.01,65.05
before,12,test_end_deposition_happy_path,tests/unit_tests/external_interaction/ispyb/test_gridscan_ispyb_store_3d.py::test_end_deposition_happy_path,call,0.01,65.05
before,12,test_given_started_when_stopped_and_started_again_then_runs,tests/unit_tests/hyperion/test_main_system.py::test_given_started_when_stopped_and_started_again_then_runs,setup,0.01,65.05
before,12,test_writers_dont_create_on_init_but_do_on_ispyb_event,tests/unit_tests/external_interaction/callbacks/xray_centre/test_nexus_handler.py::test_writers_dont_create_on_init_but_do_on_ispyb_event,call,0.01,65.05
before,12,test_ispyb_handler_stores_sampleid_for_full_collection_not_screening[150-False],tests/unit_tests/external_interaction/callbacks/test_rotation_callbacks.py::test_ispyb_handler_stores_sampleid_for_full_collection_not_screening[150-False],call,0.01,65.05
before,12,test_log_on_invalid_json_params,tests/unit_tests/hyperion/test_main_system.py::test_log_on_invalid_json_params,setup,0.01,65.05
before,12,test_start_with_json_file_gives_success,tests/unit_tests/hyperion/test_main_system.py::test_start_with_json_file_gives_success,setup,0.01,65.05
before,12,test_given_plan_raises_when_exception_raised_then_eiger_disarmed_and_correct_exception_returned,tests/unit_tests/device_setup_plans/test_utils.py::test_given_plan_raises_when_exception_raised_then_eiger_disarmed_and_correct_exception_returned,setup,0.01,65.05
before,12,test_plan_with_no_params_fails,tests/unit_tests/hyperion/test_main_system.py::test_plan_with_no_params_fails,setup,0.01,65.05
before,12,test_disarm_panda_disables_correct_blocks,tests/unit_tests/device_setup_plans/test_setup_panda.py::test_disarm_panda_disables_correct_blocks,call,0.01,65.05
before,12,test_given_the_pin_tip_is_already_in_view_when_get_tip_into_view_then_tip_returned_and_smargon_not_moved,tests/unit_tests/experiment_plans/test_pin_tip_centring.py::test_given_the_pin_tip_is_already_in_view_when_get_tip_into_view_then_tip_returned_and_smargon_not_moved,call,0.01,65.05
before,12,test_getting_status_after_start_sent_returns_busy,tests/unit_tests/hyperion/test_main_system.py::test_getting_status_after_start_sent_returns_busy,call,0.01,65.05
before,12,test_wait_for_robot_load_then_centre_doesnt_set_energy_if_not_specified,tests/unit_tests/experiment_plans/test_wait_for_robot_load_then_centre.py::test_wait_for_robot_load_then_centre_doesnt_set_energy_if_not_specified,call,0.01,65.05
before,12,test_fgs_failing_results_in_bad_run_status_in_ispyb,tests/unit_tests/external_interaction/callbacks/xray_centre/test_ispyb_handler.py::TestXrayCentreIspybHandler::test_fgs_failing_results_in_bad_run_status_in_ispyb,call,0.01,65.05
before,12,test_nexus_handler_gets_documents_in_mock_plan,tests/unit_tests/external_interaction/callbacks/test_rotation_callbacks.py::test_nexus_handler_gets_documents_in_mock_plan,setup,0.01,65.05
before,12,test_trigger_and_return_pin_tip_works_for_ophyd_pin_tip_detection,tests/unit_tests/experiment_plans/test_pin_tip_centring.py::test_trigger_and_return_pin_tip_works_for_ophyd_pin_tip_detection,call,0.01,65.05
before,12,test_activity_gated_start_3d,tests/unit_tests/external_interaction/callbacks/xray_centre/test_ispyb_callback.py::test_activity_gated_start_3d,call,0.01,65.05
before,12,test_ispyb_reuses_dcgid_on_same_sampleID[ispyb_ids0],tests/unit_tests/external_interaction/callbacks/test_rotation_callbacks.py::test_ispyb_reuses_dcgid_on_same_sampleID[ispyb_ids0],setup,0.01,65.05
before,12,test_getting_status_return_idle,tests/unit_tests/hyperion/test_main_system.py::test_getting_status_return_idle,setup,0.01,65.05
before,12,test_zebra_cleanup,tests/unit_tests/device_setup_plans/test_zebra_setup.py::test_zebra_cleanup,call,0.01,65.05
before,12,test_GIVEN_scan_already_valid_THEN_wait_for_GRIDSCAN_returns_immediately,tests/unit_tests/experiment_plans/test_flyscan_xray_centre_plan.py::TestFlyscanXrayCentrePlan::test_GIVEN_scan_already_valid_THEN_wait_for_GRIDSCAN_returns_immediately,call,0.01,65.05
