version,run_number,test_name,test_path,phase,duration_sec,total_test_time
before,1,test_multioutput[ShapeDTW-1],sktime/classification/tests/test_all_classifiers.py::TestAllClassifiers::test_multioutput[ShapeDTW-1],call,74.87,141.19
before,1,test_classifier_output[ShapeDTW-1-ClassifierFitPredictThreeClasses],sktime/classification/tests/test_all_classifiers.py::TestAllClassifiers::test_classifier_output[ShapeDTW-1-ClassifierFitPredictThreeClasses],call,34.83,141.19
before,1,test_classifier_output[ShapeDTW-1-ClassifierFitPredict],sktime/classification/tests/test_all_classifiers.py::TestAllClassifiers::test_classifier_output[ShapeDTW-1-ClassifierFitPredict],call,23.77,141.19
before,1,test_multioutput[ShapeDTW-0],sktime/classification/tests/test_all_classifiers.py::TestAllClassifiers::test_multioutput[ShapeDTW-0],call,0.76,141.19
before,1,test_classifier_output[ShapeDTW-0-ClassifierFitPredictThreeClasses],sktime/classification/tests/test_all_classifiers.py::TestAllClassifiers::test_classifier_output[ShapeDTW-0-ClassifierFitPredictThreeClasses],call,0.58,141.19
before,1,test_classifier_on_unit_test_data[ShapeDTW],sktime/classification/tests/test_all_classifiers.py::TestAllClassifiers::test_classifier_on_unit_test_data[ShapeDTW],call,0.46,141.19
before,1,test_classifier_output[ShapeDTW-0-ClassifierFitPredict],sktime/classification/tests/test_all_classifiers.py::TestAllClassifiers::test_classifier_output[ShapeDTW-0-ClassifierFitPredict],call,0.25,141.19
before,1,test_multivariate_input_exception[ShapeDTW-0],sktime/classification/tests/test_all_classifiers.py::TestAllClassifiers::test_multivariate_input_exception[ShapeDTW-0],call,0.02,141.19
before,1,test_multivariate_input_exception[ShapeDTW-1],sktime/classification/tests/test_all_classifiers.py::TestAllClassifiers::test_multivariate_input_exception[ShapeDTW-1],call,0.01,141.19
before,1,test_handles_single_class[ShapeDTW-0],sktime/classification/tests/test_all_classifiers.py::TestAllClassifiers::test_handles_single_class[ShapeDTW-0],call,0.0,141.19
before,1,test_handles_single_class[ShapeDTW-1],sktime/classification/tests/test_all_classifiers.py::TestAllClassifiers::test_handles_single_class[ShapeDTW-1],call,0.0,141.19
before,1,test_multivariate_input_exception[ShapeDTW-0],sktime/classification/tests/test_all_classifiers.py::TestAllClassifiers::test_multivariate_input_exception[ShapeDTW-0],setup,0.0,141.19
before,1,test_classifier_output[ShapeDTW-0-ClassifierFitPredictThreeClasses],sktime/classification/tests/test_all_classifiers.py::TestAllClassifiers::test_classifier_output[ShapeDTW-0-ClassifierFitPredictThreeClasses],setup,0.0,141.19
before,1,test_classifier_output[ShapeDTW-0-ClassifierFitPredict],sktime/classification/tests/test_all_classifiers.py::TestAllClassifiers::test_classifier_output[ShapeDTW-0-ClassifierFitPredict],setup,0.0,141.19
before,1,test_classifier_output[ShapeDTW-1-ClassifierFitPredictThreeClasses],sktime/classification/tests/test_all_classifiers.py::TestAllClassifiers::test_classifier_output[ShapeDTW-1-ClassifierFitPredictThreeClasses],setup,0.0,141.19
before,1,test_multioutput[ShapeDTW-0],sktime/classification/tests/test_all_classifiers.py::TestAllClassifiers::test_multioutput[ShapeDTW-0],setup,0.0,141.19
before,1,test_classifier_output[ShapeDTW-1-ClassifierFitPredict],sktime/classification/tests/test_all_classifiers.py::TestAllClassifiers::test_classifier_output[ShapeDTW-1-ClassifierFitPredict],setup,0.0,141.19
before,1,test_multivariate_input_exception[ShapeDTW-1],sktime/classification/tests/test_all_classifiers.py::TestAllClassifiers::test_multivariate_input_exception[ShapeDTW-1],setup,0.0,141.19
before,1,test_handles_single_class[ShapeDTW-0],sktime/classification/tests/test_all_classifiers.py::TestAllClassifiers::test_handles_single_class[ShapeDTW-0],setup,0.0,141.19
before,1,test_multioutput[ShapeDTW-1],sktime/classification/tests/test_all_classifiers.py::TestAllClassifiers::test_multioutput[ShapeDTW-1],setup,0.0,141.19
before,1,test_handles_single_class[ShapeDTW-1],sktime/classification/tests/test_all_classifiers.py::TestAllClassifiers::test_handles_single_class[ShapeDTW-1],setup,0.0,141.19
before,1,test_classifier_on_unit_test_data[ShapeDTW],sktime/classification/tests/test_all_classifiers.py::TestAllClassifiers::test_classifier_on_unit_test_data[ShapeDTW],setup,0.0,141.19
before,1,test_classifier_output[ShapeDTW-1-ClassifierFitPredictThreeClasses],sktime/classification/tests/test_all_classifiers.py::TestAllClassifiers::test_classifier_output[ShapeDTW-1-ClassifierFitPredictThreeClasses],teardown,0.0,141.19
before,1,test_classifier_on_basic_motions[ShapeDTW],sktime/classification/tests/test_all_classifiers.py::TestAllClassifiers::test_classifier_on_basic_motions[ShapeDTW],setup,0.0,141.19
before,1,test_classifier_output[ShapeDTW-0-ClassifierFitPredictThreeClasses],sktime/classification/tests/test_all_classifiers.py::TestAllClassifiers::test_classifier_output[ShapeDTW-0-ClassifierFitPredictThreeClasses],teardown,0.0,141.19
before,1,test_classifier_output[ShapeDTW-0-ClassifierFitPredict],sktime/classification/tests/test_all_classifiers.py::TestAllClassifiers::test_classifier_output[ShapeDTW-0-ClassifierFitPredict],teardown,0.0,141.19
before,1,test_multioutput[ShapeDTW-1],sktime/classification/tests/test_all_classifiers.py::TestAllClassifiers::test_multioutput[ShapeDTW-1],teardown,0.0,141.19
before,1,test_classifier_output[ShapeDTW-1-ClassifierFitPredict],sktime/classification/tests/test_all_classifiers.py::TestAllClassifiers::test_classifier_output[ShapeDTW-1-ClassifierFitPredict],teardown,0.0,141.19
before,1,test_classifier_on_unit_test_data[ShapeDTW],sktime/classification/tests/test_all_classifiers.py::TestAllClassifiers::test_classifier_on_unit_test_data[ShapeDTW],teardown,0.0,141.19
before,1,test_multioutput[ShapeDTW-0],sktime/classification/tests/test_all_classifiers.py::TestAllClassifiers::test_multioutput[ShapeDTW-0],teardown,0.0,141.19
before,1,test_multivariate_input_exception[ShapeDTW-0],sktime/classification/tests/test_all_classifiers.py::TestAllClassifiers::test_multivariate_input_exception[ShapeDTW-0],teardown,0.0,141.19
before,1,test_multivariate_input_exception[ShapeDTW-1],sktime/classification/tests/test_all_classifiers.py::TestAllClassifiers::test_multivariate_input_exception[ShapeDTW-1],teardown,0.0,141.19
before,1,test_classifier_on_basic_motions[ShapeDTW],sktime/classification/tests/test_all_classifiers.py::TestAllClassifiers::test_classifier_on_basic_motions[ShapeDTW],teardown,0.0,141.19
before,1,test_handles_single_class[ShapeDTW-1],sktime/classification/tests/test_all_classifiers.py::TestAllClassifiers::test_handles_single_class[ShapeDTW-1],teardown,0.0,141.19
before,1,test_classifier_on_basic_motions[ShapeDTW],sktime/classification/tests/test_all_classifiers.py::TestAllClassifiers::test_classifier_on_basic_motions[ShapeDTW],call,0.0,141.19
before,1,test_handles_single_class[ShapeDTW-0],sktime/classification/tests/test_all_classifiers.py::TestAllClassifiers::test_handles_single_class[ShapeDTW-0],teardown,0.0,141.19
before,2,test_multioutput[ShapeDTW-1],sktime/classification/tests/test_all_classifiers.py::TestAllClassifiers::test_multioutput[ShapeDTW-1],call,74.46,139.74
before,2,test_classifier_output[ShapeDTW-1-ClassifierFitPredictThreeClasses],sktime/classification/tests/test_all_classifiers.py::TestAllClassifiers::test_classifier_output[ShapeDTW-1-ClassifierFitPredictThreeClasses],call,34.28,139.74
before,2,test_classifier_output[ShapeDTW-1-ClassifierFitPredict],sktime/classification/tests/test_all_classifiers.py::TestAllClassifiers::test_classifier_output[ShapeDTW-1-ClassifierFitPredict],call,23.76,139.74
before,2,test_multioutput[ShapeDTW-0],sktime/classification/tests/test_all_classifiers.py::TestAllClassifiers::test_multioutput[ShapeDTW-0],call,1.24,139.74
before,2,test_classifier_on_unit_test_data[ShapeDTW],sktime/classification/tests/test_all_classifiers.py::TestAllClassifiers::test_classifier_on_unit_test_data[ShapeDTW],call,0.45,139.74
before,2,test_classifier_output[ShapeDTW-0-ClassifierFitPredictThreeClasses],sktime/classification/tests/test_all_classifiers.py::TestAllClassifiers::test_classifier_output[ShapeDTW-0-ClassifierFitPredictThreeClasses],call,0.31,139.74
before,2,test_classifier_output[ShapeDTW-0-ClassifierFitPredict],sktime/classification/tests/test_all_classifiers.py::TestAllClassifiers::test_classifier_output[ShapeDTW-0-ClassifierFitPredict],call,0.25,139.74
before,2,test_multivariate_input_exception[ShapeDTW-0],sktime/classification/tests/test_all_classifiers.py::TestAllClassifiers::test_multivariate_input_exception[ShapeDTW-0],call,0.01,139.74
before,2,test_multivariate_input_exception[ShapeDTW-1],sktime/classification/tests/test_all_classifiers.py::TestAllClassifiers::test_multivariate_input_exception[ShapeDTW-1],call,0.01,139.74
before,2,test_handles_single_class[ShapeDTW-1],sktime/classification/tests/test_all_classifiers.py::TestAllClassifiers::test_handles_single_class[ShapeDTW-1],call,0.0,139.74
before,2,test_handles_single_class[ShapeDTW-0],sktime/classification/tests/test_all_classifiers.py::TestAllClassifiers::test_handles_single_class[ShapeDTW-0],call,0.0,139.74
before,2,test_classifier_output[ShapeDTW-1-ClassifierFitPredict],sktime/classification/tests/test_all_classifiers.py::TestAllClassifiers::test_classifier_output[ShapeDTW-1-ClassifierFitPredict],setup,0.0,139.74
before,2,test_classifier_output[ShapeDTW-0-ClassifierFitPredict],sktime/classification/tests/test_all_classifiers.py::TestAllClassifiers::test_classifier_output[ShapeDTW-0-ClassifierFitPredict],setup,0.0,139.74
before,2,test_multivariate_input_exception[ShapeDTW-0],sktime/classification/tests/test_all_classifiers.py::TestAllClassifiers::test_multivariate_input_exception[ShapeDTW-0],setup,0.0,139.74
before,2,test_classifier_output[ShapeDTW-1-ClassifierFitPredictThreeClasses],sktime/classification/tests/test_all_classifiers.py::TestAllClassifiers::test_classifier_output[ShapeDTW-1-ClassifierFitPredictThreeClasses],setup,0.0,139.74
before,2,test_handles_single_class[ShapeDTW-1],sktime/classification/tests/test_all_classifiers.py::TestAllClassifiers::test_handles_single_class[ShapeDTW-1],setup,0.0,139.74
before,2,test_multioutput[ShapeDTW-1],sktime/classification/tests/test_all_classifiers.py::TestAllClassifiers::test_multioutput[ShapeDTW-1],setup,0.0,139.74
before,2,test_classifier_output[ShapeDTW-0-ClassifierFitPredictThreeClasses],sktime/classification/tests/test_all_classifiers.py::TestAllClassifiers::test_classifier_output[ShapeDTW-0-ClassifierFitPredictThreeClasses],setup,0.0,139.74
before,2,test_multivariate_input_exception[ShapeDTW-1],sktime/classification/tests/test_all_classifiers.py::TestAllClassifiers::test_multivariate_input_exception[ShapeDTW-1],setup,0.0,139.74
before,2,test_handles_single_class[ShapeDTW-0],sktime/classification/tests/test_all_classifiers.py::TestAllClassifiers::test_handles_single_class[ShapeDTW-0],setup,0.0,139.74
before,2,test_multioutput[ShapeDTW-0],sktime/classification/tests/test_all_classifiers.py::TestAllClassifiers::test_multioutput[ShapeDTW-0],setup,0.0,139.74
before,2,test_classifier_output[ShapeDTW-0-ClassifierFitPredictThreeClasses],sktime/classification/tests/test_all_classifiers.py::TestAllClassifiers::test_classifier_output[ShapeDTW-0-ClassifierFitPredictThreeClasses],teardown,0.0,139.74
before,2,test_classifier_on_unit_test_data[ShapeDTW],sktime/classification/tests/test_all_classifiers.py::TestAllClassifiers::test_classifier_on_unit_test_data[ShapeDTW],setup,0.0,139.74
before,2,test_multioutput[ShapeDTW-1],sktime/classification/tests/test_all_classifiers.py::TestAllClassifiers::test_multioutput[ShapeDTW-1],teardown,0.0,139.74
before,2,test_classifier_output[ShapeDTW-1-ClassifierFitPredict],sktime/classification/tests/test_all_classifiers.py::TestAllClassifiers::test_classifier_output[ShapeDTW-1-ClassifierFitPredict],teardown,0.0,139.74
before,2,test_classifier_output[ShapeDTW-1-ClassifierFitPredictThreeClasses],sktime/classification/tests/test_all_classifiers.py::TestAllClassifiers::test_classifier_output[ShapeDTW-1-ClassifierFitPredictThreeClasses],teardown,0.0,139.74
before,2,test_classifier_on_unit_test_data[ShapeDTW],sktime/classification/tests/test_all_classifiers.py::TestAllClassifiers::test_classifier_on_unit_test_data[ShapeDTW],teardown,0.0,139.74
before,2,test_multioutput[ShapeDTW-0],sktime/classification/tests/test_all_classifiers.py::TestAllClassifiers::test_multioutput[ShapeDTW-0],teardown,0.0,139.74
before,2,test_classifier_output[ShapeDTW-0-ClassifierFitPredict],sktime/classification/tests/test_all_classifiers.py::TestAllClassifiers::test_classifier_output[ShapeDTW-0-ClassifierFitPredict],teardown,0.0,139.74
before,2,test_handles_single_class[ShapeDTW-1],sktime/classification/tests/test_all_classifiers.py::TestAllClassifiers::test_handles_single_class[ShapeDTW-1],teardown,0.0,139.74
before,2,test_classifier_on_basic_motions[ShapeDTW],sktime/classification/tests/test_all_classifiers.py::TestAllClassifiers::test_classifier_on_basic_motions[ShapeDTW],setup,0.0,139.74
before,2,test_classifier_on_basic_motions[ShapeDTW],sktime/classification/tests/test_all_classifiers.py::TestAllClassifiers::test_classifier_on_basic_motions[ShapeDTW],call,0.0,139.74
before,2,test_multivariate_input_exception[ShapeDTW-0],sktime/classification/tests/test_all_classifiers.py::TestAllClassifiers::test_multivariate_input_exception[ShapeDTW-0],teardown,0.0,139.74
before,2,test_classifier_on_basic_motions[ShapeDTW],sktime/classification/tests/test_all_classifiers.py::TestAllClassifiers::test_classifier_on_basic_motions[ShapeDTW],teardown,0.0,139.74
before,2,test_multivariate_input_exception[ShapeDTW-1],sktime/classification/tests/test_all_classifiers.py::TestAllClassifiers::test_multivariate_input_exception[ShapeDTW-1],teardown,0.0,139.74
before,2,test_handles_single_class[ShapeDTW-0],sktime/classification/tests/test_all_classifiers.py::TestAllClassifiers::test_handles_single_class[ShapeDTW-0],teardown,0.0,139.74
before,3,test_multioutput[ShapeDTW-1],sktime/classification/tests/test_all_classifiers.py::TestAllClassifiers::test_multioutput[ShapeDTW-1],call,74.13,139.09
before,3,test_classifier_output[ShapeDTW-1-ClassifierFitPredictThreeClasses],sktime/classification/tests/test_all_classifiers.py::TestAllClassifiers::test_classifier_output[ShapeDTW-1-ClassifierFitPredictThreeClasses],call,34.62,139.09
before,3,test_classifier_output[ShapeDTW-1-ClassifierFitPredict],sktime/classification/tests/test_all_classifiers.py::TestAllClassifiers::test_classifier_output[ShapeDTW-1-ClassifierFitPredict],call,23.13,139.09
before,3,test_classifier_output[ShapeDTW-0-ClassifierFitPredictThreeClasses],sktime/classification/tests/test_all_classifiers.py::TestAllClassifiers::test_classifier_output[ShapeDTW-0-ClassifierFitPredictThreeClasses],call,0.78,139.09
before,3,test_multioutput[ShapeDTW-0],sktime/classification/tests/test_all_classifiers.py::TestAllClassifiers::test_multioutput[ShapeDTW-0],call,0.76,139.09
before,3,test_classifier_on_unit_test_data[ShapeDTW],sktime/classification/tests/test_all_classifiers.py::TestAllClassifiers::test_classifier_on_unit_test_data[ShapeDTW],call,0.46,139.09
before,3,test_classifier_output[ShapeDTW-0-ClassifierFitPredict],sktime/classification/tests/test_all_classifiers.py::TestAllClassifiers::test_classifier_output[ShapeDTW-0-ClassifierFitPredict],call,0.25,139.09
before,3,test_multivariate_input_exception[ShapeDTW-0],sktime/classification/tests/test_all_classifiers.py::TestAllClassifiers::test_multivariate_input_exception[ShapeDTW-0],call,0.01,139.09
before,3,test_multivariate_input_exception[ShapeDTW-1],sktime/classification/tests/test_all_classifiers.py::TestAllClassifiers::test_multivariate_input_exception[ShapeDTW-1],call,0.01,139.09
before,3,test_handles_single_class[ShapeDTW-1],sktime/classification/tests/test_all_classifiers.py::TestAllClassifiers::test_handles_single_class[ShapeDTW-1],call,0.0,139.09
before,3,test_handles_single_class[ShapeDTW-0],sktime/classification/tests/test_all_classifiers.py::TestAllClassifiers::test_handles_single_class[ShapeDTW-0],call,0.0,139.09
before,3,test_multivariate_input_exception[ShapeDTW-0],sktime/classification/tests/test_all_classifiers.py::TestAllClassifiers::test_multivariate_input_exception[ShapeDTW-0],setup,0.0,139.09
before,3,test_classifier_output[ShapeDTW-1-ClassifierFitPredict],sktime/classification/tests/test_all_classifiers.py::TestAllClassifiers::test_classifier_output[ShapeDTW-1-ClassifierFitPredict],setup,0.0,139.09
before,3,test_handles_single_class[ShapeDTW-0],sktime/classification/tests/test_all_classifiers.py::TestAllClassifiers::test_handles_single_class[ShapeDTW-0],setup,0.0,139.09
before,3,test_handles_single_class[ShapeDTW-1],sktime/classification/tests/test_all_classifiers.py::TestAllClassifiers::test_handles_single_class[ShapeDTW-1],setup,0.0,139.09
before,3,test_multioutput[ShapeDTW-0],sktime/classification/tests/test_all_classifiers.py::TestAllClassifiers::test_multioutput[ShapeDTW-0],setup,0.0,139.09
before,3,test_multioutput[ShapeDTW-1],sktime/classification/tests/test_all_classifiers.py::TestAllClassifiers::test_multioutput[ShapeDTW-1],setup,0.0,139.09
before,3,test_classifier_output[ShapeDTW-0-ClassifierFitPredictThreeClasses],sktime/classification/tests/test_all_classifiers.py::TestAllClassifiers::test_classifier_output[ShapeDTW-0-ClassifierFitPredictThreeClasses],setup,0.0,139.09
before,3,test_classifier_output[ShapeDTW-0-ClassifierFitPredict],sktime/classification/tests/test_all_classifiers.py::TestAllClassifiers::test_classifier_output[ShapeDTW-0-ClassifierFitPredict],setup,0.0,139.09
before,3,test_classifier_output[ShapeDTW-1-ClassifierFitPredictThreeClasses],sktime/classification/tests/test_all_classifiers.py::TestAllClassifiers::test_classifier_output[ShapeDTW-1-ClassifierFitPredictThreeClasses],setup,0.0,139.09
before,3,test_multivariate_input_exception[ShapeDTW-1],sktime/classification/tests/test_all_classifiers.py::TestAllClassifiers::test_multivariate_input_exception[ShapeDTW-1],setup,0.0,139.09
before,3,test_classifier_on_unit_test_data[ShapeDTW],sktime/classification/tests/test_all_classifiers.py::TestAllClassifiers::test_classifier_on_unit_test_data[ShapeDTW],setup,0.0,139.09
before,3,test_classifier_output[ShapeDTW-0-ClassifierFitPredictThreeClasses],sktime/classification/tests/test_all_classifiers.py::TestAllClassifiers::test_classifier_output[ShapeDTW-0-ClassifierFitPredictThreeClasses],teardown,0.0,139.09
before,3,test_multioutput[ShapeDTW-1],sktime/classification/tests/test_all_classifiers.py::TestAllClassifiers::test_multioutput[ShapeDTW-1],teardown,0.0,139.09
before,3,test_classifier_output[ShapeDTW-0-ClassifierFitPredict],sktime/classification/tests/test_all_classifiers.py::TestAllClassifiers::test_classifier_output[ShapeDTW-0-ClassifierFitPredict],teardown,0.0,139.09
before,3,test_classifier_output[ShapeDTW-1-ClassifierFitPredict],sktime/classification/tests/test_all_classifiers.py::TestAllClassifiers::test_classifier_output[ShapeDTW-1-ClassifierFitPredict],teardown,0.0,139.09
before,3,test_classifier_output[ShapeDTW-1-ClassifierFitPredictThreeClasses],sktime/classification/tests/test_all_classifiers.py::TestAllClassifiers::test_classifier_output[ShapeDTW-1-ClassifierFitPredictThreeClasses],teardown,0.0,139.09
before,3,test_multioutput[ShapeDTW-0],sktime/classification/tests/test_all_classifiers.py::TestAllClassifiers::test_multioutput[ShapeDTW-0],teardown,0.0,139.09
before,3,test_classifier_on_unit_test_data[ShapeDTW],sktime/classification/tests/test_all_classifiers.py::TestAllClassifiers::test_classifier_on_unit_test_data[ShapeDTW],teardown,0.0,139.09
before,3,test_classifier_on_basic_motions[ShapeDTW],sktime/classification/tests/test_all_classifiers.py::TestAllClassifiers::test_classifier_on_basic_motions[ShapeDTW],setup,0.0,139.09
before,3,test_handles_single_class[ShapeDTW-1],sktime/classification/tests/test_all_classifiers.py::TestAllClassifiers::test_handles_single_class[ShapeDTW-1],teardown,0.0,139.09
before,3,test_multivariate_input_exception[ShapeDTW-0],sktime/classification/tests/test_all_classifiers.py::TestAllClassifiers::test_multivariate_input_exception[ShapeDTW-0],teardown,0.0,139.09
before,3,test_handles_single_class[ShapeDTW-0],sktime/classification/tests/test_all_classifiers.py::TestAllClassifiers::test_handles_single_class[ShapeDTW-0],teardown,0.0,139.09
before,3,test_multivariate_input_exception[ShapeDTW-1],sktime/classification/tests/test_all_classifiers.py::TestAllClassifiers::test_multivariate_input_exception[ShapeDTW-1],teardown,0.0,139.09
before,3,test_classifier_on_basic_motions[ShapeDTW],sktime/classification/tests/test_all_classifiers.py::TestAllClassifiers::test_classifier_on_basic_motions[ShapeDTW],call,0.0,139.09
before,3,test_classifier_on_basic_motions[ShapeDTW],sktime/classification/tests/test_all_classifiers.py::TestAllClassifiers::test_classifier_on_basic_motions[ShapeDTW],teardown,0.0,139.09
before,4,test_multioutput[ShapeDTW-1],sktime/classification/tests/test_all_classifiers.py::TestAllClassifiers::test_multioutput[ShapeDTW-1],call,75.1,141.15
before,4,test_classifier_output[ShapeDTW-1-ClassifierFitPredictThreeClasses],sktime/classification/tests/test_all_classifiers.py::TestAllClassifiers::test_classifier_output[ShapeDTW-1-ClassifierFitPredictThreeClasses],call,34.89,141.15
before,4,test_classifier_output[ShapeDTW-1-ClassifierFitPredict],sktime/classification/tests/test_all_classifiers.py::TestAllClassifiers::test_classifier_output[ShapeDTW-1-ClassifierFitPredict],call,24.0,141.15
before,4,test_classifier_on_unit_test_data[ShapeDTW],sktime/classification/tests/test_all_classifiers.py::TestAllClassifiers::test_classifier_on_unit_test_data[ShapeDTW],call,0.83,141.15
before,4,test_multioutput[ShapeDTW-0],sktime/classification/tests/test_all_classifiers.py::TestAllClassifiers::test_multioutput[ShapeDTW-0],call,0.77,141.15
before,4,test_classifier_output[ShapeDTW-0-ClassifierFitPredictThreeClasses],sktime/classification/tests/test_all_classifiers.py::TestAllClassifiers::test_classifier_output[ShapeDTW-0-ClassifierFitPredictThreeClasses],call,0.32,141.15
before,4,test_classifier_output[ShapeDTW-0-ClassifierFitPredict],sktime/classification/tests/test_all_classifiers.py::TestAllClassifiers::test_classifier_output[ShapeDTW-0-ClassifierFitPredict],call,0.25,141.15
before,4,test_multivariate_input_exception[ShapeDTW-0],sktime/classification/tests/test_all_classifiers.py::TestAllClassifiers::test_multivariate_input_exception[ShapeDTW-0],call,0.01,141.15
before,4,test_multivariate_input_exception[ShapeDTW-1],sktime/classification/tests/test_all_classifiers.py::TestAllClassifiers::test_multivariate_input_exception[ShapeDTW-1],call,0.01,141.15
before,4,test_handles_single_class[ShapeDTW-1],sktime/classification/tests/test_all_classifiers.py::TestAllClassifiers::test_handles_single_class[ShapeDTW-1],call,0.0,141.15
before,4,test_handles_single_class[ShapeDTW-0],sktime/classification/tests/test_all_classifiers.py::TestAllClassifiers::test_handles_single_class[ShapeDTW-0],call,0.0,141.15
before,4,test_classifier_on_unit_test_data[ShapeDTW],sktime/classification/tests/test_all_classifiers.py::TestAllClassifiers::test_classifier_on_unit_test_data[ShapeDTW],setup,0.0,141.15
before,4,test_classifier_output[ShapeDTW-1-ClassifierFitPredictThreeClasses],sktime/classification/tests/test_all_classifiers.py::TestAllClassifiers::test_classifier_output[ShapeDTW-1-ClassifierFitPredictThreeClasses],setup,0.0,141.15
before,4,test_classifier_output[ShapeDTW-1-ClassifierFitPredict],sktime/classification/tests/test_all_classifiers.py::TestAllClassifiers::test_classifier_output[ShapeDTW-1-ClassifierFitPredict],setup,0.0,141.15
before,4,test_classifier_output[ShapeDTW-0-ClassifierFitPredict],sktime/classification/tests/test_all_classifiers.py::TestAllClassifiers::test_classifier_output[ShapeDTW-0-ClassifierFitPredict],setup,0.0,141.15
before,4,test_multioutput[ShapeDTW-1],sktime/classification/tests/test_all_classifiers.py::TestAllClassifiers::test_multioutput[ShapeDTW-1],setup,0.0,141.15
before,4,test_multivariate_input_exception[ShapeDTW-0],sktime/classification/tests/test_all_classifiers.py::TestAllClassifiers::test_multivariate_input_exception[ShapeDTW-0],setup,0.0,141.15
before,4,test_multioutput[ShapeDTW-0],sktime/classification/tests/test_all_classifiers.py::TestAllClassifiers::test_multioutput[ShapeDTW-0],setup,0.0,141.15
before,4,test_handles_single_class[ShapeDTW-1],sktime/classification/tests/test_all_classifiers.py::TestAllClassifiers::test_handles_single_class[ShapeDTW-1],setup,0.0,141.15
before,4,test_classifier_output[ShapeDTW-0-ClassifierFitPredictThreeClasses],sktime/classification/tests/test_all_classifiers.py::TestAllClassifiers::test_classifier_output[ShapeDTW-0-ClassifierFitPredictThreeClasses],setup,0.0,141.15
before,4,test_multivariate_input_exception[ShapeDTW-1],sktime/classification/tests/test_all_classifiers.py::TestAllClassifiers::test_multivariate_input_exception[ShapeDTW-1],setup,0.0,141.15
before,4,test_handles_single_class[ShapeDTW-0],sktime/classification/tests/test_all_classifiers.py::TestAllClassifiers::test_handles_single_class[ShapeDTW-0],setup,0.0,141.15
before,4,test_classifier_on_basic_motions[ShapeDTW],sktime/classification/tests/test_all_classifiers.py::TestAllClassifiers::test_classifier_on_basic_motions[ShapeDTW],setup,0.0,141.15
before,4,test_multioutput[ShapeDTW-1],sktime/classification/tests/test_all_classifiers.py::TestAllClassifiers::test_multioutput[ShapeDTW-1],teardown,0.0,141.15
before,4,test_classifier_on_unit_test_data[ShapeDTW],sktime/classification/tests/test_all_classifiers.py::TestAllClassifiers::test_classifier_on_unit_test_data[ShapeDTW],teardown,0.0,141.15
before,4,test_classifier_output[ShapeDTW-1-ClassifierFitPredictThreeClasses],sktime/classification/tests/test_all_classifiers.py::TestAllClassifiers::test_classifier_output[ShapeDTW-1-ClassifierFitPredictThreeClasses],teardown,0.0,141.15
before,4,test_classifier_output[ShapeDTW-0-ClassifierFitPredict],sktime/classification/tests/test_all_classifiers.py::TestAllClassifiers::test_classifier_output[ShapeDTW-0-ClassifierFitPredict],teardown,0.0,141.15
before,4,test_classifier_output[ShapeDTW-0-ClassifierFitPredictThreeClasses],sktime/classification/tests/test_all_classifiers.py::TestAllClassifiers::test_classifier_output[ShapeDTW-0-ClassifierFitPredictThreeClasses],teardown,0.0,141.15
before,4,test_classifier_output[ShapeDTW-1-ClassifierFitPredict],sktime/classification/tests/test_all_classifiers.py::TestAllClassifiers::test_classifier_output[ShapeDTW-1-ClassifierFitPredict],teardown,0.0,141.15
before,4,test_multioutput[ShapeDTW-0],sktime/classification/tests/test_all_classifiers.py::TestAllClassifiers::test_multioutput[ShapeDTW-0],teardown,0.0,141.15
before,4,test_handles_single_class[ShapeDTW-0],sktime/classification/tests/test_all_classifiers.py::TestAllClassifiers::test_handles_single_class[ShapeDTW-0],teardown,0.0,141.15
before,4,test_classifier_on_basic_motions[ShapeDTW],sktime/classification/tests/test_all_classifiers.py::TestAllClassifiers::test_classifier_on_basic_motions[ShapeDTW],call,0.0,141.15
before,4,test_handles_single_class[ShapeDTW-1],sktime/classification/tests/test_all_classifiers.py::TestAllClassifiers::test_handles_single_class[ShapeDTW-1],teardown,0.0,141.15
before,4,test_classifier_on_basic_motions[ShapeDTW],sktime/classification/tests/test_all_classifiers.py::TestAllClassifiers::test_classifier_on_basic_motions[ShapeDTW],teardown,0.0,141.15
before,4,test_multivariate_input_exception[ShapeDTW-0],sktime/classification/tests/test_all_classifiers.py::TestAllClassifiers::test_multivariate_input_exception[ShapeDTW-0],teardown,0.0,141.15
before,4,test_multivariate_input_exception[ShapeDTW-1],sktime/classification/tests/test_all_classifiers.py::TestAllClassifiers::test_multivariate_input_exception[ShapeDTW-1],teardown,0.0,141.15
before,5,test_multioutput[ShapeDTW-1],sktime/classification/tests/test_all_classifiers.py::TestAllClassifiers::test_multioutput[ShapeDTW-1],call,73.45,138.33
before,5,test_classifier_output[ShapeDTW-1-ClassifierFitPredictThreeClasses],sktime/classification/tests/test_all_classifiers.py::TestAllClassifiers::test_classifier_output[ShapeDTW-1-ClassifierFitPredictThreeClasses],call,34.03,138.33
before,5,test_classifier_output[ShapeDTW-1-ClassifierFitPredict],sktime/classification/tests/test_all_classifiers.py::TestAllClassifiers::test_classifier_output[ShapeDTW-1-ClassifierFitPredict],call,23.62,138.33
before,5,test_multioutput[ShapeDTW-0],sktime/classification/tests/test_all_classifiers.py::TestAllClassifiers::test_multioutput[ShapeDTW-0],call,0.76,138.33
before,5,test_classifier_on_unit_test_data[ShapeDTW],sktime/classification/tests/test_all_classifiers.py::TestAllClassifiers::test_classifier_on_unit_test_data[ShapeDTW],call,0.67,138.33
before,5,test_classifier_output[ShapeDTW-0-ClassifierFitPredictThreeClasses],sktime/classification/tests/test_all_classifiers.py::TestAllClassifiers::test_classifier_output[ShapeDTW-0-ClassifierFitPredictThreeClasses],call,0.57,138.33
before,5,test_classifier_output[ShapeDTW-0-ClassifierFitPredict],sktime/classification/tests/test_all_classifiers.py::TestAllClassifiers::test_classifier_output[ShapeDTW-0-ClassifierFitPredict],call,0.25,138.33
before,5,test_multivariate_input_exception[ShapeDTW-0],sktime/classification/tests/test_all_classifiers.py::TestAllClassifiers::test_multivariate_input_exception[ShapeDTW-0],call,0.01,138.33
before,5,test_multivariate_input_exception[ShapeDTW-1],sktime/classification/tests/test_all_classifiers.py::TestAllClassifiers::test_multivariate_input_exception[ShapeDTW-1],call,0.01,138.33
before,5,test_handles_single_class[ShapeDTW-0],sktime/classification/tests/test_all_classifiers.py::TestAllClassifiers::test_handles_single_class[ShapeDTW-0],call,0.0,138.33
before,5,test_handles_single_class[ShapeDTW-1],sktime/classification/tests/test_all_classifiers.py::TestAllClassifiers::test_handles_single_class[ShapeDTW-1],call,0.0,138.33
before,5,test_classifier_on_basic_motions[ShapeDTW],sktime/classification/tests/test_all_classifiers.py::TestAllClassifiers::test_classifier_on_basic_motions[ShapeDTW],setup,0.0,138.33
before,5,test_multioutput[ShapeDTW-0],sktime/classification/tests/test_all_classifiers.py::TestAllClassifiers::test_multioutput[ShapeDTW-0],setup,0.0,138.33
before,5,test_classifier_output[ShapeDTW-0-ClassifierFitPredictThreeClasses],sktime/classification/tests/test_all_classifiers.py::TestAllClassifiers::test_classifier_output[ShapeDTW-0-ClassifierFitPredictThreeClasses],setup,0.0,138.33
before,5,test_classifier_output[ShapeDTW-0-ClassifierFitPredict],sktime/classification/tests/test_all_classifiers.py::TestAllClassifiers::test_classifier_output[ShapeDTW-0-ClassifierFitPredict],setup,0.0,138.33
before,5,test_multioutput[ShapeDTW-1],sktime/classification/tests/test_all_classifiers.py::TestAllClassifiers::test_multioutput[ShapeDTW-1],setup,0.0,138.33
before,5,test_handles_single_class[ShapeDTW-1],sktime/classification/tests/test_all_classifiers.py::TestAllClassifiers::test_handles_single_class[ShapeDTW-1],setup,0.0,138.33
before,5,test_handles_single_class[ShapeDTW-0],sktime/classification/tests/test_all_classifiers.py::TestAllClassifiers::test_handles_single_class[ShapeDTW-0],setup,0.0,138.33
before,5,test_classifier_output[ShapeDTW-1-ClassifierFitPredictThreeClasses],sktime/classification/tests/test_all_classifiers.py::TestAllClassifiers::test_classifier_output[ShapeDTW-1-ClassifierFitPredictThreeClasses],setup,0.0,138.33
before,5,test_classifier_output[ShapeDTW-1-ClassifierFitPredict],sktime/classification/tests/test_all_classifiers.py::TestAllClassifiers::test_classifier_output[ShapeDTW-1-ClassifierFitPredict],setup,0.0,138.33
before,5,test_multivariate_input_exception[ShapeDTW-1],sktime/classification/tests/test_all_classifiers.py::TestAllClassifiers::test_multivariate_input_exception[ShapeDTW-1],setup,0.0,138.33
before,5,test_multivariate_input_exception[ShapeDTW-0],sktime/classification/tests/test_all_classifiers.py::TestAllClassifiers::test_multivariate_input_exception[ShapeDTW-0],setup,0.0,138.33
before,5,test_classifier_output[ShapeDTW-1-ClassifierFitPredict],sktime/classification/tests/test_all_classifiers.py::TestAllClassifiers::test_classifier_output[ShapeDTW-1-ClassifierFitPredict],teardown,0.0,138.33
before,5,test_classifier_on_unit_test_data[ShapeDTW],sktime/classification/tests/test_all_classifiers.py::TestAllClassifiers::test_classifier_on_unit_test_data[ShapeDTW],setup,0.0,138.33
before,5,test_classifier_output[ShapeDTW-0-ClassifierFitPredict],sktime/classification/tests/test_all_classifiers.py::TestAllClassifiers::test_classifier_output[ShapeDTW-0-ClassifierFitPredict],teardown,0.0,138.33
before,5,test_classifier_output[ShapeDTW-0-ClassifierFitPredictThreeClasses],sktime/classification/tests/test_all_classifiers.py::TestAllClassifiers::test_classifier_output[ShapeDTW-0-ClassifierFitPredictThreeClasses],teardown,0.0,138.33
before,5,test_classifier_on_basic_motions[ShapeDTW],sktime/classification/tests/test_all_classifiers.py::TestAllClassifiers::test_classifier_on_basic_motions[ShapeDTW],call,0.0,138.33
before,5,test_multioutput[ShapeDTW-1],sktime/classification/tests/test_all_classifiers.py::TestAllClassifiers::test_multioutput[ShapeDTW-1],teardown,0.0,138.33
before,5,test_classifier_on_unit_test_data[ShapeDTW],sktime/classification/tests/test_all_classifiers.py::TestAllClassifiers::test_classifier_on_unit_test_data[ShapeDTW],teardown,0.0,138.33
before,5,test_multioutput[ShapeDTW-0],sktime/classification/tests/test_all_classifiers.py::TestAllClassifiers::test_multioutput[ShapeDTW-0],teardown,0.0,138.33
before,5,test_classifier_output[ShapeDTW-1-ClassifierFitPredictThreeClasses],sktime/classification/tests/test_all_classifiers.py::TestAllClassifiers::test_classifier_output[ShapeDTW-1-ClassifierFitPredictThreeClasses],teardown,0.0,138.33
before,5,test_classifier_on_basic_motions[ShapeDTW],sktime/classification/tests/test_all_classifiers.py::TestAllClassifiers::test_classifier_on_basic_motions[ShapeDTW],teardown,0.0,138.33
before,5,test_multivariate_input_exception[ShapeDTW-0],sktime/classification/tests/test_all_classifiers.py::TestAllClassifiers::test_multivariate_input_exception[ShapeDTW-0],teardown,0.0,138.33
before,5,test_handles_single_class[ShapeDTW-0],sktime/classification/tests/test_all_classifiers.py::TestAllClassifiers::test_handles_single_class[ShapeDTW-0],teardown,0.0,138.33
before,5,test_handles_single_class[ShapeDTW-1],sktime/classification/tests/test_all_classifiers.py::TestAllClassifiers::test_handles_single_class[ShapeDTW-1],teardown,0.0,138.33
before,5,test_multivariate_input_exception[ShapeDTW-1],sktime/classification/tests/test_all_classifiers.py::TestAllClassifiers::test_multivariate_input_exception[ShapeDTW-1],teardown,0.0,138.33
before,6,test_multioutput[ShapeDTW-1],sktime/classification/tests/test_all_classifiers.py::TestAllClassifiers::test_multioutput[ShapeDTW-1],call,75.16,140.76
before,6,test_classifier_output[ShapeDTW-1-ClassifierFitPredictThreeClasses],sktime/classification/tests/test_all_classifiers.py::TestAllClassifiers::test_classifier_output[ShapeDTW-1-ClassifierFitPredictThreeClasses],call,34.78,140.76
before,6,test_classifier_output[ShapeDTW-1-ClassifierFitPredict],sktime/classification/tests/test_all_classifiers.py::TestAllClassifiers::test_classifier_output[ShapeDTW-1-ClassifierFitPredict],call,23.64,140.76
before,6,test_multioutput[ShapeDTW-0],sktime/classification/tests/test_all_classifiers.py::TestAllClassifiers::test_multioutput[ShapeDTW-0],call,0.77,140.76
before,6,test_classifier_output[ShapeDTW-0-ClassifierFitPredict],sktime/classification/tests/test_all_classifiers.py::TestAllClassifiers::test_classifier_output[ShapeDTW-0-ClassifierFitPredict],call,0.63,140.76
before,6,test_classifier_on_unit_test_data[ShapeDTW],sktime/classification/tests/test_all_classifiers.py::TestAllClassifiers::test_classifier_on_unit_test_data[ShapeDTW],call,0.46,140.76
before,6,test_classifier_output[ShapeDTW-0-ClassifierFitPredictThreeClasses],sktime/classification/tests/test_all_classifiers.py::TestAllClassifiers::test_classifier_output[ShapeDTW-0-ClassifierFitPredictThreeClasses],call,0.32,140.76
before,6,test_multivariate_input_exception[ShapeDTW-1],sktime/classification/tests/test_all_classifiers.py::TestAllClassifiers::test_multivariate_input_exception[ShapeDTW-1],call,0.01,140.76
before,6,test_multivariate_input_exception[ShapeDTW-0],sktime/classification/tests/test_all_classifiers.py::TestAllClassifiers::test_multivariate_input_exception[ShapeDTW-0],call,0.01,140.76
before,6,test_handles_single_class[ShapeDTW-0],sktime/classification/tests/test_all_classifiers.py::TestAllClassifiers::test_handles_single_class[ShapeDTW-0],call,0.0,140.76
before,6,test_handles_single_class[ShapeDTW-1],sktime/classification/tests/test_all_classifiers.py::TestAllClassifiers::test_handles_single_class[ShapeDTW-1],call,0.0,140.76
before,6,test_classifier_output[ShapeDTW-0-ClassifierFitPredict],sktime/classification/tests/test_all_classifiers.py::TestAllClassifiers::test_classifier_output[ShapeDTW-0-ClassifierFitPredict],setup,0.0,140.76
before,6,test_classifier_output[ShapeDTW-1-ClassifierFitPredictThreeClasses],sktime/classification/tests/test_all_classifiers.py::TestAllClassifiers::test_classifier_output[ShapeDTW-1-ClassifierFitPredictThreeClasses],setup,0.0,140.76
before,6,test_classifier_output[ShapeDTW-1-ClassifierFitPredict],sktime/classification/tests/test_all_classifiers.py::TestAllClassifiers::test_classifier_output[ShapeDTW-1-ClassifierFitPredict],setup,0.0,140.76
before,6,test_multivariate_input_exception[ShapeDTW-0],sktime/classification/tests/test_all_classifiers.py::TestAllClassifiers::test_multivariate_input_exception[ShapeDTW-0],setup,0.0,140.76
before,6,test_multioutput[ShapeDTW-0],sktime/classification/tests/test_all_classifiers.py::TestAllClassifiers::test_multioutput[ShapeDTW-0],setup,0.0,140.76
before,6,test_classifier_output[ShapeDTW-0-ClassifierFitPredictThreeClasses],sktime/classification/tests/test_all_classifiers.py::TestAllClassifiers::test_classifier_output[ShapeDTW-0-ClassifierFitPredictThreeClasses],setup,0.0,140.76
before,6,test_multioutput[ShapeDTW-1],sktime/classification/tests/test_all_classifiers.py::TestAllClassifiers::test_multioutput[ShapeDTW-1],setup,0.0,140.76
before,6,test_multivariate_input_exception[ShapeDTW-1],sktime/classification/tests/test_all_classifiers.py::TestAllClassifiers::test_multivariate_input_exception[ShapeDTW-1],setup,0.0,140.76
before,6,test_handles_single_class[ShapeDTW-1],sktime/classification/tests/test_all_classifiers.py::TestAllClassifiers::test_handles_single_class[ShapeDTW-1],setup,0.0,140.76
before,6,test_handles_single_class[ShapeDTW-0],sktime/classification/tests/test_all_classifiers.py::TestAllClassifiers::test_handles_single_class[ShapeDTW-0],setup,0.0,140.76
before,6,test_classifier_on_basic_motions[ShapeDTW],sktime/classification/tests/test_all_classifiers.py::TestAllClassifiers::test_classifier_on_basic_motions[ShapeDTW],setup,0.0,140.76
before,6,test_classifier_output[ShapeDTW-1-ClassifierFitPredictThreeClasses],sktime/classification/tests/test_all_classifiers.py::TestAllClassifiers::test_classifier_output[ShapeDTW-1-ClassifierFitPredictThreeClasses],teardown,0.0,140.76
before,6,test_classifier_output[ShapeDTW-1-ClassifierFitPredict],sktime/classification/tests/test_all_classifiers.py::TestAllClassifiers::test_classifier_output[ShapeDTW-1-ClassifierFitPredict],teardown,0.0,140.76
before,6,test_multioutput[ShapeDTW-1],sktime/classification/tests/test_all_classifiers.py::TestAllClassifiers::test_multioutput[ShapeDTW-1],teardown,0.0,140.76
before,6,test_classifier_on_unit_test_data[ShapeDTW],sktime/classification/tests/test_all_classifiers.py::TestAllClassifiers::test_classifier_on_unit_test_data[ShapeDTW],setup,0.0,140.76
before,6,test_classifier_on_unit_test_data[ShapeDTW],sktime/classification/tests/test_all_classifiers.py::TestAllClassifiers::test_classifier_on_unit_test_data[ShapeDTW],teardown,0.0,140.76
before,6,test_classifier_output[ShapeDTW-0-ClassifierFitPredictThreeClasses],sktime/classification/tests/test_all_classifiers.py::TestAllClassifiers::test_classifier_output[ShapeDTW-0-ClassifierFitPredictThreeClasses],teardown,0.0,140.76
before,6,test_multioutput[ShapeDTW-0],sktime/classification/tests/test_all_classifiers.py::TestAllClassifiers::test_multioutput[ShapeDTW-0],teardown,0.0,140.76
before,6,test_classifier_output[ShapeDTW-0-ClassifierFitPredict],sktime/classification/tests/test_all_classifiers.py::TestAllClassifiers::test_classifier_output[ShapeDTW-0-ClassifierFitPredict],teardown,0.0,140.76
before,6,test_classifier_on_basic_motions[ShapeDTW],sktime/classification/tests/test_all_classifiers.py::TestAllClassifiers::test_classifier_on_basic_motions[ShapeDTW],call,0.0,140.76
before,6,test_classifier_on_basic_motions[ShapeDTW],sktime/classification/tests/test_all_classifiers.py::TestAllClassifiers::test_classifier_on_basic_motions[ShapeDTW],teardown,0.0,140.76
before,6,test_multivariate_input_exception[ShapeDTW-0],sktime/classification/tests/test_all_classifiers.py::TestAllClassifiers::test_multivariate_input_exception[ShapeDTW-0],teardown,0.0,140.76
before,6,test_multivariate_input_exception[ShapeDTW-1],sktime/classification/tests/test_all_classifiers.py::TestAllClassifiers::test_multivariate_input_exception[ShapeDTW-1],teardown,0.0,140.76
before,6,test_handles_single_class[ShapeDTW-0],sktime/classification/tests/test_all_classifiers.py::TestAllClassifiers::test_handles_single_class[ShapeDTW-0],teardown,0.0,140.76
before,6,test_handles_single_class[ShapeDTW-1],sktime/classification/tests/test_all_classifiers.py::TestAllClassifiers::test_handles_single_class[ShapeDTW-1],teardown,0.0,140.76
before,7,test_multioutput[ShapeDTW-1],sktime/classification/tests/test_all_classifiers.py::TestAllClassifiers::test_multioutput[ShapeDTW-1],call,73.9,138.55
before,7,test_classifier_output[ShapeDTW-1-ClassifierFitPredictThreeClasses],sktime/classification/tests/test_all_classifiers.py::TestAllClassifiers::test_classifier_output[ShapeDTW-1-ClassifierFitPredictThreeClasses],call,34.14,138.55
before,7,test_classifier_output[ShapeDTW-1-ClassifierFitPredict],sktime/classification/tests/test_all_classifiers.py::TestAllClassifiers::test_classifier_output[ShapeDTW-1-ClassifierFitPredict],call,23.42,138.55
before,7,test_multioutput[ShapeDTW-0],sktime/classification/tests/test_all_classifiers.py::TestAllClassifiers::test_multioutput[ShapeDTW-0],call,0.75,138.55
before,7,test_classifier_output[ShapeDTW-0-ClassifierFitPredictThreeClasses],sktime/classification/tests/test_all_classifiers.py::TestAllClassifiers::test_classifier_output[ShapeDTW-0-ClassifierFitPredictThreeClasses],call,0.68,138.55
before,7,test_classifier_on_unit_test_data[ShapeDTW],sktime/classification/tests/test_all_classifiers.py::TestAllClassifiers::test_classifier_on_unit_test_data[ShapeDTW],call,0.45,138.55
before,7,test_classifier_output[ShapeDTW-0-ClassifierFitPredict],sktime/classification/tests/test_all_classifiers.py::TestAllClassifiers::test_classifier_output[ShapeDTW-0-ClassifierFitPredict],call,0.25,138.55
before,7,test_multivariate_input_exception[ShapeDTW-1],sktime/classification/tests/test_all_classifiers.py::TestAllClassifiers::test_multivariate_input_exception[ShapeDTW-1],call,0.01,138.55
before,7,test_multivariate_input_exception[ShapeDTW-0],sktime/classification/tests/test_all_classifiers.py::TestAllClassifiers::test_multivariate_input_exception[ShapeDTW-0],call,0.01,138.55
before,7,test_handles_single_class[ShapeDTW-1],sktime/classification/tests/test_all_classifiers.py::TestAllClassifiers::test_handles_single_class[ShapeDTW-1],call,0.0,138.55
before,7,test_handles_single_class[ShapeDTW-0],sktime/classification/tests/test_all_classifiers.py::TestAllClassifiers::test_handles_single_class[ShapeDTW-0],call,0.0,138.55
before,7,test_classifier_output[ShapeDTW-0-ClassifierFitPredictThreeClasses],sktime/classification/tests/test_all_classifiers.py::TestAllClassifiers::test_classifier_output[ShapeDTW-0-ClassifierFitPredictThreeClasses],setup,0.0,138.55
before,7,test_classifier_output[ShapeDTW-0-ClassifierFitPredict],sktime/classification/tests/test_all_classifiers.py::TestAllClassifiers::test_classifier_output[ShapeDTW-0-ClassifierFitPredict],setup,0.0,138.55
before,7,test_multioutput[ShapeDTW-1],sktime/classification/tests/test_all_classifiers.py::TestAllClassifiers::test_multioutput[ShapeDTW-1],setup,0.0,138.55
before,7,test_multivariate_input_exception[ShapeDTW-1],sktime/classification/tests/test_all_classifiers.py::TestAllClassifiers::test_multivariate_input_exception[ShapeDTW-1],setup,0.0,138.55
before,7,test_handles_single_class[ShapeDTW-1],sktime/classification/tests/test_all_classifiers.py::TestAllClassifiers::test_handles_single_class[ShapeDTW-1],setup,0.0,138.55
before,7,test_classifier_output[ShapeDTW-1-ClassifierFitPredictThreeClasses],sktime/classification/tests/test_all_classifiers.py::TestAllClassifiers::test_classifier_output[ShapeDTW-1-ClassifierFitPredictThreeClasses],setup,0.0,138.55
before,7,test_multivariate_input_exception[ShapeDTW-0],sktime/classification/tests/test_all_classifiers.py::TestAllClassifiers::test_multivariate_input_exception[ShapeDTW-0],setup,0.0,138.55
before,7,test_classifier_output[ShapeDTW-1-ClassifierFitPredict],sktime/classification/tests/test_all_classifiers.py::TestAllClassifiers::test_classifier_output[ShapeDTW-1-ClassifierFitPredict],setup,0.0,138.55
before,7,test_multioutput[ShapeDTW-0],sktime/classification/tests/test_all_classifiers.py::TestAllClassifiers::test_multioutput[ShapeDTW-0],setup,0.0,138.55
before,7,test_handles_single_class[ShapeDTW-0],sktime/classification/tests/test_all_classifiers.py::TestAllClassifiers::test_handles_single_class[ShapeDTW-0],setup,0.0,138.55
before,7,test_classifier_on_basic_motions[ShapeDTW],sktime/classification/tests/test_all_classifiers.py::TestAllClassifiers::test_classifier_on_basic_motions[ShapeDTW],setup,0.0,138.55
before,7,test_classifier_on_unit_test_data[ShapeDTW],sktime/classification/tests/test_all_classifiers.py::TestAllClassifiers::test_classifier_on_unit_test_data[ShapeDTW],setup,0.0,138.55
before,7,test_classifier_output[ShapeDTW-0-ClassifierFitPredictThreeClasses],sktime/classification/tests/test_all_classifiers.py::TestAllClassifiers::test_classifier_output[ShapeDTW-0-ClassifierFitPredictThreeClasses],teardown,0.0,138.55
before,7,test_classifier_output[ShapeDTW-0-ClassifierFitPredict],sktime/classification/tests/test_all_classifiers.py::TestAllClassifiers::test_classifier_output[ShapeDTW-0-ClassifierFitPredict],teardown,0.0,138.55
before,7,test_classifier_output[ShapeDTW-1-ClassifierFitPredict],sktime/classification/tests/test_all_classifiers.py::TestAllClassifiers::test_classifier_output[ShapeDTW-1-ClassifierFitPredict],teardown,0.0,138.55
before,7,test_multioutput[ShapeDTW-1],sktime/classification/tests/test_all_classifiers.py::TestAllClassifiers::test_multioutput[ShapeDTW-1],teardown,0.0,138.55
before,7,test_classifier_output[ShapeDTW-1-ClassifierFitPredictThreeClasses],sktime/classification/tests/test_all_classifiers.py::TestAllClassifiers::test_classifier_output[ShapeDTW-1-ClassifierFitPredictThreeClasses],teardown,0.0,138.55
before,7,test_classifier_on_unit_test_data[ShapeDTW],sktime/classification/tests/test_all_classifiers.py::TestAllClassifiers::test_classifier_on_unit_test_data[ShapeDTW],teardown,0.0,138.55
before,7,test_multioutput[ShapeDTW-0],sktime/classification/tests/test_all_classifiers.py::TestAllClassifiers::test_multioutput[ShapeDTW-0],teardown,0.0,138.55
before,7,test_multivariate_input_exception[ShapeDTW-0],sktime/classification/tests/test_all_classifiers.py::TestAllClassifiers::test_multivariate_input_exception[ShapeDTW-0],teardown,0.0,138.55
before,7,test_classifier_on_basic_motions[ShapeDTW],sktime/classification/tests/test_all_classifiers.py::TestAllClassifiers::test_classifier_on_basic_motions[ShapeDTW],call,0.0,138.55
before,7,test_classifier_on_basic_motions[ShapeDTW],sktime/classification/tests/test_all_classifiers.py::TestAllClassifiers::test_classifier_on_basic_motions[ShapeDTW],teardown,0.0,138.55
before,7,test_handles_single_class[ShapeDTW-1],sktime/classification/tests/test_all_classifiers.py::TestAllClassifiers::test_handles_single_class[ShapeDTW-1],teardown,0.0,138.55
before,7,test_handles_single_class[ShapeDTW-0],sktime/classification/tests/test_all_classifiers.py::TestAllClassifiers::test_handles_single_class[ShapeDTW-0],teardown,0.0,138.55
before,7,test_multivariate_input_exception[ShapeDTW-1],sktime/classification/tests/test_all_classifiers.py::TestAllClassifiers::test_multivariate_input_exception[ShapeDTW-1],teardown,0.0,138.55
before,8,test_multioutput[ShapeDTW-1],sktime/classification/tests/test_all_classifiers.py::TestAllClassifiers::test_multioutput[ShapeDTW-1],call,74.66,140.33
before,8,test_classifier_output[ShapeDTW-1-ClassifierFitPredictThreeClasses],sktime/classification/tests/test_all_classifiers.py::TestAllClassifiers::test_classifier_output[ShapeDTW-1-ClassifierFitPredictThreeClasses],call,35.01,140.33
before,8,test_classifier_output[ShapeDTW-1-ClassifierFitPredict],sktime/classification/tests/test_all_classifiers.py::TestAllClassifiers::test_classifier_output[ShapeDTW-1-ClassifierFitPredict],call,23.38,140.33
before,8,test_multioutput[ShapeDTW-0],sktime/classification/tests/test_all_classifiers.py::TestAllClassifiers::test_multioutput[ShapeDTW-0],call,0.77,140.33
before,8,test_classifier_on_unit_test_data[ShapeDTW],sktime/classification/tests/test_all_classifiers.py::TestAllClassifiers::test_classifier_on_unit_test_data[ShapeDTW],call,0.68,140.33
before,8,test_classifier_output[ShapeDTW-0-ClassifierFitPredict],sktime/classification/tests/test_all_classifiers.py::TestAllClassifiers::test_classifier_output[ShapeDTW-0-ClassifierFitPredict],call,0.51,140.33
before,8,test_classifier_output[ShapeDTW-0-ClassifierFitPredictThreeClasses],sktime/classification/tests/test_all_classifiers.py::TestAllClassifiers::test_classifier_output[ShapeDTW-0-ClassifierFitPredictThreeClasses],call,0.32,140.33
before,8,test_multivariate_input_exception[ShapeDTW-0],sktime/classification/tests/test_all_classifiers.py::TestAllClassifiers::test_multivariate_input_exception[ShapeDTW-0],call,0.01,140.33
before,8,test_multivariate_input_exception[ShapeDTW-1],sktime/classification/tests/test_all_classifiers.py::TestAllClassifiers::test_multivariate_input_exception[ShapeDTW-1],call,0.01,140.33
before,8,test_handles_single_class[ShapeDTW-1],sktime/classification/tests/test_all_classifiers.py::TestAllClassifiers::test_handles_single_class[ShapeDTW-1],call,0.0,140.33
before,8,test_handles_single_class[ShapeDTW-0],sktime/classification/tests/test_all_classifiers.py::TestAllClassifiers::test_handles_single_class[ShapeDTW-0],call,0.0,140.33
before,8,test_classifier_output[ShapeDTW-1-ClassifierFitPredictThreeClasses],sktime/classification/tests/test_all_classifiers.py::TestAllClassifiers::test_classifier_output[ShapeDTW-1-ClassifierFitPredictThreeClasses],setup,0.0,140.33
before,8,test_classifier_output[ShapeDTW-1-ClassifierFitPredict],sktime/classification/tests/test_all_classifiers.py::TestAllClassifiers::test_classifier_output[ShapeDTW-1-ClassifierFitPredict],setup,0.0,140.33
before,8,test_classifier_output[ShapeDTW-0-ClassifierFitPredictThreeClasses],sktime/classification/tests/test_all_classifiers.py::TestAllClassifiers::test_classifier_output[ShapeDTW-0-ClassifierFitPredictThreeClasses],setup,0.0,140.33
before,8,test_classifier_output[ShapeDTW-0-ClassifierFitPredict],sktime/classification/tests/test_all_classifiers.py::TestAllClassifiers::test_classifier_output[ShapeDTW-0-ClassifierFitPredict],setup,0.0,140.33
before,8,test_handles_single_class[ShapeDTW-1],sktime/classification/tests/test_all_classifiers.py::TestAllClassifiers::test_handles_single_class[ShapeDTW-1],setup,0.0,140.33
before,8,test_multivariate_input_exception[ShapeDTW-0],sktime/classification/tests/test_all_classifiers.py::TestAllClassifiers::test_multivariate_input_exception[ShapeDTW-0],setup,0.0,140.33
before,8,test_multivariate_input_exception[ShapeDTW-1],sktime/classification/tests/test_all_classifiers.py::TestAllClassifiers::test_multivariate_input_exception[ShapeDTW-1],setup,0.0,140.33
before,8,test_multioutput[ShapeDTW-1],sktime/classification/tests/test_all_classifiers.py::TestAllClassifiers::test_multioutput[ShapeDTW-1],setup,0.0,140.33
before,8,test_handles_single_class[ShapeDTW-0],sktime/classification/tests/test_all_classifiers.py::TestAllClassifiers::test_handles_single_class[ShapeDTW-0],setup,0.0,140.33
before,8,test_multioutput[ShapeDTW-0],sktime/classification/tests/test_all_classifiers.py::TestAllClassifiers::test_multioutput[ShapeDTW-0],setup,0.0,140.33
before,8,test_classifier_on_basic_motions[ShapeDTW],sktime/classification/tests/test_all_classifiers.py::TestAllClassifiers::test_classifier_on_basic_motions[ShapeDTW],setup,0.0,140.33
before,8,test_classifier_on_unit_test_data[ShapeDTW],sktime/classification/tests/test_all_classifiers.py::TestAllClassifiers::test_classifier_on_unit_test_data[ShapeDTW],setup,0.0,140.33
before,8,test_classifier_output[ShapeDTW-1-ClassifierFitPredictThreeClasses],sktime/classification/tests/test_all_classifiers.py::TestAllClassifiers::test_classifier_output[ShapeDTW-1-ClassifierFitPredictThreeClasses],teardown,0.0,140.33
before,8,test_multioutput[ShapeDTW-1],sktime/classification/tests/test_all_classifiers.py::TestAllClassifiers::test_multioutput[ShapeDTW-1],teardown,0.0,140.33
before,8,test_classifier_output[ShapeDTW-0-ClassifierFitPredictThreeClasses],sktime/classification/tests/test_all_classifiers.py::TestAllClassifiers::test_classifier_output[ShapeDTW-0-ClassifierFitPredictThreeClasses],teardown,0.0,140.33
before,8,test_classifier_output[ShapeDTW-0-ClassifierFitPredict],sktime/classification/tests/test_all_classifiers.py::TestAllClassifiers::test_classifier_output[ShapeDTW-0-ClassifierFitPredict],teardown,0.0,140.33
before,8,test_classifier_output[ShapeDTW-1-ClassifierFitPredict],sktime/classification/tests/test_all_classifiers.py::TestAllClassifiers::test_classifier_output[ShapeDTW-1-ClassifierFitPredict],teardown,0.0,140.33
before,8,test_multioutput[ShapeDTW-0],sktime/classification/tests/test_all_classifiers.py::TestAllClassifiers::test_multioutput[ShapeDTW-0],teardown,0.0,140.33
before,8,test_classifier_on_unit_test_data[ShapeDTW],sktime/classification/tests/test_all_classifiers.py::TestAllClassifiers::test_classifier_on_unit_test_data[ShapeDTW],teardown,0.0,140.33
before,8,test_multivariate_input_exception[ShapeDTW-0],sktime/classification/tests/test_all_classifiers.py::TestAllClassifiers::test_multivariate_input_exception[ShapeDTW-0],teardown,0.0,140.33
before,8,test_multivariate_input_exception[ShapeDTW-1],sktime/classification/tests/test_all_classifiers.py::TestAllClassifiers::test_multivariate_input_exception[ShapeDTW-1],teardown,0.0,140.33
before,8,test_handles_single_class[ShapeDTW-1],sktime/classification/tests/test_all_classifiers.py::TestAllClassifiers::test_handles_single_class[ShapeDTW-1],teardown,0.0,140.33
before,8,test_classifier_on_basic_motions[ShapeDTW],sktime/classification/tests/test_all_classifiers.py::TestAllClassifiers::test_classifier_on_basic_motions[ShapeDTW],call,0.0,140.33
before,8,test_classifier_on_basic_motions[ShapeDTW],sktime/classification/tests/test_all_classifiers.py::TestAllClassifiers::test_classifier_on_basic_motions[ShapeDTW],teardown,0.0,140.33
before,8,test_handles_single_class[ShapeDTW-0],sktime/classification/tests/test_all_classifiers.py::TestAllClassifiers::test_handles_single_class[ShapeDTW-0],teardown,0.0,140.33
before,9,test_multioutput[ShapeDTW-1],sktime/classification/tests/test_all_classifiers.py::TestAllClassifiers::test_multioutput[ShapeDTW-1],call,74.67,139.99
before,9,test_classifier_output[ShapeDTW-1-ClassifierFitPredictThreeClasses],sktime/classification/tests/test_all_classifiers.py::TestAllClassifiers::test_classifier_output[ShapeDTW-1-ClassifierFitPredictThreeClasses],call,34.31,139.99
before,9,test_classifier_output[ShapeDTW-1-ClassifierFitPredict],sktime/classification/tests/test_all_classifiers.py::TestAllClassifiers::test_classifier_output[ShapeDTW-1-ClassifierFitPredict],call,23.41,139.99
before,9,test_multioutput[ShapeDTW-0],sktime/classification/tests/test_all_classifiers.py::TestAllClassifiers::test_multioutput[ShapeDTW-0],call,0.98,139.99
before,9,test_classifier_output[ShapeDTW-0-ClassifierFitPredict],sktime/classification/tests/test_all_classifiers.py::TestAllClassifiers::test_classifier_output[ShapeDTW-0-ClassifierFitPredict],call,0.62,139.99
before,9,test_classifier_output[ShapeDTW-0-ClassifierFitPredictThreeClasses],sktime/classification/tests/test_all_classifiers.py::TestAllClassifiers::test_classifier_output[ShapeDTW-0-ClassifierFitPredictThreeClasses],call,0.54,139.99
before,9,test_classifier_on_unit_test_data[ShapeDTW],sktime/classification/tests/test_all_classifiers.py::TestAllClassifiers::test_classifier_on_unit_test_data[ShapeDTW],call,0.46,139.99
before,9,test_multivariate_input_exception[ShapeDTW-1],sktime/classification/tests/test_all_classifiers.py::TestAllClassifiers::test_multivariate_input_exception[ShapeDTW-1],call,0.01,139.99
before,9,test_multivariate_input_exception[ShapeDTW-0],sktime/classification/tests/test_all_classifiers.py::TestAllClassifiers::test_multivariate_input_exception[ShapeDTW-0],call,0.01,139.99
before,9,test_handles_single_class[ShapeDTW-0],sktime/classification/tests/test_all_classifiers.py::TestAllClassifiers::test_handles_single_class[ShapeDTW-0],call,0.0,139.99
before,9,test_handles_single_class[ShapeDTW-1],sktime/classification/tests/test_all_classifiers.py::TestAllClassifiers::test_handles_single_class[ShapeDTW-1],call,0.0,139.99
before,9,test_classifier_output[ShapeDTW-0-ClassifierFitPredict],sktime/classification/tests/test_all_classifiers.py::TestAllClassifiers::test_classifier_output[ShapeDTW-0-ClassifierFitPredict],setup,0.0,139.99
before,9,test_classifier_output[ShapeDTW-1-ClassifierFitPredictThreeClasses],sktime/classification/tests/test_all_classifiers.py::TestAllClassifiers::test_classifier_output[ShapeDTW-1-ClassifierFitPredictThreeClasses],setup,0.0,139.99
before,9,test_multivariate_input_exception[ShapeDTW-1],sktime/classification/tests/test_all_classifiers.py::TestAllClassifiers::test_multivariate_input_exception[ShapeDTW-1],setup,0.0,139.99
before,9,test_classifier_output[ShapeDTW-1-ClassifierFitPredict],sktime/classification/tests/test_all_classifiers.py::TestAllClassifiers::test_classifier_output[ShapeDTW-1-ClassifierFitPredict],setup,0.0,139.99
before,9,test_multioutput[ShapeDTW-1],sktime/classification/tests/test_all_classifiers.py::TestAllClassifiers::test_multioutput[ShapeDTW-1],setup,0.0,139.99
before,9,test_multioutput[ShapeDTW-0],sktime/classification/tests/test_all_classifiers.py::TestAllClassifiers::test_multioutput[ShapeDTW-0],setup,0.0,139.99
before,9,test_handles_single_class[ShapeDTW-0],sktime/classification/tests/test_all_classifiers.py::TestAllClassifiers::test_handles_single_class[ShapeDTW-0],setup,0.0,139.99
before,9,test_handles_single_class[ShapeDTW-1],sktime/classification/tests/test_all_classifiers.py::TestAllClassifiers::test_handles_single_class[ShapeDTW-1],setup,0.0,139.99
before,9,test_classifier_output[ShapeDTW-0-ClassifierFitPredictThreeClasses],sktime/classification/tests/test_all_classifiers.py::TestAllClassifiers::test_classifier_output[ShapeDTW-0-ClassifierFitPredictThreeClasses],setup,0.0,139.99
before,9,test_multivariate_input_exception[ShapeDTW-0],sktime/classification/tests/test_all_classifiers.py::TestAllClassifiers::test_multivariate_input_exception[ShapeDTW-0],setup,0.0,139.99
before,9,test_classifier_on_basic_motions[ShapeDTW],sktime/classification/tests/test_all_classifiers.py::TestAllClassifiers::test_classifier_on_basic_motions[ShapeDTW],setup,0.0,139.99
before,9,test_classifier_on_unit_test_data[ShapeDTW],sktime/classification/tests/test_all_classifiers.py::TestAllClassifiers::test_classifier_on_unit_test_data[ShapeDTW],setup,0.0,139.99
before,9,test_classifier_output[ShapeDTW-0-ClassifierFitPredict],sktime/classification/tests/test_all_classifiers.py::TestAllClassifiers::test_classifier_output[ShapeDTW-0-ClassifierFitPredict],teardown,0.0,139.99
before,9,test_classifier_output[ShapeDTW-0-ClassifierFitPredictThreeClasses],sktime/classification/tests/test_all_classifiers.py::TestAllClassifiers::test_classifier_output[ShapeDTW-0-ClassifierFitPredictThreeClasses],teardown,0.0,139.99
before,9,test_multioutput[ShapeDTW-1],sktime/classification/tests/test_all_classifiers.py::TestAllClassifiers::test_multioutput[ShapeDTW-1],teardown,0.0,139.99
before,9,test_classifier_output[ShapeDTW-1-ClassifierFitPredict],sktime/classification/tests/test_all_classifiers.py::TestAllClassifiers::test_classifier_output[ShapeDTW-1-ClassifierFitPredict],teardown,0.0,139.99
before,9,test_multioutput[ShapeDTW-0],sktime/classification/tests/test_all_classifiers.py::TestAllClassifiers::test_multioutput[ShapeDTW-0],teardown,0.0,139.99
before,9,test_classifier_output[ShapeDTW-1-ClassifierFitPredictThreeClasses],sktime/classification/tests/test_all_classifiers.py::TestAllClassifiers::test_classifier_output[ShapeDTW-1-ClassifierFitPredictThreeClasses],teardown,0.0,139.99
before,9,test_classifier_on_unit_test_data[ShapeDTW],sktime/classification/tests/test_all_classifiers.py::TestAllClassifiers::test_classifier_on_unit_test_data[ShapeDTW],teardown,0.0,139.99
before,9,test_classifier_on_basic_motions[ShapeDTW],sktime/classification/tests/test_all_classifiers.py::TestAllClassifiers::test_classifier_on_basic_motions[ShapeDTW],call,0.0,139.99
before,9,test_classifier_on_basic_motions[ShapeDTW],sktime/classification/tests/test_all_classifiers.py::TestAllClassifiers::test_classifier_on_basic_motions[ShapeDTW],teardown,0.0,139.99
before,9,test_multivariate_input_exception[ShapeDTW-1],sktime/classification/tests/test_all_classifiers.py::TestAllClassifiers::test_multivariate_input_exception[ShapeDTW-1],teardown,0.0,139.99
before,9,test_handles_single_class[ShapeDTW-0],sktime/classification/tests/test_all_classifiers.py::TestAllClassifiers::test_handles_single_class[ShapeDTW-0],teardown,0.0,139.99
before,9,test_handles_single_class[ShapeDTW-1],sktime/classification/tests/test_all_classifiers.py::TestAllClassifiers::test_handles_single_class[ShapeDTW-1],teardown,0.0,139.99
before,9,test_multivariate_input_exception[ShapeDTW-0],sktime/classification/tests/test_all_classifiers.py::TestAllClassifiers::test_multivariate_input_exception[ShapeDTW-0],teardown,0.0,139.99
before,10,test_multioutput[ShapeDTW-1],sktime/classification/tests/test_all_classifiers.py::TestAllClassifiers::test_multioutput[ShapeDTW-1],call,74.12,139.08
before,10,test_classifier_output[ShapeDTW-1-ClassifierFitPredictThreeClasses],sktime/classification/tests/test_all_classifiers.py::TestAllClassifiers::test_classifier_output[ShapeDTW-1-ClassifierFitPredictThreeClasses],call,34.23,139.08
before,10,test_classifier_output[ShapeDTW-1-ClassifierFitPredict],sktime/classification/tests/test_all_classifiers.py::TestAllClassifiers::test_classifier_output[ShapeDTW-1-ClassifierFitPredict],call,23.16,139.08
before,10,test_multioutput[ShapeDTW-0],sktime/classification/tests/test_all_classifiers.py::TestAllClassifiers::test_multioutput[ShapeDTW-0],call,0.98,139.08
before,10,test_classifier_on_unit_test_data[ShapeDTW],sktime/classification/tests/test_all_classifiers.py::TestAllClassifiers::test_classifier_on_unit_test_data[ShapeDTW],call,0.68,139.08
before,10,test_classifier_output[ShapeDTW-0-ClassifierFitPredict],sktime/classification/tests/test_all_classifiers.py::TestAllClassifiers::test_classifier_output[ShapeDTW-0-ClassifierFitPredict],call,0.62,139.08
before,10,test_classifier_output[ShapeDTW-0-ClassifierFitPredictThreeClasses],sktime/classification/tests/test_all_classifiers.py::TestAllClassifiers::test_classifier_output[ShapeDTW-0-ClassifierFitPredictThreeClasses],call,0.31,139.08
before,10,test_multivariate_input_exception[ShapeDTW-1],sktime/classification/tests/test_all_classifiers.py::TestAllClassifiers::test_multivariate_input_exception[ShapeDTW-1],call,0.01,139.08
before,10,test_multivariate_input_exception[ShapeDTW-0],sktime/classification/tests/test_all_classifiers.py::TestAllClassifiers::test_multivariate_input_exception[ShapeDTW-0],call,0.01,139.08
before,10,test_handles_single_class[ShapeDTW-0],sktime/classification/tests/test_all_classifiers.py::TestAllClassifiers::test_handles_single_class[ShapeDTW-0],call,0.0,139.08
before,10,test_handles_single_class[ShapeDTW-1],sktime/classification/tests/test_all_classifiers.py::TestAllClassifiers::test_handles_single_class[ShapeDTW-1],call,0.0,139.08
before,10,test_classifier_output[ShapeDTW-0-ClassifierFitPredict],sktime/classification/tests/test_all_classifiers.py::TestAllClassifiers::test_classifier_output[ShapeDTW-0-ClassifierFitPredict],setup,0.0,139.08
before,10,test_classifier_output[ShapeDTW-1-ClassifierFitPredictThreeClasses],sktime/classification/tests/test_all_classifiers.py::TestAllClassifiers::test_classifier_output[ShapeDTW-1-ClassifierFitPredictThreeClasses],setup,0.0,139.08
before,10,test_multivariate_input_exception[ShapeDTW-1],sktime/classification/tests/test_all_classifiers.py::TestAllClassifiers::test_multivariate_input_exception[ShapeDTW-1],setup,0.0,139.08
before,10,test_classifier_output[ShapeDTW-0-ClassifierFitPredictThreeClasses],sktime/classification/tests/test_all_classifiers.py::TestAllClassifiers::test_classifier_output[ShapeDTW-0-ClassifierFitPredictThreeClasses],setup,0.0,139.08
before,10,test_classifier_output[ShapeDTW-1-ClassifierFitPredict],sktime/classification/tests/test_all_classifiers.py::TestAllClassifiers::test_classifier_output[ShapeDTW-1-ClassifierFitPredict],setup,0.0,139.08
before,10,test_multioutput[ShapeDTW-0],sktime/classification/tests/test_all_classifiers.py::TestAllClassifiers::test_multioutput[ShapeDTW-0],setup,0.0,139.08
before,10,test_handles_single_class[ShapeDTW-1],sktime/classification/tests/test_all_classifiers.py::TestAllClassifiers::test_handles_single_class[ShapeDTW-1],setup,0.0,139.08
before,10,test_multioutput[ShapeDTW-1],sktime/classification/tests/test_all_classifiers.py::TestAllClassifiers::test_multioutput[ShapeDTW-1],setup,0.0,139.08
before,10,test_handles_single_class[ShapeDTW-0],sktime/classification/tests/test_all_classifiers.py::TestAllClassifiers::test_handles_single_class[ShapeDTW-0],setup,0.0,139.08
before,10,test_multivariate_input_exception[ShapeDTW-0],sktime/classification/tests/test_all_classifiers.py::TestAllClassifiers::test_multivariate_input_exception[ShapeDTW-0],setup,0.0,139.08
before,10,test_classifier_on_unit_test_data[ShapeDTW],sktime/classification/tests/test_all_classifiers.py::TestAllClassifiers::test_classifier_on_unit_test_data[ShapeDTW],setup,0.0,139.08
before,10,test_classifier_output[ShapeDTW-0-ClassifierFitPredictThreeClasses],sktime/classification/tests/test_all_classifiers.py::TestAllClassifiers::test_classifier_output[ShapeDTW-0-ClassifierFitPredictThreeClasses],teardown,0.0,139.08
before,10,test_classifier_on_basic_motions[ShapeDTW],sktime/classification/tests/test_all_classifiers.py::TestAllClassifiers::test_classifier_on_basic_motions[ShapeDTW],setup,0.0,139.08
before,10,test_classifier_output[ShapeDTW-0-ClassifierFitPredict],sktime/classification/tests/test_all_classifiers.py::TestAllClassifiers::test_classifier_output[ShapeDTW-0-ClassifierFitPredict],teardown,0.0,139.08
before,10,test_classifier_output[ShapeDTW-1-ClassifierFitPredictThreeClasses],sktime/classification/tests/test_all_classifiers.py::TestAllClassifiers::test_classifier_output[ShapeDTW-1-ClassifierFitPredictThreeClasses],teardown,0.0,139.08
before,10,test_multioutput[ShapeDTW-0],sktime/classification/tests/test_all_classifiers.py::TestAllClassifiers::test_multioutput[ShapeDTW-0],teardown,0.0,139.08
before,10,test_classifier_output[ShapeDTW-1-ClassifierFitPredict],sktime/classification/tests/test_all_classifiers.py::TestAllClassifiers::test_classifier_output[ShapeDTW-1-ClassifierFitPredict],teardown,0.0,139.08
before,10,test_multioutput[ShapeDTW-1],sktime/classification/tests/test_all_classifiers.py::TestAllClassifiers::test_multioutput[ShapeDTW-1],teardown,0.0,139.08
before,10,test_classifier_on_unit_test_data[ShapeDTW],sktime/classification/tests/test_all_classifiers.py::TestAllClassifiers::test_classifier_on_unit_test_data[ShapeDTW],teardown,0.0,139.08
before,10,test_classifier_on_basic_motions[ShapeDTW],sktime/classification/tests/test_all_classifiers.py::TestAllClassifiers::test_classifier_on_basic_motions[ShapeDTW],teardown,0.0,139.08
before,10,test_classifier_on_basic_motions[ShapeDTW],sktime/classification/tests/test_all_classifiers.py::TestAllClassifiers::test_classifier_on_basic_motions[ShapeDTW],call,0.0,139.08
before,10,test_multivariate_input_exception[ShapeDTW-1],sktime/classification/tests/test_all_classifiers.py::TestAllClassifiers::test_multivariate_input_exception[ShapeDTW-1],teardown,0.0,139.08
before,10,test_handles_single_class[ShapeDTW-1],sktime/classification/tests/test_all_classifiers.py::TestAllClassifiers::test_handles_single_class[ShapeDTW-1],teardown,0.0,139.08
before,10,test_handles_single_class[ShapeDTW-0],sktime/classification/tests/test_all_classifiers.py::TestAllClassifiers::test_handles_single_class[ShapeDTW-0],teardown,0.0,139.08
before,10,test_multivariate_input_exception[ShapeDTW-0],sktime/classification/tests/test_all_classifiers.py::TestAllClassifiers::test_multivariate_input_exception[ShapeDTW-0],teardown,0.0,139.08
before,11,test_multioutput[ShapeDTW-1],sktime/classification/tests/test_all_classifiers.py::TestAllClassifiers::test_multioutput[ShapeDTW-1],call,74.41,139.79
before,11,test_classifier_output[ShapeDTW-1-ClassifierFitPredictThreeClasses],sktime/classification/tests/test_all_classifiers.py::TestAllClassifiers::test_classifier_output[ShapeDTW-1-ClassifierFitPredictThreeClasses],call,34.56,139.79
before,11,test_classifier_output[ShapeDTW-1-ClassifierFitPredict],sktime/classification/tests/test_all_classifiers.py::TestAllClassifiers::test_classifier_output[ShapeDTW-1-ClassifierFitPredict],call,23.69,139.79
before,11,test_multioutput[ShapeDTW-0],sktime/classification/tests/test_all_classifiers.py::TestAllClassifiers::test_multioutput[ShapeDTW-0],call,0.76,139.79
before,11,test_classifier_output[ShapeDTW-0-ClassifierFitPredict],sktime/classification/tests/test_all_classifiers.py::TestAllClassifiers::test_classifier_output[ShapeDTW-0-ClassifierFitPredict],call,0.62,139.79
before,11,test_classifier_on_unit_test_data[ShapeDTW],sktime/classification/tests/test_all_classifiers.py::TestAllClassifiers::test_classifier_on_unit_test_data[ShapeDTW],call,0.46,139.79
before,11,test_classifier_output[ShapeDTW-0-ClassifierFitPredictThreeClasses],sktime/classification/tests/test_all_classifiers.py::TestAllClassifiers::test_classifier_output[ShapeDTW-0-ClassifierFitPredictThreeClasses],call,0.32,139.79
before,11,test_multivariate_input_exception[ShapeDTW-0],sktime/classification/tests/test_all_classifiers.py::TestAllClassifiers::test_multivariate_input_exception[ShapeDTW-0],call,0.01,139.79
before,11,test_multivariate_input_exception[ShapeDTW-1],sktime/classification/tests/test_all_classifiers.py::TestAllClassifiers::test_multivariate_input_exception[ShapeDTW-1],call,0.01,139.79
before,11,test_handles_single_class[ShapeDTW-0],sktime/classification/tests/test_all_classifiers.py::TestAllClassifiers::test_handles_single_class[ShapeDTW-0],call,0.0,139.79
before,11,test_handles_single_class[ShapeDTW-1],sktime/classification/tests/test_all_classifiers.py::TestAllClassifiers::test_handles_single_class[ShapeDTW-1],call,0.0,139.79
before,11,test_classifier_output[ShapeDTW-0-ClassifierFitPredict],sktime/classification/tests/test_all_classifiers.py::TestAllClassifiers::test_classifier_output[ShapeDTW-0-ClassifierFitPredict],setup,0.0,139.79
before,11,test_classifier_output[ShapeDTW-1-ClassifierFitPredictThreeClasses],sktime/classification/tests/test_all_classifiers.py::TestAllClassifiers::test_classifier_output[ShapeDTW-1-ClassifierFitPredictThreeClasses],setup,0.0,139.79
before,11,test_multivariate_input_exception[ShapeDTW-0],sktime/classification/tests/test_all_classifiers.py::TestAllClassifiers::test_multivariate_input_exception[ShapeDTW-0],setup,0.0,139.79
before,11,test_classifier_output[ShapeDTW-0-ClassifierFitPredictThreeClasses],sktime/classification/tests/test_all_classifiers.py::TestAllClassifiers::test_classifier_output[ShapeDTW-0-ClassifierFitPredictThreeClasses],setup,0.0,139.79
before,11,test_handles_single_class[ShapeDTW-0],sktime/classification/tests/test_all_classifiers.py::TestAllClassifiers::test_handles_single_class[ShapeDTW-0],setup,0.0,139.79
before,11,test_multivariate_input_exception[ShapeDTW-1],sktime/classification/tests/test_all_classifiers.py::TestAllClassifiers::test_multivariate_input_exception[ShapeDTW-1],setup,0.0,139.79
before,11,test_classifier_output[ShapeDTW-1-ClassifierFitPredict],sktime/classification/tests/test_all_classifiers.py::TestAllClassifiers::test_classifier_output[ShapeDTW-1-ClassifierFitPredict],setup,0.0,139.79
before,11,test_multioutput[ShapeDTW-0],sktime/classification/tests/test_all_classifiers.py::TestAllClassifiers::test_multioutput[ShapeDTW-0],setup,0.0,139.79
before,11,test_handles_single_class[ShapeDTW-1],sktime/classification/tests/test_all_classifiers.py::TestAllClassifiers::test_handles_single_class[ShapeDTW-1],setup,0.0,139.79
before,11,test_multioutput[ShapeDTW-1],sktime/classification/tests/test_all_classifiers.py::TestAllClassifiers::test_multioutput[ShapeDTW-1],setup,0.0,139.79
before,11,test_classifier_on_basic_motions[ShapeDTW],sktime/classification/tests/test_all_classifiers.py::TestAllClassifiers::test_classifier_on_basic_motions[ShapeDTW],setup,0.0,139.79
before,11,test_classifier_on_unit_test_data[ShapeDTW],sktime/classification/tests/test_all_classifiers.py::TestAllClassifiers::test_classifier_on_unit_test_data[ShapeDTW],setup,0.0,139.79
before,11,test_multioutput[ShapeDTW-1],sktime/classification/tests/test_all_classifiers.py::TestAllClassifiers::test_multioutput[ShapeDTW-1],teardown,0.0,139.79
before,11,test_classifier_output[ShapeDTW-0-ClassifierFitPredict],sktime/classification/tests/test_all_classifiers.py::TestAllClassifiers::test_classifier_output[ShapeDTW-0-ClassifierFitPredict],teardown,0.0,139.79
before,11,test_classifier_output[ShapeDTW-1-ClassifierFitPredictThreeClasses],sktime/classification/tests/test_all_classifiers.py::TestAllClassifiers::test_classifier_output[ShapeDTW-1-ClassifierFitPredictThreeClasses],teardown,0.0,139.79
before,11,test_classifier_output[ShapeDTW-1-ClassifierFitPredict],sktime/classification/tests/test_all_classifiers.py::TestAllClassifiers::test_classifier_output[ShapeDTW-1-ClassifierFitPredict],teardown,0.0,139.79
before,11,test_classifier_output[ShapeDTW-0-ClassifierFitPredictThreeClasses],sktime/classification/tests/test_all_classifiers.py::TestAllClassifiers::test_classifier_output[ShapeDTW-0-ClassifierFitPredictThreeClasses],teardown,0.0,139.79
before,11,test_multioutput[ShapeDTW-0],sktime/classification/tests/test_all_classifiers.py::TestAllClassifiers::test_multioutput[ShapeDTW-0],teardown,0.0,139.79
before,11,test_classifier_on_unit_test_data[ShapeDTW],sktime/classification/tests/test_all_classifiers.py::TestAllClassifiers::test_classifier_on_unit_test_data[ShapeDTW],teardown,0.0,139.79
before,11,test_multivariate_input_exception[ShapeDTW-0],sktime/classification/tests/test_all_classifiers.py::TestAllClassifiers::test_multivariate_input_exception[ShapeDTW-0],teardown,0.0,139.79
before,11,test_handles_single_class[ShapeDTW-0],sktime/classification/tests/test_all_classifiers.py::TestAllClassifiers::test_handles_single_class[ShapeDTW-0],teardown,0.0,139.79
before,11,test_multivariate_input_exception[ShapeDTW-1],sktime/classification/tests/test_all_classifiers.py::TestAllClassifiers::test_multivariate_input_exception[ShapeDTW-1],teardown,0.0,139.79
before,11,test_classifier_on_basic_motions[ShapeDTW],sktime/classification/tests/test_all_classifiers.py::TestAllClassifiers::test_classifier_on_basic_motions[ShapeDTW],call,0.0,139.79
before,11,test_handles_single_class[ShapeDTW-1],sktime/classification/tests/test_all_classifiers.py::TestAllClassifiers::test_handles_single_class[ShapeDTW-1],teardown,0.0,139.79
before,11,test_classifier_on_basic_motions[ShapeDTW],sktime/classification/tests/test_all_classifiers.py::TestAllClassifiers::test_classifier_on_basic_motions[ShapeDTW],teardown,0.0,139.79
before,12,test_multioutput[ShapeDTW-1],sktime/classification/tests/test_all_classifiers.py::TestAllClassifiers::test_multioutput[ShapeDTW-1],call,74.55,140.25
before,12,test_classifier_output[ShapeDTW-1-ClassifierFitPredictThreeClasses],sktime/classification/tests/test_all_classifiers.py::TestAllClassifiers::test_classifier_output[ShapeDTW-1-ClassifierFitPredictThreeClasses],call,34.67,140.25
before,12,test_classifier_output[ShapeDTW-1-ClassifierFitPredict],sktime/classification/tests/test_all_classifiers.py::TestAllClassifiers::test_classifier_output[ShapeDTW-1-ClassifierFitPredict],call,23.86,140.25
before,12,test_multioutput[ShapeDTW-0],sktime/classification/tests/test_all_classifiers.py::TestAllClassifiers::test_multioutput[ShapeDTW-0],call,0.76,140.25
before,12,test_classifier_output[ShapeDTW-0-ClassifierFitPredictThreeClasses],sktime/classification/tests/test_all_classifiers.py::TestAllClassifiers::test_classifier_output[ShapeDTW-0-ClassifierFitPredictThreeClasses],call,0.69,140.25
before,12,test_classifier_on_unit_test_data[ShapeDTW],sktime/classification/tests/test_all_classifiers.py::TestAllClassifiers::test_classifier_on_unit_test_data[ShapeDTW],call,0.46,140.25
before,12,test_classifier_output[ShapeDTW-0-ClassifierFitPredict],sktime/classification/tests/test_all_classifiers.py::TestAllClassifiers::test_classifier_output[ShapeDTW-0-ClassifierFitPredict],call,0.25,140.25
before,12,test_multivariate_input_exception[ShapeDTW-0],sktime/classification/tests/test_all_classifiers.py::TestAllClassifiers::test_multivariate_input_exception[ShapeDTW-0],call,0.01,140.25
before,12,test_multivariate_input_exception[ShapeDTW-1],sktime/classification/tests/test_all_classifiers.py::TestAllClassifiers::test_multivariate_input_exception[ShapeDTW-1],call,0.01,140.25
before,12,test_handles_single_class[ShapeDTW-1],sktime/classification/tests/test_all_classifiers.py::TestAllClassifiers::test_handles_single_class[ShapeDTW-1],call,0.0,140.25
before,12,test_handles_single_class[ShapeDTW-0],sktime/classification/tests/test_all_classifiers.py::TestAllClassifiers::test_handles_single_class[ShapeDTW-0],call,0.0,140.25
before,12,test_classifier_output[ShapeDTW-0-ClassifierFitPredictThreeClasses],sktime/classification/tests/test_all_classifiers.py::TestAllClassifiers::test_classifier_output[ShapeDTW-0-ClassifierFitPredictThreeClasses],setup,0.0,140.25
before,12,test_classifier_output[ShapeDTW-1-ClassifierFitPredictThreeClasses],sktime/classification/tests/test_all_classifiers.py::TestAllClassifiers::test_classifier_output[ShapeDTW-1-ClassifierFitPredictThreeClasses],setup,0.0,140.25
before,12,test_classifier_output[ShapeDTW-1-ClassifierFitPredict],sktime/classification/tests/test_all_classifiers.py::TestAllClassifiers::test_classifier_output[ShapeDTW-1-ClassifierFitPredict],setup,0.0,140.25
before,12,test_handles_single_class[ShapeDTW-1],sktime/classification/tests/test_all_classifiers.py::TestAllClassifiers::test_handles_single_class[ShapeDTW-1],setup,0.0,140.25
before,12,test_multioutput[ShapeDTW-1],sktime/classification/tests/test_all_classifiers.py::TestAllClassifiers::test_multioutput[ShapeDTW-1],setup,0.0,140.25
before,12,test_multioutput[ShapeDTW-0],sktime/classification/tests/test_all_classifiers.py::TestAllClassifiers::test_multioutput[ShapeDTW-0],setup,0.0,140.25
before,12,test_classifier_output[ShapeDTW-0-ClassifierFitPredict],sktime/classification/tests/test_all_classifiers.py::TestAllClassifiers::test_classifier_output[ShapeDTW-0-ClassifierFitPredict],setup,0.0,140.25
before,12,test_handles_single_class[ShapeDTW-0],sktime/classification/tests/test_all_classifiers.py::TestAllClassifiers::test_handles_single_class[ShapeDTW-0],setup,0.0,140.25
before,12,test_multivariate_input_exception[ShapeDTW-1],sktime/classification/tests/test_all_classifiers.py::TestAllClassifiers::test_multivariate_input_exception[ShapeDTW-1],setup,0.0,140.25
before,12,test_multivariate_input_exception[ShapeDTW-0],sktime/classification/tests/test_all_classifiers.py::TestAllClassifiers::test_multivariate_input_exception[ShapeDTW-0],setup,0.0,140.25
before,12,test_classifier_on_basic_motions[ShapeDTW],sktime/classification/tests/test_all_classifiers.py::TestAllClassifiers::test_classifier_on_basic_motions[ShapeDTW],setup,0.0,140.25
before,12,test_classifier_on_unit_test_data[ShapeDTW],sktime/classification/tests/test_all_classifiers.py::TestAllClassifiers::test_classifier_on_unit_test_data[ShapeDTW],setup,0.0,140.25
before,12,test_classifier_output[ShapeDTW-0-ClassifierFitPredictThreeClasses],sktime/classification/tests/test_all_classifiers.py::TestAllClassifiers::test_classifier_output[ShapeDTW-0-ClassifierFitPredictThreeClasses],teardown,0.0,140.25
before,12,test_classifier_output[ShapeDTW-0-ClassifierFitPredict],sktime/classification/tests/test_all_classifiers.py::TestAllClassifiers::test_classifier_output[ShapeDTW-0-ClassifierFitPredict],teardown,0.0,140.25
before,12,test_multioutput[ShapeDTW-1],sktime/classification/tests/test_all_classifiers.py::TestAllClassifiers::test_multioutput[ShapeDTW-1],teardown,0.0,140.25
before,12,test_classifier_output[ShapeDTW-1-ClassifierFitPredict],sktime/classification/tests/test_all_classifiers.py::TestAllClassifiers::test_classifier_output[ShapeDTW-1-ClassifierFitPredict],teardown,0.0,140.25
before,12,test_classifier_on_unit_test_data[ShapeDTW],sktime/classification/tests/test_all_classifiers.py::TestAllClassifiers::test_classifier_on_unit_test_data[ShapeDTW],teardown,0.0,140.25
before,12,test_classifier_output[ShapeDTW-1-ClassifierFitPredictThreeClasses],sktime/classification/tests/test_all_classifiers.py::TestAllClassifiers::test_classifier_output[ShapeDTW-1-ClassifierFitPredictThreeClasses],teardown,0.0,140.25
before,12,test_multioutput[ShapeDTW-0],sktime/classification/tests/test_all_classifiers.py::TestAllClassifiers::test_multioutput[ShapeDTW-0],teardown,0.0,140.25
before,12,test_multivariate_input_exception[ShapeDTW-0],sktime/classification/tests/test_all_classifiers.py::TestAllClassifiers::test_multivariate_input_exception[ShapeDTW-0],teardown,0.0,140.25
before,12,test_handles_single_class[ShapeDTW-0],sktime/classification/tests/test_all_classifiers.py::TestAllClassifiers::test_handles_single_class[ShapeDTW-0],teardown,0.0,140.25
before,12,test_classifier_on_basic_motions[ShapeDTW],sktime/classification/tests/test_all_classifiers.py::TestAllClassifiers::test_classifier_on_basic_motions[ShapeDTW],call,0.0,140.25
before,12,test_handles_single_class[ShapeDTW-1],sktime/classification/tests/test_all_classifiers.py::TestAllClassifiers::test_handles_single_class[ShapeDTW-1],teardown,0.0,140.25
before,12,test_multivariate_input_exception[ShapeDTW-1],sktime/classification/tests/test_all_classifiers.py::TestAllClassifiers::test_multivariate_input_exception[ShapeDTW-1],teardown,0.0,140.25
before,12,test_classifier_on_basic_motions[ShapeDTW],sktime/classification/tests/test_all_classifiers.py::TestAllClassifiers::test_classifier_on_basic_motions[ShapeDTW],teardown,0.0,140.25
before,13,test_multioutput[ShapeDTW-1],sktime/classification/tests/test_all_classifiers.py::TestAllClassifiers::test_multioutput[ShapeDTW-1],call,74.38,139.63
before,13,test_classifier_output[ShapeDTW-1-ClassifierFitPredictThreeClasses],sktime/classification/tests/test_all_classifiers.py::TestAllClassifiers::test_classifier_output[ShapeDTW-1-ClassifierFitPredictThreeClasses],call,34.19,139.63
before,13,test_classifier_output[ShapeDTW-1-ClassifierFitPredict],sktime/classification/tests/test_all_classifiers.py::TestAllClassifiers::test_classifier_output[ShapeDTW-1-ClassifierFitPredict],call,23.79,139.63
before,13,test_classifier_on_unit_test_data[ShapeDTW],sktime/classification/tests/test_all_classifiers.py::TestAllClassifiers::test_classifier_on_unit_test_data[ShapeDTW],call,0.93,139.63
before,13,test_multioutput[ShapeDTW-0],sktime/classification/tests/test_all_classifiers.py::TestAllClassifiers::test_multioutput[ShapeDTW-0],call,0.77,139.63
before,13,test_classifier_output[ShapeDTW-0-ClassifierFitPredictThreeClasses],sktime/classification/tests/test_all_classifiers.py::TestAllClassifiers::test_classifier_output[ShapeDTW-0-ClassifierFitPredictThreeClasses],call,0.32,139.63
before,13,test_classifier_output[ShapeDTW-0-ClassifierFitPredict],sktime/classification/tests/test_all_classifiers.py::TestAllClassifiers::test_classifier_output[ShapeDTW-0-ClassifierFitPredict],call,0.25,139.63
before,13,test_multivariate_input_exception[ShapeDTW-0],sktime/classification/tests/test_all_classifiers.py::TestAllClassifiers::test_multivariate_input_exception[ShapeDTW-0],call,0.01,139.63
before,13,test_multivariate_input_exception[ShapeDTW-1],sktime/classification/tests/test_all_classifiers.py::TestAllClassifiers::test_multivariate_input_exception[ShapeDTW-1],call,0.01,139.63
before,13,test_handles_single_class[ShapeDTW-1],sktime/classification/tests/test_all_classifiers.py::TestAllClassifiers::test_handles_single_class[ShapeDTW-1],call,0.0,139.63
before,13,test_handles_single_class[ShapeDTW-0],sktime/classification/tests/test_all_classifiers.py::TestAllClassifiers::test_handles_single_class[ShapeDTW-0],call,0.0,139.63
before,13,test_classifier_output[ShapeDTW-1-ClassifierFitPredict],sktime/classification/tests/test_all_classifiers.py::TestAllClassifiers::test_classifier_output[ShapeDTW-1-ClassifierFitPredict],setup,0.0,139.63
before,13,test_classifier_output[ShapeDTW-1-ClassifierFitPredictThreeClasses],sktime/classification/tests/test_all_classifiers.py::TestAllClassifiers::test_classifier_output[ShapeDTW-1-ClassifierFitPredictThreeClasses],setup,0.0,139.63
before,13,test_multioutput[ShapeDTW-1],sktime/classification/tests/test_all_classifiers.py::TestAllClassifiers::test_multioutput[ShapeDTW-1],setup,0.0,139.63
before,13,test_handles_single_class[ShapeDTW-1],sktime/classification/tests/test_all_classifiers.py::TestAllClassifiers::test_handles_single_class[ShapeDTW-1],setup,0.0,139.63
before,13,test_multivariate_input_exception[ShapeDTW-1],sktime/classification/tests/test_all_classifiers.py::TestAllClassifiers::test_multivariate_input_exception[ShapeDTW-1],setup,0.0,139.63
before,13,test_multivariate_input_exception[ShapeDTW-0],sktime/classification/tests/test_all_classifiers.py::TestAllClassifiers::test_multivariate_input_exception[ShapeDTW-0],setup,0.0,139.63
before,13,test_classifier_output[ShapeDTW-0-ClassifierFitPredictThreeClasses],sktime/classification/tests/test_all_classifiers.py::TestAllClassifiers::test_classifier_output[ShapeDTW-0-ClassifierFitPredictThreeClasses],setup,0.0,139.63
before,13,test_classifier_output[ShapeDTW-0-ClassifierFitPredict],sktime/classification/tests/test_all_classifiers.py::TestAllClassifiers::test_classifier_output[ShapeDTW-0-ClassifierFitPredict],setup,0.0,139.63
before,13,test_handles_single_class[ShapeDTW-0],sktime/classification/tests/test_all_classifiers.py::TestAllClassifiers::test_handles_single_class[ShapeDTW-0],setup,0.0,139.63
before,13,test_multioutput[ShapeDTW-0],sktime/classification/tests/test_all_classifiers.py::TestAllClassifiers::test_multioutput[ShapeDTW-0],setup,0.0,139.63
before,13,test_classifier_on_unit_test_data[ShapeDTW],sktime/classification/tests/test_all_classifiers.py::TestAllClassifiers::test_classifier_on_unit_test_data[ShapeDTW],setup,0.0,139.63
before,13,test_classifier_output[ShapeDTW-1-ClassifierFitPredictThreeClasses],sktime/classification/tests/test_all_classifiers.py::TestAllClassifiers::test_classifier_output[ShapeDTW-1-ClassifierFitPredictThreeClasses],teardown,0.0,139.63
before,13,test_classifier_output[ShapeDTW-0-ClassifierFitPredictThreeClasses],sktime/classification/tests/test_all_classifiers.py::TestAllClassifiers::test_classifier_output[ShapeDTW-0-ClassifierFitPredictThreeClasses],teardown,0.0,139.63
before,13,test_classifier_output[ShapeDTW-1-ClassifierFitPredict],sktime/classification/tests/test_all_classifiers.py::TestAllClassifiers::test_classifier_output[ShapeDTW-1-ClassifierFitPredict],teardown,0.0,139.63
before,13,test_multioutput[ShapeDTW-0],sktime/classification/tests/test_all_classifiers.py::TestAllClassifiers::test_multioutput[ShapeDTW-0],teardown,0.0,139.63
before,13,test_multioutput[ShapeDTW-1],sktime/classification/tests/test_all_classifiers.py::TestAllClassifiers::test_multioutput[ShapeDTW-1],teardown,0.0,139.63
before,13,test_classifier_on_basic_motions[ShapeDTW],sktime/classification/tests/test_all_classifiers.py::TestAllClassifiers::test_classifier_on_basic_motions[ShapeDTW],setup,0.0,139.63
before,13,test_classifier_on_unit_test_data[ShapeDTW],sktime/classification/tests/test_all_classifiers.py::TestAllClassifiers::test_classifier_on_unit_test_data[ShapeDTW],teardown,0.0,139.63
before,13,test_classifier_output[ShapeDTW-0-ClassifierFitPredict],sktime/classification/tests/test_all_classifiers.py::TestAllClassifiers::test_classifier_output[ShapeDTW-0-ClassifierFitPredict],teardown,0.0,139.63
before,13,test_multivariate_input_exception[ShapeDTW-0],sktime/classification/tests/test_all_classifiers.py::TestAllClassifiers::test_multivariate_input_exception[ShapeDTW-0],teardown,0.0,139.63
before,13,test_multivariate_input_exception[ShapeDTW-1],sktime/classification/tests/test_all_classifiers.py::TestAllClassifiers::test_multivariate_input_exception[ShapeDTW-1],teardown,0.0,139.63
before,13,test_handles_single_class[ShapeDTW-1],sktime/classification/tests/test_all_classifiers.py::TestAllClassifiers::test_handles_single_class[ShapeDTW-1],teardown,0.0,139.63
before,13,test_handles_single_class[ShapeDTW-0],sktime/classification/tests/test_all_classifiers.py::TestAllClassifiers::test_handles_single_class[ShapeDTW-0],teardown,0.0,139.63
before,13,test_classifier_on_basic_motions[ShapeDTW],sktime/classification/tests/test_all_classifiers.py::TestAllClassifiers::test_classifier_on_basic_motions[ShapeDTW],teardown,0.0,139.63
before,13,test_classifier_on_basic_motions[ShapeDTW],sktime/classification/tests/test_all_classifiers.py::TestAllClassifiers::test_classifier_on_basic_motions[ShapeDTW],call,0.0,139.63
before,14,test_multioutput[ShapeDTW-1],sktime/classification/tests/test_all_classifiers.py::TestAllClassifiers::test_multioutput[ShapeDTW-1],call,74.43,139.15
before,14,test_classifier_output[ShapeDTW-1-ClassifierFitPredictThreeClasses],sktime/classification/tests/test_all_classifiers.py::TestAllClassifiers::test_classifier_output[ShapeDTW-1-ClassifierFitPredictThreeClasses],call,34.34,139.15
before,14,test_classifier_output[ShapeDTW-1-ClassifierFitPredict],sktime/classification/tests/test_all_classifiers.py::TestAllClassifiers::test_classifier_output[ShapeDTW-1-ClassifierFitPredict],call,23.26,139.15
before,14,test_multioutput[ShapeDTW-0],sktime/classification/tests/test_all_classifiers.py::TestAllClassifiers::test_multioutput[ShapeDTW-0],call,0.76,139.15
before,14,test_classifier_output[ShapeDTW-0-ClassifierFitPredict],sktime/classification/tests/test_all_classifiers.py::TestAllClassifiers::test_classifier_output[ShapeDTW-0-ClassifierFitPredict],call,0.62,139.15
before,14,test_classifier_on_unit_test_data[ShapeDTW],sktime/classification/tests/test_all_classifiers.py::TestAllClassifiers::test_classifier_on_unit_test_data[ShapeDTW],call,0.46,139.15
before,14,test_classifier_output[ShapeDTW-0-ClassifierFitPredictThreeClasses],sktime/classification/tests/test_all_classifiers.py::TestAllClassifiers::test_classifier_output[ShapeDTW-0-ClassifierFitPredictThreeClasses],call,0.31,139.15
before,14,test_multivariate_input_exception[ShapeDTW-1],sktime/classification/tests/test_all_classifiers.py::TestAllClassifiers::test_multivariate_input_exception[ShapeDTW-1],call,0.01,139.15
before,14,test_multivariate_input_exception[ShapeDTW-0],sktime/classification/tests/test_all_classifiers.py::TestAllClassifiers::test_multivariate_input_exception[ShapeDTW-0],call,0.01,139.15
before,14,test_handles_single_class[ShapeDTW-1],sktime/classification/tests/test_all_classifiers.py::TestAllClassifiers::test_handles_single_class[ShapeDTW-1],call,0.0,139.15
before,14,test_handles_single_class[ShapeDTW-0],sktime/classification/tests/test_all_classifiers.py::TestAllClassifiers::test_handles_single_class[ShapeDTW-0],call,0.0,139.15
before,14,test_classifier_output[ShapeDTW-0-ClassifierFitPredict],sktime/classification/tests/test_all_classifiers.py::TestAllClassifiers::test_classifier_output[ShapeDTW-0-ClassifierFitPredict],setup,0.0,139.15
before,14,test_classifier_output[ShapeDTW-0-ClassifierFitPredictThreeClasses],sktime/classification/tests/test_all_classifiers.py::TestAllClassifiers::test_classifier_output[ShapeDTW-0-ClassifierFitPredictThreeClasses],setup,0.0,139.15
before,14,test_multioutput[ShapeDTW-0],sktime/classification/tests/test_all_classifiers.py::TestAllClassifiers::test_multioutput[ShapeDTW-0],setup,0.0,139.15
before,14,test_classifier_output[ShapeDTW-1-ClassifierFitPredictThreeClasses],sktime/classification/tests/test_all_classifiers.py::TestAllClassifiers::test_classifier_output[ShapeDTW-1-ClassifierFitPredictThreeClasses],setup,0.0,139.15
before,14,test_multivariate_input_exception[ShapeDTW-1],sktime/classification/tests/test_all_classifiers.py::TestAllClassifiers::test_multivariate_input_exception[ShapeDTW-1],setup,0.0,139.15
before,14,test_multivariate_input_exception[ShapeDTW-0],sktime/classification/tests/test_all_classifiers.py::TestAllClassifiers::test_multivariate_input_exception[ShapeDTW-0],setup,0.0,139.15
before,14,test_multioutput[ShapeDTW-1],sktime/classification/tests/test_all_classifiers.py::TestAllClassifiers::test_multioutput[ShapeDTW-1],setup,0.0,139.15
before,14,test_classifier_output[ShapeDTW-1-ClassifierFitPredict],sktime/classification/tests/test_all_classifiers.py::TestAllClassifiers::test_classifier_output[ShapeDTW-1-ClassifierFitPredict],setup,0.0,139.15
before,14,test_handles_single_class[ShapeDTW-0],sktime/classification/tests/test_all_classifiers.py::TestAllClassifiers::test_handles_single_class[ShapeDTW-0],setup,0.0,139.15
before,14,test_handles_single_class[ShapeDTW-1],sktime/classification/tests/test_all_classifiers.py::TestAllClassifiers::test_handles_single_class[ShapeDTW-1],setup,0.0,139.15
before,14,test_classifier_on_basic_motions[ShapeDTW],sktime/classification/tests/test_all_classifiers.py::TestAllClassifiers::test_classifier_on_basic_motions[ShapeDTW],setup,0.0,139.15
before,14,test_multioutput[ShapeDTW-1],sktime/classification/tests/test_all_classifiers.py::TestAllClassifiers::test_multioutput[ShapeDTW-1],teardown,0.0,139.15
before,14,test_classifier_output[ShapeDTW-0-ClassifierFitPredictThreeClasses],sktime/classification/tests/test_all_classifiers.py::TestAllClassifiers::test_classifier_output[ShapeDTW-0-ClassifierFitPredictThreeClasses],teardown,0.0,139.15
before,14,test_classifier_output[ShapeDTW-1-ClassifierFitPredict],sktime/classification/tests/test_all_classifiers.py::TestAllClassifiers::test_classifier_output[ShapeDTW-1-ClassifierFitPredict],teardown,0.0,139.15
before,14,test_classifier_output[ShapeDTW-0-ClassifierFitPredict],sktime/classification/tests/test_all_classifiers.py::TestAllClassifiers::test_classifier_output[ShapeDTW-0-ClassifierFitPredict],teardown,0.0,139.15
before,14,test_classifier_output[ShapeDTW-1-ClassifierFitPredictThreeClasses],sktime/classification/tests/test_all_classifiers.py::TestAllClassifiers::test_classifier_output[ShapeDTW-1-ClassifierFitPredictThreeClasses],teardown,0.0,139.15
before,14,test_classifier_on_unit_test_data[ShapeDTW],sktime/classification/tests/test_all_classifiers.py::TestAllClassifiers::test_classifier_on_unit_test_data[ShapeDTW],teardown,0.0,139.15
before,14,test_classifier_on_unit_test_data[ShapeDTW],sktime/classification/tests/test_all_classifiers.py::TestAllClassifiers::test_classifier_on_unit_test_data[ShapeDTW],setup,0.0,139.15
before,14,test_multioutput[ShapeDTW-0],sktime/classification/tests/test_all_classifiers.py::TestAllClassifiers::test_multioutput[ShapeDTW-0],teardown,0.0,139.15
before,14,test_multivariate_input_exception[ShapeDTW-0],sktime/classification/tests/test_all_classifiers.py::TestAllClassifiers::test_multivariate_input_exception[ShapeDTW-0],teardown,0.0,139.15
before,14,test_multivariate_input_exception[ShapeDTW-1],sktime/classification/tests/test_all_classifiers.py::TestAllClassifiers::test_multivariate_input_exception[ShapeDTW-1],teardown,0.0,139.15
before,14,test_handles_single_class[ShapeDTW-1],sktime/classification/tests/test_all_classifiers.py::TestAllClassifiers::test_handles_single_class[ShapeDTW-1],teardown,0.0,139.15
before,14,test_classifier_on_basic_motions[ShapeDTW],sktime/classification/tests/test_all_classifiers.py::TestAllClassifiers::test_classifier_on_basic_motions[ShapeDTW],call,0.0,139.15
before,14,test_handles_single_class[ShapeDTW-0],sktime/classification/tests/test_all_classifiers.py::TestAllClassifiers::test_handles_single_class[ShapeDTW-0],teardown,0.0,139.15
before,14,test_classifier_on_basic_motions[ShapeDTW],sktime/classification/tests/test_all_classifiers.py::TestAllClassifiers::test_classifier_on_basic_motions[ShapeDTW],teardown,0.0,139.15
before,15,test_multioutput[ShapeDTW-1],sktime/classification/tests/test_all_classifiers.py::TestAllClassifiers::test_multioutput[ShapeDTW-1],call,74.87,140.26
before,15,test_classifier_output[ShapeDTW-1-ClassifierFitPredictThreeClasses],sktime/classification/tests/test_all_classifiers.py::TestAllClassifiers::test_classifier_output[ShapeDTW-1-ClassifierFitPredictThreeClasses],call,34.76,140.26
before,15,test_classifier_output[ShapeDTW-1-ClassifierFitPredict],sktime/classification/tests/test_all_classifiers.py::TestAllClassifiers::test_classifier_output[ShapeDTW-1-ClassifierFitPredict],call,23.62,140.26
before,15,test_multioutput[ShapeDTW-0],sktime/classification/tests/test_all_classifiers.py::TestAllClassifiers::test_multioutput[ShapeDTW-0],call,1.01,140.26
before,15,test_classifier_on_unit_test_data[ShapeDTW],sktime/classification/tests/test_all_classifiers.py::TestAllClassifiers::test_classifier_on_unit_test_data[ShapeDTW],call,0.46,140.26
before,15,test_classifier_output[ShapeDTW-0-ClassifierFitPredictThreeClasses],sktime/classification/tests/test_all_classifiers.py::TestAllClassifiers::test_classifier_output[ShapeDTW-0-ClassifierFitPredictThreeClasses],call,0.32,140.26
before,15,test_classifier_output[ShapeDTW-0-ClassifierFitPredict],sktime/classification/tests/test_all_classifiers.py::TestAllClassifiers::test_classifier_output[ShapeDTW-0-ClassifierFitPredict],call,0.25,140.26
before,15,test_multivariate_input_exception[ShapeDTW-0],sktime/classification/tests/test_all_classifiers.py::TestAllClassifiers::test_multivariate_input_exception[ShapeDTW-0],call,0.01,140.26
before,15,test_multivariate_input_exception[ShapeDTW-1],sktime/classification/tests/test_all_classifiers.py::TestAllClassifiers::test_multivariate_input_exception[ShapeDTW-1],call,0.01,140.26
before,15,test_handles_single_class[ShapeDTW-0],sktime/classification/tests/test_all_classifiers.py::TestAllClassifiers::test_handles_single_class[ShapeDTW-0],call,0.01,140.26
before,15,test_handles_single_class[ShapeDTW-1],sktime/classification/tests/test_all_classifiers.py::TestAllClassifiers::test_handles_single_class[ShapeDTW-1],call,0.0,140.26
before,15,test_classifier_output[ShapeDTW-1-ClassifierFitPredict],sktime/classification/tests/test_all_classifiers.py::TestAllClassifiers::test_classifier_output[ShapeDTW-1-ClassifierFitPredict],setup,0.0,140.26
before,15,test_handles_single_class[ShapeDTW-0],sktime/classification/tests/test_all_classifiers.py::TestAllClassifiers::test_handles_single_class[ShapeDTW-0],setup,0.0,140.26
before,15,test_multioutput[ShapeDTW-1],sktime/classification/tests/test_all_classifiers.py::TestAllClassifiers::test_multioutput[ShapeDTW-1],setup,0.0,140.26
before,15,test_classifier_output[ShapeDTW-0-ClassifierFitPredict],sktime/classification/tests/test_all_classifiers.py::TestAllClassifiers::test_classifier_output[ShapeDTW-0-ClassifierFitPredict],setup,0.0,140.26
before,15,test_multivariate_input_exception[ShapeDTW-1],sktime/classification/tests/test_all_classifiers.py::TestAllClassifiers::test_multivariate_input_exception[ShapeDTW-1],setup,0.0,140.26
before,15,test_classifier_output[ShapeDTW-0-ClassifierFitPredictThreeClasses],sktime/classification/tests/test_all_classifiers.py::TestAllClassifiers::test_classifier_output[ShapeDTW-0-ClassifierFitPredictThreeClasses],setup,0.0,140.26
before,15,test_multivariate_input_exception[ShapeDTW-0],sktime/classification/tests/test_all_classifiers.py::TestAllClassifiers::test_multivariate_input_exception[ShapeDTW-0],setup,0.0,140.26
before,15,test_classifier_output[ShapeDTW-1-ClassifierFitPredictThreeClasses],sktime/classification/tests/test_all_classifiers.py::TestAllClassifiers::test_classifier_output[ShapeDTW-1-ClassifierFitPredictThreeClasses],setup,0.0,140.26
before,15,test_handles_single_class[ShapeDTW-1],sktime/classification/tests/test_all_classifiers.py::TestAllClassifiers::test_handles_single_class[ShapeDTW-1],setup,0.0,140.26
before,15,test_multioutput[ShapeDTW-0],sktime/classification/tests/test_all_classifiers.py::TestAllClassifiers::test_multioutput[ShapeDTW-0],setup,0.0,140.26
before,15,test_classifier_on_basic_motions[ShapeDTW],sktime/classification/tests/test_all_classifiers.py::TestAllClassifiers::test_classifier_on_basic_motions[ShapeDTW],setup,0.0,140.26
before,15,test_classifier_output[ShapeDTW-0-ClassifierFitPredict],sktime/classification/tests/test_all_classifiers.py::TestAllClassifiers::test_classifier_output[ShapeDTW-0-ClassifierFitPredict],teardown,0.0,140.26
before,15,test_classifier_output[ShapeDTW-1-ClassifierFitPredict],sktime/classification/tests/test_all_classifiers.py::TestAllClassifiers::test_classifier_output[ShapeDTW-1-ClassifierFitPredict],teardown,0.0,140.26
before,15,test_multioutput[ShapeDTW-1],sktime/classification/tests/test_all_classifiers.py::TestAllClassifiers::test_multioutput[ShapeDTW-1],teardown,0.0,140.26
before,15,test_classifier_output[ShapeDTW-1-ClassifierFitPredictThreeClasses],sktime/classification/tests/test_all_classifiers.py::TestAllClassifiers::test_classifier_output[ShapeDTW-1-ClassifierFitPredictThreeClasses],teardown,0.0,140.26
before,15,test_multioutput[ShapeDTW-0],sktime/classification/tests/test_all_classifiers.py::TestAllClassifiers::test_multioutput[ShapeDTW-0],teardown,0.0,140.26
before,15,test_classifier_output[ShapeDTW-0-ClassifierFitPredictThreeClasses],sktime/classification/tests/test_all_classifiers.py::TestAllClassifiers::test_classifier_output[ShapeDTW-0-ClassifierFitPredictThreeClasses],teardown,0.0,140.26
before,15,test_classifier_on_unit_test_data[ShapeDTW],sktime/classification/tests/test_all_classifiers.py::TestAllClassifiers::test_classifier_on_unit_test_data[ShapeDTW],setup,0.0,140.26
before,15,test_classifier_on_unit_test_data[ShapeDTW],sktime/classification/tests/test_all_classifiers.py::TestAllClassifiers::test_classifier_on_unit_test_data[ShapeDTW],teardown,0.0,140.26
before,15,test_classifier_on_basic_motions[ShapeDTW],sktime/classification/tests/test_all_classifiers.py::TestAllClassifiers::test_classifier_on_basic_motions[ShapeDTW],call,0.0,140.26
before,15,test_classifier_on_basic_motions[ShapeDTW],sktime/classification/tests/test_all_classifiers.py::TestAllClassifiers::test_classifier_on_basic_motions[ShapeDTW],teardown,0.0,140.26
before,15,test_handles_single_class[ShapeDTW-0],sktime/classification/tests/test_all_classifiers.py::TestAllClassifiers::test_handles_single_class[ShapeDTW-0],teardown,0.0,140.26
before,15,test_multivariate_input_exception[ShapeDTW-1],sktime/classification/tests/test_all_classifiers.py::TestAllClassifiers::test_multivariate_input_exception[ShapeDTW-1],teardown,0.0,140.26
before,15,test_handles_single_class[ShapeDTW-1],sktime/classification/tests/test_all_classifiers.py::TestAllClassifiers::test_handles_single_class[ShapeDTW-1],teardown,0.0,140.26
before,15,test_multivariate_input_exception[ShapeDTW-0],sktime/classification/tests/test_all_classifiers.py::TestAllClassifiers::test_multivariate_input_exception[ShapeDTW-0],teardown,0.0,140.26
before,16,test_multioutput[ShapeDTW-1],sktime/classification/tests/test_all_classifiers.py::TestAllClassifiers::test_multioutput[ShapeDTW-1],call,74.26,139.72
before,16,test_classifier_output[ShapeDTW-1-ClassifierFitPredictThreeClasses],sktime/classification/tests/test_all_classifiers.py::TestAllClassifiers::test_classifier_output[ShapeDTW-1-ClassifierFitPredictThreeClasses],call,34.74,139.72
before,16,test_classifier_output[ShapeDTW-1-ClassifierFitPredict],sktime/classification/tests/test_all_classifiers.py::TestAllClassifiers::test_classifier_output[ShapeDTW-1-ClassifierFitPredict],call,23.69,139.72
before,16,test_multioutput[ShapeDTW-0],sktime/classification/tests/test_all_classifiers.py::TestAllClassifiers::test_multioutput[ShapeDTW-0],call,1.02,139.72
before,16,test_classifier_on_unit_test_data[ShapeDTW],sktime/classification/tests/test_all_classifiers.py::TestAllClassifiers::test_classifier_on_unit_test_data[ShapeDTW],call,0.46,139.72
before,16,test_classifier_output[ShapeDTW-0-ClassifierFitPredictThreeClasses],sktime/classification/tests/test_all_classifiers.py::TestAllClassifiers::test_classifier_output[ShapeDTW-0-ClassifierFitPredictThreeClasses],call,0.32,139.72
before,16,test_classifier_output[ShapeDTW-0-ClassifierFitPredict],sktime/classification/tests/test_all_classifiers.py::TestAllClassifiers::test_classifier_output[ShapeDTW-0-ClassifierFitPredict],call,0.25,139.72
before,16,test_multivariate_input_exception[ShapeDTW-1],sktime/classification/tests/test_all_classifiers.py::TestAllClassifiers::test_multivariate_input_exception[ShapeDTW-1],call,0.01,139.72
before,16,test_multivariate_input_exception[ShapeDTW-0],sktime/classification/tests/test_all_classifiers.py::TestAllClassifiers::test_multivariate_input_exception[ShapeDTW-0],call,0.01,139.72
before,16,test_handles_single_class[ShapeDTW-1],sktime/classification/tests/test_all_classifiers.py::TestAllClassifiers::test_handles_single_class[ShapeDTW-1],call,0.01,139.72
before,16,test_handles_single_class[ShapeDTW-0],sktime/classification/tests/test_all_classifiers.py::TestAllClassifiers::test_handles_single_class[ShapeDTW-0],call,0.0,139.72
before,16,test_handles_single_class[ShapeDTW-1],sktime/classification/tests/test_all_classifiers.py::TestAllClassifiers::test_handles_single_class[ShapeDTW-1],setup,0.0,139.72
before,16,test_classifier_output[ShapeDTW-0-ClassifierFitPredict],sktime/classification/tests/test_all_classifiers.py::TestAllClassifiers::test_classifier_output[ShapeDTW-0-ClassifierFitPredict],setup,0.0,139.72
before,16,test_classifier_output[ShapeDTW-0-ClassifierFitPredictThreeClasses],sktime/classification/tests/test_all_classifiers.py::TestAllClassifiers::test_classifier_output[ShapeDTW-0-ClassifierFitPredictThreeClasses],setup,0.0,139.72
before,16,test_multioutput[ShapeDTW-1],sktime/classification/tests/test_all_classifiers.py::TestAllClassifiers::test_multioutput[ShapeDTW-1],setup,0.0,139.72
before,16,test_multivariate_input_exception[ShapeDTW-1],sktime/classification/tests/test_all_classifiers.py::TestAllClassifiers::test_multivariate_input_exception[ShapeDTW-1],setup,0.0,139.72
before,16,test_classifier_output[ShapeDTW-1-ClassifierFitPredictThreeClasses],sktime/classification/tests/test_all_classifiers.py::TestAllClassifiers::test_classifier_output[ShapeDTW-1-ClassifierFitPredictThreeClasses],setup,0.0,139.72
before,16,test_handles_single_class[ShapeDTW-0],sktime/classification/tests/test_all_classifiers.py::TestAllClassifiers::test_handles_single_class[ShapeDTW-0],setup,0.0,139.72
before,16,test_classifier_output[ShapeDTW-1-ClassifierFitPredict],sktime/classification/tests/test_all_classifiers.py::TestAllClassifiers::test_classifier_output[ShapeDTW-1-ClassifierFitPredict],setup,0.0,139.72
before,16,test_multivariate_input_exception[ShapeDTW-0],sktime/classification/tests/test_all_classifiers.py::TestAllClassifiers::test_multivariate_input_exception[ShapeDTW-0],setup,0.0,139.72
before,16,test_multioutput[ShapeDTW-0],sktime/classification/tests/test_all_classifiers.py::TestAllClassifiers::test_multioutput[ShapeDTW-0],setup,0.0,139.72
before,16,test_classifier_on_basic_motions[ShapeDTW],sktime/classification/tests/test_all_classifiers.py::TestAllClassifiers::test_classifier_on_basic_motions[ShapeDTW],setup,0.0,139.72
before,16,test_classifier_output[ShapeDTW-1-ClassifierFitPredictThreeClasses],sktime/classification/tests/test_all_classifiers.py::TestAllClassifiers::test_classifier_output[ShapeDTW-1-ClassifierFitPredictThreeClasses],teardown,0.0,139.72
before,16,test_multioutput[ShapeDTW-1],sktime/classification/tests/test_all_classifiers.py::TestAllClassifiers::test_multioutput[ShapeDTW-1],teardown,0.0,139.72
before,16,test_classifier_output[ShapeDTW-1-ClassifierFitPredict],sktime/classification/tests/test_all_classifiers.py::TestAllClassifiers::test_classifier_output[ShapeDTW-1-ClassifierFitPredict],teardown,0.0,139.72
before,16,test_classifier_output[ShapeDTW-0-ClassifierFitPredict],sktime/classification/tests/test_all_classifiers.py::TestAllClassifiers::test_classifier_output[ShapeDTW-0-ClassifierFitPredict],teardown,0.0,139.72
before,16,test_classifier_output[ShapeDTW-0-ClassifierFitPredictThreeClasses],sktime/classification/tests/test_all_classifiers.py::TestAllClassifiers::test_classifier_output[ShapeDTW-0-ClassifierFitPredictThreeClasses],teardown,0.0,139.72
before,16,test_classifier_on_unit_test_data[ShapeDTW],sktime/classification/tests/test_all_classifiers.py::TestAllClassifiers::test_classifier_on_unit_test_data[ShapeDTW],teardown,0.0,139.72
before,16,test_multioutput[ShapeDTW-0],sktime/classification/tests/test_all_classifiers.py::TestAllClassifiers::test_multioutput[ShapeDTW-0],teardown,0.0,139.72
before,16,test_classifier_on_unit_test_data[ShapeDTW],sktime/classification/tests/test_all_classifiers.py::TestAllClassifiers::test_classifier_on_unit_test_data[ShapeDTW],setup,0.0,139.72
before,16,test_handles_single_class[ShapeDTW-0],sktime/classification/tests/test_all_classifiers.py::TestAllClassifiers::test_handles_single_class[ShapeDTW-0],teardown,0.0,139.72
before,16,test_handles_single_class[ShapeDTW-1],sktime/classification/tests/test_all_classifiers.py::TestAllClassifiers::test_handles_single_class[ShapeDTW-1],teardown,0.0,139.72
before,16,test_classifier_on_basic_motions[ShapeDTW],sktime/classification/tests/test_all_classifiers.py::TestAllClassifiers::test_classifier_on_basic_motions[ShapeDTW],call,0.0,139.72
before,16,test_multivariate_input_exception[ShapeDTW-0],sktime/classification/tests/test_all_classifiers.py::TestAllClassifiers::test_multivariate_input_exception[ShapeDTW-0],teardown,0.0,139.72
before,16,test_multivariate_input_exception[ShapeDTW-1],sktime/classification/tests/test_all_classifiers.py::TestAllClassifiers::test_multivariate_input_exception[ShapeDTW-1],teardown,0.0,139.72
before,16,test_classifier_on_basic_motions[ShapeDTW],sktime/classification/tests/test_all_classifiers.py::TestAllClassifiers::test_classifier_on_basic_motions[ShapeDTW],teardown,0.0,139.72
before,17,test_multioutput[ShapeDTW-1],sktime/classification/tests/test_all_classifiers.py::TestAllClassifiers::test_multioutput[ShapeDTW-1],call,75.4,141.11
before,17,test_classifier_output[ShapeDTW-1-ClassifierFitPredictThreeClasses],sktime/classification/tests/test_all_classifiers.py::TestAllClassifiers::test_classifier_output[ShapeDTW-1-ClassifierFitPredictThreeClasses],call,34.96,141.11
before,17,test_classifier_output[ShapeDTW-1-ClassifierFitPredict],sktime/classification/tests/test_all_classifiers.py::TestAllClassifiers::test_classifier_output[ShapeDTW-1-ClassifierFitPredict],call,23.69,141.11
before,17,test_multioutput[ShapeDTW-0],sktime/classification/tests/test_all_classifiers.py::TestAllClassifiers::test_multioutput[ShapeDTW-0],call,1.03,141.11
before,17,test_classifier_on_unit_test_data[ShapeDTW],sktime/classification/tests/test_all_classifiers.py::TestAllClassifiers::test_classifier_on_unit_test_data[ShapeDTW],call,0.46,141.11
before,17,test_classifier_output[ShapeDTW-0-ClassifierFitPredictThreeClasses],sktime/classification/tests/test_all_classifiers.py::TestAllClassifiers::test_classifier_output[ShapeDTW-0-ClassifierFitPredictThreeClasses],call,0.32,141.11
before,17,test_classifier_output[ShapeDTW-0-ClassifierFitPredict],sktime/classification/tests/test_all_classifiers.py::TestAllClassifiers::test_classifier_output[ShapeDTW-0-ClassifierFitPredict],call,0.26,141.11
before,17,test_multivariate_input_exception[ShapeDTW-0],sktime/classification/tests/test_all_classifiers.py::TestAllClassifiers::test_multivariate_input_exception[ShapeDTW-0],call,0.01,141.11
before,17,test_multivariate_input_exception[ShapeDTW-1],sktime/classification/tests/test_all_classifiers.py::TestAllClassifiers::test_multivariate_input_exception[ShapeDTW-1],call,0.01,141.11
before,17,test_handles_single_class[ShapeDTW-0],sktime/classification/tests/test_all_classifiers.py::TestAllClassifiers::test_handles_single_class[ShapeDTW-0],call,0.0,141.11
before,17,test_handles_single_class[ShapeDTW-1],sktime/classification/tests/test_all_classifiers.py::TestAllClassifiers::test_handles_single_class[ShapeDTW-1],call,0.0,141.11
before,17,test_multioutput[ShapeDTW-1],sktime/classification/tests/test_all_classifiers.py::TestAllClassifiers::test_multioutput[ShapeDTW-1],setup,0.0,141.11
before,17,test_classifier_output[ShapeDTW-0-ClassifierFitPredict],sktime/classification/tests/test_all_classifiers.py::TestAllClassifiers::test_classifier_output[ShapeDTW-0-ClassifierFitPredict],setup,0.0,141.11
before,17,test_multivariate_input_exception[ShapeDTW-0],sktime/classification/tests/test_all_classifiers.py::TestAllClassifiers::test_multivariate_input_exception[ShapeDTW-0],setup,0.0,141.11
before,17,test_multivariate_input_exception[ShapeDTW-1],sktime/classification/tests/test_all_classifiers.py::TestAllClassifiers::test_multivariate_input_exception[ShapeDTW-1],setup,0.0,141.11
before,17,test_multioutput[ShapeDTW-0],sktime/classification/tests/test_all_classifiers.py::TestAllClassifiers::test_multioutput[ShapeDTW-0],setup,0.0,141.11
before,17,test_handles_single_class[ShapeDTW-0],sktime/classification/tests/test_all_classifiers.py::TestAllClassifiers::test_handles_single_class[ShapeDTW-0],setup,0.0,141.11
before,17,test_classifier_output[ShapeDTW-1-ClassifierFitPredictThreeClasses],sktime/classification/tests/test_all_classifiers.py::TestAllClassifiers::test_classifier_output[ShapeDTW-1-ClassifierFitPredictThreeClasses],setup,0.0,141.11
before,17,test_classifier_output[ShapeDTW-0-ClassifierFitPredictThreeClasses],sktime/classification/tests/test_all_classifiers.py::TestAllClassifiers::test_classifier_output[ShapeDTW-0-ClassifierFitPredictThreeClasses],setup,0.0,141.11
before,17,test_classifier_output[ShapeDTW-1-ClassifierFitPredict],sktime/classification/tests/test_all_classifiers.py::TestAllClassifiers::test_classifier_output[ShapeDTW-1-ClassifierFitPredict],setup,0.0,141.11
before,17,test_handles_single_class[ShapeDTW-1],sktime/classification/tests/test_all_classifiers.py::TestAllClassifiers::test_handles_single_class[ShapeDTW-1],setup,0.0,141.11
before,17,test_classifier_on_unit_test_data[ShapeDTW],sktime/classification/tests/test_all_classifiers.py::TestAllClassifiers::test_classifier_on_unit_test_data[ShapeDTW],setup,0.0,141.11
before,17,test_classifier_output[ShapeDTW-1-ClassifierFitPredict],sktime/classification/tests/test_all_classifiers.py::TestAllClassifiers::test_classifier_output[ShapeDTW-1-ClassifierFitPredict],teardown,0.0,141.11
before,17,test_classifier_on_unit_test_data[ShapeDTW],sktime/classification/tests/test_all_classifiers.py::TestAllClassifiers::test_classifier_on_unit_test_data[ShapeDTW],teardown,0.0,141.11
before,17,test_classifier_on_basic_motions[ShapeDTW],sktime/classification/tests/test_all_classifiers.py::TestAllClassifiers::test_classifier_on_basic_motions[ShapeDTW],setup,0.0,141.11
before,17,test_multioutput[ShapeDTW-1],sktime/classification/tests/test_all_classifiers.py::TestAllClassifiers::test_multioutput[ShapeDTW-1],teardown,0.0,141.11
before,17,test_classifier_output[ShapeDTW-0-ClassifierFitPredictThreeClasses],sktime/classification/tests/test_all_classifiers.py::TestAllClassifiers::test_classifier_output[ShapeDTW-0-ClassifierFitPredictThreeClasses],teardown,0.0,141.11
before,17,test_classifier_output[ShapeDTW-0-ClassifierFitPredict],sktime/classification/tests/test_all_classifiers.py::TestAllClassifiers::test_classifier_output[ShapeDTW-0-ClassifierFitPredict],teardown,0.0,141.11
before,17,test_classifier_output[ShapeDTW-1-ClassifierFitPredictThreeClasses],sktime/classification/tests/test_all_classifiers.py::TestAllClassifiers::test_classifier_output[ShapeDTW-1-ClassifierFitPredictThreeClasses],teardown,0.0,141.11
before,17,test_multioutput[ShapeDTW-0],sktime/classification/tests/test_all_classifiers.py::TestAllClassifiers::test_multioutput[ShapeDTW-0],teardown,0.0,141.11
before,17,test_classifier_on_basic_motions[ShapeDTW],sktime/classification/tests/test_all_classifiers.py::TestAllClassifiers::test_classifier_on_basic_motions[ShapeDTW],teardown,0.0,141.11
before,17,test_multivariate_input_exception[ShapeDTW-0],sktime/classification/tests/test_all_classifiers.py::TestAllClassifiers::test_multivariate_input_exception[ShapeDTW-0],teardown,0.0,141.11
before,17,test_multivariate_input_exception[ShapeDTW-1],sktime/classification/tests/test_all_classifiers.py::TestAllClassifiers::test_multivariate_input_exception[ShapeDTW-1],teardown,0.0,141.11
before,17,test_handles_single_class[ShapeDTW-0],sktime/classification/tests/test_all_classifiers.py::TestAllClassifiers::test_handles_single_class[ShapeDTW-0],teardown,0.0,141.11
before,17,test_handles_single_class[ShapeDTW-1],sktime/classification/tests/test_all_classifiers.py::TestAllClassifiers::test_handles_single_class[ShapeDTW-1],teardown,0.0,141.11
before,17,test_classifier_on_basic_motions[ShapeDTW],sktime/classification/tests/test_all_classifiers.py::TestAllClassifiers::test_classifier_on_basic_motions[ShapeDTW],call,0.0,141.11
before,18,test_multioutput[ShapeDTW-1],sktime/classification/tests/test_all_classifiers.py::TestAllClassifiers::test_multioutput[ShapeDTW-1],call,74.61,140.67
before,18,test_classifier_output[ShapeDTW-1-ClassifierFitPredictThreeClasses],sktime/classification/tests/test_all_classifiers.py::TestAllClassifiers::test_classifier_output[ShapeDTW-1-ClassifierFitPredictThreeClasses],call,34.97,140.67
before,18,test_classifier_output[ShapeDTW-1-ClassifierFitPredict],sktime/classification/tests/test_all_classifiers.py::TestAllClassifiers::test_classifier_output[ShapeDTW-1-ClassifierFitPredict],call,23.68,140.67
before,18,test_classifier_on_unit_test_data[ShapeDTW],sktime/classification/tests/test_all_classifiers.py::TestAllClassifiers::test_classifier_on_unit_test_data[ShapeDTW],call,0.84,140.67
before,18,test_multioutput[ShapeDTW-0],sktime/classification/tests/test_all_classifiers.py::TestAllClassifiers::test_multioutput[ShapeDTW-0],call,0.76,140.67
before,18,test_classifier_output[ShapeDTW-0-ClassifierFitPredictThreeClasses],sktime/classification/tests/test_all_classifiers.py::TestAllClassifiers::test_classifier_output[ShapeDTW-0-ClassifierFitPredictThreeClasses],call,0.54,140.67
before,18,test_classifier_output[ShapeDTW-0-ClassifierFitPredict],sktime/classification/tests/test_all_classifiers.py::TestAllClassifiers::test_classifier_output[ShapeDTW-0-ClassifierFitPredict],call,0.25,140.67
before,18,test_multivariate_input_exception[ShapeDTW-1],sktime/classification/tests/test_all_classifiers.py::TestAllClassifiers::test_multivariate_input_exception[ShapeDTW-1],call,0.01,140.67
before,18,test_multivariate_input_exception[ShapeDTW-0],sktime/classification/tests/test_all_classifiers.py::TestAllClassifiers::test_multivariate_input_exception[ShapeDTW-0],call,0.01,140.67
before,18,test_handles_single_class[ShapeDTW-1],sktime/classification/tests/test_all_classifiers.py::TestAllClassifiers::test_handles_single_class[ShapeDTW-1],call,0.0,140.67
before,18,test_handles_single_class[ShapeDTW-0],sktime/classification/tests/test_all_classifiers.py::TestAllClassifiers::test_handles_single_class[ShapeDTW-0],call,0.0,140.67
before,18,test_classifier_on_unit_test_data[ShapeDTW],sktime/classification/tests/test_all_classifiers.py::TestAllClassifiers::test_classifier_on_unit_test_data[ShapeDTW],setup,0.0,140.67
before,18,test_classifier_output[ShapeDTW-1-ClassifierFitPredict],sktime/classification/tests/test_all_classifiers.py::TestAllClassifiers::test_classifier_output[ShapeDTW-1-ClassifierFitPredict],setup,0.0,140.67
before,18,test_classifier_output[ShapeDTW-1-ClassifierFitPredictThreeClasses],sktime/classification/tests/test_all_classifiers.py::TestAllClassifiers::test_classifier_output[ShapeDTW-1-ClassifierFitPredictThreeClasses],setup,0.0,140.67
before,18,test_handles_single_class[ShapeDTW-1],sktime/classification/tests/test_all_classifiers.py::TestAllClassifiers::test_handles_single_class[ShapeDTW-1],setup,0.0,140.67
before,18,test_multioutput[ShapeDTW-0],sktime/classification/tests/test_all_classifiers.py::TestAllClassifiers::test_multioutput[ShapeDTW-0],setup,0.0,140.67
before,18,test_multivariate_input_exception[ShapeDTW-1],sktime/classification/tests/test_all_classifiers.py::TestAllClassifiers::test_multivariate_input_exception[ShapeDTW-1],setup,0.0,140.67
before,18,test_multioutput[ShapeDTW-1],sktime/classification/tests/test_all_classifiers.py::TestAllClassifiers::test_multioutput[ShapeDTW-1],setup,0.0,140.67
before,18,test_classifier_output[ShapeDTW-0-ClassifierFitPredict],sktime/classification/tests/test_all_classifiers.py::TestAllClassifiers::test_classifier_output[ShapeDTW-0-ClassifierFitPredict],setup,0.0,140.67
before,18,test_classifier_output[ShapeDTW-0-ClassifierFitPredictThreeClasses],sktime/classification/tests/test_all_classifiers.py::TestAllClassifiers::test_classifier_output[ShapeDTW-0-ClassifierFitPredictThreeClasses],setup,0.0,140.67
before,18,test_handles_single_class[ShapeDTW-0],sktime/classification/tests/test_all_classifiers.py::TestAllClassifiers::test_handles_single_class[ShapeDTW-0],setup,0.0,140.67
before,18,test_multivariate_input_exception[ShapeDTW-0],sktime/classification/tests/test_all_classifiers.py::TestAllClassifiers::test_multivariate_input_exception[ShapeDTW-0],setup,0.0,140.67
before,18,test_classifier_output[ShapeDTW-1-ClassifierFitPredictThreeClasses],sktime/classification/tests/test_all_classifiers.py::TestAllClassifiers::test_classifier_output[ShapeDTW-1-ClassifierFitPredictThreeClasses],teardown,0.0,140.67
before,18,test_classifier_on_unit_test_data[ShapeDTW],sktime/classification/tests/test_all_classifiers.py::TestAllClassifiers::test_classifier_on_unit_test_data[ShapeDTW],teardown,0.0,140.67
before,18,test_classifier_output[ShapeDTW-1-ClassifierFitPredict],sktime/classification/tests/test_all_classifiers.py::TestAllClassifiers::test_classifier_output[ShapeDTW-1-ClassifierFitPredict],teardown,0.0,140.67
before,18,test_multioutput[ShapeDTW-1],sktime/classification/tests/test_all_classifiers.py::TestAllClassifiers::test_multioutput[ShapeDTW-1],teardown,0.0,140.67
before,18,test_classifier_output[ShapeDTW-0-ClassifierFitPredictThreeClasses],sktime/classification/tests/test_all_classifiers.py::TestAllClassifiers::test_classifier_output[ShapeDTW-0-ClassifierFitPredictThreeClasses],teardown,0.0,140.67
before,18,test_classifier_output[ShapeDTW-0-ClassifierFitPredict],sktime/classification/tests/test_all_classifiers.py::TestAllClassifiers::test_classifier_output[ShapeDTW-0-ClassifierFitPredict],teardown,0.0,140.67
before,18,test_multioutput[ShapeDTW-0],sktime/classification/tests/test_all_classifiers.py::TestAllClassifiers::test_multioutput[ShapeDTW-0],teardown,0.0,140.67
before,18,test_classifier_on_basic_motions[ShapeDTW],sktime/classification/tests/test_all_classifiers.py::TestAllClassifiers::test_classifier_on_basic_motions[ShapeDTW],setup,0.0,140.67
before,18,test_handles_single_class[ShapeDTW-1],sktime/classification/tests/test_all_classifiers.py::TestAllClassifiers::test_handles_single_class[ShapeDTW-1],teardown,0.0,140.67
before,18,test_multivariate_input_exception[ShapeDTW-0],sktime/classification/tests/test_all_classifiers.py::TestAllClassifiers::test_multivariate_input_exception[ShapeDTW-0],teardown,0.0,140.67
before,18,test_classifier_on_basic_motions[ShapeDTW],sktime/classification/tests/test_all_classifiers.py::TestAllClassifiers::test_classifier_on_basic_motions[ShapeDTW],call,0.0,140.67
before,18,test_handles_single_class[ShapeDTW-0],sktime/classification/tests/test_all_classifiers.py::TestAllClassifiers::test_handles_single_class[ShapeDTW-0],teardown,0.0,140.67
before,18,test_multivariate_input_exception[ShapeDTW-1],sktime/classification/tests/test_all_classifiers.py::TestAllClassifiers::test_multivariate_input_exception[ShapeDTW-1],teardown,0.0,140.67
before,18,test_classifier_on_basic_motions[ShapeDTW],sktime/classification/tests/test_all_classifiers.py::TestAllClassifiers::test_classifier_on_basic_motions[ShapeDTW],teardown,0.0,140.67
before,19,test_multioutput[ShapeDTW-1],sktime/classification/tests/test_all_classifiers.py::TestAllClassifiers::test_multioutput[ShapeDTW-1],call,74.56,139.81
before,19,test_classifier_output[ShapeDTW-1-ClassifierFitPredictThreeClasses],sktime/classification/tests/test_all_classifiers.py::TestAllClassifiers::test_classifier_output[ShapeDTW-1-ClassifierFitPredictThreeClasses],call,34.82,139.81
before,19,test_classifier_output[ShapeDTW-1-ClassifierFitPredict],sktime/classification/tests/test_all_classifiers.py::TestAllClassifiers::test_classifier_output[ShapeDTW-1-ClassifierFitPredict],call,23.41,139.81
before,19,test_multioutput[ShapeDTW-0],sktime/classification/tests/test_all_classifiers.py::TestAllClassifiers::test_multioutput[ShapeDTW-0],call,0.76,139.81
before,19,test_classifier_on_unit_test_data[ShapeDTW],sktime/classification/tests/test_all_classifiers.py::TestAllClassifiers::test_classifier_on_unit_test_data[ShapeDTW],call,0.72,139.81
before,19,test_classifier_output[ShapeDTW-0-ClassifierFitPredictThreeClasses],sktime/classification/tests/test_all_classifiers.py::TestAllClassifiers::test_classifier_output[ShapeDTW-0-ClassifierFitPredictThreeClasses],call,0.32,139.81
before,19,test_classifier_output[ShapeDTW-0-ClassifierFitPredict],sktime/classification/tests/test_all_classifiers.py::TestAllClassifiers::test_classifier_output[ShapeDTW-0-ClassifierFitPredict],call,0.26,139.81
before,19,test_multivariate_input_exception[ShapeDTW-1],sktime/classification/tests/test_all_classifiers.py::TestAllClassifiers::test_multivariate_input_exception[ShapeDTW-1],call,0.01,139.81
before,19,test_multivariate_input_exception[ShapeDTW-0],sktime/classification/tests/test_all_classifiers.py::TestAllClassifiers::test_multivariate_input_exception[ShapeDTW-0],call,0.01,139.81
before,19,test_handles_single_class[ShapeDTW-0],sktime/classification/tests/test_all_classifiers.py::TestAllClassifiers::test_handles_single_class[ShapeDTW-0],call,0.0,139.81
before,19,test_handles_single_class[ShapeDTW-1],sktime/classification/tests/test_all_classifiers.py::TestAllClassifiers::test_handles_single_class[ShapeDTW-1],call,0.0,139.81
before,19,test_classifier_on_basic_motions[ShapeDTW],sktime/classification/tests/test_all_classifiers.py::TestAllClassifiers::test_classifier_on_basic_motions[ShapeDTW],setup,0.0,139.81
before,19,test_multivariate_input_exception[ShapeDTW-1],sktime/classification/tests/test_all_classifiers.py::TestAllClassifiers::test_multivariate_input_exception[ShapeDTW-1],setup,0.0,139.81
before,19,test_classifier_output[ShapeDTW-0-ClassifierFitPredict],sktime/classification/tests/test_all_classifiers.py::TestAllClassifiers::test_classifier_output[ShapeDTW-0-ClassifierFitPredict],setup,0.0,139.81
before,19,test_handles_single_class[ShapeDTW-0],sktime/classification/tests/test_all_classifiers.py::TestAllClassifiers::test_handles_single_class[ShapeDTW-0],setup,0.0,139.81
before,19,test_multioutput[ShapeDTW-1],sktime/classification/tests/test_all_classifiers.py::TestAllClassifiers::test_multioutput[ShapeDTW-1],setup,0.0,139.81
before,19,test_handles_single_class[ShapeDTW-1],sktime/classification/tests/test_all_classifiers.py::TestAllClassifiers::test_handles_single_class[ShapeDTW-1],setup,0.0,139.81
before,19,test_classifier_output[ShapeDTW-1-ClassifierFitPredictThreeClasses],sktime/classification/tests/test_all_classifiers.py::TestAllClassifiers::test_classifier_output[ShapeDTW-1-ClassifierFitPredictThreeClasses],setup,0.0,139.81
before,19,test_classifier_output[ShapeDTW-0-ClassifierFitPredictThreeClasses],sktime/classification/tests/test_all_classifiers.py::TestAllClassifiers::test_classifier_output[ShapeDTW-0-ClassifierFitPredictThreeClasses],setup,0.0,139.81
before,19,test_classifier_output[ShapeDTW-1-ClassifierFitPredict],sktime/classification/tests/test_all_classifiers.py::TestAllClassifiers::test_classifier_output[ShapeDTW-1-ClassifierFitPredict],setup,0.0,139.81
before,19,test_multioutput[ShapeDTW-0],sktime/classification/tests/test_all_classifiers.py::TestAllClassifiers::test_multioutput[ShapeDTW-0],setup,0.0,139.81
before,19,test_multivariate_input_exception[ShapeDTW-0],sktime/classification/tests/test_all_classifiers.py::TestAllClassifiers::test_multivariate_input_exception[ShapeDTW-0],setup,0.0,139.81
before,19,test_classifier_on_unit_test_data[ShapeDTW],sktime/classification/tests/test_all_classifiers.py::TestAllClassifiers::test_classifier_on_unit_test_data[ShapeDTW],setup,0.0,139.81
before,19,test_multioutput[ShapeDTW-1],sktime/classification/tests/test_all_classifiers.py::TestAllClassifiers::test_multioutput[ShapeDTW-1],teardown,0.0,139.81
before,19,test_classifier_output[ShapeDTW-1-ClassifierFitPredict],sktime/classification/tests/test_all_classifiers.py::TestAllClassifiers::test_classifier_output[ShapeDTW-1-ClassifierFitPredict],teardown,0.0,139.81
before,19,test_classifier_output[ShapeDTW-0-ClassifierFitPredictThreeClasses],sktime/classification/tests/test_all_classifiers.py::TestAllClassifiers::test_classifier_output[ShapeDTW-0-ClassifierFitPredictThreeClasses],teardown,0.0,139.81
before,19,test_classifier_output[ShapeDTW-0-ClassifierFitPredict],sktime/classification/tests/test_all_classifiers.py::TestAllClassifiers::test_classifier_output[ShapeDTW-0-ClassifierFitPredict],teardown,0.0,139.81
before,19,test_multioutput[ShapeDTW-0],sktime/classification/tests/test_all_classifiers.py::TestAllClassifiers::test_multioutput[ShapeDTW-0],teardown,0.0,139.81
before,19,test_classifier_on_unit_test_data[ShapeDTW],sktime/classification/tests/test_all_classifiers.py::TestAllClassifiers::test_classifier_on_unit_test_data[ShapeDTW],teardown,0.0,139.81
before,19,test_classifier_output[ShapeDTW-1-ClassifierFitPredictThreeClasses],sktime/classification/tests/test_all_classifiers.py::TestAllClassifiers::test_classifier_output[ShapeDTW-1-ClassifierFitPredictThreeClasses],teardown,0.0,139.81
before,19,test_classifier_on_basic_motions[ShapeDTW],sktime/classification/tests/test_all_classifiers.py::TestAllClassifiers::test_classifier_on_basic_motions[ShapeDTW],call,0.0,139.81
before,19,test_classifier_on_basic_motions[ShapeDTW],sktime/classification/tests/test_all_classifiers.py::TestAllClassifiers::test_classifier_on_basic_motions[ShapeDTW],teardown,0.0,139.81
before,19,test_multivariate_input_exception[ShapeDTW-1],sktime/classification/tests/test_all_classifiers.py::TestAllClassifiers::test_multivariate_input_exception[ShapeDTW-1],teardown,0.0,139.81
before,19,test_handles_single_class[ShapeDTW-0],sktime/classification/tests/test_all_classifiers.py::TestAllClassifiers::test_handles_single_class[ShapeDTW-0],teardown,0.0,139.81
before,19,test_handles_single_class[ShapeDTW-1],sktime/classification/tests/test_all_classifiers.py::TestAllClassifiers::test_handles_single_class[ShapeDTW-1],teardown,0.0,139.81
before,19,test_multivariate_input_exception[ShapeDTW-0],sktime/classification/tests/test_all_classifiers.py::TestAllClassifiers::test_multivariate_input_exception[ShapeDTW-0],teardown,0.0,139.81
before,20,test_multioutput[ShapeDTW-1],sktime/classification/tests/test_all_classifiers.py::TestAllClassifiers::test_multioutput[ShapeDTW-1],call,75.68,141.88
before,20,test_classifier_output[ShapeDTW-1-ClassifierFitPredictThreeClasses],sktime/classification/tests/test_all_classifiers.py::TestAllClassifiers::test_classifier_output[ShapeDTW-1-ClassifierFitPredictThreeClasses],call,35.14,141.88
before,20,test_classifier_output[ShapeDTW-1-ClassifierFitPredict],sktime/classification/tests/test_all_classifiers.py::TestAllClassifiers::test_classifier_output[ShapeDTW-1-ClassifierFitPredict],call,23.97,141.88
before,20,test_multioutput[ShapeDTW-0],sktime/classification/tests/test_all_classifiers.py::TestAllClassifiers::test_multioutput[ShapeDTW-0],call,1.04,141.88
before,20,test_classifier_on_unit_test_data[ShapeDTW],sktime/classification/tests/test_all_classifiers.py::TestAllClassifiers::test_classifier_on_unit_test_data[ShapeDTW],call,0.47,141.88
before,20,test_classifier_output[ShapeDTW-0-ClassifierFitPredictThreeClasses],sktime/classification/tests/test_all_classifiers.py::TestAllClassifiers::test_classifier_output[ShapeDTW-0-ClassifierFitPredictThreeClasses],call,0.32,141.88
before,20,test_classifier_output[ShapeDTW-0-ClassifierFitPredict],sktime/classification/tests/test_all_classifiers.py::TestAllClassifiers::test_classifier_output[ShapeDTW-0-ClassifierFitPredict],call,0.25,141.88
before,20,test_multivariate_input_exception[ShapeDTW-1],sktime/classification/tests/test_all_classifiers.py::TestAllClassifiers::test_multivariate_input_exception[ShapeDTW-1],call,0.01,141.88
before,20,test_multivariate_input_exception[ShapeDTW-0],sktime/classification/tests/test_all_classifiers.py::TestAllClassifiers::test_multivariate_input_exception[ShapeDTW-0],call,0.01,141.88
before,20,test_handles_single_class[ShapeDTW-0],sktime/classification/tests/test_all_classifiers.py::TestAllClassifiers::test_handles_single_class[ShapeDTW-0],call,0.0,141.88
before,20,test_handles_single_class[ShapeDTW-1],sktime/classification/tests/test_all_classifiers.py::TestAllClassifiers::test_handles_single_class[ShapeDTW-1],call,0.0,141.88
before,20,test_multioutput[ShapeDTW-1],sktime/classification/tests/test_all_classifiers.py::TestAllClassifiers::test_multioutput[ShapeDTW-1],setup,0.0,141.88
before,20,test_classifier_output[ShapeDTW-0-ClassifierFitPredictThreeClasses],sktime/classification/tests/test_all_classifiers.py::TestAllClassifiers::test_classifier_output[ShapeDTW-0-ClassifierFitPredictThreeClasses],setup,0.0,141.88
before,20,test_multioutput[ShapeDTW-0],sktime/classification/tests/test_all_classifiers.py::TestAllClassifiers::test_multioutput[ShapeDTW-0],setup,0.0,141.88
before,20,test_multivariate_input_exception[ShapeDTW-0],sktime/classification/tests/test_all_classifiers.py::TestAllClassifiers::test_multivariate_input_exception[ShapeDTW-0],setup,0.0,141.88
before,20,test_handles_single_class[ShapeDTW-1],sktime/classification/tests/test_all_classifiers.py::TestAllClassifiers::test_handles_single_class[ShapeDTW-1],setup,0.0,141.88
before,20,test_multivariate_input_exception[ShapeDTW-1],sktime/classification/tests/test_all_classifiers.py::TestAllClassifiers::test_multivariate_input_exception[ShapeDTW-1],setup,0.0,141.88
before,20,test_handles_single_class[ShapeDTW-0],sktime/classification/tests/test_all_classifiers.py::TestAllClassifiers::test_handles_single_class[ShapeDTW-0],setup,0.0,141.88
before,20,test_classifier_output[ShapeDTW-1-ClassifierFitPredictThreeClasses],sktime/classification/tests/test_all_classifiers.py::TestAllClassifiers::test_classifier_output[ShapeDTW-1-ClassifierFitPredictThreeClasses],setup,0.0,141.88
before,20,test_classifier_output[ShapeDTW-1-ClassifierFitPredict],sktime/classification/tests/test_all_classifiers.py::TestAllClassifiers::test_classifier_output[ShapeDTW-1-ClassifierFitPredict],setup,0.0,141.88
before,20,test_classifier_output[ShapeDTW-0-ClassifierFitPredict],sktime/classification/tests/test_all_classifiers.py::TestAllClassifiers::test_classifier_output[ShapeDTW-0-ClassifierFitPredict],setup,0.0,141.88
before,20,test_classifier_on_basic_motions[ShapeDTW],sktime/classification/tests/test_all_classifiers.py::TestAllClassifiers::test_classifier_on_basic_motions[ShapeDTW],setup,0.0,141.88
before,20,test_classifier_output[ShapeDTW-1-ClassifierFitPredict],sktime/classification/tests/test_all_classifiers.py::TestAllClassifiers::test_classifier_output[ShapeDTW-1-ClassifierFitPredict],teardown,0.0,141.88
before,20,test_multioutput[ShapeDTW-0],sktime/classification/tests/test_all_classifiers.py::TestAllClassifiers::test_multioutput[ShapeDTW-0],teardown,0.0,141.88
before,20,test_multioutput[ShapeDTW-1],sktime/classification/tests/test_all_classifiers.py::TestAllClassifiers::test_multioutput[ShapeDTW-1],teardown,0.0,141.88
before,20,test_classifier_output[ShapeDTW-1-ClassifierFitPredictThreeClasses],sktime/classification/tests/test_all_classifiers.py::TestAllClassifiers::test_classifier_output[ShapeDTW-1-ClassifierFitPredictThreeClasses],teardown,0.0,141.88
before,20,test_classifier_on_unit_test_data[ShapeDTW],sktime/classification/tests/test_all_classifiers.py::TestAllClassifiers::test_classifier_on_unit_test_data[ShapeDTW],setup,0.0,141.88
before,20,test_classifier_output[ShapeDTW-0-ClassifierFitPredictThreeClasses],sktime/classification/tests/test_all_classifiers.py::TestAllClassifiers::test_classifier_output[ShapeDTW-0-ClassifierFitPredictThreeClasses],teardown,0.0,141.88
before,20,test_classifier_output[ShapeDTW-0-ClassifierFitPredict],sktime/classification/tests/test_all_classifiers.py::TestAllClassifiers::test_classifier_output[ShapeDTW-0-ClassifierFitPredict],teardown,0.0,141.88
before,20,test_classifier_on_unit_test_data[ShapeDTW],sktime/classification/tests/test_all_classifiers.py::TestAllClassifiers::test_classifier_on_unit_test_data[ShapeDTW],teardown,0.0,141.88
before,20,test_handles_single_class[ShapeDTW-0],sktime/classification/tests/test_all_classifiers.py::TestAllClassifiers::test_handles_single_class[ShapeDTW-0],teardown,0.0,141.88
before,20,test_classifier_on_basic_motions[ShapeDTW],sktime/classification/tests/test_all_classifiers.py::TestAllClassifiers::test_classifier_on_basic_motions[ShapeDTW],call,0.0,141.88
before,20,test_classifier_on_basic_motions[ShapeDTW],sktime/classification/tests/test_all_classifiers.py::TestAllClassifiers::test_classifier_on_basic_motions[ShapeDTW],teardown,0.0,141.88
before,20,test_handles_single_class[ShapeDTW-1],sktime/classification/tests/test_all_classifiers.py::TestAllClassifiers::test_handles_single_class[ShapeDTW-1],teardown,0.0,141.88
before,20,test_multivariate_input_exception[ShapeDTW-0],sktime/classification/tests/test_all_classifiers.py::TestAllClassifiers::test_multivariate_input_exception[ShapeDTW-0],teardown,0.0,141.88
before,20,test_multivariate_input_exception[ShapeDTW-1],sktime/classification/tests/test_all_classifiers.py::TestAllClassifiers::test_multivariate_input_exception[ShapeDTW-1],teardown,0.0,141.88
before,21,test_multioutput[ShapeDTW-1],sktime/classification/tests/test_all_classifiers.py::TestAllClassifiers::test_multioutput[ShapeDTW-1],call,74.49,139.54
before,21,test_classifier_output[ShapeDTW-1-ClassifierFitPredictThreeClasses],sktime/classification/tests/test_all_classifiers.py::TestAllClassifiers::test_classifier_output[ShapeDTW-1-ClassifierFitPredictThreeClasses],call,34.3,139.54
before,21,test_classifier_output[ShapeDTW-1-ClassifierFitPredict],sktime/classification/tests/test_all_classifiers.py::TestAllClassifiers::test_classifier_output[ShapeDTW-1-ClassifierFitPredict],call,23.56,139.54
before,21,test_multioutput[ShapeDTW-0],sktime/classification/tests/test_all_classifiers.py::TestAllClassifiers::test_multioutput[ShapeDTW-0],call,1.02,139.54
before,21,test_classifier_output[ShapeDTW-0-ClassifierFitPredictThreeClasses],sktime/classification/tests/test_all_classifiers.py::TestAllClassifiers::test_classifier_output[ShapeDTW-0-ClassifierFitPredictThreeClasses],call,0.54,139.54
before,21,test_classifier_on_unit_test_data[ShapeDTW],sktime/classification/tests/test_all_classifiers.py::TestAllClassifiers::test_classifier_on_unit_test_data[ShapeDTW],call,0.46,139.54
before,21,test_classifier_output[ShapeDTW-0-ClassifierFitPredict],sktime/classification/tests/test_all_classifiers.py::TestAllClassifiers::test_classifier_output[ShapeDTW-0-ClassifierFitPredict],call,0.25,139.54
before,21,test_multivariate_input_exception[ShapeDTW-0],sktime/classification/tests/test_all_classifiers.py::TestAllClassifiers::test_multivariate_input_exception[ShapeDTW-0],call,0.01,139.54
before,21,test_multivariate_input_exception[ShapeDTW-1],sktime/classification/tests/test_all_classifiers.py::TestAllClassifiers::test_multivariate_input_exception[ShapeDTW-1],call,0.01,139.54
before,21,test_handles_single_class[ShapeDTW-1],sktime/classification/tests/test_all_classifiers.py::TestAllClassifiers::test_handles_single_class[ShapeDTW-1],call,0.0,139.54
before,21,test_handles_single_class[ShapeDTW-0],sktime/classification/tests/test_all_classifiers.py::TestAllClassifiers::test_handles_single_class[ShapeDTW-0],call,0.0,139.54
before,21,test_multioutput[ShapeDTW-1],sktime/classification/tests/test_all_classifiers.py::TestAllClassifiers::test_multioutput[ShapeDTW-1],setup,0.0,139.54
before,21,test_classifier_output[ShapeDTW-0-ClassifierFitPredict],sktime/classification/tests/test_all_classifiers.py::TestAllClassifiers::test_classifier_output[ShapeDTW-0-ClassifierFitPredict],setup,0.0,139.54
before,21,test_multivariate_input_exception[ShapeDTW-0],sktime/classification/tests/test_all_classifiers.py::TestAllClassifiers::test_multivariate_input_exception[ShapeDTW-0],setup,0.0,139.54
before,21,test_classifier_output[ShapeDTW-1-ClassifierFitPredict],sktime/classification/tests/test_all_classifiers.py::TestAllClassifiers::test_classifier_output[ShapeDTW-1-ClassifierFitPredict],setup,0.0,139.54
before,21,test_handles_single_class[ShapeDTW-1],sktime/classification/tests/test_all_classifiers.py::TestAllClassifiers::test_handles_single_class[ShapeDTW-1],setup,0.0,139.54
before,21,test_multioutput[ShapeDTW-0],sktime/classification/tests/test_all_classifiers.py::TestAllClassifiers::test_multioutput[ShapeDTW-0],setup,0.0,139.54
before,21,test_multivariate_input_exception[ShapeDTW-1],sktime/classification/tests/test_all_classifiers.py::TestAllClassifiers::test_multivariate_input_exception[ShapeDTW-1],setup,0.0,139.54
before,21,test_classifier_output[ShapeDTW-1-ClassifierFitPredictThreeClasses],sktime/classification/tests/test_all_classifiers.py::TestAllClassifiers::test_classifier_output[ShapeDTW-1-ClassifierFitPredictThreeClasses],setup,0.0,139.54
before,21,test_classifier_output[ShapeDTW-0-ClassifierFitPredictThreeClasses],sktime/classification/tests/test_all_classifiers.py::TestAllClassifiers::test_classifier_output[ShapeDTW-0-ClassifierFitPredictThreeClasses],setup,0.0,139.54
before,21,test_handles_single_class[ShapeDTW-0],sktime/classification/tests/test_all_classifiers.py::TestAllClassifiers::test_handles_single_class[ShapeDTW-0],setup,0.0,139.54
before,21,test_classifier_output[ShapeDTW-0-ClassifierFitPredictThreeClasses],sktime/classification/tests/test_all_classifiers.py::TestAllClassifiers::test_classifier_output[ShapeDTW-0-ClassifierFitPredictThreeClasses],teardown,0.0,139.54
before,21,test_multioutput[ShapeDTW-1],sktime/classification/tests/test_all_classifiers.py::TestAllClassifiers::test_multioutput[ShapeDTW-1],teardown,0.0,139.54
before,21,test_classifier_output[ShapeDTW-1-ClassifierFitPredict],sktime/classification/tests/test_all_classifiers.py::TestAllClassifiers::test_classifier_output[ShapeDTW-1-ClassifierFitPredict],teardown,0.0,139.54
before,21,test_classifier_output[ShapeDTW-1-ClassifierFitPredictThreeClasses],sktime/classification/tests/test_all_classifiers.py::TestAllClassifiers::test_classifier_output[ShapeDTW-1-ClassifierFitPredictThreeClasses],teardown,0.0,139.54
before,21,test_classifier_output[ShapeDTW-0-ClassifierFitPredict],sktime/classification/tests/test_all_classifiers.py::TestAllClassifiers::test_classifier_output[ShapeDTW-0-ClassifierFitPredict],teardown,0.0,139.54
before,21,test_classifier_on_unit_test_data[ShapeDTW],sktime/classification/tests/test_all_classifiers.py::TestAllClassifiers::test_classifier_on_unit_test_data[ShapeDTW],teardown,0.0,139.54
before,21,test_multioutput[ShapeDTW-0],sktime/classification/tests/test_all_classifiers.py::TestAllClassifiers::test_multioutput[ShapeDTW-0],teardown,0.0,139.54
before,21,test_classifier_on_unit_test_data[ShapeDTW],sktime/classification/tests/test_all_classifiers.py::TestAllClassifiers::test_classifier_on_unit_test_data[ShapeDTW],setup,0.0,139.54
before,21,test_multivariate_input_exception[ShapeDTW-0],sktime/classification/tests/test_all_classifiers.py::TestAllClassifiers::test_multivariate_input_exception[ShapeDTW-0],teardown,0.0,139.54
before,21,test_classifier_on_basic_motions[ShapeDTW],sktime/classification/tests/test_all_classifiers.py::TestAllClassifiers::test_classifier_on_basic_motions[ShapeDTW],setup,0.0,139.54
before,21,test_classifier_on_basic_motions[ShapeDTW],sktime/classification/tests/test_all_classifiers.py::TestAllClassifiers::test_classifier_on_basic_motions[ShapeDTW],teardown,0.0,139.54
before,21,test_handles_single_class[ShapeDTW-1],sktime/classification/tests/test_all_classifiers.py::TestAllClassifiers::test_handles_single_class[ShapeDTW-1],teardown,0.0,139.54
before,21,test_handles_single_class[ShapeDTW-0],sktime/classification/tests/test_all_classifiers.py::TestAllClassifiers::test_handles_single_class[ShapeDTW-0],teardown,0.0,139.54
before,21,test_multivariate_input_exception[ShapeDTW-1],sktime/classification/tests/test_all_classifiers.py::TestAllClassifiers::test_multivariate_input_exception[ShapeDTW-1],teardown,0.0,139.54
before,21,test_classifier_on_basic_motions[ShapeDTW],sktime/classification/tests/test_all_classifiers.py::TestAllClassifiers::test_classifier_on_basic_motions[ShapeDTW],call,0.0,139.54
before,22,test_multioutput[ShapeDTW-1],sktime/classification/tests/test_all_classifiers.py::TestAllClassifiers::test_multioutput[ShapeDTW-1],call,74.82,140.72
before,22,test_classifier_output[ShapeDTW-1-ClassifierFitPredictThreeClasses],sktime/classification/tests/test_all_classifiers.py::TestAllClassifiers::test_classifier_output[ShapeDTW-1-ClassifierFitPredictThreeClasses],call,35.08,140.72
before,22,test_classifier_output[ShapeDTW-1-ClassifierFitPredict],sktime/classification/tests/test_all_classifiers.py::TestAllClassifiers::test_classifier_output[ShapeDTW-1-ClassifierFitPredict],call,23.58,140.72
before,22,test_multioutput[ShapeDTW-0],sktime/classification/tests/test_all_classifiers.py::TestAllClassifiers::test_multioutput[ShapeDTW-0],call,0.77,140.72
before,22,test_classifier_on_unit_test_data[ShapeDTW],sktime/classification/tests/test_all_classifiers.py::TestAllClassifiers::test_classifier_on_unit_test_data[ShapeDTW],call,0.68,140.72
before,22,test_classifier_output[ShapeDTW-0-ClassifierFitPredict],sktime/classification/tests/test_all_classifiers.py::TestAllClassifiers::test_classifier_output[ShapeDTW-0-ClassifierFitPredict],call,0.51,140.72
before,22,test_classifier_output[ShapeDTW-0-ClassifierFitPredictThreeClasses],sktime/classification/tests/test_all_classifiers.py::TestAllClassifiers::test_classifier_output[ShapeDTW-0-ClassifierFitPredictThreeClasses],call,0.32,140.72
before,22,test_multivariate_input_exception[ShapeDTW-1],sktime/classification/tests/test_all_classifiers.py::TestAllClassifiers::test_multivariate_input_exception[ShapeDTW-1],call,0.01,140.72
before,22,test_multivariate_input_exception[ShapeDTW-0],sktime/classification/tests/test_all_classifiers.py::TestAllClassifiers::test_multivariate_input_exception[ShapeDTW-0],call,0.01,140.72
before,22,test_handles_single_class[ShapeDTW-1],sktime/classification/tests/test_all_classifiers.py::TestAllClassifiers::test_handles_single_class[ShapeDTW-1],call,0.0,140.72
before,22,test_handles_single_class[ShapeDTW-0],sktime/classification/tests/test_all_classifiers.py::TestAllClassifiers::test_handles_single_class[ShapeDTW-0],call,0.0,140.72
before,22,test_classifier_output[ShapeDTW-1-ClassifierFitPredictThreeClasses],sktime/classification/tests/test_all_classifiers.py::TestAllClassifiers::test_classifier_output[ShapeDTW-1-ClassifierFitPredictThreeClasses],setup,0.0,140.72
before,22,test_classifier_output[ShapeDTW-1-ClassifierFitPredict],sktime/classification/tests/test_all_classifiers.py::TestAllClassifiers::test_classifier_output[ShapeDTW-1-ClassifierFitPredict],setup,0.0,140.72
before,22,test_classifier_output[ShapeDTW-0-ClassifierFitPredictThreeClasses],sktime/classification/tests/test_all_classifiers.py::TestAllClassifiers::test_classifier_output[ShapeDTW-0-ClassifierFitPredictThreeClasses],setup,0.0,140.72
before,22,test_multivariate_input_exception[ShapeDTW-1],sktime/classification/tests/test_all_classifiers.py::TestAllClassifiers::test_multivariate_input_exception[ShapeDTW-1],setup,0.0,140.72
before,22,test_multioutput[ShapeDTW-1],sktime/classification/tests/test_all_classifiers.py::TestAllClassifiers::test_multioutput[ShapeDTW-1],setup,0.0,140.72
before,22,test_multioutput[ShapeDTW-0],sktime/classification/tests/test_all_classifiers.py::TestAllClassifiers::test_multioutput[ShapeDTW-0],setup,0.0,140.72
before,22,test_classifier_output[ShapeDTW-0-ClassifierFitPredict],sktime/classification/tests/test_all_classifiers.py::TestAllClassifiers::test_classifier_output[ShapeDTW-0-ClassifierFitPredict],setup,0.0,140.72
before,22,test_multivariate_input_exception[ShapeDTW-0],sktime/classification/tests/test_all_classifiers.py::TestAllClassifiers::test_multivariate_input_exception[ShapeDTW-0],setup,0.0,140.72
before,22,test_handles_single_class[ShapeDTW-1],sktime/classification/tests/test_all_classifiers.py::TestAllClassifiers::test_handles_single_class[ShapeDTW-1],setup,0.0,140.72
before,22,test_handles_single_class[ShapeDTW-0],sktime/classification/tests/test_all_classifiers.py::TestAllClassifiers::test_handles_single_class[ShapeDTW-0],setup,0.0,140.72
before,22,test_classifier_on_unit_test_data[ShapeDTW],sktime/classification/tests/test_all_classifiers.py::TestAllClassifiers::test_classifier_on_unit_test_data[ShapeDTW],setup,0.0,140.72
before,22,test_classifier_output[ShapeDTW-1-ClassifierFitPredictThreeClasses],sktime/classification/tests/test_all_classifiers.py::TestAllClassifiers::test_classifier_output[ShapeDTW-1-ClassifierFitPredictThreeClasses],teardown,0.0,140.72
before,22,test_classifier_output[ShapeDTW-0-ClassifierFitPredictThreeClasses],sktime/classification/tests/test_all_classifiers.py::TestAllClassifiers::test_classifier_output[ShapeDTW-0-ClassifierFitPredictThreeClasses],teardown,0.0,140.72
before,22,test_multioutput[ShapeDTW-1],sktime/classification/tests/test_all_classifiers.py::TestAllClassifiers::test_multioutput[ShapeDTW-1],teardown,0.0,140.72
before,22,test_classifier_output[ShapeDTW-1-ClassifierFitPredict],sktime/classification/tests/test_all_classifiers.py::TestAllClassifiers::test_classifier_output[ShapeDTW-1-ClassifierFitPredict],teardown,0.0,140.72
before,22,test_classifier_output[ShapeDTW-0-ClassifierFitPredict],sktime/classification/tests/test_all_classifiers.py::TestAllClassifiers::test_classifier_output[ShapeDTW-0-ClassifierFitPredict],teardown,0.0,140.72
before,22,test_classifier_on_unit_test_data[ShapeDTW],sktime/classification/tests/test_all_classifiers.py::TestAllClassifiers::test_classifier_on_unit_test_data[ShapeDTW],teardown,0.0,140.72
before,22,test_multioutput[ShapeDTW-0],sktime/classification/tests/test_all_classifiers.py::TestAllClassifiers::test_multioutput[ShapeDTW-0],teardown,0.0,140.72
before,22,test_classifier_on_basic_motions[ShapeDTW],sktime/classification/tests/test_all_classifiers.py::TestAllClassifiers::test_classifier_on_basic_motions[ShapeDTW],setup,0.0,140.72
before,22,test_classifier_on_basic_motions[ShapeDTW],sktime/classification/tests/test_all_classifiers.py::TestAllClassifiers::test_classifier_on_basic_motions[ShapeDTW],call,0.0,140.72
before,22,test_multivariate_input_exception[ShapeDTW-1],sktime/classification/tests/test_all_classifiers.py::TestAllClassifiers::test_multivariate_input_exception[ShapeDTW-1],teardown,0.0,140.72
before,22,test_multivariate_input_exception[ShapeDTW-0],sktime/classification/tests/test_all_classifiers.py::TestAllClassifiers::test_multivariate_input_exception[ShapeDTW-0],teardown,0.0,140.72
before,22,test_classifier_on_basic_motions[ShapeDTW],sktime/classification/tests/test_all_classifiers.py::TestAllClassifiers::test_classifier_on_basic_motions[ShapeDTW],teardown,0.0,140.72
before,22,test_handles_single_class[ShapeDTW-1],sktime/classification/tests/test_all_classifiers.py::TestAllClassifiers::test_handles_single_class[ShapeDTW-1],teardown,0.0,140.72
before,22,test_handles_single_class[ShapeDTW-0],sktime/classification/tests/test_all_classifiers.py::TestAllClassifiers::test_handles_single_class[ShapeDTW-0],teardown,0.0,140.72
before,23,test_multioutput[ShapeDTW-1],sktime/classification/tests/test_all_classifiers.py::TestAllClassifiers::test_multioutput[ShapeDTW-1],call,74.02,138.94
before,23,test_classifier_output[ShapeDTW-1-ClassifierFitPredictThreeClasses],sktime/classification/tests/test_all_classifiers.py::TestAllClassifiers::test_classifier_output[ShapeDTW-1-ClassifierFitPredictThreeClasses],call,34.17,138.94
before,23,test_classifier_output[ShapeDTW-1-ClassifierFitPredict],sktime/classification/tests/test_all_classifiers.py::TestAllClassifiers::test_classifier_output[ShapeDTW-1-ClassifierFitPredict],call,23.44,138.94
before,23,test_multioutput[ShapeDTW-0],sktime/classification/tests/test_all_classifiers.py::TestAllClassifiers::test_multioutput[ShapeDTW-0],call,0.76,138.94
before,23,test_classifier_output[ShapeDTW-0-ClassifierFitPredictThreeClasses],sktime/classification/tests/test_all_classifiers.py::TestAllClassifiers::test_classifier_output[ShapeDTW-0-ClassifierFitPredictThreeClasses],call,0.68,138.94
before,23,test_classifier_on_unit_test_data[ShapeDTW],sktime/classification/tests/test_all_classifiers.py::TestAllClassifiers::test_classifier_on_unit_test_data[ShapeDTW],call,0.67,138.94
before,23,test_classifier_output[ShapeDTW-0-ClassifierFitPredict],sktime/classification/tests/test_all_classifiers.py::TestAllClassifiers::test_classifier_output[ShapeDTW-0-ClassifierFitPredict],call,0.25,138.94
before,23,test_multivariate_input_exception[ShapeDTW-0],sktime/classification/tests/test_all_classifiers.py::TestAllClassifiers::test_multivariate_input_exception[ShapeDTW-0],call,0.02,138.94
before,23,test_multivariate_input_exception[ShapeDTW-1],sktime/classification/tests/test_all_classifiers.py::TestAllClassifiers::test_multivariate_input_exception[ShapeDTW-1],call,0.01,138.94
before,23,test_handles_single_class[ShapeDTW-1],sktime/classification/tests/test_all_classifiers.py::TestAllClassifiers::test_handles_single_class[ShapeDTW-1],call,0.0,138.94
before,23,test_handles_single_class[ShapeDTW-0],sktime/classification/tests/test_all_classifiers.py::TestAllClassifiers::test_handles_single_class[ShapeDTW-0],call,0.0,138.94
before,23,test_multivariate_input_exception[ShapeDTW-0],sktime/classification/tests/test_all_classifiers.py::TestAllClassifiers::test_multivariate_input_exception[ShapeDTW-0],setup,0.0,138.94
before,23,test_classifier_output[ShapeDTW-1-ClassifierFitPredictThreeClasses],sktime/classification/tests/test_all_classifiers.py::TestAllClassifiers::test_classifier_output[ShapeDTW-1-ClassifierFitPredictThreeClasses],setup,0.0,138.94
before,23,test_classifier_output[ShapeDTW-1-ClassifierFitPredict],sktime/classification/tests/test_all_classifiers.py::TestAllClassifiers::test_classifier_output[ShapeDTW-1-ClassifierFitPredict],setup,0.0,138.94
before,23,test_multioutput[ShapeDTW-0],sktime/classification/tests/test_all_classifiers.py::TestAllClassifiers::test_multioutput[ShapeDTW-0],setup,0.0,138.94
before,23,test_multioutput[ShapeDTW-1],sktime/classification/tests/test_all_classifiers.py::TestAllClassifiers::test_multioutput[ShapeDTW-1],setup,0.0,138.94
before,23,test_classifier_output[ShapeDTW-0-ClassifierFitPredict],sktime/classification/tests/test_all_classifiers.py::TestAllClassifiers::test_classifier_output[ShapeDTW-0-ClassifierFitPredict],setup,0.0,138.94
before,23,test_handles_single_class[ShapeDTW-1],sktime/classification/tests/test_all_classifiers.py::TestAllClassifiers::test_handles_single_class[ShapeDTW-1],setup,0.0,138.94
before,23,test_multivariate_input_exception[ShapeDTW-1],sktime/classification/tests/test_all_classifiers.py::TestAllClassifiers::test_multivariate_input_exception[ShapeDTW-1],setup,0.0,138.94
before,23,test_handles_single_class[ShapeDTW-0],sktime/classification/tests/test_all_classifiers.py::TestAllClassifiers::test_handles_single_class[ShapeDTW-0],setup,0.0,138.94
before,23,test_classifier_output[ShapeDTW-0-ClassifierFitPredictThreeClasses],sktime/classification/tests/test_all_classifiers.py::TestAllClassifiers::test_classifier_output[ShapeDTW-0-ClassifierFitPredictThreeClasses],setup,0.0,138.94
before,23,test_classifier_on_basic_motions[ShapeDTW],sktime/classification/tests/test_all_classifiers.py::TestAllClassifiers::test_classifier_on_basic_motions[ShapeDTW],setup,0.0,138.94
before,23,test_multioutput[ShapeDTW-0],sktime/classification/tests/test_all_classifiers.py::TestAllClassifiers::test_multioutput[ShapeDTW-0],teardown,0.0,138.94
before,23,test_classifier_output[ShapeDTW-1-ClassifierFitPredict],sktime/classification/tests/test_all_classifiers.py::TestAllClassifiers::test_classifier_output[ShapeDTW-1-ClassifierFitPredict],teardown,0.0,138.94
before,23,test_classifier_output[ShapeDTW-0-ClassifierFitPredict],sktime/classification/tests/test_all_classifiers.py::TestAllClassifiers::test_classifier_output[ShapeDTW-0-ClassifierFitPredict],teardown,0.0,138.94
before,23,test_multioutput[ShapeDTW-1],sktime/classification/tests/test_all_classifiers.py::TestAllClassifiers::test_multioutput[ShapeDTW-1],teardown,0.0,138.94
before,23,test_classifier_on_unit_test_data[ShapeDTW],sktime/classification/tests/test_all_classifiers.py::TestAllClassifiers::test_classifier_on_unit_test_data[ShapeDTW],teardown,0.0,138.94
before,23,test_classifier_output[ShapeDTW-0-ClassifierFitPredictThreeClasses],sktime/classification/tests/test_all_classifiers.py::TestAllClassifiers::test_classifier_output[ShapeDTW-0-ClassifierFitPredictThreeClasses],teardown,0.0,138.94
before,23,test_classifier_output[ShapeDTW-1-ClassifierFitPredictThreeClasses],sktime/classification/tests/test_all_classifiers.py::TestAllClassifiers::test_classifier_output[ShapeDTW-1-ClassifierFitPredictThreeClasses],teardown,0.0,138.94
before,23,test_classifier_on_unit_test_data[ShapeDTW],sktime/classification/tests/test_all_classifiers.py::TestAllClassifiers::test_classifier_on_unit_test_data[ShapeDTW],setup,0.0,138.94
before,23,test_multivariate_input_exception[ShapeDTW-0],sktime/classification/tests/test_all_classifiers.py::TestAllClassifiers::test_multivariate_input_exception[ShapeDTW-0],teardown,0.0,138.94
before,23,test_classifier_on_basic_motions[ShapeDTW],sktime/classification/tests/test_all_classifiers.py::TestAllClassifiers::test_classifier_on_basic_motions[ShapeDTW],call,0.0,138.94
before,23,test_classifier_on_basic_motions[ShapeDTW],sktime/classification/tests/test_all_classifiers.py::TestAllClassifiers::test_classifier_on_basic_motions[ShapeDTW],teardown,0.0,138.94
before,23,test_handles_single_class[ShapeDTW-0],sktime/classification/tests/test_all_classifiers.py::TestAllClassifiers::test_handles_single_class[ShapeDTW-0],teardown,0.0,138.94
before,23,test_multivariate_input_exception[ShapeDTW-1],sktime/classification/tests/test_all_classifiers.py::TestAllClassifiers::test_multivariate_input_exception[ShapeDTW-1],teardown,0.0,138.94
before,23,test_handles_single_class[ShapeDTW-1],sktime/classification/tests/test_all_classifiers.py::TestAllClassifiers::test_handles_single_class[ShapeDTW-1],teardown,0.0,138.94
before,24,test_multioutput[ShapeDTW-1],sktime/classification/tests/test_all_classifiers.py::TestAllClassifiers::test_multioutput[ShapeDTW-1],call,74.15,139.31
before,24,test_classifier_output[ShapeDTW-1-ClassifierFitPredictThreeClasses],sktime/classification/tests/test_all_classifiers.py::TestAllClassifiers::test_classifier_output[ShapeDTW-1-ClassifierFitPredictThreeClasses],call,34.45,139.31
before,24,test_classifier_output[ShapeDTW-1-ClassifierFitPredict],sktime/classification/tests/test_all_classifiers.py::TestAllClassifiers::test_classifier_output[ShapeDTW-1-ClassifierFitPredict],call,23.62,139.31
before,24,test_multioutput[ShapeDTW-0],sktime/classification/tests/test_all_classifiers.py::TestAllClassifiers::test_multioutput[ShapeDTW-0],call,0.76,139.31
before,24,test_classifier_output[ShapeDTW-0-ClassifierFitPredictThreeClasses],sktime/classification/tests/test_all_classifiers.py::TestAllClassifiers::test_classifier_output[ShapeDTW-0-ClassifierFitPredictThreeClasses],call,0.69,139.31
before,24,test_classifier_on_unit_test_data[ShapeDTW],sktime/classification/tests/test_all_classifiers.py::TestAllClassifiers::test_classifier_on_unit_test_data[ShapeDTW],call,0.45,139.31
before,24,test_classifier_output[ShapeDTW-0-ClassifierFitPredict],sktime/classification/tests/test_all_classifiers.py::TestAllClassifiers::test_classifier_output[ShapeDTW-0-ClassifierFitPredict],call,0.25,139.31
before,24,test_multivariate_input_exception[ShapeDTW-1],sktime/classification/tests/test_all_classifiers.py::TestAllClassifiers::test_multivariate_input_exception[ShapeDTW-1],call,0.01,139.31
before,24,test_multivariate_input_exception[ShapeDTW-0],sktime/classification/tests/test_all_classifiers.py::TestAllClassifiers::test_multivariate_input_exception[ShapeDTW-0],call,0.01,139.31
before,24,test_handles_single_class[ShapeDTW-1],sktime/classification/tests/test_all_classifiers.py::TestAllClassifiers::test_handles_single_class[ShapeDTW-1],call,0.0,139.31
before,24,test_handles_single_class[ShapeDTW-0],sktime/classification/tests/test_all_classifiers.py::TestAllClassifiers::test_handles_single_class[ShapeDTW-0],call,0.0,139.31
before,24,test_classifier_output[ShapeDTW-0-ClassifierFitPredictThreeClasses],sktime/classification/tests/test_all_classifiers.py::TestAllClassifiers::test_classifier_output[ShapeDTW-0-ClassifierFitPredictThreeClasses],setup,0.0,139.31
before,24,test_classifier_output[ShapeDTW-1-ClassifierFitPredictThreeClasses],sktime/classification/tests/test_all_classifiers.py::TestAllClassifiers::test_classifier_output[ShapeDTW-1-ClassifierFitPredictThreeClasses],setup,0.0,139.31
before,24,test_multioutput[ShapeDTW-1],sktime/classification/tests/test_all_classifiers.py::TestAllClassifiers::test_multioutput[ShapeDTW-1],setup,0.0,139.31
before,24,test_classifier_output[ShapeDTW-0-ClassifierFitPredict],sktime/classification/tests/test_all_classifiers.py::TestAllClassifiers::test_classifier_output[ShapeDTW-0-ClassifierFitPredict],setup,0.0,139.31
before,24,test_multivariate_input_exception[ShapeDTW-1],sktime/classification/tests/test_all_classifiers.py::TestAllClassifiers::test_multivariate_input_exception[ShapeDTW-1],setup,0.0,139.31
before,24,test_handles_single_class[ShapeDTW-1],sktime/classification/tests/test_all_classifiers.py::TestAllClassifiers::test_handles_single_class[ShapeDTW-1],setup,0.0,139.31
before,24,test_handles_single_class[ShapeDTW-0],sktime/classification/tests/test_all_classifiers.py::TestAllClassifiers::test_handles_single_class[ShapeDTW-0],setup,0.0,139.31
before,24,test_classifier_output[ShapeDTW-1-ClassifierFitPredict],sktime/classification/tests/test_all_classifiers.py::TestAllClassifiers::test_classifier_output[ShapeDTW-1-ClassifierFitPredict],setup,0.0,139.31
before,24,test_multivariate_input_exception[ShapeDTW-0],sktime/classification/tests/test_all_classifiers.py::TestAllClassifiers::test_multivariate_input_exception[ShapeDTW-0],setup,0.0,139.31
before,24,test_multioutput[ShapeDTW-0],sktime/classification/tests/test_all_classifiers.py::TestAllClassifiers::test_multioutput[ShapeDTW-0],setup,0.0,139.31
before,24,test_classifier_output[ShapeDTW-0-ClassifierFitPredictThreeClasses],sktime/classification/tests/test_all_classifiers.py::TestAllClassifiers::test_classifier_output[ShapeDTW-0-ClassifierFitPredictThreeClasses],teardown,0.0,139.31
before,24,test_classifier_output[ShapeDTW-1-ClassifierFitPredict],sktime/classification/tests/test_all_classifiers.py::TestAllClassifiers::test_classifier_output[ShapeDTW-1-ClassifierFitPredict],teardown,0.0,139.31
before,24,test_multioutput[ShapeDTW-1],sktime/classification/tests/test_all_classifiers.py::TestAllClassifiers::test_multioutput[ShapeDTW-1],teardown,0.0,139.31
before,24,test_classifier_output[ShapeDTW-0-ClassifierFitPredict],sktime/classification/tests/test_all_classifiers.py::TestAllClassifiers::test_classifier_output[ShapeDTW-0-ClassifierFitPredict],teardown,0.0,139.31
before,24,test_classifier_output[ShapeDTW-1-ClassifierFitPredictThreeClasses],sktime/classification/tests/test_all_classifiers.py::TestAllClassifiers::test_classifier_output[ShapeDTW-1-ClassifierFitPredictThreeClasses],teardown,0.0,139.31
before,24,test_classifier_on_unit_test_data[ShapeDTW],sktime/classification/tests/test_all_classifiers.py::TestAllClassifiers::test_classifier_on_unit_test_data[ShapeDTW],setup,0.0,139.31
before,24,test_multioutput[ShapeDTW-0],sktime/classification/tests/test_all_classifiers.py::TestAllClassifiers::test_multioutput[ShapeDTW-0],teardown,0.0,139.31
before,24,test_classifier_on_unit_test_data[ShapeDTW],sktime/classification/tests/test_all_classifiers.py::TestAllClassifiers::test_classifier_on_unit_test_data[ShapeDTW],teardown,0.0,139.31
before,24,test_classifier_on_basic_motions[ShapeDTW],sktime/classification/tests/test_all_classifiers.py::TestAllClassifiers::test_classifier_on_basic_motions[ShapeDTW],setup,0.0,139.31
before,24,test_classifier_on_basic_motions[ShapeDTW],sktime/classification/tests/test_all_classifiers.py::TestAllClassifiers::test_classifier_on_basic_motions[ShapeDTW],call,0.0,139.31
before,24,test_multivariate_input_exception[ShapeDTW-1],sktime/classification/tests/test_all_classifiers.py::TestAllClassifiers::test_multivariate_input_exception[ShapeDTW-1],teardown,0.0,139.31
before,24,test_classifier_on_basic_motions[ShapeDTW],sktime/classification/tests/test_all_classifiers.py::TestAllClassifiers::test_classifier_on_basic_motions[ShapeDTW],teardown,0.0,139.31
before,24,test_handles_single_class[ShapeDTW-1],sktime/classification/tests/test_all_classifiers.py::TestAllClassifiers::test_handles_single_class[ShapeDTW-1],teardown,0.0,139.31
before,24,test_handles_single_class[ShapeDTW-0],sktime/classification/tests/test_all_classifiers.py::TestAllClassifiers::test_handles_single_class[ShapeDTW-0],teardown,0.0,139.31
before,24,test_multivariate_input_exception[ShapeDTW-0],sktime/classification/tests/test_all_classifiers.py::TestAllClassifiers::test_multivariate_input_exception[ShapeDTW-0],teardown,0.0,139.31
before,25,test_multioutput[ShapeDTW-1],sktime/classification/tests/test_all_classifiers.py::TestAllClassifiers::test_multioutput[ShapeDTW-1],call,73.45,137.98
before,25,test_classifier_output[ShapeDTW-1-ClassifierFitPredictThreeClasses],sktime/classification/tests/test_all_classifiers.py::TestAllClassifiers::test_classifier_output[ShapeDTW-1-ClassifierFitPredictThreeClasses],call,34.36,137.98
before,25,test_classifier_output[ShapeDTW-1-ClassifierFitPredict],sktime/classification/tests/test_all_classifiers.py::TestAllClassifiers::test_classifier_output[ShapeDTW-1-ClassifierFitPredict],call,23.2,137.98
before,25,test_multioutput[ShapeDTW-0],sktime/classification/tests/test_all_classifiers.py::TestAllClassifiers::test_multioutput[ShapeDTW-0],call,0.75,137.98
before,25,test_classifier_on_unit_test_data[ShapeDTW],sktime/classification/tests/test_all_classifiers.py::TestAllClassifiers::test_classifier_on_unit_test_data[ShapeDTW],call,0.7,137.98
before,25,test_classifier_output[ShapeDTW-0-ClassifierFitPredictThreeClasses],sktime/classification/tests/test_all_classifiers.py::TestAllClassifiers::test_classifier_output[ShapeDTW-0-ClassifierFitPredictThreeClasses],call,0.31,137.98
before,25,test_classifier_output[ShapeDTW-0-ClassifierFitPredict],sktime/classification/tests/test_all_classifiers.py::TestAllClassifiers::test_classifier_output[ShapeDTW-0-ClassifierFitPredict],call,0.24,137.98
before,25,test_multivariate_input_exception[ShapeDTW-1],sktime/classification/tests/test_all_classifiers.py::TestAllClassifiers::test_multivariate_input_exception[ShapeDTW-1],call,0.01,137.98
before,25,test_multivariate_input_exception[ShapeDTW-0],sktime/classification/tests/test_all_classifiers.py::TestAllClassifiers::test_multivariate_input_exception[ShapeDTW-0],call,0.01,137.98
before,25,test_handles_single_class[ShapeDTW-0],sktime/classification/tests/test_all_classifiers.py::TestAllClassifiers::test_handles_single_class[ShapeDTW-0],call,0.0,137.98
before,25,test_handles_single_class[ShapeDTW-1],sktime/classification/tests/test_all_classifiers.py::TestAllClassifiers::test_handles_single_class[ShapeDTW-1],call,0.0,137.98
before,25,test_classifier_output[ShapeDTW-1-ClassifierFitPredictThreeClasses],sktime/classification/tests/test_all_classifiers.py::TestAllClassifiers::test_classifier_output[ShapeDTW-1-ClassifierFitPredictThreeClasses],setup,0.0,137.98
before,25,test_classifier_output[ShapeDTW-1-ClassifierFitPredict],sktime/classification/tests/test_all_classifiers.py::TestAllClassifiers::test_classifier_output[ShapeDTW-1-ClassifierFitPredict],setup,0.0,137.98
before,25,test_handles_single_class[ShapeDTW-0],sktime/classification/tests/test_all_classifiers.py::TestAllClassifiers::test_handles_single_class[ShapeDTW-0],setup,0.0,137.98
before,25,test_multioutput[ShapeDTW-0],sktime/classification/tests/test_all_classifiers.py::TestAllClassifiers::test_multioutput[ShapeDTW-0],setup,0.0,137.98
before,25,test_multioutput[ShapeDTW-1],sktime/classification/tests/test_all_classifiers.py::TestAllClassifiers::test_multioutput[ShapeDTW-1],setup,0.0,137.98
before,25,test_multivariate_input_exception[ShapeDTW-1],sktime/classification/tests/test_all_classifiers.py::TestAllClassifiers::test_multivariate_input_exception[ShapeDTW-1],setup,0.0,137.98
before,25,test_classifier_output[ShapeDTW-0-ClassifierFitPredictThreeClasses],sktime/classification/tests/test_all_classifiers.py::TestAllClassifiers::test_classifier_output[ShapeDTW-0-ClassifierFitPredictThreeClasses],setup,0.0,137.98
before,25,test_classifier_output[ShapeDTW-0-ClassifierFitPredict],sktime/classification/tests/test_all_classifiers.py::TestAllClassifiers::test_classifier_output[ShapeDTW-0-ClassifierFitPredict],setup,0.0,137.98
before,25,test_handles_single_class[ShapeDTW-1],sktime/classification/tests/test_all_classifiers.py::TestAllClassifiers::test_handles_single_class[ShapeDTW-1],setup,0.0,137.98
before,25,test_multivariate_input_exception[ShapeDTW-0],sktime/classification/tests/test_all_classifiers.py::TestAllClassifiers::test_multivariate_input_exception[ShapeDTW-0],setup,0.0,137.98
before,25,test_classifier_on_unit_test_data[ShapeDTW],sktime/classification/tests/test_all_classifiers.py::TestAllClassifiers::test_classifier_on_unit_test_data[ShapeDTW],setup,0.0,137.98
before,25,test_classifier_output[ShapeDTW-1-ClassifierFitPredictThreeClasses],sktime/classification/tests/test_all_classifiers.py::TestAllClassifiers::test_classifier_output[ShapeDTW-1-ClassifierFitPredictThreeClasses],teardown,0.0,137.98
before,25,test_multioutput[ShapeDTW-1],sktime/classification/tests/test_all_classifiers.py::TestAllClassifiers::test_multioutput[ShapeDTW-1],teardown,0.0,137.98
before,25,test_classifier_output[ShapeDTW-1-ClassifierFitPredict],sktime/classification/tests/test_all_classifiers.py::TestAllClassifiers::test_classifier_output[ShapeDTW-1-ClassifierFitPredict],teardown,0.0,137.98
before,25,test_classifier_output[ShapeDTW-0-ClassifierFitPredictThreeClasses],sktime/classification/tests/test_all_classifiers.py::TestAllClassifiers::test_classifier_output[ShapeDTW-0-ClassifierFitPredictThreeClasses],teardown,0.0,137.98
before,25,test_classifier_output[ShapeDTW-0-ClassifierFitPredict],sktime/classification/tests/test_all_classifiers.py::TestAllClassifiers::test_classifier_output[ShapeDTW-0-ClassifierFitPredict],teardown,0.0,137.98
before,25,test_classifier_on_unit_test_data[ShapeDTW],sktime/classification/tests/test_all_classifiers.py::TestAllClassifiers::test_classifier_on_unit_test_data[ShapeDTW],teardown,0.0,137.98
before,25,test_multioutput[ShapeDTW-0],sktime/classification/tests/test_all_classifiers.py::TestAllClassifiers::test_multioutput[ShapeDTW-0],teardown,0.0,137.98
before,25,test_classifier_on_basic_motions[ShapeDTW],sktime/classification/tests/test_all_classifiers.py::TestAllClassifiers::test_classifier_on_basic_motions[ShapeDTW],setup,0.0,137.98
before,25,test_classifier_on_basic_motions[ShapeDTW],sktime/classification/tests/test_all_classifiers.py::TestAllClassifiers::test_classifier_on_basic_motions[ShapeDTW],teardown,0.0,137.98
before,25,test_multivariate_input_exception[ShapeDTW-1],sktime/classification/tests/test_all_classifiers.py::TestAllClassifiers::test_multivariate_input_exception[ShapeDTW-1],teardown,0.0,137.98
before,25,test_classifier_on_basic_motions[ShapeDTW],sktime/classification/tests/test_all_classifiers.py::TestAllClassifiers::test_classifier_on_basic_motions[ShapeDTW],call,0.0,137.98
before,25,test_handles_single_class[ShapeDTW-0],sktime/classification/tests/test_all_classifiers.py::TestAllClassifiers::test_handles_single_class[ShapeDTW-0],teardown,0.0,137.98
before,25,test_multivariate_input_exception[ShapeDTW-0],sktime/classification/tests/test_all_classifiers.py::TestAllClassifiers::test_multivariate_input_exception[ShapeDTW-0],teardown,0.0,137.98
before,25,test_handles_single_class[ShapeDTW-1],sktime/classification/tests/test_all_classifiers.py::TestAllClassifiers::test_handles_single_class[ShapeDTW-1],teardown,0.0,137.98
before,26,test_multioutput[ShapeDTW-1],sktime/classification/tests/test_all_classifiers.py::TestAllClassifiers::test_multioutput[ShapeDTW-1],call,74.32,139.47
before,26,test_classifier_output[ShapeDTW-1-ClassifierFitPredictThreeClasses],sktime/classification/tests/test_all_classifiers.py::TestAllClassifiers::test_classifier_output[ShapeDTW-1-ClassifierFitPredictThreeClasses],call,34.39,139.47
before,26,test_classifier_output[ShapeDTW-1-ClassifierFitPredict],sktime/classification/tests/test_all_classifiers.py::TestAllClassifiers::test_classifier_output[ShapeDTW-1-ClassifierFitPredict],call,23.24,139.47
before,26,test_multioutput[ShapeDTW-0],sktime/classification/tests/test_all_classifiers.py::TestAllClassifiers::test_multioutput[ShapeDTW-0],call,1.12,139.47
before,26,test_classifier_on_unit_test_data[ShapeDTW],sktime/classification/tests/test_all_classifiers.py::TestAllClassifiers::test_classifier_on_unit_test_data[ShapeDTW],call,0.68,139.47
before,26,test_classifier_output[ShapeDTW-0-ClassifierFitPredict],sktime/classification/tests/test_all_classifiers.py::TestAllClassifiers::test_classifier_output[ShapeDTW-0-ClassifierFitPredict],call,0.47,139.47
before,26,test_classifier_output[ShapeDTW-0-ClassifierFitPredictThreeClasses],sktime/classification/tests/test_all_classifiers.py::TestAllClassifiers::test_classifier_output[ShapeDTW-0-ClassifierFitPredictThreeClasses],call,0.31,139.47
before,26,test_multivariate_input_exception[ShapeDTW-0],sktime/classification/tests/test_all_classifiers.py::TestAllClassifiers::test_multivariate_input_exception[ShapeDTW-0],call,0.01,139.47
before,26,test_multivariate_input_exception[ShapeDTW-1],sktime/classification/tests/test_all_classifiers.py::TestAllClassifiers::test_multivariate_input_exception[ShapeDTW-1],call,0.01,139.47
before,26,test_handles_single_class[ShapeDTW-1],sktime/classification/tests/test_all_classifiers.py::TestAllClassifiers::test_handles_single_class[ShapeDTW-1],call,0.0,139.47
before,26,test_handles_single_class[ShapeDTW-0],sktime/classification/tests/test_all_classifiers.py::TestAllClassifiers::test_handles_single_class[ShapeDTW-0],call,0.0,139.47
before,26,test_multioutput[ShapeDTW-0],sktime/classification/tests/test_all_classifiers.py::TestAllClassifiers::test_multioutput[ShapeDTW-0],setup,0.0,139.47
before,26,test_classifier_output[ShapeDTW-0-ClassifierFitPredict],sktime/classification/tests/test_all_classifiers.py::TestAllClassifiers::test_classifier_output[ShapeDTW-0-ClassifierFitPredict],setup,0.0,139.47
before,26,test_classifier_output[ShapeDTW-1-ClassifierFitPredictThreeClasses],sktime/classification/tests/test_all_classifiers.py::TestAllClassifiers::test_classifier_output[ShapeDTW-1-ClassifierFitPredictThreeClasses],setup,0.0,139.47
before,26,test_classifier_output[ShapeDTW-1-ClassifierFitPredict],sktime/classification/tests/test_all_classifiers.py::TestAllClassifiers::test_classifier_output[ShapeDTW-1-ClassifierFitPredict],setup,0.0,139.47
before,26,test_multioutput[ShapeDTW-1],sktime/classification/tests/test_all_classifiers.py::TestAllClassifiers::test_multioutput[ShapeDTW-1],setup,0.0,139.47
before,26,test_multivariate_input_exception[ShapeDTW-0],sktime/classification/tests/test_all_classifiers.py::TestAllClassifiers::test_multivariate_input_exception[ShapeDTW-0],setup,0.0,139.47
before,26,test_classifier_output[ShapeDTW-0-ClassifierFitPredictThreeClasses],sktime/classification/tests/test_all_classifiers.py::TestAllClassifiers::test_classifier_output[ShapeDTW-0-ClassifierFitPredictThreeClasses],setup,0.0,139.47
before,26,test_handles_single_class[ShapeDTW-1],sktime/classification/tests/test_all_classifiers.py::TestAllClassifiers::test_handles_single_class[ShapeDTW-1],setup,0.0,139.47
before,26,test_multivariate_input_exception[ShapeDTW-1],sktime/classification/tests/test_all_classifiers.py::TestAllClassifiers::test_multivariate_input_exception[ShapeDTW-1],setup,0.0,139.47
before,26,test_handles_single_class[ShapeDTW-0],sktime/classification/tests/test_all_classifiers.py::TestAllClassifiers::test_handles_single_class[ShapeDTW-0],setup,0.0,139.47
before,26,test_classifier_on_unit_test_data[ShapeDTW],sktime/classification/tests/test_all_classifiers.py::TestAllClassifiers::test_classifier_on_unit_test_data[ShapeDTW],setup,0.0,139.47
before,26,test_multioutput[ShapeDTW-1],sktime/classification/tests/test_all_classifiers.py::TestAllClassifiers::test_multioutput[ShapeDTW-1],teardown,0.0,139.47
before,26,test_classifier_on_basic_motions[ShapeDTW],sktime/classification/tests/test_all_classifiers.py::TestAllClassifiers::test_classifier_on_basic_motions[ShapeDTW],setup,0.0,139.47
before,26,test_classifier_on_unit_test_data[ShapeDTW],sktime/classification/tests/test_all_classifiers.py::TestAllClassifiers::test_classifier_on_unit_test_data[ShapeDTW],teardown,0.0,139.47
before,26,test_classifier_output[ShapeDTW-0-ClassifierFitPredictThreeClasses],sktime/classification/tests/test_all_classifiers.py::TestAllClassifiers::test_classifier_output[ShapeDTW-0-ClassifierFitPredictThreeClasses],teardown,0.0,139.47
before,26,test_classifier_output[ShapeDTW-1-ClassifierFitPredict],sktime/classification/tests/test_all_classifiers.py::TestAllClassifiers::test_classifier_output[ShapeDTW-1-ClassifierFitPredict],teardown,0.0,139.47
before,26,test_classifier_output[ShapeDTW-0-ClassifierFitPredict],sktime/classification/tests/test_all_classifiers.py::TestAllClassifiers::test_classifier_output[ShapeDTW-0-ClassifierFitPredict],teardown,0.0,139.47
before,26,test_multioutput[ShapeDTW-0],sktime/classification/tests/test_all_classifiers.py::TestAllClassifiers::test_multioutput[ShapeDTW-0],teardown,0.0,139.47
before,26,test_classifier_output[ShapeDTW-1-ClassifierFitPredictThreeClasses],sktime/classification/tests/test_all_classifiers.py::TestAllClassifiers::test_classifier_output[ShapeDTW-1-ClassifierFitPredictThreeClasses],teardown,0.0,139.47
before,26,test_multivariate_input_exception[ShapeDTW-0],sktime/classification/tests/test_all_classifiers.py::TestAllClassifiers::test_multivariate_input_exception[ShapeDTW-0],teardown,0.0,139.47
before,26,test_classifier_on_basic_motions[ShapeDTW],sktime/classification/tests/test_all_classifiers.py::TestAllClassifiers::test_classifier_on_basic_motions[ShapeDTW],call,0.0,139.47
before,26,test_classifier_on_basic_motions[ShapeDTW],sktime/classification/tests/test_all_classifiers.py::TestAllClassifiers::test_classifier_on_basic_motions[ShapeDTW],teardown,0.0,139.47
before,26,test_multivariate_input_exception[ShapeDTW-1],sktime/classification/tests/test_all_classifiers.py::TestAllClassifiers::test_multivariate_input_exception[ShapeDTW-1],teardown,0.0,139.47
before,26,test_handles_single_class[ShapeDTW-1],sktime/classification/tests/test_all_classifiers.py::TestAllClassifiers::test_handles_single_class[ShapeDTW-1],teardown,0.0,139.47
before,26,test_handles_single_class[ShapeDTW-0],sktime/classification/tests/test_all_classifiers.py::TestAllClassifiers::test_handles_single_class[ShapeDTW-0],teardown,0.0,139.47
before,27,test_multioutput[ShapeDTW-1],sktime/classification/tests/test_all_classifiers.py::TestAllClassifiers::test_multioutput[ShapeDTW-1],call,74.68,140.42
before,27,test_classifier_output[ShapeDTW-1-ClassifierFitPredictThreeClasses],sktime/classification/tests/test_all_classifiers.py::TestAllClassifiers::test_classifier_output[ShapeDTW-1-ClassifierFitPredictThreeClasses],call,34.89,140.42
before,27,test_classifier_output[ShapeDTW-1-ClassifierFitPredict],sktime/classification/tests/test_all_classifiers.py::TestAllClassifiers::test_classifier_output[ShapeDTW-1-ClassifierFitPredict],call,23.81,140.42
before,27,test_multioutput[ShapeDTW-0],sktime/classification/tests/test_all_classifiers.py::TestAllClassifiers::test_multioutput[ShapeDTW-0],call,0.77,140.42
before,27,test_classifier_output[ShapeDTW-0-ClassifierFitPredictThreeClasses],sktime/classification/tests/test_all_classifiers.py::TestAllClassifiers::test_classifier_output[ShapeDTW-0-ClassifierFitPredictThreeClasses],call,0.58,140.42
before,27,test_classifier_on_unit_test_data[ShapeDTW],sktime/classification/tests/test_all_classifiers.py::TestAllClassifiers::test_classifier_on_unit_test_data[ShapeDTW],call,0.46,140.42
before,27,test_classifier_output[ShapeDTW-0-ClassifierFitPredict],sktime/classification/tests/test_all_classifiers.py::TestAllClassifiers::test_classifier_output[ShapeDTW-0-ClassifierFitPredict],call,0.25,140.42
before,27,test_multivariate_input_exception[ShapeDTW-1],sktime/classification/tests/test_all_classifiers.py::TestAllClassifiers::test_multivariate_input_exception[ShapeDTW-1],call,0.01,140.42
before,27,test_multivariate_input_exception[ShapeDTW-0],sktime/classification/tests/test_all_classifiers.py::TestAllClassifiers::test_multivariate_input_exception[ShapeDTW-0],call,0.01,140.42
before,27,test_handles_single_class[ShapeDTW-1],sktime/classification/tests/test_all_classifiers.py::TestAllClassifiers::test_handles_single_class[ShapeDTW-1],call,0.01,140.42
before,27,test_handles_single_class[ShapeDTW-0],sktime/classification/tests/test_all_classifiers.py::TestAllClassifiers::test_handles_single_class[ShapeDTW-0],call,0.0,140.42
before,27,test_classifier_output[ShapeDTW-1-ClassifierFitPredict],sktime/classification/tests/test_all_classifiers.py::TestAllClassifiers::test_classifier_output[ShapeDTW-1-ClassifierFitPredict],setup,0.0,140.42
before,27,test_classifier_output[ShapeDTW-0-ClassifierFitPredict],sktime/classification/tests/test_all_classifiers.py::TestAllClassifiers::test_classifier_output[ShapeDTW-0-ClassifierFitPredict],setup,0.0,140.42
before,27,test_multivariate_input_exception[ShapeDTW-1],sktime/classification/tests/test_all_classifiers.py::TestAllClassifiers::test_multivariate_input_exception[ShapeDTW-1],setup,0.0,140.42
before,27,test_handles_single_class[ShapeDTW-0],sktime/classification/tests/test_all_classifiers.py::TestAllClassifiers::test_handles_single_class[ShapeDTW-0],setup,0.0,140.42
before,27,test_classifier_output[ShapeDTW-0-ClassifierFitPredictThreeClasses],sktime/classification/tests/test_all_classifiers.py::TestAllClassifiers::test_classifier_output[ShapeDTW-0-ClassifierFitPredictThreeClasses],setup,0.0,140.42
before,27,test_multioutput[ShapeDTW-0],sktime/classification/tests/test_all_classifiers.py::TestAllClassifiers::test_multioutput[ShapeDTW-0],setup,0.0,140.42
before,27,test_classifier_output[ShapeDTW-1-ClassifierFitPredictThreeClasses],sktime/classification/tests/test_all_classifiers.py::TestAllClassifiers::test_classifier_output[ShapeDTW-1-ClassifierFitPredictThreeClasses],setup,0.0,140.42
before,27,test_handles_single_class[ShapeDTW-1],sktime/classification/tests/test_all_classifiers.py::TestAllClassifiers::test_handles_single_class[ShapeDTW-1],setup,0.0,140.42
before,27,test_multioutput[ShapeDTW-1],sktime/classification/tests/test_all_classifiers.py::TestAllClassifiers::test_multioutput[ShapeDTW-1],setup,0.0,140.42
before,27,test_multivariate_input_exception[ShapeDTW-0],sktime/classification/tests/test_all_classifiers.py::TestAllClassifiers::test_multivariate_input_exception[ShapeDTW-0],setup,0.0,140.42
before,27,test_classifier_on_basic_motions[ShapeDTW],sktime/classification/tests/test_all_classifiers.py::TestAllClassifiers::test_classifier_on_basic_motions[ShapeDTW],setup,0.0,140.42
before,27,test_classifier_on_unit_test_data[ShapeDTW],sktime/classification/tests/test_all_classifiers.py::TestAllClassifiers::test_classifier_on_unit_test_data[ShapeDTW],setup,0.0,140.42
before,27,test_classifier_output[ShapeDTW-0-ClassifierFitPredictThreeClasses],sktime/classification/tests/test_all_classifiers.py::TestAllClassifiers::test_classifier_output[ShapeDTW-0-ClassifierFitPredictThreeClasses],teardown,0.0,140.42
before,27,test_multioutput[ShapeDTW-1],sktime/classification/tests/test_all_classifiers.py::TestAllClassifiers::test_multioutput[ShapeDTW-1],teardown,0.0,140.42
before,27,test_classifier_output[ShapeDTW-1-ClassifierFitPredict],sktime/classification/tests/test_all_classifiers.py::TestAllClassifiers::test_classifier_output[ShapeDTW-1-ClassifierFitPredict],teardown,0.0,140.42
before,27,test_multioutput[ShapeDTW-0],sktime/classification/tests/test_all_classifiers.py::TestAllClassifiers::test_multioutput[ShapeDTW-0],teardown,0.0,140.42
before,27,test_classifier_output[ShapeDTW-0-ClassifierFitPredict],sktime/classification/tests/test_all_classifiers.py::TestAllClassifiers::test_classifier_output[ShapeDTW-0-ClassifierFitPredict],teardown,0.0,140.42
before,27,test_classifier_output[ShapeDTW-1-ClassifierFitPredictThreeClasses],sktime/classification/tests/test_all_classifiers.py::TestAllClassifiers::test_classifier_output[ShapeDTW-1-ClassifierFitPredictThreeClasses],teardown,0.0,140.42
before,27,test_classifier_on_unit_test_data[ShapeDTW],sktime/classification/tests/test_all_classifiers.py::TestAllClassifiers::test_classifier_on_unit_test_data[ShapeDTW],teardown,0.0,140.42
before,27,test_handles_single_class[ShapeDTW-0],sktime/classification/tests/test_all_classifiers.py::TestAllClassifiers::test_handles_single_class[ShapeDTW-0],teardown,0.0,140.42
before,27,test_multivariate_input_exception[ShapeDTW-0],sktime/classification/tests/test_all_classifiers.py::TestAllClassifiers::test_multivariate_input_exception[ShapeDTW-0],teardown,0.0,140.42
before,27,test_classifier_on_basic_motions[ShapeDTW],sktime/classification/tests/test_all_classifiers.py::TestAllClassifiers::test_classifier_on_basic_motions[ShapeDTW],call,0.0,140.42
before,27,test_handles_single_class[ShapeDTW-1],sktime/classification/tests/test_all_classifiers.py::TestAllClassifiers::test_handles_single_class[ShapeDTW-1],teardown,0.0,140.42
before,27,test_multivariate_input_exception[ShapeDTW-1],sktime/classification/tests/test_all_classifiers.py::TestAllClassifiers::test_multivariate_input_exception[ShapeDTW-1],teardown,0.0,140.42
before,27,test_classifier_on_basic_motions[ShapeDTW],sktime/classification/tests/test_all_classifiers.py::TestAllClassifiers::test_classifier_on_basic_motions[ShapeDTW],teardown,0.0,140.42
before,28,test_multioutput[ShapeDTW-1],sktime/classification/tests/test_all_classifiers.py::TestAllClassifiers::test_multioutput[ShapeDTW-1],call,74.57,139.76
before,28,test_classifier_output[ShapeDTW-1-ClassifierFitPredictThreeClasses],sktime/classification/tests/test_all_classifiers.py::TestAllClassifiers::test_classifier_output[ShapeDTW-1-ClassifierFitPredictThreeClasses],call,34.57,139.76
before,28,test_classifier_output[ShapeDTW-1-ClassifierFitPredict],sktime/classification/tests/test_all_classifiers.py::TestAllClassifiers::test_classifier_output[ShapeDTW-1-ClassifierFitPredict],call,23.3,139.76
before,28,test_multioutput[ShapeDTW-0],sktime/classification/tests/test_all_classifiers.py::TestAllClassifiers::test_multioutput[ShapeDTW-0],call,0.76,139.76
before,28,test_classifier_output[ShapeDTW-0-ClassifierFitPredict],sktime/classification/tests/test_all_classifiers.py::TestAllClassifiers::test_classifier_output[ShapeDTW-0-ClassifierFitPredict],call,0.62,139.76
before,28,test_classifier_output[ShapeDTW-0-ClassifierFitPredictThreeClasses],sktime/classification/tests/test_all_classifiers.py::TestAllClassifiers::test_classifier_output[ShapeDTW-0-ClassifierFitPredictThreeClasses],call,0.53,139.76
before,28,test_classifier_on_unit_test_data[ShapeDTW],sktime/classification/tests/test_all_classifiers.py::TestAllClassifiers::test_classifier_on_unit_test_data[ShapeDTW],call,0.46,139.76
before,28,test_multivariate_input_exception[ShapeDTW-0],sktime/classification/tests/test_all_classifiers.py::TestAllClassifiers::test_multivariate_input_exception[ShapeDTW-0],call,0.02,139.76
before,28,test_multivariate_input_exception[ShapeDTW-1],sktime/classification/tests/test_all_classifiers.py::TestAllClassifiers::test_multivariate_input_exception[ShapeDTW-1],call,0.01,139.76
before,28,test_handles_single_class[ShapeDTW-0],sktime/classification/tests/test_all_classifiers.py::TestAllClassifiers::test_handles_single_class[ShapeDTW-0],call,0.0,139.76
before,28,test_handles_single_class[ShapeDTW-1],sktime/classification/tests/test_all_classifiers.py::TestAllClassifiers::test_handles_single_class[ShapeDTW-1],call,0.0,139.76
before,28,test_multivariate_input_exception[ShapeDTW-0],sktime/classification/tests/test_all_classifiers.py::TestAllClassifiers::test_multivariate_input_exception[ShapeDTW-0],setup,0.0,139.76
before,28,test_classifier_output[ShapeDTW-1-ClassifierFitPredictThreeClasses],sktime/classification/tests/test_all_classifiers.py::TestAllClassifiers::test_classifier_output[ShapeDTW-1-ClassifierFitPredictThreeClasses],setup,0.0,139.76
before,28,test_classifier_output[ShapeDTW-0-ClassifierFitPredictThreeClasses],sktime/classification/tests/test_all_classifiers.py::TestAllClassifiers::test_classifier_output[ShapeDTW-0-ClassifierFitPredictThreeClasses],setup,0.0,139.76
before,28,test_multioutput[ShapeDTW-1],sktime/classification/tests/test_all_classifiers.py::TestAllClassifiers::test_multioutput[ShapeDTW-1],setup,0.0,139.76
before,28,test_handles_single_class[ShapeDTW-0],sktime/classification/tests/test_all_classifiers.py::TestAllClassifiers::test_handles_single_class[ShapeDTW-0],setup,0.0,139.76
before,28,test_multioutput[ShapeDTW-0],sktime/classification/tests/test_all_classifiers.py::TestAllClassifiers::test_multioutput[ShapeDTW-0],setup,0.0,139.76
before,28,test_multivariate_input_exception[ShapeDTW-1],sktime/classification/tests/test_all_classifiers.py::TestAllClassifiers::test_multivariate_input_exception[ShapeDTW-1],setup,0.0,139.76
before,28,test_classifier_output[ShapeDTW-0-ClassifierFitPredict],sktime/classification/tests/test_all_classifiers.py::TestAllClassifiers::test_classifier_output[ShapeDTW-0-ClassifierFitPredict],setup,0.0,139.76
before,28,test_handles_single_class[ShapeDTW-1],sktime/classification/tests/test_all_classifiers.py::TestAllClassifiers::test_handles_single_class[ShapeDTW-1],setup,0.0,139.76
before,28,test_classifier_output[ShapeDTW-1-ClassifierFitPredict],sktime/classification/tests/test_all_classifiers.py::TestAllClassifiers::test_classifier_output[ShapeDTW-1-ClassifierFitPredict],setup,0.0,139.76
before,28,test_classifier_on_unit_test_data[ShapeDTW],sktime/classification/tests/test_all_classifiers.py::TestAllClassifiers::test_classifier_on_unit_test_data[ShapeDTW],setup,0.0,139.76
before,28,test_classifier_output[ShapeDTW-1-ClassifierFitPredictThreeClasses],sktime/classification/tests/test_all_classifiers.py::TestAllClassifiers::test_classifier_output[ShapeDTW-1-ClassifierFitPredictThreeClasses],teardown,0.0,139.76
before,28,test_classifier_output[ShapeDTW-1-ClassifierFitPredict],sktime/classification/tests/test_all_classifiers.py::TestAllClassifiers::test_classifier_output[ShapeDTW-1-ClassifierFitPredict],teardown,0.0,139.76
before,28,test_classifier_output[ShapeDTW-0-ClassifierFitPredictThreeClasses],sktime/classification/tests/test_all_classifiers.py::TestAllClassifiers::test_classifier_output[ShapeDTW-0-ClassifierFitPredictThreeClasses],teardown,0.0,139.76
before,28,test_classifier_on_basic_motions[ShapeDTW],sktime/classification/tests/test_all_classifiers.py::TestAllClassifiers::test_classifier_on_basic_motions[ShapeDTW],setup,0.0,139.76
before,28,test_multioutput[ShapeDTW-1],sktime/classification/tests/test_all_classifiers.py::TestAllClassifiers::test_multioutput[ShapeDTW-1],teardown,0.0,139.76
before,28,test_classifier_output[ShapeDTW-0-ClassifierFitPredict],sktime/classification/tests/test_all_classifiers.py::TestAllClassifiers::test_classifier_output[ShapeDTW-0-ClassifierFitPredict],teardown,0.0,139.76
before,28,test_multioutput[ShapeDTW-0],sktime/classification/tests/test_all_classifiers.py::TestAllClassifiers::test_multioutput[ShapeDTW-0],teardown,0.0,139.76
before,28,test_classifier_on_unit_test_data[ShapeDTW],sktime/classification/tests/test_all_classifiers.py::TestAllClassifiers::test_classifier_on_unit_test_data[ShapeDTW],teardown,0.0,139.76
before,28,test_multivariate_input_exception[ShapeDTW-0],sktime/classification/tests/test_all_classifiers.py::TestAllClassifiers::test_multivariate_input_exception[ShapeDTW-0],teardown,0.0,139.76
before,28,test_handles_single_class[ShapeDTW-0],sktime/classification/tests/test_all_classifiers.py::TestAllClassifiers::test_handles_single_class[ShapeDTW-0],teardown,0.0,139.76
before,28,test_classifier_on_basic_motions[ShapeDTW],sktime/classification/tests/test_all_classifiers.py::TestAllClassifiers::test_classifier_on_basic_motions[ShapeDTW],teardown,0.0,139.76
before,28,test_multivariate_input_exception[ShapeDTW-1],sktime/classification/tests/test_all_classifiers.py::TestAllClassifiers::test_multivariate_input_exception[ShapeDTW-1],teardown,0.0,139.76
before,28,test_classifier_on_basic_motions[ShapeDTW],sktime/classification/tests/test_all_classifiers.py::TestAllClassifiers::test_classifier_on_basic_motions[ShapeDTW],call,0.0,139.76
before,28,test_handles_single_class[ShapeDTW-1],sktime/classification/tests/test_all_classifiers.py::TestAllClassifiers::test_handles_single_class[ShapeDTW-1],teardown,0.0,139.76
before,29,test_multioutput[ShapeDTW-1],sktime/classification/tests/test_all_classifiers.py::TestAllClassifiers::test_multioutput[ShapeDTW-1],call,74.53,140.03
before,29,test_classifier_output[ShapeDTW-1-ClassifierFitPredictThreeClasses],sktime/classification/tests/test_all_classifiers.py::TestAllClassifiers::test_classifier_output[ShapeDTW-1-ClassifierFitPredictThreeClasses],call,34.6,140.03
before,29,test_classifier_output[ShapeDTW-1-ClassifierFitPredict],sktime/classification/tests/test_all_classifiers.py::TestAllClassifiers::test_classifier_output[ShapeDTW-1-ClassifierFitPredict],call,23.89,140.03
before,29,test_multioutput[ShapeDTW-0],sktime/classification/tests/test_all_classifiers.py::TestAllClassifiers::test_multioutput[ShapeDTW-0],call,0.77,140.03
before,29,test_classifier_output[ShapeDTW-0-ClassifierFitPredictThreeClasses],sktime/classification/tests/test_all_classifiers.py::TestAllClassifiers::test_classifier_output[ShapeDTW-0-ClassifierFitPredictThreeClasses],call,0.57,140.03
before,29,test_classifier_on_unit_test_data[ShapeDTW],sktime/classification/tests/test_all_classifiers.py::TestAllClassifiers::test_classifier_on_unit_test_data[ShapeDTW],call,0.46,140.03
before,29,test_classifier_output[ShapeDTW-0-ClassifierFitPredict],sktime/classification/tests/test_all_classifiers.py::TestAllClassifiers::test_classifier_output[ShapeDTW-0-ClassifierFitPredict],call,0.25,140.03
before,29,test_multivariate_input_exception[ShapeDTW-0],sktime/classification/tests/test_all_classifiers.py::TestAllClassifiers::test_multivariate_input_exception[ShapeDTW-0],call,0.01,140.03
before,29,test_multivariate_input_exception[ShapeDTW-1],sktime/classification/tests/test_all_classifiers.py::TestAllClassifiers::test_multivariate_input_exception[ShapeDTW-1],call,0.01,140.03
before,29,test_handles_single_class[ShapeDTW-1],sktime/classification/tests/test_all_classifiers.py::TestAllClassifiers::test_handles_single_class[ShapeDTW-1],call,0.0,140.03
before,29,test_handles_single_class[ShapeDTW-0],sktime/classification/tests/test_all_classifiers.py::TestAllClassifiers::test_handles_single_class[ShapeDTW-0],call,0.0,140.03
before,29,test_classifier_output[ShapeDTW-1-ClassifierFitPredict],sktime/classification/tests/test_all_classifiers.py::TestAllClassifiers::test_classifier_output[ShapeDTW-1-ClassifierFitPredict],setup,0.0,140.03
before,29,test_classifier_output[ShapeDTW-0-ClassifierFitPredictThreeClasses],sktime/classification/tests/test_all_classifiers.py::TestAllClassifiers::test_classifier_output[ShapeDTW-0-ClassifierFitPredictThreeClasses],setup,0.0,140.03
before,29,test_multioutput[ShapeDTW-0],sktime/classification/tests/test_all_classifiers.py::TestAllClassifiers::test_multioutput[ShapeDTW-0],setup,0.0,140.03
before,29,test_classifier_output[ShapeDTW-1-ClassifierFitPredictThreeClasses],sktime/classification/tests/test_all_classifiers.py::TestAllClassifiers::test_classifier_output[ShapeDTW-1-ClassifierFitPredictThreeClasses],setup,0.0,140.03
before,29,test_multivariate_input_exception[ShapeDTW-0],sktime/classification/tests/test_all_classifiers.py::TestAllClassifiers::test_multivariate_input_exception[ShapeDTW-0],setup,0.0,140.03
before,29,test_handles_single_class[ShapeDTW-1],sktime/classification/tests/test_all_classifiers.py::TestAllClassifiers::test_handles_single_class[ShapeDTW-1],setup,0.0,140.03
before,29,test_classifier_output[ShapeDTW-0-ClassifierFitPredict],sktime/classification/tests/test_all_classifiers.py::TestAllClassifiers::test_classifier_output[ShapeDTW-0-ClassifierFitPredict],setup,0.0,140.03
before,29,test_multivariate_input_exception[ShapeDTW-1],sktime/classification/tests/test_all_classifiers.py::TestAllClassifiers::test_multivariate_input_exception[ShapeDTW-1],setup,0.0,140.03
before,29,test_multioutput[ShapeDTW-1],sktime/classification/tests/test_all_classifiers.py::TestAllClassifiers::test_multioutput[ShapeDTW-1],setup,0.0,140.03
before,29,test_handles_single_class[ShapeDTW-0],sktime/classification/tests/test_all_classifiers.py::TestAllClassifiers::test_handles_single_class[ShapeDTW-0],setup,0.0,140.03
before,29,test_classifier_on_unit_test_data[ShapeDTW],sktime/classification/tests/test_all_classifiers.py::TestAllClassifiers::test_classifier_on_unit_test_data[ShapeDTW],setup,0.0,140.03
before,29,test_classifier_output[ShapeDTW-1-ClassifierFitPredict],sktime/classification/tests/test_all_classifiers.py::TestAllClassifiers::test_classifier_output[ShapeDTW-1-ClassifierFitPredict],teardown,0.0,140.03
before,29,test_multioutput[ShapeDTW-1],sktime/classification/tests/test_all_classifiers.py::TestAllClassifiers::test_multioutput[ShapeDTW-1],teardown,0.0,140.03
before,29,test_multioutput[ShapeDTW-0],sktime/classification/tests/test_all_classifiers.py::TestAllClassifiers::test_multioutput[ShapeDTW-0],teardown,0.0,140.03
before,29,test_classifier_output[ShapeDTW-0-ClassifierFitPredict],sktime/classification/tests/test_all_classifiers.py::TestAllClassifiers::test_classifier_output[ShapeDTW-0-ClassifierFitPredict],teardown,0.0,140.03
before,29,test_classifier_on_basic_motions[ShapeDTW],sktime/classification/tests/test_all_classifiers.py::TestAllClassifiers::test_classifier_on_basic_motions[ShapeDTW],setup,0.0,140.03
before,29,test_classifier_output[ShapeDTW-1-ClassifierFitPredictThreeClasses],sktime/classification/tests/test_all_classifiers.py::TestAllClassifiers::test_classifier_output[ShapeDTW-1-ClassifierFitPredictThreeClasses],teardown,0.0,140.03
before,29,test_classifier_output[ShapeDTW-0-ClassifierFitPredictThreeClasses],sktime/classification/tests/test_all_classifiers.py::TestAllClassifiers::test_classifier_output[ShapeDTW-0-ClassifierFitPredictThreeClasses],teardown,0.0,140.03
before,29,test_classifier_on_unit_test_data[ShapeDTW],sktime/classification/tests/test_all_classifiers.py::TestAllClassifiers::test_classifier_on_unit_test_data[ShapeDTW],teardown,0.0,140.03
before,29,test_handles_single_class[ShapeDTW-1],sktime/classification/tests/test_all_classifiers.py::TestAllClassifiers::test_handles_single_class[ShapeDTW-1],teardown,0.0,140.03
before,29,test_multivariate_input_exception[ShapeDTW-1],sktime/classification/tests/test_all_classifiers.py::TestAllClassifiers::test_multivariate_input_exception[ShapeDTW-1],teardown,0.0,140.03
before,29,test_handles_single_class[ShapeDTW-0],sktime/classification/tests/test_all_classifiers.py::TestAllClassifiers::test_handles_single_class[ShapeDTW-0],teardown,0.0,140.03
before,29,test_classifier_on_basic_motions[ShapeDTW],sktime/classification/tests/test_all_classifiers.py::TestAllClassifiers::test_classifier_on_basic_motions[ShapeDTW],teardown,0.0,140.03
before,29,test_classifier_on_basic_motions[ShapeDTW],sktime/classification/tests/test_all_classifiers.py::TestAllClassifiers::test_classifier_on_basic_motions[ShapeDTW],call,0.0,140.03
before,29,test_multivariate_input_exception[ShapeDTW-0],sktime/classification/tests/test_all_classifiers.py::TestAllClassifiers::test_multivariate_input_exception[ShapeDTW-0],teardown,0.0,140.03
before,30,test_multioutput[ShapeDTW-1],sktime/classification/tests/test_all_classifiers.py::TestAllClassifiers::test_multioutput[ShapeDTW-1],call,74.55,139.93
before,30,test_classifier_output[ShapeDTW-1-ClassifierFitPredictThreeClasses],sktime/classification/tests/test_all_classifiers.py::TestAllClassifiers::test_classifier_output[ShapeDTW-1-ClassifierFitPredictThreeClasses],call,34.94,139.93
before,30,test_classifier_output[ShapeDTW-1-ClassifierFitPredict],sktime/classification/tests/test_all_classifiers.py::TestAllClassifiers::test_classifier_output[ShapeDTW-1-ClassifierFitPredict],call,23.2,139.93
before,30,test_multioutput[ShapeDTW-0],sktime/classification/tests/test_all_classifiers.py::TestAllClassifiers::test_multioutput[ShapeDTW-0],call,0.98,139.93
before,30,test_classifier_output[ShapeDTW-0-ClassifierFitPredict],sktime/classification/tests/test_all_classifiers.py::TestAllClassifiers::test_classifier_output[ShapeDTW-0-ClassifierFitPredict],call,0.51,139.93
before,30,test_classifier_on_unit_test_data[ShapeDTW],sktime/classification/tests/test_all_classifiers.py::TestAllClassifiers::test_classifier_on_unit_test_data[ShapeDTW],call,0.45,139.93
before,30,test_classifier_output[ShapeDTW-0-ClassifierFitPredictThreeClasses],sktime/classification/tests/test_all_classifiers.py::TestAllClassifiers::test_classifier_output[ShapeDTW-0-ClassifierFitPredictThreeClasses],call,0.32,139.93
before,30,test_multivariate_input_exception[ShapeDTW-1],sktime/classification/tests/test_all_classifiers.py::TestAllClassifiers::test_multivariate_input_exception[ShapeDTW-1],call,0.01,139.93
before,30,test_multivariate_input_exception[ShapeDTW-0],sktime/classification/tests/test_all_classifiers.py::TestAllClassifiers::test_multivariate_input_exception[ShapeDTW-0],call,0.01,139.93
before,30,test_handles_single_class[ShapeDTW-0],sktime/classification/tests/test_all_classifiers.py::TestAllClassifiers::test_handles_single_class[ShapeDTW-0],call,0.01,139.93
before,30,test_handles_single_class[ShapeDTW-1],sktime/classification/tests/test_all_classifiers.py::TestAllClassifiers::test_handles_single_class[ShapeDTW-1],call,0.0,139.93
before,30,test_handles_single_class[ShapeDTW-0],sktime/classification/tests/test_all_classifiers.py::TestAllClassifiers::test_handles_single_class[ShapeDTW-0],setup,0.0,139.93
before,30,test_classifier_output[ShapeDTW-0-ClassifierFitPredictThreeClasses],sktime/classification/tests/test_all_classifiers.py::TestAllClassifiers::test_classifier_output[ShapeDTW-0-ClassifierFitPredictThreeClasses],setup,0.0,139.93
before,30,test_multivariate_input_exception[ShapeDTW-1],sktime/classification/tests/test_all_classifiers.py::TestAllClassifiers::test_multivariate_input_exception[ShapeDTW-1],setup,0.0,139.93
before,30,test_classifier_output[ShapeDTW-1-ClassifierFitPredict],sktime/classification/tests/test_all_classifiers.py::TestAllClassifiers::test_classifier_output[ShapeDTW-1-ClassifierFitPredict],setup,0.0,139.93
before,30,test_multioutput[ShapeDTW-1],sktime/classification/tests/test_all_classifiers.py::TestAllClassifiers::test_multioutput[ShapeDTW-1],setup,0.0,139.93
before,30,test_handles_single_class[ShapeDTW-1],sktime/classification/tests/test_all_classifiers.py::TestAllClassifiers::test_handles_single_class[ShapeDTW-1],setup,0.0,139.93
before,30,test_classifier_output[ShapeDTW-1-ClassifierFitPredictThreeClasses],sktime/classification/tests/test_all_classifiers.py::TestAllClassifiers::test_classifier_output[ShapeDTW-1-ClassifierFitPredictThreeClasses],setup,0.0,139.93
before,30,test_multioutput[ShapeDTW-0],sktime/classification/tests/test_all_classifiers.py::TestAllClassifiers::test_multioutput[ShapeDTW-0],setup,0.0,139.93
before,30,test_classifier_output[ShapeDTW-0-ClassifierFitPredict],sktime/classification/tests/test_all_classifiers.py::TestAllClassifiers::test_classifier_output[ShapeDTW-0-ClassifierFitPredict],setup,0.0,139.93
before,30,test_multivariate_input_exception[ShapeDTW-0],sktime/classification/tests/test_all_classifiers.py::TestAllClassifiers::test_multivariate_input_exception[ShapeDTW-0],setup,0.0,139.93
before,30,test_classifier_on_unit_test_data[ShapeDTW],sktime/classification/tests/test_all_classifiers.py::TestAllClassifiers::test_classifier_on_unit_test_data[ShapeDTW],setup,0.0,139.93
before,30,test_classifier_on_basic_motions[ShapeDTW],sktime/classification/tests/test_all_classifiers.py::TestAllClassifiers::test_classifier_on_basic_motions[ShapeDTW],setup,0.0,139.93
before,30,test_multioutput[ShapeDTW-1],sktime/classification/tests/test_all_classifiers.py::TestAllClassifiers::test_multioutput[ShapeDTW-1],teardown,0.0,139.93
before,30,test_classifier_output[ShapeDTW-1-ClassifierFitPredict],sktime/classification/tests/test_all_classifiers.py::TestAllClassifiers::test_classifier_output[ShapeDTW-1-ClassifierFitPredict],teardown,0.0,139.93
before,30,test_classifier_output[ShapeDTW-1-ClassifierFitPredictThreeClasses],sktime/classification/tests/test_all_classifiers.py::TestAllClassifiers::test_classifier_output[ShapeDTW-1-ClassifierFitPredictThreeClasses],teardown,0.0,139.93
before,30,test_classifier_output[ShapeDTW-0-ClassifierFitPredict],sktime/classification/tests/test_all_classifiers.py::TestAllClassifiers::test_classifier_output[ShapeDTW-0-ClassifierFitPredict],teardown,0.0,139.93
before,30,test_classifier_output[ShapeDTW-0-ClassifierFitPredictThreeClasses],sktime/classification/tests/test_all_classifiers.py::TestAllClassifiers::test_classifier_output[ShapeDTW-0-ClassifierFitPredictThreeClasses],teardown,0.0,139.93
before,30,test_classifier_on_unit_test_data[ShapeDTW],sktime/classification/tests/test_all_classifiers.py::TestAllClassifiers::test_classifier_on_unit_test_data[ShapeDTW],teardown,0.0,139.93
before,30,test_multioutput[ShapeDTW-0],sktime/classification/tests/test_all_classifiers.py::TestAllClassifiers::test_multioutput[ShapeDTW-0],teardown,0.0,139.93
before,30,test_multivariate_input_exception[ShapeDTW-0],sktime/classification/tests/test_all_classifiers.py::TestAllClassifiers::test_multivariate_input_exception[ShapeDTW-0],teardown,0.0,139.93
before,30,test_handles_single_class[ShapeDTW-0],sktime/classification/tests/test_all_classifiers.py::TestAllClassifiers::test_handles_single_class[ShapeDTW-0],teardown,0.0,139.93
before,30,test_multivariate_input_exception[ShapeDTW-1],sktime/classification/tests/test_all_classifiers.py::TestAllClassifiers::test_multivariate_input_exception[ShapeDTW-1],teardown,0.0,139.93
before,30,test_handles_single_class[ShapeDTW-1],sktime/classification/tests/test_all_classifiers.py::TestAllClassifiers::test_handles_single_class[ShapeDTW-1],teardown,0.0,139.93
before,30,test_classifier_on_basic_motions[ShapeDTW],sktime/classification/tests/test_all_classifiers.py::TestAllClassifiers::test_classifier_on_basic_motions[ShapeDTW],call,0.0,139.93
before,30,test_classifier_on_basic_motions[ShapeDTW],sktime/classification/tests/test_all_classifiers.py::TestAllClassifiers::test_classifier_on_basic_motions[ShapeDTW],teardown,0.0,139.93
before,31,test_multioutput[ShapeDTW-1],sktime/classification/tests/test_all_classifiers.py::TestAllClassifiers::test_multioutput[ShapeDTW-1],call,74.8,140.57
before,31,test_classifier_output[ShapeDTW-1-ClassifierFitPredictThreeClasses],sktime/classification/tests/test_all_classifiers.py::TestAllClassifiers::test_classifier_output[ShapeDTW-1-ClassifierFitPredictThreeClasses],call,35.01,140.57
before,31,test_classifier_output[ShapeDTW-1-ClassifierFitPredict],sktime/classification/tests/test_all_classifiers.py::TestAllClassifiers::test_classifier_output[ShapeDTW-1-ClassifierFitPredict],call,23.57,140.57
before,31,test_multioutput[ShapeDTW-0],sktime/classification/tests/test_all_classifiers.py::TestAllClassifiers::test_multioutput[ShapeDTW-0],call,0.77,140.57
before,31,test_classifier_output[ShapeDTW-0-ClassifierFitPredict],sktime/classification/tests/test_all_classifiers.py::TestAllClassifiers::test_classifier_output[ShapeDTW-0-ClassifierFitPredict],call,0.63,140.57
before,31,test_classifier_on_unit_test_data[ShapeDTW],sktime/classification/tests/test_all_classifiers.py::TestAllClassifiers::test_classifier_on_unit_test_data[ShapeDTW],call,0.46,140.57
before,31,test_classifier_output[ShapeDTW-0-ClassifierFitPredictThreeClasses],sktime/classification/tests/test_all_classifiers.py::TestAllClassifiers::test_classifier_output[ShapeDTW-0-ClassifierFitPredictThreeClasses],call,0.32,140.57
before,31,test_multivariate_input_exception[ShapeDTW-1],sktime/classification/tests/test_all_classifiers.py::TestAllClassifiers::test_multivariate_input_exception[ShapeDTW-1],call,0.01,140.57
before,31,test_multivariate_input_exception[ShapeDTW-0],sktime/classification/tests/test_all_classifiers.py::TestAllClassifiers::test_multivariate_input_exception[ShapeDTW-0],call,0.01,140.57
before,31,test_handles_single_class[ShapeDTW-0],sktime/classification/tests/test_all_classifiers.py::TestAllClassifiers::test_handles_single_class[ShapeDTW-0],call,0.01,140.57
before,31,test_handles_single_class[ShapeDTW-1],sktime/classification/tests/test_all_classifiers.py::TestAllClassifiers::test_handles_single_class[ShapeDTW-1],call,0.0,140.57
before,31,test_handles_single_class[ShapeDTW-0],sktime/classification/tests/test_all_classifiers.py::TestAllClassifiers::test_handles_single_class[ShapeDTW-0],setup,0.0,140.57
before,31,test_multioutput[ShapeDTW-0],sktime/classification/tests/test_all_classifiers.py::TestAllClassifiers::test_multioutput[ShapeDTW-0],setup,0.0,140.57
before,31,test_classifier_output[ShapeDTW-0-ClassifierFitPredictThreeClasses],sktime/classification/tests/test_all_classifiers.py::TestAllClassifiers::test_classifier_output[ShapeDTW-0-ClassifierFitPredictThreeClasses],setup,0.0,140.57
before,31,test_classifier_output[ShapeDTW-1-ClassifierFitPredict],sktime/classification/tests/test_all_classifiers.py::TestAllClassifiers::test_classifier_output[ShapeDTW-1-ClassifierFitPredict],setup,0.0,140.57
before,31,test_multivariate_input_exception[ShapeDTW-1],sktime/classification/tests/test_all_classifiers.py::TestAllClassifiers::test_multivariate_input_exception[ShapeDTW-1],setup,0.0,140.57
before,31,test_multioutput[ShapeDTW-1],sktime/classification/tests/test_all_classifiers.py::TestAllClassifiers::test_multioutput[ShapeDTW-1],setup,0.0,140.57
before,31,test_multivariate_input_exception[ShapeDTW-0],sktime/classification/tests/test_all_classifiers.py::TestAllClassifiers::test_multivariate_input_exception[ShapeDTW-0],setup,0.0,140.57
before,31,test_classifier_output[ShapeDTW-1-ClassifierFitPredictThreeClasses],sktime/classification/tests/test_all_classifiers.py::TestAllClassifiers::test_classifier_output[ShapeDTW-1-ClassifierFitPredictThreeClasses],setup,0.0,140.57
before,31,test_handles_single_class[ShapeDTW-1],sktime/classification/tests/test_all_classifiers.py::TestAllClassifiers::test_handles_single_class[ShapeDTW-1],setup,0.0,140.57
before,31,test_classifier_output[ShapeDTW-0-ClassifierFitPredict],sktime/classification/tests/test_all_classifiers.py::TestAllClassifiers::test_classifier_output[ShapeDTW-0-ClassifierFitPredict],setup,0.0,140.57
before,31,test_classifier_on_unit_test_data[ShapeDTW],sktime/classification/tests/test_all_classifiers.py::TestAllClassifiers::test_classifier_on_unit_test_data[ShapeDTW],setup,0.0,140.57
before,31,test_classifier_on_basic_motions[ShapeDTW],sktime/classification/tests/test_all_classifiers.py::TestAllClassifiers::test_classifier_on_basic_motions[ShapeDTW],setup,0.0,140.57
before,31,test_classifier_output[ShapeDTW-0-ClassifierFitPredict],sktime/classification/tests/test_all_classifiers.py::TestAllClassifiers::test_classifier_output[ShapeDTW-0-ClassifierFitPredict],teardown,0.0,140.57
before,31,test_classifier_on_unit_test_data[ShapeDTW],sktime/classification/tests/test_all_classifiers.py::TestAllClassifiers::test_classifier_on_unit_test_data[ShapeDTW],teardown,0.0,140.57
before,31,test_classifier_output[ShapeDTW-1-ClassifierFitPredict],sktime/classification/tests/test_all_classifiers.py::TestAllClassifiers::test_classifier_output[ShapeDTW-1-ClassifierFitPredict],teardown,0.0,140.57
before,31,test_multioutput[ShapeDTW-1],sktime/classification/tests/test_all_classifiers.py::TestAllClassifiers::test_multioutput[ShapeDTW-1],teardown,0.0,140.57
before,31,test_classifier_output[ShapeDTW-1-ClassifierFitPredictThreeClasses],sktime/classification/tests/test_all_classifiers.py::TestAllClassifiers::test_classifier_output[ShapeDTW-1-ClassifierFitPredictThreeClasses],teardown,0.0,140.57
before,31,test_classifier_output[ShapeDTW-0-ClassifierFitPredictThreeClasses],sktime/classification/tests/test_all_classifiers.py::TestAllClassifiers::test_classifier_output[ShapeDTW-0-ClassifierFitPredictThreeClasses],teardown,0.0,140.57
before,31,test_multioutput[ShapeDTW-0],sktime/classification/tests/test_all_classifiers.py::TestAllClassifiers::test_multioutput[ShapeDTW-0],teardown,0.0,140.57
before,31,test_handles_single_class[ShapeDTW-0],sktime/classification/tests/test_all_classifiers.py::TestAllClassifiers::test_handles_single_class[ShapeDTW-0],teardown,0.0,140.57
before,31,test_multivariate_input_exception[ShapeDTW-1],sktime/classification/tests/test_all_classifiers.py::TestAllClassifiers::test_multivariate_input_exception[ShapeDTW-1],teardown,0.0,140.57
before,31,test_handles_single_class[ShapeDTW-1],sktime/classification/tests/test_all_classifiers.py::TestAllClassifiers::test_handles_single_class[ShapeDTW-1],teardown,0.0,140.57
before,31,test_multivariate_input_exception[ShapeDTW-0],sktime/classification/tests/test_all_classifiers.py::TestAllClassifiers::test_multivariate_input_exception[ShapeDTW-0],teardown,0.0,140.57
before,31,test_classifier_on_basic_motions[ShapeDTW],sktime/classification/tests/test_all_classifiers.py::TestAllClassifiers::test_classifier_on_basic_motions[ShapeDTW],call,0.0,140.57
before,31,test_classifier_on_basic_motions[ShapeDTW],sktime/classification/tests/test_all_classifiers.py::TestAllClassifiers::test_classifier_on_basic_motions[ShapeDTW],teardown,0.0,140.57
before,32,test_multioutput[ShapeDTW-1],sktime/classification/tests/test_all_classifiers.py::TestAllClassifiers::test_multioutput[ShapeDTW-1],call,73.66,138.5
before,32,test_classifier_output[ShapeDTW-1-ClassifierFitPredictThreeClasses],sktime/classification/tests/test_all_classifiers.py::TestAllClassifiers::test_classifier_output[ShapeDTW-1-ClassifierFitPredictThreeClasses],call,34.41,138.5
before,32,test_classifier_output[ShapeDTW-1-ClassifierFitPredict],sktime/classification/tests/test_all_classifiers.py::TestAllClassifiers::test_classifier_output[ShapeDTW-1-ClassifierFitPredict],call,23.1,138.5
before,32,test_multioutput[ShapeDTW-0],sktime/classification/tests/test_all_classifiers.py::TestAllClassifiers::test_multioutput[ShapeDTW-0],call,0.98,138.5
before,32,test_classifier_output[ShapeDTW-0-ClassifierFitPredict],sktime/classification/tests/test_all_classifiers.py::TestAllClassifiers::test_classifier_output[ShapeDTW-0-ClassifierFitPredict],call,0.61,138.5
before,32,test_classifier_on_unit_test_data[ShapeDTW],sktime/classification/tests/test_all_classifiers.py::TestAllClassifiers::test_classifier_on_unit_test_data[ShapeDTW],call,0.46,138.5
before,32,test_classifier_output[ShapeDTW-0-ClassifierFitPredictThreeClasses],sktime/classification/tests/test_all_classifiers.py::TestAllClassifiers::test_classifier_output[ShapeDTW-0-ClassifierFitPredictThreeClasses],call,0.31,138.5
before,32,test_multivariate_input_exception[ShapeDTW-0],sktime/classification/tests/test_all_classifiers.py::TestAllClassifiers::test_multivariate_input_exception[ShapeDTW-0],call,0.02,138.5
before,32,test_multivariate_input_exception[ShapeDTW-1],sktime/classification/tests/test_all_classifiers.py::TestAllClassifiers::test_multivariate_input_exception[ShapeDTW-1],call,0.01,138.5
before,32,test_handles_single_class[ShapeDTW-1],sktime/classification/tests/test_all_classifiers.py::TestAllClassifiers::test_handles_single_class[ShapeDTW-1],call,0.0,138.5
before,32,test_handles_single_class[ShapeDTW-0],sktime/classification/tests/test_all_classifiers.py::TestAllClassifiers::test_handles_single_class[ShapeDTW-0],call,0.0,138.5
before,32,test_multivariate_input_exception[ShapeDTW-0],sktime/classification/tests/test_all_classifiers.py::TestAllClassifiers::test_multivariate_input_exception[ShapeDTW-0],setup,0.0,138.5
before,32,test_classifier_output[ShapeDTW-1-ClassifierFitPredict],sktime/classification/tests/test_all_classifiers.py::TestAllClassifiers::test_classifier_output[ShapeDTW-1-ClassifierFitPredict],setup,0.0,138.5
before,32,test_classifier_output[ShapeDTW-1-ClassifierFitPredictThreeClasses],sktime/classification/tests/test_all_classifiers.py::TestAllClassifiers::test_classifier_output[ShapeDTW-1-ClassifierFitPredictThreeClasses],setup,0.0,138.5
before,32,test_handles_single_class[ShapeDTW-0],sktime/classification/tests/test_all_classifiers.py::TestAllClassifiers::test_handles_single_class[ShapeDTW-0],setup,0.0,138.5
before,32,test_handles_single_class[ShapeDTW-1],sktime/classification/tests/test_all_classifiers.py::TestAllClassifiers::test_handles_single_class[ShapeDTW-1],setup,0.0,138.5
before,32,test_multioutput[ShapeDTW-0],sktime/classification/tests/test_all_classifiers.py::TestAllClassifiers::test_multioutput[ShapeDTW-0],setup,0.0,138.5
before,32,test_multioutput[ShapeDTW-1],sktime/classification/tests/test_all_classifiers.py::TestAllClassifiers::test_multioutput[ShapeDTW-1],setup,0.0,138.5
before,32,test_classifier_output[ShapeDTW-0-ClassifierFitPredictThreeClasses],sktime/classification/tests/test_all_classifiers.py::TestAllClassifiers::test_classifier_output[ShapeDTW-0-ClassifierFitPredictThreeClasses],setup,0.0,138.5
before,32,test_classifier_output[ShapeDTW-0-ClassifierFitPredict],sktime/classification/tests/test_all_classifiers.py::TestAllClassifiers::test_classifier_output[ShapeDTW-0-ClassifierFitPredict],setup,0.0,138.5
before,32,test_multivariate_input_exception[ShapeDTW-1],sktime/classification/tests/test_all_classifiers.py::TestAllClassifiers::test_multivariate_input_exception[ShapeDTW-1],setup,0.0,138.5
before,32,test_classifier_on_unit_test_data[ShapeDTW],sktime/classification/tests/test_all_classifiers.py::TestAllClassifiers::test_classifier_on_unit_test_data[ShapeDTW],setup,0.0,138.5
before,32,test_multioutput[ShapeDTW-0],sktime/classification/tests/test_all_classifiers.py::TestAllClassifiers::test_multioutput[ShapeDTW-0],teardown,0.0,138.5
before,32,test_classifier_output[ShapeDTW-0-ClassifierFitPredict],sktime/classification/tests/test_all_classifiers.py::TestAllClassifiers::test_classifier_output[ShapeDTW-0-ClassifierFitPredict],teardown,0.0,138.5
before,32,test_classifier_output[ShapeDTW-1-ClassifierFitPredict],sktime/classification/tests/test_all_classifiers.py::TestAllClassifiers::test_classifier_output[ShapeDTW-1-ClassifierFitPredict],teardown,0.0,138.5
before,32,test_multioutput[ShapeDTW-1],sktime/classification/tests/test_all_classifiers.py::TestAllClassifiers::test_multioutput[ShapeDTW-1],teardown,0.0,138.5
before,32,test_classifier_output[ShapeDTW-0-ClassifierFitPredictThreeClasses],sktime/classification/tests/test_all_classifiers.py::TestAllClassifiers::test_classifier_output[ShapeDTW-0-ClassifierFitPredictThreeClasses],teardown,0.0,138.5
before,32,test_classifier_on_unit_test_data[ShapeDTW],sktime/classification/tests/test_all_classifiers.py::TestAllClassifiers::test_classifier_on_unit_test_data[ShapeDTW],teardown,0.0,138.5
before,32,test_classifier_output[ShapeDTW-1-ClassifierFitPredictThreeClasses],sktime/classification/tests/test_all_classifiers.py::TestAllClassifiers::test_classifier_output[ShapeDTW-1-ClassifierFitPredictThreeClasses],teardown,0.0,138.5
before,32,test_classifier_on_basic_motions[ShapeDTW],sktime/classification/tests/test_all_classifiers.py::TestAllClassifiers::test_classifier_on_basic_motions[ShapeDTW],setup,0.0,138.5
before,32,test_multivariate_input_exception[ShapeDTW-0],sktime/classification/tests/test_all_classifiers.py::TestAllClassifiers::test_multivariate_input_exception[ShapeDTW-0],teardown,0.0,138.5
before,32,test_handles_single_class[ShapeDTW-0],sktime/classification/tests/test_all_classifiers.py::TestAllClassifiers::test_handles_single_class[ShapeDTW-0],teardown,0.0,138.5
before,32,test_multivariate_input_exception[ShapeDTW-1],sktime/classification/tests/test_all_classifiers.py::TestAllClassifiers::test_multivariate_input_exception[ShapeDTW-1],teardown,0.0,138.5
before,32,test_classifier_on_basic_motions[ShapeDTW],sktime/classification/tests/test_all_classifiers.py::TestAllClassifiers::test_classifier_on_basic_motions[ShapeDTW],call,0.0,138.5
before,32,test_handles_single_class[ShapeDTW-1],sktime/classification/tests/test_all_classifiers.py::TestAllClassifiers::test_handles_single_class[ShapeDTW-1],teardown,0.0,138.5
before,32,test_classifier_on_basic_motions[ShapeDTW],sktime/classification/tests/test_all_classifiers.py::TestAllClassifiers::test_classifier_on_basic_motions[ShapeDTW],teardown,0.0,138.5
before,33,test_multioutput[ShapeDTW-1],sktime/classification/tests/test_all_classifiers.py::TestAllClassifiers::test_multioutput[ShapeDTW-1],call,75.33,140.54
before,33,test_classifier_output[ShapeDTW-1-ClassifierFitPredictThreeClasses],sktime/classification/tests/test_all_classifiers.py::TestAllClassifiers::test_classifier_output[ShapeDTW-1-ClassifierFitPredictThreeClasses],call,34.67,140.54
before,33,test_classifier_output[ShapeDTW-1-ClassifierFitPredict],sktime/classification/tests/test_all_classifiers.py::TestAllClassifiers::test_classifier_output[ShapeDTW-1-ClassifierFitPredict],call,23.36,140.54
before,33,test_multioutput[ShapeDTW-0],sktime/classification/tests/test_all_classifiers.py::TestAllClassifiers::test_multioutput[ShapeDTW-0],call,1.13,140.54
before,33,test_classifier_on_unit_test_data[ShapeDTW],sktime/classification/tests/test_all_classifiers.py::TestAllClassifiers::test_classifier_on_unit_test_data[ShapeDTW],call,0.47,140.54
before,33,test_classifier_output[ShapeDTW-0-ClassifierFitPredictThreeClasses],sktime/classification/tests/test_all_classifiers.py::TestAllClassifiers::test_classifier_output[ShapeDTW-0-ClassifierFitPredictThreeClasses],call,0.31,140.54
before,33,test_classifier_output[ShapeDTW-0-ClassifierFitPredict],sktime/classification/tests/test_all_classifiers.py::TestAllClassifiers::test_classifier_output[ShapeDTW-0-ClassifierFitPredict],call,0.25,140.54
before,33,test_multivariate_input_exception[ShapeDTW-0],sktime/classification/tests/test_all_classifiers.py::TestAllClassifiers::test_multivariate_input_exception[ShapeDTW-0],call,0.01,140.54
before,33,test_multivariate_input_exception[ShapeDTW-1],sktime/classification/tests/test_all_classifiers.py::TestAllClassifiers::test_multivariate_input_exception[ShapeDTW-1],call,0.01,140.54
before,33,test_handles_single_class[ShapeDTW-0],sktime/classification/tests/test_all_classifiers.py::TestAllClassifiers::test_handles_single_class[ShapeDTW-0],call,0.0,140.54
before,33,test_handles_single_class[ShapeDTW-1],sktime/classification/tests/test_all_classifiers.py::TestAllClassifiers::test_handles_single_class[ShapeDTW-1],call,0.0,140.54
before,33,test_multioutput[ShapeDTW-0],sktime/classification/tests/test_all_classifiers.py::TestAllClassifiers::test_multioutput[ShapeDTW-0],setup,0.0,140.54
before,33,test_classifier_output[ShapeDTW-0-ClassifierFitPredict],sktime/classification/tests/test_all_classifiers.py::TestAllClassifiers::test_classifier_output[ShapeDTW-0-ClassifierFitPredict],setup,0.0,140.54
before,33,test_classifier_output[ShapeDTW-1-ClassifierFitPredict],sktime/classification/tests/test_all_classifiers.py::TestAllClassifiers::test_classifier_output[ShapeDTW-1-ClassifierFitPredict],setup,0.0,140.54
before,33,test_classifier_output[ShapeDTW-0-ClassifierFitPredictThreeClasses],sktime/classification/tests/test_all_classifiers.py::TestAllClassifiers::test_classifier_output[ShapeDTW-0-ClassifierFitPredictThreeClasses],setup,0.0,140.54
before,33,test_multioutput[ShapeDTW-1],sktime/classification/tests/test_all_classifiers.py::TestAllClassifiers::test_multioutput[ShapeDTW-1],setup,0.0,140.54
before,33,test_handles_single_class[ShapeDTW-0],sktime/classification/tests/test_all_classifiers.py::TestAllClassifiers::test_handles_single_class[ShapeDTW-0],setup,0.0,140.54
before,33,test_multivariate_input_exception[ShapeDTW-0],sktime/classification/tests/test_all_classifiers.py::TestAllClassifiers::test_multivariate_input_exception[ShapeDTW-0],setup,0.0,140.54
before,33,test_classifier_output[ShapeDTW-1-ClassifierFitPredictThreeClasses],sktime/classification/tests/test_all_classifiers.py::TestAllClassifiers::test_classifier_output[ShapeDTW-1-ClassifierFitPredictThreeClasses],setup,0.0,140.54
before,33,test_multivariate_input_exception[ShapeDTW-1],sktime/classification/tests/test_all_classifiers.py::TestAllClassifiers::test_multivariate_input_exception[ShapeDTW-1],setup,0.0,140.54
before,33,test_handles_single_class[ShapeDTW-1],sktime/classification/tests/test_all_classifiers.py::TestAllClassifiers::test_handles_single_class[ShapeDTW-1],setup,0.0,140.54
before,33,test_classifier_on_unit_test_data[ShapeDTW],sktime/classification/tests/test_all_classifiers.py::TestAllClassifiers::test_classifier_on_unit_test_data[ShapeDTW],setup,0.0,140.54
before,33,test_classifier_output[ShapeDTW-1-ClassifierFitPredictThreeClasses],sktime/classification/tests/test_all_classifiers.py::TestAllClassifiers::test_classifier_output[ShapeDTW-1-ClassifierFitPredictThreeClasses],teardown,0.0,140.54
before,33,test_classifier_on_unit_test_data[ShapeDTW],sktime/classification/tests/test_all_classifiers.py::TestAllClassifiers::test_classifier_on_unit_test_data[ShapeDTW],teardown,0.0,140.54
before,33,test_classifier_output[ShapeDTW-1-ClassifierFitPredict],sktime/classification/tests/test_all_classifiers.py::TestAllClassifiers::test_classifier_output[ShapeDTW-1-ClassifierFitPredict],teardown,0.0,140.54
before,33,test_multioutput[ShapeDTW-1],sktime/classification/tests/test_all_classifiers.py::TestAllClassifiers::test_multioutput[ShapeDTW-1],teardown,0.0,140.54
before,33,test_multioutput[ShapeDTW-0],sktime/classification/tests/test_all_classifiers.py::TestAllClassifiers::test_multioutput[ShapeDTW-0],teardown,0.0,140.54
before,33,test_classifier_output[ShapeDTW-0-ClassifierFitPredict],sktime/classification/tests/test_all_classifiers.py::TestAllClassifiers::test_classifier_output[ShapeDTW-0-ClassifierFitPredict],teardown,0.0,140.54
before,33,test_classifier_output[ShapeDTW-0-ClassifierFitPredictThreeClasses],sktime/classification/tests/test_all_classifiers.py::TestAllClassifiers::test_classifier_output[ShapeDTW-0-ClassifierFitPredictThreeClasses],teardown,0.0,140.54
before,33,test_classifier_on_basic_motions[ShapeDTW],sktime/classification/tests/test_all_classifiers.py::TestAllClassifiers::test_classifier_on_basic_motions[ShapeDTW],setup,0.0,140.54
before,33,test_handles_single_class[ShapeDTW-1],sktime/classification/tests/test_all_classifiers.py::TestAllClassifiers::test_handles_single_class[ShapeDTW-1],teardown,0.0,140.54
before,33,test_handles_single_class[ShapeDTW-0],sktime/classification/tests/test_all_classifiers.py::TestAllClassifiers::test_handles_single_class[ShapeDTW-0],teardown,0.0,140.54
before,33,test_classifier_on_basic_motions[ShapeDTW],sktime/classification/tests/test_all_classifiers.py::TestAllClassifiers::test_classifier_on_basic_motions[ShapeDTW],teardown,0.0,140.54
before,33,test_classifier_on_basic_motions[ShapeDTW],sktime/classification/tests/test_all_classifiers.py::TestAllClassifiers::test_classifier_on_basic_motions[ShapeDTW],call,0.0,140.54
before,33,test_multivariate_input_exception[ShapeDTW-0],sktime/classification/tests/test_all_classifiers.py::TestAllClassifiers::test_multivariate_input_exception[ShapeDTW-0],teardown,0.0,140.54
before,33,test_multivariate_input_exception[ShapeDTW-1],sktime/classification/tests/test_all_classifiers.py::TestAllClassifiers::test_multivariate_input_exception[ShapeDTW-1],teardown,0.0,140.54
before,34,test_multioutput[ShapeDTW-1],sktime/classification/tests/test_all_classifiers.py::TestAllClassifiers::test_multioutput[ShapeDTW-1],call,74.77,140.53
before,34,test_classifier_output[ShapeDTW-1-ClassifierFitPredictThreeClasses],sktime/classification/tests/test_all_classifiers.py::TestAllClassifiers::test_classifier_output[ShapeDTW-1-ClassifierFitPredictThreeClasses],call,34.92,140.53
before,34,test_classifier_output[ShapeDTW-1-ClassifierFitPredict],sktime/classification/tests/test_all_classifiers.py::TestAllClassifiers::test_classifier_output[ShapeDTW-1-ClassifierFitPredict],call,23.7,140.53
before,34,test_classifier_on_unit_test_data[ShapeDTW],sktime/classification/tests/test_all_classifiers.py::TestAllClassifiers::test_classifier_on_unit_test_data[ShapeDTW],call,0.84,140.53
before,34,test_multioutput[ShapeDTW-0],sktime/classification/tests/test_all_classifiers.py::TestAllClassifiers::test_multioutput[ShapeDTW-0],call,0.77,140.53
before,34,test_classifier_output[ShapeDTW-0-ClassifierFitPredictThreeClasses],sktime/classification/tests/test_all_classifiers.py::TestAllClassifiers::test_classifier_output[ShapeDTW-0-ClassifierFitPredictThreeClasses],call,0.32,140.53
before,34,test_classifier_output[ShapeDTW-0-ClassifierFitPredict],sktime/classification/tests/test_all_classifiers.py::TestAllClassifiers::test_classifier_output[ShapeDTW-0-ClassifierFitPredict],call,0.25,140.53
before,34,test_multivariate_input_exception[ShapeDTW-1],sktime/classification/tests/test_all_classifiers.py::TestAllClassifiers::test_multivariate_input_exception[ShapeDTW-1],call,0.01,140.53
before,34,test_multivariate_input_exception[ShapeDTW-0],sktime/classification/tests/test_all_classifiers.py::TestAllClassifiers::test_multivariate_input_exception[ShapeDTW-0],call,0.01,140.53
before,34,test_handles_single_class[ShapeDTW-1],sktime/classification/tests/test_all_classifiers.py::TestAllClassifiers::test_handles_single_class[ShapeDTW-1],call,0.0,140.53
before,34,test_handles_single_class[ShapeDTW-0],sktime/classification/tests/test_all_classifiers.py::TestAllClassifiers::test_handles_single_class[ShapeDTW-0],call,0.0,140.53
before,34,test_classifier_on_unit_test_data[ShapeDTW],sktime/classification/tests/test_all_classifiers.py::TestAllClassifiers::test_classifier_on_unit_test_data[ShapeDTW],setup,0.0,140.53
before,34,test_classifier_output[ShapeDTW-1-ClassifierFitPredict],sktime/classification/tests/test_all_classifiers.py::TestAllClassifiers::test_classifier_output[ShapeDTW-1-ClassifierFitPredict],setup,0.0,140.53
before,34,test_classifier_output[ShapeDTW-1-ClassifierFitPredictThreeClasses],sktime/classification/tests/test_all_classifiers.py::TestAllClassifiers::test_classifier_output[ShapeDTW-1-ClassifierFitPredictThreeClasses],setup,0.0,140.53
before,34,test_multioutput[ShapeDTW-1],sktime/classification/tests/test_all_classifiers.py::TestAllClassifiers::test_multioutput[ShapeDTW-1],setup,0.0,140.53
before,34,test_multivariate_input_exception[ShapeDTW-0],sktime/classification/tests/test_all_classifiers.py::TestAllClassifiers::test_multivariate_input_exception[ShapeDTW-0],setup,0.0,140.53
before,34,test_handles_single_class[ShapeDTW-0],sktime/classification/tests/test_all_classifiers.py::TestAllClassifiers::test_handles_single_class[ShapeDTW-0],setup,0.0,140.53
before,34,test_multivariate_input_exception[ShapeDTW-1],sktime/classification/tests/test_all_classifiers.py::TestAllClassifiers::test_multivariate_input_exception[ShapeDTW-1],setup,0.0,140.53
before,34,test_handles_single_class[ShapeDTW-1],sktime/classification/tests/test_all_classifiers.py::TestAllClassifiers::test_handles_single_class[ShapeDTW-1],setup,0.0,140.53
before,34,test_classifier_output[ShapeDTW-0-ClassifierFitPredict],sktime/classification/tests/test_all_classifiers.py::TestAllClassifiers::test_classifier_output[ShapeDTW-0-ClassifierFitPredict],setup,0.0,140.53
before,34,test_classifier_output[ShapeDTW-0-ClassifierFitPredictThreeClasses],sktime/classification/tests/test_all_classifiers.py::TestAllClassifiers::test_classifier_output[ShapeDTW-0-ClassifierFitPredictThreeClasses],setup,0.0,140.53
before,34,test_multioutput[ShapeDTW-0],sktime/classification/tests/test_all_classifiers.py::TestAllClassifiers::test_multioutput[ShapeDTW-0],setup,0.0,140.53
before,34,test_classifier_on_basic_motions[ShapeDTW],sktime/classification/tests/test_all_classifiers.py::TestAllClassifiers::test_classifier_on_basic_motions[ShapeDTW],setup,0.0,140.53
before,34,test_multioutput[ShapeDTW-1],sktime/classification/tests/test_all_classifiers.py::TestAllClassifiers::test_multioutput[ShapeDTW-1],teardown,0.0,140.53
before,34,test_classifier_output[ShapeDTW-1-ClassifierFitPredict],sktime/classification/tests/test_all_classifiers.py::TestAllClassifiers::test_classifier_output[ShapeDTW-1-ClassifierFitPredict],teardown,0.0,140.53
before,34,test_classifier_output[ShapeDTW-1-ClassifierFitPredictThreeClasses],sktime/classification/tests/test_all_classifiers.py::TestAllClassifiers::test_classifier_output[ShapeDTW-1-ClassifierFitPredictThreeClasses],teardown,0.0,140.53
before,34,test_classifier_output[ShapeDTW-0-ClassifierFitPredict],sktime/classification/tests/test_all_classifiers.py::TestAllClassifiers::test_classifier_output[ShapeDTW-0-ClassifierFitPredict],teardown,0.0,140.53
before,34,test_classifier_output[ShapeDTW-0-ClassifierFitPredictThreeClasses],sktime/classification/tests/test_all_classifiers.py::TestAllClassifiers::test_classifier_output[ShapeDTW-0-ClassifierFitPredictThreeClasses],teardown,0.0,140.53
before,34,test_multioutput[ShapeDTW-0],sktime/classification/tests/test_all_classifiers.py::TestAllClassifiers::test_multioutput[ShapeDTW-0],teardown,0.0,140.53
before,34,test_classifier_on_unit_test_data[ShapeDTW],sktime/classification/tests/test_all_classifiers.py::TestAllClassifiers::test_classifier_on_unit_test_data[ShapeDTW],teardown,0.0,140.53
before,34,test_handles_single_class[ShapeDTW-0],sktime/classification/tests/test_all_classifiers.py::TestAllClassifiers::test_handles_single_class[ShapeDTW-0],teardown,0.0,140.53
before,34,test_classifier_on_basic_motions[ShapeDTW],sktime/classification/tests/test_all_classifiers.py::TestAllClassifiers::test_classifier_on_basic_motions[ShapeDTW],call,0.0,140.53
before,34,test_multivariate_input_exception[ShapeDTW-1],sktime/classification/tests/test_all_classifiers.py::TestAllClassifiers::test_multivariate_input_exception[ShapeDTW-1],teardown,0.0,140.53
before,34,test_classifier_on_basic_motions[ShapeDTW],sktime/classification/tests/test_all_classifiers.py::TestAllClassifiers::test_classifier_on_basic_motions[ShapeDTW],teardown,0.0,140.53
before,34,test_handles_single_class[ShapeDTW-1],sktime/classification/tests/test_all_classifiers.py::TestAllClassifiers::test_handles_single_class[ShapeDTW-1],teardown,0.0,140.53
before,34,test_multivariate_input_exception[ShapeDTW-0],sktime/classification/tests/test_all_classifiers.py::TestAllClassifiers::test_multivariate_input_exception[ShapeDTW-0],teardown,0.0,140.53
before,35,test_multioutput[ShapeDTW-1],sktime/classification/tests/test_all_classifiers.py::TestAllClassifiers::test_multioutput[ShapeDTW-1],call,74.71,140.7
before,35,test_classifier_output[ShapeDTW-1-ClassifierFitPredictThreeClasses],sktime/classification/tests/test_all_classifiers.py::TestAllClassifiers::test_classifier_output[ShapeDTW-1-ClassifierFitPredictThreeClasses],call,34.74,140.7
before,35,test_classifier_output[ShapeDTW-1-ClassifierFitPredict],sktime/classification/tests/test_all_classifiers.py::TestAllClassifiers::test_classifier_output[ShapeDTW-1-ClassifierFitPredict],call,23.88,140.7
before,35,test_classifier_on_unit_test_data[ShapeDTW],sktime/classification/tests/test_all_classifiers.py::TestAllClassifiers::test_classifier_on_unit_test_data[ShapeDTW],call,0.83,140.7
before,35,test_multioutput[ShapeDTW-0],sktime/classification/tests/test_all_classifiers.py::TestAllClassifiers::test_multioutput[ShapeDTW-0],call,0.77,140.7
before,35,test_classifier_output[ShapeDTW-0-ClassifierFitPredictThreeClasses],sktime/classification/tests/test_all_classifiers.py::TestAllClassifiers::test_classifier_output[ShapeDTW-0-ClassifierFitPredictThreeClasses],call,0.54,140.7
before,35,test_classifier_output[ShapeDTW-0-ClassifierFitPredict],sktime/classification/tests/test_all_classifiers.py::TestAllClassifiers::test_classifier_output[ShapeDTW-0-ClassifierFitPredict],call,0.25,140.7
before,35,test_multivariate_input_exception[ShapeDTW-0],sktime/classification/tests/test_all_classifiers.py::TestAllClassifiers::test_multivariate_input_exception[ShapeDTW-0],call,0.01,140.7
before,35,test_multivariate_input_exception[ShapeDTW-1],sktime/classification/tests/test_all_classifiers.py::TestAllClassifiers::test_multivariate_input_exception[ShapeDTW-1],call,0.01,140.7
before,35,test_handles_single_class[ShapeDTW-0],sktime/classification/tests/test_all_classifiers.py::TestAllClassifiers::test_handles_single_class[ShapeDTW-0],call,0.0,140.7
before,35,test_handles_single_class[ShapeDTW-1],sktime/classification/tests/test_all_classifiers.py::TestAllClassifiers::test_handles_single_class[ShapeDTW-1],call,0.0,140.7
before,35,test_classifier_on_unit_test_data[ShapeDTW],sktime/classification/tests/test_all_classifiers.py::TestAllClassifiers::test_classifier_on_unit_test_data[ShapeDTW],setup,0.0,140.7
before,35,test_classifier_output[ShapeDTW-1-ClassifierFitPredictThreeClasses],sktime/classification/tests/test_all_classifiers.py::TestAllClassifiers::test_classifier_output[ShapeDTW-1-ClassifierFitPredictThreeClasses],setup,0.0,140.7
before,35,test_multivariate_input_exception[ShapeDTW-0],sktime/classification/tests/test_all_classifiers.py::TestAllClassifiers::test_multivariate_input_exception[ShapeDTW-0],setup,0.0,140.7
before,35,test_multioutput[ShapeDTW-0],sktime/classification/tests/test_all_classifiers.py::TestAllClassifiers::test_multioutput[ShapeDTW-0],setup,0.0,140.7
before,35,test_multioutput[ShapeDTW-1],sktime/classification/tests/test_all_classifiers.py::TestAllClassifiers::test_multioutput[ShapeDTW-1],setup,0.0,140.7
before,35,test_handles_single_class[ShapeDTW-0],sktime/classification/tests/test_all_classifiers.py::TestAllClassifiers::test_handles_single_class[ShapeDTW-0],setup,0.0,140.7
before,35,test_classifier_output[ShapeDTW-1-ClassifierFitPredict],sktime/classification/tests/test_all_classifiers.py::TestAllClassifiers::test_classifier_output[ShapeDTW-1-ClassifierFitPredict],setup,0.0,140.7
before,35,test_multivariate_input_exception[ShapeDTW-1],sktime/classification/tests/test_all_classifiers.py::TestAllClassifiers::test_multivariate_input_exception[ShapeDTW-1],setup,0.0,140.7
before,35,test_classifier_output[ShapeDTW-0-ClassifierFitPredict],sktime/classification/tests/test_all_classifiers.py::TestAllClassifiers::test_classifier_output[ShapeDTW-0-ClassifierFitPredict],setup,0.0,140.7
before,35,test_handles_single_class[ShapeDTW-1],sktime/classification/tests/test_all_classifiers.py::TestAllClassifiers::test_handles_single_class[ShapeDTW-1],setup,0.0,140.7
before,35,test_classifier_output[ShapeDTW-0-ClassifierFitPredictThreeClasses],sktime/classification/tests/test_all_classifiers.py::TestAllClassifiers::test_classifier_output[ShapeDTW-0-ClassifierFitPredictThreeClasses],setup,0.0,140.7
before,35,test_classifier_output[ShapeDTW-0-ClassifierFitPredict],sktime/classification/tests/test_all_classifiers.py::TestAllClassifiers::test_classifier_output[ShapeDTW-0-ClassifierFitPredict],teardown,0.0,140.7
before,35,test_multioutput[ShapeDTW-1],sktime/classification/tests/test_all_classifiers.py::TestAllClassifiers::test_multioutput[ShapeDTW-1],teardown,0.0,140.7
before,35,test_classifier_on_basic_motions[ShapeDTW],sktime/classification/tests/test_all_classifiers.py::TestAllClassifiers::test_classifier_on_basic_motions[ShapeDTW],setup,0.0,140.7
before,35,test_classifier_output[ShapeDTW-0-ClassifierFitPredictThreeClasses],sktime/classification/tests/test_all_classifiers.py::TestAllClassifiers::test_classifier_output[ShapeDTW-0-ClassifierFitPredictThreeClasses],teardown,0.0,140.7
before,35,test_classifier_output[ShapeDTW-1-ClassifierFitPredict],sktime/classification/tests/test_all_classifiers.py::TestAllClassifiers::test_classifier_output[ShapeDTW-1-ClassifierFitPredict],teardown,0.0,140.7
before,35,test_classifier_output[ShapeDTW-1-ClassifierFitPredictThreeClasses],sktime/classification/tests/test_all_classifiers.py::TestAllClassifiers::test_classifier_output[ShapeDTW-1-ClassifierFitPredictThreeClasses],teardown,0.0,140.7
before,35,test_classifier_on_unit_test_data[ShapeDTW],sktime/classification/tests/test_all_classifiers.py::TestAllClassifiers::test_classifier_on_unit_test_data[ShapeDTW],teardown,0.0,140.7
before,35,test_multioutput[ShapeDTW-0],sktime/classification/tests/test_all_classifiers.py::TestAllClassifiers::test_multioutput[ShapeDTW-0],teardown,0.0,140.7
before,35,test_multivariate_input_exception[ShapeDTW-0],sktime/classification/tests/test_all_classifiers.py::TestAllClassifiers::test_multivariate_input_exception[ShapeDTW-0],teardown,0.0,140.7
before,35,test_handles_single_class[ShapeDTW-0],sktime/classification/tests/test_all_classifiers.py::TestAllClassifiers::test_handles_single_class[ShapeDTW-0],teardown,0.0,140.7
before,35,test_multivariate_input_exception[ShapeDTW-1],sktime/classification/tests/test_all_classifiers.py::TestAllClassifiers::test_multivariate_input_exception[ShapeDTW-1],teardown,0.0,140.7
before,35,test_handles_single_class[ShapeDTW-1],sktime/classification/tests/test_all_classifiers.py::TestAllClassifiers::test_handles_single_class[ShapeDTW-1],teardown,0.0,140.7
before,35,test_classifier_on_basic_motions[ShapeDTW],sktime/classification/tests/test_all_classifiers.py::TestAllClassifiers::test_classifier_on_basic_motions[ShapeDTW],teardown,0.0,140.7
before,35,test_classifier_on_basic_motions[ShapeDTW],sktime/classification/tests/test_all_classifiers.py::TestAllClassifiers::test_classifier_on_basic_motions[ShapeDTW],call,0.0,140.7
before,36,test_multioutput[ShapeDTW-1],sktime/classification/tests/test_all_classifiers.py::TestAllClassifiers::test_multioutput[ShapeDTW-1],call,74.95,140.82
before,36,test_classifier_output[ShapeDTW-1-ClassifierFitPredictThreeClasses],sktime/classification/tests/test_all_classifiers.py::TestAllClassifiers::test_classifier_output[ShapeDTW-1-ClassifierFitPredictThreeClasses],call,34.95,140.82
before,36,test_classifier_output[ShapeDTW-1-ClassifierFitPredict],sktime/classification/tests/test_all_classifiers.py::TestAllClassifiers::test_classifier_output[ShapeDTW-1-ClassifierFitPredict],call,23.85,140.82
before,36,test_multioutput[ShapeDTW-0],sktime/classification/tests/test_all_classifiers.py::TestAllClassifiers::test_multioutput[ShapeDTW-0],call,1.03,140.82
before,36,test_classifier_on_unit_test_data[ShapeDTW],sktime/classification/tests/test_all_classifiers.py::TestAllClassifiers::test_classifier_on_unit_test_data[ShapeDTW],call,0.47,140.82
before,36,test_classifier_output[ShapeDTW-0-ClassifierFitPredictThreeClasses],sktime/classification/tests/test_all_classifiers.py::TestAllClassifiers::test_classifier_output[ShapeDTW-0-ClassifierFitPredictThreeClasses],call,0.32,140.82
before,36,test_classifier_output[ShapeDTW-0-ClassifierFitPredict],sktime/classification/tests/test_all_classifiers.py::TestAllClassifiers::test_classifier_output[ShapeDTW-0-ClassifierFitPredict],call,0.25,140.82
before,36,test_multivariate_input_exception[ShapeDTW-0],sktime/classification/tests/test_all_classifiers.py::TestAllClassifiers::test_multivariate_input_exception[ShapeDTW-0],call,0.01,140.82
before,36,test_multivariate_input_exception[ShapeDTW-1],sktime/classification/tests/test_all_classifiers.py::TestAllClassifiers::test_multivariate_input_exception[ShapeDTW-1],call,0.01,140.82
before,36,test_handles_single_class[ShapeDTW-0],sktime/classification/tests/test_all_classifiers.py::TestAllClassifiers::test_handles_single_class[ShapeDTW-0],call,0.01,140.82
before,36,test_handles_single_class[ShapeDTW-1],sktime/classification/tests/test_all_classifiers.py::TestAllClassifiers::test_handles_single_class[ShapeDTW-1],call,0.0,140.82
before,36,test_handles_single_class[ShapeDTW-0],sktime/classification/tests/test_all_classifiers.py::TestAllClassifiers::test_handles_single_class[ShapeDTW-0],setup,0.0,140.82
before,36,test_classifier_output[ShapeDTW-1-ClassifierFitPredict],sktime/classification/tests/test_all_classifiers.py::TestAllClassifiers::test_classifier_output[ShapeDTW-1-ClassifierFitPredict],setup,0.0,140.82
before,36,test_classifier_output[ShapeDTW-0-ClassifierFitPredict],sktime/classification/tests/test_all_classifiers.py::TestAllClassifiers::test_classifier_output[ShapeDTW-0-ClassifierFitPredict],setup,0.0,140.82
before,36,test_multioutput[ShapeDTW-0],sktime/classification/tests/test_all_classifiers.py::TestAllClassifiers::test_multioutput[ShapeDTW-0],setup,0.0,140.82
before,36,test_multivariate_input_exception[ShapeDTW-0],sktime/classification/tests/test_all_classifiers.py::TestAllClassifiers::test_multivariate_input_exception[ShapeDTW-0],setup,0.0,140.82
before,36,test_multivariate_input_exception[ShapeDTW-1],sktime/classification/tests/test_all_classifiers.py::TestAllClassifiers::test_multivariate_input_exception[ShapeDTW-1],setup,0.0,140.82
before,36,test_multioutput[ShapeDTW-1],sktime/classification/tests/test_all_classifiers.py::TestAllClassifiers::test_multioutput[ShapeDTW-1],setup,0.0,140.82
before,36,test_classifier_output[ShapeDTW-0-ClassifierFitPredictThreeClasses],sktime/classification/tests/test_all_classifiers.py::TestAllClassifiers::test_classifier_output[ShapeDTW-0-ClassifierFitPredictThreeClasses],setup,0.0,140.82
before,36,test_handles_single_class[ShapeDTW-1],sktime/classification/tests/test_all_classifiers.py::TestAllClassifiers::test_handles_single_class[ShapeDTW-1],setup,0.0,140.82
before,36,test_classifier_output[ShapeDTW-1-ClassifierFitPredictThreeClasses],sktime/classification/tests/test_all_classifiers.py::TestAllClassifiers::test_classifier_output[ShapeDTW-1-ClassifierFitPredictThreeClasses],setup,0.0,140.82
before,36,test_classifier_on_unit_test_data[ShapeDTW],sktime/classification/tests/test_all_classifiers.py::TestAllClassifiers::test_classifier_on_unit_test_data[ShapeDTW],setup,0.0,140.82
before,36,test_classifier_output[ShapeDTW-1-ClassifierFitPredict],sktime/classification/tests/test_all_classifiers.py::TestAllClassifiers::test_classifier_output[ShapeDTW-1-ClassifierFitPredict],teardown,0.0,140.82
before,36,test_classifier_on_basic_motions[ShapeDTW],sktime/classification/tests/test_all_classifiers.py::TestAllClassifiers::test_classifier_on_basic_motions[ShapeDTW],setup,0.0,140.82
before,36,test_classifier_output[ShapeDTW-0-ClassifierFitPredictThreeClasses],sktime/classification/tests/test_all_classifiers.py::TestAllClassifiers::test_classifier_output[ShapeDTW-0-ClassifierFitPredictThreeClasses],teardown,0.0,140.82
before,36,test_multioutput[ShapeDTW-1],sktime/classification/tests/test_all_classifiers.py::TestAllClassifiers::test_multioutput[ShapeDTW-1],teardown,0.0,140.82
before,36,test_classifier_output[ShapeDTW-0-ClassifierFitPredict],sktime/classification/tests/test_all_classifiers.py::TestAllClassifiers::test_classifier_output[ShapeDTW-0-ClassifierFitPredict],teardown,0.0,140.82
before,36,test_classifier_on_unit_test_data[ShapeDTW],sktime/classification/tests/test_all_classifiers.py::TestAllClassifiers::test_classifier_on_unit_test_data[ShapeDTW],teardown,0.0,140.82
before,36,test_multioutput[ShapeDTW-0],sktime/classification/tests/test_all_classifiers.py::TestAllClassifiers::test_multioutput[ShapeDTW-0],teardown,0.0,140.82
before,36,test_classifier_output[ShapeDTW-1-ClassifierFitPredictThreeClasses],sktime/classification/tests/test_all_classifiers.py::TestAllClassifiers::test_classifier_output[ShapeDTW-1-ClassifierFitPredictThreeClasses],teardown,0.0,140.82
before,36,test_handles_single_class[ShapeDTW-0],sktime/classification/tests/test_all_classifiers.py::TestAllClassifiers::test_handles_single_class[ShapeDTW-0],teardown,0.0,140.82
before,36,test_multivariate_input_exception[ShapeDTW-1],sktime/classification/tests/test_all_classifiers.py::TestAllClassifiers::test_multivariate_input_exception[ShapeDTW-1],teardown,0.0,140.82
before,36,test_multivariate_input_exception[ShapeDTW-0],sktime/classification/tests/test_all_classifiers.py::TestAllClassifiers::test_multivariate_input_exception[ShapeDTW-0],teardown,0.0,140.82
before,36,test_handles_single_class[ShapeDTW-1],sktime/classification/tests/test_all_classifiers.py::TestAllClassifiers::test_handles_single_class[ShapeDTW-1],teardown,0.0,140.82
before,36,test_classifier_on_basic_motions[ShapeDTW],sktime/classification/tests/test_all_classifiers.py::TestAllClassifiers::test_classifier_on_basic_motions[ShapeDTW],teardown,0.0,140.82
before,36,test_classifier_on_basic_motions[ShapeDTW],sktime/classification/tests/test_all_classifiers.py::TestAllClassifiers::test_classifier_on_basic_motions[ShapeDTW],call,0.0,140.82
before,37,test_multioutput[ShapeDTW-1],sktime/classification/tests/test_all_classifiers.py::TestAllClassifiers::test_multioutput[ShapeDTW-1],call,73.98,138.99
before,37,test_classifier_output[ShapeDTW-1-ClassifierFitPredictThreeClasses],sktime/classification/tests/test_all_classifiers.py::TestAllClassifiers::test_classifier_output[ShapeDTW-1-ClassifierFitPredictThreeClasses],call,34.62,138.99
before,37,test_classifier_output[ShapeDTW-1-ClassifierFitPredict],sktime/classification/tests/test_all_classifiers.py::TestAllClassifiers::test_classifier_output[ShapeDTW-1-ClassifierFitPredict],call,23.41,138.99
before,37,test_multioutput[ShapeDTW-0],sktime/classification/tests/test_all_classifiers.py::TestAllClassifiers::test_multioutput[ShapeDTW-0],call,0.76,138.99
before,37,test_classifier_output[ShapeDTW-0-ClassifierFitPredict],sktime/classification/tests/test_all_classifiers.py::TestAllClassifiers::test_classifier_output[ShapeDTW-0-ClassifierFitPredict],call,0.5,138.99
before,37,test_classifier_on_unit_test_data[ShapeDTW],sktime/classification/tests/test_all_classifiers.py::TestAllClassifiers::test_classifier_on_unit_test_data[ShapeDTW],call,0.45,138.99
before,37,test_classifier_output[ShapeDTW-0-ClassifierFitPredictThreeClasses],sktime/classification/tests/test_all_classifiers.py::TestAllClassifiers::test_classifier_output[ShapeDTW-0-ClassifierFitPredictThreeClasses],call,0.31,138.99
before,37,test_multivariate_input_exception[ShapeDTW-1],sktime/classification/tests/test_all_classifiers.py::TestAllClassifiers::test_multivariate_input_exception[ShapeDTW-1],call,0.01,138.99
before,37,test_multivariate_input_exception[ShapeDTW-0],sktime/classification/tests/test_all_classifiers.py::TestAllClassifiers::test_multivariate_input_exception[ShapeDTW-0],call,0.01,138.99
before,37,test_handles_single_class[ShapeDTW-1],sktime/classification/tests/test_all_classifiers.py::TestAllClassifiers::test_handles_single_class[ShapeDTW-1],call,0.0,138.99
before,37,test_handles_single_class[ShapeDTW-0],sktime/classification/tests/test_all_classifiers.py::TestAllClassifiers::test_handles_single_class[ShapeDTW-0],call,0.0,138.99
before,37,test_classifier_output[ShapeDTW-1-ClassifierFitPredictThreeClasses],sktime/classification/tests/test_all_classifiers.py::TestAllClassifiers::test_classifier_output[ShapeDTW-1-ClassifierFitPredictThreeClasses],setup,0.0,138.99
before,37,test_classifier_output[ShapeDTW-0-ClassifierFitPredictThreeClasses],sktime/classification/tests/test_all_classifiers.py::TestAllClassifiers::test_classifier_output[ShapeDTW-0-ClassifierFitPredictThreeClasses],setup,0.0,138.99
before,37,test_classifier_output[ShapeDTW-0-ClassifierFitPredict],sktime/classification/tests/test_all_classifiers.py::TestAllClassifiers::test_classifier_output[ShapeDTW-0-ClassifierFitPredict],setup,0.0,138.99
before,37,test_multioutput[ShapeDTW-0],sktime/classification/tests/test_all_classifiers.py::TestAllClassifiers::test_multioutput[ShapeDTW-0],setup,0.0,138.99
before,37,test_multivariate_input_exception[ShapeDTW-1],sktime/classification/tests/test_all_classifiers.py::TestAllClassifiers::test_multivariate_input_exception[ShapeDTW-1],setup,0.0,138.99
before,37,test_handles_single_class[ShapeDTW-1],sktime/classification/tests/test_all_classifiers.py::TestAllClassifiers::test_handles_single_class[ShapeDTW-1],setup,0.0,138.99
before,37,test_multioutput[ShapeDTW-1],sktime/classification/tests/test_all_classifiers.py::TestAllClassifiers::test_multioutput[ShapeDTW-1],setup,0.0,138.99
before,37,test_classifier_output[ShapeDTW-1-ClassifierFitPredict],sktime/classification/tests/test_all_classifiers.py::TestAllClassifiers::test_classifier_output[ShapeDTW-1-ClassifierFitPredict],setup,0.0,138.99
before,37,test_multivariate_input_exception[ShapeDTW-0],sktime/classification/tests/test_all_classifiers.py::TestAllClassifiers::test_multivariate_input_exception[ShapeDTW-0],setup,0.0,138.99
before,37,test_handles_single_class[ShapeDTW-0],sktime/classification/tests/test_all_classifiers.py::TestAllClassifiers::test_handles_single_class[ShapeDTW-0],setup,0.0,138.99
before,37,test_classifier_on_unit_test_data[ShapeDTW],sktime/classification/tests/test_all_classifiers.py::TestAllClassifiers::test_classifier_on_unit_test_data[ShapeDTW],setup,0.0,138.99
before,37,test_classifier_output[ShapeDTW-1-ClassifierFitPredictThreeClasses],sktime/classification/tests/test_all_classifiers.py::TestAllClassifiers::test_classifier_output[ShapeDTW-1-ClassifierFitPredictThreeClasses],teardown,0.0,138.99
before,37,test_multioutput[ShapeDTW-0],sktime/classification/tests/test_all_classifiers.py::TestAllClassifiers::test_multioutput[ShapeDTW-0],teardown,0.0,138.99
before,37,test_multioutput[ShapeDTW-1],sktime/classification/tests/test_all_classifiers.py::TestAllClassifiers::test_multioutput[ShapeDTW-1],teardown,0.0,138.99
before,37,test_classifier_output[ShapeDTW-0-ClassifierFitPredict],sktime/classification/tests/test_all_classifiers.py::TestAllClassifiers::test_classifier_output[ShapeDTW-0-ClassifierFitPredict],teardown,0.0,138.99
before,37,test_classifier_on_unit_test_data[ShapeDTW],sktime/classification/tests/test_all_classifiers.py::TestAllClassifiers::test_classifier_on_unit_test_data[ShapeDTW],teardown,0.0,138.99
before,37,test_classifier_output[ShapeDTW-1-ClassifierFitPredict],sktime/classification/tests/test_all_classifiers.py::TestAllClassifiers::test_classifier_output[ShapeDTW-1-ClassifierFitPredict],teardown,0.0,138.99
before,37,test_classifier_output[ShapeDTW-0-ClassifierFitPredictThreeClasses],sktime/classification/tests/test_all_classifiers.py::TestAllClassifiers::test_classifier_output[ShapeDTW-0-ClassifierFitPredictThreeClasses],teardown,0.0,138.99
before,37,test_classifier_on_basic_motions[ShapeDTW],sktime/classification/tests/test_all_classifiers.py::TestAllClassifiers::test_classifier_on_basic_motions[ShapeDTW],setup,0.0,138.99
before,37,test_multivariate_input_exception[ShapeDTW-1],sktime/classification/tests/test_all_classifiers.py::TestAllClassifiers::test_multivariate_input_exception[ShapeDTW-1],teardown,0.0,138.99
before,37,test_classifier_on_basic_motions[ShapeDTW],sktime/classification/tests/test_all_classifiers.py::TestAllClassifiers::test_classifier_on_basic_motions[ShapeDTW],teardown,0.0,138.99
before,37,test_handles_single_class[ShapeDTW-0],sktime/classification/tests/test_all_classifiers.py::TestAllClassifiers::test_handles_single_class[ShapeDTW-0],teardown,0.0,138.99
before,37,test_classifier_on_basic_motions[ShapeDTW],sktime/classification/tests/test_all_classifiers.py::TestAllClassifiers::test_classifier_on_basic_motions[ShapeDTW],call,0.0,138.99
before,37,test_handles_single_class[ShapeDTW-1],sktime/classification/tests/test_all_classifiers.py::TestAllClassifiers::test_handles_single_class[ShapeDTW-1],teardown,0.0,138.99
before,37,test_multivariate_input_exception[ShapeDTW-0],sktime/classification/tests/test_all_classifiers.py::TestAllClassifiers::test_multivariate_input_exception[ShapeDTW-0],teardown,0.0,138.99
before,38,test_multioutput[ShapeDTW-1],sktime/classification/tests/test_all_classifiers.py::TestAllClassifiers::test_multioutput[ShapeDTW-1],call,74.51,140.11
before,38,test_classifier_output[ShapeDTW-1-ClassifierFitPredictThreeClasses],sktime/classification/tests/test_all_classifiers.py::TestAllClassifiers::test_classifier_output[ShapeDTW-1-ClassifierFitPredictThreeClasses],call,34.91,140.11
before,38,test_classifier_output[ShapeDTW-1-ClassifierFitPredict],sktime/classification/tests/test_all_classifiers.py::TestAllClassifiers::test_classifier_output[ShapeDTW-1-ClassifierFitPredict],call,23.52,140.11
before,38,test_multioutput[ShapeDTW-0],sktime/classification/tests/test_all_classifiers.py::TestAllClassifiers::test_multioutput[ShapeDTW-0],call,0.76,140.11
before,38,test_classifier_output[ShapeDTW-0-ClassifierFitPredict],sktime/classification/tests/test_all_classifiers.py::TestAllClassifiers::test_classifier_output[ShapeDTW-0-ClassifierFitPredict],call,0.62,140.11
before,38,test_classifier_on_unit_test_data[ShapeDTW],sktime/classification/tests/test_all_classifiers.py::TestAllClassifiers::test_classifier_on_unit_test_data[ShapeDTW],call,0.46,140.11
before,38,test_classifier_output[ShapeDTW-0-ClassifierFitPredictThreeClasses],sktime/classification/tests/test_all_classifiers.py::TestAllClassifiers::test_classifier_output[ShapeDTW-0-ClassifierFitPredictThreeClasses],call,0.32,140.11
before,38,test_multivariate_input_exception[ShapeDTW-0],sktime/classification/tests/test_all_classifiers.py::TestAllClassifiers::test_multivariate_input_exception[ShapeDTW-0],call,0.01,140.11
before,38,test_multivariate_input_exception[ShapeDTW-1],sktime/classification/tests/test_all_classifiers.py::TestAllClassifiers::test_multivariate_input_exception[ShapeDTW-1],call,0.01,140.11
before,38,test_handles_single_class[ShapeDTW-1],sktime/classification/tests/test_all_classifiers.py::TestAllClassifiers::test_handles_single_class[ShapeDTW-1],call,0.01,140.11
before,38,test_handles_single_class[ShapeDTW-0],sktime/classification/tests/test_all_classifiers.py::TestAllClassifiers::test_handles_single_class[ShapeDTW-0],call,0.0,140.11
before,38,test_handles_single_class[ShapeDTW-1],sktime/classification/tests/test_all_classifiers.py::TestAllClassifiers::test_handles_single_class[ShapeDTW-1],setup,0.0,140.11
before,38,test_classifier_output[ShapeDTW-1-ClassifierFitPredictThreeClasses],sktime/classification/tests/test_all_classifiers.py::TestAllClassifiers::test_classifier_output[ShapeDTW-1-ClassifierFitPredictThreeClasses],setup,0.0,140.11
before,38,test_multivariate_input_exception[ShapeDTW-0],sktime/classification/tests/test_all_classifiers.py::TestAllClassifiers::test_multivariate_input_exception[ShapeDTW-0],setup,0.0,140.11
before,38,test_multioutput[ShapeDTW-0],sktime/classification/tests/test_all_classifiers.py::TestAllClassifiers::test_multioutput[ShapeDTW-0],setup,0.0,140.11
before,38,test_classifier_output[ShapeDTW-0-ClassifierFitPredictThreeClasses],sktime/classification/tests/test_all_classifiers.py::TestAllClassifiers::test_classifier_output[ShapeDTW-0-ClassifierFitPredictThreeClasses],teardown,0.0,140.11
before,38,test_multioutput[ShapeDTW-1],sktime/classification/tests/test_all_classifiers.py::TestAllClassifiers::test_multioutput[ShapeDTW-1],setup,0.0,140.11
before,38,test_classifier_output[ShapeDTW-0-ClassifierFitPredictThreeClasses],sktime/classification/tests/test_all_classifiers.py::TestAllClassifiers::test_classifier_output[ShapeDTW-0-ClassifierFitPredictThreeClasses],setup,0.0,140.11
before,38,test_classifier_output[ShapeDTW-0-ClassifierFitPredict],sktime/classification/tests/test_all_classifiers.py::TestAllClassifiers::test_classifier_output[ShapeDTW-0-ClassifierFitPredict],setup,0.0,140.11
before,38,test_classifier_output[ShapeDTW-1-ClassifierFitPredict],sktime/classification/tests/test_all_classifiers.py::TestAllClassifiers::test_classifier_output[ShapeDTW-1-ClassifierFitPredict],setup,0.0,140.11
before,38,test_handles_single_class[ShapeDTW-0],sktime/classification/tests/test_all_classifiers.py::TestAllClassifiers::test_handles_single_class[ShapeDTW-0],setup,0.0,140.11
before,38,test_multivariate_input_exception[ShapeDTW-1],sktime/classification/tests/test_all_classifiers.py::TestAllClassifiers::test_multivariate_input_exception[ShapeDTW-1],setup,0.0,140.11
before,38,test_classifier_on_basic_motions[ShapeDTW],sktime/classification/tests/test_all_classifiers.py::TestAllClassifiers::test_classifier_on_basic_motions[ShapeDTW],setup,0.0,140.11
before,38,test_classifier_on_unit_test_data[ShapeDTW],sktime/classification/tests/test_all_classifiers.py::TestAllClassifiers::test_classifier_on_unit_test_data[ShapeDTW],setup,0.0,140.11
before,38,test_classifier_output[ShapeDTW-1-ClassifierFitPredictThreeClasses],sktime/classification/tests/test_all_classifiers.py::TestAllClassifiers::test_classifier_output[ShapeDTW-1-ClassifierFitPredictThreeClasses],teardown,0.0,140.11
before,38,test_multioutput[ShapeDTW-1],sktime/classification/tests/test_all_classifiers.py::TestAllClassifiers::test_multioutput[ShapeDTW-1],teardown,0.0,140.11
before,38,test_classifier_output[ShapeDTW-0-ClassifierFitPredict],sktime/classification/tests/test_all_classifiers.py::TestAllClassifiers::test_classifier_output[ShapeDTW-0-ClassifierFitPredict],teardown,0.0,140.11
before,38,test_classifier_output[ShapeDTW-1-ClassifierFitPredict],sktime/classification/tests/test_all_classifiers.py::TestAllClassifiers::test_classifier_output[ShapeDTW-1-ClassifierFitPredict],teardown,0.0,140.11
before,38,test_classifier_on_unit_test_data[ShapeDTW],sktime/classification/tests/test_all_classifiers.py::TestAllClassifiers::test_classifier_on_unit_test_data[ShapeDTW],teardown,0.0,140.11
before,38,test_multioutput[ShapeDTW-0],sktime/classification/tests/test_all_classifiers.py::TestAllClassifiers::test_multioutput[ShapeDTW-0],teardown,0.0,140.11
before,38,test_handles_single_class[ShapeDTW-1],sktime/classification/tests/test_all_classifiers.py::TestAllClassifiers::test_handles_single_class[ShapeDTW-1],teardown,0.0,140.11
before,38,test_multivariate_input_exception[ShapeDTW-1],sktime/classification/tests/test_all_classifiers.py::TestAllClassifiers::test_multivariate_input_exception[ShapeDTW-1],teardown,0.0,140.11
before,38,test_classifier_on_basic_motions[ShapeDTW],sktime/classification/tests/test_all_classifiers.py::TestAllClassifiers::test_classifier_on_basic_motions[ShapeDTW],call,0.0,140.11
before,38,test_handles_single_class[ShapeDTW-0],sktime/classification/tests/test_all_classifiers.py::TestAllClassifiers::test_handles_single_class[ShapeDTW-0],teardown,0.0,140.11
before,38,test_multivariate_input_exception[ShapeDTW-0],sktime/classification/tests/test_all_classifiers.py::TestAllClassifiers::test_multivariate_input_exception[ShapeDTW-0],teardown,0.0,140.11
before,38,test_classifier_on_basic_motions[ShapeDTW],sktime/classification/tests/test_all_classifiers.py::TestAllClassifiers::test_classifier_on_basic_motions[ShapeDTW],teardown,0.0,140.11
before,39,test_multioutput[ShapeDTW-1],sktime/classification/tests/test_all_classifiers.py::TestAllClassifiers::test_multioutput[ShapeDTW-1],call,74.39,139.96
before,39,test_classifier_output[ShapeDTW-1-ClassifierFitPredictThreeClasses],sktime/classification/tests/test_all_classifiers.py::TestAllClassifiers::test_classifier_output[ShapeDTW-1-ClassifierFitPredictThreeClasses],call,34.43,139.96
before,39,test_classifier_output[ShapeDTW-1-ClassifierFitPredict],sktime/classification/tests/test_all_classifiers.py::TestAllClassifiers::test_classifier_output[ShapeDTW-1-ClassifierFitPredict],call,23.76,139.96
before,39,test_multioutput[ShapeDTW-0],sktime/classification/tests/test_all_classifiers.py::TestAllClassifiers::test_multioutput[ShapeDTW-0],call,0.99,139.96
before,39,test_classifier_output[ShapeDTW-0-ClassifierFitPredictThreeClasses],sktime/classification/tests/test_all_classifiers.py::TestAllClassifiers::test_classifier_output[ShapeDTW-0-ClassifierFitPredictThreeClasses],call,0.69,139.96
before,39,test_classifier_on_unit_test_data[ShapeDTW],sktime/classification/tests/test_all_classifiers.py::TestAllClassifiers::test_classifier_on_unit_test_data[ShapeDTW],call,0.46,139.96
before,39,test_classifier_output[ShapeDTW-0-ClassifierFitPredict],sktime/classification/tests/test_all_classifiers.py::TestAllClassifiers::test_classifier_output[ShapeDTW-0-ClassifierFitPredict],call,0.25,139.96
before,39,test_multivariate_input_exception[ShapeDTW-0],sktime/classification/tests/test_all_classifiers.py::TestAllClassifiers::test_multivariate_input_exception[ShapeDTW-0],call,0.01,139.96
before,39,test_multivariate_input_exception[ShapeDTW-1],sktime/classification/tests/test_all_classifiers.py::TestAllClassifiers::test_multivariate_input_exception[ShapeDTW-1],call,0.01,139.96
before,39,test_handles_single_class[ShapeDTW-1],sktime/classification/tests/test_all_classifiers.py::TestAllClassifiers::test_handles_single_class[ShapeDTW-1],call,0.0,139.96
before,39,test_handles_single_class[ShapeDTW-0],sktime/classification/tests/test_all_classifiers.py::TestAllClassifiers::test_handles_single_class[ShapeDTW-0],call,0.0,139.96
before,39,test_classifier_output[ShapeDTW-0-ClassifierFitPredictThreeClasses],sktime/classification/tests/test_all_classifiers.py::TestAllClassifiers::test_classifier_output[ShapeDTW-0-ClassifierFitPredictThreeClasses],setup,0.0,139.96
before,39,test_handles_single_class[ShapeDTW-1],sktime/classification/tests/test_all_classifiers.py::TestAllClassifiers::test_handles_single_class[ShapeDTW-1],setup,0.0,139.96
before,39,test_classifier_output[ShapeDTW-0-ClassifierFitPredict],sktime/classification/tests/test_all_classifiers.py::TestAllClassifiers::test_classifier_output[ShapeDTW-0-ClassifierFitPredict],setup,0.0,139.96
before,39,test_handles_single_class[ShapeDTW-0],sktime/classification/tests/test_all_classifiers.py::TestAllClassifiers::test_handles_single_class[ShapeDTW-0],setup,0.0,139.96
before,39,test_multioutput[ShapeDTW-0],sktime/classification/tests/test_all_classifiers.py::TestAllClassifiers::test_multioutput[ShapeDTW-0],setup,0.0,139.96
before,39,test_classifier_output[ShapeDTW-1-ClassifierFitPredict],sktime/classification/tests/test_all_classifiers.py::TestAllClassifiers::test_classifier_output[ShapeDTW-1-ClassifierFitPredict],setup,0.0,139.96
before,39,test_multivariate_input_exception[ShapeDTW-0],sktime/classification/tests/test_all_classifiers.py::TestAllClassifiers::test_multivariate_input_exception[ShapeDTW-0],setup,0.0,139.96
before,39,test_classifier_output[ShapeDTW-1-ClassifierFitPredictThreeClasses],sktime/classification/tests/test_all_classifiers.py::TestAllClassifiers::test_classifier_output[ShapeDTW-1-ClassifierFitPredictThreeClasses],setup,0.0,139.96
before,39,test_multioutput[ShapeDTW-1],sktime/classification/tests/test_all_classifiers.py::TestAllClassifiers::test_multioutput[ShapeDTW-1],setup,0.0,139.96
before,39,test_multivariate_input_exception[ShapeDTW-1],sktime/classification/tests/test_all_classifiers.py::TestAllClassifiers::test_multivariate_input_exception[ShapeDTW-1],setup,0.0,139.96
before,39,test_classifier_on_unit_test_data[ShapeDTW],sktime/classification/tests/test_all_classifiers.py::TestAllClassifiers::test_classifier_on_unit_test_data[ShapeDTW],setup,0.0,139.96
before,39,test_classifier_on_basic_motions[ShapeDTW],sktime/classification/tests/test_all_classifiers.py::TestAllClassifiers::test_classifier_on_basic_motions[ShapeDTW],setup,0.0,139.96
before,39,test_multioutput[ShapeDTW-1],sktime/classification/tests/test_all_classifiers.py::TestAllClassifiers::test_multioutput[ShapeDTW-1],teardown,0.0,139.96
before,39,test_classifier_output[ShapeDTW-0-ClassifierFitPredictThreeClasses],sktime/classification/tests/test_all_classifiers.py::TestAllClassifiers::test_classifier_output[ShapeDTW-0-ClassifierFitPredictThreeClasses],teardown,0.0,139.96
before,39,test_classifier_output[ShapeDTW-1-ClassifierFitPredict],sktime/classification/tests/test_all_classifiers.py::TestAllClassifiers::test_classifier_output[ShapeDTW-1-ClassifierFitPredict],teardown,0.0,139.96
before,39,test_classifier_output[ShapeDTW-1-ClassifierFitPredictThreeClasses],sktime/classification/tests/test_all_classifiers.py::TestAllClassifiers::test_classifier_output[ShapeDTW-1-ClassifierFitPredictThreeClasses],teardown,0.0,139.96
before,39,test_multioutput[ShapeDTW-0],sktime/classification/tests/test_all_classifiers.py::TestAllClassifiers::test_multioutput[ShapeDTW-0],teardown,0.0,139.96
before,39,test_classifier_output[ShapeDTW-0-ClassifierFitPredict],sktime/classification/tests/test_all_classifiers.py::TestAllClassifiers::test_classifier_output[ShapeDTW-0-ClassifierFitPredict],teardown,0.0,139.96
before,39,test_classifier_on_unit_test_data[ShapeDTW],sktime/classification/tests/test_all_classifiers.py::TestAllClassifiers::test_classifier_on_unit_test_data[ShapeDTW],teardown,0.0,139.96
before,39,test_classifier_on_basic_motions[ShapeDTW],sktime/classification/tests/test_all_classifiers.py::TestAllClassifiers::test_classifier_on_basic_motions[ShapeDTW],call,0.0,139.96
before,39,test_handles_single_class[ShapeDTW-1],sktime/classification/tests/test_all_classifiers.py::TestAllClassifiers::test_handles_single_class[ShapeDTW-1],teardown,0.0,139.96
before,39,test_multivariate_input_exception[ShapeDTW-1],sktime/classification/tests/test_all_classifiers.py::TestAllClassifiers::test_multivariate_input_exception[ShapeDTW-1],teardown,0.0,139.96
before,39,test_handles_single_class[ShapeDTW-0],sktime/classification/tests/test_all_classifiers.py::TestAllClassifiers::test_handles_single_class[ShapeDTW-0],teardown,0.0,139.96
before,39,test_multivariate_input_exception[ShapeDTW-0],sktime/classification/tests/test_all_classifiers.py::TestAllClassifiers::test_multivariate_input_exception[ShapeDTW-0],teardown,0.0,139.96
before,39,test_classifier_on_basic_motions[ShapeDTW],sktime/classification/tests/test_all_classifiers.py::TestAllClassifiers::test_classifier_on_basic_motions[ShapeDTW],teardown,0.0,139.96
before,40,test_multioutput[ShapeDTW-1],sktime/classification/tests/test_all_classifiers.py::TestAllClassifiers::test_multioutput[ShapeDTW-1],call,74.35,140.39
before,40,test_classifier_output[ShapeDTW-1-ClassifierFitPredictThreeClasses],sktime/classification/tests/test_all_classifiers.py::TestAllClassifiers::test_classifier_output[ShapeDTW-1-ClassifierFitPredictThreeClasses],call,34.86,140.39
before,40,test_classifier_output[ShapeDTW-1-ClassifierFitPredict],sktime/classification/tests/test_all_classifiers.py::TestAllClassifiers::test_classifier_output[ShapeDTW-1-ClassifierFitPredict],call,23.82,140.39
before,40,test_multioutput[ShapeDTW-0],sktime/classification/tests/test_all_classifiers.py::TestAllClassifiers::test_multioutput[ShapeDTW-0],call,0.76,140.39
before,40,test_classifier_on_unit_test_data[ShapeDTW],sktime/classification/tests/test_all_classifiers.py::TestAllClassifiers::test_classifier_on_unit_test_data[ShapeDTW],call,0.66,140.39
before,40,test_classifier_output[ShapeDTW-0-ClassifierFitPredict],sktime/classification/tests/test_all_classifiers.py::TestAllClassifiers::test_classifier_output[ShapeDTW-0-ClassifierFitPredict],call,0.62,140.39
before,40,test_classifier_output[ShapeDTW-0-ClassifierFitPredictThreeClasses],sktime/classification/tests/test_all_classifiers.py::TestAllClassifiers::test_classifier_output[ShapeDTW-0-ClassifierFitPredictThreeClasses],call,0.32,140.39
before,40,test_multivariate_input_exception[ShapeDTW-0],sktime/classification/tests/test_all_classifiers.py::TestAllClassifiers::test_multivariate_input_exception[ShapeDTW-0],call,0.02,140.39
before,40,test_multivariate_input_exception[ShapeDTW-1],sktime/classification/tests/test_all_classifiers.py::TestAllClassifiers::test_multivariate_input_exception[ShapeDTW-1],call,0.01,140.39
before,40,test_handles_single_class[ShapeDTW-0],sktime/classification/tests/test_all_classifiers.py::TestAllClassifiers::test_handles_single_class[ShapeDTW-0],call,0.0,140.39
before,40,test_handles_single_class[ShapeDTW-1],sktime/classification/tests/test_all_classifiers.py::TestAllClassifiers::test_handles_single_class[ShapeDTW-1],call,0.0,140.39
before,40,test_multivariate_input_exception[ShapeDTW-0],sktime/classification/tests/test_all_classifiers.py::TestAllClassifiers::test_multivariate_input_exception[ShapeDTW-0],setup,0.0,140.39
before,40,test_classifier_output[ShapeDTW-1-ClassifierFitPredictThreeClasses],sktime/classification/tests/test_all_classifiers.py::TestAllClassifiers::test_classifier_output[ShapeDTW-1-ClassifierFitPredictThreeClasses],setup,0.0,140.39
before,40,test_classifier_output[ShapeDTW-1-ClassifierFitPredict],sktime/classification/tests/test_all_classifiers.py::TestAllClassifiers::test_classifier_output[ShapeDTW-1-ClassifierFitPredict],setup,0.0,140.39
before,40,test_multioutput[ShapeDTW-1],sktime/classification/tests/test_all_classifiers.py::TestAllClassifiers::test_multioutput[ShapeDTW-1],setup,0.0,140.39
before,40,test_handles_single_class[ShapeDTW-0],sktime/classification/tests/test_all_classifiers.py::TestAllClassifiers::test_handles_single_class[ShapeDTW-0],setup,0.0,140.39
before,40,test_classifier_output[ShapeDTW-0-ClassifierFitPredictThreeClasses],sktime/classification/tests/test_all_classifiers.py::TestAllClassifiers::test_classifier_output[ShapeDTW-0-ClassifierFitPredictThreeClasses],setup,0.0,140.39
before,40,test_handles_single_class[ShapeDTW-1],sktime/classification/tests/test_all_classifiers.py::TestAllClassifiers::test_handles_single_class[ShapeDTW-1],setup,0.0,140.39
before,40,test_multioutput[ShapeDTW-0],sktime/classification/tests/test_all_classifiers.py::TestAllClassifiers::test_multioutput[ShapeDTW-0],setup,0.0,140.39
before,40,test_multivariate_input_exception[ShapeDTW-1],sktime/classification/tests/test_all_classifiers.py::TestAllClassifiers::test_multivariate_input_exception[ShapeDTW-1],setup,0.0,140.39
before,40,test_classifier_output[ShapeDTW-0-ClassifierFitPredict],sktime/classification/tests/test_all_classifiers.py::TestAllClassifiers::test_classifier_output[ShapeDTW-0-ClassifierFitPredict],setup,0.0,140.39
before,40,test_classifier_output[ShapeDTW-1-ClassifierFitPredict],sktime/classification/tests/test_all_classifiers.py::TestAllClassifiers::test_classifier_output[ShapeDTW-1-ClassifierFitPredict],teardown,0.0,140.39
before,40,test_classifier_on_basic_motions[ShapeDTW],sktime/classification/tests/test_all_classifiers.py::TestAllClassifiers::test_classifier_on_basic_motions[ShapeDTW],setup,0.0,140.39
before,40,test_classifier_output[ShapeDTW-1-ClassifierFitPredictThreeClasses],sktime/classification/tests/test_all_classifiers.py::TestAllClassifiers::test_classifier_output[ShapeDTW-1-ClassifierFitPredictThreeClasses],teardown,0.0,140.39
before,40,test_multioutput[ShapeDTW-0],sktime/classification/tests/test_all_classifiers.py::TestAllClassifiers::test_multioutput[ShapeDTW-0],teardown,0.0,140.39
before,40,test_multioutput[ShapeDTW-1],sktime/classification/tests/test_all_classifiers.py::TestAllClassifiers::test_multioutput[ShapeDTW-1],teardown,0.0,140.39
before,40,test_classifier_output[ShapeDTW-0-ClassifierFitPredict],sktime/classification/tests/test_all_classifiers.py::TestAllClassifiers::test_classifier_output[ShapeDTW-0-ClassifierFitPredict],teardown,0.0,140.39
before,40,test_classifier_on_unit_test_data[ShapeDTW],sktime/classification/tests/test_all_classifiers.py::TestAllClassifiers::test_classifier_on_unit_test_data[ShapeDTW],teardown,0.0,140.39
before,40,test_classifier_output[ShapeDTW-0-ClassifierFitPredictThreeClasses],sktime/classification/tests/test_all_classifiers.py::TestAllClassifiers::test_classifier_output[ShapeDTW-0-ClassifierFitPredictThreeClasses],teardown,0.0,140.39
before,40,test_classifier_on_unit_test_data[ShapeDTW],sktime/classification/tests/test_all_classifiers.py::TestAllClassifiers::test_classifier_on_unit_test_data[ShapeDTW],setup,0.0,140.39
before,40,test_multivariate_input_exception[ShapeDTW-0],sktime/classification/tests/test_all_classifiers.py::TestAllClassifiers::test_multivariate_input_exception[ShapeDTW-0],teardown,0.0,140.39
before,40,test_multivariate_input_exception[ShapeDTW-1],sktime/classification/tests/test_all_classifiers.py::TestAllClassifiers::test_multivariate_input_exception[ShapeDTW-1],teardown,0.0,140.39
before,40,test_handles_single_class[ShapeDTW-0],sktime/classification/tests/test_all_classifiers.py::TestAllClassifiers::test_handles_single_class[ShapeDTW-0],teardown,0.0,140.39
before,40,test_handles_single_class[ShapeDTW-1],sktime/classification/tests/test_all_classifiers.py::TestAllClassifiers::test_handles_single_class[ShapeDTW-1],teardown,0.0,140.39
before,40,test_classifier_on_basic_motions[ShapeDTW],sktime/classification/tests/test_all_classifiers.py::TestAllClassifiers::test_classifier_on_basic_motions[ShapeDTW],call,0.0,140.39
before,40,test_classifier_on_basic_motions[ShapeDTW],sktime/classification/tests/test_all_classifiers.py::TestAllClassifiers::test_classifier_on_basic_motions[ShapeDTW],teardown,0.0,140.39
after,1,test_multioutput[ShapeDTW-1],sktime/classification/tests/test_all_classifiers.py::TestAllClassifiers::test_multioutput[ShapeDTW-1],call,16.18,37.9
after,1,test_classifier_output[ShapeDTW-1-ClassifierFitPredictThreeClasses],sktime/classification/tests/test_all_classifiers.py::TestAllClassifiers::test_classifier_output[ShapeDTW-1-ClassifierFitPredictThreeClasses],call,7.45,37.9
after,1,test_classifier_output[ShapeDTW-1-ClassifierFitPredict],sktime/classification/tests/test_all_classifiers.py::TestAllClassifiers::test_classifier_output[ShapeDTW-1-ClassifierFitPredict],call,5.39,37.9
after,1,test_multioutput[ShapeDTW-0],sktime/classification/tests/test_all_classifiers.py::TestAllClassifiers::test_multioutput[ShapeDTW-0],call,0.98,37.9
after,1,test_classifier_output[ShapeDTW-0-ClassifierFitPredict],sktime/classification/tests/test_all_classifiers.py::TestAllClassifiers::test_classifier_output[ShapeDTW-0-ClassifierFitPredict],call,0.71,37.9
after,1,test_classifier_on_unit_test_data[ShapeDTW],sktime/classification/tests/test_all_classifiers.py::TestAllClassifiers::test_classifier_on_unit_test_data[ShapeDTW],call,0.46,37.9
after,1,test_classifier_output[ShapeDTW-0-ClassifierFitPredictThreeClasses],sktime/classification/tests/test_all_classifiers.py::TestAllClassifiers::test_classifier_output[ShapeDTW-0-ClassifierFitPredictThreeClasses],call,0.32,37.9
after,1,test_multivariate_input_exception[ShapeDTW-0],sktime/classification/tests/test_all_classifiers.py::TestAllClassifiers::test_multivariate_input_exception[ShapeDTW-0],call,0.01,37.9
after,1,test_multivariate_input_exception[ShapeDTW-1],sktime/classification/tests/test_all_classifiers.py::TestAllClassifiers::test_multivariate_input_exception[ShapeDTW-1],call,0.01,37.9
after,1,test_handles_single_class[ShapeDTW-0],sktime/classification/tests/test_all_classifiers.py::TestAllClassifiers::test_handles_single_class[ShapeDTW-0],call,0.0,37.9
after,1,test_handles_single_class[ShapeDTW-1],sktime/classification/tests/test_all_classifiers.py::TestAllClassifiers::test_handles_single_class[ShapeDTW-1],call,0.0,37.9
after,1,test_classifier_output[ShapeDTW-0-ClassifierFitPredict],sktime/classification/tests/test_all_classifiers.py::TestAllClassifiers::test_classifier_output[ShapeDTW-0-ClassifierFitPredict],setup,0.0,37.9
after,1,test_classifier_output[ShapeDTW-1-ClassifierFitPredictThreeClasses],sktime/classification/tests/test_all_classifiers.py::TestAllClassifiers::test_classifier_output[ShapeDTW-1-ClassifierFitPredictThreeClasses],setup,0.0,37.9
after,1,test_multioutput[ShapeDTW-0],sktime/classification/tests/test_all_classifiers.py::TestAllClassifiers::test_multioutput[ShapeDTW-0],setup,0.0,37.9
after,1,test_handles_single_class[ShapeDTW-0],sktime/classification/tests/test_all_classifiers.py::TestAllClassifiers::test_handles_single_class[ShapeDTW-0],setup,0.0,37.9
after,1,test_multioutput[ShapeDTW-1],sktime/classification/tests/test_all_classifiers.py::TestAllClassifiers::test_multioutput[ShapeDTW-1],setup,0.0,37.9
after,1,test_multivariate_input_exception[ShapeDTW-0],sktime/classification/tests/test_all_classifiers.py::TestAllClassifiers::test_multivariate_input_exception[ShapeDTW-0],setup,0.0,37.9
after,1,test_classifier_output[ShapeDTW-0-ClassifierFitPredictThreeClasses],sktime/classification/tests/test_all_classifiers.py::TestAllClassifiers::test_classifier_output[ShapeDTW-0-ClassifierFitPredictThreeClasses],setup,0.0,37.9
after,1,test_classifier_output[ShapeDTW-1-ClassifierFitPredict],sktime/classification/tests/test_all_classifiers.py::TestAllClassifiers::test_classifier_output[ShapeDTW-1-ClassifierFitPredict],setup,0.0,37.9
after,1,test_multivariate_input_exception[ShapeDTW-1],sktime/classification/tests/test_all_classifiers.py::TestAllClassifiers::test_multivariate_input_exception[ShapeDTW-1],setup,0.0,37.9
after,1,test_handles_single_class[ShapeDTW-1],sktime/classification/tests/test_all_classifiers.py::TestAllClassifiers::test_handles_single_class[ShapeDTW-1],setup,0.0,37.9
after,1,test_classifier_on_basic_motions[ShapeDTW],sktime/classification/tests/test_all_classifiers.py::TestAllClassifiers::test_classifier_on_basic_motions[ShapeDTW],setup,0.0,37.9
after,1,test_classifier_output[ShapeDTW-0-ClassifierFitPredict],sktime/classification/tests/test_all_classifiers.py::TestAllClassifiers::test_classifier_output[ShapeDTW-0-ClassifierFitPredict],teardown,0.0,37.9
after,1,test_multioutput[ShapeDTW-1],sktime/classification/tests/test_all_classifiers.py::TestAllClassifiers::test_multioutput[ShapeDTW-1],teardown,0.0,37.9
after,1,test_classifier_on_unit_test_data[ShapeDTW],sktime/classification/tests/test_all_classifiers.py::TestAllClassifiers::test_classifier_on_unit_test_data[ShapeDTW],teardown,0.0,37.9
after,1,test_classifier_output[ShapeDTW-1-ClassifierFitPredict],sktime/classification/tests/test_all_classifiers.py::TestAllClassifiers::test_classifier_output[ShapeDTW-1-ClassifierFitPredict],teardown,0.0,37.9
after,1,test_classifier_output[ShapeDTW-0-ClassifierFitPredictThreeClasses],sktime/classification/tests/test_all_classifiers.py::TestAllClassifiers::test_classifier_output[ShapeDTW-0-ClassifierFitPredictThreeClasses],teardown,0.0,37.9
after,1,test_classifier_output[ShapeDTW-1-ClassifierFitPredictThreeClasses],sktime/classification/tests/test_all_classifiers.py::TestAllClassifiers::test_classifier_output[ShapeDTW-1-ClassifierFitPredictThreeClasses],teardown,0.0,37.9
after,1,test_classifier_on_unit_test_data[ShapeDTW],sktime/classification/tests/test_all_classifiers.py::TestAllClassifiers::test_classifier_on_unit_test_data[ShapeDTW],setup,0.0,37.9
after,1,test_multioutput[ShapeDTW-0],sktime/classification/tests/test_all_classifiers.py::TestAllClassifiers::test_multioutput[ShapeDTW-0],teardown,0.0,37.9
after,1,test_handles_single_class[ShapeDTW-1],sktime/classification/tests/test_all_classifiers.py::TestAllClassifiers::test_handles_single_class[ShapeDTW-1],teardown,0.0,37.9
after,1,test_classifier_on_basic_motions[ShapeDTW],sktime/classification/tests/test_all_classifiers.py::TestAllClassifiers::test_classifier_on_basic_motions[ShapeDTW],teardown,0.0,37.9
after,1,test_classifier_on_basic_motions[ShapeDTW],sktime/classification/tests/test_all_classifiers.py::TestAllClassifiers::test_classifier_on_basic_motions[ShapeDTW],call,0.0,37.9
after,1,test_multivariate_input_exception[ShapeDTW-0],sktime/classification/tests/test_all_classifiers.py::TestAllClassifiers::test_multivariate_input_exception[ShapeDTW-0],teardown,0.0,37.9
after,1,test_multivariate_input_exception[ShapeDTW-1],sktime/classification/tests/test_all_classifiers.py::TestAllClassifiers::test_multivariate_input_exception[ShapeDTW-1],teardown,0.0,37.9
after,1,test_handles_single_class[ShapeDTW-0],sktime/classification/tests/test_all_classifiers.py::TestAllClassifiers::test_handles_single_class[ShapeDTW-0],teardown,0.0,37.9
after,2,test_multioutput[ShapeDTW-1],sktime/classification/tests/test_all_classifiers.py::TestAllClassifiers::test_multioutput[ShapeDTW-1],call,16.14,36.41
after,2,test_classifier_output[ShapeDTW-1-ClassifierFitPredictThreeClasses],sktime/classification/tests/test_all_classifiers.py::TestAllClassifiers::test_classifier_output[ShapeDTW-1-ClassifierFitPredictThreeClasses],call,7.48,36.41
after,2,test_classifier_output[ShapeDTW-1-ClassifierFitPredict],sktime/classification/tests/test_all_classifiers.py::TestAllClassifiers::test_classifier_output[ShapeDTW-1-ClassifierFitPredict],call,5.42,36.41
after,2,test_multioutput[ShapeDTW-0],sktime/classification/tests/test_all_classifiers.py::TestAllClassifiers::test_multioutput[ShapeDTW-0],call,0.98,36.41
after,2,test_classifier_on_unit_test_data[ShapeDTW],sktime/classification/tests/test_all_classifiers.py::TestAllClassifiers::test_classifier_on_unit_test_data[ShapeDTW],call,0.83,36.41
after,2,test_classifier_output[ShapeDTW-0-ClassifierFitPredictThreeClasses],sktime/classification/tests/test_all_classifiers.py::TestAllClassifiers::test_classifier_output[ShapeDTW-0-ClassifierFitPredictThreeClasses],call,0.31,36.41
after,2,test_classifier_output[ShapeDTW-0-ClassifierFitPredict],sktime/classification/tests/test_all_classifiers.py::TestAllClassifiers::test_classifier_output[ShapeDTW-0-ClassifierFitPredict],call,0.25,36.41
after,2,test_multivariate_input_exception[ShapeDTW-0],sktime/classification/tests/test_all_classifiers.py::TestAllClassifiers::test_multivariate_input_exception[ShapeDTW-0],call,0.01,36.41
after,2,test_multivariate_input_exception[ShapeDTW-1],sktime/classification/tests/test_all_classifiers.py::TestAllClassifiers::test_multivariate_input_exception[ShapeDTW-1],call,0.01,36.41
after,2,test_handles_single_class[ShapeDTW-0],sktime/classification/tests/test_all_classifiers.py::TestAllClassifiers::test_handles_single_class[ShapeDTW-0],call,0.0,36.41
after,2,test_handles_single_class[ShapeDTW-1],sktime/classification/tests/test_all_classifiers.py::TestAllClassifiers::test_handles_single_class[ShapeDTW-1],call,0.0,36.41
after,2,test_classifier_on_unit_test_data[ShapeDTW],sktime/classification/tests/test_all_classifiers.py::TestAllClassifiers::test_classifier_on_unit_test_data[ShapeDTW],setup,0.0,36.41
after,2,test_classifier_output[ShapeDTW-1-ClassifierFitPredictThreeClasses],sktime/classification/tests/test_all_classifiers.py::TestAllClassifiers::test_classifier_output[ShapeDTW-1-ClassifierFitPredictThreeClasses],setup,0.0,36.41
after,2,test_multioutput[ShapeDTW-0],sktime/classification/tests/test_all_classifiers.py::TestAllClassifiers::test_multioutput[ShapeDTW-0],setup,0.0,36.41
after,2,test_multivariate_input_exception[ShapeDTW-0],sktime/classification/tests/test_all_classifiers.py::TestAllClassifiers::test_multivariate_input_exception[ShapeDTW-0],setup,0.0,36.41
after,2,test_multivariate_input_exception[ShapeDTW-1],sktime/classification/tests/test_all_classifiers.py::TestAllClassifiers::test_multivariate_input_exception[ShapeDTW-1],setup,0.0,36.41
after,2,test_multioutput[ShapeDTW-1],sktime/classification/tests/test_all_classifiers.py::TestAllClassifiers::test_multioutput[ShapeDTW-1],setup,0.0,36.41
after,2,test_handles_single_class[ShapeDTW-0],sktime/classification/tests/test_all_classifiers.py::TestAllClassifiers::test_handles_single_class[ShapeDTW-0],setup,0.0,36.41
after,2,test_classifier_output[ShapeDTW-0-ClassifierFitPredict],sktime/classification/tests/test_all_classifiers.py::TestAllClassifiers::test_classifier_output[ShapeDTW-0-ClassifierFitPredict],setup,0.0,36.41
after,2,test_classifier_output[ShapeDTW-1-ClassifierFitPredict],sktime/classification/tests/test_all_classifiers.py::TestAllClassifiers::test_classifier_output[ShapeDTW-1-ClassifierFitPredict],setup,0.0,36.41
after,2,test_classifier_output[ShapeDTW-0-ClassifierFitPredictThreeClasses],sktime/classification/tests/test_all_classifiers.py::TestAllClassifiers::test_classifier_output[ShapeDTW-0-ClassifierFitPredictThreeClasses],setup,0.0,36.41
after,2,test_handles_single_class[ShapeDTW-1],sktime/classification/tests/test_all_classifiers.py::TestAllClassifiers::test_handles_single_class[ShapeDTW-1],setup,0.0,36.41
after,2,test_classifier_on_basic_motions[ShapeDTW],sktime/classification/tests/test_all_classifiers.py::TestAllClassifiers::test_classifier_on_basic_motions[ShapeDTW],setup,0.0,36.41
after,2,test_classifier_on_unit_test_data[ShapeDTW],sktime/classification/tests/test_all_classifiers.py::TestAllClassifiers::test_classifier_on_unit_test_data[ShapeDTW],teardown,0.0,36.41
after,2,test_classifier_output[ShapeDTW-1-ClassifierFitPredict],sktime/classification/tests/test_all_classifiers.py::TestAllClassifiers::test_classifier_output[ShapeDTW-1-ClassifierFitPredict],teardown,0.0,36.41
after,2,test_classifier_output[ShapeDTW-0-ClassifierFitPredict],sktime/classification/tests/test_all_classifiers.py::TestAllClassifiers::test_classifier_output[ShapeDTW-0-ClassifierFitPredict],teardown,0.0,36.41
after,2,test_multioutput[ShapeDTW-1],sktime/classification/tests/test_all_classifiers.py::TestAllClassifiers::test_multioutput[ShapeDTW-1],teardown,0.0,36.41
after,2,test_classifier_output[ShapeDTW-1-ClassifierFitPredictThreeClasses],sktime/classification/tests/test_all_classifiers.py::TestAllClassifiers::test_classifier_output[ShapeDTW-1-ClassifierFitPredictThreeClasses],teardown,0.0,36.41
after,2,test_classifier_output[ShapeDTW-0-ClassifierFitPredictThreeClasses],sktime/classification/tests/test_all_classifiers.py::TestAllClassifiers::test_classifier_output[ShapeDTW-0-ClassifierFitPredictThreeClasses],teardown,0.0,36.41
after,2,test_multioutput[ShapeDTW-0],sktime/classification/tests/test_all_classifiers.py::TestAllClassifiers::test_multioutput[ShapeDTW-0],teardown,0.0,36.41
after,2,test_classifier_on_basic_motions[ShapeDTW],sktime/classification/tests/test_all_classifiers.py::TestAllClassifiers::test_classifier_on_basic_motions[ShapeDTW],call,0.0,36.41
after,2,test_multivariate_input_exception[ShapeDTW-0],sktime/classification/tests/test_all_classifiers.py::TestAllClassifiers::test_multivariate_input_exception[ShapeDTW-0],teardown,0.0,36.41
after,2,test_classifier_on_basic_motions[ShapeDTW],sktime/classification/tests/test_all_classifiers.py::TestAllClassifiers::test_classifier_on_basic_motions[ShapeDTW],teardown,0.0,36.41
after,2,test_multivariate_input_exception[ShapeDTW-1],sktime/classification/tests/test_all_classifiers.py::TestAllClassifiers::test_multivariate_input_exception[ShapeDTW-1],teardown,0.0,36.41
after,2,test_handles_single_class[ShapeDTW-0],sktime/classification/tests/test_all_classifiers.py::TestAllClassifiers::test_handles_single_class[ShapeDTW-0],teardown,0.0,36.41
after,2,test_handles_single_class[ShapeDTW-1],sktime/classification/tests/test_all_classifiers.py::TestAllClassifiers::test_handles_single_class[ShapeDTW-1],teardown,0.0,36.41
after,3,test_multioutput[ShapeDTW-1],sktime/classification/tests/test_all_classifiers.py::TestAllClassifiers::test_multioutput[ShapeDTW-1],call,16.51,36.62
after,3,test_classifier_output[ShapeDTW-1-ClassifierFitPredictThreeClasses],sktime/classification/tests/test_all_classifiers.py::TestAllClassifiers::test_classifier_output[ShapeDTW-1-ClassifierFitPredictThreeClasses],call,7.78,36.62
after,3,test_classifier_output[ShapeDTW-1-ClassifierFitPredict],sktime/classification/tests/test_all_classifiers.py::TestAllClassifiers::test_classifier_output[ShapeDTW-1-ClassifierFitPredict],call,5.18,36.62
after,3,test_multioutput[ShapeDTW-0],sktime/classification/tests/test_all_classifiers.py::TestAllClassifiers::test_multioutput[ShapeDTW-0],call,1.13,36.62
after,3,test_classifier_on_unit_test_data[ShapeDTW],sktime/classification/tests/test_all_classifiers.py::TestAllClassifiers::test_classifier_on_unit_test_data[ShapeDTW],call,0.46,36.62
after,3,test_classifier_output[ShapeDTW-0-ClassifierFitPredictThreeClasses],sktime/classification/tests/test_all_classifiers.py::TestAllClassifiers::test_classifier_output[ShapeDTW-0-ClassifierFitPredictThreeClasses],call,0.32,36.62
after,3,test_classifier_output[ShapeDTW-0-ClassifierFitPredict],sktime/classification/tests/test_all_classifiers.py::TestAllClassifiers::test_classifier_output[ShapeDTW-0-ClassifierFitPredict],call,0.25,36.62
after,3,test_multivariate_input_exception[ShapeDTW-1],sktime/classification/tests/test_all_classifiers.py::TestAllClassifiers::test_multivariate_input_exception[ShapeDTW-1],call,0.02,36.62
after,3,test_multivariate_input_exception[ShapeDTW-0],sktime/classification/tests/test_all_classifiers.py::TestAllClassifiers::test_multivariate_input_exception[ShapeDTW-0],call,0.01,36.62
after,3,test_handles_single_class[ShapeDTW-0],sktime/classification/tests/test_all_classifiers.py::TestAllClassifiers::test_handles_single_class[ShapeDTW-0],call,0.0,36.62
after,3,test_handles_single_class[ShapeDTW-1],sktime/classification/tests/test_all_classifiers.py::TestAllClassifiers::test_handles_single_class[ShapeDTW-1],call,0.0,36.62
after,3,test_multivariate_input_exception[ShapeDTW-1],sktime/classification/tests/test_all_classifiers.py::TestAllClassifiers::test_multivariate_input_exception[ShapeDTW-1],setup,0.0,36.62
after,3,test_classifier_output[ShapeDTW-1-ClassifierFitPredict],sktime/classification/tests/test_all_classifiers.py::TestAllClassifiers::test_classifier_output[ShapeDTW-1-ClassifierFitPredict],setup,0.0,36.62
after,3,test_handles_single_class[ShapeDTW-0],sktime/classification/tests/test_all_classifiers.py::TestAllClassifiers::test_handles_single_class[ShapeDTW-0],setup,0.0,36.62
after,3,test_multioutput[ShapeDTW-1],sktime/classification/tests/test_all_classifiers.py::TestAllClassifiers::test_multioutput[ShapeDTW-1],setup,0.0,36.62
after,3,test_classifier_output[ShapeDTW-1-ClassifierFitPredictThreeClasses],sktime/classification/tests/test_all_classifiers.py::TestAllClassifiers::test_classifier_output[ShapeDTW-1-ClassifierFitPredictThreeClasses],setup,0.0,36.62
after,3,test_handles_single_class[ShapeDTW-1],sktime/classification/tests/test_all_classifiers.py::TestAllClassifiers::test_handles_single_class[ShapeDTW-1],setup,0.0,36.62
after,3,test_classifier_output[ShapeDTW-0-ClassifierFitPredictThreeClasses],sktime/classification/tests/test_all_classifiers.py::TestAllClassifiers::test_classifier_output[ShapeDTW-0-ClassifierFitPredictThreeClasses],setup,0.0,36.62
after,3,test_multivariate_input_exception[ShapeDTW-0],sktime/classification/tests/test_all_classifiers.py::TestAllClassifiers::test_multivariate_input_exception[ShapeDTW-0],setup,0.0,36.62
after,3,test_classifier_output[ShapeDTW-0-ClassifierFitPredict],sktime/classification/tests/test_all_classifiers.py::TestAllClassifiers::test_classifier_output[ShapeDTW-0-ClassifierFitPredict],setup,0.0,36.62
after,3,test_multioutput[ShapeDTW-0],sktime/classification/tests/test_all_classifiers.py::TestAllClassifiers::test_multioutput[ShapeDTW-0],setup,0.0,36.62
after,3,test_classifier_on_basic_motions[ShapeDTW],sktime/classification/tests/test_all_classifiers.py::TestAllClassifiers::test_classifier_on_basic_motions[ShapeDTW],setup,0.0,36.62
after,3,test_multioutput[ShapeDTW-1],sktime/classification/tests/test_all_classifiers.py::TestAllClassifiers::test_multioutput[ShapeDTW-1],teardown,0.0,36.62
after,3,test_classifier_output[ShapeDTW-1-ClassifierFitPredictThreeClasses],sktime/classification/tests/test_all_classifiers.py::TestAllClassifiers::test_classifier_output[ShapeDTW-1-ClassifierFitPredictThreeClasses],teardown,0.0,36.62
after,3,test_classifier_output[ShapeDTW-1-ClassifierFitPredict],sktime/classification/tests/test_all_classifiers.py::TestAllClassifiers::test_classifier_output[ShapeDTW-1-ClassifierFitPredict],teardown,0.0,36.62
after,3,test_classifier_output[ShapeDTW-0-ClassifierFitPredictThreeClasses],sktime/classification/tests/test_all_classifiers.py::TestAllClassifiers::test_classifier_output[ShapeDTW-0-ClassifierFitPredictThreeClasses],teardown,0.0,36.62
after,3,test_classifier_output[ShapeDTW-0-ClassifierFitPredict],sktime/classification/tests/test_all_classifiers.py::TestAllClassifiers::test_classifier_output[ShapeDTW-0-ClassifierFitPredict],teardown,0.0,36.62
after,3,test_classifier_on_unit_test_data[ShapeDTW],sktime/classification/tests/test_all_classifiers.py::TestAllClassifiers::test_classifier_on_unit_test_data[ShapeDTW],teardown,0.0,36.62
after,3,test_multioutput[ShapeDTW-0],sktime/classification/tests/test_all_classifiers.py::TestAllClassifiers::test_multioutput[ShapeDTW-0],teardown,0.0,36.62
after,3,test_multivariate_input_exception[ShapeDTW-1],sktime/classification/tests/test_all_classifiers.py::TestAllClassifiers::test_multivariate_input_exception[ShapeDTW-1],teardown,0.0,36.62
after,3,test_classifier_on_unit_test_data[ShapeDTW],sktime/classification/tests/test_all_classifiers.py::TestAllClassifiers::test_classifier_on_unit_test_data[ShapeDTW],setup,0.0,36.62
after,3,test_multivariate_input_exception[ShapeDTW-0],sktime/classification/tests/test_all_classifiers.py::TestAllClassifiers::test_multivariate_input_exception[ShapeDTW-0],teardown,0.0,36.62
after,3,test_classifier_on_basic_motions[ShapeDTW],sktime/classification/tests/test_all_classifiers.py::TestAllClassifiers::test_classifier_on_basic_motions[ShapeDTW],teardown,0.0,36.62
after,3,test_classifier_on_basic_motions[ShapeDTW],sktime/classification/tests/test_all_classifiers.py::TestAllClassifiers::test_classifier_on_basic_motions[ShapeDTW],call,0.0,36.62
after,3,test_handles_single_class[ShapeDTW-0],sktime/classification/tests/test_all_classifiers.py::TestAllClassifiers::test_handles_single_class[ShapeDTW-0],teardown,0.0,36.62
after,3,test_handles_single_class[ShapeDTW-1],sktime/classification/tests/test_all_classifiers.py::TestAllClassifiers::test_handles_single_class[ShapeDTW-1],teardown,0.0,36.62
after,4,test_multioutput[ShapeDTW-1],sktime/classification/tests/test_all_classifiers.py::TestAllClassifiers::test_multioutput[ShapeDTW-1],call,16.62,36.7
after,4,test_classifier_output[ShapeDTW-1-ClassifierFitPredictThreeClasses],sktime/classification/tests/test_all_classifiers.py::TestAllClassifiers::test_classifier_output[ShapeDTW-1-ClassifierFitPredictThreeClasses],call,7.5,36.7
after,4,test_classifier_output[ShapeDTW-1-ClassifierFitPredict],sktime/classification/tests/test_all_classifiers.py::TestAllClassifiers::test_classifier_output[ShapeDTW-1-ClassifierFitPredict],call,4.99,36.7
after,4,test_multioutput[ShapeDTW-0],sktime/classification/tests/test_all_classifiers.py::TestAllClassifiers::test_multioutput[ShapeDTW-0],call,0.99,36.7
after,4,test_classifier_output[ShapeDTW-0-ClassifierFitPredictThreeClasses],sktime/classification/tests/test_all_classifiers.py::TestAllClassifiers::test_classifier_output[ShapeDTW-0-ClassifierFitPredictThreeClasses],call,0.68,36.7
after,4,test_classifier_on_unit_test_data[ShapeDTW],sktime/classification/tests/test_all_classifiers.py::TestAllClassifiers::test_classifier_on_unit_test_data[ShapeDTW],call,0.68,36.7
after,4,test_classifier_output[ShapeDTW-0-ClassifierFitPredict],sktime/classification/tests/test_all_classifiers.py::TestAllClassifiers::test_classifier_output[ShapeDTW-0-ClassifierFitPredict],call,0.25,36.7
after,4,test_multivariate_input_exception[ShapeDTW-0],sktime/classification/tests/test_all_classifiers.py::TestAllClassifiers::test_multivariate_input_exception[ShapeDTW-0],call,0.02,36.7
after,4,test_multivariate_input_exception[ShapeDTW-1],sktime/classification/tests/test_all_classifiers.py::TestAllClassifiers::test_multivariate_input_exception[ShapeDTW-1],call,0.01,36.7
after,4,test_handles_single_class[ShapeDTW-1],sktime/classification/tests/test_all_classifiers.py::TestAllClassifiers::test_handles_single_class[ShapeDTW-1],call,0.0,36.7
after,4,test_handles_single_class[ShapeDTW-0],sktime/classification/tests/test_all_classifiers.py::TestAllClassifiers::test_handles_single_class[ShapeDTW-0],call,0.0,36.7
after,4,test_multivariate_input_exception[ShapeDTW-0],sktime/classification/tests/test_all_classifiers.py::TestAllClassifiers::test_multivariate_input_exception[ShapeDTW-0],setup,0.0,36.7
after,4,test_classifier_output[ShapeDTW-0-ClassifierFitPredict],sktime/classification/tests/test_all_classifiers.py::TestAllClassifiers::test_classifier_output[ShapeDTW-0-ClassifierFitPredict],setup,0.0,36.7
after,4,test_multioutput[ShapeDTW-0],sktime/classification/tests/test_all_classifiers.py::TestAllClassifiers::test_multioutput[ShapeDTW-0],setup,0.0,36.7
after,4,test_multioutput[ShapeDTW-1],sktime/classification/tests/test_all_classifiers.py::TestAllClassifiers::test_multioutput[ShapeDTW-1],setup,0.0,36.7
after,4,test_multivariate_input_exception[ShapeDTW-1],sktime/classification/tests/test_all_classifiers.py::TestAllClassifiers::test_multivariate_input_exception[ShapeDTW-1],setup,0.0,36.7
after,4,test_classifier_output[ShapeDTW-1-ClassifierFitPredictThreeClasses],sktime/classification/tests/test_all_classifiers.py::TestAllClassifiers::test_classifier_output[ShapeDTW-1-ClassifierFitPredictThreeClasses],setup,0.0,36.7
after,4,test_classifier_output[ShapeDTW-0-ClassifierFitPredictThreeClasses],sktime/classification/tests/test_all_classifiers.py::TestAllClassifiers::test_classifier_output[ShapeDTW-0-ClassifierFitPredictThreeClasses],setup,0.0,36.7
after,4,test_classifier_output[ShapeDTW-1-ClassifierFitPredict],sktime/classification/tests/test_all_classifiers.py::TestAllClassifiers::test_classifier_output[ShapeDTW-1-ClassifierFitPredict],setup,0.0,36.7
after,4,test_handles_single_class[ShapeDTW-1],sktime/classification/tests/test_all_classifiers.py::TestAllClassifiers::test_handles_single_class[ShapeDTW-1],setup,0.0,36.7
after,4,test_handles_single_class[ShapeDTW-0],sktime/classification/tests/test_all_classifiers.py::TestAllClassifiers::test_handles_single_class[ShapeDTW-0],setup,0.0,36.7
after,4,test_classifier_on_basic_motions[ShapeDTW],sktime/classification/tests/test_all_classifiers.py::TestAllClassifiers::test_classifier_on_basic_motions[ShapeDTW],setup,0.0,36.7
after,4,test_classifier_on_unit_test_data[ShapeDTW],sktime/classification/tests/test_all_classifiers.py::TestAllClassifiers::test_classifier_on_unit_test_data[ShapeDTW],setup,0.0,36.7
after,4,test_classifier_output[ShapeDTW-0-ClassifierFitPredictThreeClasses],sktime/classification/tests/test_all_classifiers.py::TestAllClassifiers::test_classifier_output[ShapeDTW-0-ClassifierFitPredictThreeClasses],teardown,0.0,36.7
after,4,test_classifier_output[ShapeDTW-1-ClassifierFitPredictThreeClasses],sktime/classification/tests/test_all_classifiers.py::TestAllClassifiers::test_classifier_output[ShapeDTW-1-ClassifierFitPredictThreeClasses],teardown,0.0,36.7
after,4,test_multioutput[ShapeDTW-1],sktime/classification/tests/test_all_classifiers.py::TestAllClassifiers::test_multioutput[ShapeDTW-1],teardown,0.0,36.7
after,4,test_classifier_output[ShapeDTW-1-ClassifierFitPredict],sktime/classification/tests/test_all_classifiers.py::TestAllClassifiers::test_classifier_output[ShapeDTW-1-ClassifierFitPredict],teardown,0.0,36.7
after,4,test_multioutput[ShapeDTW-0],sktime/classification/tests/test_all_classifiers.py::TestAllClassifiers::test_multioutput[ShapeDTW-0],teardown,0.0,36.7
after,4,test_classifier_output[ShapeDTW-0-ClassifierFitPredict],sktime/classification/tests/test_all_classifiers.py::TestAllClassifiers::test_classifier_output[ShapeDTW-0-ClassifierFitPredict],teardown,0.0,36.7
after,4,test_classifier_on_unit_test_data[ShapeDTW],sktime/classification/tests/test_all_classifiers.py::TestAllClassifiers::test_classifier_on_unit_test_data[ShapeDTW],teardown,0.0,36.7
after,4,test_multivariate_input_exception[ShapeDTW-0],sktime/classification/tests/test_all_classifiers.py::TestAllClassifiers::test_multivariate_input_exception[ShapeDTW-0],teardown,0.0,36.7
after,4,test_classifier_on_basic_motions[ShapeDTW],sktime/classification/tests/test_all_classifiers.py::TestAllClassifiers::test_classifier_on_basic_motions[ShapeDTW],call,0.0,36.7
after,4,test_multivariate_input_exception[ShapeDTW-1],sktime/classification/tests/test_all_classifiers.py::TestAllClassifiers::test_multivariate_input_exception[ShapeDTW-1],teardown,0.0,36.7
after,4,test_handles_single_class[ShapeDTW-0],sktime/classification/tests/test_all_classifiers.py::TestAllClassifiers::test_handles_single_class[ShapeDTW-0],teardown,0.0,36.7
after,4,test_handles_single_class[ShapeDTW-1],sktime/classification/tests/test_all_classifiers.py::TestAllClassifiers::test_handles_single_class[ShapeDTW-1],teardown,0.0,36.7
after,4,test_classifier_on_basic_motions[ShapeDTW],sktime/classification/tests/test_all_classifiers.py::TestAllClassifiers::test_classifier_on_basic_motions[ShapeDTW],teardown,0.0,36.7
after,5,test_multioutput[ShapeDTW-1],sktime/classification/tests/test_all_classifiers.py::TestAllClassifiers::test_multioutput[ShapeDTW-1],call,16.52,36.27
after,5,test_classifier_output[ShapeDTW-1-ClassifierFitPredictThreeClasses],sktime/classification/tests/test_all_classifiers.py::TestAllClassifiers::test_classifier_output[ShapeDTW-1-ClassifierFitPredictThreeClasses],call,7.48,36.27
after,5,test_classifier_output[ShapeDTW-1-ClassifierFitPredict],sktime/classification/tests/test_all_classifiers.py::TestAllClassifiers::test_classifier_output[ShapeDTW-1-ClassifierFitPredict],call,4.93,36.27
after,5,test_multioutput[ShapeDTW-0],sktime/classification/tests/test_all_classifiers.py::TestAllClassifiers::test_multioutput[ShapeDTW-0],call,0.98,36.27
after,5,test_classifier_output[ShapeDTW-0-ClassifierFitPredict],sktime/classification/tests/test_all_classifiers.py::TestAllClassifiers::test_classifier_output[ShapeDTW-0-ClassifierFitPredict],call,0.62,36.27
after,5,test_classifier_on_unit_test_data[ShapeDTW],sktime/classification/tests/test_all_classifiers.py::TestAllClassifiers::test_classifier_on_unit_test_data[ShapeDTW],call,0.46,36.27
after,5,test_classifier_output[ShapeDTW-0-ClassifierFitPredictThreeClasses],sktime/classification/tests/test_all_classifiers.py::TestAllClassifiers::test_classifier_output[ShapeDTW-0-ClassifierFitPredictThreeClasses],call,0.32,36.27
after,5,test_multivariate_input_exception[ShapeDTW-1],sktime/classification/tests/test_all_classifiers.py::TestAllClassifiers::test_multivariate_input_exception[ShapeDTW-1],call,0.01,36.27
after,5,test_multivariate_input_exception[ShapeDTW-0],sktime/classification/tests/test_all_classifiers.py::TestAllClassifiers::test_multivariate_input_exception[ShapeDTW-0],call,0.01,36.27
after,5,test_handles_single_class[ShapeDTW-1],sktime/classification/tests/test_all_classifiers.py::TestAllClassifiers::test_handles_single_class[ShapeDTW-1],call,0.0,36.27
after,5,test_handles_single_class[ShapeDTW-0],sktime/classification/tests/test_all_classifiers.py::TestAllClassifiers::test_handles_single_class[ShapeDTW-0],call,0.0,36.27
after,5,test_classifier_output[ShapeDTW-0-ClassifierFitPredict],sktime/classification/tests/test_all_classifiers.py::TestAllClassifiers::test_classifier_output[ShapeDTW-0-ClassifierFitPredict],setup,0.0,36.27
after,5,test_classifier_output[ShapeDTW-1-ClassifierFitPredict],sktime/classification/tests/test_all_classifiers.py::TestAllClassifiers::test_classifier_output[ShapeDTW-1-ClassifierFitPredict],setup,0.0,36.27
after,5,test_classifier_output[ShapeDTW-1-ClassifierFitPredictThreeClasses],sktime/classification/tests/test_all_classifiers.py::TestAllClassifiers::test_classifier_output[ShapeDTW-1-ClassifierFitPredictThreeClasses],setup,0.0,36.27
after,5,test_classifier_output[ShapeDTW-0-ClassifierFitPredictThreeClasses],sktime/classification/tests/test_all_classifiers.py::TestAllClassifiers::test_classifier_output[ShapeDTW-0-ClassifierFitPredictThreeClasses],setup,0.0,36.27
after,5,test_multioutput[ShapeDTW-1],sktime/classification/tests/test_all_classifiers.py::TestAllClassifiers::test_multioutput[ShapeDTW-1],setup,0.0,36.27
after,5,test_multioutput[ShapeDTW-0],sktime/classification/tests/test_all_classifiers.py::TestAllClassifiers::test_multioutput[ShapeDTW-0],setup,0.0,36.27
after,5,test_handles_single_class[ShapeDTW-1],sktime/classification/tests/test_all_classifiers.py::TestAllClassifiers::test_handles_single_class[ShapeDTW-1],setup,0.0,36.27
after,5,test_multivariate_input_exception[ShapeDTW-1],sktime/classification/tests/test_all_classifiers.py::TestAllClassifiers::test_multivariate_input_exception[ShapeDTW-1],setup,0.0,36.27
after,5,test_multivariate_input_exception[ShapeDTW-0],sktime/classification/tests/test_all_classifiers.py::TestAllClassifiers::test_multivariate_input_exception[ShapeDTW-0],setup,0.0,36.27
after,5,test_handles_single_class[ShapeDTW-0],sktime/classification/tests/test_all_classifiers.py::TestAllClassifiers::test_handles_single_class[ShapeDTW-0],setup,0.0,36.27
after,5,test_classifier_on_unit_test_data[ShapeDTW],sktime/classification/tests/test_all_classifiers.py::TestAllClassifiers::test_classifier_on_unit_test_data[ShapeDTW],setup,0.0,36.27
after,5,test_classifier_output[ShapeDTW-0-ClassifierFitPredict],sktime/classification/tests/test_all_classifiers.py::TestAllClassifiers::test_classifier_output[ShapeDTW-0-ClassifierFitPredict],teardown,0.0,36.27
after,5,test_multioutput[ShapeDTW-1],sktime/classification/tests/test_all_classifiers.py::TestAllClassifiers::test_multioutput[ShapeDTW-1],teardown,0.0,36.27
after,5,test_classifier_output[ShapeDTW-1-ClassifierFitPredict],sktime/classification/tests/test_all_classifiers.py::TestAllClassifiers::test_classifier_output[ShapeDTW-1-ClassifierFitPredict],teardown,0.0,36.27
after,5,test_classifier_output[ShapeDTW-1-ClassifierFitPredictThreeClasses],sktime/classification/tests/test_all_classifiers.py::TestAllClassifiers::test_classifier_output[ShapeDTW-1-ClassifierFitPredictThreeClasses],teardown,0.0,36.27
after,5,test_classifier_output[ShapeDTW-0-ClassifierFitPredictThreeClasses],sktime/classification/tests/test_all_classifiers.py::TestAllClassifiers::test_classifier_output[ShapeDTW-0-ClassifierFitPredictThreeClasses],teardown,0.0,36.27
after,5,test_multioutput[ShapeDTW-0],sktime/classification/tests/test_all_classifiers.py::TestAllClassifiers::test_multioutput[ShapeDTW-0],teardown,0.0,36.27
after,5,test_classifier_on_unit_test_data[ShapeDTW],sktime/classification/tests/test_all_classifiers.py::TestAllClassifiers::test_classifier_on_unit_test_data[ShapeDTW],teardown,0.0,36.27
after,5,test_classifier_on_basic_motions[ShapeDTW],sktime/classification/tests/test_all_classifiers.py::TestAllClassifiers::test_classifier_on_basic_motions[ShapeDTW],setup,0.0,36.27
after,5,test_classifier_on_basic_motions[ShapeDTW],sktime/classification/tests/test_all_classifiers.py::TestAllClassifiers::test_classifier_on_basic_motions[ShapeDTW],call,0.0,36.27
after,5,test_handles_single_class[ShapeDTW-0],sktime/classification/tests/test_all_classifiers.py::TestAllClassifiers::test_handles_single_class[ShapeDTW-0],teardown,0.0,36.27
after,5,test_classifier_on_basic_motions[ShapeDTW],sktime/classification/tests/test_all_classifiers.py::TestAllClassifiers::test_classifier_on_basic_motions[ShapeDTW],teardown,0.0,36.27
after,5,test_handles_single_class[ShapeDTW-1],sktime/classification/tests/test_all_classifiers.py::TestAllClassifiers::test_handles_single_class[ShapeDTW-1],teardown,0.0,36.27
after,5,test_multivariate_input_exception[ShapeDTW-1],sktime/classification/tests/test_all_classifiers.py::TestAllClassifiers::test_multivariate_input_exception[ShapeDTW-1],teardown,0.0,36.27
after,5,test_multivariate_input_exception[ShapeDTW-0],sktime/classification/tests/test_all_classifiers.py::TestAllClassifiers::test_multivariate_input_exception[ShapeDTW-0],teardown,0.0,36.27
after,6,test_multioutput[ShapeDTW-1],sktime/classification/tests/test_all_classifiers.py::TestAllClassifiers::test_multioutput[ShapeDTW-1],call,16.1,36.23
after,6,test_classifier_output[ShapeDTW-1-ClassifierFitPredictThreeClasses],sktime/classification/tests/test_all_classifiers.py::TestAllClassifiers::test_classifier_output[ShapeDTW-1-ClassifierFitPredictThreeClasses],call,7.41,36.23
after,6,test_classifier_output[ShapeDTW-1-ClassifierFitPredict],sktime/classification/tests/test_all_classifiers.py::TestAllClassifiers::test_classifier_output[ShapeDTW-1-ClassifierFitPredict],call,5.5,36.23
after,6,test_multioutput[ShapeDTW-0],sktime/classification/tests/test_all_classifiers.py::TestAllClassifiers::test_multioutput[ShapeDTW-0],call,0.97,36.23
after,6,test_classifier_on_unit_test_data[ShapeDTW],sktime/classification/tests/test_all_classifiers.py::TestAllClassifiers::test_classifier_on_unit_test_data[ShapeDTW],call,0.71,36.23
after,6,test_classifier_output[ShapeDTW-0-ClassifierFitPredictThreeClasses],sktime/classification/tests/test_all_classifiers.py::TestAllClassifiers::test_classifier_output[ShapeDTW-0-ClassifierFitPredictThreeClasses],call,0.31,36.23
after,6,test_classifier_output[ShapeDTW-0-ClassifierFitPredict],sktime/classification/tests/test_all_classifiers.py::TestAllClassifiers::test_classifier_output[ShapeDTW-0-ClassifierFitPredict],call,0.25,36.23
after,6,test_multivariate_input_exception[ShapeDTW-0],sktime/classification/tests/test_all_classifiers.py::TestAllClassifiers::test_multivariate_input_exception[ShapeDTW-0],call,0.01,36.23
after,6,test_multivariate_input_exception[ShapeDTW-1],sktime/classification/tests/test_all_classifiers.py::TestAllClassifiers::test_multivariate_input_exception[ShapeDTW-1],call,0.01,36.23
after,6,test_handles_single_class[ShapeDTW-1],sktime/classification/tests/test_all_classifiers.py::TestAllClassifiers::test_handles_single_class[ShapeDTW-1],call,0.0,36.23
after,6,test_handles_single_class[ShapeDTW-0],sktime/classification/tests/test_all_classifiers.py::TestAllClassifiers::test_handles_single_class[ShapeDTW-0],call,0.0,36.23
after,6,test_classifier_output[ShapeDTW-1-ClassifierFitPredict],sktime/classification/tests/test_all_classifiers.py::TestAllClassifiers::test_classifier_output[ShapeDTW-1-ClassifierFitPredict],setup,0.0,36.23
after,6,test_classifier_output[ShapeDTW-1-ClassifierFitPredictThreeClasses],sktime/classification/tests/test_all_classifiers.py::TestAllClassifiers::test_classifier_output[ShapeDTW-1-ClassifierFitPredictThreeClasses],setup,0.0,36.23
after,6,test_classifier_output[ShapeDTW-0-ClassifierFitPredict],sktime/classification/tests/test_all_classifiers.py::TestAllClassifiers::test_classifier_output[ShapeDTW-0-ClassifierFitPredict],setup,0.0,36.23
after,6,test_multivariate_input_exception[ShapeDTW-1],sktime/classification/tests/test_all_classifiers.py::TestAllClassifiers::test_multivariate_input_exception[ShapeDTW-1],setup,0.0,36.23
after,6,test_handles_single_class[ShapeDTW-1],sktime/classification/tests/test_all_classifiers.py::TestAllClassifiers::test_handles_single_class[ShapeDTW-1],setup,0.0,36.23
after,6,test_multioutput[ShapeDTW-1],sktime/classification/tests/test_all_classifiers.py::TestAllClassifiers::test_multioutput[ShapeDTW-1],setup,0.0,36.23
after,6,test_classifier_output[ShapeDTW-0-ClassifierFitPredictThreeClasses],sktime/classification/tests/test_all_classifiers.py::TestAllClassifiers::test_classifier_output[ShapeDTW-0-ClassifierFitPredictThreeClasses],setup,0.0,36.23
after,6,test_multioutput[ShapeDTW-0],sktime/classification/tests/test_all_classifiers.py::TestAllClassifiers::test_multioutput[ShapeDTW-0],setup,0.0,36.23
after,6,test_multivariate_input_exception[ShapeDTW-0],sktime/classification/tests/test_all_classifiers.py::TestAllClassifiers::test_multivariate_input_exception[ShapeDTW-0],setup,0.0,36.23
after,6,test_handles_single_class[ShapeDTW-0],sktime/classification/tests/test_all_classifiers.py::TestAllClassifiers::test_handles_single_class[ShapeDTW-0],setup,0.0,36.23
after,6,test_classifier_on_basic_motions[ShapeDTW],sktime/classification/tests/test_all_classifiers.py::TestAllClassifiers::test_classifier_on_basic_motions[ShapeDTW],setup,0.0,36.23
after,6,test_classifier_on_unit_test_data[ShapeDTW],sktime/classification/tests/test_all_classifiers.py::TestAllClassifiers::test_classifier_on_unit_test_data[ShapeDTW],setup,0.0,36.23
after,6,test_classifier_output[ShapeDTW-0-ClassifierFitPredict],sktime/classification/tests/test_all_classifiers.py::TestAllClassifiers::test_classifier_output[ShapeDTW-0-ClassifierFitPredict],teardown,0.0,36.23
after,6,test_multioutput[ShapeDTW-1],sktime/classification/tests/test_all_classifiers.py::TestAllClassifiers::test_multioutput[ShapeDTW-1],teardown,0.0,36.23
after,6,test_classifier_output[ShapeDTW-1-ClassifierFitPredict],sktime/classification/tests/test_all_classifiers.py::TestAllClassifiers::test_classifier_output[ShapeDTW-1-ClassifierFitPredict],teardown,0.0,36.23
after,6,test_classifier_output[ShapeDTW-1-ClassifierFitPredictThreeClasses],sktime/classification/tests/test_all_classifiers.py::TestAllClassifiers::test_classifier_output[ShapeDTW-1-ClassifierFitPredictThreeClasses],teardown,0.0,36.23
after,6,test_classifier_output[ShapeDTW-0-ClassifierFitPredictThreeClasses],sktime/classification/tests/test_all_classifiers.py::TestAllClassifiers::test_classifier_output[ShapeDTW-0-ClassifierFitPredictThreeClasses],teardown,0.0,36.23
after,6,test_classifier_on_unit_test_data[ShapeDTW],sktime/classification/tests/test_all_classifiers.py::TestAllClassifiers::test_classifier_on_unit_test_data[ShapeDTW],teardown,0.0,36.23
after,6,test_multioutput[ShapeDTW-0],sktime/classification/tests/test_all_classifiers.py::TestAllClassifiers::test_multioutput[ShapeDTW-0],teardown,0.0,36.23
after,6,test_multivariate_input_exception[ShapeDTW-0],sktime/classification/tests/test_all_classifiers.py::TestAllClassifiers::test_multivariate_input_exception[ShapeDTW-0],teardown,0.0,36.23
after,6,test_classifier_on_basic_motions[ShapeDTW],sktime/classification/tests/test_all_classifiers.py::TestAllClassifiers::test_classifier_on_basic_motions[ShapeDTW],call,0.0,36.23
after,6,test_multivariate_input_exception[ShapeDTW-1],sktime/classification/tests/test_all_classifiers.py::TestAllClassifiers::test_multivariate_input_exception[ShapeDTW-1],teardown,0.0,36.23
after,6,test_handles_single_class[ShapeDTW-1],sktime/classification/tests/test_all_classifiers.py::TestAllClassifiers::test_handles_single_class[ShapeDTW-1],teardown,0.0,36.23
after,6,test_handles_single_class[ShapeDTW-0],sktime/classification/tests/test_all_classifiers.py::TestAllClassifiers::test_handles_single_class[ShapeDTW-0],teardown,0.0,36.23
after,6,test_classifier_on_basic_motions[ShapeDTW],sktime/classification/tests/test_all_classifiers.py::TestAllClassifiers::test_classifier_on_basic_motions[ShapeDTW],teardown,0.0,36.23
after,7,test_multioutput[ShapeDTW-1],sktime/classification/tests/test_all_classifiers.py::TestAllClassifiers::test_multioutput[ShapeDTW-1],call,16.23,36.46
after,7,test_classifier_output[ShapeDTW-1-ClassifierFitPredictThreeClasses],sktime/classification/tests/test_all_classifiers.py::TestAllClassifiers::test_classifier_output[ShapeDTW-1-ClassifierFitPredictThreeClasses],call,7.49,36.46
after,7,test_classifier_output[ShapeDTW-1-ClassifierFitPredict],sktime/classification/tests/test_all_classifiers.py::TestAllClassifiers::test_classifier_output[ShapeDTW-1-ClassifierFitPredict],call,5.49,36.46
after,7,test_multioutput[ShapeDTW-0],sktime/classification/tests/test_all_classifiers.py::TestAllClassifiers::test_multioutput[ShapeDTW-0],call,0.98,36.46
after,7,test_classifier_on_unit_test_data[ShapeDTW],sktime/classification/tests/test_all_classifiers.py::TestAllClassifiers::test_classifier_on_unit_test_data[ShapeDTW],call,0.72,36.46
after,7,test_classifier_output[ShapeDTW-0-ClassifierFitPredictThreeClasses],sktime/classification/tests/test_all_classifiers.py::TestAllClassifiers::test_classifier_output[ShapeDTW-0-ClassifierFitPredictThreeClasses],call,0.32,36.46
after,7,test_classifier_output[ShapeDTW-0-ClassifierFitPredict],sktime/classification/tests/test_all_classifiers.py::TestAllClassifiers::test_classifier_output[ShapeDTW-0-ClassifierFitPredict],call,0.25,36.46
after,7,test_multivariate_input_exception[ShapeDTW-1],sktime/classification/tests/test_all_classifiers.py::TestAllClassifiers::test_multivariate_input_exception[ShapeDTW-1],call,0.01,36.46
after,7,test_multivariate_input_exception[ShapeDTW-0],sktime/classification/tests/test_all_classifiers.py::TestAllClassifiers::test_multivariate_input_exception[ShapeDTW-0],call,0.01,36.46
after,7,test_handles_single_class[ShapeDTW-0],sktime/classification/tests/test_all_classifiers.py::TestAllClassifiers::test_handles_single_class[ShapeDTW-0],call,0.0,36.46
after,7,test_handles_single_class[ShapeDTW-1],sktime/classification/tests/test_all_classifiers.py::TestAllClassifiers::test_handles_single_class[ShapeDTW-1],call,0.0,36.46
after,7,test_classifier_on_basic_motions[ShapeDTW],sktime/classification/tests/test_all_classifiers.py::TestAllClassifiers::test_classifier_on_basic_motions[ShapeDTW],setup,0.0,36.46
after,7,test_handles_single_class[ShapeDTW-1],sktime/classification/tests/test_all_classifiers.py::TestAllClassifiers::test_handles_single_class[ShapeDTW-1],setup,0.0,36.46
after,7,test_multivariate_input_exception[ShapeDTW-1],sktime/classification/tests/test_all_classifiers.py::TestAllClassifiers::test_multivariate_input_exception[ShapeDTW-1],setup,0.0,36.46
after,7,test_handles_single_class[ShapeDTW-0],sktime/classification/tests/test_all_classifiers.py::TestAllClassifiers::test_handles_single_class[ShapeDTW-0],setup,0.0,36.46
after,7,test_classifier_output[ShapeDTW-0-ClassifierFitPredictThreeClasses],sktime/classification/tests/test_all_classifiers.py::TestAllClassifiers::test_classifier_output[ShapeDTW-0-ClassifierFitPredictThreeClasses],setup,0.0,36.46
after,7,test_classifier_output[ShapeDTW-0-ClassifierFitPredict],sktime/classification/tests/test_all_classifiers.py::TestAllClassifiers::test_classifier_output[ShapeDTW-0-ClassifierFitPredict],setup,0.0,36.46
after,7,test_multivariate_input_exception[ShapeDTW-0],sktime/classification/tests/test_all_classifiers.py::TestAllClassifiers::test_multivariate_input_exception[ShapeDTW-0],setup,0.0,36.46
after,7,test_classifier_output[ShapeDTW-1-ClassifierFitPredict],sktime/classification/tests/test_all_classifiers.py::TestAllClassifiers::test_classifier_output[ShapeDTW-1-ClassifierFitPredict],setup,0.0,36.46
after,7,test_classifier_output[ShapeDTW-1-ClassifierFitPredictThreeClasses],sktime/classification/tests/test_all_classifiers.py::TestAllClassifiers::test_classifier_output[ShapeDTW-1-ClassifierFitPredictThreeClasses],setup,0.0,36.46
after,7,test_multioutput[ShapeDTW-0],sktime/classification/tests/test_all_classifiers.py::TestAllClassifiers::test_multioutput[ShapeDTW-0],setup,0.0,36.46
after,7,test_multioutput[ShapeDTW-1],sktime/classification/tests/test_all_classifiers.py::TestAllClassifiers::test_multioutput[ShapeDTW-1],setup,0.0,36.46
after,7,test_classifier_output[ShapeDTW-1-ClassifierFitPredict],sktime/classification/tests/test_all_classifiers.py::TestAllClassifiers::test_classifier_output[ShapeDTW-1-ClassifierFitPredict],teardown,0.0,36.46
after,7,test_classifier_output[ShapeDTW-0-ClassifierFitPredict],sktime/classification/tests/test_all_classifiers.py::TestAllClassifiers::test_classifier_output[ShapeDTW-0-ClassifierFitPredict],teardown,0.0,36.46
after,7,test_multioutput[ShapeDTW-0],sktime/classification/tests/test_all_classifiers.py::TestAllClassifiers::test_multioutput[ShapeDTW-0],teardown,0.0,36.46
after,7,test_classifier_output[ShapeDTW-0-ClassifierFitPredictThreeClasses],sktime/classification/tests/test_all_classifiers.py::TestAllClassifiers::test_classifier_output[ShapeDTW-0-ClassifierFitPredictThreeClasses],teardown,0.0,36.46
after,7,test_classifier_on_unit_test_data[ShapeDTW],sktime/classification/tests/test_all_classifiers.py::TestAllClassifiers::test_classifier_on_unit_test_data[ShapeDTW],setup,0.0,36.46
after,7,test_classifier_output[ShapeDTW-1-ClassifierFitPredictThreeClasses],sktime/classification/tests/test_all_classifiers.py::TestAllClassifiers::test_classifier_output[ShapeDTW-1-ClassifierFitPredictThreeClasses],teardown,0.0,36.46
after,7,test_classifier_on_basic_motions[ShapeDTW],sktime/classification/tests/test_all_classifiers.py::TestAllClassifiers::test_classifier_on_basic_motions[ShapeDTW],call,0.0,36.46
after,7,test_multioutput[ShapeDTW-1],sktime/classification/tests/test_all_classifiers.py::TestAllClassifiers::test_multioutput[ShapeDTW-1],teardown,0.0,36.46
after,7,test_classifier_on_unit_test_data[ShapeDTW],sktime/classification/tests/test_all_classifiers.py::TestAllClassifiers::test_classifier_on_unit_test_data[ShapeDTW],teardown,0.0,36.46
after,7,test_classifier_on_basic_motions[ShapeDTW],sktime/classification/tests/test_all_classifiers.py::TestAllClassifiers::test_classifier_on_basic_motions[ShapeDTW],teardown,0.0,36.46
after,7,test_handles_single_class[ShapeDTW-0],sktime/classification/tests/test_all_classifiers.py::TestAllClassifiers::test_handles_single_class[ShapeDTW-0],teardown,0.0,36.46
after,7,test_multivariate_input_exception[ShapeDTW-1],sktime/classification/tests/test_all_classifiers.py::TestAllClassifiers::test_multivariate_input_exception[ShapeDTW-1],teardown,0.0,36.46
after,7,test_multivariate_input_exception[ShapeDTW-0],sktime/classification/tests/test_all_classifiers.py::TestAllClassifiers::test_multivariate_input_exception[ShapeDTW-0],teardown,0.0,36.46
after,7,test_handles_single_class[ShapeDTW-1],sktime/classification/tests/test_all_classifiers.py::TestAllClassifiers::test_handles_single_class[ShapeDTW-1],teardown,0.0,36.46
after,8,test_multioutput[ShapeDTW-1],sktime/classification/tests/test_all_classifiers.py::TestAllClassifiers::test_multioutput[ShapeDTW-1],call,16.05,36.33
after,8,test_classifier_output[ShapeDTW-1-ClassifierFitPredictThreeClasses],sktime/classification/tests/test_all_classifiers.py::TestAllClassifiers::test_classifier_output[ShapeDTW-1-ClassifierFitPredictThreeClasses],call,7.75,36.33
after,8,test_classifier_output[ShapeDTW-1-ClassifierFitPredict],sktime/classification/tests/test_all_classifiers.py::TestAllClassifiers::test_classifier_output[ShapeDTW-1-ClassifierFitPredict],call,5.18,36.33
after,8,test_multioutput[ShapeDTW-0],sktime/classification/tests/test_all_classifiers.py::TestAllClassifiers::test_multioutput[ShapeDTW-0],call,0.98,36.33
after,8,test_classifier_output[ShapeDTW-0-ClassifierFitPredict],sktime/classification/tests/test_all_classifiers.py::TestAllClassifiers::test_classifier_output[ShapeDTW-0-ClassifierFitPredict],call,0.62,36.33
after,8,test_classifier_on_unit_test_data[ShapeDTW],sktime/classification/tests/test_all_classifiers.py::TestAllClassifiers::test_classifier_on_unit_test_data[ShapeDTW],call,0.46,36.33
after,8,test_classifier_output[ShapeDTW-0-ClassifierFitPredictThreeClasses],sktime/classification/tests/test_all_classifiers.py::TestAllClassifiers::test_classifier_output[ShapeDTW-0-ClassifierFitPredictThreeClasses],call,0.32,36.33
after,8,test_multivariate_input_exception[ShapeDTW-0],sktime/classification/tests/test_all_classifiers.py::TestAllClassifiers::test_multivariate_input_exception[ShapeDTW-0],call,0.01,36.33
after,8,test_multivariate_input_exception[ShapeDTW-1],sktime/classification/tests/test_all_classifiers.py::TestAllClassifiers::test_multivariate_input_exception[ShapeDTW-1],call,0.01,36.33
after,8,test_handles_single_class[ShapeDTW-1],sktime/classification/tests/test_all_classifiers.py::TestAllClassifiers::test_handles_single_class[ShapeDTW-1],call,0.0,36.33
after,8,test_handles_single_class[ShapeDTW-0],sktime/classification/tests/test_all_classifiers.py::TestAllClassifiers::test_handles_single_class[ShapeDTW-0],call,0.0,36.33
after,8,test_classifier_output[ShapeDTW-0-ClassifierFitPredict],sktime/classification/tests/test_all_classifiers.py::TestAllClassifiers::test_classifier_output[ShapeDTW-0-ClassifierFitPredict],setup,0.0,36.33
after,8,test_multivariate_input_exception[ShapeDTW-1],sktime/classification/tests/test_all_classifiers.py::TestAllClassifiers::test_multivariate_input_exception[ShapeDTW-1],setup,0.0,36.33
after,8,test_multioutput[ShapeDTW-1],sktime/classification/tests/test_all_classifiers.py::TestAllClassifiers::test_multioutput[ShapeDTW-1],setup,0.0,36.33
after,8,test_handles_single_class[ShapeDTW-0],sktime/classification/tests/test_all_classifiers.py::TestAllClassifiers::test_handles_single_class[ShapeDTW-0],setup,0.0,36.33
after,8,test_multivariate_input_exception[ShapeDTW-0],sktime/classification/tests/test_all_classifiers.py::TestAllClassifiers::test_multivariate_input_exception[ShapeDTW-0],setup,0.0,36.33
after,8,test_multioutput[ShapeDTW-0],sktime/classification/tests/test_all_classifiers.py::TestAllClassifiers::test_multioutput[ShapeDTW-0],setup,0.0,36.33
after,8,test_handles_single_class[ShapeDTW-1],sktime/classification/tests/test_all_classifiers.py::TestAllClassifiers::test_handles_single_class[ShapeDTW-1],setup,0.0,36.33
after,8,test_classifier_output[ShapeDTW-0-ClassifierFitPredictThreeClasses],sktime/classification/tests/test_all_classifiers.py::TestAllClassifiers::test_classifier_output[ShapeDTW-0-ClassifierFitPredictThreeClasses],setup,0.0,36.33
after,8,test_classifier_output[ShapeDTW-1-ClassifierFitPredict],sktime/classification/tests/test_all_classifiers.py::TestAllClassifiers::test_classifier_output[ShapeDTW-1-ClassifierFitPredict],setup,0.0,36.33
after,8,test_classifier_output[ShapeDTW-1-ClassifierFitPredictThreeClasses],sktime/classification/tests/test_all_classifiers.py::TestAllClassifiers::test_classifier_output[ShapeDTW-1-ClassifierFitPredictThreeClasses],setup,0.0,36.33
after,8,test_classifier_on_basic_motions[ShapeDTW],sktime/classification/tests/test_all_classifiers.py::TestAllClassifiers::test_classifier_on_basic_motions[ShapeDTW],setup,0.0,36.33
after,8,test_classifier_output[ShapeDTW-1-ClassifierFitPredict],sktime/classification/tests/test_all_classifiers.py::TestAllClassifiers::test_classifier_output[ShapeDTW-1-ClassifierFitPredict],teardown,0.0,36.33
after,8,test_multioutput[ShapeDTW-1],sktime/classification/tests/test_all_classifiers.py::TestAllClassifiers::test_multioutput[ShapeDTW-1],teardown,0.0,36.33
after,8,test_classifier_output[ShapeDTW-0-ClassifierFitPredict],sktime/classification/tests/test_all_classifiers.py::TestAllClassifiers::test_classifier_output[ShapeDTW-0-ClassifierFitPredict],teardown,0.0,36.33
after,8,test_classifier_output[ShapeDTW-0-ClassifierFitPredictThreeClasses],sktime/classification/tests/test_all_classifiers.py::TestAllClassifiers::test_classifier_output[ShapeDTW-0-ClassifierFitPredictThreeClasses],teardown,0.0,36.33
after,8,test_classifier_output[ShapeDTW-1-ClassifierFitPredictThreeClasses],sktime/classification/tests/test_all_classifiers.py::TestAllClassifiers::test_classifier_output[ShapeDTW-1-ClassifierFitPredictThreeClasses],teardown,0.0,36.33
after,8,test_multioutput[ShapeDTW-0],sktime/classification/tests/test_all_classifiers.py::TestAllClassifiers::test_multioutput[ShapeDTW-0],teardown,0.0,36.33
after,8,test_classifier_on_unit_test_data[ShapeDTW],sktime/classification/tests/test_all_classifiers.py::TestAllClassifiers::test_classifier_on_unit_test_data[ShapeDTW],setup,0.0,36.33
after,8,test_classifier_on_unit_test_data[ShapeDTW],sktime/classification/tests/test_all_classifiers.py::TestAllClassifiers::test_classifier_on_unit_test_data[ShapeDTW],teardown,0.0,36.33
after,8,test_handles_single_class[ShapeDTW-1],sktime/classification/tests/test_all_classifiers.py::TestAllClassifiers::test_handles_single_class[ShapeDTW-1],teardown,0.0,36.33
after,8,test_multivariate_input_exception[ShapeDTW-0],sktime/classification/tests/test_all_classifiers.py::TestAllClassifiers::test_multivariate_input_exception[ShapeDTW-0],teardown,0.0,36.33
after,8,test_multivariate_input_exception[ShapeDTW-1],sktime/classification/tests/test_all_classifiers.py::TestAllClassifiers::test_multivariate_input_exception[ShapeDTW-1],teardown,0.0,36.33
after,8,test_handles_single_class[ShapeDTW-0],sktime/classification/tests/test_all_classifiers.py::TestAllClassifiers::test_handles_single_class[ShapeDTW-0],teardown,0.0,36.33
after,8,test_classifier_on_basic_motions[ShapeDTW],sktime/classification/tests/test_all_classifiers.py::TestAllClassifiers::test_classifier_on_basic_motions[ShapeDTW],call,0.0,36.33
after,8,test_classifier_on_basic_motions[ShapeDTW],sktime/classification/tests/test_all_classifiers.py::TestAllClassifiers::test_classifier_on_basic_motions[ShapeDTW],teardown,0.0,36.33
after,9,test_multioutput[ShapeDTW-1],sktime/classification/tests/test_all_classifiers.py::TestAllClassifiers::test_multioutput[ShapeDTW-1],call,16.28,36.55
after,9,test_classifier_output[ShapeDTW-1-ClassifierFitPredictThreeClasses],sktime/classification/tests/test_all_classifiers.py::TestAllClassifiers::test_classifier_output[ShapeDTW-1-ClassifierFitPredictThreeClasses],call,7.86,36.55
after,9,test_classifier_output[ShapeDTW-1-ClassifierFitPredict],sktime/classification/tests/test_all_classifiers.py::TestAllClassifiers::test_classifier_output[ShapeDTW-1-ClassifierFitPredict],call,5.17,36.55
after,9,test_multioutput[ShapeDTW-0],sktime/classification/tests/test_all_classifiers.py::TestAllClassifiers::test_multioutput[ShapeDTW-0],call,1.24,36.55
after,9,test_classifier_on_unit_test_data[ShapeDTW],sktime/classification/tests/test_all_classifiers.py::TestAllClassifiers::test_classifier_on_unit_test_data[ShapeDTW],call,0.45,36.55
after,9,test_classifier_output[ShapeDTW-0-ClassifierFitPredictThreeClasses],sktime/classification/tests/test_all_classifiers.py::TestAllClassifiers::test_classifier_output[ShapeDTW-0-ClassifierFitPredictThreeClasses],call,0.31,36.55
after,9,test_classifier_output[ShapeDTW-0-ClassifierFitPredict],sktime/classification/tests/test_all_classifiers.py::TestAllClassifiers::test_classifier_output[ShapeDTW-0-ClassifierFitPredict],call,0.25,36.55
after,9,test_multivariate_input_exception[ShapeDTW-0],sktime/classification/tests/test_all_classifiers.py::TestAllClassifiers::test_multivariate_input_exception[ShapeDTW-0],call,0.01,36.55
after,9,test_multivariate_input_exception[ShapeDTW-1],sktime/classification/tests/test_all_classifiers.py::TestAllClassifiers::test_multivariate_input_exception[ShapeDTW-1],call,0.01,36.55
after,9,test_handles_single_class[ShapeDTW-1],sktime/classification/tests/test_all_classifiers.py::TestAllClassifiers::test_handles_single_class[ShapeDTW-1],call,0.0,36.55
after,9,test_handles_single_class[ShapeDTW-0],sktime/classification/tests/test_all_classifiers.py::TestAllClassifiers::test_handles_single_class[ShapeDTW-0],call,0.0,36.55
after,9,test_classifier_output[ShapeDTW-1-ClassifierFitPredictThreeClasses],sktime/classification/tests/test_all_classifiers.py::TestAllClassifiers::test_classifier_output[ShapeDTW-1-ClassifierFitPredictThreeClasses],setup,0.0,36.55
after,9,test_multioutput[ShapeDTW-1],sktime/classification/tests/test_all_classifiers.py::TestAllClassifiers::test_multioutput[ShapeDTW-1],setup,0.0,36.55
after,9,test_handles_single_class[ShapeDTW-1],sktime/classification/tests/test_all_classifiers.py::TestAllClassifiers::test_handles_single_class[ShapeDTW-1],setup,0.0,36.55
after,9,test_multivariate_input_exception[ShapeDTW-0],sktime/classification/tests/test_all_classifiers.py::TestAllClassifiers::test_multivariate_input_exception[ShapeDTW-0],setup,0.0,36.55
after,9,test_multioutput[ShapeDTW-0],sktime/classification/tests/test_all_classifiers.py::TestAllClassifiers::test_multioutput[ShapeDTW-0],setup,0.0,36.55
after,9,test_classifier_output[ShapeDTW-0-ClassifierFitPredict],sktime/classification/tests/test_all_classifiers.py::TestAllClassifiers::test_classifier_output[ShapeDTW-0-ClassifierFitPredict],setup,0.0,36.55
after,9,test_handles_single_class[ShapeDTW-0],sktime/classification/tests/test_all_classifiers.py::TestAllClassifiers::test_handles_single_class[ShapeDTW-0],setup,0.0,36.55
after,9,test_classifier_output[ShapeDTW-1-ClassifierFitPredict],sktime/classification/tests/test_all_classifiers.py::TestAllClassifiers::test_classifier_output[ShapeDTW-1-ClassifierFitPredict],setup,0.0,36.55
after,9,test_multivariate_input_exception[ShapeDTW-1],sktime/classification/tests/test_all_classifiers.py::TestAllClassifiers::test_multivariate_input_exception[ShapeDTW-1],setup,0.0,36.55
after,9,test_classifier_output[ShapeDTW-0-ClassifierFitPredictThreeClasses],sktime/classification/tests/test_all_classifiers.py::TestAllClassifiers::test_classifier_output[ShapeDTW-0-ClassifierFitPredictThreeClasses],setup,0.0,36.55
after,9,test_classifier_on_basic_motions[ShapeDTW],sktime/classification/tests/test_all_classifiers.py::TestAllClassifiers::test_classifier_on_basic_motions[ShapeDTW],setup,0.0,36.55
after,9,test_classifier_output[ShapeDTW-1-ClassifierFitPredictThreeClasses],sktime/classification/tests/test_all_classifiers.py::TestAllClassifiers::test_classifier_output[ShapeDTW-1-ClassifierFitPredictThreeClasses],teardown,0.0,36.55
after,9,test_multioutput[ShapeDTW-0],sktime/classification/tests/test_all_classifiers.py::TestAllClassifiers::test_multioutput[ShapeDTW-0],teardown,0.0,36.55
after,9,test_classifier_output[ShapeDTW-1-ClassifierFitPredict],sktime/classification/tests/test_all_classifiers.py::TestAllClassifiers::test_classifier_output[ShapeDTW-1-ClassifierFitPredict],teardown,0.0,36.55
after,9,test_classifier_on_unit_test_data[ShapeDTW],sktime/classification/tests/test_all_classifiers.py::TestAllClassifiers::test_classifier_on_unit_test_data[ShapeDTW],setup,0.0,36.55
after,9,test_multioutput[ShapeDTW-1],sktime/classification/tests/test_all_classifiers.py::TestAllClassifiers::test_multioutput[ShapeDTW-1],teardown,0.0,36.55
after,9,test_classifier_output[ShapeDTW-0-ClassifierFitPredict],sktime/classification/tests/test_all_classifiers.py::TestAllClassifiers::test_classifier_output[ShapeDTW-0-ClassifierFitPredict],teardown,0.0,36.55
after,9,test_classifier_output[ShapeDTW-0-ClassifierFitPredictThreeClasses],sktime/classification/tests/test_all_classifiers.py::TestAllClassifiers::test_classifier_output[ShapeDTW-0-ClassifierFitPredictThreeClasses],teardown,0.0,36.55
after,9,test_classifier_on_unit_test_data[ShapeDTW],sktime/classification/tests/test_all_classifiers.py::TestAllClassifiers::test_classifier_on_unit_test_data[ShapeDTW],teardown,0.0,36.55
after,9,test_handles_single_class[ShapeDTW-0],sktime/classification/tests/test_all_classifiers.py::TestAllClassifiers::test_handles_single_class[ShapeDTW-0],teardown,0.0,36.55
after,9,test_classifier_on_basic_motions[ShapeDTW],sktime/classification/tests/test_all_classifiers.py::TestAllClassifiers::test_classifier_on_basic_motions[ShapeDTW],call,0.0,36.55
after,9,test_multivariate_input_exception[ShapeDTW-0],sktime/classification/tests/test_all_classifiers.py::TestAllClassifiers::test_multivariate_input_exception[ShapeDTW-0],teardown,0.0,36.55
after,9,test_classifier_on_basic_motions[ShapeDTW],sktime/classification/tests/test_all_classifiers.py::TestAllClassifiers::test_classifier_on_basic_motions[ShapeDTW],teardown,0.0,36.55
after,9,test_multivariate_input_exception[ShapeDTW-1],sktime/classification/tests/test_all_classifiers.py::TestAllClassifiers::test_multivariate_input_exception[ShapeDTW-1],teardown,0.0,36.55
after,9,test_handles_single_class[ShapeDTW-1],sktime/classification/tests/test_all_classifiers.py::TestAllClassifiers::test_handles_single_class[ShapeDTW-1],teardown,0.0,36.55
after,10,test_multioutput[ShapeDTW-1],sktime/classification/tests/test_all_classifiers.py::TestAllClassifiers::test_multioutput[ShapeDTW-1],call,16.41,36.07
after,10,test_classifier_output[ShapeDTW-1-ClassifierFitPredictThreeClasses],sktime/classification/tests/test_all_classifiers.py::TestAllClassifiers::test_classifier_output[ShapeDTW-1-ClassifierFitPredictThreeClasses],call,7.45,36.07
after,10,test_classifier_output[ShapeDTW-1-ClassifierFitPredict],sktime/classification/tests/test_all_classifiers.py::TestAllClassifiers::test_classifier_output[ShapeDTW-1-ClassifierFitPredict],call,5.1,36.07
after,10,test_multioutput[ShapeDTW-0],sktime/classification/tests/test_all_classifiers.py::TestAllClassifiers::test_multioutput[ShapeDTW-0],call,0.76,36.07
after,10,test_classifier_output[ShapeDTW-0-ClassifierFitPredictThreeClasses],sktime/classification/tests/test_all_classifiers.py::TestAllClassifiers::test_classifier_output[ShapeDTW-0-ClassifierFitPredictThreeClasses],call,0.69,36.07
after,10,test_classifier_on_unit_test_data[ShapeDTW],sktime/classification/tests/test_all_classifiers.py::TestAllClassifiers::test_classifier_on_unit_test_data[ShapeDTW],call,0.45,36.07
after,10,test_classifier_output[ShapeDTW-0-ClassifierFitPredict],sktime/classification/tests/test_all_classifiers.py::TestAllClassifiers::test_classifier_output[ShapeDTW-0-ClassifierFitPredict],call,0.25,36.07
after,10,test_multivariate_input_exception[ShapeDTW-1],sktime/classification/tests/test_all_classifiers.py::TestAllClassifiers::test_multivariate_input_exception[ShapeDTW-1],call,0.01,36.07
after,10,test_multivariate_input_exception[ShapeDTW-0],sktime/classification/tests/test_all_classifiers.py::TestAllClassifiers::test_multivariate_input_exception[ShapeDTW-0],call,0.01,36.07
after,10,test_handles_single_class[ShapeDTW-1],sktime/classification/tests/test_all_classifiers.py::TestAllClassifiers::test_handles_single_class[ShapeDTW-1],call,0.0,36.07
after,10,test_handles_single_class[ShapeDTW-0],sktime/classification/tests/test_all_classifiers.py::TestAllClassifiers::test_handles_single_class[ShapeDTW-0],call,0.0,36.07
after,10,test_classifier_output[ShapeDTW-0-ClassifierFitPredictThreeClasses],sktime/classification/tests/test_all_classifiers.py::TestAllClassifiers::test_classifier_output[ShapeDTW-0-ClassifierFitPredictThreeClasses],setup,0.0,36.07
after,10,test_classifier_output[ShapeDTW-1-ClassifierFitPredict],sktime/classification/tests/test_all_classifiers.py::TestAllClassifiers::test_classifier_output[ShapeDTW-1-ClassifierFitPredict],setup,0.0,36.07
after,10,test_classifier_output[ShapeDTW-1-ClassifierFitPredictThreeClasses],sktime/classification/tests/test_all_classifiers.py::TestAllClassifiers::test_classifier_output[ShapeDTW-1-ClassifierFitPredictThreeClasses],setup,0.0,36.07
after,10,test_multioutput[ShapeDTW-1],sktime/classification/tests/test_all_classifiers.py::TestAllClassifiers::test_multioutput[ShapeDTW-1],setup,0.0,36.07
after,10,test_multivariate_input_exception[ShapeDTW-1],sktime/classification/tests/test_all_classifiers.py::TestAllClassifiers::test_multivariate_input_exception[ShapeDTW-1],setup,0.0,36.07
after,10,test_multioutput[ShapeDTW-0],sktime/classification/tests/test_all_classifiers.py::TestAllClassifiers::test_multioutput[ShapeDTW-0],setup,0.0,36.07
after,10,test_multivariate_input_exception[ShapeDTW-0],sktime/classification/tests/test_all_classifiers.py::TestAllClassifiers::test_multivariate_input_exception[ShapeDTW-0],setup,0.0,36.07
after,10,test_handles_single_class[ShapeDTW-1],sktime/classification/tests/test_all_classifiers.py::TestAllClassifiers::test_handles_single_class[ShapeDTW-1],setup,0.0,36.07
after,10,test_classifier_output[ShapeDTW-0-ClassifierFitPredict],sktime/classification/tests/test_all_classifiers.py::TestAllClassifiers::test_classifier_output[ShapeDTW-0-ClassifierFitPredict],setup,0.0,36.07
after,10,test_handles_single_class[ShapeDTW-0],sktime/classification/tests/test_all_classifiers.py::TestAllClassifiers::test_handles_single_class[ShapeDTW-0],setup,0.0,36.07
after,10,test_classifier_on_basic_motions[ShapeDTW],sktime/classification/tests/test_all_classifiers.py::TestAllClassifiers::test_classifier_on_basic_motions[ShapeDTW],setup,0.0,36.07
after,10,test_classifier_output[ShapeDTW-0-ClassifierFitPredictThreeClasses],sktime/classification/tests/test_all_classifiers.py::TestAllClassifiers::test_classifier_output[ShapeDTW-0-ClassifierFitPredictThreeClasses],teardown,0.0,36.07
after,10,test_classifier_output[ShapeDTW-1-ClassifierFitPredictThreeClasses],sktime/classification/tests/test_all_classifiers.py::TestAllClassifiers::test_classifier_output[ShapeDTW-1-ClassifierFitPredictThreeClasses],teardown,0.0,36.07
after,10,test_classifier_output[ShapeDTW-1-ClassifierFitPredict],sktime/classification/tests/test_all_classifiers.py::TestAllClassifiers::test_classifier_output[ShapeDTW-1-ClassifierFitPredict],teardown,0.0,36.07
after,10,test_classifier_output[ShapeDTW-0-ClassifierFitPredict],sktime/classification/tests/test_all_classifiers.py::TestAllClassifiers::test_classifier_output[ShapeDTW-0-ClassifierFitPredict],teardown,0.0,36.07
after,10,test_multioutput[ShapeDTW-0],sktime/classification/tests/test_all_classifiers.py::TestAllClassifiers::test_multioutput[ShapeDTW-0],teardown,0.0,36.07
after,10,test_multioutput[ShapeDTW-1],sktime/classification/tests/test_all_classifiers.py::TestAllClassifiers::test_multioutput[ShapeDTW-1],teardown,0.0,36.07
after,10,test_classifier_on_unit_test_data[ShapeDTW],sktime/classification/tests/test_all_classifiers.py::TestAllClassifiers::test_classifier_on_unit_test_data[ShapeDTW],teardown,0.0,36.07
after,10,test_classifier_on_unit_test_data[ShapeDTW],sktime/classification/tests/test_all_classifiers.py::TestAllClassifiers::test_classifier_on_unit_test_data[ShapeDTW],setup,0.0,36.07
after,10,test_classifier_on_basic_motions[ShapeDTW],sktime/classification/tests/test_all_classifiers.py::TestAllClassifiers::test_classifier_on_basic_motions[ShapeDTW],call,0.0,36.07
after,10,test_multivariate_input_exception[ShapeDTW-1],sktime/classification/tests/test_all_classifiers.py::TestAllClassifiers::test_multivariate_input_exception[ShapeDTW-1],teardown,0.0,36.07
after,10,test_handles_single_class[ShapeDTW-0],sktime/classification/tests/test_all_classifiers.py::TestAllClassifiers::test_handles_single_class[ShapeDTW-0],teardown,0.0,36.07
after,10,test_multivariate_input_exception[ShapeDTW-0],sktime/classification/tests/test_all_classifiers.py::TestAllClassifiers::test_multivariate_input_exception[ShapeDTW-0],teardown,0.0,36.07
after,10,test_handles_single_class[ShapeDTW-1],sktime/classification/tests/test_all_classifiers.py::TestAllClassifiers::test_handles_single_class[ShapeDTW-1],teardown,0.0,36.07
after,10,test_classifier_on_basic_motions[ShapeDTW],sktime/classification/tests/test_all_classifiers.py::TestAllClassifiers::test_classifier_on_basic_motions[ShapeDTW],teardown,0.0,36.07
after,11,test_multioutput[ShapeDTW-1],sktime/classification/tests/test_all_classifiers.py::TestAllClassifiers::test_multioutput[ShapeDTW-1],call,16.33,36.65
after,11,test_classifier_output[ShapeDTW-1-ClassifierFitPredictThreeClasses],sktime/classification/tests/test_all_classifiers.py::TestAllClassifiers::test_classifier_output[ShapeDTW-1-ClassifierFitPredictThreeClasses],call,7.51,36.65
after,11,test_classifier_output[ShapeDTW-1-ClassifierFitPredict],sktime/classification/tests/test_all_classifiers.py::TestAllClassifiers::test_classifier_output[ShapeDTW-1-ClassifierFitPredict],call,5.46,36.65
after,11,test_multioutput[ShapeDTW-0],sktime/classification/tests/test_all_classifiers.py::TestAllClassifiers::test_multioutput[ShapeDTW-0],call,0.98,36.65
after,11,test_classifier_output[ShapeDTW-0-ClassifierFitPredict],sktime/classification/tests/test_all_classifiers.py::TestAllClassifiers::test_classifier_output[ShapeDTW-0-ClassifierFitPredict],call,0.62,36.65
after,11,test_classifier_on_unit_test_data[ShapeDTW],sktime/classification/tests/test_all_classifiers.py::TestAllClassifiers::test_classifier_on_unit_test_data[ShapeDTW],call,0.46,36.65
after,11,test_classifier_output[ShapeDTW-0-ClassifierFitPredictThreeClasses],sktime/classification/tests/test_all_classifiers.py::TestAllClassifiers::test_classifier_output[ShapeDTW-0-ClassifierFitPredictThreeClasses],call,0.32,36.65
after,11,test_multivariate_input_exception[ShapeDTW-1],sktime/classification/tests/test_all_classifiers.py::TestAllClassifiers::test_multivariate_input_exception[ShapeDTW-1],call,0.01,36.65
after,11,test_multivariate_input_exception[ShapeDTW-0],sktime/classification/tests/test_all_classifiers.py::TestAllClassifiers::test_multivariate_input_exception[ShapeDTW-0],call,0.01,36.65
after,11,test_handles_single_class[ShapeDTW-0],sktime/classification/tests/test_all_classifiers.py::TestAllClassifiers::test_handles_single_class[ShapeDTW-0],call,0.0,36.65
after,11,test_handles_single_class[ShapeDTW-1],sktime/classification/tests/test_all_classifiers.py::TestAllClassifiers::test_handles_single_class[ShapeDTW-1],call,0.0,36.65
after,11,test_classifier_output[ShapeDTW-0-ClassifierFitPredict],sktime/classification/tests/test_all_classifiers.py::TestAllClassifiers::test_classifier_output[ShapeDTW-0-ClassifierFitPredict],setup,0.0,36.65
after,11,test_classifier_output[ShapeDTW-1-ClassifierFitPredictThreeClasses],sktime/classification/tests/test_all_classifiers.py::TestAllClassifiers::test_classifier_output[ShapeDTW-1-ClassifierFitPredictThreeClasses],setup,0.0,36.65
after,11,test_multioutput[ShapeDTW-1],sktime/classification/tests/test_all_classifiers.py::TestAllClassifiers::test_multioutput[ShapeDTW-1],setup,0.0,36.65
after,11,test_multioutput[ShapeDTW-0],sktime/classification/tests/test_all_classifiers.py::TestAllClassifiers::test_multioutput[ShapeDTW-0],setup,0.0,36.65
after,11,test_handles_single_class[ShapeDTW-1],sktime/classification/tests/test_all_classifiers.py::TestAllClassifiers::test_handles_single_class[ShapeDTW-1],setup,0.0,36.65
after,11,test_multivariate_input_exception[ShapeDTW-1],sktime/classification/tests/test_all_classifiers.py::TestAllClassifiers::test_multivariate_input_exception[ShapeDTW-1],setup,0.0,36.65
after,11,test_classifier_output[ShapeDTW-0-ClassifierFitPredictThreeClasses],sktime/classification/tests/test_all_classifiers.py::TestAllClassifiers::test_classifier_output[ShapeDTW-0-ClassifierFitPredictThreeClasses],setup,0.0,36.65
after,11,test_handles_single_class[ShapeDTW-0],sktime/classification/tests/test_all_classifiers.py::TestAllClassifiers::test_handles_single_class[ShapeDTW-0],setup,0.0,36.65
after,11,test_classifier_output[ShapeDTW-1-ClassifierFitPredict],sktime/classification/tests/test_all_classifiers.py::TestAllClassifiers::test_classifier_output[ShapeDTW-1-ClassifierFitPredict],setup,0.0,36.65
after,11,test_multivariate_input_exception[ShapeDTW-0],sktime/classification/tests/test_all_classifiers.py::TestAllClassifiers::test_multivariate_input_exception[ShapeDTW-0],setup,0.0,36.65
after,11,test_classifier_on_unit_test_data[ShapeDTW],sktime/classification/tests/test_all_classifiers.py::TestAllClassifiers::test_classifier_on_unit_test_data[ShapeDTW],setup,0.0,36.65
after,11,test_classifier_on_basic_motions[ShapeDTW],sktime/classification/tests/test_all_classifiers.py::TestAllClassifiers::test_classifier_on_basic_motions[ShapeDTW],setup,0.0,36.65
after,11,test_classifier_output[ShapeDTW-0-ClassifierFitPredict],sktime/classification/tests/test_all_classifiers.py::TestAllClassifiers::test_classifier_output[ShapeDTW-0-ClassifierFitPredict],teardown,0.0,36.65
after,11,test_classifier_output[ShapeDTW-1-ClassifierFitPredict],sktime/classification/tests/test_all_classifiers.py::TestAllClassifiers::test_classifier_output[ShapeDTW-1-ClassifierFitPredict],teardown,0.0,36.65
after,11,test_multioutput[ShapeDTW-1],sktime/classification/tests/test_all_classifiers.py::TestAllClassifiers::test_multioutput[ShapeDTW-1],teardown,0.0,36.65
after,11,test_classifier_output[ShapeDTW-1-ClassifierFitPredictThreeClasses],sktime/classification/tests/test_all_classifiers.py::TestAllClassifiers::test_classifier_output[ShapeDTW-1-ClassifierFitPredictThreeClasses],teardown,0.0,36.65
after,11,test_classifier_output[ShapeDTW-0-ClassifierFitPredictThreeClasses],sktime/classification/tests/test_all_classifiers.py::TestAllClassifiers::test_classifier_output[ShapeDTW-0-ClassifierFitPredictThreeClasses],teardown,0.0,36.65
after,11,test_multioutput[ShapeDTW-0],sktime/classification/tests/test_all_classifiers.py::TestAllClassifiers::test_multioutput[ShapeDTW-0],teardown,0.0,36.65
after,11,test_classifier_on_unit_test_data[ShapeDTW],sktime/classification/tests/test_all_classifiers.py::TestAllClassifiers::test_classifier_on_unit_test_data[ShapeDTW],teardown,0.0,36.65
after,11,test_handles_single_class[ShapeDTW-0],sktime/classification/tests/test_all_classifiers.py::TestAllClassifiers::test_handles_single_class[ShapeDTW-0],teardown,0.0,36.65
after,11,test_multivariate_input_exception[ShapeDTW-1],sktime/classification/tests/test_all_classifiers.py::TestAllClassifiers::test_multivariate_input_exception[ShapeDTW-1],teardown,0.0,36.65
after,11,test_multivariate_input_exception[ShapeDTW-0],sktime/classification/tests/test_all_classifiers.py::TestAllClassifiers::test_multivariate_input_exception[ShapeDTW-0],teardown,0.0,36.65
after,11,test_classifier_on_basic_motions[ShapeDTW],sktime/classification/tests/test_all_classifiers.py::TestAllClassifiers::test_classifier_on_basic_motions[ShapeDTW],call,0.0,36.65
after,11,test_handles_single_class[ShapeDTW-1],sktime/classification/tests/test_all_classifiers.py::TestAllClassifiers::test_handles_single_class[ShapeDTW-1],teardown,0.0,36.65
after,11,test_classifier_on_basic_motions[ShapeDTW],sktime/classification/tests/test_all_classifiers.py::TestAllClassifiers::test_classifier_on_basic_motions[ShapeDTW],teardown,0.0,36.65
after,12,test_multioutput[ShapeDTW-1],sktime/classification/tests/test_all_classifiers.py::TestAllClassifiers::test_multioutput[ShapeDTW-1],call,16.07,36.58
after,12,test_classifier_output[ShapeDTW-1-ClassifierFitPredictThreeClasses],sktime/classification/tests/test_all_classifiers.py::TestAllClassifiers::test_classifier_output[ShapeDTW-1-ClassifierFitPredictThreeClasses],call,7.76,36.58
after,12,test_classifier_output[ShapeDTW-1-ClassifierFitPredict],sktime/classification/tests/test_all_classifiers.py::TestAllClassifiers::test_classifier_output[ShapeDTW-1-ClassifierFitPredict],call,5.17,36.58
after,12,test_multioutput[ShapeDTW-0],sktime/classification/tests/test_all_classifiers.py::TestAllClassifiers::test_multioutput[ShapeDTW-0],call,0.98,36.58
after,12,test_classifier_on_unit_test_data[ShapeDTW],sktime/classification/tests/test_all_classifiers.py::TestAllClassifiers::test_classifier_on_unit_test_data[ShapeDTW],call,0.84,36.58
after,12,test_classifier_output[ShapeDTW-0-ClassifierFitPredictThreeClasses],sktime/classification/tests/test_all_classifiers.py::TestAllClassifiers::test_classifier_output[ShapeDTW-0-ClassifierFitPredictThreeClasses],call,0.54,36.58
after,12,test_classifier_output[ShapeDTW-0-ClassifierFitPredict],sktime/classification/tests/test_all_classifiers.py::TestAllClassifiers::test_classifier_output[ShapeDTW-0-ClassifierFitPredict],call,0.25,36.58
after,12,test_multivariate_input_exception[ShapeDTW-1],sktime/classification/tests/test_all_classifiers.py::TestAllClassifiers::test_multivariate_input_exception[ShapeDTW-1],call,0.01,36.58
after,12,test_multivariate_input_exception[ShapeDTW-0],sktime/classification/tests/test_all_classifiers.py::TestAllClassifiers::test_multivariate_input_exception[ShapeDTW-0],call,0.01,36.58
after,12,test_handles_single_class[ShapeDTW-1],sktime/classification/tests/test_all_classifiers.py::TestAllClassifiers::test_handles_single_class[ShapeDTW-1],call,0.0,36.58
after,12,test_handles_single_class[ShapeDTW-0],sktime/classification/tests/test_all_classifiers.py::TestAllClassifiers::test_handles_single_class[ShapeDTW-0],call,0.0,36.58
after,12,test_classifier_on_unit_test_data[ShapeDTW],sktime/classification/tests/test_all_classifiers.py::TestAllClassifiers::test_classifier_on_unit_test_data[ShapeDTW],setup,0.0,36.58
after,12,test_classifier_output[ShapeDTW-1-ClassifierFitPredictThreeClasses],sktime/classification/tests/test_all_classifiers.py::TestAllClassifiers::test_classifier_output[ShapeDTW-1-ClassifierFitPredictThreeClasses],setup,0.0,36.58
after,12,test_classifier_output[ShapeDTW-1-ClassifierFitPredict],sktime/classification/tests/test_all_classifiers.py::TestAllClassifiers::test_classifier_output[ShapeDTW-1-ClassifierFitPredict],setup,0.0,36.58
after,12,test_classifier_output[ShapeDTW-0-ClassifierFitPredictThreeClasses],sktime/classification/tests/test_all_classifiers.py::TestAllClassifiers::test_classifier_output[ShapeDTW-0-ClassifierFitPredictThreeClasses],setup,0.0,36.58
after,12,test_multioutput[ShapeDTW-1],sktime/classification/tests/test_all_classifiers.py::TestAllClassifiers::test_multioutput[ShapeDTW-1],setup,0.0,36.58
after,12,test_handles_single_class[ShapeDTW-1],sktime/classification/tests/test_all_classifiers.py::TestAllClassifiers::test_handles_single_class[ShapeDTW-1],setup,0.0,36.58
after,12,test_multivariate_input_exception[ShapeDTW-1],sktime/classification/tests/test_all_classifiers.py::TestAllClassifiers::test_multivariate_input_exception[ShapeDTW-1],setup,0.0,36.58
after,12,test_classifier_output[ShapeDTW-0-ClassifierFitPredict],sktime/classification/tests/test_all_classifiers.py::TestAllClassifiers::test_classifier_output[ShapeDTW-0-ClassifierFitPredict],setup,0.0,36.58
after,12,test_handles_single_class[ShapeDTW-0],sktime/classification/tests/test_all_classifiers.py::TestAllClassifiers::test_handles_single_class[ShapeDTW-0],setup,0.0,36.58
after,12,test_multivariate_input_exception[ShapeDTW-0],sktime/classification/tests/test_all_classifiers.py::TestAllClassifiers::test_multivariate_input_exception[ShapeDTW-0],setup,0.0,36.58
after,12,test_multioutput[ShapeDTW-0],sktime/classification/tests/test_all_classifiers.py::TestAllClassifiers::test_multioutput[ShapeDTW-0],setup,0.0,36.58
after,12,test_classifier_on_basic_motions[ShapeDTW],sktime/classification/tests/test_all_classifiers.py::TestAllClassifiers::test_classifier_on_basic_motions[ShapeDTW],setup,0.0,36.58
after,12,test_classifier_output[ShapeDTW-1-ClassifierFitPredict],sktime/classification/tests/test_all_classifiers.py::TestAllClassifiers::test_classifier_output[ShapeDTW-1-ClassifierFitPredict],teardown,0.0,36.58
after,12,test_classifier_output[ShapeDTW-0-ClassifierFitPredict],sktime/classification/tests/test_all_classifiers.py::TestAllClassifiers::test_classifier_output[ShapeDTW-0-ClassifierFitPredict],teardown,0.0,36.58
after,12,test_classifier_on_unit_test_data[ShapeDTW],sktime/classification/tests/test_all_classifiers.py::TestAllClassifiers::test_classifier_on_unit_test_data[ShapeDTW],teardown,0.0,36.58
after,12,test_classifier_output[ShapeDTW-1-ClassifierFitPredictThreeClasses],sktime/classification/tests/test_all_classifiers.py::TestAllClassifiers::test_classifier_output[ShapeDTW-1-ClassifierFitPredictThreeClasses],teardown,0.0,36.58
after,12,test_classifier_output[ShapeDTW-0-ClassifierFitPredictThreeClasses],sktime/classification/tests/test_all_classifiers.py::TestAllClassifiers::test_classifier_output[ShapeDTW-0-ClassifierFitPredictThreeClasses],teardown,0.0,36.58
after,12,test_multioutput[ShapeDTW-0],sktime/classification/tests/test_all_classifiers.py::TestAllClassifiers::test_multioutput[ShapeDTW-0],teardown,0.0,36.58
after,12,test_multioutput[ShapeDTW-1],sktime/classification/tests/test_all_classifiers.py::TestAllClassifiers::test_multioutput[ShapeDTW-1],teardown,0.0,36.58
after,12,test_handles_single_class[ShapeDTW-1],sktime/classification/tests/test_all_classifiers.py::TestAllClassifiers::test_handles_single_class[ShapeDTW-1],teardown,0.0,36.58
after,12,test_classifier_on_basic_motions[ShapeDTW],sktime/classification/tests/test_all_classifiers.py::TestAllClassifiers::test_classifier_on_basic_motions[ShapeDTW],call,0.0,36.58
after,12,test_classifier_on_basic_motions[ShapeDTW],sktime/classification/tests/test_all_classifiers.py::TestAllClassifiers::test_classifier_on_basic_motions[ShapeDTW],teardown,0.0,36.58
after,12,test_multivariate_input_exception[ShapeDTW-1],sktime/classification/tests/test_all_classifiers.py::TestAllClassifiers::test_multivariate_input_exception[ShapeDTW-1],teardown,0.0,36.58
after,12,test_multivariate_input_exception[ShapeDTW-0],sktime/classification/tests/test_all_classifiers.py::TestAllClassifiers::test_multivariate_input_exception[ShapeDTW-0],teardown,0.0,36.58
after,12,test_handles_single_class[ShapeDTW-0],sktime/classification/tests/test_all_classifiers.py::TestAllClassifiers::test_handles_single_class[ShapeDTW-0],teardown,0.0,36.58
after,13,test_multioutput[ShapeDTW-1],sktime/classification/tests/test_all_classifiers.py::TestAllClassifiers::test_multioutput[ShapeDTW-1],call,16.35,35.95
after,13,test_classifier_output[ShapeDTW-1-ClassifierFitPredictThreeClasses],sktime/classification/tests/test_all_classifiers.py::TestAllClassifiers::test_classifier_output[ShapeDTW-1-ClassifierFitPredictThreeClasses],call,7.44,35.95
after,13,test_classifier_output[ShapeDTW-1-ClassifierFitPredict],sktime/classification/tests/test_all_classifiers.py::TestAllClassifiers::test_classifier_output[ShapeDTW-1-ClassifierFitPredict],call,4.87,35.95
after,13,test_multioutput[ShapeDTW-0],sktime/classification/tests/test_all_classifiers.py::TestAllClassifiers::test_multioutput[ShapeDTW-0],call,0.76,35.95
after,13,test_classifier_on_unit_test_data[ShapeDTW],sktime/classification/tests/test_all_classifiers.py::TestAllClassifiers::test_classifier_on_unit_test_data[ShapeDTW],call,0.67,35.95
after,13,test_classifier_output[ShapeDTW-0-ClassifierFitPredict],sktime/classification/tests/test_all_classifiers.py::TestAllClassifiers::test_classifier_output[ShapeDTW-0-ClassifierFitPredict],call,0.62,35.95
after,13,test_classifier_output[ShapeDTW-0-ClassifierFitPredictThreeClasses],sktime/classification/tests/test_all_classifiers.py::TestAllClassifiers::test_classifier_output[ShapeDTW-0-ClassifierFitPredictThreeClasses],call,0.32,35.95
after,13,test_multivariate_input_exception[ShapeDTW-0],sktime/classification/tests/test_all_classifiers.py::TestAllClassifiers::test_multivariate_input_exception[ShapeDTW-0],call,0.01,35.95
after,13,test_multivariate_input_exception[ShapeDTW-1],sktime/classification/tests/test_all_classifiers.py::TestAllClassifiers::test_multivariate_input_exception[ShapeDTW-1],call,0.01,35.95
after,13,test_handles_single_class[ShapeDTW-1],sktime/classification/tests/test_all_classifiers.py::TestAllClassifiers::test_handles_single_class[ShapeDTW-1],call,0.0,35.95
after,13,test_handles_single_class[ShapeDTW-0],sktime/classification/tests/test_all_classifiers.py::TestAllClassifiers::test_handles_single_class[ShapeDTW-0],call,0.0,35.95
after,13,test_classifier_on_basic_motions[ShapeDTW],sktime/classification/tests/test_all_classifiers.py::TestAllClassifiers::test_classifier_on_basic_motions[ShapeDTW],setup,0.0,35.95
after,13,test_classifier_output[ShapeDTW-0-ClassifierFitPredictThreeClasses],sktime/classification/tests/test_all_classifiers.py::TestAllClassifiers::test_classifier_output[ShapeDTW-0-ClassifierFitPredictThreeClasses],setup,0.0,35.95
after,13,test_handles_single_class[ShapeDTW-1],sktime/classification/tests/test_all_classifiers.py::TestAllClassifiers::test_handles_single_class[ShapeDTW-1],setup,0.0,35.95
after,13,test_classifier_output[ShapeDTW-1-ClassifierFitPredictThreeClasses],sktime/classification/tests/test_all_classifiers.py::TestAllClassifiers::test_classifier_output[ShapeDTW-1-ClassifierFitPredictThreeClasses],setup,0.0,35.95
after,13,test_classifier_output[ShapeDTW-1-ClassifierFitPredict],sktime/classification/tests/test_all_classifiers.py::TestAllClassifiers::test_classifier_output[ShapeDTW-1-ClassifierFitPredict],setup,0.0,35.95
after,13,test_multioutput[ShapeDTW-1],sktime/classification/tests/test_all_classifiers.py::TestAllClassifiers::test_multioutput[ShapeDTW-1],setup,0.0,35.95
after,13,test_multioutput[ShapeDTW-0],sktime/classification/tests/test_all_classifiers.py::TestAllClassifiers::test_multioutput[ShapeDTW-0],setup,0.0,35.95
after,13,test_classifier_output[ShapeDTW-0-ClassifierFitPredict],sktime/classification/tests/test_all_classifiers.py::TestAllClassifiers::test_classifier_output[ShapeDTW-0-ClassifierFitPredict],setup,0.0,35.95
after,13,test_multivariate_input_exception[ShapeDTW-1],sktime/classification/tests/test_all_classifiers.py::TestAllClassifiers::test_multivariate_input_exception[ShapeDTW-1],setup,0.0,35.95
after,13,test_handles_single_class[ShapeDTW-0],sktime/classification/tests/test_all_classifiers.py::TestAllClassifiers::test_handles_single_class[ShapeDTW-0],setup,0.0,35.95
after,13,test_multivariate_input_exception[ShapeDTW-0],sktime/classification/tests/test_all_classifiers.py::TestAllClassifiers::test_multivariate_input_exception[ShapeDTW-0],setup,0.0,35.95
after,13,test_classifier_on_unit_test_data[ShapeDTW],sktime/classification/tests/test_all_classifiers.py::TestAllClassifiers::test_classifier_on_unit_test_data[ShapeDTW],setup,0.0,35.95
after,13,test_classifier_output[ShapeDTW-1-ClassifierFitPredict],sktime/classification/tests/test_all_classifiers.py::TestAllClassifiers::test_classifier_output[ShapeDTW-1-ClassifierFitPredict],teardown,0.0,35.95
after,13,test_multioutput[ShapeDTW-1],sktime/classification/tests/test_all_classifiers.py::TestAllClassifiers::test_multioutput[ShapeDTW-1],teardown,0.0,35.95
after,13,test_classifier_output[ShapeDTW-0-ClassifierFitPredict],sktime/classification/tests/test_all_classifiers.py::TestAllClassifiers::test_classifier_output[ShapeDTW-0-ClassifierFitPredict],teardown,0.0,35.95
after,13,test_classifier_on_unit_test_data[ShapeDTW],sktime/classification/tests/test_all_classifiers.py::TestAllClassifiers::test_classifier_on_unit_test_data[ShapeDTW],teardown,0.0,35.95
after,13,test_classifier_output[ShapeDTW-1-ClassifierFitPredictThreeClasses],sktime/classification/tests/test_all_classifiers.py::TestAllClassifiers::test_classifier_output[ShapeDTW-1-ClassifierFitPredictThreeClasses],teardown,0.0,35.95
after,13,test_classifier_output[ShapeDTW-0-ClassifierFitPredictThreeClasses],sktime/classification/tests/test_all_classifiers.py::TestAllClassifiers::test_classifier_output[ShapeDTW-0-ClassifierFitPredictThreeClasses],teardown,0.0,35.95
after,13,test_classifier_on_basic_motions[ShapeDTW],sktime/classification/tests/test_all_classifiers.py::TestAllClassifiers::test_classifier_on_basic_motions[ShapeDTW],call,0.0,35.95
after,13,test_multioutput[ShapeDTW-0],sktime/classification/tests/test_all_classifiers.py::TestAllClassifiers::test_multioutput[ShapeDTW-0],teardown,0.0,35.95
after,13,test_classifier_on_basic_motions[ShapeDTW],sktime/classification/tests/test_all_classifiers.py::TestAllClassifiers::test_classifier_on_basic_motions[ShapeDTW],teardown,0.0,35.95
after,13,test_handles_single_class[ShapeDTW-0],sktime/classification/tests/test_all_classifiers.py::TestAllClassifiers::test_handles_single_class[ShapeDTW-0],teardown,0.0,35.95
after,13,test_handles_single_class[ShapeDTW-1],sktime/classification/tests/test_all_classifiers.py::TestAllClassifiers::test_handles_single_class[ShapeDTW-1],teardown,0.0,35.95
after,13,test_multivariate_input_exception[ShapeDTW-0],sktime/classification/tests/test_all_classifiers.py::TestAllClassifiers::test_multivariate_input_exception[ShapeDTW-0],teardown,0.0,35.95
after,13,test_multivariate_input_exception[ShapeDTW-1],sktime/classification/tests/test_all_classifiers.py::TestAllClassifiers::test_multivariate_input_exception[ShapeDTW-1],teardown,0.0,35.95
after,14,test_multioutput[ShapeDTW-1],sktime/classification/tests/test_all_classifiers.py::TestAllClassifiers::test_multioutput[ShapeDTW-1],call,16.22,36.52
after,14,test_classifier_output[ShapeDTW-1-ClassifierFitPredictThreeClasses],sktime/classification/tests/test_all_classifiers.py::TestAllClassifiers::test_classifier_output[ShapeDTW-1-ClassifierFitPredictThreeClasses],call,7.5,36.52
after,14,test_classifier_output[ShapeDTW-1-ClassifierFitPredict],sktime/classification/tests/test_all_classifiers.py::TestAllClassifiers::test_classifier_output[ShapeDTW-1-ClassifierFitPredict],call,5.53,36.52
after,14,test_multioutput[ShapeDTW-0],sktime/classification/tests/test_all_classifiers.py::TestAllClassifiers::test_multioutput[ShapeDTW-0],call,0.98,36.52
after,14,test_classifier_output[ShapeDTW-0-ClassifierFitPredictThreeClasses],sktime/classification/tests/test_all_classifiers.py::TestAllClassifiers::test_classifier_output[ShapeDTW-0-ClassifierFitPredictThreeClasses],call,0.57,36.52
after,14,test_classifier_on_unit_test_data[ShapeDTW],sktime/classification/tests/test_all_classifiers.py::TestAllClassifiers::test_classifier_on_unit_test_data[ShapeDTW],call,0.46,36.52
after,14,test_classifier_output[ShapeDTW-0-ClassifierFitPredict],sktime/classification/tests/test_all_classifiers.py::TestAllClassifiers::test_classifier_output[ShapeDTW-0-ClassifierFitPredict],call,0.25,36.52
after,14,test_multivariate_input_exception[ShapeDTW-0],sktime/classification/tests/test_all_classifiers.py::TestAllClassifiers::test_multivariate_input_exception[ShapeDTW-0],call,0.01,36.52
after,14,test_multivariate_input_exception[ShapeDTW-1],sktime/classification/tests/test_all_classifiers.py::TestAllClassifiers::test_multivariate_input_exception[ShapeDTW-1],call,0.01,36.52
after,14,test_handles_single_class[ShapeDTW-0],sktime/classification/tests/test_all_classifiers.py::TestAllClassifiers::test_handles_single_class[ShapeDTW-0],call,0.0,36.52
after,14,test_handles_single_class[ShapeDTW-1],sktime/classification/tests/test_all_classifiers.py::TestAllClassifiers::test_handles_single_class[ShapeDTW-1],call,0.0,36.52
after,14,test_classifier_output[ShapeDTW-1-ClassifierFitPredict],sktime/classification/tests/test_all_classifiers.py::TestAllClassifiers::test_classifier_output[ShapeDTW-1-ClassifierFitPredict],setup,0.0,36.52
after,14,test_classifier_output[ShapeDTW-0-ClassifierFitPredictThreeClasses],sktime/classification/tests/test_all_classifiers.py::TestAllClassifiers::test_classifier_output[ShapeDTW-0-ClassifierFitPredictThreeClasses],setup,0.0,36.52
after,14,test_multivariate_input_exception[ShapeDTW-0],sktime/classification/tests/test_all_classifiers.py::TestAllClassifiers::test_multivariate_input_exception[ShapeDTW-0],setup,0.0,36.52
after,14,test_multioutput[ShapeDTW-0],sktime/classification/tests/test_all_classifiers.py::TestAllClassifiers::test_multioutput[ShapeDTW-0],setup,0.0,36.52
after,14,test_handles_single_class[ShapeDTW-0],sktime/classification/tests/test_all_classifiers.py::TestAllClassifiers::test_handles_single_class[ShapeDTW-0],setup,0.0,36.52
after,14,test_handles_single_class[ShapeDTW-1],sktime/classification/tests/test_all_classifiers.py::TestAllClassifiers::test_handles_single_class[ShapeDTW-1],setup,0.0,36.52
after,14,test_classifier_output[ShapeDTW-1-ClassifierFitPredictThreeClasses],sktime/classification/tests/test_all_classifiers.py::TestAllClassifiers::test_classifier_output[ShapeDTW-1-ClassifierFitPredictThreeClasses],setup,0.0,36.52
after,14,test_classifier_output[ShapeDTW-0-ClassifierFitPredict],sktime/classification/tests/test_all_classifiers.py::TestAllClassifiers::test_classifier_output[ShapeDTW-0-ClassifierFitPredict],setup,0.0,36.52
after,14,test_multioutput[ShapeDTW-1],sktime/classification/tests/test_all_classifiers.py::TestAllClassifiers::test_multioutput[ShapeDTW-1],setup,0.0,36.52
after,14,test_multivariate_input_exception[ShapeDTW-1],sktime/classification/tests/test_all_classifiers.py::TestAllClassifiers::test_multivariate_input_exception[ShapeDTW-1],setup,0.0,36.52
after,14,test_classifier_on_unit_test_data[ShapeDTW],sktime/classification/tests/test_all_classifiers.py::TestAllClassifiers::test_classifier_on_unit_test_data[ShapeDTW],setup,0.0,36.52
after,14,test_classifier_output[ShapeDTW-1-ClassifierFitPredict],sktime/classification/tests/test_all_classifiers.py::TestAllClassifiers::test_classifier_output[ShapeDTW-1-ClassifierFitPredict],teardown,0.0,36.52
after,14,test_classifier_output[ShapeDTW-0-ClassifierFitPredictThreeClasses],sktime/classification/tests/test_all_classifiers.py::TestAllClassifiers::test_classifier_output[ShapeDTW-0-ClassifierFitPredictThreeClasses],teardown,0.0,36.52
after,14,test_classifier_output[ShapeDTW-0-ClassifierFitPredict],sktime/classification/tests/test_all_classifiers.py::TestAllClassifiers::test_classifier_output[ShapeDTW-0-ClassifierFitPredict],teardown,0.0,36.52
after,14,test_classifier_output[ShapeDTW-1-ClassifierFitPredictThreeClasses],sktime/classification/tests/test_all_classifiers.py::TestAllClassifiers::test_classifier_output[ShapeDTW-1-ClassifierFitPredictThreeClasses],teardown,0.0,36.52
after,14,test_multioutput[ShapeDTW-0],sktime/classification/tests/test_all_classifiers.py::TestAllClassifiers::test_multioutput[ShapeDTW-0],teardown,0.0,36.52
after,14,test_classifier_on_unit_test_data[ShapeDTW],sktime/classification/tests/test_all_classifiers.py::TestAllClassifiers::test_classifier_on_unit_test_data[ShapeDTW],teardown,0.0,36.52
after,14,test_multioutput[ShapeDTW-1],sktime/classification/tests/test_all_classifiers.py::TestAllClassifiers::test_multioutput[ShapeDTW-1],teardown,0.0,36.52
after,14,test_classifier_on_basic_motions[ShapeDTW],sktime/classification/tests/test_all_classifiers.py::TestAllClassifiers::test_classifier_on_basic_motions[ShapeDTW],setup,0.0,36.52
after,14,test_handles_single_class[ShapeDTW-0],sktime/classification/tests/test_all_classifiers.py::TestAllClassifiers::test_handles_single_class[ShapeDTW-0],teardown,0.0,36.52
after,14,test_classifier_on_basic_motions[ShapeDTW],sktime/classification/tests/test_all_classifiers.py::TestAllClassifiers::test_classifier_on_basic_motions[ShapeDTW],teardown,0.0,36.52
after,14,test_multivariate_input_exception[ShapeDTW-0],sktime/classification/tests/test_all_classifiers.py::TestAllClassifiers::test_multivariate_input_exception[ShapeDTW-0],teardown,0.0,36.52
after,14,test_handles_single_class[ShapeDTW-1],sktime/classification/tests/test_all_classifiers.py::TestAllClassifiers::test_handles_single_class[ShapeDTW-1],teardown,0.0,36.52
after,14,test_multivariate_input_exception[ShapeDTW-1],sktime/classification/tests/test_all_classifiers.py::TestAllClassifiers::test_multivariate_input_exception[ShapeDTW-1],teardown,0.0,36.52
after,14,test_classifier_on_basic_motions[ShapeDTW],sktime/classification/tests/test_all_classifiers.py::TestAllClassifiers::test_classifier_on_basic_motions[ShapeDTW],call,0.0,36.52
after,15,test_multioutput[ShapeDTW-1],sktime/classification/tests/test_all_classifiers.py::TestAllClassifiers::test_multioutput[ShapeDTW-1],call,16.28,36.54
after,15,test_classifier_output[ShapeDTW-1-ClassifierFitPredictThreeClasses],sktime/classification/tests/test_all_classifiers.py::TestAllClassifiers::test_classifier_output[ShapeDTW-1-ClassifierFitPredictThreeClasses],call,7.49,36.54
after,15,test_classifier_output[ShapeDTW-1-ClassifierFitPredict],sktime/classification/tests/test_all_classifiers.py::TestAllClassifiers::test_classifier_output[ShapeDTW-1-ClassifierFitPredict],call,5.52,36.54
after,15,test_multioutput[ShapeDTW-0],sktime/classification/tests/test_all_classifiers.py::TestAllClassifiers::test_multioutput[ShapeDTW-0],call,0.77,36.54
after,15,test_classifier_on_unit_test_data[ShapeDTW],sktime/classification/tests/test_all_classifiers.py::TestAllClassifiers::test_classifier_on_unit_test_data[ShapeDTW],call,0.72,36.54
after,15,test_classifier_output[ShapeDTW-0-ClassifierFitPredict],sktime/classification/tests/test_all_classifiers.py::TestAllClassifiers::test_classifier_output[ShapeDTW-0-ClassifierFitPredict],call,0.47,36.54
after,15,test_classifier_output[ShapeDTW-0-ClassifierFitPredictThreeClasses],sktime/classification/tests/test_all_classifiers.py::TestAllClassifiers::test_classifier_output[ShapeDTW-0-ClassifierFitPredictThreeClasses],call,0.32,36.54
after,15,test_multivariate_input_exception[ShapeDTW-0],sktime/classification/tests/test_all_classifiers.py::TestAllClassifiers::test_multivariate_input_exception[ShapeDTW-0],call,0.02,36.54
after,15,test_multivariate_input_exception[ShapeDTW-1],sktime/classification/tests/test_all_classifiers.py::TestAllClassifiers::test_multivariate_input_exception[ShapeDTW-1],call,0.01,36.54
after,15,test_handles_single_class[ShapeDTW-1],sktime/classification/tests/test_all_classifiers.py::TestAllClassifiers::test_handles_single_class[ShapeDTW-1],call,0.01,36.54
after,15,test_handles_single_class[ShapeDTW-0],sktime/classification/tests/test_all_classifiers.py::TestAllClassifiers::test_handles_single_class[ShapeDTW-0],call,0.0,36.54
after,15,test_multivariate_input_exception[ShapeDTW-0],sktime/classification/tests/test_all_classifiers.py::TestAllClassifiers::test_multivariate_input_exception[ShapeDTW-0],setup,0.0,36.54
after,15,test_classifier_output[ShapeDTW-0-ClassifierFitPredictThreeClasses],sktime/classification/tests/test_all_classifiers.py::TestAllClassifiers::test_classifier_output[ShapeDTW-0-ClassifierFitPredictThreeClasses],setup,0.0,36.54
after,15,test_classifier_output[ShapeDTW-0-ClassifierFitPredict],sktime/classification/tests/test_all_classifiers.py::TestAllClassifiers::test_classifier_output[ShapeDTW-0-ClassifierFitPredict],setup,0.0,36.54
after,15,test_multioutput[ShapeDTW-1],sktime/classification/tests/test_all_classifiers.py::TestAllClassifiers::test_multioutput[ShapeDTW-1],setup,0.0,36.54
after,15,test_handles_single_class[ShapeDTW-1],sktime/classification/tests/test_all_classifiers.py::TestAllClassifiers::test_handles_single_class[ShapeDTW-1],setup,0.0,36.54
after,15,test_multioutput[ShapeDTW-0],sktime/classification/tests/test_all_classifiers.py::TestAllClassifiers::test_multioutput[ShapeDTW-0],setup,0.0,36.54
after,15,test_classifier_output[ShapeDTW-1-ClassifierFitPredictThreeClasses],sktime/classification/tests/test_all_classifiers.py::TestAllClassifiers::test_classifier_output[ShapeDTW-1-ClassifierFitPredictThreeClasses],setup,0.0,36.54
after,15,test_classifier_output[ShapeDTW-1-ClassifierFitPredict],sktime/classification/tests/test_all_classifiers.py::TestAllClassifiers::test_classifier_output[ShapeDTW-1-ClassifierFitPredict],setup,0.0,36.54
after,15,test_multivariate_input_exception[ShapeDTW-1],sktime/classification/tests/test_all_classifiers.py::TestAllClassifiers::test_multivariate_input_exception[ShapeDTW-1],setup,0.0,36.54
after,15,test_handles_single_class[ShapeDTW-0],sktime/classification/tests/test_all_classifiers.py::TestAllClassifiers::test_handles_single_class[ShapeDTW-0],setup,0.0,36.54
after,15,test_classifier_on_unit_test_data[ShapeDTW],sktime/classification/tests/test_all_classifiers.py::TestAllClassifiers::test_classifier_on_unit_test_data[ShapeDTW],setup,0.0,36.54
after,15,test_classifier_on_basic_motions[ShapeDTW],sktime/classification/tests/test_all_classifiers.py::TestAllClassifiers::test_classifier_on_basic_motions[ShapeDTW],setup,0.0,36.54
after,15,test_classifier_output[ShapeDTW-0-ClassifierFitPredictThreeClasses],sktime/classification/tests/test_all_classifiers.py::TestAllClassifiers::test_classifier_output[ShapeDTW-0-ClassifierFitPredictThreeClasses],teardown,0.0,36.54
after,15,test_multioutput[ShapeDTW-1],sktime/classification/tests/test_all_classifiers.py::TestAllClassifiers::test_multioutput[ShapeDTW-1],teardown,0.0,36.54
after,15,test_classifier_output[ShapeDTW-1-ClassifierFitPredict],sktime/classification/tests/test_all_classifiers.py::TestAllClassifiers::test_classifier_output[ShapeDTW-1-ClassifierFitPredict],teardown,0.0,36.54
after,15,test_classifier_output[ShapeDTW-1-ClassifierFitPredictThreeClasses],sktime/classification/tests/test_all_classifiers.py::TestAllClassifiers::test_classifier_output[ShapeDTW-1-ClassifierFitPredictThreeClasses],teardown,0.0,36.54
after,15,test_classifier_on_unit_test_data[ShapeDTW],sktime/classification/tests/test_all_classifiers.py::TestAllClassifiers::test_classifier_on_unit_test_data[ShapeDTW],teardown,0.0,36.54
after,15,test_classifier_output[ShapeDTW-0-ClassifierFitPredict],sktime/classification/tests/test_all_classifiers.py::TestAllClassifiers::test_classifier_output[ShapeDTW-0-ClassifierFitPredict],teardown,0.0,36.54
after,15,test_multioutput[ShapeDTW-0],sktime/classification/tests/test_all_classifiers.py::TestAllClassifiers::test_multioutput[ShapeDTW-0],teardown,0.0,36.54
after,15,test_multivariate_input_exception[ShapeDTW-0],sktime/classification/tests/test_all_classifiers.py::TestAllClassifiers::test_multivariate_input_exception[ShapeDTW-0],teardown,0.0,36.54
after,15,test_classifier_on_basic_motions[ShapeDTW],sktime/classification/tests/test_all_classifiers.py::TestAllClassifiers::test_classifier_on_basic_motions[ShapeDTW],teardown,0.0,36.54
after,15,test_handles_single_class[ShapeDTW-0],sktime/classification/tests/test_all_classifiers.py::TestAllClassifiers::test_handles_single_class[ShapeDTW-0],teardown,0.0,36.54
after,15,test_multivariate_input_exception[ShapeDTW-1],sktime/classification/tests/test_all_classifiers.py::TestAllClassifiers::test_multivariate_input_exception[ShapeDTW-1],teardown,0.0,36.54
after,15,test_classifier_on_basic_motions[ShapeDTW],sktime/classification/tests/test_all_classifiers.py::TestAllClassifiers::test_classifier_on_basic_motions[ShapeDTW],call,0.0,36.54
after,15,test_handles_single_class[ShapeDTW-1],sktime/classification/tests/test_all_classifiers.py::TestAllClassifiers::test_handles_single_class[ShapeDTW-1],teardown,0.0,36.54
after,16,test_multioutput[ShapeDTW-1],sktime/classification/tests/test_all_classifiers.py::TestAllClassifiers::test_multioutput[ShapeDTW-1],call,16.06,36.33
after,16,test_classifier_output[ShapeDTW-1-ClassifierFitPredictThreeClasses],sktime/classification/tests/test_all_classifiers.py::TestAllClassifiers::test_classifier_output[ShapeDTW-1-ClassifierFitPredictThreeClasses],call,7.75,36.33
after,16,test_classifier_output[ShapeDTW-1-ClassifierFitPredict],sktime/classification/tests/test_all_classifiers.py::TestAllClassifiers::test_classifier_output[ShapeDTW-1-ClassifierFitPredict],call,5.17,36.33
after,16,test_classifier_on_unit_test_data[ShapeDTW],sktime/classification/tests/test_all_classifiers.py::TestAllClassifiers::test_classifier_on_unit_test_data[ShapeDTW],call,0.83,36.33
after,16,test_multioutput[ShapeDTW-0],sktime/classification/tests/test_all_classifiers.py::TestAllClassifiers::test_multioutput[ShapeDTW-0],call,0.77,36.33
after,16,test_classifier_output[ShapeDTW-0-ClassifierFitPredictThreeClasses],sktime/classification/tests/test_all_classifiers.py::TestAllClassifiers::test_classifier_output[ShapeDTW-0-ClassifierFitPredictThreeClasses],call,0.53,36.33
after,16,test_classifier_output[ShapeDTW-0-ClassifierFitPredict],sktime/classification/tests/test_all_classifiers.py::TestAllClassifiers::test_classifier_output[ShapeDTW-0-ClassifierFitPredict],call,0.25,36.33
after,16,test_multivariate_input_exception[ShapeDTW-0],sktime/classification/tests/test_all_classifiers.py::TestAllClassifiers::test_multivariate_input_exception[ShapeDTW-0],call,0.01,36.33
after,16,test_multivariate_input_exception[ShapeDTW-1],sktime/classification/tests/test_all_classifiers.py::TestAllClassifiers::test_multivariate_input_exception[ShapeDTW-1],call,0.01,36.33
after,16,test_handles_single_class[ShapeDTW-0],sktime/classification/tests/test_all_classifiers.py::TestAllClassifiers::test_handles_single_class[ShapeDTW-0],call,0.0,36.33
after,16,test_handles_single_class[ShapeDTW-1],sktime/classification/tests/test_all_classifiers.py::TestAllClassifiers::test_handles_single_class[ShapeDTW-1],call,0.0,36.33
after,16,test_classifier_on_unit_test_data[ShapeDTW],sktime/classification/tests/test_all_classifiers.py::TestAllClassifiers::test_classifier_on_unit_test_data[ShapeDTW],setup,0.0,36.33
after,16,test_classifier_output[ShapeDTW-0-ClassifierFitPredict],sktime/classification/tests/test_all_classifiers.py::TestAllClassifiers::test_classifier_output[ShapeDTW-0-ClassifierFitPredict],setup,0.0,36.33
after,16,test_classifier_output[ShapeDTW-0-ClassifierFitPredictThreeClasses],sktime/classification/tests/test_all_classifiers.py::TestAllClassifiers::test_classifier_output[ShapeDTW-0-ClassifierFitPredictThreeClasses],setup,0.0,36.33
after,16,test_multivariate_input_exception[ShapeDTW-0],sktime/classification/tests/test_all_classifiers.py::TestAllClassifiers::test_multivariate_input_exception[ShapeDTW-0],setup,0.0,36.33
after,16,test_multioutput[ShapeDTW-1],sktime/classification/tests/test_all_classifiers.py::TestAllClassifiers::test_multioutput[ShapeDTW-1],setup,0.0,36.33
after,16,test_classifier_output[ShapeDTW-1-ClassifierFitPredictThreeClasses],sktime/classification/tests/test_all_classifiers.py::TestAllClassifiers::test_classifier_output[ShapeDTW-1-ClassifierFitPredictThreeClasses],setup,0.0,36.33
after,16,test_handles_single_class[ShapeDTW-0],sktime/classification/tests/test_all_classifiers.py::TestAllClassifiers::test_handles_single_class[ShapeDTW-0],setup,0.0,36.33
after,16,test_handles_single_class[ShapeDTW-1],sktime/classification/tests/test_all_classifiers.py::TestAllClassifiers::test_handles_single_class[ShapeDTW-1],setup,0.0,36.33
after,16,test_classifier_output[ShapeDTW-1-ClassifierFitPredict],sktime/classification/tests/test_all_classifiers.py::TestAllClassifiers::test_classifier_output[ShapeDTW-1-ClassifierFitPredict],setup,0.0,36.33
after,16,test_multivariate_input_exception[ShapeDTW-1],sktime/classification/tests/test_all_classifiers.py::TestAllClassifiers::test_multivariate_input_exception[ShapeDTW-1],setup,0.0,36.33
after,16,test_multioutput[ShapeDTW-0],sktime/classification/tests/test_all_classifiers.py::TestAllClassifiers::test_multioutput[ShapeDTW-0],setup,0.0,36.33
after,16,test_classifier_on_basic_motions[ShapeDTW],sktime/classification/tests/test_all_classifiers.py::TestAllClassifiers::test_classifier_on_basic_motions[ShapeDTW],setup,0.0,36.33
after,16,test_classifier_output[ShapeDTW-0-ClassifierFitPredictThreeClasses],sktime/classification/tests/test_all_classifiers.py::TestAllClassifiers::test_classifier_output[ShapeDTW-0-ClassifierFitPredictThreeClasses],teardown,0.0,36.33
after,16,test_multioutput[ShapeDTW-1],sktime/classification/tests/test_all_classifiers.py::TestAllClassifiers::test_multioutput[ShapeDTW-1],teardown,0.0,36.33
after,16,test_classifier_output[ShapeDTW-1-ClassifierFitPredict],sktime/classification/tests/test_all_classifiers.py::TestAllClassifiers::test_classifier_output[ShapeDTW-1-ClassifierFitPredict],teardown,0.0,36.33
after,16,test_classifier_on_unit_test_data[ShapeDTW],sktime/classification/tests/test_all_classifiers.py::TestAllClassifiers::test_classifier_on_unit_test_data[ShapeDTW],teardown,0.0,36.33
after,16,test_multioutput[ShapeDTW-0],sktime/classification/tests/test_all_classifiers.py::TestAllClassifiers::test_multioutput[ShapeDTW-0],teardown,0.0,36.33
after,16,test_classifier_output[ShapeDTW-0-ClassifierFitPredict],sktime/classification/tests/test_all_classifiers.py::TestAllClassifiers::test_classifier_output[ShapeDTW-0-ClassifierFitPredict],teardown,0.0,36.33
after,16,test_classifier_output[ShapeDTW-1-ClassifierFitPredictThreeClasses],sktime/classification/tests/test_all_classifiers.py::TestAllClassifiers::test_classifier_output[ShapeDTW-1-ClassifierFitPredictThreeClasses],teardown,0.0,36.33
after,16,test_multivariate_input_exception[ShapeDTW-1],sktime/classification/tests/test_all_classifiers.py::TestAllClassifiers::test_multivariate_input_exception[ShapeDTW-1],teardown,0.0,36.33
after,16,test_classifier_on_basic_motions[ShapeDTW],sktime/classification/tests/test_all_classifiers.py::TestAllClassifiers::test_classifier_on_basic_motions[ShapeDTW],call,0.0,36.33
after,16,test_multivariate_input_exception[ShapeDTW-0],sktime/classification/tests/test_all_classifiers.py::TestAllClassifiers::test_multivariate_input_exception[ShapeDTW-0],teardown,0.0,36.33
after,16,test_handles_single_class[ShapeDTW-0],sktime/classification/tests/test_all_classifiers.py::TestAllClassifiers::test_handles_single_class[ShapeDTW-0],teardown,0.0,36.33
after,16,test_handles_single_class[ShapeDTW-1],sktime/classification/tests/test_all_classifiers.py::TestAllClassifiers::test_handles_single_class[ShapeDTW-1],teardown,0.0,36.33
after,16,test_classifier_on_basic_motions[ShapeDTW],sktime/classification/tests/test_all_classifiers.py::TestAllClassifiers::test_classifier_on_basic_motions[ShapeDTW],teardown,0.0,36.33
after,17,test_multioutput[ShapeDTW-1],sktime/classification/tests/test_all_classifiers.py::TestAllClassifiers::test_multioutput[ShapeDTW-1],call,16.79,36.61
after,17,test_classifier_output[ShapeDTW-1-ClassifierFitPredictThreeClasses],sktime/classification/tests/test_all_classifiers.py::TestAllClassifiers::test_classifier_output[ShapeDTW-1-ClassifierFitPredictThreeClasses],call,7.52,36.61
after,17,test_classifier_output[ShapeDTW-1-ClassifierFitPredict],sktime/classification/tests/test_all_classifiers.py::TestAllClassifiers::test_classifier_output[ShapeDTW-1-ClassifierFitPredict],call,4.97,36.61
after,17,test_multioutput[ShapeDTW-0],sktime/classification/tests/test_all_classifiers.py::TestAllClassifiers::test_multioutput[ShapeDTW-0],call,1.13,36.61
after,17,test_classifier_on_unit_test_data[ShapeDTW],sktime/classification/tests/test_all_classifiers.py::TestAllClassifiers::test_classifier_on_unit_test_data[ShapeDTW],call,0.68,36.61
after,17,test_classifier_output[ShapeDTW-0-ClassifierFitPredictThreeClasses],sktime/classification/tests/test_all_classifiers.py::TestAllClassifiers::test_classifier_output[ShapeDTW-0-ClassifierFitPredictThreeClasses],call,0.31,36.61
after,17,test_classifier_output[ShapeDTW-0-ClassifierFitPredict],sktime/classification/tests/test_all_classifiers.py::TestAllClassifiers::test_classifier_output[ShapeDTW-0-ClassifierFitPredict],call,0.25,36.61
after,17,test_multivariate_input_exception[ShapeDTW-0],sktime/classification/tests/test_all_classifiers.py::TestAllClassifiers::test_multivariate_input_exception[ShapeDTW-0],call,0.01,36.61
after,17,test_multivariate_input_exception[ShapeDTW-1],sktime/classification/tests/test_all_classifiers.py::TestAllClassifiers::test_multivariate_input_exception[ShapeDTW-1],call,0.01,36.61
after,17,test_handles_single_class[ShapeDTW-1],sktime/classification/tests/test_all_classifiers.py::TestAllClassifiers::test_handles_single_class[ShapeDTW-1],call,0.0,36.61
after,17,test_handles_single_class[ShapeDTW-0],sktime/classification/tests/test_all_classifiers.py::TestAllClassifiers::test_handles_single_class[ShapeDTW-0],call,0.0,36.61
after,17,test_multioutput[ShapeDTW-0],sktime/classification/tests/test_all_classifiers.py::TestAllClassifiers::test_multioutput[ShapeDTW-0],setup,0.0,36.61
after,17,test_classifier_output[ShapeDTW-0-ClassifierFitPredictThreeClasses],sktime/classification/tests/test_all_classifiers.py::TestAllClassifiers::test_classifier_output[ShapeDTW-0-ClassifierFitPredictThreeClasses],setup,0.0,36.61
after,17,test_classifier_output[ShapeDTW-1-ClassifierFitPredictThreeClasses],sktime/classification/tests/test_all_classifiers.py::TestAllClassifiers::test_classifier_output[ShapeDTW-1-ClassifierFitPredictThreeClasses],setup,0.0,36.61
after,17,test_handles_single_class[ShapeDTW-1],sktime/classification/tests/test_all_classifiers.py::TestAllClassifiers::test_handles_single_class[ShapeDTW-1],setup,0.0,36.61
after,17,test_multivariate_input_exception[ShapeDTW-0],sktime/classification/tests/test_all_classifiers.py::TestAllClassifiers::test_multivariate_input_exception[ShapeDTW-0],setup,0.0,36.61
after,17,test_multioutput[ShapeDTW-1],sktime/classification/tests/test_all_classifiers.py::TestAllClassifiers::test_multioutput[ShapeDTW-1],setup,0.0,36.61
after,17,test_classifier_output[ShapeDTW-1-ClassifierFitPredict],sktime/classification/tests/test_all_classifiers.py::TestAllClassifiers::test_classifier_output[ShapeDTW-1-ClassifierFitPredict],setup,0.0,36.61
after,17,test_multivariate_input_exception[ShapeDTW-1],sktime/classification/tests/test_all_classifiers.py::TestAllClassifiers::test_multivariate_input_exception[ShapeDTW-1],setup,0.0,36.61
after,17,test_classifier_output[ShapeDTW-0-ClassifierFitPredict],sktime/classification/tests/test_all_classifiers.py::TestAllClassifiers::test_classifier_output[ShapeDTW-0-ClassifierFitPredict],setup,0.0,36.61
after,17,test_handles_single_class[ShapeDTW-0],sktime/classification/tests/test_all_classifiers.py::TestAllClassifiers::test_handles_single_class[ShapeDTW-0],setup,0.0,36.61
after,17,test_classifier_on_basic_motions[ShapeDTW],sktime/classification/tests/test_all_classifiers.py::TestAllClassifiers::test_classifier_on_basic_motions[ShapeDTW],setup,0.0,36.61
after,17,test_classifier_on_unit_test_data[ShapeDTW],sktime/classification/tests/test_all_classifiers.py::TestAllClassifiers::test_classifier_on_unit_test_data[ShapeDTW],setup,0.0,36.61
after,17,test_classifier_output[ShapeDTW-1-ClassifierFitPredict],sktime/classification/tests/test_all_classifiers.py::TestAllClassifiers::test_classifier_output[ShapeDTW-1-ClassifierFitPredict],teardown,0.0,36.61
after,17,test_multioutput[ShapeDTW-1],sktime/classification/tests/test_all_classifiers.py::TestAllClassifiers::test_multioutput[ShapeDTW-1],teardown,0.0,36.61
after,17,test_classifier_output[ShapeDTW-1-ClassifierFitPredictThreeClasses],sktime/classification/tests/test_all_classifiers.py::TestAllClassifiers::test_classifier_output[ShapeDTW-1-ClassifierFitPredictThreeClasses],teardown,0.0,36.61
after,17,test_classifier_output[ShapeDTW-0-ClassifierFitPredictThreeClasses],sktime/classification/tests/test_all_classifiers.py::TestAllClassifiers::test_classifier_output[ShapeDTW-0-ClassifierFitPredictThreeClasses],teardown,0.0,36.61
after,17,test_classifier_output[ShapeDTW-0-ClassifierFitPredict],sktime/classification/tests/test_all_classifiers.py::TestAllClassifiers::test_classifier_output[ShapeDTW-0-ClassifierFitPredict],teardown,0.0,36.61
after,17,test_multioutput[ShapeDTW-0],sktime/classification/tests/test_all_classifiers.py::TestAllClassifiers::test_multioutput[ShapeDTW-0],teardown,0.0,36.61
after,17,test_classifier_on_unit_test_data[ShapeDTW],sktime/classification/tests/test_all_classifiers.py::TestAllClassifiers::test_classifier_on_unit_test_data[ShapeDTW],teardown,0.0,36.61
after,17,test_classifier_on_basic_motions[ShapeDTW],sktime/classification/tests/test_all_classifiers.py::TestAllClassifiers::test_classifier_on_basic_motions[ShapeDTW],call,0.0,36.61
after,17,test_multivariate_input_exception[ShapeDTW-0],sktime/classification/tests/test_all_classifiers.py::TestAllClassifiers::test_multivariate_input_exception[ShapeDTW-0],teardown,0.0,36.61
after,17,test_handles_single_class[ShapeDTW-0],sktime/classification/tests/test_all_classifiers.py::TestAllClassifiers::test_handles_single_class[ShapeDTW-0],teardown,0.0,36.61
after,17,test_handles_single_class[ShapeDTW-1],sktime/classification/tests/test_all_classifiers.py::TestAllClassifiers::test_handles_single_class[ShapeDTW-1],teardown,0.0,36.61
after,17,test_classifier_on_basic_motions[ShapeDTW],sktime/classification/tests/test_all_classifiers.py::TestAllClassifiers::test_classifier_on_basic_motions[ShapeDTW],teardown,0.0,36.61
after,17,test_multivariate_input_exception[ShapeDTW-1],sktime/classification/tests/test_all_classifiers.py::TestAllClassifiers::test_multivariate_input_exception[ShapeDTW-1],teardown,0.0,36.61
after,18,test_multioutput[ShapeDTW-1],sktime/classification/tests/test_all_classifiers.py::TestAllClassifiers::test_multioutput[ShapeDTW-1],call,16.22,36.4
after,18,test_classifier_output[ShapeDTW-1-ClassifierFitPredictThreeClasses],sktime/classification/tests/test_all_classifiers.py::TestAllClassifiers::test_classifier_output[ShapeDTW-1-ClassifierFitPredictThreeClasses],call,7.47,36.4
after,18,test_classifier_output[ShapeDTW-1-ClassifierFitPredict],sktime/classification/tests/test_all_classifiers.py::TestAllClassifiers::test_classifier_output[ShapeDTW-1-ClassifierFitPredict],call,5.38,36.4
after,18,test_multioutput[ShapeDTW-0],sktime/classification/tests/test_all_classifiers.py::TestAllClassifiers::test_multioutput[ShapeDTW-0],call,0.99,36.4
after,18,test_classifier_output[ShapeDTW-0-ClassifierFitPredictThreeClasses],sktime/classification/tests/test_all_classifiers.py::TestAllClassifiers::test_classifier_output[ShapeDTW-0-ClassifierFitPredictThreeClasses],call,0.68,36.4
after,18,test_classifier_on_unit_test_data[ShapeDTW],sktime/classification/tests/test_all_classifiers.py::TestAllClassifiers::test_classifier_on_unit_test_data[ShapeDTW],call,0.46,36.4
after,18,test_classifier_output[ShapeDTW-0-ClassifierFitPredict],sktime/classification/tests/test_all_classifiers.py::TestAllClassifiers::test_classifier_output[ShapeDTW-0-ClassifierFitPredict],call,0.25,36.4
after,18,test_multivariate_input_exception[ShapeDTW-1],sktime/classification/tests/test_all_classifiers.py::TestAllClassifiers::test_multivariate_input_exception[ShapeDTW-1],call,0.01,36.4
after,18,test_multivariate_input_exception[ShapeDTW-0],sktime/classification/tests/test_all_classifiers.py::TestAllClassifiers::test_multivariate_input_exception[ShapeDTW-0],call,0.01,36.4
after,18,test_handles_single_class[ShapeDTW-0],sktime/classification/tests/test_all_classifiers.py::TestAllClassifiers::test_handles_single_class[ShapeDTW-0],call,0.01,36.4
after,18,test_handles_single_class[ShapeDTW-1],sktime/classification/tests/test_all_classifiers.py::TestAllClassifiers::test_handles_single_class[ShapeDTW-1],call,0.0,36.4
after,18,test_handles_single_class[ShapeDTW-0],sktime/classification/tests/test_all_classifiers.py::TestAllClassifiers::test_handles_single_class[ShapeDTW-0],setup,0.0,36.4
after,18,test_classifier_output[ShapeDTW-0-ClassifierFitPredict],sktime/classification/tests/test_all_classifiers.py::TestAllClassifiers::test_classifier_output[ShapeDTW-0-ClassifierFitPredict],setup,0.0,36.4
after,18,test_classifier_output[ShapeDTW-1-ClassifierFitPredictThreeClasses],sktime/classification/tests/test_all_classifiers.py::TestAllClassifiers::test_classifier_output[ShapeDTW-1-ClassifierFitPredictThreeClasses],setup,0.0,36.4
after,18,test_classifier_output[ShapeDTW-1-ClassifierFitPredict],sktime/classification/tests/test_all_classifiers.py::TestAllClassifiers::test_classifier_output[ShapeDTW-1-ClassifierFitPredict],setup,0.0,36.4
after,18,test_multioutput[ShapeDTW-1],sktime/classification/tests/test_all_classifiers.py::TestAllClassifiers::test_multioutput[ShapeDTW-1],setup,0.0,36.4
after,18,test_multioutput[ShapeDTW-0],sktime/classification/tests/test_all_classifiers.py::TestAllClassifiers::test_multioutput[ShapeDTW-0],setup,0.0,36.4
after,18,test_multivariate_input_exception[ShapeDTW-1],sktime/classification/tests/test_all_classifiers.py::TestAllClassifiers::test_multivariate_input_exception[ShapeDTW-1],setup,0.0,36.4
after,18,test_classifier_output[ShapeDTW-0-ClassifierFitPredictThreeClasses],sktime/classification/tests/test_all_classifiers.py::TestAllClassifiers::test_classifier_output[ShapeDTW-0-ClassifierFitPredictThreeClasses],setup,0.0,36.4
after,18,test_handles_single_class[ShapeDTW-1],sktime/classification/tests/test_all_classifiers.py::TestAllClassifiers::test_handles_single_class[ShapeDTW-1],setup,0.0,36.4
after,18,test_multivariate_input_exception[ShapeDTW-0],sktime/classification/tests/test_all_classifiers.py::TestAllClassifiers::test_multivariate_input_exception[ShapeDTW-0],setup,0.0,36.4
after,18,test_classifier_on_basic_motions[ShapeDTW],sktime/classification/tests/test_all_classifiers.py::TestAllClassifiers::test_classifier_on_basic_motions[ShapeDTW],setup,0.0,36.4
after,18,test_classifier_output[ShapeDTW-0-ClassifierFitPredictThreeClasses],sktime/classification/tests/test_all_classifiers.py::TestAllClassifiers::test_classifier_output[ShapeDTW-0-ClassifierFitPredictThreeClasses],teardown,0.0,36.4
after,18,test_multioutput[ShapeDTW-1],sktime/classification/tests/test_all_classifiers.py::TestAllClassifiers::test_multioutput[ShapeDTW-1],teardown,0.0,36.4
after,18,test_classifier_output[ShapeDTW-1-ClassifierFitPredict],sktime/classification/tests/test_all_classifiers.py::TestAllClassifiers::test_classifier_output[ShapeDTW-1-ClassifierFitPredict],teardown,0.0,36.4
after,18,test_classifier_output[ShapeDTW-1-ClassifierFitPredictThreeClasses],sktime/classification/tests/test_all_classifiers.py::TestAllClassifiers::test_classifier_output[ShapeDTW-1-ClassifierFitPredictThreeClasses],teardown,0.0,36.4
after,18,test_classifier_output[ShapeDTW-0-ClassifierFitPredict],sktime/classification/tests/test_all_classifiers.py::TestAllClassifiers::test_classifier_output[ShapeDTW-0-ClassifierFitPredict],teardown,0.0,36.4
after,18,test_multioutput[ShapeDTW-0],sktime/classification/tests/test_all_classifiers.py::TestAllClassifiers::test_multioutput[ShapeDTW-0],teardown,0.0,36.4
after,18,test_classifier_on_unit_test_data[ShapeDTW],sktime/classification/tests/test_all_classifiers.py::TestAllClassifiers::test_classifier_on_unit_test_data[ShapeDTW],teardown,0.0,36.4
after,18,test_handles_single_class[ShapeDTW-0],sktime/classification/tests/test_all_classifiers.py::TestAllClassifiers::test_handles_single_class[ShapeDTW-0],teardown,0.0,36.4
after,18,test_classifier_on_unit_test_data[ShapeDTW],sktime/classification/tests/test_all_classifiers.py::TestAllClassifiers::test_classifier_on_unit_test_data[ShapeDTW],setup,0.0,36.4
after,18,test_handles_single_class[ShapeDTW-1],sktime/classification/tests/test_all_classifiers.py::TestAllClassifiers::test_handles_single_class[ShapeDTW-1],teardown,0.0,36.4
after,18,test_multivariate_input_exception[ShapeDTW-0],sktime/classification/tests/test_all_classifiers.py::TestAllClassifiers::test_multivariate_input_exception[ShapeDTW-0],teardown,0.0,36.4
after,18,test_classifier_on_basic_motions[ShapeDTW],sktime/classification/tests/test_all_classifiers.py::TestAllClassifiers::test_classifier_on_basic_motions[ShapeDTW],call,0.0,36.4
after,18,test_multivariate_input_exception[ShapeDTW-1],sktime/classification/tests/test_all_classifiers.py::TestAllClassifiers::test_multivariate_input_exception[ShapeDTW-1],teardown,0.0,36.4
after,18,test_classifier_on_basic_motions[ShapeDTW],sktime/classification/tests/test_all_classifiers.py::TestAllClassifiers::test_classifier_on_basic_motions[ShapeDTW],teardown,0.0,36.4
after,19,test_multioutput[ShapeDTW-1],sktime/classification/tests/test_all_classifiers.py::TestAllClassifiers::test_multioutput[ShapeDTW-1],call,16.39,36.26
after,19,test_classifier_output[ShapeDTW-1-ClassifierFitPredictThreeClasses],sktime/classification/tests/test_all_classifiers.py::TestAllClassifiers::test_classifier_output[ShapeDTW-1-ClassifierFitPredictThreeClasses],call,7.46,36.26
after,19,test_classifier_output[ShapeDTW-1-ClassifierFitPredict],sktime/classification/tests/test_all_classifiers.py::TestAllClassifiers::test_classifier_output[ShapeDTW-1-ClassifierFitPredict],call,5.11,36.26
after,19,test_multioutput[ShapeDTW-0],sktime/classification/tests/test_all_classifiers.py::TestAllClassifiers::test_multioutput[ShapeDTW-0],call,0.98,36.26
after,19,test_classifier_output[ShapeDTW-0-ClassifierFitPredictThreeClasses],sktime/classification/tests/test_all_classifiers.py::TestAllClassifiers::test_classifier_output[ShapeDTW-0-ClassifierFitPredictThreeClasses],call,0.69,36.26
after,19,test_classifier_on_unit_test_data[ShapeDTW],sktime/classification/tests/test_all_classifiers.py::TestAllClassifiers::test_classifier_on_unit_test_data[ShapeDTW],call,0.46,36.26
after,19,test_classifier_output[ShapeDTW-0-ClassifierFitPredict],sktime/classification/tests/test_all_classifiers.py::TestAllClassifiers::test_classifier_output[ShapeDTW-0-ClassifierFitPredict],call,0.25,36.26
after,19,test_multivariate_input_exception[ShapeDTW-0],sktime/classification/tests/test_all_classifiers.py::TestAllClassifiers::test_multivariate_input_exception[ShapeDTW-0],call,0.01,36.26
after,19,test_multivariate_input_exception[ShapeDTW-1],sktime/classification/tests/test_all_classifiers.py::TestAllClassifiers::test_multivariate_input_exception[ShapeDTW-1],call,0.01,36.26
after,19,test_handles_single_class[ShapeDTW-0],sktime/classification/tests/test_all_classifiers.py::TestAllClassifiers::test_handles_single_class[ShapeDTW-0],call,0.0,36.26
after,19,test_handles_single_class[ShapeDTW-1],sktime/classification/tests/test_all_classifiers.py::TestAllClassifiers::test_handles_single_class[ShapeDTW-1],call,0.0,36.26
after,19,test_classifier_output[ShapeDTW-0-ClassifierFitPredictThreeClasses],sktime/classification/tests/test_all_classifiers.py::TestAllClassifiers::test_classifier_output[ShapeDTW-0-ClassifierFitPredictThreeClasses],setup,0.0,36.26
after,19,test_classifier_output[ShapeDTW-0-ClassifierFitPredict],sktime/classification/tests/test_all_classifiers.py::TestAllClassifiers::test_classifier_output[ShapeDTW-0-ClassifierFitPredict],setup,0.0,36.26
after,19,test_multioutput[ShapeDTW-1],sktime/classification/tests/test_all_classifiers.py::TestAllClassifiers::test_multioutput[ShapeDTW-1],setup,0.0,36.26
after,19,test_multivariate_input_exception[ShapeDTW-0],sktime/classification/tests/test_all_classifiers.py::TestAllClassifiers::test_multivariate_input_exception[ShapeDTW-0],setup,0.0,36.26
after,19,test_handles_single_class[ShapeDTW-0],sktime/classification/tests/test_all_classifiers.py::TestAllClassifiers::test_handles_single_class[ShapeDTW-0],setup,0.0,36.26
after,19,test_multioutput[ShapeDTW-0],sktime/classification/tests/test_all_classifiers.py::TestAllClassifiers::test_multioutput[ShapeDTW-0],setup,0.0,36.26
after,19,test_classifier_output[ShapeDTW-1-ClassifierFitPredict],sktime/classification/tests/test_all_classifiers.py::TestAllClassifiers::test_classifier_output[ShapeDTW-1-ClassifierFitPredict],setup,0.0,36.26
after,19,test_classifier_output[ShapeDTW-1-ClassifierFitPredictThreeClasses],sktime/classification/tests/test_all_classifiers.py::TestAllClassifiers::test_classifier_output[ShapeDTW-1-ClassifierFitPredictThreeClasses],setup,0.0,36.26
after,19,test_multivariate_input_exception[ShapeDTW-1],sktime/classification/tests/test_all_classifiers.py::TestAllClassifiers::test_multivariate_input_exception[ShapeDTW-1],setup,0.0,36.26
after,19,test_handles_single_class[ShapeDTW-1],sktime/classification/tests/test_all_classifiers.py::TestAllClassifiers::test_handles_single_class[ShapeDTW-1],setup,0.0,36.26
after,19,test_classifier_on_basic_motions[ShapeDTW],sktime/classification/tests/test_all_classifiers.py::TestAllClassifiers::test_classifier_on_basic_motions[ShapeDTW],setup,0.0,36.26
after,19,test_classifier_on_unit_test_data[ShapeDTW],sktime/classification/tests/test_all_classifiers.py::TestAllClassifiers::test_classifier_on_unit_test_data[ShapeDTW],setup,0.0,36.26
after,19,test_classifier_output[ShapeDTW-0-ClassifierFitPredict],sktime/classification/tests/test_all_classifiers.py::TestAllClassifiers::test_classifier_output[ShapeDTW-0-ClassifierFitPredict],teardown,0.0,36.26
after,19,test_multioutput[ShapeDTW-0],sktime/classification/tests/test_all_classifiers.py::TestAllClassifiers::test_multioutput[ShapeDTW-0],teardown,0.0,36.26
after,19,test_classifier_output[ShapeDTW-1-ClassifierFitPredictThreeClasses],sktime/classification/tests/test_all_classifiers.py::TestAllClassifiers::test_classifier_output[ShapeDTW-1-ClassifierFitPredictThreeClasses],teardown,0.0,36.26
after,19,test_classifier_output[ShapeDTW-1-ClassifierFitPredict],sktime/classification/tests/test_all_classifiers.py::TestAllClassifiers::test_classifier_output[ShapeDTW-1-ClassifierFitPredict],teardown,0.0,36.26
after,19,test_classifier_on_unit_test_data[ShapeDTW],sktime/classification/tests/test_all_classifiers.py::TestAllClassifiers::test_classifier_on_unit_test_data[ShapeDTW],teardown,0.0,36.26
after,19,test_classifier_output[ShapeDTW-0-ClassifierFitPredictThreeClasses],sktime/classification/tests/test_all_classifiers.py::TestAllClassifiers::test_classifier_output[ShapeDTW-0-ClassifierFitPredictThreeClasses],teardown,0.0,36.26
after,19,test_multioutput[ShapeDTW-1],sktime/classification/tests/test_all_classifiers.py::TestAllClassifiers::test_multioutput[ShapeDTW-1],teardown,0.0,36.26
after,19,test_classifier_on_basic_motions[ShapeDTW],sktime/classification/tests/test_all_classifiers.py::TestAllClassifiers::test_classifier_on_basic_motions[ShapeDTW],teardown,0.0,36.26
after,19,test_handles_single_class[ShapeDTW-0],sktime/classification/tests/test_all_classifiers.py::TestAllClassifiers::test_handles_single_class[ShapeDTW-0],teardown,0.0,36.26
after,19,test_classifier_on_basic_motions[ShapeDTW],sktime/classification/tests/test_all_classifiers.py::TestAllClassifiers::test_classifier_on_basic_motions[ShapeDTW],call,0.0,36.26
after,19,test_multivariate_input_exception[ShapeDTW-0],sktime/classification/tests/test_all_classifiers.py::TestAllClassifiers::test_multivariate_input_exception[ShapeDTW-0],teardown,0.0,36.26
after,19,test_handles_single_class[ShapeDTW-1],sktime/classification/tests/test_all_classifiers.py::TestAllClassifiers::test_handles_single_class[ShapeDTW-1],teardown,0.0,36.26
after,19,test_multivariate_input_exception[ShapeDTW-1],sktime/classification/tests/test_all_classifiers.py::TestAllClassifiers::test_multivariate_input_exception[ShapeDTW-1],teardown,0.0,36.26
after,20,test_multioutput[ShapeDTW-1],sktime/classification/tests/test_all_classifiers.py::TestAllClassifiers::test_multioutput[ShapeDTW-1],call,16.41,35.92
after,20,test_classifier_output[ShapeDTW-1-ClassifierFitPredictThreeClasses],sktime/classification/tests/test_all_classifiers.py::TestAllClassifiers::test_classifier_output[ShapeDTW-1-ClassifierFitPredictThreeClasses],call,7.37,35.92
after,20,test_classifier_output[ShapeDTW-1-ClassifierFitPredict],sktime/classification/tests/test_all_classifiers.py::TestAllClassifiers::test_classifier_output[ShapeDTW-1-ClassifierFitPredict],call,5.07,35.92
after,20,test_multioutput[ShapeDTW-0],sktime/classification/tests/test_all_classifiers.py::TestAllClassifiers::test_multioutput[ShapeDTW-0],call,0.75,35.92
after,20,test_classifier_output[ShapeDTW-0-ClassifierFitPredict],sktime/classification/tests/test_all_classifiers.py::TestAllClassifiers::test_classifier_output[ShapeDTW-0-ClassifierFitPredict],call,0.62,35.92
after,20,test_classifier_on_unit_test_data[ShapeDTW],sktime/classification/tests/test_all_classifiers.py::TestAllClassifiers::test_classifier_on_unit_test_data[ShapeDTW],call,0.45,35.92
after,20,test_classifier_output[ShapeDTW-0-ClassifierFitPredictThreeClasses],sktime/classification/tests/test_all_classifiers.py::TestAllClassifiers::test_classifier_output[ShapeDTW-0-ClassifierFitPredictThreeClasses],call,0.31,35.92
after,20,test_multivariate_input_exception[ShapeDTW-1],sktime/classification/tests/test_all_classifiers.py::TestAllClassifiers::test_multivariate_input_exception[ShapeDTW-1],call,0.01,35.92
after,20,test_multivariate_input_exception[ShapeDTW-0],sktime/classification/tests/test_all_classifiers.py::TestAllClassifiers::test_multivariate_input_exception[ShapeDTW-0],call,0.01,35.92
after,20,test_handles_single_class[ShapeDTW-0],sktime/classification/tests/test_all_classifiers.py::TestAllClassifiers::test_handles_single_class[ShapeDTW-0],call,0.0,35.92
after,20,test_handles_single_class[ShapeDTW-1],sktime/classification/tests/test_all_classifiers.py::TestAllClassifiers::test_handles_single_class[ShapeDTW-1],call,0.0,35.92
after,20,test_classifier_output[ShapeDTW-0-ClassifierFitPredict],sktime/classification/tests/test_all_classifiers.py::TestAllClassifiers::test_classifier_output[ShapeDTW-0-ClassifierFitPredict],setup,0.0,35.92
after,20,test_classifier_output[ShapeDTW-1-ClassifierFitPredictThreeClasses],sktime/classification/tests/test_all_classifiers.py::TestAllClassifiers::test_classifier_output[ShapeDTW-1-ClassifierFitPredictThreeClasses],setup,0.0,35.92
after,20,test_multivariate_input_exception[ShapeDTW-1],sktime/classification/tests/test_all_classifiers.py::TestAllClassifiers::test_multivariate_input_exception[ShapeDTW-1],setup,0.0,35.92
after,20,test_multioutput[ShapeDTW-1],sktime/classification/tests/test_all_classifiers.py::TestAllClassifiers::test_multioutput[ShapeDTW-1],setup,0.0,35.92
after,20,test_handles_single_class[ShapeDTW-1],sktime/classification/tests/test_all_classifiers.py::TestAllClassifiers::test_handles_single_class[ShapeDTW-1],setup,0.0,35.92
after,20,test_multioutput[ShapeDTW-0],sktime/classification/tests/test_all_classifiers.py::TestAllClassifiers::test_multioutput[ShapeDTW-0],setup,0.0,35.92
after,20,test_classifier_output[ShapeDTW-1-ClassifierFitPredict],sktime/classification/tests/test_all_classifiers.py::TestAllClassifiers::test_classifier_output[ShapeDTW-1-ClassifierFitPredict],setup,0.0,35.92
after,20,test_handles_single_class[ShapeDTW-0],sktime/classification/tests/test_all_classifiers.py::TestAllClassifiers::test_handles_single_class[ShapeDTW-0],setup,0.0,35.92
after,20,test_classifier_output[ShapeDTW-0-ClassifierFitPredictThreeClasses],sktime/classification/tests/test_all_classifiers.py::TestAllClassifiers::test_classifier_output[ShapeDTW-0-ClassifierFitPredictThreeClasses],setup,0.0,35.92
after,20,test_multivariate_input_exception[ShapeDTW-0],sktime/classification/tests/test_all_classifiers.py::TestAllClassifiers::test_multivariate_input_exception[ShapeDTW-0],setup,0.0,35.92
after,20,test_classifier_output[ShapeDTW-0-ClassifierFitPredict],sktime/classification/tests/test_all_classifiers.py::TestAllClassifiers::test_classifier_output[ShapeDTW-0-ClassifierFitPredict],teardown,0.0,35.92
after,20,test_classifier_on_basic_motions[ShapeDTW],sktime/classification/tests/test_all_classifiers.py::TestAllClassifiers::test_classifier_on_basic_motions[ShapeDTW],setup,0.0,35.92
after,20,test_classifier_on_unit_test_data[ShapeDTW],sktime/classification/tests/test_all_classifiers.py::TestAllClassifiers::test_classifier_on_unit_test_data[ShapeDTW],setup,0.0,35.92
after,20,test_classifier_output[ShapeDTW-1-ClassifierFitPredict],sktime/classification/tests/test_all_classifiers.py::TestAllClassifiers::test_classifier_output[ShapeDTW-1-ClassifierFitPredict],teardown,0.0,35.92
after,20,test_classifier_on_unit_test_data[ShapeDTW],sktime/classification/tests/test_all_classifiers.py::TestAllClassifiers::test_classifier_on_unit_test_data[ShapeDTW],teardown,0.0,35.92
after,20,test_classifier_output[ShapeDTW-1-ClassifierFitPredictThreeClasses],sktime/classification/tests/test_all_classifiers.py::TestAllClassifiers::test_classifier_output[ShapeDTW-1-ClassifierFitPredictThreeClasses],teardown,0.0,35.92
after,20,test_multioutput[ShapeDTW-0],sktime/classification/tests/test_all_classifiers.py::TestAllClassifiers::test_multioutput[ShapeDTW-0],teardown,0.0,35.92
after,20,test_classifier_output[ShapeDTW-0-ClassifierFitPredictThreeClasses],sktime/classification/tests/test_all_classifiers.py::TestAllClassifiers::test_classifier_output[ShapeDTW-0-ClassifierFitPredictThreeClasses],teardown,0.0,35.92
after,20,test_multioutput[ShapeDTW-1],sktime/classification/tests/test_all_classifiers.py::TestAllClassifiers::test_multioutput[ShapeDTW-1],teardown,0.0,35.92
after,20,test_multivariate_input_exception[ShapeDTW-1],sktime/classification/tests/test_all_classifiers.py::TestAllClassifiers::test_multivariate_input_exception[ShapeDTW-1],teardown,0.0,35.92
after,20,test_multivariate_input_exception[ShapeDTW-0],sktime/classification/tests/test_all_classifiers.py::TestAllClassifiers::test_multivariate_input_exception[ShapeDTW-0],teardown,0.0,35.92
after,20,test_handles_single_class[ShapeDTW-1],sktime/classification/tests/test_all_classifiers.py::TestAllClassifiers::test_handles_single_class[ShapeDTW-1],teardown,0.0,35.92
after,20,test_classifier_on_basic_motions[ShapeDTW],sktime/classification/tests/test_all_classifiers.py::TestAllClassifiers::test_classifier_on_basic_motions[ShapeDTW],teardown,0.0,35.92
after,20,test_handles_single_class[ShapeDTW-0],sktime/classification/tests/test_all_classifiers.py::TestAllClassifiers::test_handles_single_class[ShapeDTW-0],teardown,0.0,35.92
after,20,test_classifier_on_basic_motions[ShapeDTW],sktime/classification/tests/test_all_classifiers.py::TestAllClassifiers::test_classifier_on_basic_motions[ShapeDTW],call,0.0,35.92
after,21,test_multioutput[ShapeDTW-1],sktime/classification/tests/test_all_classifiers.py::TestAllClassifiers::test_multioutput[ShapeDTW-1],call,16.64,36.09
after,21,test_classifier_output[ShapeDTW-1-ClassifierFitPredictThreeClasses],sktime/classification/tests/test_all_classifiers.py::TestAllClassifiers::test_classifier_output[ShapeDTW-1-ClassifierFitPredictThreeClasses],call,7.42,36.09
after,21,test_classifier_output[ShapeDTW-1-ClassifierFitPredict],sktime/classification/tests/test_all_classifiers.py::TestAllClassifiers::test_classifier_output[ShapeDTW-1-ClassifierFitPredict],call,4.89,36.09
after,21,test_multioutput[ShapeDTW-0],sktime/classification/tests/test_all_classifiers.py::TestAllClassifiers::test_multioutput[ShapeDTW-0],call,0.76,36.09
after,21,test_classifier_output[ShapeDTW-0-ClassifierFitPredictThreeClasses],sktime/classification/tests/test_all_classifiers.py::TestAllClassifiers::test_classifier_output[ShapeDTW-0-ClassifierFitPredictThreeClasses],call,0.69,36.09
after,21,test_classifier_on_unit_test_data[ShapeDTW],sktime/classification/tests/test_all_classifiers.py::TestAllClassifiers::test_classifier_on_unit_test_data[ShapeDTW],call,0.45,36.09
after,21,test_classifier_output[ShapeDTW-0-ClassifierFitPredict],sktime/classification/tests/test_all_classifiers.py::TestAllClassifiers::test_classifier_output[ShapeDTW-0-ClassifierFitPredict],call,0.25,36.09
after,21,test_multivariate_input_exception[ShapeDTW-0],sktime/classification/tests/test_all_classifiers.py::TestAllClassifiers::test_multivariate_input_exception[ShapeDTW-0],call,0.01,36.09
after,21,test_multivariate_input_exception[ShapeDTW-1],sktime/classification/tests/test_all_classifiers.py::TestAllClassifiers::test_multivariate_input_exception[ShapeDTW-1],call,0.01,36.09
after,21,test_handles_single_class[ShapeDTW-1],sktime/classification/tests/test_all_classifiers.py::TestAllClassifiers::test_handles_single_class[ShapeDTW-1],call,0.0,36.09
after,21,test_handles_single_class[ShapeDTW-0],sktime/classification/tests/test_all_classifiers.py::TestAllClassifiers::test_handles_single_class[ShapeDTW-0],call,0.0,36.09
after,21,test_classifier_output[ShapeDTW-0-ClassifierFitPredictThreeClasses],sktime/classification/tests/test_all_classifiers.py::TestAllClassifiers::test_classifier_output[ShapeDTW-0-ClassifierFitPredictThreeClasses],setup,0.0,36.09
after,21,test_classifier_output[ShapeDTW-0-ClassifierFitPredict],sktime/classification/tests/test_all_classifiers.py::TestAllClassifiers::test_classifier_output[ShapeDTW-0-ClassifierFitPredict],setup,0.0,36.09
after,21,test_classifier_output[ShapeDTW-1-ClassifierFitPredict],sktime/classification/tests/test_all_classifiers.py::TestAllClassifiers::test_classifier_output[ShapeDTW-1-ClassifierFitPredict],setup,0.0,36.09
after,21,test_multivariate_input_exception[ShapeDTW-0],sktime/classification/tests/test_all_classifiers.py::TestAllClassifiers::test_multivariate_input_exception[ShapeDTW-0],setup,0.0,36.09
after,21,test_multioutput[ShapeDTW-1],sktime/classification/tests/test_all_classifiers.py::TestAllClassifiers::test_multioutput[ShapeDTW-1],setup,0.0,36.09
after,21,test_multioutput[ShapeDTW-0],sktime/classification/tests/test_all_classifiers.py::TestAllClassifiers::test_multioutput[ShapeDTW-0],setup,0.0,36.09
after,21,test_handles_single_class[ShapeDTW-1],sktime/classification/tests/test_all_classifiers.py::TestAllClassifiers::test_handles_single_class[ShapeDTW-1],setup,0.0,36.09
after,21,test_classifier_output[ShapeDTW-1-ClassifierFitPredictThreeClasses],sktime/classification/tests/test_all_classifiers.py::TestAllClassifiers::test_classifier_output[ShapeDTW-1-ClassifierFitPredictThreeClasses],setup,0.0,36.09
after,21,test_multivariate_input_exception[ShapeDTW-1],sktime/classification/tests/test_all_classifiers.py::TestAllClassifiers::test_multivariate_input_exception[ShapeDTW-1],setup,0.0,36.09
after,21,test_handles_single_class[ShapeDTW-0],sktime/classification/tests/test_all_classifiers.py::TestAllClassifiers::test_handles_single_class[ShapeDTW-0],setup,0.0,36.09
after,21,test_classifier_on_unit_test_data[ShapeDTW],sktime/classification/tests/test_all_classifiers.py::TestAllClassifiers::test_classifier_on_unit_test_data[ShapeDTW],setup,0.0,36.09
after,21,test_classifier_output[ShapeDTW-1-ClassifierFitPredictThreeClasses],sktime/classification/tests/test_all_classifiers.py::TestAllClassifiers::test_classifier_output[ShapeDTW-1-ClassifierFitPredictThreeClasses],teardown,0.0,36.09
after,21,test_classifier_output[ShapeDTW-0-ClassifierFitPredictThreeClasses],sktime/classification/tests/test_all_classifiers.py::TestAllClassifiers::test_classifier_output[ShapeDTW-0-ClassifierFitPredictThreeClasses],teardown,0.0,36.09
after,21,test_classifier_output[ShapeDTW-0-ClassifierFitPredict],sktime/classification/tests/test_all_classifiers.py::TestAllClassifiers::test_classifier_output[ShapeDTW-0-ClassifierFitPredict],teardown,0.0,36.09
after,21,test_classifier_on_basic_motions[ShapeDTW],sktime/classification/tests/test_all_classifiers.py::TestAllClassifiers::test_classifier_on_basic_motions[ShapeDTW],setup,0.0,36.09
after,21,test_classifier_output[ShapeDTW-1-ClassifierFitPredict],sktime/classification/tests/test_all_classifiers.py::TestAllClassifiers::test_classifier_output[ShapeDTW-1-ClassifierFitPredict],teardown,0.0,36.09
after,21,test_multioutput[ShapeDTW-0],sktime/classification/tests/test_all_classifiers.py::TestAllClassifiers::test_multioutput[ShapeDTW-0],teardown,0.0,36.09
after,21,test_multioutput[ShapeDTW-1],sktime/classification/tests/test_all_classifiers.py::TestAllClassifiers::test_multioutput[ShapeDTW-1],teardown,0.0,36.09
after,21,test_classifier_on_unit_test_data[ShapeDTW],sktime/classification/tests/test_all_classifiers.py::TestAllClassifiers::test_classifier_on_unit_test_data[ShapeDTW],teardown,0.0,36.09
after,21,test_handles_single_class[ShapeDTW-1],sktime/classification/tests/test_all_classifiers.py::TestAllClassifiers::test_handles_single_class[ShapeDTW-1],teardown,0.0,36.09
after,21,test_handles_single_class[ShapeDTW-0],sktime/classification/tests/test_all_classifiers.py::TestAllClassifiers::test_handles_single_class[ShapeDTW-0],teardown,0.0,36.09
after,21,test_multivariate_input_exception[ShapeDTW-0],sktime/classification/tests/test_all_classifiers.py::TestAllClassifiers::test_multivariate_input_exception[ShapeDTW-0],teardown,0.0,36.09
after,21,test_multivariate_input_exception[ShapeDTW-1],sktime/classification/tests/test_all_classifiers.py::TestAllClassifiers::test_multivariate_input_exception[ShapeDTW-1],teardown,0.0,36.09
after,21,test_classifier_on_basic_motions[ShapeDTW],sktime/classification/tests/test_all_classifiers.py::TestAllClassifiers::test_classifier_on_basic_motions[ShapeDTW],teardown,0.0,36.09
after,21,test_classifier_on_basic_motions[ShapeDTW],sktime/classification/tests/test_all_classifiers.py::TestAllClassifiers::test_classifier_on_basic_motions[ShapeDTW],call,0.0,36.09
after,22,test_multioutput[ShapeDTW-1],sktime/classification/tests/test_all_classifiers.py::TestAllClassifiers::test_multioutput[ShapeDTW-1],call,16.13,36.05
after,22,test_classifier_output[ShapeDTW-1-ClassifierFitPredictThreeClasses],sktime/classification/tests/test_all_classifiers.py::TestAllClassifiers::test_classifier_output[ShapeDTW-1-ClassifierFitPredictThreeClasses],call,7.45,36.05
after,22,test_classifier_output[ShapeDTW-1-ClassifierFitPredict],sktime/classification/tests/test_all_classifiers.py::TestAllClassifiers::test_classifier_output[ShapeDTW-1-ClassifierFitPredict],call,5.37,36.05
after,22,test_multioutput[ShapeDTW-0],sktime/classification/tests/test_all_classifiers.py::TestAllClassifiers::test_multioutput[ShapeDTW-0],call,0.75,36.05
after,22,test_classifier_output[ShapeDTW-0-ClassifierFitPredictThreeClasses],sktime/classification/tests/test_all_classifiers.py::TestAllClassifiers::test_classifier_output[ShapeDTW-0-ClassifierFitPredictThreeClasses],call,0.67,36.05
after,22,test_classifier_on_unit_test_data[ShapeDTW],sktime/classification/tests/test_all_classifiers.py::TestAllClassifiers::test_classifier_on_unit_test_data[ShapeDTW],call,0.45,36.05
after,22,test_classifier_output[ShapeDTW-0-ClassifierFitPredict],sktime/classification/tests/test_all_classifiers.py::TestAllClassifiers::test_classifier_output[ShapeDTW-0-ClassifierFitPredict],call,0.25,36.05
after,22,test_multivariate_input_exception[ShapeDTW-0],sktime/classification/tests/test_all_classifiers.py::TestAllClassifiers::test_multivariate_input_exception[ShapeDTW-0],call,0.01,36.05
after,22,test_multivariate_input_exception[ShapeDTW-1],sktime/classification/tests/test_all_classifiers.py::TestAllClassifiers::test_multivariate_input_exception[ShapeDTW-1],call,0.01,36.05
after,22,test_handles_single_class[ShapeDTW-1],sktime/classification/tests/test_all_classifiers.py::TestAllClassifiers::test_handles_single_class[ShapeDTW-1],call,0.0,36.05
after,22,test_handles_single_class[ShapeDTW-0],sktime/classification/tests/test_all_classifiers.py::TestAllClassifiers::test_handles_single_class[ShapeDTW-0],call,0.0,36.05
after,22,test_multivariate_input_exception[ShapeDTW-0],sktime/classification/tests/test_all_classifiers.py::TestAllClassifiers::test_multivariate_input_exception[ShapeDTW-0],setup,0.0,36.05
after,22,test_classifier_output[ShapeDTW-1-ClassifierFitPredictThreeClasses],sktime/classification/tests/test_all_classifiers.py::TestAllClassifiers::test_classifier_output[ShapeDTW-1-ClassifierFitPredictThreeClasses],setup,0.0,36.05
after,22,test_multivariate_input_exception[ShapeDTW-1],sktime/classification/tests/test_all_classifiers.py::TestAllClassifiers::test_multivariate_input_exception[ShapeDTW-1],setup,0.0,36.05
after,22,test_multioutput[ShapeDTW-0],sktime/classification/tests/test_all_classifiers.py::TestAllClassifiers::test_multioutput[ShapeDTW-0],setup,0.0,36.05
after,22,test_multioutput[ShapeDTW-1],sktime/classification/tests/test_all_classifiers.py::TestAllClassifiers::test_multioutput[ShapeDTW-1],setup,0.0,36.05
after,22,test_handles_single_class[ShapeDTW-1],sktime/classification/tests/test_all_classifiers.py::TestAllClassifiers::test_handles_single_class[ShapeDTW-1],setup,0.0,36.05
after,22,test_classifier_output[ShapeDTW-0-ClassifierFitPredict],sktime/classification/tests/test_all_classifiers.py::TestAllClassifiers::test_classifier_output[ShapeDTW-0-ClassifierFitPredict],setup,0.0,36.05
after,22,test_classifier_output[ShapeDTW-1-ClassifierFitPredict],sktime/classification/tests/test_all_classifiers.py::TestAllClassifiers::test_classifier_output[ShapeDTW-1-ClassifierFitPredict],setup,0.0,36.05
after,22,test_classifier_output[ShapeDTW-0-ClassifierFitPredictThreeClasses],sktime/classification/tests/test_all_classifiers.py::TestAllClassifiers::test_classifier_output[ShapeDTW-0-ClassifierFitPredictThreeClasses],setup,0.0,36.05
after,22,test_handles_single_class[ShapeDTW-0],sktime/classification/tests/test_all_classifiers.py::TestAllClassifiers::test_handles_single_class[ShapeDTW-0],setup,0.0,36.05
after,22,test_classifier_on_unit_test_data[ShapeDTW],sktime/classification/tests/test_all_classifiers.py::TestAllClassifiers::test_classifier_on_unit_test_data[ShapeDTW],setup,0.0,36.05
after,22,test_classifier_on_basic_motions[ShapeDTW],sktime/classification/tests/test_all_classifiers.py::TestAllClassifiers::test_classifier_on_basic_motions[ShapeDTW],setup,0.0,36.05
after,22,test_classifier_output[ShapeDTW-0-ClassifierFitPredictThreeClasses],sktime/classification/tests/test_all_classifiers.py::TestAllClassifiers::test_classifier_output[ShapeDTW-0-ClassifierFitPredictThreeClasses],teardown,0.0,36.05
after,22,test_classifier_output[ShapeDTW-1-ClassifierFitPredictThreeClasses],sktime/classification/tests/test_all_classifiers.py::TestAllClassifiers::test_classifier_output[ShapeDTW-1-ClassifierFitPredictThreeClasses],teardown,0.0,36.05
after,22,test_classifier_output[ShapeDTW-0-ClassifierFitPredict],sktime/classification/tests/test_all_classifiers.py::TestAllClassifiers::test_classifier_output[ShapeDTW-0-ClassifierFitPredict],teardown,0.0,36.05
after,22,test_multioutput[ShapeDTW-1],sktime/classification/tests/test_all_classifiers.py::TestAllClassifiers::test_multioutput[ShapeDTW-1],teardown,0.0,36.05
after,22,test_classifier_output[ShapeDTW-1-ClassifierFitPredict],sktime/classification/tests/test_all_classifiers.py::TestAllClassifiers::test_classifier_output[ShapeDTW-1-ClassifierFitPredict],teardown,0.0,36.05
after,22,test_multioutput[ShapeDTW-0],sktime/classification/tests/test_all_classifiers.py::TestAllClassifiers::test_multioutput[ShapeDTW-0],teardown,0.0,36.05
after,22,test_classifier_on_unit_test_data[ShapeDTW],sktime/classification/tests/test_all_classifiers.py::TestAllClassifiers::test_classifier_on_unit_test_data[ShapeDTW],teardown,0.0,36.05
after,22,test_multivariate_input_exception[ShapeDTW-0],sktime/classification/tests/test_all_classifiers.py::TestAllClassifiers::test_multivariate_input_exception[ShapeDTW-0],teardown,0.0,36.05
after,22,test_multivariate_input_exception[ShapeDTW-1],sktime/classification/tests/test_all_classifiers.py::TestAllClassifiers::test_multivariate_input_exception[ShapeDTW-1],teardown,0.0,36.05
after,22,test_classifier_on_basic_motions[ShapeDTW],sktime/classification/tests/test_all_classifiers.py::TestAllClassifiers::test_classifier_on_basic_motions[ShapeDTW],teardown,0.0,36.05
after,22,test_handles_single_class[ShapeDTW-0],sktime/classification/tests/test_all_classifiers.py::TestAllClassifiers::test_handles_single_class[ShapeDTW-0],teardown,0.0,36.05
after,22,test_classifier_on_basic_motions[ShapeDTW],sktime/classification/tests/test_all_classifiers.py::TestAllClassifiers::test_classifier_on_basic_motions[ShapeDTW],call,0.0,36.05
after,22,test_handles_single_class[ShapeDTW-1],sktime/classification/tests/test_all_classifiers.py::TestAllClassifiers::test_handles_single_class[ShapeDTW-1],teardown,0.0,36.05
after,23,test_multioutput[ShapeDTW-1],sktime/classification/tests/test_all_classifiers.py::TestAllClassifiers::test_multioutput[ShapeDTW-1],call,16.5,36.5
after,23,test_classifier_output[ShapeDTW-1-ClassifierFitPredictThreeClasses],sktime/classification/tests/test_all_classifiers.py::TestAllClassifiers::test_classifier_output[ShapeDTW-1-ClassifierFitPredictThreeClasses],call,7.27,36.5
after,23,test_classifier_output[ShapeDTW-1-ClassifierFitPredict],sktime/classification/tests/test_all_classifiers.py::TestAllClassifiers::test_classifier_output[ShapeDTW-1-ClassifierFitPredict],call,5.16,36.5
after,23,test_multioutput[ShapeDTW-0],sktime/classification/tests/test_all_classifiers.py::TestAllClassifiers::test_multioutput[ShapeDTW-0],call,0.99,36.5
after,23,test_classifier_on_unit_test_data[ShapeDTW],sktime/classification/tests/test_all_classifiers.py::TestAllClassifiers::test_classifier_on_unit_test_data[ShapeDTW],call,0.68,36.5
after,23,test_classifier_output[ShapeDTW-0-ClassifierFitPredict],sktime/classification/tests/test_all_classifiers.py::TestAllClassifiers::test_classifier_output[ShapeDTW-0-ClassifierFitPredict],call,0.62,36.5
after,23,test_classifier_output[ShapeDTW-0-ClassifierFitPredictThreeClasses],sktime/classification/tests/test_all_classifiers.py::TestAllClassifiers::test_classifier_output[ShapeDTW-0-ClassifierFitPredictThreeClasses],call,0.32,36.5
after,23,test_multivariate_input_exception[ShapeDTW-1],sktime/classification/tests/test_all_classifiers.py::TestAllClassifiers::test_multivariate_input_exception[ShapeDTW-1],call,0.01,36.5
after,23,test_multivariate_input_exception[ShapeDTW-0],sktime/classification/tests/test_all_classifiers.py::TestAllClassifiers::test_multivariate_input_exception[ShapeDTW-0],call,0.01,36.5
after,23,test_handles_single_class[ShapeDTW-0],sktime/classification/tests/test_all_classifiers.py::TestAllClassifiers::test_handles_single_class[ShapeDTW-0],call,0.0,36.5
after,23,test_handles_single_class[ShapeDTW-1],sktime/classification/tests/test_all_classifiers.py::TestAllClassifiers::test_handles_single_class[ShapeDTW-1],call,0.0,36.5
after,23,test_classifier_output[ShapeDTW-0-ClassifierFitPredict],sktime/classification/tests/test_all_classifiers.py::TestAllClassifiers::test_classifier_output[ShapeDTW-0-ClassifierFitPredict],setup,0.0,36.5
after,23,test_classifier_output[ShapeDTW-1-ClassifierFitPredict],sktime/classification/tests/test_all_classifiers.py::TestAllClassifiers::test_classifier_output[ShapeDTW-1-ClassifierFitPredict],setup,0.0,36.5
after,23,test_classifier_output[ShapeDTW-1-ClassifierFitPredictThreeClasses],sktime/classification/tests/test_all_classifiers.py::TestAllClassifiers::test_classifier_output[ShapeDTW-1-ClassifierFitPredictThreeClasses],setup,0.0,36.5
after,23,test_classifier_output[ShapeDTW-0-ClassifierFitPredictThreeClasses],sktime/classification/tests/test_all_classifiers.py::TestAllClassifiers::test_classifier_output[ShapeDTW-0-ClassifierFitPredictThreeClasses],setup,0.0,36.5
after,23,test_multivariate_input_exception[ShapeDTW-1],sktime/classification/tests/test_all_classifiers.py::TestAllClassifiers::test_multivariate_input_exception[ShapeDTW-1],setup,0.0,36.5
after,23,test_multioutput[ShapeDTW-1],sktime/classification/tests/test_all_classifiers.py::TestAllClassifiers::test_multioutput[ShapeDTW-1],setup,0.0,36.5
after,23,test_multivariate_input_exception[ShapeDTW-0],sktime/classification/tests/test_all_classifiers.py::TestAllClassifiers::test_multivariate_input_exception[ShapeDTW-0],setup,0.0,36.5
after,23,test_multioutput[ShapeDTW-0],sktime/classification/tests/test_all_classifiers.py::TestAllClassifiers::test_multioutput[ShapeDTW-0],setup,0.0,36.5
after,23,test_handles_single_class[ShapeDTW-0],sktime/classification/tests/test_all_classifiers.py::TestAllClassifiers::test_handles_single_class[ShapeDTW-0],setup,0.0,36.5
after,23,test_handles_single_class[ShapeDTW-1],sktime/classification/tests/test_all_classifiers.py::TestAllClassifiers::test_handles_single_class[ShapeDTW-1],setup,0.0,36.5
after,23,test_classifier_on_basic_motions[ShapeDTW],sktime/classification/tests/test_all_classifiers.py::TestAllClassifiers::test_classifier_on_basic_motions[ShapeDTW],setup,0.0,36.5
after,23,test_classifier_output[ShapeDTW-0-ClassifierFitPredict],sktime/classification/tests/test_all_classifiers.py::TestAllClassifiers::test_classifier_output[ShapeDTW-0-ClassifierFitPredict],teardown,0.0,36.5
after,23,test_multioutput[ShapeDTW-1],sktime/classification/tests/test_all_classifiers.py::TestAllClassifiers::test_multioutput[ShapeDTW-1],teardown,0.0,36.5
after,23,test_classifier_output[ShapeDTW-1-ClassifierFitPredict],sktime/classification/tests/test_all_classifiers.py::TestAllClassifiers::test_classifier_output[ShapeDTW-1-ClassifierFitPredict],teardown,0.0,36.5
after,23,test_classifier_output[ShapeDTW-1-ClassifierFitPredictThreeClasses],sktime/classification/tests/test_all_classifiers.py::TestAllClassifiers::test_classifier_output[ShapeDTW-1-ClassifierFitPredictThreeClasses],teardown,0.0,36.5
after,23,test_classifier_output[ShapeDTW-0-ClassifierFitPredictThreeClasses],sktime/classification/tests/test_all_classifiers.py::TestAllClassifiers::test_classifier_output[ShapeDTW-0-ClassifierFitPredictThreeClasses],teardown,0.0,36.5
after,23,test_multioutput[ShapeDTW-0],sktime/classification/tests/test_all_classifiers.py::TestAllClassifiers::test_multioutput[ShapeDTW-0],teardown,0.0,36.5
after,23,test_classifier_on_unit_test_data[ShapeDTW],sktime/classification/tests/test_all_classifiers.py::TestAllClassifiers::test_classifier_on_unit_test_data[ShapeDTW],teardown,0.0,36.5
after,23,test_classifier_on_unit_test_data[ShapeDTW],sktime/classification/tests/test_all_classifiers.py::TestAllClassifiers::test_classifier_on_unit_test_data[ShapeDTW],setup,0.0,36.5
after,23,test_multivariate_input_exception[ShapeDTW-0],sktime/classification/tests/test_all_classifiers.py::TestAllClassifiers::test_multivariate_input_exception[ShapeDTW-0],teardown,0.0,36.5
after,23,test_classifier_on_basic_motions[ShapeDTW],sktime/classification/tests/test_all_classifiers.py::TestAllClassifiers::test_classifier_on_basic_motions[ShapeDTW],call,0.0,36.5
after,23,test_multivariate_input_exception[ShapeDTW-1],sktime/classification/tests/test_all_classifiers.py::TestAllClassifiers::test_multivariate_input_exception[ShapeDTW-1],teardown,0.0,36.5
after,23,test_handles_single_class[ShapeDTW-1],sktime/classification/tests/test_all_classifiers.py::TestAllClassifiers::test_handles_single_class[ShapeDTW-1],teardown,0.0,36.5
after,23,test_handles_single_class[ShapeDTW-0],sktime/classification/tests/test_all_classifiers.py::TestAllClassifiers::test_handles_single_class[ShapeDTW-0],teardown,0.0,36.5
after,23,test_classifier_on_basic_motions[ShapeDTW],sktime/classification/tests/test_all_classifiers.py::TestAllClassifiers::test_classifier_on_basic_motions[ShapeDTW],teardown,0.0,36.5
after,24,test_multioutput[ShapeDTW-1],sktime/classification/tests/test_all_classifiers.py::TestAllClassifiers::test_multioutput[ShapeDTW-1],call,16.77,36.6
after,24,test_classifier_output[ShapeDTW-1-ClassifierFitPredictThreeClasses],sktime/classification/tests/test_all_classifiers.py::TestAllClassifiers::test_classifier_output[ShapeDTW-1-ClassifierFitPredictThreeClasses],call,7.51,36.6
after,24,test_classifier_output[ShapeDTW-1-ClassifierFitPredict],sktime/classification/tests/test_all_classifiers.py::TestAllClassifiers::test_classifier_output[ShapeDTW-1-ClassifierFitPredict],call,5.18,36.6
after,24,test_multioutput[ShapeDTW-0],sktime/classification/tests/test_all_classifiers.py::TestAllClassifiers::test_multioutput[ShapeDTW-0],call,0.77,36.6
after,24,test_classifier_output[ShapeDTW-0-ClassifierFitPredict],sktime/classification/tests/test_all_classifiers.py::TestAllClassifiers::test_classifier_output[ShapeDTW-0-ClassifierFitPredict],call,0.62,36.6
after,24,test_classifier_on_unit_test_data[ShapeDTW],sktime/classification/tests/test_all_classifiers.py::TestAllClassifiers::test_classifier_on_unit_test_data[ShapeDTW],call,0.46,36.6
after,24,test_classifier_output[ShapeDTW-0-ClassifierFitPredictThreeClasses],sktime/classification/tests/test_all_classifiers.py::TestAllClassifiers::test_classifier_output[ShapeDTW-0-ClassifierFitPredictThreeClasses],call,0.32,36.6
after,24,test_multivariate_input_exception[ShapeDTW-1],sktime/classification/tests/test_all_classifiers.py::TestAllClassifiers::test_multivariate_input_exception[ShapeDTW-1],call,0.01,36.6
after,24,test_multivariate_input_exception[ShapeDTW-0],sktime/classification/tests/test_all_classifiers.py::TestAllClassifiers::test_multivariate_input_exception[ShapeDTW-0],call,0.01,36.6
after,24,test_handles_single_class[ShapeDTW-1],sktime/classification/tests/test_all_classifiers.py::TestAllClassifiers::test_handles_single_class[ShapeDTW-1],call,0.0,36.6
after,24,test_handles_single_class[ShapeDTW-0],sktime/classification/tests/test_all_classifiers.py::TestAllClassifiers::test_handles_single_class[ShapeDTW-0],call,0.0,36.6
after,24,test_classifier_output[ShapeDTW-0-ClassifierFitPredict],sktime/classification/tests/test_all_classifiers.py::TestAllClassifiers::test_classifier_output[ShapeDTW-0-ClassifierFitPredict],setup,0.0,36.6
after,24,test_classifier_output[ShapeDTW-1-ClassifierFitPredict],sktime/classification/tests/test_all_classifiers.py::TestAllClassifiers::test_classifier_output[ShapeDTW-1-ClassifierFitPredict],setup,0.0,36.6
after,24,test_classifier_output[ShapeDTW-1-ClassifierFitPredictThreeClasses],sktime/classification/tests/test_all_classifiers.py::TestAllClassifiers::test_classifier_output[ShapeDTW-1-ClassifierFitPredictThreeClasses],setup,0.0,36.6
after,24,test_multioutput[ShapeDTW-0],sktime/classification/tests/test_all_classifiers.py::TestAllClassifiers::test_multioutput[ShapeDTW-0],setup,0.0,36.6
after,24,test_classifier_output[ShapeDTW-0-ClassifierFitPredictThreeClasses],sktime/classification/tests/test_all_classifiers.py::TestAllClassifiers::test_classifier_output[ShapeDTW-0-ClassifierFitPredictThreeClasses],setup,0.0,36.6
after,24,test_multivariate_input_exception[ShapeDTW-1],sktime/classification/tests/test_all_classifiers.py::TestAllClassifiers::test_multivariate_input_exception[ShapeDTW-1],setup,0.0,36.6
after,24,test_handles_single_class[ShapeDTW-1],sktime/classification/tests/test_all_classifiers.py::TestAllClassifiers::test_handles_single_class[ShapeDTW-1],setup,0.0,36.6
after,24,test_classifier_on_basic_motions[ShapeDTW],sktime/classification/tests/test_all_classifiers.py::TestAllClassifiers::test_classifier_on_basic_motions[ShapeDTW],teardown,0.0,36.6
after,24,test_multivariate_input_exception[ShapeDTW-0],sktime/classification/tests/test_all_classifiers.py::TestAllClassifiers::test_multivariate_input_exception[ShapeDTW-0],setup,0.0,36.6
after,24,test_handles_single_class[ShapeDTW-0],sktime/classification/tests/test_all_classifiers.py::TestAllClassifiers::test_handles_single_class[ShapeDTW-0],setup,0.0,36.6
after,24,test_multioutput[ShapeDTW-1],sktime/classification/tests/test_all_classifiers.py::TestAllClassifiers::test_multioutput[ShapeDTW-1],setup,0.0,36.6
after,24,test_multioutput[ShapeDTW-0],sktime/classification/tests/test_all_classifiers.py::TestAllClassifiers::test_multioutput[ShapeDTW-0],teardown,0.0,36.6
after,24,test_classifier_on_basic_motions[ShapeDTW],sktime/classification/tests/test_all_classifiers.py::TestAllClassifiers::test_classifier_on_basic_motions[ShapeDTW],setup,0.0,36.6
after,24,test_classifier_output[ShapeDTW-0-ClassifierFitPredict],sktime/classification/tests/test_all_classifiers.py::TestAllClassifiers::test_classifier_output[ShapeDTW-0-ClassifierFitPredict],teardown,0.0,36.6
after,24,test_multioutput[ShapeDTW-1],sktime/classification/tests/test_all_classifiers.py::TestAllClassifiers::test_multioutput[ShapeDTW-1],teardown,0.0,36.6
after,24,test_classifier_output[ShapeDTW-0-ClassifierFitPredictThreeClasses],sktime/classification/tests/test_all_classifiers.py::TestAllClassifiers::test_classifier_output[ShapeDTW-0-ClassifierFitPredictThreeClasses],teardown,0.0,36.6
after,24,test_classifier_output[ShapeDTW-1-ClassifierFitPredictThreeClasses],sktime/classification/tests/test_all_classifiers.py::TestAllClassifiers::test_classifier_output[ShapeDTW-1-ClassifierFitPredictThreeClasses],teardown,0.0,36.6
after,24,test_classifier_on_unit_test_data[ShapeDTW],sktime/classification/tests/test_all_classifiers.py::TestAllClassifiers::test_classifier_on_unit_test_data[ShapeDTW],teardown,0.0,36.6
after,24,test_classifier_output[ShapeDTW-1-ClassifierFitPredict],sktime/classification/tests/test_all_classifiers.py::TestAllClassifiers::test_classifier_output[ShapeDTW-1-ClassifierFitPredict],teardown,0.0,36.6
after,24,test_classifier_on_unit_test_data[ShapeDTW],sktime/classification/tests/test_all_classifiers.py::TestAllClassifiers::test_classifier_on_unit_test_data[ShapeDTW],setup,0.0,36.6
after,24,test_handles_single_class[ShapeDTW-1],sktime/classification/tests/test_all_classifiers.py::TestAllClassifiers::test_handles_single_class[ShapeDTW-1],teardown,0.0,36.6
after,24,test_multivariate_input_exception[ShapeDTW-1],sktime/classification/tests/test_all_classifiers.py::TestAllClassifiers::test_multivariate_input_exception[ShapeDTW-1],teardown,0.0,36.6
after,24,test_multivariate_input_exception[ShapeDTW-0],sktime/classification/tests/test_all_classifiers.py::TestAllClassifiers::test_multivariate_input_exception[ShapeDTW-0],teardown,0.0,36.6
after,24,test_classifier_on_basic_motions[ShapeDTW],sktime/classification/tests/test_all_classifiers.py::TestAllClassifiers::test_classifier_on_basic_motions[ShapeDTW],call,0.0,36.6
after,24,test_handles_single_class[ShapeDTW-0],sktime/classification/tests/test_all_classifiers.py::TestAllClassifiers::test_handles_single_class[ShapeDTW-0],teardown,0.0,36.6
after,25,test_multioutput[ShapeDTW-1],sktime/classification/tests/test_all_classifiers.py::TestAllClassifiers::test_multioutput[ShapeDTW-1],call,16.15,36.09
after,25,test_classifier_output[ShapeDTW-1-ClassifierFitPredictThreeClasses],sktime/classification/tests/test_all_classifiers.py::TestAllClassifiers::test_classifier_output[ShapeDTW-1-ClassifierFitPredictThreeClasses],call,7.71,36.09
after,25,test_classifier_output[ShapeDTW-1-ClassifierFitPredict],sktime/classification/tests/test_all_classifiers.py::TestAllClassifiers::test_classifier_output[ShapeDTW-1-ClassifierFitPredict],call,5.13,36.09
after,25,test_multioutput[ShapeDTW-0],sktime/classification/tests/test_all_classifiers.py::TestAllClassifiers::test_multioutput[ShapeDTW-0],call,0.77,36.09
after,25,test_classifier_output[ShapeDTW-0-ClassifierFitPredict],sktime/classification/tests/test_all_classifiers.py::TestAllClassifiers::test_classifier_output[ShapeDTW-0-ClassifierFitPredict],call,0.62,36.09
after,25,test_classifier_on_unit_test_data[ShapeDTW],sktime/classification/tests/test_all_classifiers.py::TestAllClassifiers::test_classifier_on_unit_test_data[ShapeDTW],call,0.45,36.09
after,25,test_classifier_output[ShapeDTW-0-ClassifierFitPredictThreeClasses],sktime/classification/tests/test_all_classifiers.py::TestAllClassifiers::test_classifier_output[ShapeDTW-0-ClassifierFitPredictThreeClasses],call,0.31,36.09
after,25,test_multivariate_input_exception[ShapeDTW-1],sktime/classification/tests/test_all_classifiers.py::TestAllClassifiers::test_multivariate_input_exception[ShapeDTW-1],call,0.01,36.09
after,25,test_multivariate_input_exception[ShapeDTW-0],sktime/classification/tests/test_all_classifiers.py::TestAllClassifiers::test_multivariate_input_exception[ShapeDTW-0],call,0.01,36.09
after,25,test_handles_single_class[ShapeDTW-0],sktime/classification/tests/test_all_classifiers.py::TestAllClassifiers::test_handles_single_class[ShapeDTW-0],call,0.0,36.09
after,25,test_handles_single_class[ShapeDTW-1],sktime/classification/tests/test_all_classifiers.py::TestAllClassifiers::test_handles_single_class[ShapeDTW-1],call,0.0,36.09
after,25,test_classifier_output[ShapeDTW-0-ClassifierFitPredict],sktime/classification/tests/test_all_classifiers.py::TestAllClassifiers::test_classifier_output[ShapeDTW-0-ClassifierFitPredict],setup,0.0,36.09
after,25,test_classifier_output[ShapeDTW-1-ClassifierFitPredict],sktime/classification/tests/test_all_classifiers.py::TestAllClassifiers::test_classifier_output[ShapeDTW-1-ClassifierFitPredict],setup,0.0,36.09
after,25,test_classifier_output[ShapeDTW-0-ClassifierFitPredictThreeClasses],sktime/classification/tests/test_all_classifiers.py::TestAllClassifiers::test_classifier_output[ShapeDTW-0-ClassifierFitPredictThreeClasses],setup,0.0,36.09
after,25,test_multioutput[ShapeDTW-0],sktime/classification/tests/test_all_classifiers.py::TestAllClassifiers::test_multioutput[ShapeDTW-0],setup,0.0,36.09
after,25,test_handles_single_class[ShapeDTW-0],sktime/classification/tests/test_all_classifiers.py::TestAllClassifiers::test_handles_single_class[ShapeDTW-0],setup,0.0,36.09
after,25,test_multioutput[ShapeDTW-1],sktime/classification/tests/test_all_classifiers.py::TestAllClassifiers::test_multioutput[ShapeDTW-1],setup,0.0,36.09
after,25,test_classifier_output[ShapeDTW-1-ClassifierFitPredictThreeClasses],sktime/classification/tests/test_all_classifiers.py::TestAllClassifiers::test_classifier_output[ShapeDTW-1-ClassifierFitPredictThreeClasses],setup,0.0,36.09
after,25,test_multivariate_input_exception[ShapeDTW-1],sktime/classification/tests/test_all_classifiers.py::TestAllClassifiers::test_multivariate_input_exception[ShapeDTW-1],setup,0.0,36.09
after,25,test_multivariate_input_exception[ShapeDTW-0],sktime/classification/tests/test_all_classifiers.py::TestAllClassifiers::test_multivariate_input_exception[ShapeDTW-0],setup,0.0,36.09
after,25,test_handles_single_class[ShapeDTW-1],sktime/classification/tests/test_all_classifiers.py::TestAllClassifiers::test_handles_single_class[ShapeDTW-1],setup,0.0,36.09
after,25,test_classifier_on_unit_test_data[ShapeDTW],sktime/classification/tests/test_all_classifiers.py::TestAllClassifiers::test_classifier_on_unit_test_data[ShapeDTW],setup,0.0,36.09
after,25,test_classifier_output[ShapeDTW-1-ClassifierFitPredict],sktime/classification/tests/test_all_classifiers.py::TestAllClassifiers::test_classifier_output[ShapeDTW-1-ClassifierFitPredict],teardown,0.0,36.09
after,25,test_classifier_output[ShapeDTW-0-ClassifierFitPredict],sktime/classification/tests/test_all_classifiers.py::TestAllClassifiers::test_classifier_output[ShapeDTW-0-ClassifierFitPredict],teardown,0.0,36.09
after,25,test_classifier_output[ShapeDTW-0-ClassifierFitPredictThreeClasses],sktime/classification/tests/test_all_classifiers.py::TestAllClassifiers::test_classifier_output[ShapeDTW-0-ClassifierFitPredictThreeClasses],teardown,0.0,36.09
after,25,test_classifier_output[ShapeDTW-1-ClassifierFitPredictThreeClasses],sktime/classification/tests/test_all_classifiers.py::TestAllClassifiers::test_classifier_output[ShapeDTW-1-ClassifierFitPredictThreeClasses],teardown,0.0,36.09
after,25,test_multioutput[ShapeDTW-1],sktime/classification/tests/test_all_classifiers.py::TestAllClassifiers::test_multioutput[ShapeDTW-1],teardown,0.0,36.09
after,25,test_classifier_on_unit_test_data[ShapeDTW],sktime/classification/tests/test_all_classifiers.py::TestAllClassifiers::test_classifier_on_unit_test_data[ShapeDTW],teardown,0.0,36.09
after,25,test_multioutput[ShapeDTW-0],sktime/classification/tests/test_all_classifiers.py::TestAllClassifiers::test_multioutput[ShapeDTW-0],teardown,0.0,36.09
after,25,test_classifier_on_basic_motions[ShapeDTW],sktime/classification/tests/test_all_classifiers.py::TestAllClassifiers::test_classifier_on_basic_motions[ShapeDTW],setup,0.0,36.09
after,25,test_handles_single_class[ShapeDTW-0],sktime/classification/tests/test_all_classifiers.py::TestAllClassifiers::test_handles_single_class[ShapeDTW-0],teardown,0.0,36.09
after,25,test_handles_single_class[ShapeDTW-1],sktime/classification/tests/test_all_classifiers.py::TestAllClassifiers::test_handles_single_class[ShapeDTW-1],teardown,0.0,36.09
after,25,test_multivariate_input_exception[ShapeDTW-0],sktime/classification/tests/test_all_classifiers.py::TestAllClassifiers::test_multivariate_input_exception[ShapeDTW-0],teardown,0.0,36.09
after,25,test_multivariate_input_exception[ShapeDTW-1],sktime/classification/tests/test_all_classifiers.py::TestAllClassifiers::test_multivariate_input_exception[ShapeDTW-1],teardown,0.0,36.09
after,25,test_classifier_on_basic_motions[ShapeDTW],sktime/classification/tests/test_all_classifiers.py::TestAllClassifiers::test_classifier_on_basic_motions[ShapeDTW],teardown,0.0,36.09
after,25,test_classifier_on_basic_motions[ShapeDTW],sktime/classification/tests/test_all_classifiers.py::TestAllClassifiers::test_classifier_on_basic_motions[ShapeDTW],call,0.0,36.09
after,26,test_multioutput[ShapeDTW-1],sktime/classification/tests/test_all_classifiers.py::TestAllClassifiers::test_multioutput[ShapeDTW-1],call,16.21,36.22
after,26,test_classifier_output[ShapeDTW-1-ClassifierFitPredictThreeClasses],sktime/classification/tests/test_all_classifiers.py::TestAllClassifiers::test_classifier_output[ShapeDTW-1-ClassifierFitPredictThreeClasses],call,7.74,36.22
after,26,test_classifier_output[ShapeDTW-1-ClassifierFitPredict],sktime/classification/tests/test_all_classifiers.py::TestAllClassifiers::test_classifier_output[ShapeDTW-1-ClassifierFitPredict],call,5.13,36.22
after,26,test_multioutput[ShapeDTW-0],sktime/classification/tests/test_all_classifiers.py::TestAllClassifiers::test_multioutput[ShapeDTW-0],call,0.76,36.22
after,26,test_classifier_output[ShapeDTW-0-ClassifierFitPredict],sktime/classification/tests/test_all_classifiers.py::TestAllClassifiers::test_classifier_output[ShapeDTW-0-ClassifierFitPredict],call,0.63,36.22
after,26,test_classifier_on_unit_test_data[ShapeDTW],sktime/classification/tests/test_all_classifiers.py::TestAllClassifiers::test_classifier_on_unit_test_data[ShapeDTW],call,0.46,36.22
after,26,test_classifier_output[ShapeDTW-0-ClassifierFitPredictThreeClasses],sktime/classification/tests/test_all_classifiers.py::TestAllClassifiers::test_classifier_output[ShapeDTW-0-ClassifierFitPredictThreeClasses],call,0.32,36.22
after,26,test_multivariate_input_exception[ShapeDTW-0],sktime/classification/tests/test_all_classifiers.py::TestAllClassifiers::test_multivariate_input_exception[ShapeDTW-0],call,0.01,36.22
after,26,test_multivariate_input_exception[ShapeDTW-1],sktime/classification/tests/test_all_classifiers.py::TestAllClassifiers::test_multivariate_input_exception[ShapeDTW-1],call,0.01,36.22
after,26,test_handles_single_class[ShapeDTW-0],sktime/classification/tests/test_all_classifiers.py::TestAllClassifiers::test_handles_single_class[ShapeDTW-0],call,0.0,36.22
after,26,test_handles_single_class[ShapeDTW-1],sktime/classification/tests/test_all_classifiers.py::TestAllClassifiers::test_handles_single_class[ShapeDTW-1],call,0.0,36.22
after,26,test_classifier_on_basic_motions[ShapeDTW],sktime/classification/tests/test_all_classifiers.py::TestAllClassifiers::test_classifier_on_basic_motions[ShapeDTW],setup,0.0,36.22
after,26,test_classifier_output[ShapeDTW-1-ClassifierFitPredictThreeClasses],sktime/classification/tests/test_all_classifiers.py::TestAllClassifiers::test_classifier_output[ShapeDTW-1-ClassifierFitPredictThreeClasses],setup,0.0,36.22
after,26,test_classifier_output[ShapeDTW-1-ClassifierFitPredict],sktime/classification/tests/test_all_classifiers.py::TestAllClassifiers::test_classifier_output[ShapeDTW-1-ClassifierFitPredict],setup,0.0,36.22
after,26,test_multioutput[ShapeDTW-1],sktime/classification/tests/test_all_classifiers.py::TestAllClassifiers::test_multioutput[ShapeDTW-1],setup,0.0,36.22
after,26,test_multivariate_input_exception[ShapeDTW-0],sktime/classification/tests/test_all_classifiers.py::TestAllClassifiers::test_multivariate_input_exception[ShapeDTW-0],setup,0.0,36.22
after,26,test_classifier_output[ShapeDTW-0-ClassifierFitPredict],sktime/classification/tests/test_all_classifiers.py::TestAllClassifiers::test_classifier_output[ShapeDTW-0-ClassifierFitPredict],setup,0.0,36.22
after,26,test_multioutput[ShapeDTW-0],sktime/classification/tests/test_all_classifiers.py::TestAllClassifiers::test_multioutput[ShapeDTW-0],setup,0.0,36.22
after,26,test_handles_single_class[ShapeDTW-0],sktime/classification/tests/test_all_classifiers.py::TestAllClassifiers::test_handles_single_class[ShapeDTW-0],setup,0.0,36.22
after,26,test_multivariate_input_exception[ShapeDTW-1],sktime/classification/tests/test_all_classifiers.py::TestAllClassifiers::test_multivariate_input_exception[ShapeDTW-1],setup,0.0,36.22
after,26,test_classifier_output[ShapeDTW-0-ClassifierFitPredictThreeClasses],sktime/classification/tests/test_all_classifiers.py::TestAllClassifiers::test_classifier_output[ShapeDTW-0-ClassifierFitPredictThreeClasses],setup,0.0,36.22
after,26,test_handles_single_class[ShapeDTW-1],sktime/classification/tests/test_all_classifiers.py::TestAllClassifiers::test_handles_single_class[ShapeDTW-1],setup,0.0,36.22
after,26,test_classifier_output[ShapeDTW-0-ClassifierFitPredict],sktime/classification/tests/test_all_classifiers.py::TestAllClassifiers::test_classifier_output[ShapeDTW-0-ClassifierFitPredict],teardown,0.0,36.22
after,26,test_classifier_on_unit_test_data[ShapeDTW],sktime/classification/tests/test_all_classifiers.py::TestAllClassifiers::test_classifier_on_unit_test_data[ShapeDTW],teardown,0.0,36.22
after,26,test_classifier_output[ShapeDTW-1-ClassifierFitPredict],sktime/classification/tests/test_all_classifiers.py::TestAllClassifiers::test_classifier_output[ShapeDTW-1-ClassifierFitPredict],teardown,0.0,36.22
after,26,test_multioutput[ShapeDTW-1],sktime/classification/tests/test_all_classifiers.py::TestAllClassifiers::test_multioutput[ShapeDTW-1],teardown,0.0,36.22
after,26,test_classifier_output[ShapeDTW-0-ClassifierFitPredictThreeClasses],sktime/classification/tests/test_all_classifiers.py::TestAllClassifiers::test_classifier_output[ShapeDTW-0-ClassifierFitPredictThreeClasses],teardown,0.0,36.22
after,26,test_multioutput[ShapeDTW-0],sktime/classification/tests/test_all_classifiers.py::TestAllClassifiers::test_multioutput[ShapeDTW-0],teardown,0.0,36.22
after,26,test_classifier_on_basic_motions[ShapeDTW],sktime/classification/tests/test_all_classifiers.py::TestAllClassifiers::test_classifier_on_basic_motions[ShapeDTW],call,0.0,36.22
after,26,test_classifier_output[ShapeDTW-1-ClassifierFitPredictThreeClasses],sktime/classification/tests/test_all_classifiers.py::TestAllClassifiers::test_classifier_output[ShapeDTW-1-ClassifierFitPredictThreeClasses],teardown,0.0,36.22
after,26,test_classifier_on_unit_test_data[ShapeDTW],sktime/classification/tests/test_all_classifiers.py::TestAllClassifiers::test_classifier_on_unit_test_data[ShapeDTW],setup,0.0,36.22
after,26,test_classifier_on_basic_motions[ShapeDTW],sktime/classification/tests/test_all_classifiers.py::TestAllClassifiers::test_classifier_on_basic_motions[ShapeDTW],teardown,0.0,36.22
after,26,test_multivariate_input_exception[ShapeDTW-0],sktime/classification/tests/test_all_classifiers.py::TestAllClassifiers::test_multivariate_input_exception[ShapeDTW-0],teardown,0.0,36.22
after,26,test_handles_single_class[ShapeDTW-0],sktime/classification/tests/test_all_classifiers.py::TestAllClassifiers::test_handles_single_class[ShapeDTW-0],teardown,0.0,36.22
after,26,test_multivariate_input_exception[ShapeDTW-1],sktime/classification/tests/test_all_classifiers.py::TestAllClassifiers::test_multivariate_input_exception[ShapeDTW-1],teardown,0.0,36.22
after,26,test_handles_single_class[ShapeDTW-1],sktime/classification/tests/test_all_classifiers.py::TestAllClassifiers::test_handles_single_class[ShapeDTW-1],teardown,0.0,36.22
after,27,test_multioutput[ShapeDTW-1],sktime/classification/tests/test_all_classifiers.py::TestAllClassifiers::test_multioutput[ShapeDTW-1],call,16.35,35.98
after,27,test_classifier_output[ShapeDTW-1-ClassifierFitPredictThreeClasses],sktime/classification/tests/test_all_classifiers.py::TestAllClassifiers::test_classifier_output[ShapeDTW-1-ClassifierFitPredictThreeClasses],call,7.38,35.98
after,27,test_classifier_output[ShapeDTW-1-ClassifierFitPredict],sktime/classification/tests/test_all_classifiers.py::TestAllClassifiers::test_classifier_output[ShapeDTW-1-ClassifierFitPredict],call,5.07,35.98
after,27,test_multioutput[ShapeDTW-0],sktime/classification/tests/test_all_classifiers.py::TestAllClassifiers::test_multioutput[ShapeDTW-0],call,0.97,35.98
after,27,test_classifier_output[ShapeDTW-0-ClassifierFitPredictThreeClasses],sktime/classification/tests/test_all_classifiers.py::TestAllClassifiers::test_classifier_output[ShapeDTW-0-ClassifierFitPredictThreeClasses],call,0.58,35.98
after,27,test_classifier_on_unit_test_data[ShapeDTW],sktime/classification/tests/test_all_classifiers.py::TestAllClassifiers::test_classifier_on_unit_test_data[ShapeDTW],call,0.45,35.98
after,27,test_classifier_output[ShapeDTW-0-ClassifierFitPredict],sktime/classification/tests/test_all_classifiers.py::TestAllClassifiers::test_classifier_output[ShapeDTW-0-ClassifierFitPredict],call,0.25,35.98
after,27,test_multivariate_input_exception[ShapeDTW-0],sktime/classification/tests/test_all_classifiers.py::TestAllClassifiers::test_multivariate_input_exception[ShapeDTW-0],call,0.01,35.98
after,27,test_multivariate_input_exception[ShapeDTW-1],sktime/classification/tests/test_all_classifiers.py::TestAllClassifiers::test_multivariate_input_exception[ShapeDTW-1],call,0.01,35.98
after,27,test_handles_single_class[ShapeDTW-0],sktime/classification/tests/test_all_classifiers.py::TestAllClassifiers::test_handles_single_class[ShapeDTW-0],call,0.0,35.98
after,27,test_handles_single_class[ShapeDTW-1],sktime/classification/tests/test_all_classifiers.py::TestAllClassifiers::test_handles_single_class[ShapeDTW-1],call,0.0,35.98
after,27,test_multivariate_input_exception[ShapeDTW-0],sktime/classification/tests/test_all_classifiers.py::TestAllClassifiers::test_multivariate_input_exception[ShapeDTW-0],setup,0.0,35.98
after,27,test_classifier_output[ShapeDTW-1-ClassifierFitPredictThreeClasses],sktime/classification/tests/test_all_classifiers.py::TestAllClassifiers::test_classifier_output[ShapeDTW-1-ClassifierFitPredictThreeClasses],setup,0.0,35.98
after,27,test_classifier_output[ShapeDTW-0-ClassifierFitPredictThreeClasses],sktime/classification/tests/test_all_classifiers.py::TestAllClassifiers::test_classifier_output[ShapeDTW-0-ClassifierFitPredictThreeClasses],setup,0.0,35.98
after,27,test_classifier_output[ShapeDTW-1-ClassifierFitPredict],sktime/classification/tests/test_all_classifiers.py::TestAllClassifiers::test_classifier_output[ShapeDTW-1-ClassifierFitPredict],setup,0.0,35.98
after,27,test_multivariate_input_exception[ShapeDTW-1],sktime/classification/tests/test_all_classifiers.py::TestAllClassifiers::test_multivariate_input_exception[ShapeDTW-1],setup,0.0,35.98
after,27,test_handles_single_class[ShapeDTW-0],sktime/classification/tests/test_all_classifiers.py::TestAllClassifiers::test_handles_single_class[ShapeDTW-0],setup,0.0,35.98
after,27,test_classifier_output[ShapeDTW-0-ClassifierFitPredict],sktime/classification/tests/test_all_classifiers.py::TestAllClassifiers::test_classifier_output[ShapeDTW-0-ClassifierFitPredict],setup,0.0,35.98
after,27,test_multioutput[ShapeDTW-1],sktime/classification/tests/test_all_classifiers.py::TestAllClassifiers::test_multioutput[ShapeDTW-1],setup,0.0,35.98
after,27,test_multioutput[ShapeDTW-0],sktime/classification/tests/test_all_classifiers.py::TestAllClassifiers::test_multioutput[ShapeDTW-0],setup,0.0,35.98
after,27,test_handles_single_class[ShapeDTW-1],sktime/classification/tests/test_all_classifiers.py::TestAllClassifiers::test_handles_single_class[ShapeDTW-1],setup,0.0,35.98
after,27,test_classifier_on_basic_motions[ShapeDTW],sktime/classification/tests/test_all_classifiers.py::TestAllClassifiers::test_classifier_on_basic_motions[ShapeDTW],setup,0.0,35.98
after,27,test_classifier_on_unit_test_data[ShapeDTW],sktime/classification/tests/test_all_classifiers.py::TestAllClassifiers::test_classifier_on_unit_test_data[ShapeDTW],setup,0.0,35.98
after,27,test_classifier_output[ShapeDTW-0-ClassifierFitPredictThreeClasses],sktime/classification/tests/test_all_classifiers.py::TestAllClassifiers::test_classifier_output[ShapeDTW-0-ClassifierFitPredictThreeClasses],teardown,0.0,35.98
after,27,test_classifier_output[ShapeDTW-1-ClassifierFitPredictThreeClasses],sktime/classification/tests/test_all_classifiers.py::TestAllClassifiers::test_classifier_output[ShapeDTW-1-ClassifierFitPredictThreeClasses],teardown,0.0,35.98
after,27,test_multioutput[ShapeDTW-1],sktime/classification/tests/test_all_classifiers.py::TestAllClassifiers::test_multioutput[ShapeDTW-1],teardown,0.0,35.98
after,27,test_classifier_output[ShapeDTW-0-ClassifierFitPredict],sktime/classification/tests/test_all_classifiers.py::TestAllClassifiers::test_classifier_output[ShapeDTW-0-ClassifierFitPredict],teardown,0.0,35.98
after,27,test_classifier_output[ShapeDTW-1-ClassifierFitPredict],sktime/classification/tests/test_all_classifiers.py::TestAllClassifiers::test_classifier_output[ShapeDTW-1-ClassifierFitPredict],teardown,0.0,35.98
after,27,test_multioutput[ShapeDTW-0],sktime/classification/tests/test_all_classifiers.py::TestAllClassifiers::test_multioutput[ShapeDTW-0],teardown,0.0,35.98
after,27,test_classifier_on_unit_test_data[ShapeDTW],sktime/classification/tests/test_all_classifiers.py::TestAllClassifiers::test_classifier_on_unit_test_data[ShapeDTW],teardown,0.0,35.98
after,27,test_multivariate_input_exception[ShapeDTW-0],sktime/classification/tests/test_all_classifiers.py::TestAllClassifiers::test_multivariate_input_exception[ShapeDTW-0],teardown,0.0,35.98
after,27,test_handles_single_class[ShapeDTW-1],sktime/classification/tests/test_all_classifiers.py::TestAllClassifiers::test_handles_single_class[ShapeDTW-1],teardown,0.0,35.98
after,27,test_multivariate_input_exception[ShapeDTW-1],sktime/classification/tests/test_all_classifiers.py::TestAllClassifiers::test_multivariate_input_exception[ShapeDTW-1],teardown,0.0,35.98
after,27,test_classifier_on_basic_motions[ShapeDTW],sktime/classification/tests/test_all_classifiers.py::TestAllClassifiers::test_classifier_on_basic_motions[ShapeDTW],call,0.0,35.98
after,27,test_classifier_on_basic_motions[ShapeDTW],sktime/classification/tests/test_all_classifiers.py::TestAllClassifiers::test_classifier_on_basic_motions[ShapeDTW],teardown,0.0,35.98
after,27,test_handles_single_class[ShapeDTW-0],sktime/classification/tests/test_all_classifiers.py::TestAllClassifiers::test_handles_single_class[ShapeDTW-0],teardown,0.0,35.98
after,28,test_multioutput[ShapeDTW-1],sktime/classification/tests/test_all_classifiers.py::TestAllClassifiers::test_multioutput[ShapeDTW-1],call,16.14,36.24
after,28,test_classifier_output[ShapeDTW-1-ClassifierFitPredictThreeClasses],sktime/classification/tests/test_all_classifiers.py::TestAllClassifiers::test_classifier_output[ShapeDTW-1-ClassifierFitPredictThreeClasses],call,7.43,36.24
after,28,test_classifier_output[ShapeDTW-1-ClassifierFitPredict],sktime/classification/tests/test_all_classifiers.py::TestAllClassifiers::test_classifier_output[ShapeDTW-1-ClassifierFitPredict],call,5.35,36.24
after,28,test_multioutput[ShapeDTW-0],sktime/classification/tests/test_all_classifiers.py::TestAllClassifiers::test_multioutput[ShapeDTW-0],call,0.97,36.24
after,28,test_classifier_on_unit_test_data[ShapeDTW],sktime/classification/tests/test_all_classifiers.py::TestAllClassifiers::test_classifier_on_unit_test_data[ShapeDTW],call,0.83,36.24
after,28,test_classifier_output[ShapeDTW-0-ClassifierFitPredictThreeClasses],sktime/classification/tests/test_all_classifiers.py::TestAllClassifiers::test_classifier_output[ShapeDTW-0-ClassifierFitPredictThreeClasses],call,0.32,36.24
after,28,test_classifier_output[ShapeDTW-0-ClassifierFitPredict],sktime/classification/tests/test_all_classifiers.py::TestAllClassifiers::test_classifier_output[ShapeDTW-0-ClassifierFitPredict],call,0.25,36.24
after,28,test_multivariate_input_exception[ShapeDTW-1],sktime/classification/tests/test_all_classifiers.py::TestAllClassifiers::test_multivariate_input_exception[ShapeDTW-1],call,0.01,36.24
after,28,test_multivariate_input_exception[ShapeDTW-0],sktime/classification/tests/test_all_classifiers.py::TestAllClassifiers::test_multivariate_input_exception[ShapeDTW-0],call,0.01,36.24
after,28,test_handles_single_class[ShapeDTW-0],sktime/classification/tests/test_all_classifiers.py::TestAllClassifiers::test_handles_single_class[ShapeDTW-0],call,0.0,36.24
after,28,test_handles_single_class[ShapeDTW-1],sktime/classification/tests/test_all_classifiers.py::TestAllClassifiers::test_handles_single_class[ShapeDTW-1],call,0.0,36.24
after,28,test_classifier_on_unit_test_data[ShapeDTW],sktime/classification/tests/test_all_classifiers.py::TestAllClassifiers::test_classifier_on_unit_test_data[ShapeDTW],setup,0.0,36.24
after,28,test_classifier_output[ShapeDTW-1-ClassifierFitPredictThreeClasses],sktime/classification/tests/test_all_classifiers.py::TestAllClassifiers::test_classifier_output[ShapeDTW-1-ClassifierFitPredictThreeClasses],setup,0.0,36.24
after,28,test_classifier_output[ShapeDTW-0-ClassifierFitPredictThreeClasses],sktime/classification/tests/test_all_classifiers.py::TestAllClassifiers::test_classifier_output[ShapeDTW-0-ClassifierFitPredictThreeClasses],setup,0.0,36.24
after,28,test_handles_single_class[ShapeDTW-1],sktime/classification/tests/test_all_classifiers.py::TestAllClassifiers::test_handles_single_class[ShapeDTW-1],setup,0.0,36.24
after,28,test_handles_single_class[ShapeDTW-0],sktime/classification/tests/test_all_classifiers.py::TestAllClassifiers::test_handles_single_class[ShapeDTW-0],setup,0.0,36.24
after,28,test_classifier_output[ShapeDTW-1-ClassifierFitPredict],sktime/classification/tests/test_all_classifiers.py::TestAllClassifiers::test_classifier_output[ShapeDTW-1-ClassifierFitPredict],setup,0.0,36.24
after,28,test_multioutput[ShapeDTW-1],sktime/classification/tests/test_all_classifiers.py::TestAllClassifiers::test_multioutput[ShapeDTW-1],setup,0.0,36.24
after,28,test_classifier_output[ShapeDTW-0-ClassifierFitPredict],sktime/classification/tests/test_all_classifiers.py::TestAllClassifiers::test_classifier_output[ShapeDTW-0-ClassifierFitPredict],setup,0.0,36.24
after,28,test_multivariate_input_exception[ShapeDTW-0],sktime/classification/tests/test_all_classifiers.py::TestAllClassifiers::test_multivariate_input_exception[ShapeDTW-0],setup,0.0,36.24
after,28,test_multioutput[ShapeDTW-0],sktime/classification/tests/test_all_classifiers.py::TestAllClassifiers::test_multioutput[ShapeDTW-0],setup,0.0,36.24
after,28,test_multivariate_input_exception[ShapeDTW-1],sktime/classification/tests/test_all_classifiers.py::TestAllClassifiers::test_multivariate_input_exception[ShapeDTW-1],setup,0.0,36.24
after,28,test_classifier_on_basic_motions[ShapeDTW],sktime/classification/tests/test_all_classifiers.py::TestAllClassifiers::test_classifier_on_basic_motions[ShapeDTW],setup,0.0,36.24
after,28,test_multioutput[ShapeDTW-0],sktime/classification/tests/test_all_classifiers.py::TestAllClassifiers::test_multioutput[ShapeDTW-0],teardown,0.0,36.24
after,28,test_classifier_on_unit_test_data[ShapeDTW],sktime/classification/tests/test_all_classifiers.py::TestAllClassifiers::test_classifier_on_unit_test_data[ShapeDTW],teardown,0.0,36.24
after,28,test_classifier_output[ShapeDTW-0-ClassifierFitPredictThreeClasses],sktime/classification/tests/test_all_classifiers.py::TestAllClassifiers::test_classifier_output[ShapeDTW-0-ClassifierFitPredictThreeClasses],teardown,0.0,36.24
after,28,test_classifier_output[ShapeDTW-0-ClassifierFitPredict],sktime/classification/tests/test_all_classifiers.py::TestAllClassifiers::test_classifier_output[ShapeDTW-0-ClassifierFitPredict],teardown,0.0,36.24
after,28,test_classifier_output[ShapeDTW-1-ClassifierFitPredict],sktime/classification/tests/test_all_classifiers.py::TestAllClassifiers::test_classifier_output[ShapeDTW-1-ClassifierFitPredict],teardown,0.0,36.24
after,28,test_multioutput[ShapeDTW-1],sktime/classification/tests/test_all_classifiers.py::TestAllClassifiers::test_multioutput[ShapeDTW-1],teardown,0.0,36.24
after,28,test_classifier_output[ShapeDTW-1-ClassifierFitPredictThreeClasses],sktime/classification/tests/test_all_classifiers.py::TestAllClassifiers::test_classifier_output[ShapeDTW-1-ClassifierFitPredictThreeClasses],teardown,0.0,36.24
after,28,test_handles_single_class[ShapeDTW-1],sktime/classification/tests/test_all_classifiers.py::TestAllClassifiers::test_handles_single_class[ShapeDTW-1],teardown,0.0,36.24
after,28,test_handles_single_class[ShapeDTW-0],sktime/classification/tests/test_all_classifiers.py::TestAllClassifiers::test_handles_single_class[ShapeDTW-0],teardown,0.0,36.24
after,28,test_classifier_on_basic_motions[ShapeDTW],sktime/classification/tests/test_all_classifiers.py::TestAllClassifiers::test_classifier_on_basic_motions[ShapeDTW],call,0.0,36.24
after,28,test_multivariate_input_exception[ShapeDTW-0],sktime/classification/tests/test_all_classifiers.py::TestAllClassifiers::test_multivariate_input_exception[ShapeDTW-0],teardown,0.0,36.24
after,28,test_multivariate_input_exception[ShapeDTW-1],sktime/classification/tests/test_all_classifiers.py::TestAllClassifiers::test_multivariate_input_exception[ShapeDTW-1],teardown,0.0,36.24
after,28,test_classifier_on_basic_motions[ShapeDTW],sktime/classification/tests/test_all_classifiers.py::TestAllClassifiers::test_classifier_on_basic_motions[ShapeDTW],teardown,0.0,36.24
after,29,test_multioutput[ShapeDTW-1],sktime/classification/tests/test_all_classifiers.py::TestAllClassifiers::test_multioutput[ShapeDTW-1],call,16.59,36.75
after,29,test_classifier_output[ShapeDTW-1-ClassifierFitPredictThreeClasses],sktime/classification/tests/test_all_classifiers.py::TestAllClassifiers::test_classifier_output[ShapeDTW-1-ClassifierFitPredictThreeClasses],call,7.79,36.75
after,29,test_classifier_output[ShapeDTW-1-ClassifierFitPredict],sktime/classification/tests/test_all_classifiers.py::TestAllClassifiers::test_classifier_output[ShapeDTW-1-ClassifierFitPredict],call,5.2,36.75
after,29,test_multioutput[ShapeDTW-0],sktime/classification/tests/test_all_classifiers.py::TestAllClassifiers::test_multioutput[ShapeDTW-0],call,0.77,36.75
after,29,test_classifier_output[ShapeDTW-0-ClassifierFitPredict],sktime/classification/tests/test_all_classifiers.py::TestAllClassifiers::test_classifier_output[ShapeDTW-0-ClassifierFitPredict],call,0.62,36.75
after,29,test_classifier_on_unit_test_data[ShapeDTW],sktime/classification/tests/test_all_classifiers.py::TestAllClassifiers::test_classifier_on_unit_test_data[ShapeDTW],call,0.46,36.75
after,29,test_classifier_output[ShapeDTW-0-ClassifierFitPredictThreeClasses],sktime/classification/tests/test_all_classifiers.py::TestAllClassifiers::test_classifier_output[ShapeDTW-0-ClassifierFitPredictThreeClasses],call,0.32,36.75
after,29,test_multivariate_input_exception[ShapeDTW-1],sktime/classification/tests/test_all_classifiers.py::TestAllClassifiers::test_multivariate_input_exception[ShapeDTW-1],call,0.01,36.75
after,29,test_multivariate_input_exception[ShapeDTW-0],sktime/classification/tests/test_all_classifiers.py::TestAllClassifiers::test_multivariate_input_exception[ShapeDTW-0],call,0.01,36.75
after,29,test_handles_single_class[ShapeDTW-1],sktime/classification/tests/test_all_classifiers.py::TestAllClassifiers::test_handles_single_class[ShapeDTW-1],call,0.0,36.75
after,29,test_handles_single_class[ShapeDTW-0],sktime/classification/tests/test_all_classifiers.py::TestAllClassifiers::test_handles_single_class[ShapeDTW-0],call,0.0,36.75
after,29,test_classifier_output[ShapeDTW-0-ClassifierFitPredict],sktime/classification/tests/test_all_classifiers.py::TestAllClassifiers::test_classifier_output[ShapeDTW-0-ClassifierFitPredict],setup,0.0,36.75
after,29,test_classifier_output[ShapeDTW-1-ClassifierFitPredict],sktime/classification/tests/test_all_classifiers.py::TestAllClassifiers::test_classifier_output[ShapeDTW-1-ClassifierFitPredict],setup,0.0,36.75
after,29,test_multioutput[ShapeDTW-0],sktime/classification/tests/test_all_classifiers.py::TestAllClassifiers::test_multioutput[ShapeDTW-0],setup,0.0,36.75
after,29,test_multivariate_input_exception[ShapeDTW-1],sktime/classification/tests/test_all_classifiers.py::TestAllClassifiers::test_multivariate_input_exception[ShapeDTW-1],setup,0.0,36.75
after,29,test_multivariate_input_exception[ShapeDTW-0],sktime/classification/tests/test_all_classifiers.py::TestAllClassifiers::test_multivariate_input_exception[ShapeDTW-0],setup,0.0,36.75
after,29,test_handles_single_class[ShapeDTW-1],sktime/classification/tests/test_all_classifiers.py::TestAllClassifiers::test_handles_single_class[ShapeDTW-1],setup,0.0,36.75
after,29,test_classifier_output[ShapeDTW-1-ClassifierFitPredictThreeClasses],sktime/classification/tests/test_all_classifiers.py::TestAllClassifiers::test_classifier_output[ShapeDTW-1-ClassifierFitPredictThreeClasses],setup,0.0,36.75
after,29,test_multioutput[ShapeDTW-1],sktime/classification/tests/test_all_classifiers.py::TestAllClassifiers::test_multioutput[ShapeDTW-1],setup,0.0,36.75
after,29,test_classifier_output[ShapeDTW-0-ClassifierFitPredictThreeClasses],sktime/classification/tests/test_all_classifiers.py::TestAllClassifiers::test_classifier_output[ShapeDTW-0-ClassifierFitPredictThreeClasses],setup,0.0,36.75
after,29,test_handles_single_class[ShapeDTW-0],sktime/classification/tests/test_all_classifiers.py::TestAllClassifiers::test_handles_single_class[ShapeDTW-0],setup,0.0,36.75
after,29,test_classifier_on_unit_test_data[ShapeDTW],sktime/classification/tests/test_all_classifiers.py::TestAllClassifiers::test_classifier_on_unit_test_data[ShapeDTW],setup,0.0,36.75
after,29,test_classifier_output[ShapeDTW-1-ClassifierFitPredictThreeClasses],sktime/classification/tests/test_all_classifiers.py::TestAllClassifiers::test_classifier_output[ShapeDTW-1-ClassifierFitPredictThreeClasses],teardown,0.0,36.75
after,29,test_classifier_output[ShapeDTW-0-ClassifierFitPredict],sktime/classification/tests/test_all_classifiers.py::TestAllClassifiers::test_classifier_output[ShapeDTW-0-ClassifierFitPredict],teardown,0.0,36.75
after,29,test_classifier_output[ShapeDTW-0-ClassifierFitPredictThreeClasses],sktime/classification/tests/test_all_classifiers.py::TestAllClassifiers::test_classifier_output[ShapeDTW-0-ClassifierFitPredictThreeClasses],teardown,0.0,36.75
after,29,test_multioutput[ShapeDTW-1],sktime/classification/tests/test_all_classifiers.py::TestAllClassifiers::test_multioutput[ShapeDTW-1],teardown,0.0,36.75
after,29,test_classifier_output[ShapeDTW-1-ClassifierFitPredict],sktime/classification/tests/test_all_classifiers.py::TestAllClassifiers::test_classifier_output[ShapeDTW-1-ClassifierFitPredict],teardown,0.0,36.75
after,29,test_classifier_on_unit_test_data[ShapeDTW],sktime/classification/tests/test_all_classifiers.py::TestAllClassifiers::test_classifier_on_unit_test_data[ShapeDTW],teardown,0.0,36.75
after,29,test_multioutput[ShapeDTW-0],sktime/classification/tests/test_all_classifiers.py::TestAllClassifiers::test_multioutput[ShapeDTW-0],teardown,0.0,36.75
after,29,test_classifier_on_basic_motions[ShapeDTW],sktime/classification/tests/test_all_classifiers.py::TestAllClassifiers::test_classifier_on_basic_motions[ShapeDTW],setup,0.0,36.75
after,29,test_classifier_on_basic_motions[ShapeDTW],sktime/classification/tests/test_all_classifiers.py::TestAllClassifiers::test_classifier_on_basic_motions[ShapeDTW],call,0.0,36.75
after,29,test_classifier_on_basic_motions[ShapeDTW],sktime/classification/tests/test_all_classifiers.py::TestAllClassifiers::test_classifier_on_basic_motions[ShapeDTW],teardown,0.0,36.75
after,29,test_handles_single_class[ShapeDTW-0],sktime/classification/tests/test_all_classifiers.py::TestAllClassifiers::test_handles_single_class[ShapeDTW-0],teardown,0.0,36.75
after,29,test_multivariate_input_exception[ShapeDTW-0],sktime/classification/tests/test_all_classifiers.py::TestAllClassifiers::test_multivariate_input_exception[ShapeDTW-0],teardown,0.0,36.75
after,29,test_multivariate_input_exception[ShapeDTW-1],sktime/classification/tests/test_all_classifiers.py::TestAllClassifiers::test_multivariate_input_exception[ShapeDTW-1],teardown,0.0,36.75
after,29,test_handles_single_class[ShapeDTW-1],sktime/classification/tests/test_all_classifiers.py::TestAllClassifiers::test_handles_single_class[ShapeDTW-1],teardown,0.0,36.75
after,30,test_multioutput[ShapeDTW-1],sktime/classification/tests/test_all_classifiers.py::TestAllClassifiers::test_multioutput[ShapeDTW-1],call,16.18,36.36
after,30,test_classifier_output[ShapeDTW-1-ClassifierFitPredictThreeClasses],sktime/classification/tests/test_all_classifiers.py::TestAllClassifiers::test_classifier_output[ShapeDTW-1-ClassifierFitPredictThreeClasses],call,7.71,36.36
after,30,test_classifier_output[ShapeDTW-1-ClassifierFitPredict],sktime/classification/tests/test_all_classifiers.py::TestAllClassifiers::test_classifier_output[ShapeDTW-1-ClassifierFitPredict],call,5.13,36.36
after,30,test_multioutput[ShapeDTW-0],sktime/classification/tests/test_all_classifiers.py::TestAllClassifiers::test_multioutput[ShapeDTW-0],call,0.98,36.36
after,30,test_classifier_output[ShapeDTW-0-ClassifierFitPredict],sktime/classification/tests/test_all_classifiers.py::TestAllClassifiers::test_classifier_output[ShapeDTW-0-ClassifierFitPredict],call,0.62,36.36
after,30,test_classifier_on_unit_test_data[ShapeDTW],sktime/classification/tests/test_all_classifiers.py::TestAllClassifiers::test_classifier_on_unit_test_data[ShapeDTW],call,0.46,36.36
after,30,test_classifier_output[ShapeDTW-0-ClassifierFitPredictThreeClasses],sktime/classification/tests/test_all_classifiers.py::TestAllClassifiers::test_classifier_output[ShapeDTW-0-ClassifierFitPredictThreeClasses],call,0.32,36.36
after,30,test_multivariate_input_exception[ShapeDTW-1],sktime/classification/tests/test_all_classifiers.py::TestAllClassifiers::test_multivariate_input_exception[ShapeDTW-1],call,0.01,36.36
after,30,test_multivariate_input_exception[ShapeDTW-0],sktime/classification/tests/test_all_classifiers.py::TestAllClassifiers::test_multivariate_input_exception[ShapeDTW-0],call,0.01,36.36
after,30,test_handles_single_class[ShapeDTW-1],sktime/classification/tests/test_all_classifiers.py::TestAllClassifiers::test_handles_single_class[ShapeDTW-1],call,0.01,36.36
after,30,test_handles_single_class[ShapeDTW-0],sktime/classification/tests/test_all_classifiers.py::TestAllClassifiers::test_handles_single_class[ShapeDTW-0],call,0.0,36.36
after,30,test_handles_single_class[ShapeDTW-1],sktime/classification/tests/test_all_classifiers.py::TestAllClassifiers::test_handles_single_class[ShapeDTW-1],setup,0.0,36.36
after,30,test_classifier_output[ShapeDTW-0-ClassifierFitPredictThreeClasses],sktime/classification/tests/test_all_classifiers.py::TestAllClassifiers::test_classifier_output[ShapeDTW-0-ClassifierFitPredictThreeClasses],setup,0.0,36.36
after,30,test_multivariate_input_exception[ShapeDTW-1],sktime/classification/tests/test_all_classifiers.py::TestAllClassifiers::test_multivariate_input_exception[ShapeDTW-1],setup,0.0,36.36
after,30,test_multioutput[ShapeDTW-1],sktime/classification/tests/test_all_classifiers.py::TestAllClassifiers::test_multioutput[ShapeDTW-1],setup,0.0,36.36
after,30,test_multioutput[ShapeDTW-0],sktime/classification/tests/test_all_classifiers.py::TestAllClassifiers::test_multioutput[ShapeDTW-0],setup,0.0,36.36
after,30,test_handles_single_class[ShapeDTW-0],sktime/classification/tests/test_all_classifiers.py::TestAllClassifiers::test_handles_single_class[ShapeDTW-0],setup,0.0,36.36
after,30,test_classifier_output[ShapeDTW-0-ClassifierFitPredict],sktime/classification/tests/test_all_classifiers.py::TestAllClassifiers::test_classifier_output[ShapeDTW-0-ClassifierFitPredict],setup,0.0,36.36
after,30,test_classifier_output[ShapeDTW-1-ClassifierFitPredictThreeClasses],sktime/classification/tests/test_all_classifiers.py::TestAllClassifiers::test_classifier_output[ShapeDTW-1-ClassifierFitPredictThreeClasses],setup,0.0,36.36
after,30,test_classifier_output[ShapeDTW-1-ClassifierFitPredict],sktime/classification/tests/test_all_classifiers.py::TestAllClassifiers::test_classifier_output[ShapeDTW-1-ClassifierFitPredict],setup,0.0,36.36
after,30,test_multivariate_input_exception[ShapeDTW-0],sktime/classification/tests/test_all_classifiers.py::TestAllClassifiers::test_multivariate_input_exception[ShapeDTW-0],setup,0.0,36.36
after,30,test_classifier_on_unit_test_data[ShapeDTW],sktime/classification/tests/test_all_classifiers.py::TestAllClassifiers::test_classifier_on_unit_test_data[ShapeDTW],setup,0.0,36.36
after,30,test_multioutput[ShapeDTW-1],sktime/classification/tests/test_all_classifiers.py::TestAllClassifiers::test_multioutput[ShapeDTW-1],teardown,0.0,36.36
after,30,test_classifier_output[ShapeDTW-1-ClassifierFitPredict],sktime/classification/tests/test_all_classifiers.py::TestAllClassifiers::test_classifier_output[ShapeDTW-1-ClassifierFitPredict],teardown,0.0,36.36
after,30,test_classifier_output[ShapeDTW-0-ClassifierFitPredict],sktime/classification/tests/test_all_classifiers.py::TestAllClassifiers::test_classifier_output[ShapeDTW-0-ClassifierFitPredict],teardown,0.0,36.36
after,30,test_classifier_output[ShapeDTW-1-ClassifierFitPredictThreeClasses],sktime/classification/tests/test_all_classifiers.py::TestAllClassifiers::test_classifier_output[ShapeDTW-1-ClassifierFitPredictThreeClasses],teardown,0.0,36.36
after,30,test_classifier_output[ShapeDTW-0-ClassifierFitPredictThreeClasses],sktime/classification/tests/test_all_classifiers.py::TestAllClassifiers::test_classifier_output[ShapeDTW-0-ClassifierFitPredictThreeClasses],teardown,0.0,36.36
after,30,test_multioutput[ShapeDTW-0],sktime/classification/tests/test_all_classifiers.py::TestAllClassifiers::test_multioutput[ShapeDTW-0],teardown,0.0,36.36
after,30,test_classifier_on_unit_test_data[ShapeDTW],sktime/classification/tests/test_all_classifiers.py::TestAllClassifiers::test_classifier_on_unit_test_data[ShapeDTW],teardown,0.0,36.36
after,30,test_classifier_on_basic_motions[ShapeDTW],sktime/classification/tests/test_all_classifiers.py::TestAllClassifiers::test_classifier_on_basic_motions[ShapeDTW],setup,0.0,36.36
after,30,test_handles_single_class[ShapeDTW-1],sktime/classification/tests/test_all_classifiers.py::TestAllClassifiers::test_handles_single_class[ShapeDTW-1],teardown,0.0,36.36
after,30,test_multivariate_input_exception[ShapeDTW-1],sktime/classification/tests/test_all_classifiers.py::TestAllClassifiers::test_multivariate_input_exception[ShapeDTW-1],teardown,0.0,36.36
after,30,test_multivariate_input_exception[ShapeDTW-0],sktime/classification/tests/test_all_classifiers.py::TestAllClassifiers::test_multivariate_input_exception[ShapeDTW-0],teardown,0.0,36.36
after,30,test_handles_single_class[ShapeDTW-0],sktime/classification/tests/test_all_classifiers.py::TestAllClassifiers::test_handles_single_class[ShapeDTW-0],teardown,0.0,36.36
after,30,test_classifier_on_basic_motions[ShapeDTW],sktime/classification/tests/test_all_classifiers.py::TestAllClassifiers::test_classifier_on_basic_motions[ShapeDTW],teardown,0.0,36.36
after,30,test_classifier_on_basic_motions[ShapeDTW],sktime/classification/tests/test_all_classifiers.py::TestAllClassifiers::test_classifier_on_basic_motions[ShapeDTW],call,0.0,36.36
after,31,test_multioutput[ShapeDTW-1],sktime/classification/tests/test_all_classifiers.py::TestAllClassifiers::test_multioutput[ShapeDTW-1],call,16.07,35.96
after,31,test_classifier_output[ShapeDTW-1-ClassifierFitPredictThreeClasses],sktime/classification/tests/test_all_classifiers.py::TestAllClassifiers::test_classifier_output[ShapeDTW-1-ClassifierFitPredictThreeClasses],call,7.69,35.96
after,31,test_classifier_output[ShapeDTW-1-ClassifierFitPredict],sktime/classification/tests/test_all_classifiers.py::TestAllClassifiers::test_classifier_output[ShapeDTW-1-ClassifierFitPredict],call,5.12,35.96
after,31,test_multioutput[ShapeDTW-0],sktime/classification/tests/test_all_classifiers.py::TestAllClassifiers::test_multioutput[ShapeDTW-0],call,0.76,35.96
after,31,test_classifier_output[ShapeDTW-0-ClassifierFitPredict],sktime/classification/tests/test_all_classifiers.py::TestAllClassifiers::test_classifier_output[ShapeDTW-0-ClassifierFitPredict],call,0.62,35.96
after,31,test_classifier_on_unit_test_data[ShapeDTW],sktime/classification/tests/test_all_classifiers.py::TestAllClassifiers::test_classifier_on_unit_test_data[ShapeDTW],call,0.45,35.96
after,31,test_classifier_output[ShapeDTW-0-ClassifierFitPredictThreeClasses],sktime/classification/tests/test_all_classifiers.py::TestAllClassifiers::test_classifier_output[ShapeDTW-0-ClassifierFitPredictThreeClasses],call,0.31,35.96
after,31,test_multivariate_input_exception[ShapeDTW-0],sktime/classification/tests/test_all_classifiers.py::TestAllClassifiers::test_multivariate_input_exception[ShapeDTW-0],call,0.02,35.96
after,31,test_multivariate_input_exception[ShapeDTW-1],sktime/classification/tests/test_all_classifiers.py::TestAllClassifiers::test_multivariate_input_exception[ShapeDTW-1],call,0.01,35.96
after,31,test_handles_single_class[ShapeDTW-1],sktime/classification/tests/test_all_classifiers.py::TestAllClassifiers::test_handles_single_class[ShapeDTW-1],call,0.0,35.96
after,31,test_handles_single_class[ShapeDTW-0],sktime/classification/tests/test_all_classifiers.py::TestAllClassifiers::test_handles_single_class[ShapeDTW-0],call,0.0,35.96
after,31,test_multivariate_input_exception[ShapeDTW-0],sktime/classification/tests/test_all_classifiers.py::TestAllClassifiers::test_multivariate_input_exception[ShapeDTW-0],setup,0.0,35.96
after,31,test_classifier_output[ShapeDTW-0-ClassifierFitPredictThreeClasses],sktime/classification/tests/test_all_classifiers.py::TestAllClassifiers::test_classifier_output[ShapeDTW-0-ClassifierFitPredictThreeClasses],setup,0.0,35.96
after,31,test_multioutput[ShapeDTW-0],sktime/classification/tests/test_all_classifiers.py::TestAllClassifiers::test_multioutput[ShapeDTW-0],setup,0.0,35.96
after,31,test_multioutput[ShapeDTW-1],sktime/classification/tests/test_all_classifiers.py::TestAllClassifiers::test_multioutput[ShapeDTW-1],setup,0.0,35.96
after,31,test_handles_single_class[ShapeDTW-1],sktime/classification/tests/test_all_classifiers.py::TestAllClassifiers::test_handles_single_class[ShapeDTW-1],setup,0.0,35.96
after,31,test_classifier_output[ShapeDTW-1-ClassifierFitPredict],sktime/classification/tests/test_all_classifiers.py::TestAllClassifiers::test_classifier_output[ShapeDTW-1-ClassifierFitPredict],setup,0.0,35.96
after,31,test_multivariate_input_exception[ShapeDTW-1],sktime/classification/tests/test_all_classifiers.py::TestAllClassifiers::test_multivariate_input_exception[ShapeDTW-1],setup,0.0,35.96
after,31,test_classifier_output[ShapeDTW-0-ClassifierFitPredict],sktime/classification/tests/test_all_classifiers.py::TestAllClassifiers::test_classifier_output[ShapeDTW-0-ClassifierFitPredict],setup,0.0,35.96
after,31,test_classifier_output[ShapeDTW-1-ClassifierFitPredictThreeClasses],sktime/classification/tests/test_all_classifiers.py::TestAllClassifiers::test_classifier_output[ShapeDTW-1-ClassifierFitPredictThreeClasses],setup,0.0,35.96
after,31,test_handles_single_class[ShapeDTW-0],sktime/classification/tests/test_all_classifiers.py::TestAllClassifiers::test_handles_single_class[ShapeDTW-0],setup,0.0,35.96
after,31,test_classifier_on_unit_test_data[ShapeDTW],sktime/classification/tests/test_all_classifiers.py::TestAllClassifiers::test_classifier_on_unit_test_data[ShapeDTW],setup,0.0,35.96
after,31,test_classifier_on_basic_motions[ShapeDTW],sktime/classification/tests/test_all_classifiers.py::TestAllClassifiers::test_classifier_on_basic_motions[ShapeDTW],setup,0.0,35.96
after,31,test_classifier_output[ShapeDTW-0-ClassifierFitPredict],sktime/classification/tests/test_all_classifiers.py::TestAllClassifiers::test_classifier_output[ShapeDTW-0-ClassifierFitPredict],teardown,0.0,35.96
after,31,test_classifier_output[ShapeDTW-1-ClassifierFitPredictThreeClasses],sktime/classification/tests/test_all_classifiers.py::TestAllClassifiers::test_classifier_output[ShapeDTW-1-ClassifierFitPredictThreeClasses],teardown,0.0,35.96
after,31,test_multioutput[ShapeDTW-1],sktime/classification/tests/test_all_classifiers.py::TestAllClassifiers::test_multioutput[ShapeDTW-1],teardown,0.0,35.96
after,31,test_classifier_output[ShapeDTW-1-ClassifierFitPredict],sktime/classification/tests/test_all_classifiers.py::TestAllClassifiers::test_classifier_output[ShapeDTW-1-ClassifierFitPredict],teardown,0.0,35.96
after,31,test_classifier_output[ShapeDTW-0-ClassifierFitPredictThreeClasses],sktime/classification/tests/test_all_classifiers.py::TestAllClassifiers::test_classifier_output[ShapeDTW-0-ClassifierFitPredictThreeClasses],teardown,0.0,35.96
after,31,test_classifier_on_unit_test_data[ShapeDTW],sktime/classification/tests/test_all_classifiers.py::TestAllClassifiers::test_classifier_on_unit_test_data[ShapeDTW],teardown,0.0,35.96
after,31,test_multioutput[ShapeDTW-0],sktime/classification/tests/test_all_classifiers.py::TestAllClassifiers::test_multioutput[ShapeDTW-0],teardown,0.0,35.96
after,31,test_multivariate_input_exception[ShapeDTW-0],sktime/classification/tests/test_all_classifiers.py::TestAllClassifiers::test_multivariate_input_exception[ShapeDTW-0],teardown,0.0,35.96
after,31,test_handles_single_class[ShapeDTW-1],sktime/classification/tests/test_all_classifiers.py::TestAllClassifiers::test_handles_single_class[ShapeDTW-1],teardown,0.0,35.96
after,31,test_multivariate_input_exception[ShapeDTW-1],sktime/classification/tests/test_all_classifiers.py::TestAllClassifiers::test_multivariate_input_exception[ShapeDTW-1],teardown,0.0,35.96
after,31,test_classifier_on_basic_motions[ShapeDTW],sktime/classification/tests/test_all_classifiers.py::TestAllClassifiers::test_classifier_on_basic_motions[ShapeDTW],call,0.0,35.96
after,31,test_classifier_on_basic_motions[ShapeDTW],sktime/classification/tests/test_all_classifiers.py::TestAllClassifiers::test_classifier_on_basic_motions[ShapeDTW],teardown,0.0,35.96
after,31,test_handles_single_class[ShapeDTW-0],sktime/classification/tests/test_all_classifiers.py::TestAllClassifiers::test_handles_single_class[ShapeDTW-0],teardown,0.0,35.96
after,32,test_multioutput[ShapeDTW-1],sktime/classification/tests/test_all_classifiers.py::TestAllClassifiers::test_multioutput[ShapeDTW-1],call,16.49,36.6
after,32,test_classifier_output[ShapeDTW-1-ClassifierFitPredictThreeClasses],sktime/classification/tests/test_all_classifiers.py::TestAllClassifiers::test_classifier_output[ShapeDTW-1-ClassifierFitPredictThreeClasses],call,7.51,36.6
after,32,test_classifier_output[ShapeDTW-1-ClassifierFitPredict],sktime/classification/tests/test_all_classifiers.py::TestAllClassifiers::test_classifier_output[ShapeDTW-1-ClassifierFitPredict],call,5.43,36.6
after,32,test_multioutput[ShapeDTW-0],sktime/classification/tests/test_all_classifiers.py::TestAllClassifiers::test_multioutput[ShapeDTW-0],call,0.76,36.6
after,32,test_classifier_output[ShapeDTW-0-ClassifierFitPredictThreeClasses],sktime/classification/tests/test_all_classifiers.py::TestAllClassifiers::test_classifier_output[ShapeDTW-0-ClassifierFitPredictThreeClasses],call,0.69,36.6
after,32,test_classifier_on_unit_test_data[ShapeDTW],sktime/classification/tests/test_all_classifiers.py::TestAllClassifiers::test_classifier_on_unit_test_data[ShapeDTW],call,0.46,36.6
after,32,test_classifier_output[ShapeDTW-0-ClassifierFitPredict],sktime/classification/tests/test_all_classifiers.py::TestAllClassifiers::test_classifier_output[ShapeDTW-0-ClassifierFitPredict],call,0.25,36.6
after,32,test_multivariate_input_exception[ShapeDTW-1],sktime/classification/tests/test_all_classifiers.py::TestAllClassifiers::test_multivariate_input_exception[ShapeDTW-1],call,0.01,36.6
after,32,test_multivariate_input_exception[ShapeDTW-0],sktime/classification/tests/test_all_classifiers.py::TestAllClassifiers::test_multivariate_input_exception[ShapeDTW-0],call,0.01,36.6
after,32,test_handles_single_class[ShapeDTW-0],sktime/classification/tests/test_all_classifiers.py::TestAllClassifiers::test_handles_single_class[ShapeDTW-0],call,0.0,36.6
after,32,test_handles_single_class[ShapeDTW-1],sktime/classification/tests/test_all_classifiers.py::TestAllClassifiers::test_handles_single_class[ShapeDTW-1],call,0.0,36.6
after,32,test_classifier_output[ShapeDTW-0-ClassifierFitPredictThreeClasses],sktime/classification/tests/test_all_classifiers.py::TestAllClassifiers::test_classifier_output[ShapeDTW-0-ClassifierFitPredictThreeClasses],setup,0.0,36.6
after,32,test_classifier_output[ShapeDTW-1-ClassifierFitPredict],sktime/classification/tests/test_all_classifiers.py::TestAllClassifiers::test_classifier_output[ShapeDTW-1-ClassifierFitPredict],setup,0.0,36.6
after,32,test_classifier_output[ShapeDTW-0-ClassifierFitPredict],sktime/classification/tests/test_all_classifiers.py::TestAllClassifiers::test_classifier_output[ShapeDTW-0-ClassifierFitPredict],setup,0.0,36.6
after,32,test_handles_single_class[ShapeDTW-0],sktime/classification/tests/test_all_classifiers.py::TestAllClassifiers::test_handles_single_class[ShapeDTW-0],setup,0.0,36.6
after,32,test_multioutput[ShapeDTW-0],sktime/classification/tests/test_all_classifiers.py::TestAllClassifiers::test_multioutput[ShapeDTW-0],setup,0.0,36.6
after,32,test_multivariate_input_exception[ShapeDTW-1],sktime/classification/tests/test_all_classifiers.py::TestAllClassifiers::test_multivariate_input_exception[ShapeDTW-1],setup,0.0,36.6
after,32,test_multioutput[ShapeDTW-1],sktime/classification/tests/test_all_classifiers.py::TestAllClassifiers::test_multioutput[ShapeDTW-1],setup,0.0,36.6
after,32,test_classifier_output[ShapeDTW-1-ClassifierFitPredictThreeClasses],sktime/classification/tests/test_all_classifiers.py::TestAllClassifiers::test_classifier_output[ShapeDTW-1-ClassifierFitPredictThreeClasses],setup,0.0,36.6
after,32,test_handles_single_class[ShapeDTW-1],sktime/classification/tests/test_all_classifiers.py::TestAllClassifiers::test_handles_single_class[ShapeDTW-1],setup,0.0,36.6
after,32,test_multivariate_input_exception[ShapeDTW-0],sktime/classification/tests/test_all_classifiers.py::TestAllClassifiers::test_multivariate_input_exception[ShapeDTW-0],setup,0.0,36.6
after,32,test_classifier_output[ShapeDTW-1-ClassifierFitPredict],sktime/classification/tests/test_all_classifiers.py::TestAllClassifiers::test_classifier_output[ShapeDTW-1-ClassifierFitPredict],teardown,0.0,36.6
after,32,test_classifier_on_basic_motions[ShapeDTW],sktime/classification/tests/test_all_classifiers.py::TestAllClassifiers::test_classifier_on_basic_motions[ShapeDTW],setup,0.0,36.6
after,32,test_classifier_output[ShapeDTW-0-ClassifierFitPredictThreeClasses],sktime/classification/tests/test_all_classifiers.py::TestAllClassifiers::test_classifier_output[ShapeDTW-0-ClassifierFitPredictThreeClasses],teardown,0.0,36.6
after,32,test_classifier_output[ShapeDTW-1-ClassifierFitPredictThreeClasses],sktime/classification/tests/test_all_classifiers.py::TestAllClassifiers::test_classifier_output[ShapeDTW-1-ClassifierFitPredictThreeClasses],teardown,0.0,36.6
after,32,test_classifier_output[ShapeDTW-0-ClassifierFitPredict],sktime/classification/tests/test_all_classifiers.py::TestAllClassifiers::test_classifier_output[ShapeDTW-0-ClassifierFitPredict],teardown,0.0,36.6
after,32,test_classifier_on_unit_test_data[ShapeDTW],sktime/classification/tests/test_all_classifiers.py::TestAllClassifiers::test_classifier_on_unit_test_data[ShapeDTW],teardown,0.0,36.6
after,32,test_multioutput[ShapeDTW-1],sktime/classification/tests/test_all_classifiers.py::TestAllClassifiers::test_multioutput[ShapeDTW-1],teardown,0.0,36.6
after,32,test_multioutput[ShapeDTW-0],sktime/classification/tests/test_all_classifiers.py::TestAllClassifiers::test_multioutput[ShapeDTW-0],teardown,0.0,36.6
after,32,test_classifier_on_basic_motions[ShapeDTW],sktime/classification/tests/test_all_classifiers.py::TestAllClassifiers::test_classifier_on_basic_motions[ShapeDTW],teardown,0.0,36.6
after,32,test_classifier_on_unit_test_data[ShapeDTW],sktime/classification/tests/test_all_classifiers.py::TestAllClassifiers::test_classifier_on_unit_test_data[ShapeDTW],setup,0.0,36.6
after,32,test_classifier_on_basic_motions[ShapeDTW],sktime/classification/tests/test_all_classifiers.py::TestAllClassifiers::test_classifier_on_basic_motions[ShapeDTW],call,0.0,36.6
after,32,test_handles_single_class[ShapeDTW-0],sktime/classification/tests/test_all_classifiers.py::TestAllClassifiers::test_handles_single_class[ShapeDTW-0],teardown,0.0,36.6
after,32,test_multivariate_input_exception[ShapeDTW-1],sktime/classification/tests/test_all_classifiers.py::TestAllClassifiers::test_multivariate_input_exception[ShapeDTW-1],teardown,0.0,36.6
after,32,test_multivariate_input_exception[ShapeDTW-0],sktime/classification/tests/test_all_classifiers.py::TestAllClassifiers::test_multivariate_input_exception[ShapeDTW-0],teardown,0.0,36.6
after,32,test_handles_single_class[ShapeDTW-1],sktime/classification/tests/test_all_classifiers.py::TestAllClassifiers::test_handles_single_class[ShapeDTW-1],teardown,0.0,36.6
after,33,test_multioutput[ShapeDTW-1],sktime/classification/tests/test_all_classifiers.py::TestAllClassifiers::test_multioutput[ShapeDTW-1],call,16.18,36.41
after,33,test_classifier_output[ShapeDTW-1-ClassifierFitPredictThreeClasses],sktime/classification/tests/test_all_classifiers.py::TestAllClassifiers::test_classifier_output[ShapeDTW-1-ClassifierFitPredictThreeClasses],call,7.45,36.41
after,33,test_classifier_output[ShapeDTW-1-ClassifierFitPredict],sktime/classification/tests/test_all_classifiers.py::TestAllClassifiers::test_classifier_output[ShapeDTW-1-ClassifierFitPredict],call,5.52,36.41
after,33,test_multioutput[ShapeDTW-0],sktime/classification/tests/test_all_classifiers.py::TestAllClassifiers::test_multioutput[ShapeDTW-0],call,1.02,36.41
after,33,test_classifier_output[ShapeDTW-0-ClassifierFitPredictThreeClasses],sktime/classification/tests/test_all_classifiers.py::TestAllClassifiers::test_classifier_output[ShapeDTW-0-ClassifierFitPredictThreeClasses],call,0.53,36.41
after,33,test_classifier_on_unit_test_data[ShapeDTW],sktime/classification/tests/test_all_classifiers.py::TestAllClassifiers::test_classifier_on_unit_test_data[ShapeDTW],call,0.46,36.41
after,33,test_classifier_output[ShapeDTW-0-ClassifierFitPredict],sktime/classification/tests/test_all_classifiers.py::TestAllClassifiers::test_classifier_output[ShapeDTW-0-ClassifierFitPredict],call,0.25,36.41
after,33,test_multivariate_input_exception[ShapeDTW-0],sktime/classification/tests/test_all_classifiers.py::TestAllClassifiers::test_multivariate_input_exception[ShapeDTW-0],call,0.02,36.41
after,33,test_multivariate_input_exception[ShapeDTW-1],sktime/classification/tests/test_all_classifiers.py::TestAllClassifiers::test_multivariate_input_exception[ShapeDTW-1],call,0.01,36.41
after,33,test_handles_single_class[ShapeDTW-1],sktime/classification/tests/test_all_classifiers.py::TestAllClassifiers::test_handles_single_class[ShapeDTW-1],call,0.0,36.41
after,33,test_handles_single_class[ShapeDTW-0],sktime/classification/tests/test_all_classifiers.py::TestAllClassifiers::test_handles_single_class[ShapeDTW-0],call,0.0,36.41
after,33,test_multivariate_input_exception[ShapeDTW-0],sktime/classification/tests/test_all_classifiers.py::TestAllClassifiers::test_multivariate_input_exception[ShapeDTW-0],setup,0.0,36.41
after,33,test_classifier_output[ShapeDTW-0-ClassifierFitPredict],sktime/classification/tests/test_all_classifiers.py::TestAllClassifiers::test_classifier_output[ShapeDTW-0-ClassifierFitPredict],setup,0.0,36.41
after,33,test_classifier_output[ShapeDTW-1-ClassifierFitPredictThreeClasses],sktime/classification/tests/test_all_classifiers.py::TestAllClassifiers::test_classifier_output[ShapeDTW-1-ClassifierFitPredictThreeClasses],setup,0.0,36.41
after,33,test_multioutput[ShapeDTW-0],sktime/classification/tests/test_all_classifiers.py::TestAllClassifiers::test_multioutput[ShapeDTW-0],setup,0.0,36.41
after,33,test_handles_single_class[ShapeDTW-1],sktime/classification/tests/test_all_classifiers.py::TestAllClassifiers::test_handles_single_class[ShapeDTW-1],setup,0.0,36.41
after,33,test_multioutput[ShapeDTW-1],sktime/classification/tests/test_all_classifiers.py::TestAllClassifiers::test_multioutput[ShapeDTW-1],setup,0.0,36.41
after,33,test_classifier_output[ShapeDTW-1-ClassifierFitPredict],sktime/classification/tests/test_all_classifiers.py::TestAllClassifiers::test_classifier_output[ShapeDTW-1-ClassifierFitPredict],setup,0.0,36.41
after,33,test_classifier_output[ShapeDTW-0-ClassifierFitPredictThreeClasses],sktime/classification/tests/test_all_classifiers.py::TestAllClassifiers::test_classifier_output[ShapeDTW-0-ClassifierFitPredictThreeClasses],setup,0.0,36.41
after,33,test_multivariate_input_exception[ShapeDTW-1],sktime/classification/tests/test_all_classifiers.py::TestAllClassifiers::test_multivariate_input_exception[ShapeDTW-1],setup,0.0,36.41
after,33,test_handles_single_class[ShapeDTW-0],sktime/classification/tests/test_all_classifiers.py::TestAllClassifiers::test_handles_single_class[ShapeDTW-0],setup,0.0,36.41
after,33,test_classifier_on_unit_test_data[ShapeDTW],sktime/classification/tests/test_all_classifiers.py::TestAllClassifiers::test_classifier_on_unit_test_data[ShapeDTW],setup,0.0,36.41
after,33,test_classifier_output[ShapeDTW-0-ClassifierFitPredictThreeClasses],sktime/classification/tests/test_all_classifiers.py::TestAllClassifiers::test_classifier_output[ShapeDTW-0-ClassifierFitPredictThreeClasses],teardown,0.0,36.41
after,33,test_classifier_output[ShapeDTW-1-ClassifierFitPredict],sktime/classification/tests/test_all_classifiers.py::TestAllClassifiers::test_classifier_output[ShapeDTW-1-ClassifierFitPredict],teardown,0.0,36.41
after,33,test_multioutput[ShapeDTW-1],sktime/classification/tests/test_all_classifiers.py::TestAllClassifiers::test_multioutput[ShapeDTW-1],teardown,0.0,36.41
after,33,test_classifier_output[ShapeDTW-0-ClassifierFitPredict],sktime/classification/tests/test_all_classifiers.py::TestAllClassifiers::test_classifier_output[ShapeDTW-0-ClassifierFitPredict],teardown,0.0,36.41
after,33,test_multioutput[ShapeDTW-0],sktime/classification/tests/test_all_classifiers.py::TestAllClassifiers::test_multioutput[ShapeDTW-0],teardown,0.0,36.41
after,33,test_classifier_output[ShapeDTW-1-ClassifierFitPredictThreeClasses],sktime/classification/tests/test_all_classifiers.py::TestAllClassifiers::test_classifier_output[ShapeDTW-1-ClassifierFitPredictThreeClasses],teardown,0.0,36.41
after,33,test_classifier_on_unit_test_data[ShapeDTW],sktime/classification/tests/test_all_classifiers.py::TestAllClassifiers::test_classifier_on_unit_test_data[ShapeDTW],teardown,0.0,36.41
after,33,test_classifier_on_basic_motions[ShapeDTW],sktime/classification/tests/test_all_classifiers.py::TestAllClassifiers::test_classifier_on_basic_motions[ShapeDTW],call,0.0,36.41
after,33,test_multivariate_input_exception[ShapeDTW-0],sktime/classification/tests/test_all_classifiers.py::TestAllClassifiers::test_multivariate_input_exception[ShapeDTW-0],teardown,0.0,36.41
after,33,test_classifier_on_basic_motions[ShapeDTW],sktime/classification/tests/test_all_classifiers.py::TestAllClassifiers::test_classifier_on_basic_motions[ShapeDTW],setup,0.0,36.41
after,33,test_multivariate_input_exception[ShapeDTW-1],sktime/classification/tests/test_all_classifiers.py::TestAllClassifiers::test_multivariate_input_exception[ShapeDTW-1],teardown,0.0,36.41
after,33,test_handles_single_class[ShapeDTW-1],sktime/classification/tests/test_all_classifiers.py::TestAllClassifiers::test_handles_single_class[ShapeDTW-1],teardown,0.0,36.41
after,33,test_handles_single_class[ShapeDTW-0],sktime/classification/tests/test_all_classifiers.py::TestAllClassifiers::test_handles_single_class[ShapeDTW-0],teardown,0.0,36.41
after,33,test_classifier_on_basic_motions[ShapeDTW],sktime/classification/tests/test_all_classifiers.py::TestAllClassifiers::test_classifier_on_basic_motions[ShapeDTW],teardown,0.0,36.41
after,34,test_multioutput[ShapeDTW-1],sktime/classification/tests/test_all_classifiers.py::TestAllClassifiers::test_multioutput[ShapeDTW-1],call,16.37,36.28
after,34,test_classifier_output[ShapeDTW-1-ClassifierFitPredictThreeClasses],sktime/classification/tests/test_all_classifiers.py::TestAllClassifiers::test_classifier_output[ShapeDTW-1-ClassifierFitPredictThreeClasses],call,7.22,36.28
after,34,test_classifier_output[ShapeDTW-1-ClassifierFitPredict],sktime/classification/tests/test_all_classifiers.py::TestAllClassifiers::test_classifier_output[ShapeDTW-1-ClassifierFitPredict],call,5.14,36.28
after,34,test_multioutput[ShapeDTW-0],sktime/classification/tests/test_all_classifiers.py::TestAllClassifiers::test_multioutput[ShapeDTW-0],call,0.98,36.28
after,34,test_classifier_on_unit_test_data[ShapeDTW],sktime/classification/tests/test_all_classifiers.py::TestAllClassifiers::test_classifier_on_unit_test_data[ShapeDTW],call,0.68,36.28
after,34,test_classifier_output[ShapeDTW-0-ClassifierFitPredict],sktime/classification/tests/test_all_classifiers.py::TestAllClassifiers::test_classifier_output[ShapeDTW-0-ClassifierFitPredict],call,0.62,36.28
after,34,test_classifier_output[ShapeDTW-0-ClassifierFitPredictThreeClasses],sktime/classification/tests/test_all_classifiers.py::TestAllClassifiers::test_classifier_output[ShapeDTW-0-ClassifierFitPredictThreeClasses],call,0.32,36.28
after,34,test_multivariate_input_exception[ShapeDTW-0],sktime/classification/tests/test_all_classifiers.py::TestAllClassifiers::test_multivariate_input_exception[ShapeDTW-0],call,0.01,36.28
after,34,test_multivariate_input_exception[ShapeDTW-1],sktime/classification/tests/test_all_classifiers.py::TestAllClassifiers::test_multivariate_input_exception[ShapeDTW-1],call,0.01,36.28
after,34,test_handles_single_class[ShapeDTW-0],sktime/classification/tests/test_all_classifiers.py::TestAllClassifiers::test_handles_single_class[ShapeDTW-0],call,0.0,36.28
after,34,test_handles_single_class[ShapeDTW-1],sktime/classification/tests/test_all_classifiers.py::TestAllClassifiers::test_handles_single_class[ShapeDTW-1],call,0.0,36.28
after,34,test_classifier_output[ShapeDTW-0-ClassifierFitPredict],sktime/classification/tests/test_all_classifiers.py::TestAllClassifiers::test_classifier_output[ShapeDTW-0-ClassifierFitPredict],setup,0.0,36.28
after,34,test_classifier_output[ShapeDTW-0-ClassifierFitPredictThreeClasses],sktime/classification/tests/test_all_classifiers.py::TestAllClassifiers::test_classifier_output[ShapeDTW-0-ClassifierFitPredictThreeClasses],setup,0.0,36.28
after,34,test_classifier_output[ShapeDTW-1-ClassifierFitPredictThreeClasses],sktime/classification/tests/test_all_classifiers.py::TestAllClassifiers::test_classifier_output[ShapeDTW-1-ClassifierFitPredictThreeClasses],setup,0.0,36.28
after,34,test_multioutput[ShapeDTW-1],sktime/classification/tests/test_all_classifiers.py::TestAllClassifiers::test_multioutput[ShapeDTW-1],setup,0.0,36.28
after,34,test_multivariate_input_exception[ShapeDTW-0],sktime/classification/tests/test_all_classifiers.py::TestAllClassifiers::test_multivariate_input_exception[ShapeDTW-0],setup,0.0,36.28
after,34,test_multioutput[ShapeDTW-0],sktime/classification/tests/test_all_classifiers.py::TestAllClassifiers::test_multioutput[ShapeDTW-0],setup,0.0,36.28
after,34,test_classifier_output[ShapeDTW-1-ClassifierFitPredict],sktime/classification/tests/test_all_classifiers.py::TestAllClassifiers::test_classifier_output[ShapeDTW-1-ClassifierFitPredict],setup,0.0,36.28
after,34,test_handles_single_class[ShapeDTW-1],sktime/classification/tests/test_all_classifiers.py::TestAllClassifiers::test_handles_single_class[ShapeDTW-1],setup,0.0,36.28
after,34,test_handles_single_class[ShapeDTW-0],sktime/classification/tests/test_all_classifiers.py::TestAllClassifiers::test_handles_single_class[ShapeDTW-0],setup,0.0,36.28
after,34,test_multivariate_input_exception[ShapeDTW-1],sktime/classification/tests/test_all_classifiers.py::TestAllClassifiers::test_multivariate_input_exception[ShapeDTW-1],setup,0.0,36.28
after,34,test_classifier_output[ShapeDTW-0-ClassifierFitPredict],sktime/classification/tests/test_all_classifiers.py::TestAllClassifiers::test_classifier_output[ShapeDTW-0-ClassifierFitPredict],teardown,0.0,36.28
after,34,test_classifier_on_unit_test_data[ShapeDTW],sktime/classification/tests/test_all_classifiers.py::TestAllClassifiers::test_classifier_on_unit_test_data[ShapeDTW],setup,0.0,36.28
after,34,test_classifier_output[ShapeDTW-1-ClassifierFitPredict],sktime/classification/tests/test_all_classifiers.py::TestAllClassifiers::test_classifier_output[ShapeDTW-1-ClassifierFitPredict],teardown,0.0,36.28
after,34,test_classifier_output[ShapeDTW-0-ClassifierFitPredictThreeClasses],sktime/classification/tests/test_all_classifiers.py::TestAllClassifiers::test_classifier_output[ShapeDTW-0-ClassifierFitPredictThreeClasses],teardown,0.0,36.28
after,34,test_multioutput[ShapeDTW-0],sktime/classification/tests/test_all_classifiers.py::TestAllClassifiers::test_multioutput[ShapeDTW-0],teardown,0.0,36.28
after,34,test_multioutput[ShapeDTW-1],sktime/classification/tests/test_all_classifiers.py::TestAllClassifiers::test_multioutput[ShapeDTW-1],teardown,0.0,36.28
after,34,test_classifier_on_unit_test_data[ShapeDTW],sktime/classification/tests/test_all_classifiers.py::TestAllClassifiers::test_classifier_on_unit_test_data[ShapeDTW],teardown,0.0,36.28
after,34,test_classifier_output[ShapeDTW-1-ClassifierFitPredictThreeClasses],sktime/classification/tests/test_all_classifiers.py::TestAllClassifiers::test_classifier_output[ShapeDTW-1-ClassifierFitPredictThreeClasses],teardown,0.0,36.28
after,34,test_classifier_on_basic_motions[ShapeDTW],sktime/classification/tests/test_all_classifiers.py::TestAllClassifiers::test_classifier_on_basic_motions[ShapeDTW],setup,0.0,36.28
after,34,test_classifier_on_basic_motions[ShapeDTW],sktime/classification/tests/test_all_classifiers.py::TestAllClassifiers::test_classifier_on_basic_motions[ShapeDTW],call,0.0,36.28
after,34,test_multivariate_input_exception[ShapeDTW-0],sktime/classification/tests/test_all_classifiers.py::TestAllClassifiers::test_multivariate_input_exception[ShapeDTW-0],teardown,0.0,36.28
after,34,test_handles_single_class[ShapeDTW-0],sktime/classification/tests/test_all_classifiers.py::TestAllClassifiers::test_handles_single_class[ShapeDTW-0],teardown,0.0,36.28
after,34,test_multivariate_input_exception[ShapeDTW-1],sktime/classification/tests/test_all_classifiers.py::TestAllClassifiers::test_multivariate_input_exception[ShapeDTW-1],teardown,0.0,36.28
after,34,test_handles_single_class[ShapeDTW-1],sktime/classification/tests/test_all_classifiers.py::TestAllClassifiers::test_handles_single_class[ShapeDTW-1],teardown,0.0,36.28
after,34,test_classifier_on_basic_motions[ShapeDTW],sktime/classification/tests/test_all_classifiers.py::TestAllClassifiers::test_classifier_on_basic_motions[ShapeDTW],teardown,0.0,36.28
after,35,test_multioutput[ShapeDTW-1],sktime/classification/tests/test_all_classifiers.py::TestAllClassifiers::test_multioutput[ShapeDTW-1],call,16.59,36.66
after,35,test_classifier_output[ShapeDTW-1-ClassifierFitPredictThreeClasses],sktime/classification/tests/test_all_classifiers.py::TestAllClassifiers::test_classifier_output[ShapeDTW-1-ClassifierFitPredictThreeClasses],call,7.88,36.66
after,35,test_classifier_output[ShapeDTW-1-ClassifierFitPredict],sktime/classification/tests/test_all_classifiers.py::TestAllClassifiers::test_classifier_output[ShapeDTW-1-ClassifierFitPredict],call,5.18,36.66
after,35,test_multioutput[ShapeDTW-0],sktime/classification/tests/test_all_classifiers.py::TestAllClassifiers::test_multioutput[ShapeDTW-0],call,1.02,36.66
after,35,test_classifier_on_unit_test_data[ShapeDTW],sktime/classification/tests/test_all_classifiers.py::TestAllClassifiers::test_classifier_on_unit_test_data[ShapeDTW],call,0.46,36.66
after,35,test_classifier_output[ShapeDTW-0-ClassifierFitPredictThreeClasses],sktime/classification/tests/test_all_classifiers.py::TestAllClassifiers::test_classifier_output[ShapeDTW-0-ClassifierFitPredictThreeClasses],call,0.32,36.66
after,35,test_classifier_output[ShapeDTW-0-ClassifierFitPredict],sktime/classification/tests/test_all_classifiers.py::TestAllClassifiers::test_classifier_output[ShapeDTW-0-ClassifierFitPredict],call,0.25,36.66
after,35,test_multivariate_input_exception[ShapeDTW-0],sktime/classification/tests/test_all_classifiers.py::TestAllClassifiers::test_multivariate_input_exception[ShapeDTW-0],call,0.01,36.66
after,35,test_multivariate_input_exception[ShapeDTW-1],sktime/classification/tests/test_all_classifiers.py::TestAllClassifiers::test_multivariate_input_exception[ShapeDTW-1],call,0.01,36.66
after,35,test_handles_single_class[ShapeDTW-0],sktime/classification/tests/test_all_classifiers.py::TestAllClassifiers::test_handles_single_class[ShapeDTW-0],call,0.0,36.66
after,35,test_handles_single_class[ShapeDTW-1],sktime/classification/tests/test_all_classifiers.py::TestAllClassifiers::test_handles_single_class[ShapeDTW-1],call,0.0,36.66
after,35,test_classifier_output[ShapeDTW-1-ClassifierFitPredictThreeClasses],sktime/classification/tests/test_all_classifiers.py::TestAllClassifiers::test_classifier_output[ShapeDTW-1-ClassifierFitPredictThreeClasses],setup,0.0,36.66
after,35,test_classifier_output[ShapeDTW-1-ClassifierFitPredict],sktime/classification/tests/test_all_classifiers.py::TestAllClassifiers::test_classifier_output[ShapeDTW-1-ClassifierFitPredict],setup,0.0,36.66
after,35,test_handles_single_class[ShapeDTW-1],sktime/classification/tests/test_all_classifiers.py::TestAllClassifiers::test_handles_single_class[ShapeDTW-1],setup,0.0,36.66
after,35,test_multioutput[ShapeDTW-1],sktime/classification/tests/test_all_classifiers.py::TestAllClassifiers::test_multioutput[ShapeDTW-1],setup,0.0,36.66
after,35,test_classifier_output[ShapeDTW-0-ClassifierFitPredict],sktime/classification/tests/test_all_classifiers.py::TestAllClassifiers::test_classifier_output[ShapeDTW-0-ClassifierFitPredict],setup,0.0,36.66
after,35,test_multivariate_input_exception[ShapeDTW-0],sktime/classification/tests/test_all_classifiers.py::TestAllClassifiers::test_multivariate_input_exception[ShapeDTW-0],setup,0.0,36.66
after,35,test_handles_single_class[ShapeDTW-0],sktime/classification/tests/test_all_classifiers.py::TestAllClassifiers::test_handles_single_class[ShapeDTW-0],setup,0.0,36.66
after,35,test_multioutput[ShapeDTW-0],sktime/classification/tests/test_all_classifiers.py::TestAllClassifiers::test_multioutput[ShapeDTW-0],setup,0.0,36.66
after,35,test_classifier_output[ShapeDTW-0-ClassifierFitPredictThreeClasses],sktime/classification/tests/test_all_classifiers.py::TestAllClassifiers::test_classifier_output[ShapeDTW-0-ClassifierFitPredictThreeClasses],setup,0.0,36.66
after,35,test_multivariate_input_exception[ShapeDTW-1],sktime/classification/tests/test_all_classifiers.py::TestAllClassifiers::test_multivariate_input_exception[ShapeDTW-1],setup,0.0,36.66
after,35,test_classifier_on_basic_motions[ShapeDTW],sktime/classification/tests/test_all_classifiers.py::TestAllClassifiers::test_classifier_on_basic_motions[ShapeDTW],setup,0.0,36.66
after,35,test_classifier_output[ShapeDTW-1-ClassifierFitPredictThreeClasses],sktime/classification/tests/test_all_classifiers.py::TestAllClassifiers::test_classifier_output[ShapeDTW-1-ClassifierFitPredictThreeClasses],teardown,0.0,36.66
after,35,test_classifier_output[ShapeDTW-0-ClassifierFitPredict],sktime/classification/tests/test_all_classifiers.py::TestAllClassifiers::test_classifier_output[ShapeDTW-0-ClassifierFitPredict],teardown,0.0,36.66
after,35,test_multioutput[ShapeDTW-1],sktime/classification/tests/test_all_classifiers.py::TestAllClassifiers::test_multioutput[ShapeDTW-1],teardown,0.0,36.66
after,35,test_classifier_on_unit_test_data[ShapeDTW],sktime/classification/tests/test_all_classifiers.py::TestAllClassifiers::test_classifier_on_unit_test_data[ShapeDTW],teardown,0.0,36.66
after,35,test_multioutput[ShapeDTW-0],sktime/classification/tests/test_all_classifiers.py::TestAllClassifiers::test_multioutput[ShapeDTW-0],teardown,0.0,36.66
after,35,test_classifier_output[ShapeDTW-1-ClassifierFitPredict],sktime/classification/tests/test_all_classifiers.py::TestAllClassifiers::test_classifier_output[ShapeDTW-1-ClassifierFitPredict],teardown,0.0,36.66
after,35,test_classifier_output[ShapeDTW-0-ClassifierFitPredictThreeClasses],sktime/classification/tests/test_all_classifiers.py::TestAllClassifiers::test_classifier_output[ShapeDTW-0-ClassifierFitPredictThreeClasses],teardown,0.0,36.66
after,35,test_classifier_on_unit_test_data[ShapeDTW],sktime/classification/tests/test_all_classifiers.py::TestAllClassifiers::test_classifier_on_unit_test_data[ShapeDTW],setup,0.0,36.66
after,35,test_multivariate_input_exception[ShapeDTW-0],sktime/classification/tests/test_all_classifiers.py::TestAllClassifiers::test_multivariate_input_exception[ShapeDTW-0],teardown,0.0,36.66
after,35,test_handles_single_class[ShapeDTW-1],sktime/classification/tests/test_all_classifiers.py::TestAllClassifiers::test_handles_single_class[ShapeDTW-1],teardown,0.0,36.66
after,35,test_classifier_on_basic_motions[ShapeDTW],sktime/classification/tests/test_all_classifiers.py::TestAllClassifiers::test_classifier_on_basic_motions[ShapeDTW],call,0.0,36.66
after,35,test_multivariate_input_exception[ShapeDTW-1],sktime/classification/tests/test_all_classifiers.py::TestAllClassifiers::test_multivariate_input_exception[ShapeDTW-1],teardown,0.0,36.66
after,35,test_classifier_on_basic_motions[ShapeDTW],sktime/classification/tests/test_all_classifiers.py::TestAllClassifiers::test_classifier_on_basic_motions[ShapeDTW],teardown,0.0,36.66
after,35,test_handles_single_class[ShapeDTW-0],sktime/classification/tests/test_all_classifiers.py::TestAllClassifiers::test_handles_single_class[ShapeDTW-0],teardown,0.0,36.66
after,36,test_multioutput[ShapeDTW-1],sktime/classification/tests/test_all_classifiers.py::TestAllClassifiers::test_multioutput[ShapeDTW-1],call,16.33,36.26
after,36,test_classifier_output[ShapeDTW-1-ClassifierFitPredictThreeClasses],sktime/classification/tests/test_all_classifiers.py::TestAllClassifiers::test_classifier_output[ShapeDTW-1-ClassifierFitPredictThreeClasses],call,7.46,36.26
after,36,test_classifier_output[ShapeDTW-1-ClassifierFitPredict],sktime/classification/tests/test_all_classifiers.py::TestAllClassifiers::test_classifier_output[ShapeDTW-1-ClassifierFitPredict],call,5.36,36.26
after,36,test_multioutput[ShapeDTW-0],sktime/classification/tests/test_all_classifiers.py::TestAllClassifiers::test_multioutput[ShapeDTW-0],call,0.76,36.26
after,36,test_classifier_output[ShapeDTW-0-ClassifierFitPredictThreeClasses],sktime/classification/tests/test_all_classifiers.py::TestAllClassifiers::test_classifier_output[ShapeDTW-0-ClassifierFitPredictThreeClasses],call,0.69,36.26
after,36,test_classifier_on_unit_test_data[ShapeDTW],sktime/classification/tests/test_all_classifiers.py::TestAllClassifiers::test_classifier_on_unit_test_data[ShapeDTW],call,0.45,36.26
after,36,test_classifier_output[ShapeDTW-0-ClassifierFitPredict],sktime/classification/tests/test_all_classifiers.py::TestAllClassifiers::test_classifier_output[ShapeDTW-0-ClassifierFitPredict],call,0.25,36.26
after,36,test_multivariate_input_exception[ShapeDTW-1],sktime/classification/tests/test_all_classifiers.py::TestAllClassifiers::test_multivariate_input_exception[ShapeDTW-1],call,0.01,36.26
after,36,test_multivariate_input_exception[ShapeDTW-0],sktime/classification/tests/test_all_classifiers.py::TestAllClassifiers::test_multivariate_input_exception[ShapeDTW-0],call,0.01,36.26
after,36,test_handles_single_class[ShapeDTW-0],sktime/classification/tests/test_all_classifiers.py::TestAllClassifiers::test_handles_single_class[ShapeDTW-0],call,0.0,36.26
after,36,test_handles_single_class[ShapeDTW-1],sktime/classification/tests/test_all_classifiers.py::TestAllClassifiers::test_handles_single_class[ShapeDTW-1],call,0.0,36.26
after,36,test_classifier_output[ShapeDTW-0-ClassifierFitPredictThreeClasses],sktime/classification/tests/test_all_classifiers.py::TestAllClassifiers::test_classifier_output[ShapeDTW-0-ClassifierFitPredictThreeClasses],setup,0.0,36.26
after,36,test_classifier_output[ShapeDTW-1-ClassifierFitPredictThreeClasses],sktime/classification/tests/test_all_classifiers.py::TestAllClassifiers::test_classifier_output[ShapeDTW-1-ClassifierFitPredictThreeClasses],setup,0.0,36.26
after,36,test_classifier_output[ShapeDTW-1-ClassifierFitPredict],sktime/classification/tests/test_all_classifiers.py::TestAllClassifiers::test_classifier_output[ShapeDTW-1-ClassifierFitPredict],setup,0.0,36.26
after,36,test_multivariate_input_exception[ShapeDTW-1],sktime/classification/tests/test_all_classifiers.py::TestAllClassifiers::test_multivariate_input_exception[ShapeDTW-1],setup,0.0,36.26
after,36,test_multioutput[ShapeDTW-0],sktime/classification/tests/test_all_classifiers.py::TestAllClassifiers::test_multioutput[ShapeDTW-0],setup,0.0,36.26
after,36,test_multioutput[ShapeDTW-1],sktime/classification/tests/test_all_classifiers.py::TestAllClassifiers::test_multioutput[ShapeDTW-1],setup,0.0,36.26
after,36,test_multivariate_input_exception[ShapeDTW-0],sktime/classification/tests/test_all_classifiers.py::TestAllClassifiers::test_multivariate_input_exception[ShapeDTW-0],setup,0.0,36.26
after,36,test_classifier_output[ShapeDTW-0-ClassifierFitPredict],sktime/classification/tests/test_all_classifiers.py::TestAllClassifiers::test_classifier_output[ShapeDTW-0-ClassifierFitPredict],setup,0.0,36.26
after,36,test_handles_single_class[ShapeDTW-1],sktime/classification/tests/test_all_classifiers.py::TestAllClassifiers::test_handles_single_class[ShapeDTW-1],setup,0.0,36.26
after,36,test_handles_single_class[ShapeDTW-0],sktime/classification/tests/test_all_classifiers.py::TestAllClassifiers::test_handles_single_class[ShapeDTW-0],setup,0.0,36.26
after,36,test_classifier_on_basic_motions[ShapeDTW],sktime/classification/tests/test_all_classifiers.py::TestAllClassifiers::test_classifier_on_basic_motions[ShapeDTW],setup,0.0,36.26
after,36,test_classifier_on_unit_test_data[ShapeDTW],sktime/classification/tests/test_all_classifiers.py::TestAllClassifiers::test_classifier_on_unit_test_data[ShapeDTW],setup,0.0,36.26
after,36,test_classifier_output[ShapeDTW-1-ClassifierFitPredict],sktime/classification/tests/test_all_classifiers.py::TestAllClassifiers::test_classifier_output[ShapeDTW-1-ClassifierFitPredict],teardown,0.0,36.26
after,36,test_classifier_output[ShapeDTW-0-ClassifierFitPredictThreeClasses],sktime/classification/tests/test_all_classifiers.py::TestAllClassifiers::test_classifier_output[ShapeDTW-0-ClassifierFitPredictThreeClasses],teardown,0.0,36.26
after,36,test_multioutput[ShapeDTW-0],sktime/classification/tests/test_all_classifiers.py::TestAllClassifiers::test_multioutput[ShapeDTW-0],teardown,0.0,36.26
after,36,test_classifier_output[ShapeDTW-1-ClassifierFitPredictThreeClasses],sktime/classification/tests/test_all_classifiers.py::TestAllClassifiers::test_classifier_output[ShapeDTW-1-ClassifierFitPredictThreeClasses],teardown,0.0,36.26
after,36,test_classifier_on_unit_test_data[ShapeDTW],sktime/classification/tests/test_all_classifiers.py::TestAllClassifiers::test_classifier_on_unit_test_data[ShapeDTW],teardown,0.0,36.26
after,36,test_multioutput[ShapeDTW-1],sktime/classification/tests/test_all_classifiers.py::TestAllClassifiers::test_multioutput[ShapeDTW-1],teardown,0.0,36.26
after,36,test_classifier_output[ShapeDTW-0-ClassifierFitPredict],sktime/classification/tests/test_all_classifiers.py::TestAllClassifiers::test_classifier_output[ShapeDTW-0-ClassifierFitPredict],teardown,0.0,36.26
after,36,test_handles_single_class[ShapeDTW-0],sktime/classification/tests/test_all_classifiers.py::TestAllClassifiers::test_handles_single_class[ShapeDTW-0],teardown,0.0,36.26
after,36,test_multivariate_input_exception[ShapeDTW-1],sktime/classification/tests/test_all_classifiers.py::TestAllClassifiers::test_multivariate_input_exception[ShapeDTW-1],teardown,0.0,36.26
after,36,test_multivariate_input_exception[ShapeDTW-0],sktime/classification/tests/test_all_classifiers.py::TestAllClassifiers::test_multivariate_input_exception[ShapeDTW-0],teardown,0.0,36.26
after,36,test_classifier_on_basic_motions[ShapeDTW],sktime/classification/tests/test_all_classifiers.py::TestAllClassifiers::test_classifier_on_basic_motions[ShapeDTW],call,0.0,36.26
after,36,test_classifier_on_basic_motions[ShapeDTW],sktime/classification/tests/test_all_classifiers.py::TestAllClassifiers::test_classifier_on_basic_motions[ShapeDTW],teardown,0.0,36.26
after,36,test_handles_single_class[ShapeDTW-1],sktime/classification/tests/test_all_classifiers.py::TestAllClassifiers::test_handles_single_class[ShapeDTW-1],teardown,0.0,36.26
after,37,test_multioutput[ShapeDTW-1],sktime/classification/tests/test_all_classifiers.py::TestAllClassifiers::test_multioutput[ShapeDTW-1],call,16.48,36.56
after,37,test_classifier_output[ShapeDTW-1-ClassifierFitPredictThreeClasses],sktime/classification/tests/test_all_classifiers.py::TestAllClassifiers::test_classifier_output[ShapeDTW-1-ClassifierFitPredictThreeClasses],call,7.48,36.56
after,37,test_classifier_output[ShapeDTW-1-ClassifierFitPredict],sktime/classification/tests/test_all_classifiers.py::TestAllClassifiers::test_classifier_output[ShapeDTW-1-ClassifierFitPredict],call,5.57,36.56
after,37,test_multioutput[ShapeDTW-0],sktime/classification/tests/test_all_classifiers.py::TestAllClassifiers::test_multioutput[ShapeDTW-0],call,0.76,36.56
after,37,test_classifier_output[ShapeDTW-0-ClassifierFitPredictThreeClasses],sktime/classification/tests/test_all_classifiers.py::TestAllClassifiers::test_classifier_output[ShapeDTW-0-ClassifierFitPredictThreeClasses],call,0.58,36.56
after,37,test_classifier_on_unit_test_data[ShapeDTW],sktime/classification/tests/test_all_classifiers.py::TestAllClassifiers::test_classifier_on_unit_test_data[ShapeDTW],call,0.46,36.56
after,37,test_classifier_output[ShapeDTW-0-ClassifierFitPredict],sktime/classification/tests/test_all_classifiers.py::TestAllClassifiers::test_classifier_output[ShapeDTW-0-ClassifierFitPredict],call,0.25,36.56
after,37,test_multivariate_input_exception[ShapeDTW-1],sktime/classification/tests/test_all_classifiers.py::TestAllClassifiers::test_multivariate_input_exception[ShapeDTW-1],call,0.01,36.56
after,37,test_multivariate_input_exception[ShapeDTW-0],sktime/classification/tests/test_all_classifiers.py::TestAllClassifiers::test_multivariate_input_exception[ShapeDTW-0],call,0.01,36.56
after,37,test_handles_single_class[ShapeDTW-0],sktime/classification/tests/test_all_classifiers.py::TestAllClassifiers::test_handles_single_class[ShapeDTW-0],call,0.0,36.56
after,37,test_handles_single_class[ShapeDTW-1],sktime/classification/tests/test_all_classifiers.py::TestAllClassifiers::test_handles_single_class[ShapeDTW-1],call,0.0,36.56
after,37,test_classifier_output[ShapeDTW-1-ClassifierFitPredict],sktime/classification/tests/test_all_classifiers.py::TestAllClassifiers::test_classifier_output[ShapeDTW-1-ClassifierFitPredict],setup,0.0,36.56
after,37,test_handles_single_class[ShapeDTW-0],sktime/classification/tests/test_all_classifiers.py::TestAllClassifiers::test_handles_single_class[ShapeDTW-0],setup,0.0,36.56
after,37,test_multivariate_input_exception[ShapeDTW-1],sktime/classification/tests/test_all_classifiers.py::TestAllClassifiers::test_multivariate_input_exception[ShapeDTW-1],setup,0.0,36.56
after,37,test_multioutput[ShapeDTW-1],sktime/classification/tests/test_all_classifiers.py::TestAllClassifiers::test_multioutput[ShapeDTW-1],setup,0.0,36.56
after,37,test_classifier_output[ShapeDTW-0-ClassifierFitPredict],sktime/classification/tests/test_all_classifiers.py::TestAllClassifiers::test_classifier_output[ShapeDTW-0-ClassifierFitPredict],setup,0.0,36.56
after,37,test_multioutput[ShapeDTW-0],sktime/classification/tests/test_all_classifiers.py::TestAllClassifiers::test_multioutput[ShapeDTW-0],setup,0.0,36.56
after,37,test_classifier_output[ShapeDTW-0-ClassifierFitPredictThreeClasses],sktime/classification/tests/test_all_classifiers.py::TestAllClassifiers::test_classifier_output[ShapeDTW-0-ClassifierFitPredictThreeClasses],setup,0.0,36.56
after,37,test_classifier_output[ShapeDTW-1-ClassifierFitPredictThreeClasses],sktime/classification/tests/test_all_classifiers.py::TestAllClassifiers::test_classifier_output[ShapeDTW-1-ClassifierFitPredictThreeClasses],setup,0.0,36.56
after,37,test_multivariate_input_exception[ShapeDTW-0],sktime/classification/tests/test_all_classifiers.py::TestAllClassifiers::test_multivariate_input_exception[ShapeDTW-0],setup,0.0,36.56
after,37,test_handles_single_class[ShapeDTW-1],sktime/classification/tests/test_all_classifiers.py::TestAllClassifiers::test_handles_single_class[ShapeDTW-1],setup,0.0,36.56
after,37,test_classifier_on_unit_test_data[ShapeDTW],sktime/classification/tests/test_all_classifiers.py::TestAllClassifiers::test_classifier_on_unit_test_data[ShapeDTW],setup,0.0,36.56
after,37,test_classifier_output[ShapeDTW-1-ClassifierFitPredict],sktime/classification/tests/test_all_classifiers.py::TestAllClassifiers::test_classifier_output[ShapeDTW-1-ClassifierFitPredict],teardown,0.0,36.56
after,37,test_classifier_output[ShapeDTW-0-ClassifierFitPredictThreeClasses],sktime/classification/tests/test_all_classifiers.py::TestAllClassifiers::test_classifier_output[ShapeDTW-0-ClassifierFitPredictThreeClasses],teardown,0.0,36.56
after,37,test_multioutput[ShapeDTW-1],sktime/classification/tests/test_all_classifiers.py::TestAllClassifiers::test_multioutput[ShapeDTW-1],teardown,0.0,36.56
after,37,test_classifier_on_basic_motions[ShapeDTW],sktime/classification/tests/test_all_classifiers.py::TestAllClassifiers::test_classifier_on_basic_motions[ShapeDTW],setup,0.0,36.56
after,37,test_classifier_output[ShapeDTW-1-ClassifierFitPredictThreeClasses],sktime/classification/tests/test_all_classifiers.py::TestAllClassifiers::test_classifier_output[ShapeDTW-1-ClassifierFitPredictThreeClasses],teardown,0.0,36.56
after,37,test_classifier_output[ShapeDTW-0-ClassifierFitPredict],sktime/classification/tests/test_all_classifiers.py::TestAllClassifiers::test_classifier_output[ShapeDTW-0-ClassifierFitPredict],teardown,0.0,36.56
after,37,test_classifier_on_unit_test_data[ShapeDTW],sktime/classification/tests/test_all_classifiers.py::TestAllClassifiers::test_classifier_on_unit_test_data[ShapeDTW],teardown,0.0,36.56
after,37,test_multioutput[ShapeDTW-0],sktime/classification/tests/test_all_classifiers.py::TestAllClassifiers::test_multioutput[ShapeDTW-0],teardown,0.0,36.56
after,37,test_classifier_on_basic_motions[ShapeDTW],sktime/classification/tests/test_all_classifiers.py::TestAllClassifiers::test_classifier_on_basic_motions[ShapeDTW],call,0.0,36.56
after,37,test_multivariate_input_exception[ShapeDTW-1],sktime/classification/tests/test_all_classifiers.py::TestAllClassifiers::test_multivariate_input_exception[ShapeDTW-1],teardown,0.0,36.56
after,37,test_handles_single_class[ShapeDTW-0],sktime/classification/tests/test_all_classifiers.py::TestAllClassifiers::test_handles_single_class[ShapeDTW-0],teardown,0.0,36.56
after,37,test_classifier_on_basic_motions[ShapeDTW],sktime/classification/tests/test_all_classifiers.py::TestAllClassifiers::test_classifier_on_basic_motions[ShapeDTW],teardown,0.0,36.56
after,37,test_multivariate_input_exception[ShapeDTW-0],sktime/classification/tests/test_all_classifiers.py::TestAllClassifiers::test_multivariate_input_exception[ShapeDTW-0],teardown,0.0,36.56
after,37,test_handles_single_class[ShapeDTW-1],sktime/classification/tests/test_all_classifiers.py::TestAllClassifiers::test_handles_single_class[ShapeDTW-1],teardown,0.0,36.56
after,38,test_multioutput[ShapeDTW-1],sktime/classification/tests/test_all_classifiers.py::TestAllClassifiers::test_multioutput[ShapeDTW-1],call,16.78,36.54
after,38,test_classifier_output[ShapeDTW-1-ClassifierFitPredictThreeClasses],sktime/classification/tests/test_all_classifiers.py::TestAllClassifiers::test_classifier_output[ShapeDTW-1-ClassifierFitPredictThreeClasses],call,7.5,36.54
after,38,test_classifier_output[ShapeDTW-1-ClassifierFitPredict],sktime/classification/tests/test_all_classifiers.py::TestAllClassifiers::test_classifier_output[ShapeDTW-1-ClassifierFitPredict],call,5.11,36.54
after,38,test_classifier_on_unit_test_data[ShapeDTW],sktime/classification/tests/test_all_classifiers.py::TestAllClassifiers::test_classifier_on_unit_test_data[ShapeDTW],call,0.84,36.54
after,38,test_multioutput[ShapeDTW-0],sktime/classification/tests/test_all_classifiers.py::TestAllClassifiers::test_multioutput[ShapeDTW-0],call,0.76,36.54
after,38,test_classifier_output[ShapeDTW-0-ClassifierFitPredictThreeClasses],sktime/classification/tests/test_all_classifiers.py::TestAllClassifiers::test_classifier_output[ShapeDTW-0-ClassifierFitPredictThreeClasses],call,0.32,36.54
after,38,test_classifier_output[ShapeDTW-0-ClassifierFitPredict],sktime/classification/tests/test_all_classifiers.py::TestAllClassifiers::test_classifier_output[ShapeDTW-0-ClassifierFitPredict],call,0.25,36.54
after,38,test_multivariate_input_exception[ShapeDTW-0],sktime/classification/tests/test_all_classifiers.py::TestAllClassifiers::test_multivariate_input_exception[ShapeDTW-0],call,0.01,36.54
after,38,test_multivariate_input_exception[ShapeDTW-1],sktime/classification/tests/test_all_classifiers.py::TestAllClassifiers::test_multivariate_input_exception[ShapeDTW-1],call,0.01,36.54
after,38,test_handles_single_class[ShapeDTW-1],sktime/classification/tests/test_all_classifiers.py::TestAllClassifiers::test_handles_single_class[ShapeDTW-1],call,0.01,36.54
after,38,test_handles_single_class[ShapeDTW-0],sktime/classification/tests/test_all_classifiers.py::TestAllClassifiers::test_handles_single_class[ShapeDTW-0],call,0.0,36.54
after,38,test_classifier_on_unit_test_data[ShapeDTW],sktime/classification/tests/test_all_classifiers.py::TestAllClassifiers::test_classifier_on_unit_test_data[ShapeDTW],setup,0.0,36.54
after,38,test_classifier_output[ShapeDTW-1-ClassifierFitPredictThreeClasses],sktime/classification/tests/test_all_classifiers.py::TestAllClassifiers::test_classifier_output[ShapeDTW-1-ClassifierFitPredictThreeClasses],setup,0.0,36.54
after,38,test_classifier_output[ShapeDTW-0-ClassifierFitPredictThreeClasses],sktime/classification/tests/test_all_classifiers.py::TestAllClassifiers::test_classifier_output[ShapeDTW-0-ClassifierFitPredictThreeClasses],setup,0.0,36.54
after,38,test_classifier_output[ShapeDTW-1-ClassifierFitPredict],sktime/classification/tests/test_all_classifiers.py::TestAllClassifiers::test_classifier_output[ShapeDTW-1-ClassifierFitPredict],setup,0.0,36.54
after,38,test_handles_single_class[ShapeDTW-0],sktime/classification/tests/test_all_classifiers.py::TestAllClassifiers::test_handles_single_class[ShapeDTW-0],setup,0.0,36.54
after,38,test_multioutput[ShapeDTW-0],sktime/classification/tests/test_all_classifiers.py::TestAllClassifiers::test_multioutput[ShapeDTW-0],setup,0.0,36.54
after,38,test_multivariate_input_exception[ShapeDTW-0],sktime/classification/tests/test_all_classifiers.py::TestAllClassifiers::test_multivariate_input_exception[ShapeDTW-0],setup,0.0,36.54
after,38,test_classifier_output[ShapeDTW-0-ClassifierFitPredict],sktime/classification/tests/test_all_classifiers.py::TestAllClassifiers::test_classifier_output[ShapeDTW-0-ClassifierFitPredict],setup,0.0,36.54
after,38,test_handles_single_class[ShapeDTW-1],sktime/classification/tests/test_all_classifiers.py::TestAllClassifiers::test_handles_single_class[ShapeDTW-1],setup,0.0,36.54
after,38,test_multivariate_input_exception[ShapeDTW-1],sktime/classification/tests/test_all_classifiers.py::TestAllClassifiers::test_multivariate_input_exception[ShapeDTW-1],setup,0.0,36.54
after,38,test_multioutput[ShapeDTW-1],sktime/classification/tests/test_all_classifiers.py::TestAllClassifiers::test_multioutput[ShapeDTW-1],setup,0.0,36.54
after,38,test_classifier_on_basic_motions[ShapeDTW],sktime/classification/tests/test_all_classifiers.py::TestAllClassifiers::test_classifier_on_basic_motions[ShapeDTW],setup,0.0,36.54
after,38,test_multioutput[ShapeDTW-0],sktime/classification/tests/test_all_classifiers.py::TestAllClassifiers::test_multioutput[ShapeDTW-0],teardown,0.0,36.54
after,38,test_classifier_output[ShapeDTW-1-ClassifierFitPredict],sktime/classification/tests/test_all_classifiers.py::TestAllClassifiers::test_classifier_output[ShapeDTW-1-ClassifierFitPredict],teardown,0.0,36.54
after,38,test_classifier_output[ShapeDTW-1-ClassifierFitPredictThreeClasses],sktime/classification/tests/test_all_classifiers.py::TestAllClassifiers::test_classifier_output[ShapeDTW-1-ClassifierFitPredictThreeClasses],teardown,0.0,36.54
after,38,test_classifier_output[ShapeDTW-0-ClassifierFitPredictThreeClasses],sktime/classification/tests/test_all_classifiers.py::TestAllClassifiers::test_classifier_output[ShapeDTW-0-ClassifierFitPredictThreeClasses],teardown,0.0,36.54
after,38,test_multioutput[ShapeDTW-1],sktime/classification/tests/test_all_classifiers.py::TestAllClassifiers::test_multioutput[ShapeDTW-1],teardown,0.0,36.54
after,38,test_classifier_output[ShapeDTW-0-ClassifierFitPredict],sktime/classification/tests/test_all_classifiers.py::TestAllClassifiers::test_classifier_output[ShapeDTW-0-ClassifierFitPredict],teardown,0.0,36.54
after,38,test_classifier_on_unit_test_data[ShapeDTW],sktime/classification/tests/test_all_classifiers.py::TestAllClassifiers::test_classifier_on_unit_test_data[ShapeDTW],teardown,0.0,36.54
after,38,test_handles_single_class[ShapeDTW-0],sktime/classification/tests/test_all_classifiers.py::TestAllClassifiers::test_handles_single_class[ShapeDTW-0],teardown,0.0,36.54
after,38,test_handles_single_class[ShapeDTW-1],sktime/classification/tests/test_all_classifiers.py::TestAllClassifiers::test_handles_single_class[ShapeDTW-1],teardown,0.0,36.54
after,38,test_classifier_on_basic_motions[ShapeDTW],sktime/classification/tests/test_all_classifiers.py::TestAllClassifiers::test_classifier_on_basic_motions[ShapeDTW],teardown,0.0,36.54
after,38,test_classifier_on_basic_motions[ShapeDTW],sktime/classification/tests/test_all_classifiers.py::TestAllClassifiers::test_classifier_on_basic_motions[ShapeDTW],call,0.0,36.54
after,38,test_multivariate_input_exception[ShapeDTW-0],sktime/classification/tests/test_all_classifiers.py::TestAllClassifiers::test_multivariate_input_exception[ShapeDTW-0],teardown,0.0,36.54
after,38,test_multivariate_input_exception[ShapeDTW-1],sktime/classification/tests/test_all_classifiers.py::TestAllClassifiers::test_multivariate_input_exception[ShapeDTW-1],teardown,0.0,36.54
after,39,test_multioutput[ShapeDTW-1],sktime/classification/tests/test_all_classifiers.py::TestAllClassifiers::test_multioutput[ShapeDTW-1],call,16.42,36.28
after,39,test_classifier_output[ShapeDTW-1-ClassifierFitPredictThreeClasses],sktime/classification/tests/test_all_classifiers.py::TestAllClassifiers::test_classifier_output[ShapeDTW-1-ClassifierFitPredictThreeClasses],call,7.43,36.28
after,39,test_classifier_output[ShapeDTW-1-ClassifierFitPredict],sktime/classification/tests/test_all_classifiers.py::TestAllClassifiers::test_classifier_output[ShapeDTW-1-ClassifierFitPredict],call,5.47,36.28
after,39,test_multioutput[ShapeDTW-0],sktime/classification/tests/test_all_classifiers.py::TestAllClassifiers::test_multioutput[ShapeDTW-0],call,0.76,36.28
after,39,test_classifier_output[ShapeDTW-0-ClassifierFitPredict],sktime/classification/tests/test_all_classifiers.py::TestAllClassifiers::test_classifier_output[ShapeDTW-0-ClassifierFitPredict],call,0.51,36.28
after,39,test_classifier_on_unit_test_data[ShapeDTW],sktime/classification/tests/test_all_classifiers.py::TestAllClassifiers::test_classifier_on_unit_test_data[ShapeDTW],call,0.45,36.28
after,39,test_classifier_output[ShapeDTW-0-ClassifierFitPredictThreeClasses],sktime/classification/tests/test_all_classifiers.py::TestAllClassifiers::test_classifier_output[ShapeDTW-0-ClassifierFitPredictThreeClasses],call,0.31,36.28
after,39,test_multivariate_input_exception[ShapeDTW-1],sktime/classification/tests/test_all_classifiers.py::TestAllClassifiers::test_multivariate_input_exception[ShapeDTW-1],call,0.01,36.28
after,39,test_multivariate_input_exception[ShapeDTW-0],sktime/classification/tests/test_all_classifiers.py::TestAllClassifiers::test_multivariate_input_exception[ShapeDTW-0],call,0.01,36.28
after,39,test_handles_single_class[ShapeDTW-0],sktime/classification/tests/test_all_classifiers.py::TestAllClassifiers::test_handles_single_class[ShapeDTW-0],call,0.0,36.28
after,39,test_handles_single_class[ShapeDTW-1],sktime/classification/tests/test_all_classifiers.py::TestAllClassifiers::test_handles_single_class[ShapeDTW-1],call,0.0,36.28
after,39,test_classifier_output[ShapeDTW-1-ClassifierFitPredict],sktime/classification/tests/test_all_classifiers.py::TestAllClassifiers::test_classifier_output[ShapeDTW-1-ClassifierFitPredict],setup,0.0,36.28
after,39,test_classifier_output[ShapeDTW-1-ClassifierFitPredictThreeClasses],sktime/classification/tests/test_all_classifiers.py::TestAllClassifiers::test_classifier_output[ShapeDTW-1-ClassifierFitPredictThreeClasses],setup,0.0,36.28
after,39,test_classifier_output[ShapeDTW-0-ClassifierFitPredictThreeClasses],sktime/classification/tests/test_all_classifiers.py::TestAllClassifiers::test_classifier_output[ShapeDTW-0-ClassifierFitPredictThreeClasses],setup,0.0,36.28
after,39,test_multioutput[ShapeDTW-0],sktime/classification/tests/test_all_classifiers.py::TestAllClassifiers::test_multioutput[ShapeDTW-0],setup,0.0,36.28
after,39,test_handles_single_class[ShapeDTW-0],sktime/classification/tests/test_all_classifiers.py::TestAllClassifiers::test_handles_single_class[ShapeDTW-0],setup,0.0,36.28
after,39,test_multivariate_input_exception[ShapeDTW-1],sktime/classification/tests/test_all_classifiers.py::TestAllClassifiers::test_multivariate_input_exception[ShapeDTW-1],setup,0.0,36.28
after,39,test_classifier_output[ShapeDTW-0-ClassifierFitPredict],sktime/classification/tests/test_all_classifiers.py::TestAllClassifiers::test_classifier_output[ShapeDTW-0-ClassifierFitPredict],setup,0.0,36.28
after,39,test_handles_single_class[ShapeDTW-1],sktime/classification/tests/test_all_classifiers.py::TestAllClassifiers::test_handles_single_class[ShapeDTW-1],setup,0.0,36.28
after,39,test_multivariate_input_exception[ShapeDTW-0],sktime/classification/tests/test_all_classifiers.py::TestAllClassifiers::test_multivariate_input_exception[ShapeDTW-0],setup,0.0,36.28
after,39,test_multioutput[ShapeDTW-1],sktime/classification/tests/test_all_classifiers.py::TestAllClassifiers::test_multioutput[ShapeDTW-1],setup,0.0,36.28
after,39,test_classifier_on_basic_motions[ShapeDTW],sktime/classification/tests/test_all_classifiers.py::TestAllClassifiers::test_classifier_on_basic_motions[ShapeDTW],setup,0.0,36.28
after,39,test_classifier_on_unit_test_data[ShapeDTW],sktime/classification/tests/test_all_classifiers.py::TestAllClassifiers::test_classifier_on_unit_test_data[ShapeDTW],setup,0.0,36.28
after,39,test_classifier_output[ShapeDTW-1-ClassifierFitPredict],sktime/classification/tests/test_all_classifiers.py::TestAllClassifiers::test_classifier_output[ShapeDTW-1-ClassifierFitPredict],teardown,0.0,36.28
after,39,test_multioutput[ShapeDTW-1],sktime/classification/tests/test_all_classifiers.py::TestAllClassifiers::test_multioutput[ShapeDTW-1],teardown,0.0,36.28
after,39,test_classifier_output[ShapeDTW-1-ClassifierFitPredictThreeClasses],sktime/classification/tests/test_all_classifiers.py::TestAllClassifiers::test_classifier_output[ShapeDTW-1-ClassifierFitPredictThreeClasses],teardown,0.0,36.28
after,39,test_classifier_output[ShapeDTW-0-ClassifierFitPredict],sktime/classification/tests/test_all_classifiers.py::TestAllClassifiers::test_classifier_output[ShapeDTW-0-ClassifierFitPredict],teardown,0.0,36.28
after,39,test_multioutput[ShapeDTW-0],sktime/classification/tests/test_all_classifiers.py::TestAllClassifiers::test_multioutput[ShapeDTW-0],teardown,0.0,36.28
after,39,test_classifier_output[ShapeDTW-0-ClassifierFitPredictThreeClasses],sktime/classification/tests/test_all_classifiers.py::TestAllClassifiers::test_classifier_output[ShapeDTW-0-ClassifierFitPredictThreeClasses],teardown,0.0,36.28
after,39,test_classifier_on_unit_test_data[ShapeDTW],sktime/classification/tests/test_all_classifiers.py::TestAllClassifiers::test_classifier_on_unit_test_data[ShapeDTW],teardown,0.0,36.28
after,39,test_handles_single_class[ShapeDTW-0],sktime/classification/tests/test_all_classifiers.py::TestAllClassifiers::test_handles_single_class[ShapeDTW-0],teardown,0.0,36.28
after,39,test_classifier_on_basic_motions[ShapeDTW],sktime/classification/tests/test_all_classifiers.py::TestAllClassifiers::test_classifier_on_basic_motions[ShapeDTW],teardown,0.0,36.28
after,39,test_handles_single_class[ShapeDTW-1],sktime/classification/tests/test_all_classifiers.py::TestAllClassifiers::test_handles_single_class[ShapeDTW-1],teardown,0.0,36.28
after,39,test_classifier_on_basic_motions[ShapeDTW],sktime/classification/tests/test_all_classifiers.py::TestAllClassifiers::test_classifier_on_basic_motions[ShapeDTW],call,0.0,36.28
after,39,test_multivariate_input_exception[ShapeDTW-1],sktime/classification/tests/test_all_classifiers.py::TestAllClassifiers::test_multivariate_input_exception[ShapeDTW-1],teardown,0.0,36.28
after,39,test_multivariate_input_exception[ShapeDTW-0],sktime/classification/tests/test_all_classifiers.py::TestAllClassifiers::test_multivariate_input_exception[ShapeDTW-0],teardown,0.0,36.28
after,40,test_multioutput[ShapeDTW-1],sktime/classification/tests/test_all_classifiers.py::TestAllClassifiers::test_multioutput[ShapeDTW-1],call,16.83,36.66
after,40,test_classifier_output[ShapeDTW-1-ClassifierFitPredictThreeClasses],sktime/classification/tests/test_all_classifiers.py::TestAllClassifiers::test_classifier_output[ShapeDTW-1-ClassifierFitPredictThreeClasses],call,7.53,36.66
after,40,test_classifier_output[ShapeDTW-1-ClassifierFitPredict],sktime/classification/tests/test_all_classifiers.py::TestAllClassifiers::test_classifier_output[ShapeDTW-1-ClassifierFitPredict],call,5.19,36.66
after,40,test_classifier_on_unit_test_data[ShapeDTW],sktime/classification/tests/test_all_classifiers.py::TestAllClassifiers::test_classifier_on_unit_test_data[ShapeDTW],call,0.83,36.66
after,40,test_multioutput[ShapeDTW-0],sktime/classification/tests/test_all_classifiers.py::TestAllClassifiers::test_multioutput[ShapeDTW-0],call,0.77,36.66
after,40,test_classifier_output[ShapeDTW-0-ClassifierFitPredictThreeClasses],sktime/classification/tests/test_all_classifiers.py::TestAllClassifiers::test_classifier_output[ShapeDTW-0-ClassifierFitPredictThreeClasses],call,0.32,36.66
after,40,test_classifier_output[ShapeDTW-0-ClassifierFitPredict],sktime/classification/tests/test_all_classifiers.py::TestAllClassifiers::test_classifier_output[ShapeDTW-0-ClassifierFitPredict],call,0.25,36.66
after,40,test_multivariate_input_exception[ShapeDTW-1],sktime/classification/tests/test_all_classifiers.py::TestAllClassifiers::test_multivariate_input_exception[ShapeDTW-1],call,0.01,36.66
after,40,test_multivariate_input_exception[ShapeDTW-0],sktime/classification/tests/test_all_classifiers.py::TestAllClassifiers::test_multivariate_input_exception[ShapeDTW-0],call,0.01,36.66
after,40,test_handles_single_class[ShapeDTW-1],sktime/classification/tests/test_all_classifiers.py::TestAllClassifiers::test_handles_single_class[ShapeDTW-1],call,0.0,36.66
after,40,test_handles_single_class[ShapeDTW-0],sktime/classification/tests/test_all_classifiers.py::TestAllClassifiers::test_handles_single_class[ShapeDTW-0],call,0.0,36.66
after,40,test_classifier_on_unit_test_data[ShapeDTW],sktime/classification/tests/test_all_classifiers.py::TestAllClassifiers::test_classifier_on_unit_test_data[ShapeDTW],setup,0.0,36.66
after,40,test_classifier_output[ShapeDTW-1-ClassifierFitPredictThreeClasses],sktime/classification/tests/test_all_classifiers.py::TestAllClassifiers::test_classifier_output[ShapeDTW-1-ClassifierFitPredictThreeClasses],setup,0.0,36.66
after,40,test_classifier_output[ShapeDTW-1-ClassifierFitPredict],sktime/classification/tests/test_all_classifiers.py::TestAllClassifiers::test_classifier_output[ShapeDTW-1-ClassifierFitPredict],setup,0.0,36.66
after,40,test_multivariate_input_exception[ShapeDTW-1],sktime/classification/tests/test_all_classifiers.py::TestAllClassifiers::test_multivariate_input_exception[ShapeDTW-1],setup,0.0,36.66
after,40,test_multioutput[ShapeDTW-0],sktime/classification/tests/test_all_classifiers.py::TestAllClassifiers::test_multioutput[ShapeDTW-0],setup,0.0,36.66
after,40,test_multivariate_input_exception[ShapeDTW-0],sktime/classification/tests/test_all_classifiers.py::TestAllClassifiers::test_multivariate_input_exception[ShapeDTW-0],setup,0.0,36.66
after,40,test_multioutput[ShapeDTW-1],sktime/classification/tests/test_all_classifiers.py::TestAllClassifiers::test_multioutput[ShapeDTW-1],setup,0.0,36.66
after,40,test_classifier_output[ShapeDTW-0-ClassifierFitPredictThreeClasses],sktime/classification/tests/test_all_classifiers.py::TestAllClassifiers::test_classifier_output[ShapeDTW-0-ClassifierFitPredictThreeClasses],setup,0.0,36.66
after,40,test_handles_single_class[ShapeDTW-1],sktime/classification/tests/test_all_classifiers.py::TestAllClassifiers::test_handles_single_class[ShapeDTW-1],setup,0.0,36.66
after,40,test_classifier_output[ShapeDTW-0-ClassifierFitPredict],sktime/classification/tests/test_all_classifiers.py::TestAllClassifiers::test_classifier_output[ShapeDTW-0-ClassifierFitPredict],setup,0.0,36.66
after,40,test_handles_single_class[ShapeDTW-0],sktime/classification/tests/test_all_classifiers.py::TestAllClassifiers::test_handles_single_class[ShapeDTW-0],setup,0.0,36.66
after,40,test_classifier_on_basic_motions[ShapeDTW],sktime/classification/tests/test_all_classifiers.py::TestAllClassifiers::test_classifier_on_basic_motions[ShapeDTW],setup,0.0,36.66
after,40,test_classifier_output[ShapeDTW-1-ClassifierFitPredict],sktime/classification/tests/test_all_classifiers.py::TestAllClassifiers::test_classifier_output[ShapeDTW-1-ClassifierFitPredict],teardown,0.0,36.66
after,40,test_multioutput[ShapeDTW-1],sktime/classification/tests/test_all_classifiers.py::TestAllClassifiers::test_multioutput[ShapeDTW-1],teardown,0.0,36.66
after,40,test_classifier_output[ShapeDTW-0-ClassifierFitPredict],sktime/classification/tests/test_all_classifiers.py::TestAllClassifiers::test_classifier_output[ShapeDTW-0-ClassifierFitPredict],teardown,0.0,36.66
after,40,test_classifier_output[ShapeDTW-0-ClassifierFitPredictThreeClasses],sktime/classification/tests/test_all_classifiers.py::TestAllClassifiers::test_classifier_output[ShapeDTW-0-ClassifierFitPredictThreeClasses],teardown,0.0,36.66
after,40,test_classifier_output[ShapeDTW-1-ClassifierFitPredictThreeClasses],sktime/classification/tests/test_all_classifiers.py::TestAllClassifiers::test_classifier_output[ShapeDTW-1-ClassifierFitPredictThreeClasses],teardown,0.0,36.66
after,40,test_multioutput[ShapeDTW-0],sktime/classification/tests/test_all_classifiers.py::TestAllClassifiers::test_multioutput[ShapeDTW-0],teardown,0.0,36.66
after,40,test_classifier_on_unit_test_data[ShapeDTW],sktime/classification/tests/test_all_classifiers.py::TestAllClassifiers::test_classifier_on_unit_test_data[ShapeDTW],teardown,0.0,36.66
after,40,test_multivariate_input_exception[ShapeDTW-0],sktime/classification/tests/test_all_classifiers.py::TestAllClassifiers::test_multivariate_input_exception[ShapeDTW-0],teardown,0.0,36.66
after,40,test_multivariate_input_exception[ShapeDTW-1],sktime/classification/tests/test_all_classifiers.py::TestAllClassifiers::test_multivariate_input_exception[ShapeDTW-1],teardown,0.0,36.66
after,40,test_handles_single_class[ShapeDTW-1],sktime/classification/tests/test_all_classifiers.py::TestAllClassifiers::test_handles_single_class[ShapeDTW-1],teardown,0.0,36.66
after,40,test_handles_single_class[ShapeDTW-0],sktime/classification/tests/test_all_classifiers.py::TestAllClassifiers::test_handles_single_class[ShapeDTW-0],teardown,0.0,36.66
after,40,test_classifier_on_basic_motions[ShapeDTW],sktime/classification/tests/test_all_classifiers.py::TestAllClassifiers::test_classifier_on_basic_motions[ShapeDTW],call,0.0,36.66
after,40,test_classifier_on_basic_motions[ShapeDTW],sktime/classification/tests/test_all_classifiers.py::TestAllClassifiers::test_classifier_on_basic_motions[ShapeDTW],teardown,0.0,36.66
