version,run_number,test_name,test_path,phase,duration_sec,total_test_time
before,1,test_boundary_forcing_data_consistency_plot_save,roms_tools/tests/test_setup/test_boundary_forcing.py::test_boundary_forcing_data_consistency_plot_save,call,118.4,139.57
before,1,test_bgc_boundary_forcing_data_consistency_plot_save,roms_tools/tests/test_setup/test_boundary_forcing.py::test_bgc_boundary_forcing_data_consistency_plot_save,call,10.74,139.57
before,1,test_roundtrip_yaml[bgc_boundary_forcing_from_climatology],roms_tools/tests/test_setup/test_boundary_forcing.py::test_roundtrip_yaml[bgc_boundary_forcing_from_climatology],call,2.95,139.57
before,1,test_boundary_forcing_creation_with_bgc,roms_tools/tests/test_setup/test_boundary_forcing.py::test_boundary_forcing_creation_with_bgc,setup,1.44,139.57
before,1,test_bgc_boundary_forcing_data_consistency_plot_save,roms_tools/tests/test_setup/test_boundary_forcing.py::test_bgc_boundary_forcing_data_consistency_plot_save,setup,1.36,139.57
before,1,test_coordinates_existence_and_values[bgc_boundary_forcing_from_climatology-expected_coords1],roms_tools/tests/test_setup/test_boundary_forcing.py::test_coordinates_existence_and_values[bgc_boundary_forcing_from_climatology-expected_coords1],call,1.34,139.57
before,1,test_roundtrip_yaml[boundary_forcing],roms_tools/tests/test_setup/test_boundary_forcing.py::test_roundtrip_yaml[boundary_forcing],call,0.85,139.57
before,1,test_boundary_forcing_creation,roms_tools/tests/test_setup/test_boundary_forcing.py::test_boundary_forcing_creation,setup,0.55,139.57
before,1,test_boundary_forcing_data_consistency_plot_save,roms_tools/tests/test_setup/test_boundary_forcing.py::test_boundary_forcing_data_consistency_plot_save,setup,0.5,139.57
before,1,test_coordinates_existence_and_values[boundary_forcing-expected_coords0],roms_tools/tests/test_setup/test_boundary_forcing.py::test_coordinates_existence_and_values[boundary_forcing-expected_coords0],call,0.43,139.57
before,1,test_boundary_forcing_creation,roms_tools/tests/test_setup/test_boundary_forcing.py::test_boundary_forcing_creation,call,0.04,139.57
before,1,test_boundary_forcing_creation_with_bgc,roms_tools/tests/test_setup/test_boundary_forcing.py::test_boundary_forcing_creation_with_bgc,call,0.03,139.57
before,1,test_roundtrip_yaml[bgc_boundary_forcing_from_climatology],roms_tools/tests/test_setup/test_boundary_forcing.py::test_roundtrip_yaml[bgc_boundary_forcing_from_climatology],teardown,0.01,139.57
before,1,test_coordinates_existence_and_values[bgc_boundary_forcing_from_climatology-expected_coords1],roms_tools/tests/test_setup/test_boundary_forcing.py::test_coordinates_existence_and_values[bgc_boundary_forcing_from_climatology-expected_coords1],teardown,0.01,139.57
before,2,test_boundary_forcing_data_consistency_plot_save,roms_tools/tests/test_setup/test_boundary_forcing.py::test_boundary_forcing_data_consistency_plot_save,call,113.91,134.29
before,2,test_bgc_boundary_forcing_data_consistency_plot_save,roms_tools/tests/test_setup/test_boundary_forcing.py::test_bgc_boundary_forcing_data_consistency_plot_save,call,10.25,134.29
before,2,test_roundtrip_yaml[bgc_boundary_forcing_from_climatology],roms_tools/tests/test_setup/test_boundary_forcing.py::test_roundtrip_yaml[bgc_boundary_forcing_from_climatology],call,2.72,134.29
before,2,test_boundary_forcing_creation_with_bgc,roms_tools/tests/test_setup/test_boundary_forcing.py::test_boundary_forcing_creation_with_bgc,setup,1.47,134.29
before,2,test_coordinates_existence_and_values[bgc_boundary_forcing_from_climatology-expected_coords1],roms_tools/tests/test_setup/test_boundary_forcing.py::test_coordinates_existence_and_values[bgc_boundary_forcing_from_climatology-expected_coords1],call,1.37,134.29
before,2,test_bgc_boundary_forcing_data_consistency_plot_save,roms_tools/tests/test_setup/test_boundary_forcing.py::test_bgc_boundary_forcing_data_consistency_plot_save,setup,1.26,134.29
before,2,test_roundtrip_yaml[boundary_forcing],roms_tools/tests/test_setup/test_boundary_forcing.py::test_roundtrip_yaml[boundary_forcing],call,0.78,134.29
before,2,test_boundary_forcing_creation,roms_tools/tests/test_setup/test_boundary_forcing.py::test_boundary_forcing_creation,setup,0.56,134.29
before,2,test_boundary_forcing_data_consistency_plot_save,roms_tools/tests/test_setup/test_boundary_forcing.py::test_boundary_forcing_data_consistency_plot_save,setup,0.5,134.29
before,2,test_coordinates_existence_and_values[boundary_forcing-expected_coords0],roms_tools/tests/test_setup/test_boundary_forcing.py::test_coordinates_existence_and_values[boundary_forcing-expected_coords0],call,0.45,134.29
before,2,test_boundary_forcing_creation,roms_tools/tests/test_setup/test_boundary_forcing.py::test_boundary_forcing_creation,call,0.04,134.29
before,2,test_boundary_forcing_creation_with_bgc,roms_tools/tests/test_setup/test_boundary_forcing.py::test_boundary_forcing_creation_with_bgc,call,0.03,134.29
before,2,test_roundtrip_yaml[bgc_boundary_forcing_from_climatology],roms_tools/tests/test_setup/test_boundary_forcing.py::test_roundtrip_yaml[bgc_boundary_forcing_from_climatology],teardown,0.01,134.29
before,2,test_coordinates_existence_and_values[bgc_boundary_forcing_from_climatology-expected_coords1],roms_tools/tests/test_setup/test_boundary_forcing.py::test_coordinates_existence_and_values[bgc_boundary_forcing_from_climatology-expected_coords1],teardown,0.01,134.29
before,3,test_boundary_forcing_data_consistency_plot_save,roms_tools/tests/test_setup/test_boundary_forcing.py::test_boundary_forcing_data_consistency_plot_save,call,112.07,132.08
before,3,test_bgc_boundary_forcing_data_consistency_plot_save,roms_tools/tests/test_setup/test_boundary_forcing.py::test_bgc_boundary_forcing_data_consistency_plot_save,call,10.38,132.08
before,3,test_roundtrip_yaml[bgc_boundary_forcing_from_climatology],roms_tools/tests/test_setup/test_boundary_forcing.py::test_roundtrip_yaml[bgc_boundary_forcing_from_climatology],call,2.74,132.08
before,3,test_boundary_forcing_creation_with_bgc,roms_tools/tests/test_setup/test_boundary_forcing.py::test_boundary_forcing_creation_with_bgc,setup,1.32,132.08
before,3,test_bgc_boundary_forcing_data_consistency_plot_save,roms_tools/tests/test_setup/test_boundary_forcing.py::test_bgc_boundary_forcing_data_consistency_plot_save,setup,1.25,132.08
before,3,test_coordinates_existence_and_values[bgc_boundary_forcing_from_climatology-expected_coords1],roms_tools/tests/test_setup/test_boundary_forcing.py::test_coordinates_existence_and_values[bgc_boundary_forcing_from_climatology-expected_coords1],call,1.24,132.08
before,3,test_roundtrip_yaml[boundary_forcing],roms_tools/tests/test_setup/test_boundary_forcing.py::test_roundtrip_yaml[boundary_forcing],call,0.78,132.08
before,3,test_boundary_forcing_creation,roms_tools/tests/test_setup/test_boundary_forcing.py::test_boundary_forcing_creation,setup,0.52,132.08
before,3,test_boundary_forcing_data_consistency_plot_save,roms_tools/tests/test_setup/test_boundary_forcing.py::test_boundary_forcing_data_consistency_plot_save,setup,0.45,132.08
before,3,test_coordinates_existence_and_values[boundary_forcing-expected_coords0],roms_tools/tests/test_setup/test_boundary_forcing.py::test_coordinates_existence_and_values[boundary_forcing-expected_coords0],call,0.4,132.08
before,3,test_boundary_forcing_creation,roms_tools/tests/test_setup/test_boundary_forcing.py::test_boundary_forcing_creation,call,0.04,132.08
before,3,test_boundary_forcing_creation_with_bgc,roms_tools/tests/test_setup/test_boundary_forcing.py::test_boundary_forcing_creation_with_bgc,call,0.02,132.08
before,3,test_roundtrip_yaml[bgc_boundary_forcing_from_climatology],roms_tools/tests/test_setup/test_boundary_forcing.py::test_roundtrip_yaml[bgc_boundary_forcing_from_climatology],teardown,0.01,132.08
before,4,test_boundary_forcing_data_consistency_plot_save,roms_tools/tests/test_setup/test_boundary_forcing.py::test_boundary_forcing_data_consistency_plot_save,call,111.95,131.75
before,4,test_bgc_boundary_forcing_data_consistency_plot_save,roms_tools/tests/test_setup/test_boundary_forcing.py::test_bgc_boundary_forcing_data_consistency_plot_save,call,10.22,131.75
before,4,test_roundtrip_yaml[bgc_boundary_forcing_from_climatology],roms_tools/tests/test_setup/test_boundary_forcing.py::test_roundtrip_yaml[bgc_boundary_forcing_from_climatology],call,2.7,131.75
before,4,test_boundary_forcing_creation_with_bgc,roms_tools/tests/test_setup/test_boundary_forcing.py::test_boundary_forcing_creation_with_bgc,setup,1.32,131.75
before,4,test_bgc_boundary_forcing_data_consistency_plot_save,roms_tools/tests/test_setup/test_boundary_forcing.py::test_bgc_boundary_forcing_data_consistency_plot_save,setup,1.25,131.75
before,4,test_coordinates_existence_and_values[bgc_boundary_forcing_from_climatology-expected_coords1],roms_tools/tests/test_setup/test_boundary_forcing.py::test_coordinates_existence_and_values[bgc_boundary_forcing_from_climatology-expected_coords1],call,1.23,131.75
before,4,test_roundtrip_yaml[boundary_forcing],roms_tools/tests/test_setup/test_boundary_forcing.py::test_roundtrip_yaml[boundary_forcing],call,0.78,131.75
before,4,test_boundary_forcing_creation,roms_tools/tests/test_setup/test_boundary_forcing.py::test_boundary_forcing_creation,setup,0.51,131.75
before,4,test_boundary_forcing_data_consistency_plot_save,roms_tools/tests/test_setup/test_boundary_forcing.py::test_boundary_forcing_data_consistency_plot_save,setup,0.46,131.75
before,4,test_coordinates_existence_and_values[boundary_forcing-expected_coords0],roms_tools/tests/test_setup/test_boundary_forcing.py::test_coordinates_existence_and_values[boundary_forcing-expected_coords0],call,0.4,131.75
before,4,test_boundary_forcing_creation,roms_tools/tests/test_setup/test_boundary_forcing.py::test_boundary_forcing_creation,call,0.04,131.75
before,4,test_boundary_forcing_creation_with_bgc,roms_tools/tests/test_setup/test_boundary_forcing.py::test_boundary_forcing_creation_with_bgc,call,0.03,131.75
before,4,test_roundtrip_yaml[bgc_boundary_forcing_from_climatology],roms_tools/tests/test_setup/test_boundary_forcing.py::test_roundtrip_yaml[bgc_boundary_forcing_from_climatology],teardown,0.01,131.75
before,5,test_boundary_forcing_data_consistency_plot_save,roms_tools/tests/test_setup/test_boundary_forcing.py::test_boundary_forcing_data_consistency_plot_save,call,111.56,131.44
before,5,test_bgc_boundary_forcing_data_consistency_plot_save,roms_tools/tests/test_setup/test_boundary_forcing.py::test_bgc_boundary_forcing_data_consistency_plot_save,call,10.28,131.44
before,5,test_roundtrip_yaml[bgc_boundary_forcing_from_climatology],roms_tools/tests/test_setup/test_boundary_forcing.py::test_roundtrip_yaml[bgc_boundary_forcing_from_climatology],call,2.7,131.44
before,5,test_boundary_forcing_creation_with_bgc,roms_tools/tests/test_setup/test_boundary_forcing.py::test_boundary_forcing_creation_with_bgc,setup,1.31,131.44
before,5,test_bgc_boundary_forcing_data_consistency_plot_save,roms_tools/tests/test_setup/test_boundary_forcing.py::test_bgc_boundary_forcing_data_consistency_plot_save,setup,1.26,131.44
before,5,test_coordinates_existence_and_values[bgc_boundary_forcing_from_climatology-expected_coords1],roms_tools/tests/test_setup/test_boundary_forcing.py::test_coordinates_existence_and_values[bgc_boundary_forcing_from_climatology-expected_coords1],call,1.23,131.44
before,5,test_roundtrip_yaml[boundary_forcing],roms_tools/tests/test_setup/test_boundary_forcing.py::test_roundtrip_yaml[boundary_forcing],call,0.77,131.44
before,5,test_boundary_forcing_creation,roms_tools/tests/test_setup/test_boundary_forcing.py::test_boundary_forcing_creation,setup,0.52,131.44
before,5,test_boundary_forcing_data_consistency_plot_save,roms_tools/tests/test_setup/test_boundary_forcing.py::test_boundary_forcing_data_consistency_plot_save,setup,0.45,131.44
before,5,test_coordinates_existence_and_values[boundary_forcing-expected_coords0],roms_tools/tests/test_setup/test_boundary_forcing.py::test_coordinates_existence_and_values[boundary_forcing-expected_coords0],call,0.4,131.44
before,5,test_boundary_forcing_creation,roms_tools/tests/test_setup/test_boundary_forcing.py::test_boundary_forcing_creation,call,0.04,131.44
before,5,test_boundary_forcing_creation_with_bgc,roms_tools/tests/test_setup/test_boundary_forcing.py::test_boundary_forcing_creation_with_bgc,call,0.03,131.44
before,5,test_roundtrip_yaml[bgc_boundary_forcing_from_climatology],roms_tools/tests/test_setup/test_boundary_forcing.py::test_roundtrip_yaml[bgc_boundary_forcing_from_climatology],teardown,0.01,131.44
before,6,test_boundary_forcing_data_consistency_plot_save,roms_tools/tests/test_setup/test_boundary_forcing.py::test_boundary_forcing_data_consistency_plot_save,call,111.86,131.69
before,6,test_bgc_boundary_forcing_data_consistency_plot_save,roms_tools/tests/test_setup/test_boundary_forcing.py::test_bgc_boundary_forcing_data_consistency_plot_save,call,10.21,131.69
before,6,test_roundtrip_yaml[bgc_boundary_forcing_from_climatology],roms_tools/tests/test_setup/test_boundary_forcing.py::test_roundtrip_yaml[bgc_boundary_forcing_from_climatology],call,2.74,131.69
before,6,test_boundary_forcing_creation_with_bgc,roms_tools/tests/test_setup/test_boundary_forcing.py::test_boundary_forcing_creation_with_bgc,setup,1.31,131.69
before,6,test_coordinates_existence_and_values[bgc_boundary_forcing_from_climatology-expected_coords1],roms_tools/tests/test_setup/test_boundary_forcing.py::test_coordinates_existence_and_values[bgc_boundary_forcing_from_climatology-expected_coords1],call,1.24,131.69
before,6,test_bgc_boundary_forcing_data_consistency_plot_save,roms_tools/tests/test_setup/test_boundary_forcing.py::test_bgc_boundary_forcing_data_consistency_plot_save,setup,1.24,131.69
before,6,test_roundtrip_yaml[boundary_forcing],roms_tools/tests/test_setup/test_boundary_forcing.py::test_roundtrip_yaml[boundary_forcing],call,0.78,131.69
before,6,test_boundary_forcing_creation,roms_tools/tests/test_setup/test_boundary_forcing.py::test_boundary_forcing_creation,setup,0.52,131.69
before,6,test_boundary_forcing_data_consistency_plot_save,roms_tools/tests/test_setup/test_boundary_forcing.py::test_boundary_forcing_data_consistency_plot_save,setup,0.46,131.69
before,6,test_coordinates_existence_and_values[boundary_forcing-expected_coords0],roms_tools/tests/test_setup/test_boundary_forcing.py::test_coordinates_existence_and_values[boundary_forcing-expected_coords0],call,0.4,131.69
before,6,test_boundary_forcing_creation,roms_tools/tests/test_setup/test_boundary_forcing.py::test_boundary_forcing_creation,call,0.04,131.69
before,6,test_boundary_forcing_creation_with_bgc,roms_tools/tests/test_setup/test_boundary_forcing.py::test_boundary_forcing_creation_with_bgc,call,0.03,131.69
before,6,test_roundtrip_yaml[bgc_boundary_forcing_from_climatology],roms_tools/tests/test_setup/test_boundary_forcing.py::test_roundtrip_yaml[bgc_boundary_forcing_from_climatology],teardown,0.01,131.69
before,7,test_boundary_forcing_data_consistency_plot_save,roms_tools/tests/test_setup/test_boundary_forcing.py::test_boundary_forcing_data_consistency_plot_save,call,111.54,131.24
before,7,test_bgc_boundary_forcing_data_consistency_plot_save,roms_tools/tests/test_setup/test_boundary_forcing.py::test_bgc_boundary_forcing_data_consistency_plot_save,call,10.09,131.24
before,7,test_roundtrip_yaml[bgc_boundary_forcing_from_climatology],roms_tools/tests/test_setup/test_boundary_forcing.py::test_roundtrip_yaml[bgc_boundary_forcing_from_climatology],call,2.72,131.24
before,7,test_boundary_forcing_creation_with_bgc,roms_tools/tests/test_setup/test_boundary_forcing.py::test_boundary_forcing_creation_with_bgc,setup,1.32,131.24
before,7,test_bgc_boundary_forcing_data_consistency_plot_save,roms_tools/tests/test_setup/test_boundary_forcing.py::test_bgc_boundary_forcing_data_consistency_plot_save,setup,1.25,131.24
before,7,test_coordinates_existence_and_values[bgc_boundary_forcing_from_climatology-expected_coords1],roms_tools/tests/test_setup/test_boundary_forcing.py::test_coordinates_existence_and_values[bgc_boundary_forcing_from_climatology-expected_coords1],call,1.24,131.24
before,7,test_roundtrip_yaml[boundary_forcing],roms_tools/tests/test_setup/test_boundary_forcing.py::test_roundtrip_yaml[boundary_forcing],call,0.78,131.24
before,7,test_boundary_forcing_creation,roms_tools/tests/test_setup/test_boundary_forcing.py::test_boundary_forcing_creation,setup,0.51,131.24
before,7,test_boundary_forcing_data_consistency_plot_save,roms_tools/tests/test_setup/test_boundary_forcing.py::test_boundary_forcing_data_consistency_plot_save,setup,0.46,131.24
before,7,test_coordinates_existence_and_values[boundary_forcing-expected_coords0],roms_tools/tests/test_setup/test_boundary_forcing.py::test_coordinates_existence_and_values[boundary_forcing-expected_coords0],call,0.4,131.24
before,7,test_boundary_forcing_creation,roms_tools/tests/test_setup/test_boundary_forcing.py::test_boundary_forcing_creation,call,0.04,131.24
before,7,test_boundary_forcing_creation_with_bgc,roms_tools/tests/test_setup/test_boundary_forcing.py::test_boundary_forcing_creation_with_bgc,call,0.03,131.24
before,7,test_roundtrip_yaml[bgc_boundary_forcing_from_climatology],roms_tools/tests/test_setup/test_boundary_forcing.py::test_roundtrip_yaml[bgc_boundary_forcing_from_climatology],teardown,0.01,131.24
before,8,test_boundary_forcing_data_consistency_plot_save,roms_tools/tests/test_setup/test_boundary_forcing.py::test_boundary_forcing_data_consistency_plot_save,call,111.33,131.07
before,8,test_bgc_boundary_forcing_data_consistency_plot_save,roms_tools/tests/test_setup/test_boundary_forcing.py::test_bgc_boundary_forcing_data_consistency_plot_save,call,10.1,131.07
before,8,test_roundtrip_yaml[bgc_boundary_forcing_from_climatology],roms_tools/tests/test_setup/test_boundary_forcing.py::test_roundtrip_yaml[bgc_boundary_forcing_from_climatology],call,2.72,131.07
before,8,test_boundary_forcing_creation_with_bgc,roms_tools/tests/test_setup/test_boundary_forcing.py::test_boundary_forcing_creation_with_bgc,setup,1.32,131.07
before,8,test_bgc_boundary_forcing_data_consistency_plot_save,roms_tools/tests/test_setup/test_boundary_forcing.py::test_bgc_boundary_forcing_data_consistency_plot_save,setup,1.26,131.07
before,8,test_coordinates_existence_and_values[bgc_boundary_forcing_from_climatology-expected_coords1],roms_tools/tests/test_setup/test_boundary_forcing.py::test_coordinates_existence_and_values[bgc_boundary_forcing_from_climatology-expected_coords1],call,1.24,131.07
before,8,test_roundtrip_yaml[boundary_forcing],roms_tools/tests/test_setup/test_boundary_forcing.py::test_roundtrip_yaml[boundary_forcing],call,0.78,131.07
before,8,test_boundary_forcing_creation,roms_tools/tests/test_setup/test_boundary_forcing.py::test_boundary_forcing_creation,setup,0.52,131.07
before,8,test_boundary_forcing_data_consistency_plot_save,roms_tools/tests/test_setup/test_boundary_forcing.py::test_boundary_forcing_data_consistency_plot_save,setup,0.46,131.07
before,8,test_coordinates_existence_and_values[boundary_forcing-expected_coords0],roms_tools/tests/test_setup/test_boundary_forcing.py::test_coordinates_existence_and_values[boundary_forcing-expected_coords0],call,0.4,131.07
before,8,test_boundary_forcing_creation,roms_tools/tests/test_setup/test_boundary_forcing.py::test_boundary_forcing_creation,call,0.04,131.07
before,8,test_boundary_forcing_creation_with_bgc,roms_tools/tests/test_setup/test_boundary_forcing.py::test_boundary_forcing_creation_with_bgc,call,0.03,131.07
before,8,test_roundtrip_yaml[bgc_boundary_forcing_from_climatology],roms_tools/tests/test_setup/test_boundary_forcing.py::test_roundtrip_yaml[bgc_boundary_forcing_from_climatology],teardown,0.01,131.07
before,9,test_boundary_forcing_data_consistency_plot_save,roms_tools/tests/test_setup/test_boundary_forcing.py::test_boundary_forcing_data_consistency_plot_save,call,111.24,131.0
before,9,test_bgc_boundary_forcing_data_consistency_plot_save,roms_tools/tests/test_setup/test_boundary_forcing.py::test_bgc_boundary_forcing_data_consistency_plot_save,call,10.15,131.0
before,9,test_roundtrip_yaml[bgc_boundary_forcing_from_climatology],roms_tools/tests/test_setup/test_boundary_forcing.py::test_roundtrip_yaml[bgc_boundary_forcing_from_climatology],call,2.71,131.0
before,9,test_boundary_forcing_creation_with_bgc,roms_tools/tests/test_setup/test_boundary_forcing.py::test_boundary_forcing_creation_with_bgc,setup,1.32,131.0
before,9,test_bgc_boundary_forcing_data_consistency_plot_save,roms_tools/tests/test_setup/test_boundary_forcing.py::test_bgc_boundary_forcing_data_consistency_plot_save,setup,1.26,131.0
before,9,test_coordinates_existence_and_values[bgc_boundary_forcing_from_climatology-expected_coords1],roms_tools/tests/test_setup/test_boundary_forcing.py::test_coordinates_existence_and_values[bgc_boundary_forcing_from_climatology-expected_coords1],call,1.24,131.0
before,9,test_roundtrip_yaml[boundary_forcing],roms_tools/tests/test_setup/test_boundary_forcing.py::test_roundtrip_yaml[boundary_forcing],call,0.77,131.0
before,9,test_boundary_forcing_creation,roms_tools/tests/test_setup/test_boundary_forcing.py::test_boundary_forcing_creation,setup,0.52,131.0
before,9,test_boundary_forcing_data_consistency_plot_save,roms_tools/tests/test_setup/test_boundary_forcing.py::test_boundary_forcing_data_consistency_plot_save,setup,0.47,131.0
before,9,test_coordinates_existence_and_values[boundary_forcing-expected_coords0],roms_tools/tests/test_setup/test_boundary_forcing.py::test_coordinates_existence_and_values[boundary_forcing-expected_coords0],call,0.4,131.0
before,9,test_boundary_forcing_creation,roms_tools/tests/test_setup/test_boundary_forcing.py::test_boundary_forcing_creation,call,0.04,131.0
before,9,test_boundary_forcing_creation_with_bgc,roms_tools/tests/test_setup/test_boundary_forcing.py::test_boundary_forcing_creation_with_bgc,call,0.02,131.0
before,9,test_roundtrip_yaml[bgc_boundary_forcing_from_climatology],roms_tools/tests/test_setup/test_boundary_forcing.py::test_roundtrip_yaml[bgc_boundary_forcing_from_climatology],teardown,0.01,131.0
before,10,test_boundary_forcing_data_consistency_plot_save,roms_tools/tests/test_setup/test_boundary_forcing.py::test_boundary_forcing_data_consistency_plot_save,call,111.58,131.39
before,10,test_bgc_boundary_forcing_data_consistency_plot_save,roms_tools/tests/test_setup/test_boundary_forcing.py::test_bgc_boundary_forcing_data_consistency_plot_save,call,10.17,131.39
before,10,test_roundtrip_yaml[bgc_boundary_forcing_from_climatology],roms_tools/tests/test_setup/test_boundary_forcing.py::test_roundtrip_yaml[bgc_boundary_forcing_from_climatology],call,2.74,131.39
before,10,test_boundary_forcing_creation_with_bgc,roms_tools/tests/test_setup/test_boundary_forcing.py::test_boundary_forcing_creation_with_bgc,setup,1.32,131.39
before,10,test_bgc_boundary_forcing_data_consistency_plot_save,roms_tools/tests/test_setup/test_boundary_forcing.py::test_bgc_boundary_forcing_data_consistency_plot_save,setup,1.26,131.39
before,10,test_coordinates_existence_and_values[bgc_boundary_forcing_from_climatology-expected_coords1],roms_tools/tests/test_setup/test_boundary_forcing.py::test_coordinates_existence_and_values[bgc_boundary_forcing_from_climatology-expected_coords1],call,1.24,131.39
before,10,test_roundtrip_yaml[boundary_forcing],roms_tools/tests/test_setup/test_boundary_forcing.py::test_roundtrip_yaml[boundary_forcing],call,0.77,131.39
before,10,test_boundary_forcing_creation,roms_tools/tests/test_setup/test_boundary_forcing.py::test_boundary_forcing_creation,setup,0.52,131.39
before,10,test_boundary_forcing_data_consistency_plot_save,roms_tools/tests/test_setup/test_boundary_forcing.py::test_boundary_forcing_data_consistency_plot_save,setup,0.46,131.39
before,10,test_coordinates_existence_and_values[boundary_forcing-expected_coords0],roms_tools/tests/test_setup/test_boundary_forcing.py::test_coordinates_existence_and_values[boundary_forcing-expected_coords0],call,0.4,131.39
before,10,test_boundary_forcing_creation,roms_tools/tests/test_setup/test_boundary_forcing.py::test_boundary_forcing_creation,call,0.04,131.39
before,10,test_boundary_forcing_creation_with_bgc,roms_tools/tests/test_setup/test_boundary_forcing.py::test_boundary_forcing_creation_with_bgc,call,0.03,131.39
before,10,test_roundtrip_yaml[bgc_boundary_forcing_from_climatology],roms_tools/tests/test_setup/test_boundary_forcing.py::test_roundtrip_yaml[bgc_boundary_forcing_from_climatology],teardown,0.01,131.39
before,11,test_boundary_forcing_data_consistency_plot_save,roms_tools/tests/test_setup/test_boundary_forcing.py::test_boundary_forcing_data_consistency_plot_save,call,111.34,131.1
before,11,test_bgc_boundary_forcing_data_consistency_plot_save,roms_tools/tests/test_setup/test_boundary_forcing.py::test_bgc_boundary_forcing_data_consistency_plot_save,call,10.15,131.1
before,11,test_roundtrip_yaml[bgc_boundary_forcing_from_climatology],roms_tools/tests/test_setup/test_boundary_forcing.py::test_roundtrip_yaml[bgc_boundary_forcing_from_climatology],call,2.72,131.1
before,11,test_boundary_forcing_creation_with_bgc,roms_tools/tests/test_setup/test_boundary_forcing.py::test_boundary_forcing_creation_with_bgc,setup,1.32,131.1
before,11,test_bgc_boundary_forcing_data_consistency_plot_save,roms_tools/tests/test_setup/test_boundary_forcing.py::test_bgc_boundary_forcing_data_consistency_plot_save,setup,1.25,131.1
before,11,test_coordinates_existence_and_values[bgc_boundary_forcing_from_climatology-expected_coords1],roms_tools/tests/test_setup/test_boundary_forcing.py::test_coordinates_existence_and_values[bgc_boundary_forcing_from_climatology-expected_coords1],call,1.25,131.1
before,11,test_roundtrip_yaml[boundary_forcing],roms_tools/tests/test_setup/test_boundary_forcing.py::test_roundtrip_yaml[boundary_forcing],call,0.77,131.1
before,11,test_boundary_forcing_creation,roms_tools/tests/test_setup/test_boundary_forcing.py::test_boundary_forcing_creation,setup,0.51,131.1
before,11,test_boundary_forcing_data_consistency_plot_save,roms_tools/tests/test_setup/test_boundary_forcing.py::test_boundary_forcing_data_consistency_plot_save,setup,0.46,131.1
before,11,test_coordinates_existence_and_values[boundary_forcing-expected_coords0],roms_tools/tests/test_setup/test_boundary_forcing.py::test_coordinates_existence_and_values[boundary_forcing-expected_coords0],call,0.4,131.1
before,11,test_boundary_forcing_creation,roms_tools/tests/test_setup/test_boundary_forcing.py::test_boundary_forcing_creation,call,0.04,131.1
before,11,test_boundary_forcing_creation_with_bgc,roms_tools/tests/test_setup/test_boundary_forcing.py::test_boundary_forcing_creation_with_bgc,call,0.03,131.1
before,11,test_roundtrip_yaml[bgc_boundary_forcing_from_climatology],roms_tools/tests/test_setup/test_boundary_forcing.py::test_roundtrip_yaml[bgc_boundary_forcing_from_climatology],teardown,0.01,131.1
before,12,test_boundary_forcing_data_consistency_plot_save,roms_tools/tests/test_setup/test_boundary_forcing.py::test_boundary_forcing_data_consistency_plot_save,call,111.81,131.62
before,12,test_bgc_boundary_forcing_data_consistency_plot_save,roms_tools/tests/test_setup/test_boundary_forcing.py::test_bgc_boundary_forcing_data_consistency_plot_save,call,10.25,131.62
before,12,test_roundtrip_yaml[bgc_boundary_forcing_from_climatology],roms_tools/tests/test_setup/test_boundary_forcing.py::test_roundtrip_yaml[bgc_boundary_forcing_from_climatology],call,2.7,131.62
before,12,test_boundary_forcing_creation_with_bgc,roms_tools/tests/test_setup/test_boundary_forcing.py::test_boundary_forcing_creation_with_bgc,setup,1.32,131.62
before,12,test_bgc_boundary_forcing_data_consistency_plot_save,roms_tools/tests/test_setup/test_boundary_forcing.py::test_bgc_boundary_forcing_data_consistency_plot_save,setup,1.24,131.62
before,12,test_coordinates_existence_and_values[bgc_boundary_forcing_from_climatology-expected_coords1],roms_tools/tests/test_setup/test_boundary_forcing.py::test_coordinates_existence_and_values[bgc_boundary_forcing_from_climatology-expected_coords1],call,1.22,131.62
before,12,test_roundtrip_yaml[boundary_forcing],roms_tools/tests/test_setup/test_boundary_forcing.py::test_roundtrip_yaml[boundary_forcing],call,0.77,131.62
before,12,test_boundary_forcing_creation,roms_tools/tests/test_setup/test_boundary_forcing.py::test_boundary_forcing_creation,setup,0.53,131.62
before,12,test_boundary_forcing_data_consistency_plot_save,roms_tools/tests/test_setup/test_boundary_forcing.py::test_boundary_forcing_data_consistency_plot_save,setup,0.46,131.62
before,12,test_coordinates_existence_and_values[boundary_forcing-expected_coords0],roms_tools/tests/test_setup/test_boundary_forcing.py::test_coordinates_existence_and_values[boundary_forcing-expected_coords0],call,0.4,131.62
before,12,test_boundary_forcing_creation,roms_tools/tests/test_setup/test_boundary_forcing.py::test_boundary_forcing_creation,call,0.04,131.62
before,12,test_boundary_forcing_creation_with_bgc,roms_tools/tests/test_setup/test_boundary_forcing.py::test_boundary_forcing_creation_with_bgc,call,0.03,131.62
before,12,test_roundtrip_yaml[bgc_boundary_forcing_from_climatology],roms_tools/tests/test_setup/test_boundary_forcing.py::test_roundtrip_yaml[bgc_boundary_forcing_from_climatology],teardown,0.01,131.62
before,13,test_boundary_forcing_data_consistency_plot_save,roms_tools/tests/test_setup/test_boundary_forcing.py::test_boundary_forcing_data_consistency_plot_save,call,112.01,131.94
before,13,test_bgc_boundary_forcing_data_consistency_plot_save,roms_tools/tests/test_setup/test_boundary_forcing.py::test_bgc_boundary_forcing_data_consistency_plot_save,call,10.31,131.94
before,13,test_roundtrip_yaml[bgc_boundary_forcing_from_climatology],roms_tools/tests/test_setup/test_boundary_forcing.py::test_roundtrip_yaml[bgc_boundary_forcing_from_climatology],call,2.73,131.94
before,13,test_boundary_forcing_creation_with_bgc,roms_tools/tests/test_setup/test_boundary_forcing.py::test_boundary_forcing_creation_with_bgc,setup,1.32,131.94
before,13,test_bgc_boundary_forcing_data_consistency_plot_save,roms_tools/tests/test_setup/test_boundary_forcing.py::test_bgc_boundary_forcing_data_consistency_plot_save,setup,1.25,131.94
before,13,test_coordinates_existence_and_values[bgc_boundary_forcing_from_climatology-expected_coords1],roms_tools/tests/test_setup/test_boundary_forcing.py::test_coordinates_existence_and_values[bgc_boundary_forcing_from_climatology-expected_coords1],call,1.24,131.94
before,13,test_roundtrip_yaml[boundary_forcing],roms_tools/tests/test_setup/test_boundary_forcing.py::test_roundtrip_yaml[boundary_forcing],call,0.78,131.94
before,13,test_boundary_forcing_creation,roms_tools/tests/test_setup/test_boundary_forcing.py::test_boundary_forcing_creation,setup,0.51,131.94
before,13,test_boundary_forcing_data_consistency_plot_save,roms_tools/tests/test_setup/test_boundary_forcing.py::test_boundary_forcing_data_consistency_plot_save,setup,0.47,131.94
before,13,test_coordinates_existence_and_values[boundary_forcing-expected_coords0],roms_tools/tests/test_setup/test_boundary_forcing.py::test_coordinates_existence_and_values[boundary_forcing-expected_coords0],call,0.4,131.94
before,13,test_boundary_forcing_creation,roms_tools/tests/test_setup/test_boundary_forcing.py::test_boundary_forcing_creation,call,0.04,131.94
before,13,test_boundary_forcing_creation_with_bgc,roms_tools/tests/test_setup/test_boundary_forcing.py::test_boundary_forcing_creation_with_bgc,call,0.03,131.94
before,13,test_roundtrip_yaml[bgc_boundary_forcing_from_climatology],roms_tools/tests/test_setup/test_boundary_forcing.py::test_roundtrip_yaml[bgc_boundary_forcing_from_climatology],teardown,0.01,131.94
before,14,test_boundary_forcing_data_consistency_plot_save,roms_tools/tests/test_setup/test_boundary_forcing.py::test_boundary_forcing_data_consistency_plot_save,call,112.28,132.2
before,14,test_bgc_boundary_forcing_data_consistency_plot_save,roms_tools/tests/test_setup/test_boundary_forcing.py::test_bgc_boundary_forcing_data_consistency_plot_save,call,10.28,132.2
before,14,test_roundtrip_yaml[bgc_boundary_forcing_from_climatology],roms_tools/tests/test_setup/test_boundary_forcing.py::test_roundtrip_yaml[bgc_boundary_forcing_from_climatology],call,2.74,132.2
before,14,test_boundary_forcing_creation_with_bgc,roms_tools/tests/test_setup/test_boundary_forcing.py::test_boundary_forcing_creation_with_bgc,setup,1.33,132.2
before,14,test_bgc_boundary_forcing_data_consistency_plot_save,roms_tools/tests/test_setup/test_boundary_forcing.py::test_bgc_boundary_forcing_data_consistency_plot_save,setup,1.25,132.2
before,14,test_coordinates_existence_and_values[bgc_boundary_forcing_from_climatology-expected_coords1],roms_tools/tests/test_setup/test_boundary_forcing.py::test_coordinates_existence_and_values[bgc_boundary_forcing_from_climatology-expected_coords1],call,1.24,132.2
before,14,test_roundtrip_yaml[boundary_forcing],roms_tools/tests/test_setup/test_boundary_forcing.py::test_roundtrip_yaml[boundary_forcing],call,0.78,132.2
before,14,test_boundary_forcing_creation,roms_tools/tests/test_setup/test_boundary_forcing.py::test_boundary_forcing_creation,setup,0.52,132.2
before,14,test_boundary_forcing_data_consistency_plot_save,roms_tools/tests/test_setup/test_boundary_forcing.py::test_boundary_forcing_data_consistency_plot_save,setup,0.45,132.2
before,14,test_coordinates_existence_and_values[boundary_forcing-expected_coords0],roms_tools/tests/test_setup/test_boundary_forcing.py::test_coordinates_existence_and_values[boundary_forcing-expected_coords0],call,0.41,132.2
before,14,test_boundary_forcing_creation,roms_tools/tests/test_setup/test_boundary_forcing.py::test_boundary_forcing_creation,call,0.04,132.2
before,14,test_boundary_forcing_creation_with_bgc,roms_tools/tests/test_setup/test_boundary_forcing.py::test_boundary_forcing_creation_with_bgc,call,0.03,132.2
before,14,test_roundtrip_yaml[bgc_boundary_forcing_from_climatology],roms_tools/tests/test_setup/test_boundary_forcing.py::test_roundtrip_yaml[bgc_boundary_forcing_from_climatology],teardown,0.01,132.2
before,15,test_boundary_forcing_data_consistency_plot_save,roms_tools/tests/test_setup/test_boundary_forcing.py::test_boundary_forcing_data_consistency_plot_save,call,111.93,131.73
before,15,test_bgc_boundary_forcing_data_consistency_plot_save,roms_tools/tests/test_setup/test_boundary_forcing.py::test_bgc_boundary_forcing_data_consistency_plot_save,call,10.2,131.73
before,15,test_roundtrip_yaml[bgc_boundary_forcing_from_climatology],roms_tools/tests/test_setup/test_boundary_forcing.py::test_roundtrip_yaml[bgc_boundary_forcing_from_climatology],call,2.71,131.73
before,15,test_boundary_forcing_creation_with_bgc,roms_tools/tests/test_setup/test_boundary_forcing.py::test_boundary_forcing_creation_with_bgc,setup,1.31,131.73
before,15,test_bgc_boundary_forcing_data_consistency_plot_save,roms_tools/tests/test_setup/test_boundary_forcing.py::test_bgc_boundary_forcing_data_consistency_plot_save,setup,1.26,131.73
before,15,test_coordinates_existence_and_values[bgc_boundary_forcing_from_climatology-expected_coords1],roms_tools/tests/test_setup/test_boundary_forcing.py::test_coordinates_existence_and_values[bgc_boundary_forcing_from_climatology-expected_coords1],call,1.23,131.73
before,15,test_roundtrip_yaml[boundary_forcing],roms_tools/tests/test_setup/test_boundary_forcing.py::test_roundtrip_yaml[boundary_forcing],call,0.77,131.73
before,15,test_boundary_forcing_creation,roms_tools/tests/test_setup/test_boundary_forcing.py::test_boundary_forcing_creation,setup,0.52,131.73
before,15,test_boundary_forcing_data_consistency_plot_save,roms_tools/tests/test_setup/test_boundary_forcing.py::test_boundary_forcing_data_consistency_plot_save,setup,0.46,131.73
before,15,test_coordinates_existence_and_values[boundary_forcing-expected_coords0],roms_tools/tests/test_setup/test_boundary_forcing.py::test_coordinates_existence_and_values[boundary_forcing-expected_coords0],call,0.4,131.73
before,15,test_boundary_forcing_creation,roms_tools/tests/test_setup/test_boundary_forcing.py::test_boundary_forcing_creation,call,0.04,131.73
before,15,test_boundary_forcing_creation_with_bgc,roms_tools/tests/test_setup/test_boundary_forcing.py::test_boundary_forcing_creation_with_bgc,call,0.02,131.73
before,15,test_roundtrip_yaml[bgc_boundary_forcing_from_climatology],roms_tools/tests/test_setup/test_boundary_forcing.py::test_roundtrip_yaml[bgc_boundary_forcing_from_climatology],teardown,0.01,131.73
before,16,test_boundary_forcing_data_consistency_plot_save,roms_tools/tests/test_setup/test_boundary_forcing.py::test_boundary_forcing_data_consistency_plot_save,call,111.96,131.84
before,16,test_bgc_boundary_forcing_data_consistency_plot_save,roms_tools/tests/test_setup/test_boundary_forcing.py::test_bgc_boundary_forcing_data_consistency_plot_save,call,10.23,131.84
before,16,test_roundtrip_yaml[bgc_boundary_forcing_from_climatology],roms_tools/tests/test_setup/test_boundary_forcing.py::test_roundtrip_yaml[bgc_boundary_forcing_from_climatology],call,2.74,131.84
before,16,test_boundary_forcing_creation_with_bgc,roms_tools/tests/test_setup/test_boundary_forcing.py::test_boundary_forcing_creation_with_bgc,setup,1.33,131.84
before,16,test_coordinates_existence_and_values[bgc_boundary_forcing_from_climatology-expected_coords1],roms_tools/tests/test_setup/test_boundary_forcing.py::test_coordinates_existence_and_values[bgc_boundary_forcing_from_climatology-expected_coords1],call,1.25,131.84
before,16,test_bgc_boundary_forcing_data_consistency_plot_save,roms_tools/tests/test_setup/test_boundary_forcing.py::test_bgc_boundary_forcing_data_consistency_plot_save,setup,1.25,131.84
before,16,test_roundtrip_yaml[boundary_forcing],roms_tools/tests/test_setup/test_boundary_forcing.py::test_roundtrip_yaml[boundary_forcing],call,0.78,131.84
before,16,test_boundary_forcing_creation,roms_tools/tests/test_setup/test_boundary_forcing.py::test_boundary_forcing_creation,setup,0.52,131.84
before,16,test_boundary_forcing_data_consistency_plot_save,roms_tools/tests/test_setup/test_boundary_forcing.py::test_boundary_forcing_data_consistency_plot_save,setup,0.46,131.84
before,16,test_coordinates_existence_and_values[boundary_forcing-expected_coords0],roms_tools/tests/test_setup/test_boundary_forcing.py::test_coordinates_existence_and_values[boundary_forcing-expected_coords0],call,0.4,131.84
before,16,test_boundary_forcing_creation,roms_tools/tests/test_setup/test_boundary_forcing.py::test_boundary_forcing_creation,call,0.04,131.84
before,16,test_boundary_forcing_creation_with_bgc,roms_tools/tests/test_setup/test_boundary_forcing.py::test_boundary_forcing_creation_with_bgc,call,0.03,131.84
before,16,test_roundtrip_yaml[bgc_boundary_forcing_from_climatology],roms_tools/tests/test_setup/test_boundary_forcing.py::test_roundtrip_yaml[bgc_boundary_forcing_from_climatology],teardown,0.01,131.84
before,17,test_boundary_forcing_data_consistency_plot_save,roms_tools/tests/test_setup/test_boundary_forcing.py::test_boundary_forcing_data_consistency_plot_save,call,111.35,131.13
before,17,test_bgc_boundary_forcing_data_consistency_plot_save,roms_tools/tests/test_setup/test_boundary_forcing.py::test_bgc_boundary_forcing_data_consistency_plot_save,call,10.21,131.13
before,17,test_roundtrip_yaml[bgc_boundary_forcing_from_climatology],roms_tools/tests/test_setup/test_boundary_forcing.py::test_roundtrip_yaml[bgc_boundary_forcing_from_climatology],call,2.71,131.13
before,17,test_boundary_forcing_creation_with_bgc,roms_tools/tests/test_setup/test_boundary_forcing.py::test_boundary_forcing_creation_with_bgc,setup,1.33,131.13
before,17,test_bgc_boundary_forcing_data_consistency_plot_save,roms_tools/tests/test_setup/test_boundary_forcing.py::test_bgc_boundary_forcing_data_consistency_plot_save,setup,1.24,131.13
before,17,test_coordinates_existence_and_values[bgc_boundary_forcing_from_climatology-expected_coords1],roms_tools/tests/test_setup/test_boundary_forcing.py::test_coordinates_existence_and_values[bgc_boundary_forcing_from_climatology-expected_coords1],call,1.23,131.13
before,17,test_roundtrip_yaml[boundary_forcing],roms_tools/tests/test_setup/test_boundary_forcing.py::test_roundtrip_yaml[boundary_forcing],call,0.77,131.13
before,17,test_boundary_forcing_creation,roms_tools/tests/test_setup/test_boundary_forcing.py::test_boundary_forcing_creation,setup,0.52,131.13
before,17,test_boundary_forcing_data_consistency_plot_save,roms_tools/tests/test_setup/test_boundary_forcing.py::test_boundary_forcing_data_consistency_plot_save,setup,0.46,131.13
before,17,test_coordinates_existence_and_values[boundary_forcing-expected_coords0],roms_tools/tests/test_setup/test_boundary_forcing.py::test_coordinates_existence_and_values[boundary_forcing-expected_coords0],call,0.4,131.13
before,17,test_boundary_forcing_creation,roms_tools/tests/test_setup/test_boundary_forcing.py::test_boundary_forcing_creation,call,0.04,131.13
before,17,test_boundary_forcing_creation_with_bgc,roms_tools/tests/test_setup/test_boundary_forcing.py::test_boundary_forcing_creation_with_bgc,call,0.03,131.13
before,17,test_roundtrip_yaml[bgc_boundary_forcing_from_climatology],roms_tools/tests/test_setup/test_boundary_forcing.py::test_roundtrip_yaml[bgc_boundary_forcing_from_climatology],teardown,0.01,131.13
before,18,test_boundary_forcing_data_consistency_plot_save,roms_tools/tests/test_setup/test_boundary_forcing.py::test_boundary_forcing_data_consistency_plot_save,call,111.92,131.85
before,18,test_bgc_boundary_forcing_data_consistency_plot_save,roms_tools/tests/test_setup/test_boundary_forcing.py::test_bgc_boundary_forcing_data_consistency_plot_save,call,10.32,131.85
before,18,test_roundtrip_yaml[bgc_boundary_forcing_from_climatology],roms_tools/tests/test_setup/test_boundary_forcing.py::test_roundtrip_yaml[bgc_boundary_forcing_from_climatology],call,2.72,131.85
before,18,test_boundary_forcing_creation_with_bgc,roms_tools/tests/test_setup/test_boundary_forcing.py::test_boundary_forcing_creation_with_bgc,setup,1.32,131.85
before,18,test_bgc_boundary_forcing_data_consistency_plot_save,roms_tools/tests/test_setup/test_boundary_forcing.py::test_bgc_boundary_forcing_data_consistency_plot_save,setup,1.26,131.85
before,18,test_coordinates_existence_and_values[bgc_boundary_forcing_from_climatology-expected_coords1],roms_tools/tests/test_setup/test_boundary_forcing.py::test_coordinates_existence_and_values[bgc_boundary_forcing_from_climatology-expected_coords1],call,1.23,131.85
before,18,test_roundtrip_yaml[boundary_forcing],roms_tools/tests/test_setup/test_boundary_forcing.py::test_roundtrip_yaml[boundary_forcing],call,0.78,131.85
before,18,test_boundary_forcing_creation,roms_tools/tests/test_setup/test_boundary_forcing.py::test_boundary_forcing_creation,setup,0.52,131.85
before,18,test_boundary_forcing_data_consistency_plot_save,roms_tools/tests/test_setup/test_boundary_forcing.py::test_boundary_forcing_data_consistency_plot_save,setup,0.46,131.85
before,18,test_coordinates_existence_and_values[boundary_forcing-expected_coords0],roms_tools/tests/test_setup/test_boundary_forcing.py::test_coordinates_existence_and_values[boundary_forcing-expected_coords0],call,0.4,131.85
before,18,test_boundary_forcing_creation,roms_tools/tests/test_setup/test_boundary_forcing.py::test_boundary_forcing_creation,call,0.04,131.85
before,18,test_boundary_forcing_creation_with_bgc,roms_tools/tests/test_setup/test_boundary_forcing.py::test_boundary_forcing_creation_with_bgc,call,0.03,131.85
before,18,test_roundtrip_yaml[bgc_boundary_forcing_from_climatology],roms_tools/tests/test_setup/test_boundary_forcing.py::test_roundtrip_yaml[bgc_boundary_forcing_from_climatology],teardown,0.01,131.85
before,19,test_boundary_forcing_data_consistency_plot_save,roms_tools/tests/test_setup/test_boundary_forcing.py::test_boundary_forcing_data_consistency_plot_save,call,112.79,132.58
before,19,test_bgc_boundary_forcing_data_consistency_plot_save,roms_tools/tests/test_setup/test_boundary_forcing.py::test_bgc_boundary_forcing_data_consistency_plot_save,call,10.2,132.58
before,19,test_roundtrip_yaml[bgc_boundary_forcing_from_climatology],roms_tools/tests/test_setup/test_boundary_forcing.py::test_roundtrip_yaml[bgc_boundary_forcing_from_climatology],call,2.72,132.58
before,19,test_boundary_forcing_creation_with_bgc,roms_tools/tests/test_setup/test_boundary_forcing.py::test_boundary_forcing_creation_with_bgc,setup,1.31,132.58
before,19,test_coordinates_existence_and_values[bgc_boundary_forcing_from_climatology-expected_coords1],roms_tools/tests/test_setup/test_boundary_forcing.py::test_coordinates_existence_and_values[bgc_boundary_forcing_from_climatology-expected_coords1],call,1.25,132.58
before,19,test_bgc_boundary_forcing_data_consistency_plot_save,roms_tools/tests/test_setup/test_boundary_forcing.py::test_bgc_boundary_forcing_data_consistency_plot_save,setup,1.25,132.58
before,19,test_roundtrip_yaml[boundary_forcing],roms_tools/tests/test_setup/test_boundary_forcing.py::test_roundtrip_yaml[boundary_forcing],call,0.77,132.58
before,19,test_boundary_forcing_creation,roms_tools/tests/test_setup/test_boundary_forcing.py::test_boundary_forcing_creation,setup,0.51,132.58
before,19,test_boundary_forcing_data_consistency_plot_save,roms_tools/tests/test_setup/test_boundary_forcing.py::test_boundary_forcing_data_consistency_plot_save,setup,0.46,132.58
before,19,test_coordinates_existence_and_values[boundary_forcing-expected_coords0],roms_tools/tests/test_setup/test_boundary_forcing.py::test_coordinates_existence_and_values[boundary_forcing-expected_coords0],call,0.4,132.58
before,19,test_boundary_forcing_creation,roms_tools/tests/test_setup/test_boundary_forcing.py::test_boundary_forcing_creation,call,0.04,132.58
before,19,test_boundary_forcing_creation_with_bgc,roms_tools/tests/test_setup/test_boundary_forcing.py::test_boundary_forcing_creation_with_bgc,call,0.02,132.58
before,19,test_roundtrip_yaml[bgc_boundary_forcing_from_climatology],roms_tools/tests/test_setup/test_boundary_forcing.py::test_roundtrip_yaml[bgc_boundary_forcing_from_climatology],teardown,0.01,132.58
before,20,test_boundary_forcing_data_consistency_plot_save,roms_tools/tests/test_setup/test_boundary_forcing.py::test_boundary_forcing_data_consistency_plot_save,call,111.46,131.35
before,20,test_bgc_boundary_forcing_data_consistency_plot_save,roms_tools/tests/test_setup/test_boundary_forcing.py::test_bgc_boundary_forcing_data_consistency_plot_save,call,10.26,131.35
before,20,test_roundtrip_yaml[bgc_boundary_forcing_from_climatology],roms_tools/tests/test_setup/test_boundary_forcing.py::test_roundtrip_yaml[bgc_boundary_forcing_from_climatology],call,2.71,131.35
before,20,test_boundary_forcing_creation_with_bgc,roms_tools/tests/test_setup/test_boundary_forcing.py::test_boundary_forcing_creation_with_bgc,setup,1.32,131.35
before,20,test_bgc_boundary_forcing_data_consistency_plot_save,roms_tools/tests/test_setup/test_boundary_forcing.py::test_bgc_boundary_forcing_data_consistency_plot_save,setup,1.25,131.35
before,20,test_coordinates_existence_and_values[bgc_boundary_forcing_from_climatology-expected_coords1],roms_tools/tests/test_setup/test_boundary_forcing.py::test_coordinates_existence_and_values[bgc_boundary_forcing_from_climatology-expected_coords1],call,1.23,131.35
before,20,test_roundtrip_yaml[boundary_forcing],roms_tools/tests/test_setup/test_boundary_forcing.py::test_roundtrip_yaml[boundary_forcing],call,0.79,131.35
before,20,test_boundary_forcing_creation,roms_tools/tests/test_setup/test_boundary_forcing.py::test_boundary_forcing_creation,setup,0.53,131.35
before,20,test_boundary_forcing_data_consistency_plot_save,roms_tools/tests/test_setup/test_boundary_forcing.py::test_boundary_forcing_data_consistency_plot_save,setup,0.46,131.35
before,20,test_coordinates_existence_and_values[boundary_forcing-expected_coords0],roms_tools/tests/test_setup/test_boundary_forcing.py::test_coordinates_existence_and_values[boundary_forcing-expected_coords0],call,0.4,131.35
before,20,test_boundary_forcing_creation,roms_tools/tests/test_setup/test_boundary_forcing.py::test_boundary_forcing_creation,call,0.04,131.35
before,20,test_boundary_forcing_creation_with_bgc,roms_tools/tests/test_setup/test_boundary_forcing.py::test_boundary_forcing_creation_with_bgc,call,0.03,131.35
before,20,test_roundtrip_yaml[bgc_boundary_forcing_from_climatology],roms_tools/tests/test_setup/test_boundary_forcing.py::test_roundtrip_yaml[bgc_boundary_forcing_from_climatology],teardown,0.01,131.35
before,21,test_boundary_forcing_data_consistency_plot_save,roms_tools/tests/test_setup/test_boundary_forcing.py::test_boundary_forcing_data_consistency_plot_save,call,111.59,131.33
before,21,test_bgc_boundary_forcing_data_consistency_plot_save,roms_tools/tests/test_setup/test_boundary_forcing.py::test_bgc_boundary_forcing_data_consistency_plot_save,call,10.13,131.33
before,21,test_roundtrip_yaml[bgc_boundary_forcing_from_climatology],roms_tools/tests/test_setup/test_boundary_forcing.py::test_roundtrip_yaml[bgc_boundary_forcing_from_climatology],call,2.71,131.33
before,21,test_boundary_forcing_creation_with_bgc,roms_tools/tests/test_setup/test_boundary_forcing.py::test_boundary_forcing_creation_with_bgc,setup,1.32,131.33
before,21,test_bgc_boundary_forcing_data_consistency_plot_save,roms_tools/tests/test_setup/test_boundary_forcing.py::test_bgc_boundary_forcing_data_consistency_plot_save,setup,1.25,131.33
before,21,test_coordinates_existence_and_values[bgc_boundary_forcing_from_climatology-expected_coords1],roms_tools/tests/test_setup/test_boundary_forcing.py::test_coordinates_existence_and_values[bgc_boundary_forcing_from_climatology-expected_coords1],call,1.23,131.33
before,21,test_roundtrip_yaml[boundary_forcing],roms_tools/tests/test_setup/test_boundary_forcing.py::test_roundtrip_yaml[boundary_forcing],call,0.78,131.33
before,21,test_boundary_forcing_creation,roms_tools/tests/test_setup/test_boundary_forcing.py::test_boundary_forcing_creation,setup,0.51,131.33
before,21,test_boundary_forcing_data_consistency_plot_save,roms_tools/tests/test_setup/test_boundary_forcing.py::test_boundary_forcing_data_consistency_plot_save,setup,0.46,131.33
before,21,test_coordinates_existence_and_values[boundary_forcing-expected_coords0],roms_tools/tests/test_setup/test_boundary_forcing.py::test_coordinates_existence_and_values[boundary_forcing-expected_coords0],call,0.41,131.33
before,21,test_boundary_forcing_creation,roms_tools/tests/test_setup/test_boundary_forcing.py::test_boundary_forcing_creation,call,0.04,131.33
before,21,test_boundary_forcing_creation_with_bgc,roms_tools/tests/test_setup/test_boundary_forcing.py::test_boundary_forcing_creation_with_bgc,call,0.03,131.33
before,21,test_roundtrip_yaml[bgc_boundary_forcing_from_climatology],roms_tools/tests/test_setup/test_boundary_forcing.py::test_roundtrip_yaml[bgc_boundary_forcing_from_climatology],teardown,0.01,131.33
before,22,test_boundary_forcing_data_consistency_plot_save,roms_tools/tests/test_setup/test_boundary_forcing.py::test_boundary_forcing_data_consistency_plot_save,call,111.15,130.78
before,22,test_bgc_boundary_forcing_data_consistency_plot_save,roms_tools/tests/test_setup/test_boundary_forcing.py::test_bgc_boundary_forcing_data_consistency_plot_save,call,10.09,130.78
before,22,test_roundtrip_yaml[bgc_boundary_forcing_from_climatology],roms_tools/tests/test_setup/test_boundary_forcing.py::test_roundtrip_yaml[bgc_boundary_forcing_from_climatology],call,2.69,130.78
before,22,test_boundary_forcing_creation_with_bgc,roms_tools/tests/test_setup/test_boundary_forcing.py::test_boundary_forcing_creation_with_bgc,setup,1.31,130.78
before,22,test_bgc_boundary_forcing_data_consistency_plot_save,roms_tools/tests/test_setup/test_boundary_forcing.py::test_bgc_boundary_forcing_data_consistency_plot_save,setup,1.24,130.78
before,22,test_coordinates_existence_and_values[bgc_boundary_forcing_from_climatology-expected_coords1],roms_tools/tests/test_setup/test_boundary_forcing.py::test_coordinates_existence_and_values[bgc_boundary_forcing_from_climatology-expected_coords1],call,1.23,130.78
before,22,test_roundtrip_yaml[boundary_forcing],roms_tools/tests/test_setup/test_boundary_forcing.py::test_roundtrip_yaml[boundary_forcing],call,0.77,130.78
before,22,test_boundary_forcing_creation,roms_tools/tests/test_setup/test_boundary_forcing.py::test_boundary_forcing_creation,setup,0.51,130.78
before,22,test_boundary_forcing_data_consistency_plot_save,roms_tools/tests/test_setup/test_boundary_forcing.py::test_boundary_forcing_data_consistency_plot_save,setup,0.45,130.78
before,22,test_coordinates_existence_and_values[boundary_forcing-expected_coords0],roms_tools/tests/test_setup/test_boundary_forcing.py::test_coordinates_existence_and_values[boundary_forcing-expected_coords0],call,0.4,130.78
before,22,test_boundary_forcing_creation,roms_tools/tests/test_setup/test_boundary_forcing.py::test_boundary_forcing_creation,call,0.04,130.78
before,22,test_boundary_forcing_creation_with_bgc,roms_tools/tests/test_setup/test_boundary_forcing.py::test_boundary_forcing_creation_with_bgc,call,0.03,130.78
before,22,test_roundtrip_yaml[bgc_boundary_forcing_from_climatology],roms_tools/tests/test_setup/test_boundary_forcing.py::test_roundtrip_yaml[bgc_boundary_forcing_from_climatology],teardown,0.01,130.78
before,23,test_boundary_forcing_data_consistency_plot_save,roms_tools/tests/test_setup/test_boundary_forcing.py::test_boundary_forcing_data_consistency_plot_save,call,111.88,131.7
before,23,test_bgc_boundary_forcing_data_consistency_plot_save,roms_tools/tests/test_setup/test_boundary_forcing.py::test_bgc_boundary_forcing_data_consistency_plot_save,call,10.19,131.7
before,23,test_roundtrip_yaml[bgc_boundary_forcing_from_climatology],roms_tools/tests/test_setup/test_boundary_forcing.py::test_roundtrip_yaml[bgc_boundary_forcing_from_climatology],call,2.74,131.7
before,23,test_boundary_forcing_creation_with_bgc,roms_tools/tests/test_setup/test_boundary_forcing.py::test_boundary_forcing_creation_with_bgc,setup,1.32,131.7
before,23,test_bgc_boundary_forcing_data_consistency_plot_save,roms_tools/tests/test_setup/test_boundary_forcing.py::test_bgc_boundary_forcing_data_consistency_plot_save,setup,1.26,131.7
before,23,test_coordinates_existence_and_values[bgc_boundary_forcing_from_climatology-expected_coords1],roms_tools/tests/test_setup/test_boundary_forcing.py::test_coordinates_existence_and_values[bgc_boundary_forcing_from_climatology-expected_coords1],call,1.23,131.7
before,23,test_roundtrip_yaml[boundary_forcing],roms_tools/tests/test_setup/test_boundary_forcing.py::test_roundtrip_yaml[boundary_forcing],call,0.78,131.7
before,23,test_boundary_forcing_creation,roms_tools/tests/test_setup/test_boundary_forcing.py::test_boundary_forcing_creation,setup,0.51,131.7
before,23,test_boundary_forcing_data_consistency_plot_save,roms_tools/tests/test_setup/test_boundary_forcing.py::test_boundary_forcing_data_consistency_plot_save,setup,0.46,131.7
before,23,test_coordinates_existence_and_values[boundary_forcing-expected_coords0],roms_tools/tests/test_setup/test_boundary_forcing.py::test_coordinates_existence_and_values[boundary_forcing-expected_coords0],call,0.41,131.7
before,23,test_boundary_forcing_creation,roms_tools/tests/test_setup/test_boundary_forcing.py::test_boundary_forcing_creation,call,0.04,131.7
before,23,test_boundary_forcing_creation_with_bgc,roms_tools/tests/test_setup/test_boundary_forcing.py::test_boundary_forcing_creation_with_bgc,call,0.03,131.7
before,23,test_roundtrip_yaml[bgc_boundary_forcing_from_climatology],roms_tools/tests/test_setup/test_boundary_forcing.py::test_roundtrip_yaml[bgc_boundary_forcing_from_climatology],teardown,0.01,131.7
before,24,test_boundary_forcing_data_consistency_plot_save,roms_tools/tests/test_setup/test_boundary_forcing.py::test_boundary_forcing_data_consistency_plot_save,call,111.93,131.87
before,24,test_bgc_boundary_forcing_data_consistency_plot_save,roms_tools/tests/test_setup/test_boundary_forcing.py::test_bgc_boundary_forcing_data_consistency_plot_save,call,10.3,131.87
before,24,test_roundtrip_yaml[bgc_boundary_forcing_from_climatology],roms_tools/tests/test_setup/test_boundary_forcing.py::test_roundtrip_yaml[bgc_boundary_forcing_from_climatology],call,2.71,131.87
before,24,test_boundary_forcing_creation_with_bgc,roms_tools/tests/test_setup/test_boundary_forcing.py::test_boundary_forcing_creation_with_bgc,setup,1.33,131.87
before,24,test_bgc_boundary_forcing_data_consistency_plot_save,roms_tools/tests/test_setup/test_boundary_forcing.py::test_bgc_boundary_forcing_data_consistency_plot_save,setup,1.26,131.87
before,24,test_coordinates_existence_and_values[bgc_boundary_forcing_from_climatology-expected_coords1],roms_tools/tests/test_setup/test_boundary_forcing.py::test_coordinates_existence_and_values[bgc_boundary_forcing_from_climatology-expected_coords1],call,1.23,131.87
before,24,test_roundtrip_yaml[boundary_forcing],roms_tools/tests/test_setup/test_boundary_forcing.py::test_roundtrip_yaml[boundary_forcing],call,0.77,131.87
before,24,test_boundary_forcing_creation,roms_tools/tests/test_setup/test_boundary_forcing.py::test_boundary_forcing_creation,setup,0.53,131.87
before,24,test_boundary_forcing_data_consistency_plot_save,roms_tools/tests/test_setup/test_boundary_forcing.py::test_boundary_forcing_data_consistency_plot_save,setup,0.46,131.87
before,24,test_coordinates_existence_and_values[boundary_forcing-expected_coords0],roms_tools/tests/test_setup/test_boundary_forcing.py::test_coordinates_existence_and_values[boundary_forcing-expected_coords0],call,0.4,131.87
before,24,test_boundary_forcing_creation,roms_tools/tests/test_setup/test_boundary_forcing.py::test_boundary_forcing_creation,call,0.04,131.87
before,24,test_boundary_forcing_creation_with_bgc,roms_tools/tests/test_setup/test_boundary_forcing.py::test_boundary_forcing_creation_with_bgc,call,0.02,131.87
before,24,test_roundtrip_yaml[bgc_boundary_forcing_from_climatology],roms_tools/tests/test_setup/test_boundary_forcing.py::test_roundtrip_yaml[bgc_boundary_forcing_from_climatology],teardown,0.01,131.87
before,25,test_boundary_forcing_data_consistency_plot_save,roms_tools/tests/test_setup/test_boundary_forcing.py::test_boundary_forcing_data_consistency_plot_save,call,112.03,131.92
before,25,test_bgc_boundary_forcing_data_consistency_plot_save,roms_tools/tests/test_setup/test_boundary_forcing.py::test_bgc_boundary_forcing_data_consistency_plot_save,call,10.29,131.92
before,25,test_roundtrip_yaml[bgc_boundary_forcing_from_climatology],roms_tools/tests/test_setup/test_boundary_forcing.py::test_roundtrip_yaml[bgc_boundary_forcing_from_climatology],call,2.72,131.92
before,25,test_boundary_forcing_creation_with_bgc,roms_tools/tests/test_setup/test_boundary_forcing.py::test_boundary_forcing_creation_with_bgc,setup,1.31,131.92
before,25,test_bgc_boundary_forcing_data_consistency_plot_save,roms_tools/tests/test_setup/test_boundary_forcing.py::test_bgc_boundary_forcing_data_consistency_plot_save,setup,1.25,131.92
before,25,test_coordinates_existence_and_values[bgc_boundary_forcing_from_climatology-expected_coords1],roms_tools/tests/test_setup/test_boundary_forcing.py::test_coordinates_existence_and_values[bgc_boundary_forcing_from_climatology-expected_coords1],call,1.23,131.92
before,25,test_roundtrip_yaml[boundary_forcing],roms_tools/tests/test_setup/test_boundary_forcing.py::test_roundtrip_yaml[boundary_forcing],call,0.78,131.92
before,25,test_boundary_forcing_creation,roms_tools/tests/test_setup/test_boundary_forcing.py::test_boundary_forcing_creation,setup,0.52,131.92
before,25,test_boundary_forcing_data_consistency_plot_save,roms_tools/tests/test_setup/test_boundary_forcing.py::test_boundary_forcing_data_consistency_plot_save,setup,0.46,131.92
before,25,test_coordinates_existence_and_values[boundary_forcing-expected_coords0],roms_tools/tests/test_setup/test_boundary_forcing.py::test_coordinates_existence_and_values[boundary_forcing-expected_coords0],call,0.4,131.92
before,25,test_boundary_forcing_creation,roms_tools/tests/test_setup/test_boundary_forcing.py::test_boundary_forcing_creation,call,0.04,131.92
before,25,test_boundary_forcing_creation_with_bgc,roms_tools/tests/test_setup/test_boundary_forcing.py::test_boundary_forcing_creation_with_bgc,call,0.03,131.92
before,25,test_roundtrip_yaml[bgc_boundary_forcing_from_climatology],roms_tools/tests/test_setup/test_boundary_forcing.py::test_roundtrip_yaml[bgc_boundary_forcing_from_climatology],teardown,0.01,131.92
before,25,test_coordinates_existence_and_values[bgc_boundary_forcing_from_climatology-expected_coords1],roms_tools/tests/test_setup/test_boundary_forcing.py::test_coordinates_existence_and_values[bgc_boundary_forcing_from_climatology-expected_coords1],teardown,0.01,131.92
before,26,test_boundary_forcing_data_consistency_plot_save,roms_tools/tests/test_setup/test_boundary_forcing.py::test_boundary_forcing_data_consistency_plot_save,call,111.46,131.43
before,26,test_bgc_boundary_forcing_data_consistency_plot_save,roms_tools/tests/test_setup/test_boundary_forcing.py::test_bgc_boundary_forcing_data_consistency_plot_save,call,10.22,131.43
before,26,test_roundtrip_yaml[bgc_boundary_forcing_from_climatology],roms_tools/tests/test_setup/test_boundary_forcing.py::test_roundtrip_yaml[bgc_boundary_forcing_from_climatology],call,2.77,131.43
before,26,test_boundary_forcing_creation_with_bgc,roms_tools/tests/test_setup/test_boundary_forcing.py::test_boundary_forcing_creation_with_bgc,setup,1.35,131.43
before,26,test_bgc_boundary_forcing_data_consistency_plot_save,roms_tools/tests/test_setup/test_boundary_forcing.py::test_bgc_boundary_forcing_data_consistency_plot_save,setup,1.27,131.43
before,26,test_coordinates_existence_and_values[bgc_boundary_forcing_from_climatology-expected_coords1],roms_tools/tests/test_setup/test_boundary_forcing.py::test_coordinates_existence_and_values[bgc_boundary_forcing_from_climatology-expected_coords1],call,1.26,131.43
before,26,test_roundtrip_yaml[boundary_forcing],roms_tools/tests/test_setup/test_boundary_forcing.py::test_roundtrip_yaml[boundary_forcing],call,0.8,131.43
before,26,test_boundary_forcing_creation,roms_tools/tests/test_setup/test_boundary_forcing.py::test_boundary_forcing_creation,setup,0.52,131.43
before,26,test_boundary_forcing_data_consistency_plot_save,roms_tools/tests/test_setup/test_boundary_forcing.py::test_boundary_forcing_data_consistency_plot_save,setup,0.46,131.43
before,26,test_coordinates_existence_and_values[boundary_forcing-expected_coords0],roms_tools/tests/test_setup/test_boundary_forcing.py::test_coordinates_existence_and_values[boundary_forcing-expected_coords0],call,0.4,131.43
before,26,test_boundary_forcing_creation,roms_tools/tests/test_setup/test_boundary_forcing.py::test_boundary_forcing_creation,call,0.04,131.43
before,26,test_boundary_forcing_creation_with_bgc,roms_tools/tests/test_setup/test_boundary_forcing.py::test_boundary_forcing_creation_with_bgc,call,0.02,131.43
before,26,test_roundtrip_yaml[bgc_boundary_forcing_from_climatology],roms_tools/tests/test_setup/test_boundary_forcing.py::test_roundtrip_yaml[bgc_boundary_forcing_from_climatology],teardown,0.01,131.43
before,27,test_boundary_forcing_data_consistency_plot_save,roms_tools/tests/test_setup/test_boundary_forcing.py::test_boundary_forcing_data_consistency_plot_save,call,111.86,131.85
before,27,test_bgc_boundary_forcing_data_consistency_plot_save,roms_tools/tests/test_setup/test_boundary_forcing.py::test_bgc_boundary_forcing_data_consistency_plot_save,call,10.29,131.85
before,27,test_roundtrip_yaml[bgc_boundary_forcing_from_climatology],roms_tools/tests/test_setup/test_boundary_forcing.py::test_roundtrip_yaml[bgc_boundary_forcing_from_climatology],call,2.72,131.85
before,27,test_boundary_forcing_creation_with_bgc,roms_tools/tests/test_setup/test_boundary_forcing.py::test_boundary_forcing_creation_with_bgc,setup,1.34,131.85
before,27,test_bgc_boundary_forcing_data_consistency_plot_save,roms_tools/tests/test_setup/test_boundary_forcing.py::test_bgc_boundary_forcing_data_consistency_plot_save,setup,1.28,131.85
before,27,test_coordinates_existence_and_values[bgc_boundary_forcing_from_climatology-expected_coords1],roms_tools/tests/test_setup/test_boundary_forcing.py::test_coordinates_existence_and_values[bgc_boundary_forcing_from_climatology-expected_coords1],call,1.24,131.85
before,27,test_roundtrip_yaml[boundary_forcing],roms_tools/tests/test_setup/test_boundary_forcing.py::test_roundtrip_yaml[boundary_forcing],call,0.78,131.85
before,27,test_boundary_forcing_creation,roms_tools/tests/test_setup/test_boundary_forcing.py::test_boundary_forcing_creation,setup,0.53,131.85
before,27,test_boundary_forcing_data_consistency_plot_save,roms_tools/tests/test_setup/test_boundary_forcing.py::test_boundary_forcing_data_consistency_plot_save,setup,0.46,131.85
before,27,test_coordinates_existence_and_values[boundary_forcing-expected_coords0],roms_tools/tests/test_setup/test_boundary_forcing.py::test_coordinates_existence_and_values[boundary_forcing-expected_coords0],call,0.41,131.85
before,27,test_boundary_forcing_creation,roms_tools/tests/test_setup/test_boundary_forcing.py::test_boundary_forcing_creation,call,0.04,131.85
before,27,test_boundary_forcing_creation_with_bgc,roms_tools/tests/test_setup/test_boundary_forcing.py::test_boundary_forcing_creation_with_bgc,call,0.03,131.85
before,27,test_roundtrip_yaml[bgc_boundary_forcing_from_climatology],roms_tools/tests/test_setup/test_boundary_forcing.py::test_roundtrip_yaml[bgc_boundary_forcing_from_climatology],teardown,0.01,131.85
before,28,test_boundary_forcing_data_consistency_plot_save,roms_tools/tests/test_setup/test_boundary_forcing.py::test_boundary_forcing_data_consistency_plot_save,call,112.17,132.05
before,28,test_bgc_boundary_forcing_data_consistency_plot_save,roms_tools/tests/test_setup/test_boundary_forcing.py::test_bgc_boundary_forcing_data_consistency_plot_save,call,10.25,132.05
before,28,test_roundtrip_yaml[bgc_boundary_forcing_from_climatology],roms_tools/tests/test_setup/test_boundary_forcing.py::test_roundtrip_yaml[bgc_boundary_forcing_from_climatology],call,2.73,132.05
before,28,test_boundary_forcing_creation_with_bgc,roms_tools/tests/test_setup/test_boundary_forcing.py::test_boundary_forcing_creation_with_bgc,setup,1.33,132.05
before,28,test_coordinates_existence_and_values[bgc_boundary_forcing_from_climatology-expected_coords1],roms_tools/tests/test_setup/test_boundary_forcing.py::test_coordinates_existence_and_values[bgc_boundary_forcing_from_climatology-expected_coords1],call,1.24,132.05
before,28,test_bgc_boundary_forcing_data_consistency_plot_save,roms_tools/tests/test_setup/test_boundary_forcing.py::test_bgc_boundary_forcing_data_consistency_plot_save,setup,1.24,132.05
before,28,test_roundtrip_yaml[boundary_forcing],roms_tools/tests/test_setup/test_boundary_forcing.py::test_roundtrip_yaml[boundary_forcing],call,0.78,132.05
before,28,test_boundary_forcing_creation,roms_tools/tests/test_setup/test_boundary_forcing.py::test_boundary_forcing_creation,setup,0.52,132.05
before,28,test_boundary_forcing_data_consistency_plot_save,roms_tools/tests/test_setup/test_boundary_forcing.py::test_boundary_forcing_data_consistency_plot_save,setup,0.46,132.05
before,28,test_coordinates_existence_and_values[boundary_forcing-expected_coords0],roms_tools/tests/test_setup/test_boundary_forcing.py::test_coordinates_existence_and_values[boundary_forcing-expected_coords0],call,0.4,132.05
before,28,test_boundary_forcing_creation,roms_tools/tests/test_setup/test_boundary_forcing.py::test_boundary_forcing_creation,call,0.04,132.05
before,28,test_boundary_forcing_creation_with_bgc,roms_tools/tests/test_setup/test_boundary_forcing.py::test_boundary_forcing_creation_with_bgc,call,0.03,132.05
before,28,test_roundtrip_yaml[bgc_boundary_forcing_from_climatology],roms_tools/tests/test_setup/test_boundary_forcing.py::test_roundtrip_yaml[bgc_boundary_forcing_from_climatology],teardown,0.01,132.05
before,29,test_boundary_forcing_data_consistency_plot_save,roms_tools/tests/test_setup/test_boundary_forcing.py::test_boundary_forcing_data_consistency_plot_save,call,111.43,131.23
before,29,test_bgc_boundary_forcing_data_consistency_plot_save,roms_tools/tests/test_setup/test_boundary_forcing.py::test_bgc_boundary_forcing_data_consistency_plot_save,call,10.17,131.23
before,29,test_roundtrip_yaml[bgc_boundary_forcing_from_climatology],roms_tools/tests/test_setup/test_boundary_forcing.py::test_roundtrip_yaml[bgc_boundary_forcing_from_climatology],call,2.71,131.23
before,29,test_boundary_forcing_creation_with_bgc,roms_tools/tests/test_setup/test_boundary_forcing.py::test_boundary_forcing_creation_with_bgc,setup,1.33,131.23
before,29,test_bgc_boundary_forcing_data_consistency_plot_save,roms_tools/tests/test_setup/test_boundary_forcing.py::test_bgc_boundary_forcing_data_consistency_plot_save,setup,1.25,131.23
before,29,test_coordinates_existence_and_values[bgc_boundary_forcing_from_climatology-expected_coords1],roms_tools/tests/test_setup/test_boundary_forcing.py::test_coordinates_existence_and_values[bgc_boundary_forcing_from_climatology-expected_coords1],call,1.23,131.23
before,29,test_roundtrip_yaml[boundary_forcing],roms_tools/tests/test_setup/test_boundary_forcing.py::test_roundtrip_yaml[boundary_forcing],call,0.77,131.23
before,29,test_boundary_forcing_creation,roms_tools/tests/test_setup/test_boundary_forcing.py::test_boundary_forcing_creation,setup,0.52,131.23
before,29,test_boundary_forcing_data_consistency_plot_save,roms_tools/tests/test_setup/test_boundary_forcing.py::test_boundary_forcing_data_consistency_plot_save,setup,0.46,131.23
before,29,test_coordinates_existence_and_values[boundary_forcing-expected_coords0],roms_tools/tests/test_setup/test_boundary_forcing.py::test_coordinates_existence_and_values[boundary_forcing-expected_coords0],call,0.4,131.23
before,29,test_boundary_forcing_creation,roms_tools/tests/test_setup/test_boundary_forcing.py::test_boundary_forcing_creation,call,0.04,131.23
before,29,test_boundary_forcing_creation_with_bgc,roms_tools/tests/test_setup/test_boundary_forcing.py::test_boundary_forcing_creation_with_bgc,call,0.03,131.23
before,29,test_roundtrip_yaml[bgc_boundary_forcing_from_climatology],roms_tools/tests/test_setup/test_boundary_forcing.py::test_roundtrip_yaml[bgc_boundary_forcing_from_climatology],teardown,0.01,131.23
before,30,test_boundary_forcing_data_consistency_plot_save,roms_tools/tests/test_setup/test_boundary_forcing.py::test_boundary_forcing_data_consistency_plot_save,call,112.04,132.19
before,30,test_bgc_boundary_forcing_data_consistency_plot_save,roms_tools/tests/test_setup/test_boundary_forcing.py::test_bgc_boundary_forcing_data_consistency_plot_save,call,10.46,132.19
before,30,test_roundtrip_yaml[bgc_boundary_forcing_from_climatology],roms_tools/tests/test_setup/test_boundary_forcing.py::test_roundtrip_yaml[bgc_boundary_forcing_from_climatology],call,2.75,132.19
before,30,test_boundary_forcing_creation_with_bgc,roms_tools/tests/test_setup/test_boundary_forcing.py::test_boundary_forcing_creation_with_bgc,setup,1.32,132.19
before,30,test_bgc_boundary_forcing_data_consistency_plot_save,roms_tools/tests/test_setup/test_boundary_forcing.py::test_bgc_boundary_forcing_data_consistency_plot_save,setup,1.26,132.19
before,30,test_coordinates_existence_and_values[bgc_boundary_forcing_from_climatology-expected_coords1],roms_tools/tests/test_setup/test_boundary_forcing.py::test_coordinates_existence_and_values[bgc_boundary_forcing_from_climatology-expected_coords1],call,1.25,132.19
before,30,test_roundtrip_yaml[boundary_forcing],roms_tools/tests/test_setup/test_boundary_forcing.py::test_roundtrip_yaml[boundary_forcing],call,0.79,132.19
before,30,test_boundary_forcing_creation,roms_tools/tests/test_setup/test_boundary_forcing.py::test_boundary_forcing_creation,setup,0.52,132.19
before,30,test_boundary_forcing_data_consistency_plot_save,roms_tools/tests/test_setup/test_boundary_forcing.py::test_boundary_forcing_data_consistency_plot_save,setup,0.46,132.19
before,30,test_coordinates_existence_and_values[boundary_forcing-expected_coords0],roms_tools/tests/test_setup/test_boundary_forcing.py::test_coordinates_existence_and_values[boundary_forcing-expected_coords0],call,0.41,132.19
before,30,test_boundary_forcing_creation,roms_tools/tests/test_setup/test_boundary_forcing.py::test_boundary_forcing_creation,call,0.04,132.19
before,30,test_boundary_forcing_creation_with_bgc,roms_tools/tests/test_setup/test_boundary_forcing.py::test_boundary_forcing_creation_with_bgc,call,0.02,132.19
before,30,test_roundtrip_yaml[bgc_boundary_forcing_from_climatology],roms_tools/tests/test_setup/test_boundary_forcing.py::test_roundtrip_yaml[bgc_boundary_forcing_from_climatology],teardown,0.01,132.19
before,31,test_boundary_forcing_data_consistency_plot_save,roms_tools/tests/test_setup/test_boundary_forcing.py::test_boundary_forcing_data_consistency_plot_save,call,112.04,131.81
before,31,test_bgc_boundary_forcing_data_consistency_plot_save,roms_tools/tests/test_setup/test_boundary_forcing.py::test_bgc_boundary_forcing_data_consistency_plot_save,call,10.15,131.81
before,31,test_roundtrip_yaml[bgc_boundary_forcing_from_climatology],roms_tools/tests/test_setup/test_boundary_forcing.py::test_roundtrip_yaml[bgc_boundary_forcing_from_climatology],call,2.72,131.81
before,31,test_boundary_forcing_creation_with_bgc,roms_tools/tests/test_setup/test_boundary_forcing.py::test_boundary_forcing_creation_with_bgc,setup,1.32,131.81
before,31,test_coordinates_existence_and_values[bgc_boundary_forcing_from_climatology-expected_coords1],roms_tools/tests/test_setup/test_boundary_forcing.py::test_coordinates_existence_and_values[bgc_boundary_forcing_from_climatology-expected_coords1],call,1.25,131.81
before,31,test_bgc_boundary_forcing_data_consistency_plot_save,roms_tools/tests/test_setup/test_boundary_forcing.py::test_bgc_boundary_forcing_data_consistency_plot_save,setup,1.24,131.81
before,31,test_roundtrip_yaml[boundary_forcing],roms_tools/tests/test_setup/test_boundary_forcing.py::test_roundtrip_yaml[boundary_forcing],call,0.77,131.81
before,31,test_boundary_forcing_creation,roms_tools/tests/test_setup/test_boundary_forcing.py::test_boundary_forcing_creation,setup,0.52,131.81
before,31,test_boundary_forcing_data_consistency_plot_save,roms_tools/tests/test_setup/test_boundary_forcing.py::test_boundary_forcing_data_consistency_plot_save,setup,0.47,131.81
before,31,test_coordinates_existence_and_values[boundary_forcing-expected_coords0],roms_tools/tests/test_setup/test_boundary_forcing.py::test_coordinates_existence_and_values[boundary_forcing-expected_coords0],call,0.4,131.81
before,31,test_boundary_forcing_creation,roms_tools/tests/test_setup/test_boundary_forcing.py::test_boundary_forcing_creation,call,0.04,131.81
before,31,test_boundary_forcing_creation_with_bgc,roms_tools/tests/test_setup/test_boundary_forcing.py::test_boundary_forcing_creation_with_bgc,call,0.03,131.81
before,31,test_roundtrip_yaml[bgc_boundary_forcing_from_climatology],roms_tools/tests/test_setup/test_boundary_forcing.py::test_roundtrip_yaml[bgc_boundary_forcing_from_climatology],teardown,0.01,131.81
before,32,test_boundary_forcing_data_consistency_plot_save,roms_tools/tests/test_setup/test_boundary_forcing.py::test_boundary_forcing_data_consistency_plot_save,call,111.75,131.6
before,32,test_bgc_boundary_forcing_data_consistency_plot_save,roms_tools/tests/test_setup/test_boundary_forcing.py::test_bgc_boundary_forcing_data_consistency_plot_save,call,10.18,131.6
before,32,test_roundtrip_yaml[bgc_boundary_forcing_from_climatology],roms_tools/tests/test_setup/test_boundary_forcing.py::test_roundtrip_yaml[bgc_boundary_forcing_from_climatology],call,2.74,131.6
before,32,test_boundary_forcing_creation_with_bgc,roms_tools/tests/test_setup/test_boundary_forcing.py::test_boundary_forcing_creation_with_bgc,setup,1.33,131.6
before,32,test_bgc_boundary_forcing_data_consistency_plot_save,roms_tools/tests/test_setup/test_boundary_forcing.py::test_bgc_boundary_forcing_data_consistency_plot_save,setup,1.26,131.6
before,32,test_coordinates_existence_and_values[bgc_boundary_forcing_from_climatology-expected_coords1],roms_tools/tests/test_setup/test_boundary_forcing.py::test_coordinates_existence_and_values[bgc_boundary_forcing_from_climatology-expected_coords1],call,1.24,131.6
before,32,test_roundtrip_yaml[boundary_forcing],roms_tools/tests/test_setup/test_boundary_forcing.py::test_roundtrip_yaml[boundary_forcing],call,0.79,131.6
before,32,test_boundary_forcing_creation,roms_tools/tests/test_setup/test_boundary_forcing.py::test_boundary_forcing_creation,setup,0.52,131.6
before,32,test_boundary_forcing_data_consistency_plot_save,roms_tools/tests/test_setup/test_boundary_forcing.py::test_boundary_forcing_data_consistency_plot_save,setup,0.46,131.6
before,32,test_coordinates_existence_and_values[boundary_forcing-expected_coords0],roms_tools/tests/test_setup/test_boundary_forcing.py::test_coordinates_existence_and_values[boundary_forcing-expected_coords0],call,0.41,131.6
before,32,test_boundary_forcing_creation,roms_tools/tests/test_setup/test_boundary_forcing.py::test_boundary_forcing_creation,call,0.04,131.6
before,32,test_boundary_forcing_creation_with_bgc,roms_tools/tests/test_setup/test_boundary_forcing.py::test_boundary_forcing_creation_with_bgc,call,0.03,131.6
before,32,test_roundtrip_yaml[bgc_boundary_forcing_from_climatology],roms_tools/tests/test_setup/test_boundary_forcing.py::test_roundtrip_yaml[bgc_boundary_forcing_from_climatology],teardown,0.01,131.6
before,33,test_boundary_forcing_data_consistency_plot_save,roms_tools/tests/test_setup/test_boundary_forcing.py::test_boundary_forcing_data_consistency_plot_save,call,111.41,131.27
before,33,test_bgc_boundary_forcing_data_consistency_plot_save,roms_tools/tests/test_setup/test_boundary_forcing.py::test_bgc_boundary_forcing_data_consistency_plot_save,call,10.18,131.27
before,33,test_roundtrip_yaml[bgc_boundary_forcing_from_climatology],roms_tools/tests/test_setup/test_boundary_forcing.py::test_roundtrip_yaml[bgc_boundary_forcing_from_climatology],call,2.74,131.27
before,33,test_boundary_forcing_creation_with_bgc,roms_tools/tests/test_setup/test_boundary_forcing.py::test_boundary_forcing_creation_with_bgc,setup,1.32,131.27
before,33,test_bgc_boundary_forcing_data_consistency_plot_save,roms_tools/tests/test_setup/test_boundary_forcing.py::test_bgc_boundary_forcing_data_consistency_plot_save,setup,1.27,131.27
before,33,test_coordinates_existence_and_values[bgc_boundary_forcing_from_climatology-expected_coords1],roms_tools/tests/test_setup/test_boundary_forcing.py::test_coordinates_existence_and_values[bgc_boundary_forcing_from_climatology-expected_coords1],call,1.24,131.27
before,33,test_roundtrip_yaml[boundary_forcing],roms_tools/tests/test_setup/test_boundary_forcing.py::test_roundtrip_yaml[boundary_forcing],call,0.78,131.27
before,33,test_boundary_forcing_creation,roms_tools/tests/test_setup/test_boundary_forcing.py::test_boundary_forcing_creation,setup,0.52,131.27
before,33,test_boundary_forcing_data_consistency_plot_save,roms_tools/tests/test_setup/test_boundary_forcing.py::test_boundary_forcing_data_consistency_plot_save,setup,0.46,131.27
before,33,test_coordinates_existence_and_values[boundary_forcing-expected_coords0],roms_tools/tests/test_setup/test_boundary_forcing.py::test_coordinates_existence_and_values[boundary_forcing-expected_coords0],call,0.41,131.27
before,33,test_boundary_forcing_creation,roms_tools/tests/test_setup/test_boundary_forcing.py::test_boundary_forcing_creation,call,0.04,131.27
before,33,test_boundary_forcing_creation_with_bgc,roms_tools/tests/test_setup/test_boundary_forcing.py::test_boundary_forcing_creation_with_bgc,call,0.03,131.27
before,33,test_roundtrip_yaml[bgc_boundary_forcing_from_climatology],roms_tools/tests/test_setup/test_boundary_forcing.py::test_roundtrip_yaml[bgc_boundary_forcing_from_climatology],teardown,0.01,131.27
before,34,test_boundary_forcing_data_consistency_plot_save,roms_tools/tests/test_setup/test_boundary_forcing.py::test_boundary_forcing_data_consistency_plot_save,call,112.14,132.04
before,34,test_bgc_boundary_forcing_data_consistency_plot_save,roms_tools/tests/test_setup/test_boundary_forcing.py::test_bgc_boundary_forcing_data_consistency_plot_save,call,10.26,132.04
before,34,test_roundtrip_yaml[bgc_boundary_forcing_from_climatology],roms_tools/tests/test_setup/test_boundary_forcing.py::test_roundtrip_yaml[bgc_boundary_forcing_from_climatology],call,2.74,132.04
before,34,test_boundary_forcing_creation_with_bgc,roms_tools/tests/test_setup/test_boundary_forcing.py::test_boundary_forcing_creation_with_bgc,setup,1.31,132.04
before,34,test_coordinates_existence_and_values[bgc_boundary_forcing_from_climatology-expected_coords1],roms_tools/tests/test_setup/test_boundary_forcing.py::test_coordinates_existence_and_values[bgc_boundary_forcing_from_climatology-expected_coords1],call,1.25,132.04
before,34,test_bgc_boundary_forcing_data_consistency_plot_save,roms_tools/tests/test_setup/test_boundary_forcing.py::test_bgc_boundary_forcing_data_consistency_plot_save,setup,1.24,132.04
before,34,test_roundtrip_yaml[boundary_forcing],roms_tools/tests/test_setup/test_boundary_forcing.py::test_roundtrip_yaml[boundary_forcing],call,0.79,132.04
before,34,test_boundary_forcing_creation,roms_tools/tests/test_setup/test_boundary_forcing.py::test_boundary_forcing_creation,setup,0.52,132.04
before,34,test_boundary_forcing_data_consistency_plot_save,roms_tools/tests/test_setup/test_boundary_forcing.py::test_boundary_forcing_data_consistency_plot_save,setup,0.46,132.04
before,34,test_coordinates_existence_and_values[boundary_forcing-expected_coords0],roms_tools/tests/test_setup/test_boundary_forcing.py::test_coordinates_existence_and_values[boundary_forcing-expected_coords0],call,0.4,132.04
before,34,test_boundary_forcing_creation,roms_tools/tests/test_setup/test_boundary_forcing.py::test_boundary_forcing_creation,call,0.04,132.04
before,34,test_boundary_forcing_creation_with_bgc,roms_tools/tests/test_setup/test_boundary_forcing.py::test_boundary_forcing_creation_with_bgc,call,0.03,132.04
before,34,test_roundtrip_yaml[bgc_boundary_forcing_from_climatology],roms_tools/tests/test_setup/test_boundary_forcing.py::test_roundtrip_yaml[bgc_boundary_forcing_from_climatology],teardown,0.01,132.04
before,35,test_boundary_forcing_data_consistency_plot_save,roms_tools/tests/test_setup/test_boundary_forcing.py::test_boundary_forcing_data_consistency_plot_save,call,112.69,132.69
before,35,test_bgc_boundary_forcing_data_consistency_plot_save,roms_tools/tests/test_setup/test_boundary_forcing.py::test_bgc_boundary_forcing_data_consistency_plot_save,call,10.34,132.69
before,35,test_roundtrip_yaml[bgc_boundary_forcing_from_climatology],roms_tools/tests/test_setup/test_boundary_forcing.py::test_roundtrip_yaml[bgc_boundary_forcing_from_climatology],call,2.71,132.69
before,35,test_boundary_forcing_creation_with_bgc,roms_tools/tests/test_setup/test_boundary_forcing.py::test_boundary_forcing_creation_with_bgc,setup,1.35,132.69
before,35,test_bgc_boundary_forcing_data_consistency_plot_save,roms_tools/tests/test_setup/test_boundary_forcing.py::test_bgc_boundary_forcing_data_consistency_plot_save,setup,1.27,132.69
before,35,test_coordinates_existence_and_values[bgc_boundary_forcing_from_climatology-expected_coords1],roms_tools/tests/test_setup/test_boundary_forcing.py::test_coordinates_existence_and_values[bgc_boundary_forcing_from_climatology-expected_coords1],call,1.24,132.69
before,35,test_roundtrip_yaml[boundary_forcing],roms_tools/tests/test_setup/test_boundary_forcing.py::test_roundtrip_yaml[boundary_forcing],call,0.78,132.69
before,35,test_boundary_forcing_creation,roms_tools/tests/test_setup/test_boundary_forcing.py::test_boundary_forcing_creation,setup,0.52,132.69
before,35,test_boundary_forcing_data_consistency_plot_save,roms_tools/tests/test_setup/test_boundary_forcing.py::test_boundary_forcing_data_consistency_plot_save,setup,0.46,132.69
before,35,test_coordinates_existence_and_values[boundary_forcing-expected_coords0],roms_tools/tests/test_setup/test_boundary_forcing.py::test_coordinates_existence_and_values[boundary_forcing-expected_coords0],call,0.41,132.69
before,35,test_boundary_forcing_creation,roms_tools/tests/test_setup/test_boundary_forcing.py::test_boundary_forcing_creation,call,0.04,132.69
before,35,test_boundary_forcing_creation_with_bgc,roms_tools/tests/test_setup/test_boundary_forcing.py::test_boundary_forcing_creation_with_bgc,call,0.03,132.69
before,35,test_roundtrip_yaml[bgc_boundary_forcing_from_climatology],roms_tools/tests/test_setup/test_boundary_forcing.py::test_roundtrip_yaml[bgc_boundary_forcing_from_climatology],teardown,0.01,132.69
before,36,test_boundary_forcing_data_consistency_plot_save,roms_tools/tests/test_setup/test_boundary_forcing.py::test_boundary_forcing_data_consistency_plot_save,call,111.42,131.2
before,36,test_bgc_boundary_forcing_data_consistency_plot_save,roms_tools/tests/test_setup/test_boundary_forcing.py::test_bgc_boundary_forcing_data_consistency_plot_save,call,10.22,131.2
before,36,test_roundtrip_yaml[bgc_boundary_forcing_from_climatology],roms_tools/tests/test_setup/test_boundary_forcing.py::test_roundtrip_yaml[bgc_boundary_forcing_from_climatology],call,2.69,131.2
before,36,test_boundary_forcing_creation_with_bgc,roms_tools/tests/test_setup/test_boundary_forcing.py::test_boundary_forcing_creation_with_bgc,setup,1.31,131.2
before,36,test_bgc_boundary_forcing_data_consistency_plot_save,roms_tools/tests/test_setup/test_boundary_forcing.py::test_bgc_boundary_forcing_data_consistency_plot_save,setup,1.24,131.2
before,36,test_coordinates_existence_and_values[bgc_boundary_forcing_from_climatology-expected_coords1],roms_tools/tests/test_setup/test_boundary_forcing.py::test_coordinates_existence_and_values[bgc_boundary_forcing_from_climatology-expected_coords1],call,1.24,131.2
before,36,test_roundtrip_yaml[boundary_forcing],roms_tools/tests/test_setup/test_boundary_forcing.py::test_roundtrip_yaml[boundary_forcing],call,0.77,131.2
before,36,test_boundary_forcing_creation,roms_tools/tests/test_setup/test_boundary_forcing.py::test_boundary_forcing_creation,setup,0.52,131.2
before,36,test_boundary_forcing_data_consistency_plot_save,roms_tools/tests/test_setup/test_boundary_forcing.py::test_boundary_forcing_data_consistency_plot_save,setup,0.46,131.2
before,36,test_coordinates_existence_and_values[boundary_forcing-expected_coords0],roms_tools/tests/test_setup/test_boundary_forcing.py::test_coordinates_existence_and_values[boundary_forcing-expected_coords0],call,0.4,131.2
before,36,test_boundary_forcing_creation,roms_tools/tests/test_setup/test_boundary_forcing.py::test_boundary_forcing_creation,call,0.04,131.2
before,36,test_boundary_forcing_creation_with_bgc,roms_tools/tests/test_setup/test_boundary_forcing.py::test_boundary_forcing_creation_with_bgc,call,0.03,131.2
before,36,test_roundtrip_yaml[bgc_boundary_forcing_from_climatology],roms_tools/tests/test_setup/test_boundary_forcing.py::test_roundtrip_yaml[bgc_boundary_forcing_from_climatology],teardown,0.01,131.2
before,37,test_boundary_forcing_data_consistency_plot_save,roms_tools/tests/test_setup/test_boundary_forcing.py::test_boundary_forcing_data_consistency_plot_save,call,111.66,131.5
before,37,test_bgc_boundary_forcing_data_consistency_plot_save,roms_tools/tests/test_setup/test_boundary_forcing.py::test_bgc_boundary_forcing_data_consistency_plot_save,call,10.21,131.5
before,37,test_roundtrip_yaml[bgc_boundary_forcing_from_climatology],roms_tools/tests/test_setup/test_boundary_forcing.py::test_roundtrip_yaml[bgc_boundary_forcing_from_climatology],call,2.73,131.5
before,37,test_boundary_forcing_creation_with_bgc,roms_tools/tests/test_setup/test_boundary_forcing.py::test_boundary_forcing_creation_with_bgc,setup,1.33,131.5
before,37,test_bgc_boundary_forcing_data_consistency_plot_save,roms_tools/tests/test_setup/test_boundary_forcing.py::test_bgc_boundary_forcing_data_consistency_plot_save,setup,1.25,131.5
before,37,test_coordinates_existence_and_values[bgc_boundary_forcing_from_climatology-expected_coords1],roms_tools/tests/test_setup/test_boundary_forcing.py::test_coordinates_existence_and_values[bgc_boundary_forcing_from_climatology-expected_coords1],call,1.24,131.5
before,37,test_roundtrip_yaml[boundary_forcing],roms_tools/tests/test_setup/test_boundary_forcing.py::test_roundtrip_yaml[boundary_forcing],call,0.78,131.5
before,37,test_boundary_forcing_creation,roms_tools/tests/test_setup/test_boundary_forcing.py::test_boundary_forcing_creation,setup,0.52,131.5
before,37,test_boundary_forcing_data_consistency_plot_save,roms_tools/tests/test_setup/test_boundary_forcing.py::test_boundary_forcing_data_consistency_plot_save,setup,0.46,131.5
before,37,test_coordinates_existence_and_values[boundary_forcing-expected_coords0],roms_tools/tests/test_setup/test_boundary_forcing.py::test_coordinates_existence_and_values[boundary_forcing-expected_coords0],call,0.4,131.5
before,37,test_boundary_forcing_creation,roms_tools/tests/test_setup/test_boundary_forcing.py::test_boundary_forcing_creation,call,0.04,131.5
before,37,test_boundary_forcing_creation_with_bgc,roms_tools/tests/test_setup/test_boundary_forcing.py::test_boundary_forcing_creation_with_bgc,call,0.03,131.5
before,37,test_roundtrip_yaml[bgc_boundary_forcing_from_climatology],roms_tools/tests/test_setup/test_boundary_forcing.py::test_roundtrip_yaml[bgc_boundary_forcing_from_climatology],teardown,0.01,131.5
before,38,test_boundary_forcing_data_consistency_plot_save,roms_tools/tests/test_setup/test_boundary_forcing.py::test_boundary_forcing_data_consistency_plot_save,call,111.31,131.06
before,38,test_bgc_boundary_forcing_data_consistency_plot_save,roms_tools/tests/test_setup/test_boundary_forcing.py::test_bgc_boundary_forcing_data_consistency_plot_save,call,10.12,131.06
before,38,test_roundtrip_yaml[bgc_boundary_forcing_from_climatology],roms_tools/tests/test_setup/test_boundary_forcing.py::test_roundtrip_yaml[bgc_boundary_forcing_from_climatology],call,2.71,131.06
before,38,test_boundary_forcing_creation_with_bgc,roms_tools/tests/test_setup/test_boundary_forcing.py::test_boundary_forcing_creation_with_bgc,setup,1.32,131.06
before,38,test_bgc_boundary_forcing_data_consistency_plot_save,roms_tools/tests/test_setup/test_boundary_forcing.py::test_bgc_boundary_forcing_data_consistency_plot_save,setup,1.25,131.06
before,38,test_coordinates_existence_and_values[bgc_boundary_forcing_from_climatology-expected_coords1],roms_tools/tests/test_setup/test_boundary_forcing.py::test_coordinates_existence_and_values[bgc_boundary_forcing_from_climatology-expected_coords1],call,1.23,131.06
before,38,test_roundtrip_yaml[boundary_forcing],roms_tools/tests/test_setup/test_boundary_forcing.py::test_roundtrip_yaml[boundary_forcing],call,0.79,131.06
before,38,test_boundary_forcing_creation,roms_tools/tests/test_setup/test_boundary_forcing.py::test_boundary_forcing_creation,setup,0.53,131.06
before,38,test_boundary_forcing_data_consistency_plot_save,roms_tools/tests/test_setup/test_boundary_forcing.py::test_boundary_forcing_data_consistency_plot_save,setup,0.46,131.06
before,38,test_coordinates_existence_and_values[boundary_forcing-expected_coords0],roms_tools/tests/test_setup/test_boundary_forcing.py::test_coordinates_existence_and_values[boundary_forcing-expected_coords0],call,0.4,131.06
before,38,test_boundary_forcing_creation,roms_tools/tests/test_setup/test_boundary_forcing.py::test_boundary_forcing_creation,call,0.04,131.06
before,38,test_boundary_forcing_creation_with_bgc,roms_tools/tests/test_setup/test_boundary_forcing.py::test_boundary_forcing_creation_with_bgc,call,0.02,131.06
before,38,test_roundtrip_yaml[bgc_boundary_forcing_from_climatology],roms_tools/tests/test_setup/test_boundary_forcing.py::test_roundtrip_yaml[bgc_boundary_forcing_from_climatology],teardown,0.01,131.06
before,39,test_boundary_forcing_data_consistency_plot_save,roms_tools/tests/test_setup/test_boundary_forcing.py::test_boundary_forcing_data_consistency_plot_save,call,111.81,131.63
before,39,test_bgc_boundary_forcing_data_consistency_plot_save,roms_tools/tests/test_setup/test_boundary_forcing.py::test_bgc_boundary_forcing_data_consistency_plot_save,call,10.26,131.63
before,39,test_roundtrip_yaml[bgc_boundary_forcing_from_climatology],roms_tools/tests/test_setup/test_boundary_forcing.py::test_roundtrip_yaml[bgc_boundary_forcing_from_climatology],call,2.71,131.63
before,39,test_boundary_forcing_creation_with_bgc,roms_tools/tests/test_setup/test_boundary_forcing.py::test_boundary_forcing_creation_with_bgc,setup,1.32,131.63
before,39,test_bgc_boundary_forcing_data_consistency_plot_save,roms_tools/tests/test_setup/test_boundary_forcing.py::test_bgc_boundary_forcing_data_consistency_plot_save,setup,1.24,131.63
before,39,test_coordinates_existence_and_values[bgc_boundary_forcing_from_climatology-expected_coords1],roms_tools/tests/test_setup/test_boundary_forcing.py::test_coordinates_existence_and_values[bgc_boundary_forcing_from_climatology-expected_coords1],call,1.23,131.63
before,39,test_roundtrip_yaml[boundary_forcing],roms_tools/tests/test_setup/test_boundary_forcing.py::test_roundtrip_yaml[boundary_forcing],call,0.78,131.63
before,39,test_boundary_forcing_creation,roms_tools/tests/test_setup/test_boundary_forcing.py::test_boundary_forcing_creation,setup,0.51,131.63
before,39,test_boundary_forcing_data_consistency_plot_save,roms_tools/tests/test_setup/test_boundary_forcing.py::test_boundary_forcing_data_consistency_plot_save,setup,0.46,131.63
before,39,test_coordinates_existence_and_values[boundary_forcing-expected_coords0],roms_tools/tests/test_setup/test_boundary_forcing.py::test_coordinates_existence_and_values[boundary_forcing-expected_coords0],call,0.4,131.63
before,39,test_boundary_forcing_creation,roms_tools/tests/test_setup/test_boundary_forcing.py::test_boundary_forcing_creation,call,0.04,131.63
before,39,test_boundary_forcing_creation_with_bgc,roms_tools/tests/test_setup/test_boundary_forcing.py::test_boundary_forcing_creation_with_bgc,call,0.03,131.63
before,39,test_roundtrip_yaml[bgc_boundary_forcing_from_climatology],roms_tools/tests/test_setup/test_boundary_forcing.py::test_roundtrip_yaml[bgc_boundary_forcing_from_climatology],teardown,0.01,131.63
before,40,test_boundary_forcing_data_consistency_plot_save,roms_tools/tests/test_setup/test_boundary_forcing.py::test_boundary_forcing_data_consistency_plot_save,call,111.66,131.27
before,40,test_bgc_boundary_forcing_data_consistency_plot_save,roms_tools/tests/test_setup/test_boundary_forcing.py::test_bgc_boundary_forcing_data_consistency_plot_save,call,10.11,131.27
before,40,test_roundtrip_yaml[bgc_boundary_forcing_from_climatology],roms_tools/tests/test_setup/test_boundary_forcing.py::test_roundtrip_yaml[bgc_boundary_forcing_from_climatology],call,2.68,131.27
before,40,test_boundary_forcing_creation_with_bgc,roms_tools/tests/test_setup/test_boundary_forcing.py::test_boundary_forcing_creation_with_bgc,setup,1.3,131.27
before,40,test_coordinates_existence_and_values[bgc_boundary_forcing_from_climatology-expected_coords1],roms_tools/tests/test_setup/test_boundary_forcing.py::test_coordinates_existence_and_values[bgc_boundary_forcing_from_climatology-expected_coords1],call,1.23,131.27
before,40,test_bgc_boundary_forcing_data_consistency_plot_save,roms_tools/tests/test_setup/test_boundary_forcing.py::test_bgc_boundary_forcing_data_consistency_plot_save,setup,1.23,131.27
before,40,test_roundtrip_yaml[boundary_forcing],roms_tools/tests/test_setup/test_boundary_forcing.py::test_roundtrip_yaml[boundary_forcing],call,0.77,131.27
before,40,test_boundary_forcing_creation,roms_tools/tests/test_setup/test_boundary_forcing.py::test_boundary_forcing_creation,setup,0.51,131.27
before,40,test_boundary_forcing_data_consistency_plot_save,roms_tools/tests/test_setup/test_boundary_forcing.py::test_boundary_forcing_data_consistency_plot_save,setup,0.45,131.27
before,40,test_coordinates_existence_and_values[boundary_forcing-expected_coords0],roms_tools/tests/test_setup/test_boundary_forcing.py::test_coordinates_existence_and_values[boundary_forcing-expected_coords0],call,0.4,131.27
before,40,test_boundary_forcing_creation,roms_tools/tests/test_setup/test_boundary_forcing.py::test_boundary_forcing_creation,call,0.04,131.27
before,40,test_boundary_forcing_creation_with_bgc,roms_tools/tests/test_setup/test_boundary_forcing.py::test_boundary_forcing_creation_with_bgc,call,0.03,131.27
before,40,test_roundtrip_yaml[bgc_boundary_forcing_from_climatology],roms_tools/tests/test_setup/test_boundary_forcing.py::test_roundtrip_yaml[bgc_boundary_forcing_from_climatology],teardown,0.01,131.27
after,1,test_boundary_forcing_plot_save,roms_tools/tests/test_setup/test_boundary_forcing.py::test_boundary_forcing_plot_save,call,6.31,11.99
after,1,test_bgc_boundary_forcing_data_consistency_plot_save,roms_tools/tests/test_setup/test_boundary_forcing.py::test_bgc_boundary_forcing_data_consistency_plot_save,call,2.21,11.99
after,1,test_boundary_forcing_creation_with_bgc,roms_tools/tests/test_setup/test_boundary_forcing.py::test_boundary_forcing_creation_with_bgc,setup,1.29,11.99
after,1,test_roundtrip_yaml[bgc_boundary_forcing_from_climatology],roms_tools/tests/test_setup/test_boundary_forcing.py::test_roundtrip_yaml[bgc_boundary_forcing_from_climatology],call,1.29,11.99
after,1,test_boundary_forcing_creation,roms_tools/tests/test_setup/test_boundary_forcing.py::test_boundary_forcing_creation,setup,0.47,11.99
after,1,test_roundtrip_yaml[boundary_forcing],roms_tools/tests/test_setup/test_boundary_forcing.py::test_roundtrip_yaml[boundary_forcing],call,0.38,11.99
after,1,test_from_yaml_missing_boundary_forcing,roms_tools/tests/test_setup/test_boundary_forcing.py::test_from_yaml_missing_boundary_forcing,teardown,0.01,11.99
after,2,test_boundary_forcing_plot_save,roms_tools/tests/test_setup/test_boundary_forcing.py::test_boundary_forcing_plot_save,call,6.4,12.07
after,2,test_bgc_boundary_forcing_data_consistency_plot_save,roms_tools/tests/test_setup/test_boundary_forcing.py::test_bgc_boundary_forcing_data_consistency_plot_save,call,2.19,12.07
after,2,test_roundtrip_yaml[bgc_boundary_forcing_from_climatology],roms_tools/tests/test_setup/test_boundary_forcing.py::test_roundtrip_yaml[bgc_boundary_forcing_from_climatology],call,1.3,12.07
after,2,test_boundary_forcing_creation_with_bgc,roms_tools/tests/test_setup/test_boundary_forcing.py::test_boundary_forcing_creation_with_bgc,setup,1.29,12.07
after,2,test_boundary_forcing_creation,roms_tools/tests/test_setup/test_boundary_forcing.py::test_boundary_forcing_creation,setup,0.48,12.07
after,2,test_roundtrip_yaml[boundary_forcing],roms_tools/tests/test_setup/test_boundary_forcing.py::test_roundtrip_yaml[boundary_forcing],call,0.38,12.07
after,2,test_from_yaml_missing_boundary_forcing,roms_tools/tests/test_setup/test_boundary_forcing.py::test_from_yaml_missing_boundary_forcing,teardown,0.01,12.07
after,3,test_boundary_forcing_plot_save,roms_tools/tests/test_setup/test_boundary_forcing.py::test_boundary_forcing_plot_save,call,6.31,11.98
after,3,test_bgc_boundary_forcing_data_consistency_plot_save,roms_tools/tests/test_setup/test_boundary_forcing.py::test_bgc_boundary_forcing_data_consistency_plot_save,call,2.2,11.98
after,3,test_boundary_forcing_creation_with_bgc,roms_tools/tests/test_setup/test_boundary_forcing.py::test_boundary_forcing_creation_with_bgc,setup,1.3,11.98
after,3,test_roundtrip_yaml[bgc_boundary_forcing_from_climatology],roms_tools/tests/test_setup/test_boundary_forcing.py::test_roundtrip_yaml[bgc_boundary_forcing_from_climatology],call,1.29,11.98
after,3,test_boundary_forcing_creation,roms_tools/tests/test_setup/test_boundary_forcing.py::test_boundary_forcing_creation,setup,0.47,11.98
after,3,test_roundtrip_yaml[boundary_forcing],roms_tools/tests/test_setup/test_boundary_forcing.py::test_roundtrip_yaml[boundary_forcing],call,0.37,11.98
after,3,test_from_yaml_missing_boundary_forcing,roms_tools/tests/test_setup/test_boundary_forcing.py::test_from_yaml_missing_boundary_forcing,teardown,0.01,11.98
after,4,test_boundary_forcing_plot_save,roms_tools/tests/test_setup/test_boundary_forcing.py::test_boundary_forcing_plot_save,call,6.28,11.94
after,4,test_bgc_boundary_forcing_data_consistency_plot_save,roms_tools/tests/test_setup/test_boundary_forcing.py::test_bgc_boundary_forcing_data_consistency_plot_save,call,2.23,11.94
after,4,test_boundary_forcing_creation_with_bgc,roms_tools/tests/test_setup/test_boundary_forcing.py::test_boundary_forcing_creation_with_bgc,setup,1.28,11.94
after,4,test_roundtrip_yaml[bgc_boundary_forcing_from_climatology],roms_tools/tests/test_setup/test_boundary_forcing.py::test_roundtrip_yaml[bgc_boundary_forcing_from_climatology],call,1.28,11.94
after,4,test_boundary_forcing_creation,roms_tools/tests/test_setup/test_boundary_forcing.py::test_boundary_forcing_creation,setup,0.47,11.94
after,4,test_roundtrip_yaml[boundary_forcing],roms_tools/tests/test_setup/test_boundary_forcing.py::test_roundtrip_yaml[boundary_forcing],call,0.37,11.94
after,4,test_from_yaml_missing_boundary_forcing,roms_tools/tests/test_setup/test_boundary_forcing.py::test_from_yaml_missing_boundary_forcing,teardown,0.01,11.94
after,5,test_boundary_forcing_plot_save,roms_tools/tests/test_setup/test_boundary_forcing.py::test_boundary_forcing_plot_save,call,6.33,12.0
after,5,test_bgc_boundary_forcing_data_consistency_plot_save,roms_tools/tests/test_setup/test_boundary_forcing.py::test_bgc_boundary_forcing_data_consistency_plot_save,call,2.2,12.0
after,5,test_boundary_forcing_creation_with_bgc,roms_tools/tests/test_setup/test_boundary_forcing.py::test_boundary_forcing_creation_with_bgc,setup,1.29,12.0
after,5,test_roundtrip_yaml[bgc_boundary_forcing_from_climatology],roms_tools/tests/test_setup/test_boundary_forcing.py::test_roundtrip_yaml[bgc_boundary_forcing_from_climatology],call,1.29,12.0
after,5,test_boundary_forcing_creation,roms_tools/tests/test_setup/test_boundary_forcing.py::test_boundary_forcing_creation,setup,0.48,12.0
after,5,test_roundtrip_yaml[boundary_forcing],roms_tools/tests/test_setup/test_boundary_forcing.py::test_roundtrip_yaml[boundary_forcing],call,0.38,12.0
after,5,test_from_yaml_missing_boundary_forcing,roms_tools/tests/test_setup/test_boundary_forcing.py::test_from_yaml_missing_boundary_forcing,teardown,0.01,12.0
after,6,test_boundary_forcing_plot_save,roms_tools/tests/test_setup/test_boundary_forcing.py::test_boundary_forcing_plot_save,call,6.29,11.93
after,6,test_bgc_boundary_forcing_data_consistency_plot_save,roms_tools/tests/test_setup/test_boundary_forcing.py::test_bgc_boundary_forcing_data_consistency_plot_save,call,2.2,11.93
after,6,test_boundary_forcing_creation_with_bgc,roms_tools/tests/test_setup/test_boundary_forcing.py::test_boundary_forcing_creation_with_bgc,setup,1.3,11.93
after,6,test_roundtrip_yaml[bgc_boundary_forcing_from_climatology],roms_tools/tests/test_setup/test_boundary_forcing.py::test_roundtrip_yaml[bgc_boundary_forcing_from_climatology],call,1.29,11.93
after,6,test_boundary_forcing_creation,roms_tools/tests/test_setup/test_boundary_forcing.py::test_boundary_forcing_creation,setup,0.47,11.93
after,6,test_roundtrip_yaml[boundary_forcing],roms_tools/tests/test_setup/test_boundary_forcing.py::test_roundtrip_yaml[boundary_forcing],call,0.37,11.93
after,6,test_from_yaml_missing_boundary_forcing,roms_tools/tests/test_setup/test_boundary_forcing.py::test_from_yaml_missing_boundary_forcing,teardown,0.01,11.93
after,7,test_boundary_forcing_plot_save,roms_tools/tests/test_setup/test_boundary_forcing.py::test_boundary_forcing_plot_save,call,6.38,12.06
after,7,test_bgc_boundary_forcing_data_consistency_plot_save,roms_tools/tests/test_setup/test_boundary_forcing.py::test_bgc_boundary_forcing_data_consistency_plot_save,call,2.2,12.06
after,7,test_boundary_forcing_creation_with_bgc,roms_tools/tests/test_setup/test_boundary_forcing.py::test_boundary_forcing_creation_with_bgc,setup,1.3,12.06
after,7,test_roundtrip_yaml[bgc_boundary_forcing_from_climatology],roms_tools/tests/test_setup/test_boundary_forcing.py::test_roundtrip_yaml[bgc_boundary_forcing_from_climatology],call,1.3,12.06
after,7,test_boundary_forcing_creation,roms_tools/tests/test_setup/test_boundary_forcing.py::test_boundary_forcing_creation,setup,0.48,12.06
after,7,test_roundtrip_yaml[boundary_forcing],roms_tools/tests/test_setup/test_boundary_forcing.py::test_roundtrip_yaml[boundary_forcing],call,0.37,12.06
after,7,test_from_yaml_missing_boundary_forcing,roms_tools/tests/test_setup/test_boundary_forcing.py::test_from_yaml_missing_boundary_forcing,teardown,0.01,12.06
after,8,test_boundary_forcing_plot_save,roms_tools/tests/test_setup/test_boundary_forcing.py::test_boundary_forcing_plot_save,call,6.39,12.01
after,8,test_bgc_boundary_forcing_data_consistency_plot_save,roms_tools/tests/test_setup/test_boundary_forcing.py::test_bgc_boundary_forcing_data_consistency_plot_save,call,2.21,12.01
after,8,test_boundary_forcing_creation_with_bgc,roms_tools/tests/test_setup/test_boundary_forcing.py::test_boundary_forcing_creation_with_bgc,setup,1.28,12.01
after,8,test_roundtrip_yaml[bgc_boundary_forcing_from_climatology],roms_tools/tests/test_setup/test_boundary_forcing.py::test_roundtrip_yaml[bgc_boundary_forcing_from_climatology],call,1.27,12.01
after,8,test_boundary_forcing_creation,roms_tools/tests/test_setup/test_boundary_forcing.py::test_boundary_forcing_creation,setup,0.47,12.01
after,8,test_roundtrip_yaml[boundary_forcing],roms_tools/tests/test_setup/test_boundary_forcing.py::test_roundtrip_yaml[boundary_forcing],call,0.37,12.01
after,8,test_from_yaml_missing_boundary_forcing,roms_tools/tests/test_setup/test_boundary_forcing.py::test_from_yaml_missing_boundary_forcing,teardown,0.01,12.01
after,9,test_boundary_forcing_plot_save,roms_tools/tests/test_setup/test_boundary_forcing.py::test_boundary_forcing_plot_save,call,6.36,12.02
after,9,test_bgc_boundary_forcing_data_consistency_plot_save,roms_tools/tests/test_setup/test_boundary_forcing.py::test_bgc_boundary_forcing_data_consistency_plot_save,call,2.23,12.02
after,9,test_boundary_forcing_creation_with_bgc,roms_tools/tests/test_setup/test_boundary_forcing.py::test_boundary_forcing_creation_with_bgc,setup,1.28,12.02
after,9,test_roundtrip_yaml[bgc_boundary_forcing_from_climatology],roms_tools/tests/test_setup/test_boundary_forcing.py::test_roundtrip_yaml[bgc_boundary_forcing_from_climatology],call,1.28,12.02
after,9,test_boundary_forcing_creation,roms_tools/tests/test_setup/test_boundary_forcing.py::test_boundary_forcing_creation,setup,0.47,12.02
after,9,test_roundtrip_yaml[boundary_forcing],roms_tools/tests/test_setup/test_boundary_forcing.py::test_roundtrip_yaml[boundary_forcing],call,0.37,12.02
after,9,test_from_yaml_missing_boundary_forcing,roms_tools/tests/test_setup/test_boundary_forcing.py::test_from_yaml_missing_boundary_forcing,teardown,0.01,12.02
after,10,test_boundary_forcing_plot_save,roms_tools/tests/test_setup/test_boundary_forcing.py::test_boundary_forcing_plot_save,call,6.35,12.05
after,10,test_bgc_boundary_forcing_data_consistency_plot_save,roms_tools/tests/test_setup/test_boundary_forcing.py::test_bgc_boundary_forcing_data_consistency_plot_save,call,2.25,12.05
after,10,test_boundary_forcing_creation_with_bgc,roms_tools/tests/test_setup/test_boundary_forcing.py::test_boundary_forcing_creation_with_bgc,setup,1.3,12.05
after,10,test_roundtrip_yaml[bgc_boundary_forcing_from_climatology],roms_tools/tests/test_setup/test_boundary_forcing.py::test_roundtrip_yaml[bgc_boundary_forcing_from_climatology],call,1.29,12.05
after,10,test_boundary_forcing_creation,roms_tools/tests/test_setup/test_boundary_forcing.py::test_boundary_forcing_creation,setup,0.47,12.05
after,10,test_roundtrip_yaml[boundary_forcing],roms_tools/tests/test_setup/test_boundary_forcing.py::test_roundtrip_yaml[boundary_forcing],call,0.37,12.05
after,10,test_from_yaml_missing_boundary_forcing,roms_tools/tests/test_setup/test_boundary_forcing.py::test_from_yaml_missing_boundary_forcing,teardown,0.01,12.05
after,11,test_boundary_forcing_plot_save,roms_tools/tests/test_setup/test_boundary_forcing.py::test_boundary_forcing_plot_save,call,6.31,11.95
after,11,test_bgc_boundary_forcing_data_consistency_plot_save,roms_tools/tests/test_setup/test_boundary_forcing.py::test_bgc_boundary_forcing_data_consistency_plot_save,call,2.22,11.95
after,11,test_boundary_forcing_creation_with_bgc,roms_tools/tests/test_setup/test_boundary_forcing.py::test_boundary_forcing_creation_with_bgc,setup,1.28,11.95
after,11,test_roundtrip_yaml[bgc_boundary_forcing_from_climatology],roms_tools/tests/test_setup/test_boundary_forcing.py::test_roundtrip_yaml[bgc_boundary_forcing_from_climatology],call,1.27,11.95
after,11,test_boundary_forcing_creation,roms_tools/tests/test_setup/test_boundary_forcing.py::test_boundary_forcing_creation,setup,0.47,11.95
after,11,test_roundtrip_yaml[boundary_forcing],roms_tools/tests/test_setup/test_boundary_forcing.py::test_roundtrip_yaml[boundary_forcing],call,0.37,11.95
after,11,test_from_yaml_missing_boundary_forcing,roms_tools/tests/test_setup/test_boundary_forcing.py::test_from_yaml_missing_boundary_forcing,teardown,0.01,11.95
after,12,test_boundary_forcing_plot_save,roms_tools/tests/test_setup/test_boundary_forcing.py::test_boundary_forcing_plot_save,call,6.42,12.18
after,12,test_bgc_boundary_forcing_data_consistency_plot_save,roms_tools/tests/test_setup/test_boundary_forcing.py::test_bgc_boundary_forcing_data_consistency_plot_save,call,2.29,12.18
after,12,test_boundary_forcing_creation_with_bgc,roms_tools/tests/test_setup/test_boundary_forcing.py::test_boundary_forcing_creation_with_bgc,setup,1.3,12.18
after,12,test_roundtrip_yaml[bgc_boundary_forcing_from_climatology],roms_tools/tests/test_setup/test_boundary_forcing.py::test_roundtrip_yaml[bgc_boundary_forcing_from_climatology],call,1.29,12.18
after,12,test_boundary_forcing_creation,roms_tools/tests/test_setup/test_boundary_forcing.py::test_boundary_forcing_creation,setup,0.47,12.18
after,12,test_roundtrip_yaml[boundary_forcing],roms_tools/tests/test_setup/test_boundary_forcing.py::test_roundtrip_yaml[boundary_forcing],call,0.38,12.18
after,12,test_from_yaml_missing_boundary_forcing,roms_tools/tests/test_setup/test_boundary_forcing.py::test_from_yaml_missing_boundary_forcing,teardown,0.01,12.18
after,13,test_boundary_forcing_plot_save,roms_tools/tests/test_setup/test_boundary_forcing.py::test_boundary_forcing_plot_save,call,6.37,11.99
after,13,test_bgc_boundary_forcing_data_consistency_plot_save,roms_tools/tests/test_setup/test_boundary_forcing.py::test_bgc_boundary_forcing_data_consistency_plot_save,call,2.19,11.99
after,13,test_boundary_forcing_creation_with_bgc,roms_tools/tests/test_setup/test_boundary_forcing.py::test_boundary_forcing_creation_with_bgc,setup,1.28,11.99
after,13,test_roundtrip_yaml[bgc_boundary_forcing_from_climatology],roms_tools/tests/test_setup/test_boundary_forcing.py::test_roundtrip_yaml[bgc_boundary_forcing_from_climatology],call,1.28,11.99
after,13,test_boundary_forcing_creation,roms_tools/tests/test_setup/test_boundary_forcing.py::test_boundary_forcing_creation,setup,0.47,11.99
after,13,test_roundtrip_yaml[boundary_forcing],roms_tools/tests/test_setup/test_boundary_forcing.py::test_roundtrip_yaml[boundary_forcing],call,0.38,11.99
after,13,test_from_yaml_missing_boundary_forcing,roms_tools/tests/test_setup/test_boundary_forcing.py::test_from_yaml_missing_boundary_forcing,teardown,0.01,11.99
after,14,test_boundary_forcing_plot_save,roms_tools/tests/test_setup/test_boundary_forcing.py::test_boundary_forcing_plot_save,call,6.32,11.98
after,14,test_bgc_boundary_forcing_data_consistency_plot_save,roms_tools/tests/test_setup/test_boundary_forcing.py::test_bgc_boundary_forcing_data_consistency_plot_save,call,2.19,11.98
after,14,test_boundary_forcing_creation_with_bgc,roms_tools/tests/test_setup/test_boundary_forcing.py::test_boundary_forcing_creation_with_bgc,setup,1.29,11.98
after,14,test_roundtrip_yaml[bgc_boundary_forcing_from_climatology],roms_tools/tests/test_setup/test_boundary_forcing.py::test_roundtrip_yaml[bgc_boundary_forcing_from_climatology],call,1.28,11.98
after,14,test_boundary_forcing_creation,roms_tools/tests/test_setup/test_boundary_forcing.py::test_boundary_forcing_creation,setup,0.48,11.98
after,14,test_roundtrip_yaml[boundary_forcing],roms_tools/tests/test_setup/test_boundary_forcing.py::test_roundtrip_yaml[boundary_forcing],call,0.38,11.98
after,14,test_from_yaml_missing_boundary_forcing,roms_tools/tests/test_setup/test_boundary_forcing.py::test_from_yaml_missing_boundary_forcing,teardown,0.01,11.98
after,15,test_boundary_forcing_plot_save,roms_tools/tests/test_setup/test_boundary_forcing.py::test_boundary_forcing_plot_save,call,6.37,12.07
after,15,test_bgc_boundary_forcing_data_consistency_plot_save,roms_tools/tests/test_setup/test_boundary_forcing.py::test_bgc_boundary_forcing_data_consistency_plot_save,call,2.24,12.07
after,15,test_boundary_forcing_creation_with_bgc,roms_tools/tests/test_setup/test_boundary_forcing.py::test_boundary_forcing_creation_with_bgc,setup,1.29,12.07
after,15,test_roundtrip_yaml[bgc_boundary_forcing_from_climatology],roms_tools/tests/test_setup/test_boundary_forcing.py::test_roundtrip_yaml[bgc_boundary_forcing_from_climatology],call,1.29,12.07
after,15,test_boundary_forcing_creation,roms_tools/tests/test_setup/test_boundary_forcing.py::test_boundary_forcing_creation,setup,0.47,12.07
after,15,test_roundtrip_yaml[boundary_forcing],roms_tools/tests/test_setup/test_boundary_forcing.py::test_roundtrip_yaml[boundary_forcing],call,0.38,12.07
after,15,test_from_yaml_missing_boundary_forcing,roms_tools/tests/test_setup/test_boundary_forcing.py::test_from_yaml_missing_boundary_forcing,teardown,0.01,12.07
after,16,test_boundary_forcing_plot_save,roms_tools/tests/test_setup/test_boundary_forcing.py::test_boundary_forcing_plot_save,call,6.35,12.05
after,16,test_bgc_boundary_forcing_data_consistency_plot_save,roms_tools/tests/test_setup/test_boundary_forcing.py::test_bgc_boundary_forcing_data_consistency_plot_save,call,2.22,12.05
after,16,test_boundary_forcing_creation_with_bgc,roms_tools/tests/test_setup/test_boundary_forcing.py::test_boundary_forcing_creation_with_bgc,setup,1.31,12.05
after,16,test_roundtrip_yaml[bgc_boundary_forcing_from_climatology],roms_tools/tests/test_setup/test_boundary_forcing.py::test_roundtrip_yaml[bgc_boundary_forcing_from_climatology],call,1.3,12.05
after,16,test_boundary_forcing_creation,roms_tools/tests/test_setup/test_boundary_forcing.py::test_boundary_forcing_creation,setup,0.48,12.05
after,16,test_roundtrip_yaml[boundary_forcing],roms_tools/tests/test_setup/test_boundary_forcing.py::test_roundtrip_yaml[boundary_forcing],call,0.38,12.05
after,16,test_from_yaml_missing_boundary_forcing,roms_tools/tests/test_setup/test_boundary_forcing.py::test_from_yaml_missing_boundary_forcing,teardown,0.01,12.05
after,17,test_boundary_forcing_plot_save,roms_tools/tests/test_setup/test_boundary_forcing.py::test_boundary_forcing_plot_save,call,6.35,12.01
after,17,test_bgc_boundary_forcing_data_consistency_plot_save,roms_tools/tests/test_setup/test_boundary_forcing.py::test_bgc_boundary_forcing_data_consistency_plot_save,call,2.21,12.01
after,17,test_boundary_forcing_creation_with_bgc,roms_tools/tests/test_setup/test_boundary_forcing.py::test_boundary_forcing_creation_with_bgc,setup,1.29,12.01
after,17,test_roundtrip_yaml[bgc_boundary_forcing_from_climatology],roms_tools/tests/test_setup/test_boundary_forcing.py::test_roundtrip_yaml[bgc_boundary_forcing_from_climatology],call,1.29,12.01
after,17,test_boundary_forcing_creation,roms_tools/tests/test_setup/test_boundary_forcing.py::test_boundary_forcing_creation,setup,0.47,12.01
after,17,test_roundtrip_yaml[boundary_forcing],roms_tools/tests/test_setup/test_boundary_forcing.py::test_roundtrip_yaml[boundary_forcing],call,0.37,12.01
after,17,test_from_yaml_missing_boundary_forcing,roms_tools/tests/test_setup/test_boundary_forcing.py::test_from_yaml_missing_boundary_forcing,teardown,0.01,12.01
after,18,test_boundary_forcing_plot_save,roms_tools/tests/test_setup/test_boundary_forcing.py::test_boundary_forcing_plot_save,call,6.31,11.95
after,18,test_bgc_boundary_forcing_data_consistency_plot_save,roms_tools/tests/test_setup/test_boundary_forcing.py::test_bgc_boundary_forcing_data_consistency_plot_save,call,2.2,11.95
after,18,test_boundary_forcing_creation_with_bgc,roms_tools/tests/test_setup/test_boundary_forcing.py::test_boundary_forcing_creation_with_bgc,setup,1.29,11.95
after,18,test_roundtrip_yaml[bgc_boundary_forcing_from_climatology],roms_tools/tests/test_setup/test_boundary_forcing.py::test_roundtrip_yaml[bgc_boundary_forcing_from_climatology],call,1.29,11.95
after,18,test_boundary_forcing_creation,roms_tools/tests/test_setup/test_boundary_forcing.py::test_boundary_forcing_creation,setup,0.47,11.95
after,18,test_roundtrip_yaml[boundary_forcing],roms_tools/tests/test_setup/test_boundary_forcing.py::test_roundtrip_yaml[boundary_forcing],call,0.38,11.95
after,18,test_from_yaml_missing_boundary_forcing,roms_tools/tests/test_setup/test_boundary_forcing.py::test_from_yaml_missing_boundary_forcing,teardown,0.01,11.95
after,19,test_boundary_forcing_plot_save,roms_tools/tests/test_setup/test_boundary_forcing.py::test_boundary_forcing_plot_save,call,6.36,12.0
after,19,test_bgc_boundary_forcing_data_consistency_plot_save,roms_tools/tests/test_setup/test_boundary_forcing.py::test_bgc_boundary_forcing_data_consistency_plot_save,call,2.23,12.0
after,19,test_roundtrip_yaml[bgc_boundary_forcing_from_climatology],roms_tools/tests/test_setup/test_boundary_forcing.py::test_roundtrip_yaml[bgc_boundary_forcing_from_climatology],call,1.28,12.0
after,19,test_boundary_forcing_creation_with_bgc,roms_tools/tests/test_setup/test_boundary_forcing.py::test_boundary_forcing_creation_with_bgc,setup,1.27,12.0
after,19,test_boundary_forcing_creation,roms_tools/tests/test_setup/test_boundary_forcing.py::test_boundary_forcing_creation,setup,0.47,12.0
after,19,test_roundtrip_yaml[boundary_forcing],roms_tools/tests/test_setup/test_boundary_forcing.py::test_roundtrip_yaml[boundary_forcing],call,0.37,12.0
after,19,test_from_yaml_missing_boundary_forcing,roms_tools/tests/test_setup/test_boundary_forcing.py::test_from_yaml_missing_boundary_forcing,teardown,0.01,12.0
after,20,test_boundary_forcing_plot_save,roms_tools/tests/test_setup/test_boundary_forcing.py::test_boundary_forcing_plot_save,call,6.33,11.99
after,20,test_bgc_boundary_forcing_data_consistency_plot_save,roms_tools/tests/test_setup/test_boundary_forcing.py::test_bgc_boundary_forcing_data_consistency_plot_save,call,2.22,11.99
after,20,test_roundtrip_yaml[bgc_boundary_forcing_from_climatology],roms_tools/tests/test_setup/test_boundary_forcing.py::test_roundtrip_yaml[bgc_boundary_forcing_from_climatology],call,1.29,11.99
after,20,test_boundary_forcing_creation_with_bgc,roms_tools/tests/test_setup/test_boundary_forcing.py::test_boundary_forcing_creation_with_bgc,setup,1.28,11.99
after,20,test_boundary_forcing_creation,roms_tools/tests/test_setup/test_boundary_forcing.py::test_boundary_forcing_creation,setup,0.47,11.99
after,20,test_roundtrip_yaml[boundary_forcing],roms_tools/tests/test_setup/test_boundary_forcing.py::test_roundtrip_yaml[boundary_forcing],call,0.38,11.99
after,20,test_from_yaml_missing_boundary_forcing,roms_tools/tests/test_setup/test_boundary_forcing.py::test_from_yaml_missing_boundary_forcing,teardown,0.01,11.99
after,21,test_boundary_forcing_plot_save,roms_tools/tests/test_setup/test_boundary_forcing.py::test_boundary_forcing_plot_save,call,6.32,11.98
after,21,test_bgc_boundary_forcing_data_consistency_plot_save,roms_tools/tests/test_setup/test_boundary_forcing.py::test_bgc_boundary_forcing_data_consistency_plot_save,call,2.2,11.98
after,21,test_boundary_forcing_creation_with_bgc,roms_tools/tests/test_setup/test_boundary_forcing.py::test_boundary_forcing_creation_with_bgc,setup,1.3,11.98
after,21,test_roundtrip_yaml[bgc_boundary_forcing_from_climatology],roms_tools/tests/test_setup/test_boundary_forcing.py::test_roundtrip_yaml[bgc_boundary_forcing_from_climatology],call,1.29,11.98
after,21,test_boundary_forcing_creation,roms_tools/tests/test_setup/test_boundary_forcing.py::test_boundary_forcing_creation,setup,0.47,11.98
after,21,test_roundtrip_yaml[boundary_forcing],roms_tools/tests/test_setup/test_boundary_forcing.py::test_roundtrip_yaml[boundary_forcing],call,0.37,11.98
after,21,test_from_yaml_missing_boundary_forcing,roms_tools/tests/test_setup/test_boundary_forcing.py::test_from_yaml_missing_boundary_forcing,teardown,0.01,11.98
after,22,test_boundary_forcing_plot_save,roms_tools/tests/test_setup/test_boundary_forcing.py::test_boundary_forcing_plot_save,call,6.36,12.05
after,22,test_bgc_boundary_forcing_data_consistency_plot_save,roms_tools/tests/test_setup/test_boundary_forcing.py::test_bgc_boundary_forcing_data_consistency_plot_save,call,2.26,12.05
after,22,test_roundtrip_yaml[bgc_boundary_forcing_from_climatology],roms_tools/tests/test_setup/test_boundary_forcing.py::test_roundtrip_yaml[bgc_boundary_forcing_from_climatology],call,1.28,12.05
after,22,test_boundary_forcing_creation_with_bgc,roms_tools/tests/test_setup/test_boundary_forcing.py::test_boundary_forcing_creation_with_bgc,setup,1.28,12.05
after,22,test_boundary_forcing_creation,roms_tools/tests/test_setup/test_boundary_forcing.py::test_boundary_forcing_creation,setup,0.47,12.05
after,22,test_roundtrip_yaml[boundary_forcing],roms_tools/tests/test_setup/test_boundary_forcing.py::test_roundtrip_yaml[boundary_forcing],call,0.37,12.05
after,22,test_from_yaml_missing_boundary_forcing,roms_tools/tests/test_setup/test_boundary_forcing.py::test_from_yaml_missing_boundary_forcing,teardown,0.01,12.05
after,23,test_boundary_forcing_plot_save,roms_tools/tests/test_setup/test_boundary_forcing.py::test_boundary_forcing_plot_save,call,6.33,12.05
after,23,test_bgc_boundary_forcing_data_consistency_plot_save,roms_tools/tests/test_setup/test_boundary_forcing.py::test_bgc_boundary_forcing_data_consistency_plot_save,call,2.23,12.05
after,23,test_roundtrip_yaml[bgc_boundary_forcing_from_climatology],roms_tools/tests/test_setup/test_boundary_forcing.py::test_roundtrip_yaml[bgc_boundary_forcing_from_climatology],call,1.31,12.05
after,23,test_boundary_forcing_creation_with_bgc,roms_tools/tests/test_setup/test_boundary_forcing.py::test_boundary_forcing_creation_with_bgc,setup,1.29,12.05
after,23,test_boundary_forcing_creation,roms_tools/tests/test_setup/test_boundary_forcing.py::test_boundary_forcing_creation,setup,0.48,12.05
after,23,test_roundtrip_yaml[boundary_forcing],roms_tools/tests/test_setup/test_boundary_forcing.py::test_roundtrip_yaml[boundary_forcing],call,0.39,12.05
after,23,test_from_yaml_missing_boundary_forcing,roms_tools/tests/test_setup/test_boundary_forcing.py::test_from_yaml_missing_boundary_forcing,teardown,0.01,12.05
after,24,test_boundary_forcing_plot_save,roms_tools/tests/test_setup/test_boundary_forcing.py::test_boundary_forcing_plot_save,call,6.27,11.89
after,24,test_bgc_boundary_forcing_data_consistency_plot_save,roms_tools/tests/test_setup/test_boundary_forcing.py::test_bgc_boundary_forcing_data_consistency_plot_save,call,2.18,11.89
after,24,test_boundary_forcing_creation_with_bgc,roms_tools/tests/test_setup/test_boundary_forcing.py::test_boundary_forcing_creation_with_bgc,setup,1.3,11.89
after,24,test_roundtrip_yaml[bgc_boundary_forcing_from_climatology],roms_tools/tests/test_setup/test_boundary_forcing.py::test_roundtrip_yaml[bgc_boundary_forcing_from_climatology],call,1.29,11.89
after,24,test_boundary_forcing_creation,roms_tools/tests/test_setup/test_boundary_forcing.py::test_boundary_forcing_creation,setup,0.46,11.89
after,24,test_roundtrip_yaml[boundary_forcing],roms_tools/tests/test_setup/test_boundary_forcing.py::test_roundtrip_yaml[boundary_forcing],call,0.37,11.89
after,24,test_from_yaml_missing_boundary_forcing,roms_tools/tests/test_setup/test_boundary_forcing.py::test_from_yaml_missing_boundary_forcing,teardown,0.01,11.89
after,25,test_boundary_forcing_plot_save,roms_tools/tests/test_setup/test_boundary_forcing.py::test_boundary_forcing_plot_save,call,6.31,12.0
after,25,test_bgc_boundary_forcing_data_consistency_plot_save,roms_tools/tests/test_setup/test_boundary_forcing.py::test_bgc_boundary_forcing_data_consistency_plot_save,call,2.22,12.0
after,25,test_boundary_forcing_creation_with_bgc,roms_tools/tests/test_setup/test_boundary_forcing.py::test_boundary_forcing_creation_with_bgc,setup,1.3,12.0
after,25,test_roundtrip_yaml[bgc_boundary_forcing_from_climatology],roms_tools/tests/test_setup/test_boundary_forcing.py::test_roundtrip_yaml[bgc_boundary_forcing_from_climatology],call,1.3,12.0
after,25,test_boundary_forcing_creation,roms_tools/tests/test_setup/test_boundary_forcing.py::test_boundary_forcing_creation,setup,0.47,12.0
after,25,test_roundtrip_yaml[boundary_forcing],roms_tools/tests/test_setup/test_boundary_forcing.py::test_roundtrip_yaml[boundary_forcing],call,0.38,12.0
after,25,test_from_yaml_missing_boundary_forcing,roms_tools/tests/test_setup/test_boundary_forcing.py::test_from_yaml_missing_boundary_forcing,teardown,0.01,12.0
after,26,test_boundary_forcing_plot_save,roms_tools/tests/test_setup/test_boundary_forcing.py::test_boundary_forcing_plot_save,call,6.31,12.01
after,26,test_bgc_boundary_forcing_data_consistency_plot_save,roms_tools/tests/test_setup/test_boundary_forcing.py::test_bgc_boundary_forcing_data_consistency_plot_save,call,2.23,12.01
after,26,test_boundary_forcing_creation_with_bgc,roms_tools/tests/test_setup/test_boundary_forcing.py::test_boundary_forcing_creation_with_bgc,setup,1.3,12.01
after,26,test_roundtrip_yaml[bgc_boundary_forcing_from_climatology],roms_tools/tests/test_setup/test_boundary_forcing.py::test_roundtrip_yaml[bgc_boundary_forcing_from_climatology],call,1.29,12.01
after,26,test_boundary_forcing_creation,roms_tools/tests/test_setup/test_boundary_forcing.py::test_boundary_forcing_creation,setup,0.47,12.01
after,26,test_roundtrip_yaml[boundary_forcing],roms_tools/tests/test_setup/test_boundary_forcing.py::test_roundtrip_yaml[boundary_forcing],call,0.38,12.01
after,26,test_from_yaml_missing_boundary_forcing,roms_tools/tests/test_setup/test_boundary_forcing.py::test_from_yaml_missing_boundary_forcing,teardown,0.01,12.01
after,27,test_boundary_forcing_plot_save,roms_tools/tests/test_setup/test_boundary_forcing.py::test_boundary_forcing_plot_save,call,6.35,11.98
after,27,test_bgc_boundary_forcing_data_consistency_plot_save,roms_tools/tests/test_setup/test_boundary_forcing.py::test_bgc_boundary_forcing_data_consistency_plot_save,call,2.21,11.98
after,27,test_boundary_forcing_creation_with_bgc,roms_tools/tests/test_setup/test_boundary_forcing.py::test_boundary_forcing_creation_with_bgc,setup,1.29,11.98
after,27,test_roundtrip_yaml[bgc_boundary_forcing_from_climatology],roms_tools/tests/test_setup/test_boundary_forcing.py::test_roundtrip_yaml[bgc_boundary_forcing_from_climatology],call,1.26,11.98
after,27,test_boundary_forcing_creation,roms_tools/tests/test_setup/test_boundary_forcing.py::test_boundary_forcing_creation,setup,0.47,11.98
after,27,test_roundtrip_yaml[boundary_forcing],roms_tools/tests/test_setup/test_boundary_forcing.py::test_roundtrip_yaml[boundary_forcing],call,0.37,11.98
after,27,test_from_yaml_missing_boundary_forcing,roms_tools/tests/test_setup/test_boundary_forcing.py::test_from_yaml_missing_boundary_forcing,teardown,0.01,11.98
after,28,test_boundary_forcing_plot_save,roms_tools/tests/test_setup/test_boundary_forcing.py::test_boundary_forcing_plot_save,call,6.34,11.99
after,28,test_bgc_boundary_forcing_data_consistency_plot_save,roms_tools/tests/test_setup/test_boundary_forcing.py::test_bgc_boundary_forcing_data_consistency_plot_save,call,2.21,11.99
after,28,test_boundary_forcing_creation_with_bgc,roms_tools/tests/test_setup/test_boundary_forcing.py::test_boundary_forcing_creation_with_bgc,setup,1.29,11.99
after,28,test_roundtrip_yaml[bgc_boundary_forcing_from_climatology],roms_tools/tests/test_setup/test_boundary_forcing.py::test_roundtrip_yaml[bgc_boundary_forcing_from_climatology],call,1.28,11.99
after,28,test_boundary_forcing_creation,roms_tools/tests/test_setup/test_boundary_forcing.py::test_boundary_forcing_creation,setup,0.47,11.99
after,28,test_roundtrip_yaml[boundary_forcing],roms_tools/tests/test_setup/test_boundary_forcing.py::test_roundtrip_yaml[boundary_forcing],call,0.37,11.99
after,28,test_from_yaml_missing_boundary_forcing,roms_tools/tests/test_setup/test_boundary_forcing.py::test_from_yaml_missing_boundary_forcing,teardown,0.01,11.99
after,29,test_boundary_forcing_plot_save,roms_tools/tests/test_setup/test_boundary_forcing.py::test_boundary_forcing_plot_save,call,6.34,11.98
after,29,test_bgc_boundary_forcing_data_consistency_plot_save,roms_tools/tests/test_setup/test_boundary_forcing.py::test_bgc_boundary_forcing_data_consistency_plot_save,call,2.19,11.98
after,29,test_boundary_forcing_creation_with_bgc,roms_tools/tests/test_setup/test_boundary_forcing.py::test_boundary_forcing_creation_with_bgc,setup,1.3,11.98
after,29,test_roundtrip_yaml[bgc_boundary_forcing_from_climatology],roms_tools/tests/test_setup/test_boundary_forcing.py::test_roundtrip_yaml[bgc_boundary_forcing_from_climatology],call,1.27,11.98
after,29,test_boundary_forcing_creation,roms_tools/tests/test_setup/test_boundary_forcing.py::test_boundary_forcing_creation,setup,0.47,11.98
after,29,test_roundtrip_yaml[boundary_forcing],roms_tools/tests/test_setup/test_boundary_forcing.py::test_roundtrip_yaml[boundary_forcing],call,0.37,11.98
after,29,test_from_yaml_missing_boundary_forcing,roms_tools/tests/test_setup/test_boundary_forcing.py::test_from_yaml_missing_boundary_forcing,teardown,0.01,11.98
after,30,test_boundary_forcing_plot_save,roms_tools/tests/test_setup/test_boundary_forcing.py::test_boundary_forcing_plot_save,call,6.37,12.02
after,30,test_bgc_boundary_forcing_data_consistency_plot_save,roms_tools/tests/test_setup/test_boundary_forcing.py::test_bgc_boundary_forcing_data_consistency_plot_save,call,2.21,12.02
after,30,test_boundary_forcing_creation_with_bgc,roms_tools/tests/test_setup/test_boundary_forcing.py::test_boundary_forcing_creation_with_bgc,setup,1.29,12.02
after,30,test_roundtrip_yaml[bgc_boundary_forcing_from_climatology],roms_tools/tests/test_setup/test_boundary_forcing.py::test_roundtrip_yaml[bgc_boundary_forcing_from_climatology],call,1.28,12.02
after,30,test_boundary_forcing_creation,roms_tools/tests/test_setup/test_boundary_forcing.py::test_boundary_forcing_creation,setup,0.47,12.02
after,30,test_roundtrip_yaml[boundary_forcing],roms_tools/tests/test_setup/test_boundary_forcing.py::test_roundtrip_yaml[boundary_forcing],call,0.37,12.02
after,30,test_from_yaml_missing_boundary_forcing,roms_tools/tests/test_setup/test_boundary_forcing.py::test_from_yaml_missing_boundary_forcing,teardown,0.01,12.02
after,31,test_boundary_forcing_plot_save,roms_tools/tests/test_setup/test_boundary_forcing.py::test_boundary_forcing_plot_save,call,6.37,12.03
after,31,test_bgc_boundary_forcing_data_consistency_plot_save,roms_tools/tests/test_setup/test_boundary_forcing.py::test_bgc_boundary_forcing_data_consistency_plot_save,call,2.21,12.03
after,31,test_roundtrip_yaml[bgc_boundary_forcing_from_climatology],roms_tools/tests/test_setup/test_boundary_forcing.py::test_roundtrip_yaml[bgc_boundary_forcing_from_climatology],call,1.29,12.03
after,31,test_boundary_forcing_creation_with_bgc,roms_tools/tests/test_setup/test_boundary_forcing.py::test_boundary_forcing_creation_with_bgc,setup,1.28,12.03
after,31,test_boundary_forcing_creation,roms_tools/tests/test_setup/test_boundary_forcing.py::test_boundary_forcing_creation,setup,0.47,12.03
after,31,test_roundtrip_yaml[boundary_forcing],roms_tools/tests/test_setup/test_boundary_forcing.py::test_roundtrip_yaml[boundary_forcing],call,0.37,12.03
after,31,test_from_yaml_missing_boundary_forcing,roms_tools/tests/test_setup/test_boundary_forcing.py::test_from_yaml_missing_boundary_forcing,teardown,0.01,12.03
after,32,test_boundary_forcing_plot_save,roms_tools/tests/test_setup/test_boundary_forcing.py::test_boundary_forcing_plot_save,call,6.34,11.98
after,32,test_bgc_boundary_forcing_data_consistency_plot_save,roms_tools/tests/test_setup/test_boundary_forcing.py::test_bgc_boundary_forcing_data_consistency_plot_save,call,2.19,11.98
after,32,test_boundary_forcing_creation_with_bgc,roms_tools/tests/test_setup/test_boundary_forcing.py::test_boundary_forcing_creation_with_bgc,setup,1.28,11.98
after,32,test_roundtrip_yaml[bgc_boundary_forcing_from_climatology],roms_tools/tests/test_setup/test_boundary_forcing.py::test_roundtrip_yaml[bgc_boundary_forcing_from_climatology],call,1.28,11.98
after,32,test_boundary_forcing_creation,roms_tools/tests/test_setup/test_boundary_forcing.py::test_boundary_forcing_creation,setup,0.48,11.98
after,32,test_roundtrip_yaml[boundary_forcing],roms_tools/tests/test_setup/test_boundary_forcing.py::test_roundtrip_yaml[boundary_forcing],call,0.38,11.98
after,32,test_from_yaml_missing_boundary_forcing,roms_tools/tests/test_setup/test_boundary_forcing.py::test_from_yaml_missing_boundary_forcing,teardown,0.01,11.98
after,33,test_boundary_forcing_plot_save,roms_tools/tests/test_setup/test_boundary_forcing.py::test_boundary_forcing_plot_save,call,6.36,12.04
after,33,test_bgc_boundary_forcing_data_consistency_plot_save,roms_tools/tests/test_setup/test_boundary_forcing.py::test_bgc_boundary_forcing_data_consistency_plot_save,call,2.21,12.04
after,33,test_boundary_forcing_creation_with_bgc,roms_tools/tests/test_setup/test_boundary_forcing.py::test_boundary_forcing_creation_with_bgc,setup,1.31,12.04
after,33,test_roundtrip_yaml[bgc_boundary_forcing_from_climatology],roms_tools/tests/test_setup/test_boundary_forcing.py::test_roundtrip_yaml[bgc_boundary_forcing_from_climatology],call,1.3,12.04
after,33,test_boundary_forcing_creation,roms_tools/tests/test_setup/test_boundary_forcing.py::test_boundary_forcing_creation,setup,0.47,12.04
after,33,test_roundtrip_yaml[boundary_forcing],roms_tools/tests/test_setup/test_boundary_forcing.py::test_roundtrip_yaml[boundary_forcing],call,0.38,12.04
after,33,test_from_yaml_missing_boundary_forcing,roms_tools/tests/test_setup/test_boundary_forcing.py::test_from_yaml_missing_boundary_forcing,teardown,0.01,12.04
after,34,test_boundary_forcing_plot_save,roms_tools/tests/test_setup/test_boundary_forcing.py::test_boundary_forcing_plot_save,call,6.33,11.98
after,34,test_bgc_boundary_forcing_data_consistency_plot_save,roms_tools/tests/test_setup/test_boundary_forcing.py::test_bgc_boundary_forcing_data_consistency_plot_save,call,2.19,11.98
after,34,test_roundtrip_yaml[bgc_boundary_forcing_from_climatology],roms_tools/tests/test_setup/test_boundary_forcing.py::test_roundtrip_yaml[bgc_boundary_forcing_from_climatology],call,1.3,11.98
after,34,test_boundary_forcing_creation_with_bgc,roms_tools/tests/test_setup/test_boundary_forcing.py::test_boundary_forcing_creation_with_bgc,setup,1.29,11.98
after,34,test_boundary_forcing_creation,roms_tools/tests/test_setup/test_boundary_forcing.py::test_boundary_forcing_creation,setup,0.47,11.98
after,34,test_roundtrip_yaml[boundary_forcing],roms_tools/tests/test_setup/test_boundary_forcing.py::test_roundtrip_yaml[boundary_forcing],call,0.37,11.98
after,34,test_from_yaml_missing_boundary_forcing,roms_tools/tests/test_setup/test_boundary_forcing.py::test_from_yaml_missing_boundary_forcing,teardown,0.01,11.98
after,35,test_boundary_forcing_plot_save,roms_tools/tests/test_setup/test_boundary_forcing.py::test_boundary_forcing_plot_save,call,6.32,11.93
after,35,test_bgc_boundary_forcing_data_consistency_plot_save,roms_tools/tests/test_setup/test_boundary_forcing.py::test_bgc_boundary_forcing_data_consistency_plot_save,call,2.18,11.93
after,35,test_roundtrip_yaml[bgc_boundary_forcing_from_climatology],roms_tools/tests/test_setup/test_boundary_forcing.py::test_roundtrip_yaml[bgc_boundary_forcing_from_climatology],call,1.29,11.93
after,35,test_boundary_forcing_creation_with_bgc,roms_tools/tests/test_setup/test_boundary_forcing.py::test_boundary_forcing_creation_with_bgc,setup,1.28,11.93
after,35,test_boundary_forcing_creation,roms_tools/tests/test_setup/test_boundary_forcing.py::test_boundary_forcing_creation,setup,0.47,11.93
after,35,test_roundtrip_yaml[boundary_forcing],roms_tools/tests/test_setup/test_boundary_forcing.py::test_roundtrip_yaml[boundary_forcing],call,0.37,11.93
after,35,test_from_yaml_missing_boundary_forcing,roms_tools/tests/test_setup/test_boundary_forcing.py::test_from_yaml_missing_boundary_forcing,teardown,0.01,11.93
after,36,test_boundary_forcing_plot_save,roms_tools/tests/test_setup/test_boundary_forcing.py::test_boundary_forcing_plot_save,call,6.33,11.96
after,36,test_bgc_boundary_forcing_data_consistency_plot_save,roms_tools/tests/test_setup/test_boundary_forcing.py::test_bgc_boundary_forcing_data_consistency_plot_save,call,2.22,11.96
after,36,test_roundtrip_yaml[bgc_boundary_forcing_from_climatology],roms_tools/tests/test_setup/test_boundary_forcing.py::test_roundtrip_yaml[bgc_boundary_forcing_from_climatology],call,1.28,11.96
after,36,test_boundary_forcing_creation_with_bgc,roms_tools/tests/test_setup/test_boundary_forcing.py::test_boundary_forcing_creation_with_bgc,setup,1.28,11.96
after,36,test_boundary_forcing_creation,roms_tools/tests/test_setup/test_boundary_forcing.py::test_boundary_forcing_creation,setup,0.47,11.96
after,36,test_roundtrip_yaml[boundary_forcing],roms_tools/tests/test_setup/test_boundary_forcing.py::test_roundtrip_yaml[boundary_forcing],call,0.37,11.96
after,36,test_from_yaml_missing_boundary_forcing,roms_tools/tests/test_setup/test_boundary_forcing.py::test_from_yaml_missing_boundary_forcing,teardown,0.01,11.96
after,37,test_boundary_forcing_plot_save,roms_tools/tests/test_setup/test_boundary_forcing.py::test_boundary_forcing_plot_save,call,6.39,12.04
after,37,test_bgc_boundary_forcing_data_consistency_plot_save,roms_tools/tests/test_setup/test_boundary_forcing.py::test_bgc_boundary_forcing_data_consistency_plot_save,call,2.2,12.04
after,37,test_boundary_forcing_creation_with_bgc,roms_tools/tests/test_setup/test_boundary_forcing.py::test_boundary_forcing_creation_with_bgc,setup,1.29,12.04
after,37,test_roundtrip_yaml[bgc_boundary_forcing_from_climatology],roms_tools/tests/test_setup/test_boundary_forcing.py::test_roundtrip_yaml[bgc_boundary_forcing_from_climatology],call,1.28,12.04
after,37,test_boundary_forcing_creation,roms_tools/tests/test_setup/test_boundary_forcing.py::test_boundary_forcing_creation,setup,0.47,12.04
after,37,test_roundtrip_yaml[boundary_forcing],roms_tools/tests/test_setup/test_boundary_forcing.py::test_roundtrip_yaml[boundary_forcing],call,0.37,12.04
after,37,test_from_yaml_missing_boundary_forcing,roms_tools/tests/test_setup/test_boundary_forcing.py::test_from_yaml_missing_boundary_forcing,teardown,0.01,12.04
after,38,test_boundary_forcing_plot_save,roms_tools/tests/test_setup/test_boundary_forcing.py::test_boundary_forcing_plot_save,call,6.35,12.0
after,38,test_bgc_boundary_forcing_data_consistency_plot_save,roms_tools/tests/test_setup/test_boundary_forcing.py::test_bgc_boundary_forcing_data_consistency_plot_save,call,2.22,12.0
after,38,test_boundary_forcing_creation_with_bgc,roms_tools/tests/test_setup/test_boundary_forcing.py::test_boundary_forcing_creation_with_bgc,setup,1.29,12.0
after,38,test_roundtrip_yaml[bgc_boundary_forcing_from_climatology],roms_tools/tests/test_setup/test_boundary_forcing.py::test_roundtrip_yaml[bgc_boundary_forcing_from_climatology],call,1.27,12.0
after,38,test_boundary_forcing_creation,roms_tools/tests/test_setup/test_boundary_forcing.py::test_boundary_forcing_creation,setup,0.47,12.0
after,38,test_roundtrip_yaml[boundary_forcing],roms_tools/tests/test_setup/test_boundary_forcing.py::test_roundtrip_yaml[boundary_forcing],call,0.37,12.0
after,38,test_from_yaml_missing_boundary_forcing,roms_tools/tests/test_setup/test_boundary_forcing.py::test_from_yaml_missing_boundary_forcing,teardown,0.01,12.0
after,39,test_boundary_forcing_plot_save,roms_tools/tests/test_setup/test_boundary_forcing.py::test_boundary_forcing_plot_save,call,6.36,12.04
after,39,test_bgc_boundary_forcing_data_consistency_plot_save,roms_tools/tests/test_setup/test_boundary_forcing.py::test_bgc_boundary_forcing_data_consistency_plot_save,call,2.23,12.04
after,39,test_boundary_forcing_creation_with_bgc,roms_tools/tests/test_setup/test_boundary_forcing.py::test_boundary_forcing_creation_with_bgc,setup,1.29,12.04
after,39,test_roundtrip_yaml[bgc_boundary_forcing_from_climatology],roms_tools/tests/test_setup/test_boundary_forcing.py::test_roundtrip_yaml[bgc_boundary_forcing_from_climatology],call,1.28,12.04
after,39,test_boundary_forcing_creation,roms_tools/tests/test_setup/test_boundary_forcing.py::test_boundary_forcing_creation,setup,0.47,12.04
after,39,test_roundtrip_yaml[boundary_forcing],roms_tools/tests/test_setup/test_boundary_forcing.py::test_roundtrip_yaml[boundary_forcing],call,0.38,12.04
after,39,test_from_yaml_missing_boundary_forcing,roms_tools/tests/test_setup/test_boundary_forcing.py::test_from_yaml_missing_boundary_forcing,teardown,0.01,12.04
after,40,test_boundary_forcing_plot_save,roms_tools/tests/test_setup/test_boundary_forcing.py::test_boundary_forcing_plot_save,call,6.38,12.07
after,40,test_bgc_boundary_forcing_data_consistency_plot_save,roms_tools/tests/test_setup/test_boundary_forcing.py::test_bgc_boundary_forcing_data_consistency_plot_save,call,2.22,12.07
after,40,test_boundary_forcing_creation_with_bgc,roms_tools/tests/test_setup/test_boundary_forcing.py::test_boundary_forcing_creation_with_bgc,setup,1.29,12.07
after,40,test_roundtrip_yaml[bgc_boundary_forcing_from_climatology],roms_tools/tests/test_setup/test_boundary_forcing.py::test_roundtrip_yaml[bgc_boundary_forcing_from_climatology],call,1.29,12.07
after,40,test_boundary_forcing_creation,roms_tools/tests/test_setup/test_boundary_forcing.py::test_boundary_forcing_creation,setup,0.48,12.07
after,40,test_roundtrip_yaml[boundary_forcing],roms_tools/tests/test_setup/test_boundary_forcing.py::test_roundtrip_yaml[boundary_forcing],call,0.38,12.07
after,40,test_from_yaml_missing_boundary_forcing,roms_tools/tests/test_setup/test_boundary_forcing.py::test_from_yaml_missing_boundary_forcing,teardown,0.01,12.07
