version,run_number,test_name,test_path,phase,duration_sec,total_test_time
before,1,test_boundary_forcing_data_consistency_plot_save,roms_tools/tests/test_setup/test_boundary_forcing.py::test_boundary_forcing_data_consistency_plot_save,call,152.51,338.15
before,1,test_bgc_boundary_forcing_data_consistency_plot_save,roms_tools/tests/test_setup/test_boundary_forcing.py::test_bgc_boundary_forcing_data_consistency_plot_save,call,87.98,338.15
before,1,test_initial_conditions_data_consistency_plot_save,roms_tools/tests/test_setup/test_initial_conditions.py::test_initial_conditions_data_consistency_plot_save,call,82.22,338.15
before,1,test_successful_initialization_with_regional_data[grid_that_straddles_dateline],roms_tools/tests/test_setup/test_surface_forcing.py::test_successful_initialization_with_regional_data[grid_that_straddles_dateline],call,10.52,338.15
before,1,test_initial_conditions_data_consistency_plot_save,roms_tools/tests/test_setup/test_initial_conditions.py::test_initial_conditions_data_consistency_plot_save,setup,1.66,338.15
before,1,test_bgc_boundary_forcing_data_consistency_plot_save,roms_tools/tests/test_setup/test_boundary_forcing.py::test_bgc_boundary_forcing_data_consistency_plot_save,setup,1.57,338.15
before,1,test_boundary_forcing_data_consistency_plot_save,roms_tools/tests/test_setup/test_boundary_forcing.py::test_boundary_forcing_data_consistency_plot_save,setup,0.64,338.15
before,2,test_boundary_forcing_data_consistency_plot_save,roms_tools/tests/test_setup/test_boundary_forcing.py::test_boundary_forcing_data_consistency_plot_save,call,153.46,349.83
before,2,test_initial_conditions_data_consistency_plot_save,roms_tools/tests/test_setup/test_initial_conditions.py::test_initial_conditions_data_consistency_plot_save,call,94.62,349.83
before,2,test_bgc_boundary_forcing_data_consistency_plot_save,roms_tools/tests/test_setup/test_boundary_forcing.py::test_bgc_boundary_forcing_data_consistency_plot_save,call,92.36,349.83
before,2,test_successful_initialization_with_regional_data[grid_that_straddles_dateline],roms_tools/tests/test_setup/test_surface_forcing.py::test_successful_initialization_with_regional_data[grid_that_straddles_dateline],call,4.6,349.83
before,2,test_initial_conditions_data_consistency_plot_save,roms_tools/tests/test_setup/test_initial_conditions.py::test_initial_conditions_data_consistency_plot_save,setup,1.66,349.83
before,2,test_bgc_boundary_forcing_data_consistency_plot_save,roms_tools/tests/test_setup/test_boundary_forcing.py::test_bgc_boundary_forcing_data_consistency_plot_save,setup,1.64,349.83
before,2,test_boundary_forcing_data_consistency_plot_save,roms_tools/tests/test_setup/test_boundary_forcing.py::test_boundary_forcing_data_consistency_plot_save,setup,0.47,349.83
before,3,test_boundary_forcing_data_consistency_plot_save,roms_tools/tests/test_setup/test_boundary_forcing.py::test_boundary_forcing_data_consistency_plot_save,call,165.71,365.38
before,3,test_initial_conditions_data_consistency_plot_save,roms_tools/tests/test_setup/test_initial_conditions.py::test_initial_conditions_data_consistency_plot_save,call,93.47,365.38
before,3,test_bgc_boundary_forcing_data_consistency_plot_save,roms_tools/tests/test_setup/test_boundary_forcing.py::test_bgc_boundary_forcing_data_consistency_plot_save,call,89.16,365.38
before,3,test_initial_conditions_data_consistency_plot_save,roms_tools/tests/test_setup/test_initial_conditions.py::test_initial_conditions_data_consistency_plot_save,setup,8.57,365.38
before,3,test_successful_initialization_with_regional_data[grid_that_straddles_dateline],roms_tools/tests/test_setup/test_surface_forcing.py::test_successful_initialization_with_regional_data[grid_that_straddles_dateline],call,4.39,365.38
before,3,test_bgc_boundary_forcing_data_consistency_plot_save,roms_tools/tests/test_setup/test_boundary_forcing.py::test_bgc_boundary_forcing_data_consistency_plot_save,setup,1.73,365.38
before,3,test_boundary_forcing_data_consistency_plot_save,roms_tools/tests/test_setup/test_boundary_forcing.py::test_boundary_forcing_data_consistency_plot_save,setup,0.85,365.38
before,4,test_boundary_forcing_data_consistency_plot_save,roms_tools/tests/test_setup/test_boundary_forcing.py::test_boundary_forcing_data_consistency_plot_save,call,153.77,342.28
before,4,test_bgc_boundary_forcing_data_consistency_plot_save,roms_tools/tests/test_setup/test_boundary_forcing.py::test_bgc_boundary_forcing_data_consistency_plot_save,call,89.1,342.28
before,4,test_initial_conditions_data_consistency_plot_save,roms_tools/tests/test_setup/test_initial_conditions.py::test_initial_conditions_data_consistency_plot_save,call,83.98,342.28
before,4,test_successful_initialization_with_regional_data[grid_that_straddles_dateline],roms_tools/tests/test_setup/test_surface_forcing.py::test_successful_initialization_with_regional_data[grid_that_straddles_dateline],call,10.61,342.28
before,4,test_initial_conditions_data_consistency_plot_save,roms_tools/tests/test_setup/test_initial_conditions.py::test_initial_conditions_data_consistency_plot_save,setup,1.53,342.28
before,4,test_bgc_boundary_forcing_data_consistency_plot_save,roms_tools/tests/test_setup/test_boundary_forcing.py::test_bgc_boundary_forcing_data_consistency_plot_save,setup,1.44,342.28
before,4,test_boundary_forcing_data_consistency_plot_save,roms_tools/tests/test_setup/test_boundary_forcing.py::test_boundary_forcing_data_consistency_plot_save,setup,0.44,342.28
before,5,test_boundary_forcing_data_consistency_plot_save,roms_tools/tests/test_setup/test_boundary_forcing.py::test_boundary_forcing_data_consistency_plot_save,call,152.37,338.67
before,5,test_bgc_boundary_forcing_data_consistency_plot_save,roms_tools/tests/test_setup/test_boundary_forcing.py::test_bgc_boundary_forcing_data_consistency_plot_save,call,88.38,338.67
before,5,test_initial_conditions_data_consistency_plot_save,roms_tools/tests/test_setup/test_initial_conditions.py::test_initial_conditions_data_consistency_plot_save,call,82.46,338.67
before,5,test_initial_conditions_data_consistency_plot_save,roms_tools/tests/test_setup/test_initial_conditions.py::test_initial_conditions_data_consistency_plot_save,setup,7.78,338.67
before,5,test_successful_initialization_with_regional_data[grid_that_straddles_dateline],roms_tools/tests/test_setup/test_surface_forcing.py::test_successful_initialization_with_regional_data[grid_that_straddles_dateline],call,4.44,338.67
before,5,test_bgc_boundary_forcing_data_consistency_plot_save,roms_tools/tests/test_setup/test_boundary_forcing.py::test_bgc_boundary_forcing_data_consistency_plot_save,setup,1.67,338.67
before,5,test_boundary_forcing_data_consistency_plot_save,roms_tools/tests/test_setup/test_boundary_forcing.py::test_boundary_forcing_data_consistency_plot_save,setup,0.56,338.67
before,6,test_boundary_forcing_data_consistency_plot_save,roms_tools/tests/test_setup/test_boundary_forcing.py::test_boundary_forcing_data_consistency_plot_save,call,157.8,338.88
before,6,test_bgc_boundary_forcing_data_consistency_plot_save,roms_tools/tests/test_setup/test_boundary_forcing.py::test_bgc_boundary_forcing_data_consistency_plot_save,call,88.54,338.88
before,6,test_initial_conditions_data_consistency_plot_save,roms_tools/tests/test_setup/test_initial_conditions.py::test_initial_conditions_data_consistency_plot_save,call,82.58,338.88
before,6,test_successful_initialization_with_regional_data[grid_that_straddles_dateline],roms_tools/tests/test_setup/test_surface_forcing.py::test_successful_initialization_with_regional_data[grid_that_straddles_dateline],call,4.55,338.88
before,6,test_initial_conditions_data_consistency_plot_save,roms_tools/tests/test_setup/test_initial_conditions.py::test_initial_conditions_data_consistency_plot_save,setup,1.95,338.88
before,6,test_bgc_boundary_forcing_data_consistency_plot_save,roms_tools/tests/test_setup/test_boundary_forcing.py::test_bgc_boundary_forcing_data_consistency_plot_save,setup,1.86,338.88
before,6,test_boundary_forcing_data_consistency_plot_save,roms_tools/tests/test_setup/test_boundary_forcing.py::test_boundary_forcing_data_consistency_plot_save,setup,0.58,338.88
before,7,test_boundary_forcing_data_consistency_plot_save,roms_tools/tests/test_setup/test_boundary_forcing.py::test_boundary_forcing_data_consistency_plot_save,call,153.32,335.16
before,7,test_bgc_boundary_forcing_data_consistency_plot_save,roms_tools/tests/test_setup/test_boundary_forcing.py::test_bgc_boundary_forcing_data_consistency_plot_save,call,88.73,335.16
before,7,test_initial_conditions_data_consistency_plot_save,roms_tools/tests/test_setup/test_initial_conditions.py::test_initial_conditions_data_consistency_plot_save,call,83.84,335.16
before,7,test_successful_initialization_with_regional_data[grid_that_straddles_dateline],roms_tools/tests/test_setup/test_surface_forcing.py::test_successful_initialization_with_regional_data[grid_that_straddles_dateline],call,4.51,335.16
before,7,test_initial_conditions_data_consistency_plot_save,roms_tools/tests/test_setup/test_initial_conditions.py::test_initial_conditions_data_consistency_plot_save,setup,1.73,335.16
before,7,test_bgc_boundary_forcing_data_consistency_plot_save,roms_tools/tests/test_setup/test_boundary_forcing.py::test_bgc_boundary_forcing_data_consistency_plot_save,setup,1.55,335.16
before,7,test_boundary_forcing_data_consistency_plot_save,roms_tools/tests/test_setup/test_boundary_forcing.py::test_boundary_forcing_data_consistency_plot_save,setup,0.44,335.16
before,8,test_boundary_forcing_data_consistency_plot_save,roms_tools/tests/test_setup/test_boundary_forcing.py::test_boundary_forcing_data_consistency_plot_save,call,153.37,342.18
before,8,test_bgc_boundary_forcing_data_consistency_plot_save,roms_tools/tests/test_setup/test_boundary_forcing.py::test_bgc_boundary_forcing_data_consistency_plot_save,call,88.8,342.18
before,8,test_initial_conditions_data_consistency_plot_save,roms_tools/tests/test_setup/test_initial_conditions.py::test_initial_conditions_data_consistency_plot_save,call,84.83,342.18
before,8,test_successful_initialization_with_regional_data[grid_that_straddles_dateline],roms_tools/tests/test_setup/test_surface_forcing.py::test_successful_initialization_with_regional_data[grid_that_straddles_dateline],call,10.4,342.18
before,8,test_initial_conditions_data_consistency_plot_save,roms_tools/tests/test_setup/test_initial_conditions.py::test_initial_conditions_data_consistency_plot_save,setup,1.85,342.18
before,8,test_bgc_boundary_forcing_data_consistency_plot_save,roms_tools/tests/test_setup/test_boundary_forcing.py::test_bgc_boundary_forcing_data_consistency_plot_save,setup,1.48,342.18
before,8,test_boundary_forcing_data_consistency_plot_save,roms_tools/tests/test_setup/test_boundary_forcing.py::test_boundary_forcing_data_consistency_plot_save,setup,0.42,342.18
before,9,test_boundary_forcing_data_consistency_plot_save,roms_tools/tests/test_setup/test_boundary_forcing.py::test_boundary_forcing_data_consistency_plot_save,call,153.07,341.24
before,9,test_bgc_boundary_forcing_data_consistency_plot_save,roms_tools/tests/test_setup/test_boundary_forcing.py::test_bgc_boundary_forcing_data_consistency_plot_save,call,89.35,341.24
before,9,test_initial_conditions_data_consistency_plot_save,roms_tools/tests/test_setup/test_initial_conditions.py::test_initial_conditions_data_consistency_plot_save,call,83.46,341.24
before,9,test_initial_conditions_data_consistency_plot_save,roms_tools/tests/test_setup/test_initial_conditions.py::test_initial_conditions_data_consistency_plot_save,setup,7.79,341.24
before,9,test_successful_initialization_with_regional_data[grid_that_straddles_dateline],roms_tools/tests/test_setup/test_surface_forcing.py::test_successful_initialization_with_regional_data[grid_that_straddles_dateline],call,4.4,341.24
before,9,test_bgc_boundary_forcing_data_consistency_plot_save,roms_tools/tests/test_setup/test_boundary_forcing.py::test_bgc_boundary_forcing_data_consistency_plot_save,setup,1.71,341.24
before,9,test_boundary_forcing_data_consistency_plot_save,roms_tools/tests/test_setup/test_boundary_forcing.py::test_boundary_forcing_data_consistency_plot_save,setup,0.44,341.24
before,10,test_boundary_forcing_data_consistency_plot_save,roms_tools/tests/test_setup/test_boundary_forcing.py::test_boundary_forcing_data_consistency_plot_save,call,153.71,342.23
before,10,test_bgc_boundary_forcing_data_consistency_plot_save,roms_tools/tests/test_setup/test_boundary_forcing.py::test_bgc_boundary_forcing_data_consistency_plot_save,call,89.16,342.23
before,10,test_initial_conditions_data_consistency_plot_save,roms_tools/tests/test_setup/test_initial_conditions.py::test_initial_conditions_data_consistency_plot_save,call,84.05,342.23
before,10,test_initial_conditions_data_consistency_plot_save,roms_tools/tests/test_setup/test_initial_conditions.py::test_initial_conditions_data_consistency_plot_save,setup,7.73,342.23
before,10,test_successful_initialization_with_regional_data[grid_that_straddles_dateline],roms_tools/tests/test_setup/test_surface_forcing.py::test_successful_initialization_with_regional_data[grid_that_straddles_dateline],call,4.42,342.23
before,10,test_bgc_boundary_forcing_data_consistency_plot_save,roms_tools/tests/test_setup/test_boundary_forcing.py::test_bgc_boundary_forcing_data_consistency_plot_save,setup,1.69,342.23
before,10,test_boundary_forcing_data_consistency_plot_save,roms_tools/tests/test_setup/test_boundary_forcing.py::test_boundary_forcing_data_consistency_plot_save,setup,0.46,342.23
before,11,test_boundary_forcing_data_consistency_plot_save,roms_tools/tests/test_setup/test_boundary_forcing.py::test_boundary_forcing_data_consistency_plot_save,call,157.63,339.53
before,11,test_bgc_boundary_forcing_data_consistency_plot_save,roms_tools/tests/test_setup/test_boundary_forcing.py::test_bgc_boundary_forcing_data_consistency_plot_save,call,89.28,339.53
before,11,test_initial_conditions_data_consistency_plot_save,roms_tools/tests/test_setup/test_initial_conditions.py::test_initial_conditions_data_consistency_plot_save,call,83.49,339.53
before,11,test_successful_initialization_with_regional_data[grid_that_straddles_dateline],roms_tools/tests/test_setup/test_surface_forcing.py::test_successful_initialization_with_regional_data[grid_that_straddles_dateline],call,4.42,339.53
before,11,test_initial_conditions_data_consistency_plot_save,roms_tools/tests/test_setup/test_initial_conditions.py::test_initial_conditions_data_consistency_plot_save,setup,1.67,339.53
before,11,test_bgc_boundary_forcing_data_consistency_plot_save,roms_tools/tests/test_setup/test_boundary_forcing.py::test_bgc_boundary_forcing_data_consistency_plot_save,setup,1.47,339.53
before,11,test_boundary_forcing_data_consistency_plot_save,roms_tools/tests/test_setup/test_boundary_forcing.py::test_boundary_forcing_data_consistency_plot_save,setup,0.56,339.53
before,12,test_boundary_forcing_data_consistency_plot_save,roms_tools/tests/test_setup/test_boundary_forcing.py::test_boundary_forcing_data_consistency_plot_save,call,158.23,340.99
before,12,test_bgc_boundary_forcing_data_consistency_plot_save,roms_tools/tests/test_setup/test_boundary_forcing.py::test_bgc_boundary_forcing_data_consistency_plot_save,call,89.35,340.99
before,12,test_initial_conditions_data_consistency_plot_save,roms_tools/tests/test_setup/test_initial_conditions.py::test_initial_conditions_data_consistency_plot_save,call,84.24,340.99
before,12,test_successful_initialization_with_regional_data[grid_that_straddles_dateline],roms_tools/tests/test_setup/test_surface_forcing.py::test_successful_initialization_with_regional_data[grid_that_straddles_dateline],call,4.42,340.99
before,12,test_initial_conditions_data_consistency_plot_save,roms_tools/tests/test_setup/test_initial_conditions.py::test_initial_conditions_data_consistency_plot_save,setup,1.66,340.99
before,12,test_bgc_boundary_forcing_data_consistency_plot_save,roms_tools/tests/test_setup/test_boundary_forcing.py::test_bgc_boundary_forcing_data_consistency_plot_save,setup,1.5,340.99
before,12,test_boundary_forcing_data_consistency_plot_save,roms_tools/tests/test_setup/test_boundary_forcing.py::test_boundary_forcing_data_consistency_plot_save,setup,0.57,340.99
before,13,test_boundary_forcing_data_consistency_plot_save,roms_tools/tests/test_setup/test_boundary_forcing.py::test_boundary_forcing_data_consistency_plot_save,call,152.73,335.43
before,13,test_bgc_boundary_forcing_data_consistency_plot_save,roms_tools/tests/test_setup/test_boundary_forcing.py::test_bgc_boundary_forcing_data_consistency_plot_save,call,89.86,335.43
before,13,test_initial_conditions_data_consistency_plot_save,roms_tools/tests/test_setup/test_initial_conditions.py::test_initial_conditions_data_consistency_plot_save,call,83.76,335.43
before,13,test_successful_initialization_with_regional_data[grid_that_straddles_dateline],roms_tools/tests/test_setup/test_surface_forcing.py::test_successful_initialization_with_regional_data[grid_that_straddles_dateline],call,4.52,335.43
before,13,test_bgc_boundary_forcing_data_consistency_plot_save,roms_tools/tests/test_setup/test_boundary_forcing.py::test_bgc_boundary_forcing_data_consistency_plot_save,setup,1.56,335.43
before,13,test_initial_conditions_data_consistency_plot_save,roms_tools/tests/test_setup/test_initial_conditions.py::test_initial_conditions_data_consistency_plot_save,setup,1.55,335.43
before,13,test_boundary_forcing_data_consistency_plot_save,roms_tools/tests/test_setup/test_boundary_forcing.py::test_boundary_forcing_data_consistency_plot_save,setup,0.44,335.43
before,14,test_boundary_forcing_data_consistency_plot_save,roms_tools/tests/test_setup/test_boundary_forcing.py::test_boundary_forcing_data_consistency_plot_save,call,152.38,337.46
before,14,test_bgc_boundary_forcing_data_consistency_plot_save,roms_tools/tests/test_setup/test_boundary_forcing.py::test_bgc_boundary_forcing_data_consistency_plot_save,call,92.2,337.46
before,14,test_initial_conditions_data_consistency_plot_save,roms_tools/tests/test_setup/test_initial_conditions.py::test_initial_conditions_data_consistency_plot_save,call,83.65,337.46
before,14,test_successful_initialization_with_regional_data[grid_that_straddles_dateline],roms_tools/tests/test_setup/test_surface_forcing.py::test_successful_initialization_with_regional_data[grid_that_straddles_dateline],call,4.51,337.46
before,14,test_initial_conditions_data_consistency_plot_save,roms_tools/tests/test_setup/test_initial_conditions.py::test_initial_conditions_data_consistency_plot_save,setup,1.72,337.46
before,14,test_bgc_boundary_forcing_data_consistency_plot_save,roms_tools/tests/test_setup/test_boundary_forcing.py::test_bgc_boundary_forcing_data_consistency_plot_save,setup,1.55,337.46
before,14,test_boundary_forcing_data_consistency_plot_save,roms_tools/tests/test_setup/test_boundary_forcing.py::test_boundary_forcing_data_consistency_plot_save,setup,0.44,337.46
before,15,test_boundary_forcing_data_consistency_plot_save,roms_tools/tests/test_setup/test_boundary_forcing.py::test_boundary_forcing_data_consistency_plot_save,call,152.43,340.37
before,15,test_bgc_boundary_forcing_data_consistency_plot_save,roms_tools/tests/test_setup/test_boundary_forcing.py::test_bgc_boundary_forcing_data_consistency_plot_save,call,88.86,340.37
before,15,test_initial_conditions_data_consistency_plot_save,roms_tools/tests/test_setup/test_initial_conditions.py::test_initial_conditions_data_consistency_plot_save,call,83.76,340.37
before,15,test_successful_initialization_with_regional_data[grid_that_straddles_dateline],roms_tools/tests/test_setup/test_surface_forcing.py::test_successful_initialization_with_regional_data[grid_that_straddles_dateline],call,10.55,340.37
before,15,test_initial_conditions_data_consistency_plot_save,roms_tools/tests/test_setup/test_initial_conditions.py::test_initial_conditions_data_consistency_plot_save,setup,1.85,340.37
before,15,test_bgc_boundary_forcing_data_consistency_plot_save,roms_tools/tests/test_setup/test_boundary_forcing.py::test_bgc_boundary_forcing_data_consistency_plot_save,setup,1.49,340.37
before,15,test_boundary_forcing_data_consistency_plot_save,roms_tools/tests/test_setup/test_boundary_forcing.py::test_boundary_forcing_data_consistency_plot_save,setup,0.43,340.37
before,16,test_boundary_forcing_data_consistency_plot_save,roms_tools/tests/test_setup/test_boundary_forcing.py::test_boundary_forcing_data_consistency_plot_save,call,152.77,339.06
before,16,test_bgc_boundary_forcing_data_consistency_plot_save,roms_tools/tests/test_setup/test_boundary_forcing.py::test_bgc_boundary_forcing_data_consistency_plot_save,call,88.05,339.06
before,16,test_initial_conditions_data_consistency_plot_save,roms_tools/tests/test_setup/test_initial_conditions.py::test_initial_conditions_data_consistency_plot_save,call,83.16,339.06
before,16,test_successful_initialization_with_regional_data[grid_that_straddles_dateline],roms_tools/tests/test_setup/test_surface_forcing.py::test_successful_initialization_with_regional_data[grid_that_straddles_dateline],call,10.52,339.06
before,16,test_initial_conditions_data_consistency_plot_save,roms_tools/tests/test_setup/test_initial_conditions.py::test_initial_conditions_data_consistency_plot_save,setup,1.77,339.06
before,16,test_bgc_boundary_forcing_data_consistency_plot_save,roms_tools/tests/test_setup/test_boundary_forcing.py::test_bgc_boundary_forcing_data_consistency_plot_save,setup,1.34,339.06
before,16,test_boundary_forcing_data_consistency_plot_save,roms_tools/tests/test_setup/test_boundary_forcing.py::test_boundary_forcing_data_consistency_plot_save,setup,0.44,339.06
before,17,test_boundary_forcing_data_consistency_plot_save,roms_tools/tests/test_setup/test_boundary_forcing.py::test_boundary_forcing_data_consistency_plot_save,call,152.04,338.03
before,17,test_bgc_boundary_forcing_data_consistency_plot_save,roms_tools/tests/test_setup/test_boundary_forcing.py::test_bgc_boundary_forcing_data_consistency_plot_save,call,88.08,338.03
before,17,test_initial_conditions_data_consistency_plot_save,roms_tools/tests/test_setup/test_initial_conditions.py::test_initial_conditions_data_consistency_plot_save,call,82.91,338.03
before,17,test_initial_conditions_data_consistency_plot_save,roms_tools/tests/test_setup/test_initial_conditions.py::test_initial_conditions_data_consistency_plot_save,setup,7.79,338.03
before,17,test_successful_initialization_with_regional_data[grid_that_straddles_dateline],roms_tools/tests/test_setup/test_surface_forcing.py::test_successful_initialization_with_regional_data[grid_that_straddles_dateline],call,4.28,338.03
before,17,test_bgc_boundary_forcing_data_consistency_plot_save,roms_tools/tests/test_setup/test_boundary_forcing.py::test_bgc_boundary_forcing_data_consistency_plot_save,setup,1.48,338.03
before,17,test_boundary_forcing_data_consistency_plot_save,roms_tools/tests/test_setup/test_boundary_forcing.py::test_boundary_forcing_data_consistency_plot_save,setup,0.44,338.03
before,18,test_boundary_forcing_data_consistency_plot_save,roms_tools/tests/test_setup/test_boundary_forcing.py::test_boundary_forcing_data_consistency_plot_save,call,152.39,338.54
before,18,test_bgc_boundary_forcing_data_consistency_plot_save,roms_tools/tests/test_setup/test_boundary_forcing.py::test_bgc_boundary_forcing_data_consistency_plot_save,call,87.82,338.54
before,18,test_initial_conditions_data_consistency_plot_save,roms_tools/tests/test_setup/test_initial_conditions.py::test_initial_conditions_data_consistency_plot_save,call,83.25,338.54
before,18,test_successful_initialization_with_regional_data[grid_that_straddles_dateline],roms_tools/tests/test_setup/test_surface_forcing.py::test_successful_initialization_with_regional_data[grid_that_straddles_dateline],call,10.54,338.54
before,18,test_bgc_boundary_forcing_data_consistency_plot_save,roms_tools/tests/test_setup/test_boundary_forcing.py::test_bgc_boundary_forcing_data_consistency_plot_save,setup,1.58,338.54
before,18,test_initial_conditions_data_consistency_plot_save,roms_tools/tests/test_setup/test_initial_conditions.py::test_initial_conditions_data_consistency_plot_save,setup,1.5,338.54
before,18,test_boundary_forcing_data_consistency_plot_save,roms_tools/tests/test_setup/test_boundary_forcing.py::test_boundary_forcing_data_consistency_plot_save,setup,0.44,338.54
before,19,test_boundary_forcing_data_consistency_plot_save,roms_tools/tests/test_setup/test_boundary_forcing.py::test_boundary_forcing_data_consistency_plot_save,call,152.09,337.61
before,19,test_bgc_boundary_forcing_data_consistency_plot_save,roms_tools/tests/test_setup/test_boundary_forcing.py::test_bgc_boundary_forcing_data_consistency_plot_save,call,87.81,337.61
before,19,test_initial_conditions_data_consistency_plot_save,roms_tools/tests/test_setup/test_initial_conditions.py::test_initial_conditions_data_consistency_plot_save,call,82.74,337.61
before,19,test_initial_conditions_data_consistency_plot_save,roms_tools/tests/test_setup/test_initial_conditions.py::test_initial_conditions_data_consistency_plot_save,setup,7.81,337.61
before,19,test_successful_initialization_with_regional_data[grid_that_straddles_dateline],roms_tools/tests/test_setup/test_surface_forcing.py::test_successful_initialization_with_regional_data[grid_that_straddles_dateline],call,4.31,337.61
before,19,test_bgc_boundary_forcing_data_consistency_plot_save,roms_tools/tests/test_setup/test_boundary_forcing.py::test_bgc_boundary_forcing_data_consistency_plot_save,setup,1.4,337.61
before,19,test_boundary_forcing_data_consistency_plot_save,roms_tools/tests/test_setup/test_boundary_forcing.py::test_boundary_forcing_data_consistency_plot_save,setup,0.44,337.61
before,20,test_boundary_forcing_data_consistency_plot_save,roms_tools/tests/test_setup/test_boundary_forcing.py::test_boundary_forcing_data_consistency_plot_save,call,152.31,336.84
before,20,test_bgc_boundary_forcing_data_consistency_plot_save,roms_tools/tests/test_setup/test_boundary_forcing.py::test_bgc_boundary_forcing_data_consistency_plot_save,call,91.75,336.84
before,20,test_initial_conditions_data_consistency_plot_save,roms_tools/tests/test_setup/test_initial_conditions.py::test_initial_conditions_data_consistency_plot_save,call,83.81,336.84
before,20,test_successful_initialization_with_regional_data[grid_that_straddles_dateline],roms_tools/tests/test_setup/test_surface_forcing.py::test_successful_initialization_with_regional_data[grid_that_straddles_dateline],call,4.47,336.84
before,20,test_bgc_boundary_forcing_data_consistency_plot_save,roms_tools/tests/test_setup/test_boundary_forcing.py::test_bgc_boundary_forcing_data_consistency_plot_save,setup,1.54,336.84
before,20,test_initial_conditions_data_consistency_plot_save,roms_tools/tests/test_setup/test_initial_conditions.py::test_initial_conditions_data_consistency_plot_save,setup,1.51,336.84
before,20,test_boundary_forcing_data_consistency_plot_save,roms_tools/tests/test_setup/test_boundary_forcing.py::test_boundary_forcing_data_consistency_plot_save,setup,0.43,336.84
before,21,test_boundary_forcing_data_consistency_plot_save,roms_tools/tests/test_setup/test_boundary_forcing.py::test_boundary_forcing_data_consistency_plot_save,call,152.54,337.03
before,21,test_bgc_boundary_forcing_data_consistency_plot_save,roms_tools/tests/test_setup/test_boundary_forcing.py::test_bgc_boundary_forcing_data_consistency_plot_save,call,91.75,337.03
before,21,test_initial_conditions_data_consistency_plot_save,roms_tools/tests/test_setup/test_initial_conditions.py::test_initial_conditions_data_consistency_plot_save,call,83.71,337.03
before,21,test_successful_initialization_with_regional_data[grid_that_straddles_dateline],roms_tools/tests/test_setup/test_surface_forcing.py::test_successful_initialization_with_regional_data[grid_that_straddles_dateline],call,4.48,337.03
before,21,test_initial_conditions_data_consistency_plot_save,roms_tools/tests/test_setup/test_initial_conditions.py::test_initial_conditions_data_consistency_plot_save,setup,1.55,337.03
before,21,test_bgc_boundary_forcing_data_consistency_plot_save,roms_tools/tests/test_setup/test_boundary_forcing.py::test_bgc_boundary_forcing_data_consistency_plot_save,setup,1.55,337.03
before,21,test_boundary_forcing_data_consistency_plot_save,roms_tools/tests/test_setup/test_boundary_forcing.py::test_boundary_forcing_data_consistency_plot_save,setup,0.44,337.03
before,22,test_boundary_forcing_data_consistency_plot_save,roms_tools/tests/test_setup/test_boundary_forcing.py::test_boundary_forcing_data_consistency_plot_save,call,152.89,339.72
before,22,test_bgc_boundary_forcing_data_consistency_plot_save,roms_tools/tests/test_setup/test_boundary_forcing.py::test_bgc_boundary_forcing_data_consistency_plot_save,call,88.93,339.72
before,22,test_initial_conditions_data_consistency_plot_save,roms_tools/tests/test_setup/test_initial_conditions.py::test_initial_conditions_data_consistency_plot_save,call,82.9,339.72
before,22,test_successful_initialization_with_regional_data[grid_that_straddles_dateline],roms_tools/tests/test_setup/test_surface_forcing.py::test_successful_initialization_with_regional_data[grid_that_straddles_dateline],call,10.48,339.72
before,22,test_initial_conditions_data_consistency_plot_save,roms_tools/tests/test_setup/test_initial_conditions.py::test_initial_conditions_data_consistency_plot_save,setup,1.69,339.72
before,22,test_bgc_boundary_forcing_data_consistency_plot_save,roms_tools/tests/test_setup/test_boundary_forcing.py::test_bgc_boundary_forcing_data_consistency_plot_save,setup,1.39,339.72
before,22,test_boundary_forcing_data_consistency_plot_save,roms_tools/tests/test_setup/test_boundary_forcing.py::test_boundary_forcing_data_consistency_plot_save,setup,0.43,339.72
before,23,test_boundary_forcing_data_consistency_plot_save,roms_tools/tests/test_setup/test_boundary_forcing.py::test_boundary_forcing_data_consistency_plot_save,call,153.25,340.14
before,23,test_bgc_boundary_forcing_data_consistency_plot_save,roms_tools/tests/test_setup/test_boundary_forcing.py::test_bgc_boundary_forcing_data_consistency_plot_save,call,88.82,340.14
before,23,test_initial_conditions_data_consistency_plot_save,roms_tools/tests/test_setup/test_initial_conditions.py::test_initial_conditions_data_consistency_plot_save,call,83.27,340.14
before,23,test_successful_initialization_with_regional_data[grid_that_straddles_dateline],roms_tools/tests/test_setup/test_surface_forcing.py::test_successful_initialization_with_regional_data[grid_that_straddles_dateline],call,10.48,340.14
before,23,test_initial_conditions_data_consistency_plot_save,roms_tools/tests/test_setup/test_initial_conditions.py::test_initial_conditions_data_consistency_plot_save,setup,1.5,340.14
before,23,test_bgc_boundary_forcing_data_consistency_plot_save,roms_tools/tests/test_setup/test_boundary_forcing.py::test_bgc_boundary_forcing_data_consistency_plot_save,setup,1.39,340.14
before,23,test_boundary_forcing_data_consistency_plot_save,roms_tools/tests/test_setup/test_boundary_forcing.py::test_boundary_forcing_data_consistency_plot_save,setup,0.43,340.14
before,24,test_boundary_forcing_data_consistency_plot_save,roms_tools/tests/test_setup/test_boundary_forcing.py::test_boundary_forcing_data_consistency_plot_save,call,153.93,341.55
before,24,test_bgc_boundary_forcing_data_consistency_plot_save,roms_tools/tests/test_setup/test_boundary_forcing.py::test_bgc_boundary_forcing_data_consistency_plot_save,call,88.61,341.55
before,24,test_initial_conditions_data_consistency_plot_save,roms_tools/tests/test_setup/test_initial_conditions.py::test_initial_conditions_data_consistency_plot_save,call,83.91,341.55
before,24,test_initial_conditions_data_consistency_plot_save,roms_tools/tests/test_setup/test_initial_conditions.py::test_initial_conditions_data_consistency_plot_save,setup,7.78,341.55
before,24,test_successful_initialization_with_regional_data[grid_that_straddles_dateline],roms_tools/tests/test_setup/test_surface_forcing.py::test_successful_initialization_with_regional_data[grid_that_straddles_dateline],call,4.31,341.55
before,24,test_bgc_boundary_forcing_data_consistency_plot_save,roms_tools/tests/test_setup/test_boundary_forcing.py::test_bgc_boundary_forcing_data_consistency_plot_save,setup,1.56,341.55
before,24,test_boundary_forcing_data_consistency_plot_save,roms_tools/tests/test_setup/test_boundary_forcing.py::test_boundary_forcing_data_consistency_plot_save,setup,0.44,341.55
before,25,test_boundary_forcing_data_consistency_plot_save,roms_tools/tests/test_setup/test_boundary_forcing.py::test_boundary_forcing_data_consistency_plot_save,call,152.93,339.89
before,25,test_bgc_boundary_forcing_data_consistency_plot_save,roms_tools/tests/test_setup/test_boundary_forcing.py::test_bgc_boundary_forcing_data_consistency_plot_save,call,88.66,339.89
before,25,test_initial_conditions_data_consistency_plot_save,roms_tools/tests/test_setup/test_initial_conditions.py::test_initial_conditions_data_consistency_plot_save,call,83.34,339.89
before,25,test_initial_conditions_data_consistency_plot_save,roms_tools/tests/test_setup/test_initial_conditions.py::test_initial_conditions_data_consistency_plot_save,setup,7.77,339.89
before,25,test_successful_initialization_with_regional_data[grid_that_straddles_dateline],roms_tools/tests/test_setup/test_surface_forcing.py::test_successful_initialization_with_regional_data[grid_that_straddles_dateline],call,4.36,339.89
before,25,test_bgc_boundary_forcing_data_consistency_plot_save,roms_tools/tests/test_setup/test_boundary_forcing.py::test_bgc_boundary_forcing_data_consistency_plot_save,setup,1.37,339.89
before,25,test_boundary_forcing_data_consistency_plot_save,roms_tools/tests/test_setup/test_boundary_forcing.py::test_boundary_forcing_data_consistency_plot_save,setup,0.43,339.89
before,26,test_boundary_forcing_data_consistency_plot_save,roms_tools/tests/test_setup/test_boundary_forcing.py::test_boundary_forcing_data_consistency_plot_save,call,152.7,337.11
before,26,test_bgc_boundary_forcing_data_consistency_plot_save,roms_tools/tests/test_setup/test_boundary_forcing.py::test_bgc_boundary_forcing_data_consistency_plot_save,call,91.13,337.11
before,26,test_initial_conditions_data_consistency_plot_save,roms_tools/tests/test_setup/test_initial_conditions.py::test_initial_conditions_data_consistency_plot_save,call,84.0,337.11
before,26,test_successful_initialization_with_regional_data[grid_that_straddles_dateline],roms_tools/tests/test_setup/test_surface_forcing.py::test_successful_initialization_with_regional_data[grid_that_straddles_dateline],call,4.53,337.11
before,26,test_initial_conditions_data_consistency_plot_save,roms_tools/tests/test_setup/test_initial_conditions.py::test_initial_conditions_data_consistency_plot_save,setup,1.74,337.11
before,26,test_bgc_boundary_forcing_data_consistency_plot_save,roms_tools/tests/test_setup/test_boundary_forcing.py::test_bgc_boundary_forcing_data_consistency_plot_save,setup,1.56,337.11
before,26,test_boundary_forcing_data_consistency_plot_save,roms_tools/tests/test_setup/test_boundary_forcing.py::test_boundary_forcing_data_consistency_plot_save,setup,0.44,337.11
before,27,test_boundary_forcing_data_consistency_plot_save,roms_tools/tests/test_setup/test_boundary_forcing.py::test_boundary_forcing_data_consistency_plot_save,call,158.22,340.23
before,27,test_bgc_boundary_forcing_data_consistency_plot_save,roms_tools/tests/test_setup/test_boundary_forcing.py::test_bgc_boundary_forcing_data_consistency_plot_save,call,89.17,340.23
before,27,test_initial_conditions_data_consistency_plot_save,roms_tools/tests/test_setup/test_initial_conditions.py::test_initial_conditions_data_consistency_plot_save,call,83.79,340.23
before,27,test_successful_initialization_with_regional_data[grid_that_straddles_dateline],roms_tools/tests/test_setup/test_surface_forcing.py::test_successful_initialization_with_regional_data[grid_that_straddles_dateline],call,4.4,340.23
before,27,test_initial_conditions_data_consistency_plot_save,roms_tools/tests/test_setup/test_initial_conditions.py::test_initial_conditions_data_consistency_plot_save,setup,1.61,340.23
before,27,test_bgc_boundary_forcing_data_consistency_plot_save,roms_tools/tests/test_setup/test_boundary_forcing.py::test_bgc_boundary_forcing_data_consistency_plot_save,setup,1.47,340.23
before,27,test_boundary_forcing_data_consistency_plot_save,roms_tools/tests/test_setup/test_boundary_forcing.py::test_boundary_forcing_data_consistency_plot_save,setup,0.56,340.23
before,28,test_boundary_forcing_data_consistency_plot_save,roms_tools/tests/test_setup/test_boundary_forcing.py::test_boundary_forcing_data_consistency_plot_save,call,157.17,338.25
before,28,test_bgc_boundary_forcing_data_consistency_plot_save,roms_tools/tests/test_setup/test_boundary_forcing.py::test_bgc_boundary_forcing_data_consistency_plot_save,call,89.13,338.25
before,28,test_initial_conditions_data_consistency_plot_save,roms_tools/tests/test_setup/test_initial_conditions.py::test_initial_conditions_data_consistency_plot_save,call,82.85,338.25
before,28,test_successful_initialization_with_regional_data[grid_that_straddles_dateline],roms_tools/tests/test_setup/test_surface_forcing.py::test_successful_initialization_with_regional_data[grid_that_straddles_dateline],call,4.39,338.25
before,28,test_initial_conditions_data_consistency_plot_save,roms_tools/tests/test_setup/test_initial_conditions.py::test_initial_conditions_data_consistency_plot_save,setup,1.65,338.25
before,28,test_bgc_boundary_forcing_data_consistency_plot_save,roms_tools/tests/test_setup/test_boundary_forcing.py::test_bgc_boundary_forcing_data_consistency_plot_save,setup,1.49,338.25
before,28,test_boundary_forcing_data_consistency_plot_save,roms_tools/tests/test_setup/test_boundary_forcing.py::test_boundary_forcing_data_consistency_plot_save,setup,0.56,338.25
before,29,test_boundary_forcing_data_consistency_plot_save,roms_tools/tests/test_setup/test_boundary_forcing.py::test_boundary_forcing_data_consistency_plot_save,call,153.08,340.04
before,29,test_bgc_boundary_forcing_data_consistency_plot_save,roms_tools/tests/test_setup/test_boundary_forcing.py::test_bgc_boundary_forcing_data_consistency_plot_save,call,88.68,340.04
before,29,test_initial_conditions_data_consistency_plot_save,roms_tools/tests/test_setup/test_initial_conditions.py::test_initial_conditions_data_consistency_plot_save,call,83.23,340.04
before,29,test_successful_initialization_with_regional_data[grid_that_straddles_dateline],roms_tools/tests/test_setup/test_surface_forcing.py::test_successful_initialization_with_regional_data[grid_that_straddles_dateline],call,10.49,340.04
before,29,test_bgc_boundary_forcing_data_consistency_plot_save,roms_tools/tests/test_setup/test_boundary_forcing.py::test_bgc_boundary_forcing_data_consistency_plot_save,setup,1.6,340.04
before,29,test_initial_conditions_data_consistency_plot_save,roms_tools/tests/test_setup/test_initial_conditions.py::test_initial_conditions_data_consistency_plot_save,setup,1.5,340.04
before,29,test_boundary_forcing_data_consistency_plot_save,roms_tools/tests/test_setup/test_boundary_forcing.py::test_boundary_forcing_data_consistency_plot_save,setup,0.44,340.04
before,30,test_boundary_forcing_data_consistency_plot_save,roms_tools/tests/test_setup/test_boundary_forcing.py::test_boundary_forcing_data_consistency_plot_save,call,157.58,339.71
before,30,test_bgc_boundary_forcing_data_consistency_plot_save,roms_tools/tests/test_setup/test_boundary_forcing.py::test_bgc_boundary_forcing_data_consistency_plot_save,call,89.07,339.71
before,30,test_initial_conditions_data_consistency_plot_save,roms_tools/tests/test_setup/test_initial_conditions.py::test_initial_conditions_data_consistency_plot_save,call,83.67,339.71
before,30,test_successful_initialization_with_regional_data[grid_that_straddles_dateline],roms_tools/tests/test_setup/test_surface_forcing.py::test_successful_initialization_with_regional_data[grid_that_straddles_dateline],call,4.5,339.71
before,30,test_initial_conditions_data_consistency_plot_save,roms_tools/tests/test_setup/test_initial_conditions.py::test_initial_conditions_data_consistency_plot_save,setup,1.76,339.71
before,30,test_bgc_boundary_forcing_data_consistency_plot_save,roms_tools/tests/test_setup/test_boundary_forcing.py::test_bgc_boundary_forcing_data_consistency_plot_save,setup,1.54,339.71
before,30,test_boundary_forcing_data_consistency_plot_save,roms_tools/tests/test_setup/test_boundary_forcing.py::test_boundary_forcing_data_consistency_plot_save,setup,0.56,339.71
before,31,test_boundary_forcing_data_consistency_plot_save,roms_tools/tests/test_setup/test_boundary_forcing.py::test_boundary_forcing_data_consistency_plot_save,call,153.57,340.82
before,31,test_bgc_boundary_forcing_data_consistency_plot_save,roms_tools/tests/test_setup/test_boundary_forcing.py::test_bgc_boundary_forcing_data_consistency_plot_save,call,88.73,340.82
before,31,test_initial_conditions_data_consistency_plot_save,roms_tools/tests/test_setup/test_initial_conditions.py::test_initial_conditions_data_consistency_plot_save,call,83.53,340.82
before,31,test_successful_initialization_with_regional_data[grid_that_straddles_dateline],roms_tools/tests/test_setup/test_surface_forcing.py::test_successful_initialization_with_regional_data[grid_that_straddles_dateline],call,10.44,340.82
before,31,test_bgc_boundary_forcing_data_consistency_plot_save,roms_tools/tests/test_setup/test_boundary_forcing.py::test_bgc_boundary_forcing_data_consistency_plot_save,setup,1.59,340.82
before,31,test_initial_conditions_data_consistency_plot_save,roms_tools/tests/test_setup/test_initial_conditions.py::test_initial_conditions_data_consistency_plot_save,setup,1.51,340.82
before,31,test_boundary_forcing_data_consistency_plot_save,roms_tools/tests/test_setup/test_boundary_forcing.py::test_boundary_forcing_data_consistency_plot_save,setup,0.45,340.82
before,32,test_boundary_forcing_data_consistency_plot_save,roms_tools/tests/test_setup/test_boundary_forcing.py::test_boundary_forcing_data_consistency_plot_save,call,153.5,335.93
before,32,test_bgc_boundary_forcing_data_consistency_plot_save,roms_tools/tests/test_setup/test_boundary_forcing.py::test_bgc_boundary_forcing_data_consistency_plot_save,call,88.94,335.93
before,32,test_initial_conditions_data_consistency_plot_save,roms_tools/tests/test_setup/test_initial_conditions.py::test_initial_conditions_data_consistency_plot_save,call,84.4,335.93
before,32,test_successful_initialization_with_regional_data[grid_that_straddles_dateline],roms_tools/tests/test_setup/test_surface_forcing.py::test_successful_initialization_with_regional_data[grid_that_straddles_dateline],call,4.51,335.93
before,32,test_bgc_boundary_forcing_data_consistency_plot_save,roms_tools/tests/test_setup/test_boundary_forcing.py::test_bgc_boundary_forcing_data_consistency_plot_save,setup,1.57,335.93
before,32,test_initial_conditions_data_consistency_plot_save,roms_tools/tests/test_setup/test_initial_conditions.py::test_initial_conditions_data_consistency_plot_save,setup,1.54,335.93
before,32,test_boundary_forcing_data_consistency_plot_save,roms_tools/tests/test_setup/test_boundary_forcing.py::test_boundary_forcing_data_consistency_plot_save,setup,0.44,335.93
before,33,test_boundary_forcing_data_consistency_plot_save,roms_tools/tests/test_setup/test_boundary_forcing.py::test_boundary_forcing_data_consistency_plot_save,call,152.55,337.84
before,33,test_bgc_boundary_forcing_data_consistency_plot_save,roms_tools/tests/test_setup/test_boundary_forcing.py::test_bgc_boundary_forcing_data_consistency_plot_save,call,92.42,337.84
before,33,test_initial_conditions_data_consistency_plot_save,roms_tools/tests/test_setup/test_initial_conditions.py::test_initial_conditions_data_consistency_plot_save,call,83.54,337.84
before,33,test_successful_initialization_with_regional_data[grid_that_straddles_dateline],roms_tools/tests/test_setup/test_surface_forcing.py::test_successful_initialization_with_regional_data[grid_that_straddles_dateline],call,4.53,337.84
before,33,test_initial_conditions_data_consistency_plot_save,roms_tools/tests/test_setup/test_initial_conditions.py::test_initial_conditions_data_consistency_plot_save,setup,1.77,337.84
before,33,test_bgc_boundary_forcing_data_consistency_plot_save,roms_tools/tests/test_setup/test_boundary_forcing.py::test_bgc_boundary_forcing_data_consistency_plot_save,setup,1.56,337.84
before,33,test_boundary_forcing_data_consistency_plot_save,roms_tools/tests/test_setup/test_boundary_forcing.py::test_boundary_forcing_data_consistency_plot_save,setup,0.44,337.84
before,34,test_boundary_forcing_data_consistency_plot_save,roms_tools/tests/test_setup/test_boundary_forcing.py::test_boundary_forcing_data_consistency_plot_save,call,153.68,341.25
before,34,test_bgc_boundary_forcing_data_consistency_plot_save,roms_tools/tests/test_setup/test_boundary_forcing.py::test_bgc_boundary_forcing_data_consistency_plot_save,call,89.11,341.25
before,34,test_initial_conditions_data_consistency_plot_save,roms_tools/tests/test_setup/test_initial_conditions.py::test_initial_conditions_data_consistency_plot_save,call,83.53,341.25
before,34,test_successful_initialization_with_regional_data[grid_that_straddles_dateline],roms_tools/tests/test_setup/test_surface_forcing.py::test_successful_initialization_with_regional_data[grid_that_straddles_dateline],call,10.51,341.25
before,34,test_initial_conditions_data_consistency_plot_save,roms_tools/tests/test_setup/test_initial_conditions.py::test_initial_conditions_data_consistency_plot_save,setup,1.54,341.25
before,34,test_bgc_boundary_forcing_data_consistency_plot_save,roms_tools/tests/test_setup/test_boundary_forcing.py::test_bgc_boundary_forcing_data_consistency_plot_save,setup,1.42,341.25
before,34,test_boundary_forcing_data_consistency_plot_save,roms_tools/tests/test_setup/test_boundary_forcing.py::test_boundary_forcing_data_consistency_plot_save,setup,0.43,341.25
before,35,test_boundary_forcing_data_consistency_plot_save,roms_tools/tests/test_setup/test_boundary_forcing.py::test_boundary_forcing_data_consistency_plot_save,call,157.37,338.36
before,35,test_bgc_boundary_forcing_data_consistency_plot_save,roms_tools/tests/test_setup/test_boundary_forcing.py::test_bgc_boundary_forcing_data_consistency_plot_save,call,88.91,338.36
before,35,test_initial_conditions_data_consistency_plot_save,roms_tools/tests/test_setup/test_initial_conditions.py::test_initial_conditions_data_consistency_plot_save,call,83.0,338.36
before,35,test_successful_initialization_with_regional_data[grid_that_straddles_dateline],roms_tools/tests/test_setup/test_surface_forcing.py::test_successful_initialization_with_regional_data[grid_that_straddles_dateline],call,4.3,338.36
before,35,test_bgc_boundary_forcing_data_consistency_plot_save,roms_tools/tests/test_setup/test_boundary_forcing.py::test_bgc_boundary_forcing_data_consistency_plot_save,setup,1.65,338.36
before,35,test_initial_conditions_data_consistency_plot_save,roms_tools/tests/test_setup/test_initial_conditions.py::test_initial_conditions_data_consistency_plot_save,setup,1.54,338.36
before,35,test_boundary_forcing_data_consistency_plot_save,roms_tools/tests/test_setup/test_boundary_forcing.py::test_boundary_forcing_data_consistency_plot_save,setup,0.56,338.36
before,36,test_boundary_forcing_data_consistency_plot_save,roms_tools/tests/test_setup/test_boundary_forcing.py::test_boundary_forcing_data_consistency_plot_save,call,152.5,337.59
before,36,test_bgc_boundary_forcing_data_consistency_plot_save,roms_tools/tests/test_setup/test_boundary_forcing.py::test_bgc_boundary_forcing_data_consistency_plot_save,call,92.38,337.59
before,36,test_initial_conditions_data_consistency_plot_save,roms_tools/tests/test_setup/test_initial_conditions.py::test_initial_conditions_data_consistency_plot_save,call,83.41,337.59
before,36,test_successful_initialization_with_regional_data[grid_that_straddles_dateline],roms_tools/tests/test_setup/test_surface_forcing.py::test_successful_initialization_with_regional_data[grid_that_straddles_dateline],call,4.53,337.59
before,36,test_initial_conditions_data_consistency_plot_save,roms_tools/tests/test_setup/test_initial_conditions.py::test_initial_conditions_data_consistency_plot_save,setup,1.77,337.59
before,36,test_bgc_boundary_forcing_data_consistency_plot_save,roms_tools/tests/test_setup/test_boundary_forcing.py::test_bgc_boundary_forcing_data_consistency_plot_save,setup,1.56,337.59
before,36,test_boundary_forcing_data_consistency_plot_save,roms_tools/tests/test_setup/test_boundary_forcing.py::test_boundary_forcing_data_consistency_plot_save,setup,0.44,337.59
before,37,test_boundary_forcing_data_consistency_plot_save,roms_tools/tests/test_setup/test_boundary_forcing.py::test_boundary_forcing_data_consistency_plot_save,call,152.36,339.54
before,37,test_bgc_boundary_forcing_data_consistency_plot_save,roms_tools/tests/test_setup/test_boundary_forcing.py::test_bgc_boundary_forcing_data_consistency_plot_save,call,89.04,339.54
before,37,test_initial_conditions_data_consistency_plot_save,roms_tools/tests/test_setup/test_initial_conditions.py::test_initial_conditions_data_consistency_plot_save,call,83.01,339.54
before,37,test_initial_conditions_data_consistency_plot_save,roms_tools/tests/test_setup/test_initial_conditions.py::test_initial_conditions_data_consistency_plot_save,setup,7.76,339.54
before,37,test_successful_initialization_with_regional_data[grid_that_straddles_dateline],roms_tools/tests/test_setup/test_surface_forcing.py::test_successful_initialization_with_regional_data[grid_that_straddles_dateline],call,4.32,339.54
before,37,test_bgc_boundary_forcing_data_consistency_plot_save,roms_tools/tests/test_setup/test_boundary_forcing.py::test_bgc_boundary_forcing_data_consistency_plot_save,setup,1.59,339.54
before,37,test_boundary_forcing_data_consistency_plot_save,roms_tools/tests/test_setup/test_boundary_forcing.py::test_boundary_forcing_data_consistency_plot_save,setup,0.43,339.54
before,38,test_boundary_forcing_data_consistency_plot_save,roms_tools/tests/test_setup/test_boundary_forcing.py::test_boundary_forcing_data_consistency_plot_save,call,153.34,340.54
before,38,test_bgc_boundary_forcing_data_consistency_plot_save,roms_tools/tests/test_setup/test_boundary_forcing.py::test_bgc_boundary_forcing_data_consistency_plot_save,call,89.11,340.54
before,38,test_initial_conditions_data_consistency_plot_save,roms_tools/tests/test_setup/test_initial_conditions.py::test_initial_conditions_data_consistency_plot_save,call,83.25,340.54
before,38,test_successful_initialization_with_regional_data[grid_that_straddles_dateline],roms_tools/tests/test_setup/test_surface_forcing.py::test_successful_initialization_with_regional_data[grid_that_straddles_dateline],call,10.47,340.54
before,38,test_initial_conditions_data_consistency_plot_save,roms_tools/tests/test_setup/test_initial_conditions.py::test_initial_conditions_data_consistency_plot_save,setup,1.51,340.54
before,38,test_bgc_boundary_forcing_data_consistency_plot_save,roms_tools/tests/test_setup/test_boundary_forcing.py::test_bgc_boundary_forcing_data_consistency_plot_save,setup,1.43,340.54
before,38,test_boundary_forcing_data_consistency_plot_save,roms_tools/tests/test_setup/test_boundary_forcing.py::test_boundary_forcing_data_consistency_plot_save,setup,0.44,340.54
before,39,test_boundary_forcing_data_consistency_plot_save,roms_tools/tests/test_setup/test_boundary_forcing.py::test_boundary_forcing_data_consistency_plot_save,call,158.0,340.18
before,39,test_bgc_boundary_forcing_data_consistency_plot_save,roms_tools/tests/test_setup/test_boundary_forcing.py::test_bgc_boundary_forcing_data_consistency_plot_save,call,89.12,340.18
before,39,test_initial_conditions_data_consistency_plot_save,roms_tools/tests/test_setup/test_initial_conditions.py::test_initial_conditions_data_consistency_plot_save,call,84.18,340.18
before,39,test_successful_initialization_with_regional_data[grid_that_straddles_dateline],roms_tools/tests/test_setup/test_surface_forcing.py::test_successful_initialization_with_regional_data[grid_that_straddles_dateline],call,4.33,340.18
before,39,test_initial_conditions_data_consistency_plot_save,roms_tools/tests/test_setup/test_initial_conditions.py::test_initial_conditions_data_consistency_plot_save,setup,1.54,340.18
before,39,test_bgc_boundary_forcing_data_consistency_plot_save,roms_tools/tests/test_setup/test_boundary_forcing.py::test_bgc_boundary_forcing_data_consistency_plot_save,setup,1.41,340.18
before,39,test_boundary_forcing_data_consistency_plot_save,roms_tools/tests/test_setup/test_boundary_forcing.py::test_boundary_forcing_data_consistency_plot_save,setup,0.56,340.18
before,40,test_boundary_forcing_data_consistency_plot_save,roms_tools/tests/test_setup/test_boundary_forcing.py::test_boundary_forcing_data_consistency_plot_save,call,153.34,340.58
before,40,test_bgc_boundary_forcing_data_consistency_plot_save,roms_tools/tests/test_setup/test_boundary_forcing.py::test_bgc_boundary_forcing_data_consistency_plot_save,call,88.79,340.58
before,40,test_initial_conditions_data_consistency_plot_save,roms_tools/tests/test_setup/test_initial_conditions.py::test_initial_conditions_data_consistency_plot_save,call,83.36,340.58
before,40,test_successful_initialization_with_regional_data[grid_that_straddles_dateline],roms_tools/tests/test_setup/test_surface_forcing.py::test_successful_initialization_with_regional_data[grid_that_straddles_dateline],call,10.51,340.58
before,40,test_bgc_boundary_forcing_data_consistency_plot_save,roms_tools/tests/test_setup/test_boundary_forcing.py::test_bgc_boundary_forcing_data_consistency_plot_save,setup,1.6,340.58
before,40,test_initial_conditions_data_consistency_plot_save,roms_tools/tests/test_setup/test_initial_conditions.py::test_initial_conditions_data_consistency_plot_save,setup,1.5,340.58
before,40,test_boundary_forcing_data_consistency_plot_save,roms_tools/tests/test_setup/test_boundary_forcing.py::test_boundary_forcing_data_consistency_plot_save,setup,0.45,340.58
after_careful_mock,1,test_initial_conditions_data_consistency_plot_save,roms_tools/tests/test_setup/test_initial_conditions.py::test_initial_conditions_data_consistency_plot_save,call,108.96,286.07
after_careful_mock,1,test_bgc_boundary_forcing_data_consistency_plot_save,roms_tools/tests/test_setup/test_boundary_forcing.py::test_bgc_boundary_forcing_data_consistency_plot_save,call,85.71,286.07
after_careful_mock,1,test_boundary_forcing_data_consistency_plot_save,roms_tools/tests/test_setup/test_boundary_forcing.py::test_boundary_forcing_data_consistency_plot_save,call,77.81,286.07
after_careful_mock,1,test_initial_conditions_data_consistency_plot_save,roms_tools/tests/test_setup/test_initial_conditions.py::test_initial_conditions_data_consistency_plot_save,setup,7.57,286.07
after_careful_mock,1,test_successful_initialization_with_regional_data[grid_that_straddles_dateline],roms_tools/tests/test_setup/test_surface_forcing.py::test_successful_initialization_with_regional_data[grid_that_straddles_dateline],call,2.99,286.07
after_careful_mock,1,test_bgc_boundary_forcing_data_consistency_plot_save,roms_tools/tests/test_setup/test_boundary_forcing.py::test_bgc_boundary_forcing_data_consistency_plot_save,setup,1.56,286.07
after_careful_mock,1,test_boundary_forcing_data_consistency_plot_save,roms_tools/tests/test_setup/test_boundary_forcing.py::test_boundary_forcing_data_consistency_plot_save,setup,0.51,286.07
after_careful_mock,2,test_initial_conditions_data_consistency_plot_save,roms_tools/tests/test_setup/test_initial_conditions.py::test_initial_conditions_data_consistency_plot_save,call,111.12,289.82
after_careful_mock,2,test_bgc_boundary_forcing_data_consistency_plot_save,roms_tools/tests/test_setup/test_boundary_forcing.py::test_bgc_boundary_forcing_data_consistency_plot_save,call,86.9,289.82
after_careful_mock,2,test_boundary_forcing_data_consistency_plot_save,roms_tools/tests/test_setup/test_boundary_forcing.py::test_boundary_forcing_data_consistency_plot_save,call,77.94,289.82
after_careful_mock,2,test_initial_conditions_data_consistency_plot_save,roms_tools/tests/test_setup/test_initial_conditions.py::test_initial_conditions_data_consistency_plot_save,setup,7.84,289.82
after_careful_mock,2,test_successful_initialization_with_regional_data[grid_that_straddles_dateline],roms_tools/tests/test_setup/test_surface_forcing.py::test_successful_initialization_with_regional_data[grid_that_straddles_dateline],call,2.9,289.82
after_careful_mock,2,test_bgc_boundary_forcing_data_consistency_plot_save,roms_tools/tests/test_setup/test_boundary_forcing.py::test_bgc_boundary_forcing_data_consistency_plot_save,setup,1.69,289.82
after_careful_mock,2,test_boundary_forcing_data_consistency_plot_save,roms_tools/tests/test_setup/test_boundary_forcing.py::test_boundary_forcing_data_consistency_plot_save,setup,0.43,289.82
after_careful_mock,3,test_initial_conditions_data_consistency_plot_save,roms_tools/tests/test_setup/test_initial_conditions.py::test_initial_conditions_data_consistency_plot_save,call,112.07,289.97
after_careful_mock,3,test_bgc_boundary_forcing_data_consistency_plot_save,roms_tools/tests/test_setup/test_boundary_forcing.py::test_bgc_boundary_forcing_data_consistency_plot_save,call,86.91,289.97
after_careful_mock,3,test_boundary_forcing_data_consistency_plot_save,roms_tools/tests/test_setup/test_boundary_forcing.py::test_boundary_forcing_data_consistency_plot_save,call,77.21,289.97
after_careful_mock,3,test_successful_initialization_with_regional_data[grid_that_straddles_dateline],roms_tools/tests/test_setup/test_surface_forcing.py::test_successful_initialization_with_regional_data[grid_that_straddles_dateline],call,9.22,289.97
after_careful_mock,3,test_initial_conditions_data_consistency_plot_save,roms_tools/tests/test_setup/test_initial_conditions.py::test_initial_conditions_data_consistency_plot_save,setup,1.73,289.97
after_careful_mock,3,test_bgc_boundary_forcing_data_consistency_plot_save,roms_tools/tests/test_setup/test_boundary_forcing.py::test_bgc_boundary_forcing_data_consistency_plot_save,setup,1.42,289.97
after_careful_mock,3,test_boundary_forcing_data_consistency_plot_save,roms_tools/tests/test_setup/test_boundary_forcing.py::test_boundary_forcing_data_consistency_plot_save,setup,0.42,289.97
after_careful_mock,4,test_initial_conditions_data_consistency_plot_save,roms_tools/tests/test_setup/test_initial_conditions.py::test_initial_conditions_data_consistency_plot_save,call,111.64,291.32
after_careful_mock,4,test_bgc_boundary_forcing_data_consistency_plot_save,roms_tools/tests/test_setup/test_boundary_forcing.py::test_bgc_boundary_forcing_data_consistency_plot_save,call,87.51,291.32
after_careful_mock,4,test_boundary_forcing_data_consistency_plot_save,roms_tools/tests/test_setup/test_boundary_forcing.py::test_boundary_forcing_data_consistency_plot_save,call,78.36,291.32
after_careful_mock,4,test_initial_conditions_data_consistency_plot_save,roms_tools/tests/test_setup/test_initial_conditions.py::test_initial_conditions_data_consistency_plot_save,setup,7.86,291.32
after_careful_mock,4,test_successful_initialization_with_regional_data[grid_that_straddles_dateline],roms_tools/tests/test_setup/test_surface_forcing.py::test_successful_initialization_with_regional_data[grid_that_straddles_dateline],call,2.89,291.32
after_careful_mock,4,test_bgc_boundary_forcing_data_consistency_plot_save,roms_tools/tests/test_setup/test_boundary_forcing.py::test_bgc_boundary_forcing_data_consistency_plot_save,setup,1.63,291.32
after_careful_mock,4,test_boundary_forcing_data_consistency_plot_save,roms_tools/tests/test_setup/test_boundary_forcing.py::test_boundary_forcing_data_consistency_plot_save,setup,0.44,291.32
after_careful_mock,5,test_initial_conditions_data_consistency_plot_save,roms_tools/tests/test_setup/test_initial_conditions.py::test_initial_conditions_data_consistency_plot_save,call,111.03,289.82
after_careful_mock,5,test_bgc_boundary_forcing_data_consistency_plot_save,roms_tools/tests/test_setup/test_boundary_forcing.py::test_bgc_boundary_forcing_data_consistency_plot_save,call,87.22,289.82
after_careful_mock,5,test_boundary_forcing_data_consistency_plot_save,roms_tools/tests/test_setup/test_boundary_forcing.py::test_boundary_forcing_data_consistency_plot_save,call,78.06,289.82
after_careful_mock,5,test_initial_conditions_data_consistency_plot_save,roms_tools/tests/test_setup/test_initial_conditions.py::test_initial_conditions_data_consistency_plot_save,setup,7.79,289.82
after_careful_mock,5,test_successful_initialization_with_regional_data[grid_that_straddles_dateline],roms_tools/tests/test_setup/test_surface_forcing.py::test_successful_initialization_with_regional_data[grid_that_straddles_dateline],call,2.88,289.82
after_careful_mock,5,test_bgc_boundary_forcing_data_consistency_plot_save,roms_tools/tests/test_setup/test_boundary_forcing.py::test_bgc_boundary_forcing_data_consistency_plot_save,setup,1.42,289.82
after_careful_mock,5,test_boundary_forcing_data_consistency_plot_save,roms_tools/tests/test_setup/test_boundary_forcing.py::test_boundary_forcing_data_consistency_plot_save,setup,0.44,289.82
after_careful_mock,6,test_initial_conditions_data_consistency_plot_save,roms_tools/tests/test_setup/test_initial_conditions.py::test_initial_conditions_data_consistency_plot_save,call,112.61,290.07
after_careful_mock,6,test_bgc_boundary_forcing_data_consistency_plot_save,roms_tools/tests/test_setup/test_boundary_forcing.py::test_bgc_boundary_forcing_data_consistency_plot_save,call,85.7,290.07
after_careful_mock,6,test_boundary_forcing_data_consistency_plot_save,roms_tools/tests/test_setup/test_boundary_forcing.py::test_boundary_forcing_data_consistency_plot_save,call,77.95,290.07
after_careful_mock,6,test_successful_initialization_with_regional_data[grid_that_straddles_dateline],roms_tools/tests/test_setup/test_surface_forcing.py::test_successful_initialization_with_regional_data[grid_that_straddles_dateline],call,9.25,290.07
after_careful_mock,6,test_initial_conditions_data_consistency_plot_save,roms_tools/tests/test_setup/test_initial_conditions.py::test_initial_conditions_data_consistency_plot_save,setup,1.75,290.07
after_careful_mock,6,test_bgc_boundary_forcing_data_consistency_plot_save,roms_tools/tests/test_setup/test_boundary_forcing.py::test_bgc_boundary_forcing_data_consistency_plot_save,setup,1.35,290.07
after_careful_mock,6,test_boundary_forcing_data_consistency_plot_save,roms_tools/tests/test_setup/test_boundary_forcing.py::test_boundary_forcing_data_consistency_plot_save,setup,0.46,290.07
after_careful_mock,7,test_initial_conditions_data_consistency_plot_save,roms_tools/tests/test_setup/test_initial_conditions.py::test_initial_conditions_data_consistency_plot_save,call,111.97,287.87
after_careful_mock,7,test_bgc_boundary_forcing_data_consistency_plot_save,roms_tools/tests/test_setup/test_boundary_forcing.py::test_bgc_boundary_forcing_data_consistency_plot_save,call,90.28,287.87
after_careful_mock,7,test_boundary_forcing_data_consistency_plot_save,roms_tools/tests/test_setup/test_boundary_forcing.py::test_boundary_forcing_data_consistency_plot_save,call,78.0,287.87
after_careful_mock,7,test_successful_initialization_with_regional_data[grid_that_straddles_dateline],roms_tools/tests/test_setup/test_surface_forcing.py::test_successful_initialization_with_regional_data[grid_that_straddles_dateline],call,2.88,287.87
after_careful_mock,7,test_initial_conditions_data_consistency_plot_save,roms_tools/tests/test_setup/test_initial_conditions.py::test_initial_conditions_data_consistency_plot_save,setup,1.77,287.87
after_careful_mock,7,test_bgc_boundary_forcing_data_consistency_plot_save,roms_tools/tests/test_setup/test_boundary_forcing.py::test_bgc_boundary_forcing_data_consistency_plot_save,setup,1.56,287.87
after_careful_mock,7,test_boundary_forcing_data_consistency_plot_save,roms_tools/tests/test_setup/test_boundary_forcing.py::test_boundary_forcing_data_consistency_plot_save,setup,0.44,287.87
after_careful_mock,8,test_initial_conditions_data_consistency_plot_save,roms_tools/tests/test_setup/test_initial_conditions.py::test_initial_conditions_data_consistency_plot_save,call,112.33,288.87
after_careful_mock,8,test_bgc_boundary_forcing_data_consistency_plot_save,roms_tools/tests/test_setup/test_boundary_forcing.py::test_bgc_boundary_forcing_data_consistency_plot_save,call,90.66,288.87
after_careful_mock,8,test_boundary_forcing_data_consistency_plot_save,roms_tools/tests/test_setup/test_boundary_forcing.py::test_boundary_forcing_data_consistency_plot_save,call,78.23,288.87
after_careful_mock,8,test_successful_initialization_with_regional_data[grid_that_straddles_dateline],roms_tools/tests/test_setup/test_surface_forcing.py::test_successful_initialization_with_regional_data[grid_that_straddles_dateline],call,2.89,288.87
after_careful_mock,8,test_initial_conditions_data_consistency_plot_save,roms_tools/tests/test_setup/test_initial_conditions.py::test_initial_conditions_data_consistency_plot_save,setup,1.75,288.87
after_careful_mock,8,test_bgc_boundary_forcing_data_consistency_plot_save,roms_tools/tests/test_setup/test_boundary_forcing.py::test_bgc_boundary_forcing_data_consistency_plot_save,setup,1.6,288.87
after_careful_mock,8,test_boundary_forcing_data_consistency_plot_save,roms_tools/tests/test_setup/test_boundary_forcing.py::test_boundary_forcing_data_consistency_plot_save,setup,0.44,288.87
after_careful_mock,9,test_initial_conditions_data_consistency_plot_save,roms_tools/tests/test_setup/test_initial_conditions.py::test_initial_conditions_data_consistency_plot_save,call,111.8,290.16
after_careful_mock,9,test_bgc_boundary_forcing_data_consistency_plot_save,roms_tools/tests/test_setup/test_boundary_forcing.py::test_bgc_boundary_forcing_data_consistency_plot_save,call,87.11,290.16
after_careful_mock,9,test_boundary_forcing_data_consistency_plot_save,roms_tools/tests/test_setup/test_boundary_forcing.py::test_boundary_forcing_data_consistency_plot_save,call,83.6,290.16
after_careful_mock,9,test_successful_initialization_with_regional_data[grid_that_straddles_dateline],roms_tools/tests/test_setup/test_surface_forcing.py::test_successful_initialization_with_regional_data[grid_that_straddles_dateline],call,2.92,290.16
after_careful_mock,9,test_initial_conditions_data_consistency_plot_save,roms_tools/tests/test_setup/test_initial_conditions.py::test_initial_conditions_data_consistency_plot_save,setup,1.63,290.16
after_careful_mock,9,test_bgc_boundary_forcing_data_consistency_plot_save,roms_tools/tests/test_setup/test_boundary_forcing.py::test_bgc_boundary_forcing_data_consistency_plot_save,setup,1.48,290.16
after_careful_mock,9,test_boundary_forcing_data_consistency_plot_save,roms_tools/tests/test_setup/test_boundary_forcing.py::test_boundary_forcing_data_consistency_plot_save,setup,0.64,290.16
after_careful_mock,10,test_initial_conditions_data_consistency_plot_save,roms_tools/tests/test_setup/test_initial_conditions.py::test_initial_conditions_data_consistency_plot_save,call,111.97,291.56
after_careful_mock,10,test_bgc_boundary_forcing_data_consistency_plot_save,roms_tools/tests/test_setup/test_boundary_forcing.py::test_bgc_boundary_forcing_data_consistency_plot_save,call,87.43,291.56
after_careful_mock,10,test_boundary_forcing_data_consistency_plot_save,roms_tools/tests/test_setup/test_boundary_forcing.py::test_boundary_forcing_data_consistency_plot_save,call,78.45,291.56
after_careful_mock,10,test_successful_initialization_with_regional_data[grid_that_straddles_dateline],roms_tools/tests/test_setup/test_surface_forcing.py::test_successful_initialization_with_regional_data[grid_that_straddles_dateline],call,9.18,291.56
after_careful_mock,10,test_bgc_boundary_forcing_data_consistency_plot_save,roms_tools/tests/test_setup/test_boundary_forcing.py::test_bgc_boundary_forcing_data_consistency_plot_save,setup,1.57,291.56
after_careful_mock,10,test_initial_conditions_data_consistency_plot_save,roms_tools/tests/test_setup/test_initial_conditions.py::test_initial_conditions_data_consistency_plot_save,setup,1.52,291.56
after_careful_mock,10,test_boundary_forcing_data_consistency_plot_save,roms_tools/tests/test_setup/test_boundary_forcing.py::test_boundary_forcing_data_consistency_plot_save,setup,0.45,291.56
after_careful_mock,11,test_initial_conditions_data_consistency_plot_save,roms_tools/tests/test_setup/test_initial_conditions.py::test_initial_conditions_data_consistency_plot_save,call,111.6,291.05
after_careful_mock,11,test_bgc_boundary_forcing_data_consistency_plot_save,roms_tools/tests/test_setup/test_boundary_forcing.py::test_bgc_boundary_forcing_data_consistency_plot_save,call,87.47,291.05
after_careful_mock,11,test_boundary_forcing_data_consistency_plot_save,roms_tools/tests/test_setup/test_boundary_forcing.py::test_boundary_forcing_data_consistency_plot_save,call,78.18,291.05
after_careful_mock,11,test_initial_conditions_data_consistency_plot_save,roms_tools/tests/test_setup/test_initial_conditions.py::test_initial_conditions_data_consistency_plot_save,setup,7.88,291.05
after_careful_mock,11,test_successful_initialization_with_regional_data[grid_that_straddles_dateline],roms_tools/tests/test_setup/test_surface_forcing.py::test_successful_initialization_with_regional_data[grid_that_straddles_dateline],call,2.89,291.05
after_careful_mock,11,test_bgc_boundary_forcing_data_consistency_plot_save,roms_tools/tests/test_setup/test_boundary_forcing.py::test_bgc_boundary_forcing_data_consistency_plot_save,setup,1.62,291.05
after_careful_mock,11,test_boundary_forcing_data_consistency_plot_save,roms_tools/tests/test_setup/test_boundary_forcing.py::test_boundary_forcing_data_consistency_plot_save,setup,0.43,291.05
after_careful_mock,12,test_initial_conditions_data_consistency_plot_save,roms_tools/tests/test_setup/test_initial_conditions.py::test_initial_conditions_data_consistency_plot_save,call,112.32,287.4
after_careful_mock,12,test_bgc_boundary_forcing_data_consistency_plot_save,roms_tools/tests/test_setup/test_boundary_forcing.py::test_bgc_boundary_forcing_data_consistency_plot_save,call,89.28,287.4
after_careful_mock,12,test_boundary_forcing_data_consistency_plot_save,roms_tools/tests/test_setup/test_boundary_forcing.py::test_boundary_forcing_data_consistency_plot_save,call,78.2,287.4
after_careful_mock,12,test_successful_initialization_with_regional_data[grid_that_straddles_dateline],roms_tools/tests/test_setup/test_surface_forcing.py::test_successful_initialization_with_regional_data[grid_that_straddles_dateline],call,2.88,287.4
after_careful_mock,12,test_initial_conditions_data_consistency_plot_save,roms_tools/tests/test_setup/test_initial_conditions.py::test_initial_conditions_data_consistency_plot_save,setup,1.75,287.4
after_careful_mock,12,test_bgc_boundary_forcing_data_consistency_plot_save,roms_tools/tests/test_setup/test_boundary_forcing.py::test_bgc_boundary_forcing_data_consistency_plot_save,setup,1.55,287.4
after_careful_mock,12,test_boundary_forcing_data_consistency_plot_save,roms_tools/tests/test_setup/test_boundary_forcing.py::test_boundary_forcing_data_consistency_plot_save,setup,0.43,287.4
after_careful_mock,13,test_initial_conditions_data_consistency_plot_save,roms_tools/tests/test_setup/test_initial_conditions.py::test_initial_conditions_data_consistency_plot_save,call,112.22,288.64
after_careful_mock,13,test_bgc_boundary_forcing_data_consistency_plot_save,roms_tools/tests/test_setup/test_boundary_forcing.py::test_bgc_boundary_forcing_data_consistency_plot_save,call,90.53,288.64
after_careful_mock,13,test_boundary_forcing_data_consistency_plot_save,roms_tools/tests/test_setup/test_boundary_forcing.py::test_boundary_forcing_data_consistency_plot_save,call,78.26,288.64
after_careful_mock,13,test_successful_initialization_with_regional_data[grid_that_straddles_dateline],roms_tools/tests/test_setup/test_surface_forcing.py::test_successful_initialization_with_regional_data[grid_that_straddles_dateline],call,2.88,288.64
after_careful_mock,13,test_initial_conditions_data_consistency_plot_save,roms_tools/tests/test_setup/test_initial_conditions.py::test_initial_conditions_data_consistency_plot_save,setup,1.75,288.64
after_careful_mock,13,test_bgc_boundary_forcing_data_consistency_plot_save,roms_tools/tests/test_setup/test_boundary_forcing.py::test_bgc_boundary_forcing_data_consistency_plot_save,setup,1.56,288.64
after_careful_mock,13,test_boundary_forcing_data_consistency_plot_save,roms_tools/tests/test_setup/test_boundary_forcing.py::test_boundary_forcing_data_consistency_plot_save,setup,0.44,288.64
after_careful_mock,14,test_initial_conditions_data_consistency_plot_save,roms_tools/tests/test_setup/test_initial_conditions.py::test_initial_conditions_data_consistency_plot_save,call,112.84,289.27
after_careful_mock,14,test_bgc_boundary_forcing_data_consistency_plot_save,roms_tools/tests/test_setup/test_boundary_forcing.py::test_bgc_boundary_forcing_data_consistency_plot_save,call,90.7,289.27
after_careful_mock,14,test_boundary_forcing_data_consistency_plot_save,roms_tools/tests/test_setup/test_boundary_forcing.py::test_boundary_forcing_data_consistency_plot_save,call,78.08,289.27
after_careful_mock,14,test_successful_initialization_with_regional_data[grid_that_straddles_dateline],roms_tools/tests/test_setup/test_surface_forcing.py::test_successful_initialization_with_regional_data[grid_that_straddles_dateline],call,2.88,289.27
after_careful_mock,14,test_initial_conditions_data_consistency_plot_save,roms_tools/tests/test_setup/test_initial_conditions.py::test_initial_conditions_data_consistency_plot_save,setup,1.78,289.27
after_careful_mock,14,test_bgc_boundary_forcing_data_consistency_plot_save,roms_tools/tests/test_setup/test_boundary_forcing.py::test_bgc_boundary_forcing_data_consistency_plot_save,setup,1.56,289.27
after_careful_mock,14,test_boundary_forcing_data_consistency_plot_save,roms_tools/tests/test_setup/test_boundary_forcing.py::test_boundary_forcing_data_consistency_plot_save,setup,0.44,289.27
after_careful_mock,15,test_initial_conditions_data_consistency_plot_save,roms_tools/tests/test_setup/test_initial_conditions.py::test_initial_conditions_data_consistency_plot_save,call,111.86,288.11
after_careful_mock,15,test_bgc_boundary_forcing_data_consistency_plot_save,roms_tools/tests/test_setup/test_boundary_forcing.py::test_bgc_boundary_forcing_data_consistency_plot_save,call,90.71,288.11
after_careful_mock,15,test_boundary_forcing_data_consistency_plot_save,roms_tools/tests/test_setup/test_boundary_forcing.py::test_boundary_forcing_data_consistency_plot_save,call,77.88,288.11
after_careful_mock,15,test_successful_initialization_with_regional_data[grid_that_straddles_dateline],roms_tools/tests/test_setup/test_surface_forcing.py::test_successful_initialization_with_regional_data[grid_that_straddles_dateline],call,2.88,288.11
after_careful_mock,15,test_initial_conditions_data_consistency_plot_save,roms_tools/tests/test_setup/test_initial_conditions.py::test_initial_conditions_data_consistency_plot_save,setup,1.77,288.11
after_careful_mock,15,test_bgc_boundary_forcing_data_consistency_plot_save,roms_tools/tests/test_setup/test_boundary_forcing.py::test_bgc_boundary_forcing_data_consistency_plot_save,setup,1.59,288.11
after_careful_mock,15,test_boundary_forcing_data_consistency_plot_save,roms_tools/tests/test_setup/test_boundary_forcing.py::test_boundary_forcing_data_consistency_plot_save,setup,0.44,288.11
after_careful_mock,16,test_initial_conditions_data_consistency_plot_save,roms_tools/tests/test_setup/test_initial_conditions.py::test_initial_conditions_data_consistency_plot_save,call,111.48,291.13
after_careful_mock,16,test_bgc_boundary_forcing_data_consistency_plot_save,roms_tools/tests/test_setup/test_boundary_forcing.py::test_bgc_boundary_forcing_data_consistency_plot_save,call,87.64,291.13
after_careful_mock,16,test_boundary_forcing_data_consistency_plot_save,roms_tools/tests/test_setup/test_boundary_forcing.py::test_boundary_forcing_data_consistency_plot_save,call,78.29,291.13
after_careful_mock,16,test_successful_initialization_with_regional_data[grid_that_straddles_dateline],roms_tools/tests/test_setup/test_surface_forcing.py::test_successful_initialization_with_regional_data[grid_that_straddles_dateline],call,9.15,291.13
after_careful_mock,16,test_bgc_boundary_forcing_data_consistency_plot_save,roms_tools/tests/test_setup/test_boundary_forcing.py::test_bgc_boundary_forcing_data_consistency_plot_save,setup,1.6,291.13
after_careful_mock,16,test_initial_conditions_data_consistency_plot_save,roms_tools/tests/test_setup/test_initial_conditions.py::test_initial_conditions_data_consistency_plot_save,setup,1.54,291.13
after_careful_mock,16,test_boundary_forcing_data_consistency_plot_save,roms_tools/tests/test_setup/test_boundary_forcing.py::test_boundary_forcing_data_consistency_plot_save,setup,0.45,291.13
after_careful_mock,17,test_initial_conditions_data_consistency_plot_save,roms_tools/tests/test_setup/test_initial_conditions.py::test_initial_conditions_data_consistency_plot_save,call,112.16,290.69
after_careful_mock,17,test_bgc_boundary_forcing_data_consistency_plot_save,roms_tools/tests/test_setup/test_boundary_forcing.py::test_bgc_boundary_forcing_data_consistency_plot_save,call,87.38,290.69
after_careful_mock,17,test_boundary_forcing_data_consistency_plot_save,roms_tools/tests/test_setup/test_boundary_forcing.py::test_boundary_forcing_data_consistency_plot_save,call,77.43,290.69
after_careful_mock,17,test_successful_initialization_with_regional_data[grid_that_straddles_dateline],roms_tools/tests/test_setup/test_surface_forcing.py::test_successful_initialization_with_regional_data[grid_that_straddles_dateline],call,9.2,290.69
after_careful_mock,17,test_initial_conditions_data_consistency_plot_save,roms_tools/tests/test_setup/test_initial_conditions.py::test_initial_conditions_data_consistency_plot_save,setup,1.69,290.69
after_careful_mock,17,test_bgc_boundary_forcing_data_consistency_plot_save,roms_tools/tests/test_setup/test_boundary_forcing.py::test_bgc_boundary_forcing_data_consistency_plot_save,setup,1.42,290.69
after_careful_mock,17,test_boundary_forcing_data_consistency_plot_save,roms_tools/tests/test_setup/test_boundary_forcing.py::test_boundary_forcing_data_consistency_plot_save,setup,0.42,290.69
after_careful_mock,18,test_initial_conditions_data_consistency_plot_save,roms_tools/tests/test_setup/test_initial_conditions.py::test_initial_conditions_data_consistency_plot_save,call,111.71,290.26
after_careful_mock,18,test_bgc_boundary_forcing_data_consistency_plot_save,roms_tools/tests/test_setup/test_boundary_forcing.py::test_bgc_boundary_forcing_data_consistency_plot_save,call,86.96,290.26
after_careful_mock,18,test_boundary_forcing_data_consistency_plot_save,roms_tools/tests/test_setup/test_boundary_forcing.py::test_boundary_forcing_data_consistency_plot_save,call,77.74,290.26
after_careful_mock,18,test_successful_initialization_with_regional_data[grid_that_straddles_dateline],roms_tools/tests/test_setup/test_surface_forcing.py::test_successful_initialization_with_regional_data[grid_that_straddles_dateline],call,9.29,290.26
after_careful_mock,18,test_initial_conditions_data_consistency_plot_save,roms_tools/tests/test_setup/test_initial_conditions.py::test_initial_conditions_data_consistency_plot_save,setup,1.7,290.26
after_careful_mock,18,test_bgc_boundary_forcing_data_consistency_plot_save,roms_tools/tests/test_setup/test_boundary_forcing.py::test_bgc_boundary_forcing_data_consistency_plot_save,setup,1.45,290.26
after_careful_mock,18,test_boundary_forcing_data_consistency_plot_save,roms_tools/tests/test_setup/test_boundary_forcing.py::test_boundary_forcing_data_consistency_plot_save,setup,0.43,290.26
after_careful_mock,19,test_initial_conditions_data_consistency_plot_save,roms_tools/tests/test_setup/test_initial_conditions.py::test_initial_conditions_data_consistency_plot_save,call,111.92,287.66
after_careful_mock,19,test_bgc_boundary_forcing_data_consistency_plot_save,roms_tools/tests/test_setup/test_boundary_forcing.py::test_bgc_boundary_forcing_data_consistency_plot_save,call,90.17,287.66
after_careful_mock,19,test_boundary_forcing_data_consistency_plot_save,roms_tools/tests/test_setup/test_boundary_forcing.py::test_boundary_forcing_data_consistency_plot_save,call,77.87,287.66
after_careful_mock,19,test_successful_initialization_with_regional_data[grid_that_straddles_dateline],roms_tools/tests/test_setup/test_surface_forcing.py::test_successful_initialization_with_regional_data[grid_that_straddles_dateline],call,2.88,287.66
after_careful_mock,19,test_initial_conditions_data_consistency_plot_save,roms_tools/tests/test_setup/test_initial_conditions.py::test_initial_conditions_data_consistency_plot_save,setup,1.79,287.66
after_careful_mock,19,test_bgc_boundary_forcing_data_consistency_plot_save,roms_tools/tests/test_setup/test_boundary_forcing.py::test_bgc_boundary_forcing_data_consistency_plot_save,setup,1.58,287.66
after_careful_mock,19,test_boundary_forcing_data_consistency_plot_save,roms_tools/tests/test_setup/test_boundary_forcing.py::test_boundary_forcing_data_consistency_plot_save,setup,0.44,287.66
after_careful_mock,20,test_initial_conditions_data_consistency_plot_save,roms_tools/tests/test_setup/test_initial_conditions.py::test_initial_conditions_data_consistency_plot_save,call,110.69,288.88
after_careful_mock,20,test_bgc_boundary_forcing_data_consistency_plot_save,roms_tools/tests/test_setup/test_boundary_forcing.py::test_bgc_boundary_forcing_data_consistency_plot_save,call,86.76,288.88
after_careful_mock,20,test_boundary_forcing_data_consistency_plot_save,roms_tools/tests/test_setup/test_boundary_forcing.py::test_boundary_forcing_data_consistency_plot_save,call,77.78,288.88
after_careful_mock,20,test_initial_conditions_data_consistency_plot_save,roms_tools/tests/test_setup/test_initial_conditions.py::test_initial_conditions_data_consistency_plot_save,setup,7.95,288.88
after_careful_mock,20,test_successful_initialization_with_regional_data[grid_that_straddles_dateline],roms_tools/tests/test_setup/test_surface_forcing.py::test_successful_initialization_with_regional_data[grid_that_straddles_dateline],call,2.88,288.88
after_careful_mock,20,test_bgc_boundary_forcing_data_consistency_plot_save,roms_tools/tests/test_setup/test_boundary_forcing.py::test_bgc_boundary_forcing_data_consistency_plot_save,setup,1.4,288.88
after_careful_mock,20,test_boundary_forcing_data_consistency_plot_save,roms_tools/tests/test_setup/test_boundary_forcing.py::test_boundary_forcing_data_consistency_plot_save,setup,0.43,288.88
after_careful_mock,21,test_initial_conditions_data_consistency_plot_save,roms_tools/tests/test_setup/test_initial_conditions.py::test_initial_conditions_data_consistency_plot_save,call,110.66,288.52
after_careful_mock,21,test_bgc_boundary_forcing_data_consistency_plot_save,roms_tools/tests/test_setup/test_boundary_forcing.py::test_bgc_boundary_forcing_data_consistency_plot_save,call,86.36,288.52
after_careful_mock,21,test_boundary_forcing_data_consistency_plot_save,roms_tools/tests/test_setup/test_boundary_forcing.py::test_boundary_forcing_data_consistency_plot_save,call,77.93,288.52
after_careful_mock,21,test_initial_conditions_data_consistency_plot_save,roms_tools/tests/test_setup/test_initial_conditions.py::test_initial_conditions_data_consistency_plot_save,setup,7.83,288.52
after_careful_mock,21,test_successful_initialization_with_regional_data[grid_that_straddles_dateline],roms_tools/tests/test_setup/test_surface_forcing.py::test_successful_initialization_with_regional_data[grid_that_straddles_dateline],call,2.88,288.52
after_careful_mock,21,test_bgc_boundary_forcing_data_consistency_plot_save,roms_tools/tests/test_setup/test_boundary_forcing.py::test_bgc_boundary_forcing_data_consistency_plot_save,setup,1.44,288.52
after_careful_mock,21,test_boundary_forcing_data_consistency_plot_save,roms_tools/tests/test_setup/test_boundary_forcing.py::test_boundary_forcing_data_consistency_plot_save,setup,0.44,288.52
after_careful_mock,22,test_initial_conditions_data_consistency_plot_save,roms_tools/tests/test_setup/test_initial_conditions.py::test_initial_conditions_data_consistency_plot_save,call,111.28,288.13
after_careful_mock,22,test_bgc_boundary_forcing_data_consistency_plot_save,roms_tools/tests/test_setup/test_boundary_forcing.py::test_bgc_boundary_forcing_data_consistency_plot_save,call,86.07,288.13
after_careful_mock,22,test_boundary_forcing_data_consistency_plot_save,roms_tools/tests/test_setup/test_boundary_forcing.py::test_boundary_forcing_data_consistency_plot_save,call,83.19,288.13
after_careful_mock,22,test_successful_initialization_with_regional_data[grid_that_straddles_dateline],roms_tools/tests/test_setup/test_surface_forcing.py::test_successful_initialization_with_regional_data[grid_that_straddles_dateline],call,2.85,288.13
after_careful_mock,22,test_initial_conditions_data_consistency_plot_save,roms_tools/tests/test_setup/test_initial_conditions.py::test_initial_conditions_data_consistency_plot_save,setup,1.7,288.13
after_careful_mock,22,test_bgc_boundary_forcing_data_consistency_plot_save,roms_tools/tests/test_setup/test_boundary_forcing.py::test_bgc_boundary_forcing_data_consistency_plot_save,setup,1.44,288.13
after_careful_mock,22,test_boundary_forcing_data_consistency_plot_save,roms_tools/tests/test_setup/test_boundary_forcing.py::test_boundary_forcing_data_consistency_plot_save,setup,0.63,288.13
after_careful_mock,23,test_initial_conditions_data_consistency_plot_save,roms_tools/tests/test_setup/test_initial_conditions.py::test_initial_conditions_data_consistency_plot_save,call,111.36,285.2
after_careful_mock,23,test_bgc_boundary_forcing_data_consistency_plot_save,roms_tools/tests/test_setup/test_boundary_forcing.py::test_bgc_boundary_forcing_data_consistency_plot_save,call,88.3,285.2
after_careful_mock,23,test_boundary_forcing_data_consistency_plot_save,roms_tools/tests/test_setup/test_boundary_forcing.py::test_boundary_forcing_data_consistency_plot_save,call,77.85,285.2
after_careful_mock,23,test_successful_initialization_with_regional_data[grid_that_straddles_dateline],roms_tools/tests/test_setup/test_surface_forcing.py::test_successful_initialization_with_regional_data[grid_that_straddles_dateline],call,2.89,285.2
after_careful_mock,23,test_initial_conditions_data_consistency_plot_save,roms_tools/tests/test_setup/test_initial_conditions.py::test_initial_conditions_data_consistency_plot_save,setup,1.78,285.2
after_careful_mock,23,test_bgc_boundary_forcing_data_consistency_plot_save,roms_tools/tests/test_setup/test_boundary_forcing.py::test_bgc_boundary_forcing_data_consistency_plot_save,setup,1.59,285.2
after_careful_mock,23,test_boundary_forcing_data_consistency_plot_save,roms_tools/tests/test_setup/test_boundary_forcing.py::test_boundary_forcing_data_consistency_plot_save,setup,0.45,285.2
after_careful_mock,24,test_initial_conditions_data_consistency_plot_save,roms_tools/tests/test_setup/test_initial_conditions.py::test_initial_conditions_data_consistency_plot_save,call,110.23,287.66
after_careful_mock,24,test_bgc_boundary_forcing_data_consistency_plot_save,roms_tools/tests/test_setup/test_boundary_forcing.py::test_bgc_boundary_forcing_data_consistency_plot_save,call,86.1,287.66
after_careful_mock,24,test_boundary_forcing_data_consistency_plot_save,roms_tools/tests/test_setup/test_boundary_forcing.py::test_boundary_forcing_data_consistency_plot_save,call,77.59,287.66
after_careful_mock,24,test_successful_initialization_with_regional_data[grid_that_straddles_dateline],roms_tools/tests/test_setup/test_surface_forcing.py::test_successful_initialization_with_regional_data[grid_that_straddles_dateline],call,9.22,287.66
after_careful_mock,24,test_bgc_boundary_forcing_data_consistency_plot_save,roms_tools/tests/test_setup/test_boundary_forcing.py::test_bgc_boundary_forcing_data_consistency_plot_save,setup,1.59,287.66
after_careful_mock,24,test_initial_conditions_data_consistency_plot_save,roms_tools/tests/test_setup/test_initial_conditions.py::test_initial_conditions_data_consistency_plot_save,setup,1.52,287.66
after_careful_mock,24,test_boundary_forcing_data_consistency_plot_save,roms_tools/tests/test_setup/test_boundary_forcing.py::test_boundary_forcing_data_consistency_plot_save,setup,0.44,287.66
after_careful_mock,25,test_initial_conditions_data_consistency_plot_save,roms_tools/tests/test_setup/test_initial_conditions.py::test_initial_conditions_data_consistency_plot_save,call,110.07,288.04
after_careful_mock,25,test_bgc_boundary_forcing_data_consistency_plot_save,roms_tools/tests/test_setup/test_boundary_forcing.py::test_bgc_boundary_forcing_data_consistency_plot_save,call,86.36,288.04
after_careful_mock,25,test_boundary_forcing_data_consistency_plot_save,roms_tools/tests/test_setup/test_boundary_forcing.py::test_boundary_forcing_data_consistency_plot_save,call,77.8,288.04
after_careful_mock,25,test_initial_conditions_data_consistency_plot_save,roms_tools/tests/test_setup/test_initial_conditions.py::test_initial_conditions_data_consistency_plot_save,setup,7.89,288.04
after_careful_mock,25,test_successful_initialization_with_regional_data[grid_that_straddles_dateline],roms_tools/tests/test_setup/test_surface_forcing.py::test_successful_initialization_with_regional_data[grid_that_straddles_dateline],call,2.88,288.04
after_careful_mock,25,test_bgc_boundary_forcing_data_consistency_plot_save,roms_tools/tests/test_setup/test_boundary_forcing.py::test_bgc_boundary_forcing_data_consistency_plot_save,setup,1.62,288.04
after_careful_mock,25,test_boundary_forcing_data_consistency_plot_save,roms_tools/tests/test_setup/test_boundary_forcing.py::test_boundary_forcing_data_consistency_plot_save,setup,0.44,288.04
after_careful_mock,26,test_initial_conditions_data_consistency_plot_save,roms_tools/tests/test_setup/test_initial_conditions.py::test_initial_conditions_data_consistency_plot_save,call,111.54,286.13
after_careful_mock,26,test_bgc_boundary_forcing_data_consistency_plot_save,roms_tools/tests/test_setup/test_boundary_forcing.py::test_bgc_boundary_forcing_data_consistency_plot_save,call,89.33,286.13
after_careful_mock,26,test_boundary_forcing_data_consistency_plot_save,roms_tools/tests/test_setup/test_boundary_forcing.py::test_boundary_forcing_data_consistency_plot_save,call,77.67,286.13
after_careful_mock,26,test_successful_initialization_with_regional_data[grid_that_straddles_dateline],roms_tools/tests/test_setup/test_surface_forcing.py::test_successful_initialization_with_regional_data[grid_that_straddles_dateline],call,2.86,286.13
after_careful_mock,26,test_initial_conditions_data_consistency_plot_save,roms_tools/tests/test_setup/test_initial_conditions.py::test_initial_conditions_data_consistency_plot_save,setup,1.78,286.13
after_careful_mock,26,test_bgc_boundary_forcing_data_consistency_plot_save,roms_tools/tests/test_setup/test_boundary_forcing.py::test_bgc_boundary_forcing_data_consistency_plot_save,setup,1.54,286.13
after_careful_mock,26,test_boundary_forcing_data_consistency_plot_save,roms_tools/tests/test_setup/test_boundary_forcing.py::test_boundary_forcing_data_consistency_plot_save,setup,0.44,286.13
after_careful_mock,27,test_initial_conditions_data_consistency_plot_save,roms_tools/tests/test_setup/test_initial_conditions.py::test_initial_conditions_data_consistency_plot_save,call,111.67,288.83
after_careful_mock,27,test_bgc_boundary_forcing_data_consistency_plot_save,roms_tools/tests/test_setup/test_boundary_forcing.py::test_bgc_boundary_forcing_data_consistency_plot_save,call,86.17,288.83
after_careful_mock,27,test_boundary_forcing_data_consistency_plot_save,roms_tools/tests/test_setup/test_boundary_forcing.py::test_boundary_forcing_data_consistency_plot_save,call,77.27,288.83
after_careful_mock,27,test_successful_initialization_with_regional_data[grid_that_straddles_dateline],roms_tools/tests/test_setup/test_surface_forcing.py::test_successful_initialization_with_regional_data[grid_that_straddles_dateline],call,9.21,288.83
after_careful_mock,27,test_initial_conditions_data_consistency_plot_save,roms_tools/tests/test_setup/test_initial_conditions.py::test_initial_conditions_data_consistency_plot_save,setup,1.7,288.83
after_careful_mock,27,test_bgc_boundary_forcing_data_consistency_plot_save,roms_tools/tests/test_setup/test_boundary_forcing.py::test_bgc_boundary_forcing_data_consistency_plot_save,setup,1.41,288.83
after_careful_mock,27,test_boundary_forcing_data_consistency_plot_save,roms_tools/tests/test_setup/test_boundary_forcing.py::test_boundary_forcing_data_consistency_plot_save,setup,0.42,288.83
after_careful_mock,28,test_initial_conditions_data_consistency_plot_save,roms_tools/tests/test_setup/test_initial_conditions.py::test_initial_conditions_data_consistency_plot_save,call,111.14,289.13
after_careful_mock,28,test_bgc_boundary_forcing_data_consistency_plot_save,roms_tools/tests/test_setup/test_boundary_forcing.py::test_bgc_boundary_forcing_data_consistency_plot_save,call,86.3,289.13
after_careful_mock,28,test_boundary_forcing_data_consistency_plot_save,roms_tools/tests/test_setup/test_boundary_forcing.py::test_boundary_forcing_data_consistency_plot_save,call,77.95,289.13
after_careful_mock,28,test_initial_conditions_data_consistency_plot_save,roms_tools/tests/test_setup/test_initial_conditions.py::test_initial_conditions_data_consistency_plot_save,setup,7.82,289.13
after_careful_mock,28,test_successful_initialization_with_regional_data[grid_that_straddles_dateline],roms_tools/tests/test_setup/test_surface_forcing.py::test_successful_initialization_with_regional_data[grid_that_straddles_dateline],call,2.87,289.13
after_careful_mock,28,test_bgc_boundary_forcing_data_consistency_plot_save,roms_tools/tests/test_setup/test_boundary_forcing.py::test_bgc_boundary_forcing_data_consistency_plot_save,setup,1.63,289.13
after_careful_mock,28,test_boundary_forcing_data_consistency_plot_save,roms_tools/tests/test_setup/test_boundary_forcing.py::test_boundary_forcing_data_consistency_plot_save,setup,0.44,289.13
after_careful_mock,29,test_initial_conditions_data_consistency_plot_save,roms_tools/tests/test_setup/test_initial_conditions.py::test_initial_conditions_data_consistency_plot_save,call,110.95,288.57
after_careful_mock,29,test_bgc_boundary_forcing_data_consistency_plot_save,roms_tools/tests/test_setup/test_boundary_forcing.py::test_bgc_boundary_forcing_data_consistency_plot_save,call,86.1,288.57
after_careful_mock,29,test_boundary_forcing_data_consistency_plot_save,roms_tools/tests/test_setup/test_boundary_forcing.py::test_boundary_forcing_data_consistency_plot_save,call,77.78,288.57
after_careful_mock,29,test_successful_initialization_with_regional_data[grid_that_straddles_dateline],roms_tools/tests/test_setup/test_surface_forcing.py::test_successful_initialization_with_regional_data[grid_that_straddles_dateline],call,9.26,288.57
after_careful_mock,29,test_bgc_boundary_forcing_data_consistency_plot_save,roms_tools/tests/test_setup/test_boundary_forcing.py::test_bgc_boundary_forcing_data_consistency_plot_save,setup,1.57,288.57
after_careful_mock,29,test_initial_conditions_data_consistency_plot_save,roms_tools/tests/test_setup/test_initial_conditions.py::test_initial_conditions_data_consistency_plot_save,setup,1.49,288.57
after_careful_mock,29,test_boundary_forcing_data_consistency_plot_save,roms_tools/tests/test_setup/test_boundary_forcing.py::test_boundary_forcing_data_consistency_plot_save,setup,0.45,288.57
after_careful_mock,30,test_initial_conditions_data_consistency_plot_save,roms_tools/tests/test_setup/test_initial_conditions.py::test_initial_conditions_data_consistency_plot_save,call,111.53,288.92
after_careful_mock,30,test_bgc_boundary_forcing_data_consistency_plot_save,roms_tools/tests/test_setup/test_boundary_forcing.py::test_bgc_boundary_forcing_data_consistency_plot_save,call,85.95,288.92
after_careful_mock,30,test_boundary_forcing_data_consistency_plot_save,roms_tools/tests/test_setup/test_boundary_forcing.py::test_boundary_forcing_data_consistency_plot_save,call,77.77,288.92
after_careful_mock,30,test_successful_initialization_with_regional_data[grid_that_straddles_dateline],roms_tools/tests/test_setup/test_surface_forcing.py::test_successful_initialization_with_regional_data[grid_that_straddles_dateline],call,9.16,288.92
after_careful_mock,30,test_bgc_boundary_forcing_data_consistency_plot_save,roms_tools/tests/test_setup/test_boundary_forcing.py::test_bgc_boundary_forcing_data_consistency_plot_save,setup,1.58,288.92
after_careful_mock,30,test_initial_conditions_data_consistency_plot_save,roms_tools/tests/test_setup/test_initial_conditions.py::test_initial_conditions_data_consistency_plot_save,setup,1.52,288.92
after_careful_mock,30,test_boundary_forcing_data_consistency_plot_save,roms_tools/tests/test_setup/test_boundary_forcing.py::test_boundary_forcing_data_consistency_plot_save,setup,0.44,288.92
after_careful_mock,31,test_initial_conditions_data_consistency_plot_save,roms_tools/tests/test_setup/test_initial_conditions.py::test_initial_conditions_data_consistency_plot_save,call,111.21,287.78
after_careful_mock,31,test_bgc_boundary_forcing_data_consistency_plot_save,roms_tools/tests/test_setup/test_boundary_forcing.py::test_bgc_boundary_forcing_data_consistency_plot_save,call,85.78,287.78
after_careful_mock,31,test_boundary_forcing_data_consistency_plot_save,roms_tools/tests/test_setup/test_boundary_forcing.py::test_boundary_forcing_data_consistency_plot_save,call,77.15,287.78
after_careful_mock,31,test_successful_initialization_with_regional_data[grid_that_straddles_dateline],roms_tools/tests/test_setup/test_surface_forcing.py::test_successful_initialization_with_regional_data[grid_that_straddles_dateline],call,9.13,287.78
after_careful_mock,31,test_initial_conditions_data_consistency_plot_save,roms_tools/tests/test_setup/test_initial_conditions.py::test_initial_conditions_data_consistency_plot_save,setup,1.71,287.78
after_careful_mock,31,test_bgc_boundary_forcing_data_consistency_plot_save,roms_tools/tests/test_setup/test_boundary_forcing.py::test_bgc_boundary_forcing_data_consistency_plot_save,setup,1.4,287.78
after_careful_mock,31,test_boundary_forcing_data_consistency_plot_save,roms_tools/tests/test_setup/test_boundary_forcing.py::test_boundary_forcing_data_consistency_plot_save,setup,0.41,287.78
after_careful_mock,32,test_initial_conditions_data_consistency_plot_save,roms_tools/tests/test_setup/test_initial_conditions.py::test_initial_conditions_data_consistency_plot_save,call,111.13,287.45
after_careful_mock,32,test_bgc_boundary_forcing_data_consistency_plot_save,roms_tools/tests/test_setup/test_boundary_forcing.py::test_bgc_boundary_forcing_data_consistency_plot_save,call,85.64,287.45
after_careful_mock,32,test_boundary_forcing_data_consistency_plot_save,roms_tools/tests/test_setup/test_boundary_forcing.py::test_boundary_forcing_data_consistency_plot_save,call,83.06,287.45
after_careful_mock,32,test_successful_initialization_with_regional_data[grid_that_straddles_dateline],roms_tools/tests/test_setup/test_surface_forcing.py::test_successful_initialization_with_regional_data[grid_that_straddles_dateline],call,2.86,287.45
after_careful_mock,32,test_initial_conditions_data_consistency_plot_save,roms_tools/tests/test_setup/test_initial_conditions.py::test_initial_conditions_data_consistency_plot_save,setup,1.7,287.45
after_careful_mock,32,test_bgc_boundary_forcing_data_consistency_plot_save,roms_tools/tests/test_setup/test_boundary_forcing.py::test_bgc_boundary_forcing_data_consistency_plot_save,setup,1.43,287.45
after_careful_mock,32,test_boundary_forcing_data_consistency_plot_save,roms_tools/tests/test_setup/test_boundary_forcing.py::test_boundary_forcing_data_consistency_plot_save,setup,0.64,287.45
after_careful_mock,33,test_initial_conditions_data_consistency_plot_save,roms_tools/tests/test_setup/test_initial_conditions.py::test_initial_conditions_data_consistency_plot_save,call,111.16,289.25
after_careful_mock,33,test_bgc_boundary_forcing_data_consistency_plot_save,roms_tools/tests/test_setup/test_boundary_forcing.py::test_bgc_boundary_forcing_data_consistency_plot_save,call,86.2,289.25
after_careful_mock,33,test_boundary_forcing_data_consistency_plot_save,roms_tools/tests/test_setup/test_boundary_forcing.py::test_boundary_forcing_data_consistency_plot_save,call,77.99,289.25
after_careful_mock,33,test_initial_conditions_data_consistency_plot_save,roms_tools/tests/test_setup/test_initial_conditions.py::test_initial_conditions_data_consistency_plot_save,setup,7.94,289.25
after_careful_mock,33,test_successful_initialization_with_regional_data[grid_that_straddles_dateline],roms_tools/tests/test_setup/test_surface_forcing.py::test_successful_initialization_with_regional_data[grid_that_straddles_dateline],call,2.88,289.25
after_careful_mock,33,test_bgc_boundary_forcing_data_consistency_plot_save,roms_tools/tests/test_setup/test_boundary_forcing.py::test_bgc_boundary_forcing_data_consistency_plot_save,setup,1.68,289.25
after_careful_mock,33,test_boundary_forcing_data_consistency_plot_save,roms_tools/tests/test_setup/test_boundary_forcing.py::test_boundary_forcing_data_consistency_plot_save,setup,0.44,289.25
after_careful_mock,34,test_initial_conditions_data_consistency_plot_save,roms_tools/tests/test_setup/test_initial_conditions.py::test_initial_conditions_data_consistency_plot_save,call,111.71,286.27
after_careful_mock,34,test_bgc_boundary_forcing_data_consistency_plot_save,roms_tools/tests/test_setup/test_boundary_forcing.py::test_bgc_boundary_forcing_data_consistency_plot_save,call,89.12,286.27
after_careful_mock,34,test_boundary_forcing_data_consistency_plot_save,roms_tools/tests/test_setup/test_boundary_forcing.py::test_boundary_forcing_data_consistency_plot_save,call,77.81,286.27
after_careful_mock,34,test_successful_initialization_with_regional_data[grid_that_straddles_dateline],roms_tools/tests/test_setup/test_surface_forcing.py::test_successful_initialization_with_regional_data[grid_that_straddles_dateline],call,2.87,286.27
after_careful_mock,34,test_initial_conditions_data_consistency_plot_save,roms_tools/tests/test_setup/test_initial_conditions.py::test_initial_conditions_data_consistency_plot_save,setup,1.78,286.27
after_careful_mock,34,test_bgc_boundary_forcing_data_consistency_plot_save,roms_tools/tests/test_setup/test_boundary_forcing.py::test_bgc_boundary_forcing_data_consistency_plot_save,setup,1.56,286.27
after_careful_mock,34,test_boundary_forcing_data_consistency_plot_save,roms_tools/tests/test_setup/test_boundary_forcing.py::test_boundary_forcing_data_consistency_plot_save,setup,0.44,286.27
after_careful_mock,35,test_initial_conditions_data_consistency_plot_save,roms_tools/tests/test_setup/test_initial_conditions.py::test_initial_conditions_data_consistency_plot_save,call,110.6,288.06
after_careful_mock,35,test_bgc_boundary_forcing_data_consistency_plot_save,roms_tools/tests/test_setup/test_boundary_forcing.py::test_bgc_boundary_forcing_data_consistency_plot_save,call,85.86,288.06
after_careful_mock,35,test_boundary_forcing_data_consistency_plot_save,roms_tools/tests/test_setup/test_boundary_forcing.py::test_boundary_forcing_data_consistency_plot_save,call,77.82,288.06
after_careful_mock,35,test_initial_conditions_data_consistency_plot_save,roms_tools/tests/test_setup/test_initial_conditions.py::test_initial_conditions_data_consistency_plot_save,setup,7.87,288.06
after_careful_mock,35,test_successful_initialization_with_regional_data[grid_that_straddles_dateline],roms_tools/tests/test_setup/test_surface_forcing.py::test_successful_initialization_with_regional_data[grid_that_straddles_dateline],call,2.86,288.06
after_careful_mock,35,test_bgc_boundary_forcing_data_consistency_plot_save,roms_tools/tests/test_setup/test_boundary_forcing.py::test_bgc_boundary_forcing_data_consistency_plot_save,setup,1.6,288.06
after_careful_mock,35,test_boundary_forcing_data_consistency_plot_save,roms_tools/tests/test_setup/test_boundary_forcing.py::test_boundary_forcing_data_consistency_plot_save,setup,0.45,288.06
after_careful_mock,36,test_initial_conditions_data_consistency_plot_save,roms_tools/tests/test_setup/test_initial_conditions.py::test_initial_conditions_data_consistency_plot_save,call,111.17,284.15
after_careful_mock,36,test_bgc_boundary_forcing_data_consistency_plot_save,roms_tools/tests/test_setup/test_boundary_forcing.py::test_bgc_boundary_forcing_data_consistency_plot_save,call,87.64,284.15
after_careful_mock,36,test_boundary_forcing_data_consistency_plot_save,roms_tools/tests/test_setup/test_boundary_forcing.py::test_boundary_forcing_data_consistency_plot_save,call,77.76,284.15
after_careful_mock,36,test_successful_initialization_with_regional_data[grid_that_straddles_dateline],roms_tools/tests/test_setup/test_surface_forcing.py::test_successful_initialization_with_regional_data[grid_that_straddles_dateline],call,2.86,284.15
after_careful_mock,36,test_initial_conditions_data_consistency_plot_save,roms_tools/tests/test_setup/test_initial_conditions.py::test_initial_conditions_data_consistency_plot_save,setup,1.77,284.15
after_careful_mock,36,test_bgc_boundary_forcing_data_consistency_plot_save,roms_tools/tests/test_setup/test_boundary_forcing.py::test_bgc_boundary_forcing_data_consistency_plot_save,setup,1.55,284.15
after_careful_mock,36,test_boundary_forcing_data_consistency_plot_save,roms_tools/tests/test_setup/test_boundary_forcing.py::test_boundary_forcing_data_consistency_plot_save,setup,0.43,284.15
after_careful_mock,37,test_initial_conditions_data_consistency_plot_save,roms_tools/tests/test_setup/test_initial_conditions.py::test_initial_conditions_data_consistency_plot_save,call,110.38,287.75
after_careful_mock,37,test_bgc_boundary_forcing_data_consistency_plot_save,roms_tools/tests/test_setup/test_boundary_forcing.py::test_bgc_boundary_forcing_data_consistency_plot_save,call,85.75,287.75
after_careful_mock,37,test_boundary_forcing_data_consistency_plot_save,roms_tools/tests/test_setup/test_boundary_forcing.py::test_boundary_forcing_data_consistency_plot_save,call,77.92,287.75
after_careful_mock,37,test_initial_conditions_data_consistency_plot_save,roms_tools/tests/test_setup/test_initial_conditions.py::test_initial_conditions_data_consistency_plot_save,setup,7.8,287.75
after_careful_mock,37,test_successful_initialization_with_regional_data[grid_that_straddles_dateline],roms_tools/tests/test_setup/test_surface_forcing.py::test_successful_initialization_with_regional_data[grid_that_straddles_dateline],call,2.87,287.75
after_careful_mock,37,test_bgc_boundary_forcing_data_consistency_plot_save,roms_tools/tests/test_setup/test_boundary_forcing.py::test_bgc_boundary_forcing_data_consistency_plot_save,setup,1.62,287.75
after_careful_mock,37,test_boundary_forcing_data_consistency_plot_save,roms_tools/tests/test_setup/test_boundary_forcing.py::test_boundary_forcing_data_consistency_plot_save,setup,0.43,287.75
after_careful_mock,38,test_initial_conditions_data_consistency_plot_save,roms_tools/tests/test_setup/test_initial_conditions.py::test_initial_conditions_data_consistency_plot_save,call,110.28,287.31
after_careful_mock,38,test_bgc_boundary_forcing_data_consistency_plot_save,roms_tools/tests/test_setup/test_boundary_forcing.py::test_bgc_boundary_forcing_data_consistency_plot_save,call,85.76,287.31
after_careful_mock,38,test_boundary_forcing_data_consistency_plot_save,roms_tools/tests/test_setup/test_boundary_forcing.py::test_boundary_forcing_data_consistency_plot_save,call,77.56,287.31
after_careful_mock,38,test_initial_conditions_data_consistency_plot_save,roms_tools/tests/test_setup/test_initial_conditions.py::test_initial_conditions_data_consistency_plot_save,setup,7.83,287.31
after_careful_mock,38,test_successful_initialization_with_regional_data[grid_that_straddles_dateline],roms_tools/tests/test_setup/test_surface_forcing.py::test_successful_initialization_with_regional_data[grid_that_straddles_dateline],call,2.84,287.31
after_careful_mock,38,test_bgc_boundary_forcing_data_consistency_plot_save,roms_tools/tests/test_setup/test_boundary_forcing.py::test_bgc_boundary_forcing_data_consistency_plot_save,setup,1.61,287.31
after_careful_mock,38,test_boundary_forcing_data_consistency_plot_save,roms_tools/tests/test_setup/test_boundary_forcing.py::test_boundary_forcing_data_consistency_plot_save,setup,0.44,287.31
after_careful_mock,39,test_initial_conditions_data_consistency_plot_save,roms_tools/tests/test_setup/test_initial_conditions.py::test_initial_conditions_data_consistency_plot_save,call,110.36,287.13
after_careful_mock,39,test_bgc_boundary_forcing_data_consistency_plot_save,roms_tools/tests/test_setup/test_boundary_forcing.py::test_bgc_boundary_forcing_data_consistency_plot_save,call,85.48,287.13
after_careful_mock,39,test_boundary_forcing_data_consistency_plot_save,roms_tools/tests/test_setup/test_boundary_forcing.py::test_boundary_forcing_data_consistency_plot_save,call,77.62,287.13
after_careful_mock,39,test_initial_conditions_data_consistency_plot_save,roms_tools/tests/test_setup/test_initial_conditions.py::test_initial_conditions_data_consistency_plot_save,setup,7.78,287.13
after_careful_mock,39,test_successful_initialization_with_regional_data[grid_that_straddles_dateline],roms_tools/tests/test_setup/test_surface_forcing.py::test_successful_initialization_with_regional_data[grid_that_straddles_dateline],call,2.86,287.13
after_careful_mock,39,test_bgc_boundary_forcing_data_consistency_plot_save,roms_tools/tests/test_setup/test_boundary_forcing.py::test_bgc_boundary_forcing_data_consistency_plot_save,setup,1.62,287.13
after_careful_mock,39,test_boundary_forcing_data_consistency_plot_save,roms_tools/tests/test_setup/test_boundary_forcing.py::test_boundary_forcing_data_consistency_plot_save,setup,0.44,287.13
after_careful_mock,40,test_initial_conditions_data_consistency_plot_save,roms_tools/tests/test_setup/test_initial_conditions.py::test_initial_conditions_data_consistency_plot_save,call,111.29,287.83
after_careful_mock,40,test_bgc_boundary_forcing_data_consistency_plot_save,roms_tools/tests/test_setup/test_boundary_forcing.py::test_bgc_boundary_forcing_data_consistency_plot_save,call,85.57,287.83
after_careful_mock,40,test_boundary_forcing_data_consistency_plot_save,roms_tools/tests/test_setup/test_boundary_forcing.py::test_boundary_forcing_data_consistency_plot_save,call,83.35,287.83
after_careful_mock,40,test_successful_initialization_with_regional_data[grid_that_straddles_dateline],roms_tools/tests/test_setup/test_surface_forcing.py::test_successful_initialization_with_regional_data[grid_that_straddles_dateline],call,2.88,287.83
after_careful_mock,40,test_initial_conditions_data_consistency_plot_save,roms_tools/tests/test_setup/test_initial_conditions.py::test_initial_conditions_data_consistency_plot_save,setup,1.72,287.83
after_careful_mock,40,test_bgc_boundary_forcing_data_consistency_plot_save,roms_tools/tests/test_setup/test_boundary_forcing.py::test_bgc_boundary_forcing_data_consistency_plot_save,setup,1.41,287.83
after_careful_mock,40,test_boundary_forcing_data_consistency_plot_save,roms_tools/tests/test_setup/test_boundary_forcing.py::test_boundary_forcing_data_consistency_plot_save,setup,0.64,287.83
